name,price,image,airflow,color,noise_level,pwm,rpm,size,rating
Lian Li Uni Fan SL-Infinity 3-Pack,60.46,https://cdna.pcpartpicker.com/static/forever/images/product/6e924f68ceb41087f42d587ae5f524a5.256p.jpg,0 - 61.3 CFM,Black,0 - 29 dB,Yes,,120 mm,4.5
ARCTIC P12 Pro PST 5-Pack,25.99,,77 CFM,Black,,Yes,600 - 3000 RPM,120 mm,4.5
Corsair RS120 ARGB 3-Pack,33.99,https://cdna.pcpartpicker.com/static/forever/images/product/d42ad252447db33db476f5c3b98450d5.256p.jpg,13.3 - 72.8 CFM,Black,10 - 36 dB,Yes,420 - 2100 RPM,120 mm,4
Noctua NF-A12x25 PWM chromax.black.swap,29.99,,60.09 CFM,Black,22.6 dB,Yes,450 - 2000 RPM,120 mm,4.5
ARCTIC P12 Pro,6.95,,77 CFM,Black,,Yes,600 - 3000 RPM,120 mm,5
Noctua NF-A12x25 G2 PWM Sx2-PP chromax.black 2-Pack,56.95,,0 - 63.15 CFM,Black,0 - 22.5 dB,Yes,,120 mm,0
Lian Li Uni Fan SL-Infinity,25.99,https://cdna.pcpartpicker.com/static/forever/images/product/9affdb4ef64ed18ff87ada4c3c0b043d.256p.jpg,0 - 61.3 CFM,Black,0 - 29 dB,Yes,,120 mm,4.5
Noctua NF-A14x25 G2 PWM Sx2-PP chromax.black 2-Pack,66.9,https://cdna.pcpartpicker.com/static/forever/images/product/102bdf7cab8ab9f6e259c17833bbbde6.256p.jpg,0 - 91.58 CFM,Black,0 - 24.8 dB,Yes,,140 mm,5
Thermalright TL-C12C X3 3-Pack,,,66.17 CFM,Black,25.6 dB,Yes,1550 RPM,120 mm,4.5
Thermalright TL-C12C-S X3 3-Pack,,,66.17 CFM,Black,25.6 dB,Yes,1550 RPM,120 mm,4.5
Noctua NF-A12x25 G2 PWM Sx2-PP 2-Pack,54.9,https://cdna.pcpartpicker.com/static/forever/images/product/fc3f3932fcc1a9f3f4dc39c399eabbaf.256p.jpg,51.32 - 63.15 CFM,Brown,18.1 - 22.5 dB,Yes,1500 - 1800 RPM,120 mm,5
ARCTIC P12 Pro Reverse A-RGB 3-Pack,27.99,https://cdna.pcpartpicker.com/static/forever/images/product/ae83de5b6ddfcadc1e20c540a32af810.256p.jpg,73 CFM,White,,Yes,500 - 3000 RPM,120 mm,5
Thermaltake Riing Trio 14 RGB TT Premium Edition 3-Pack,,,60.68 CFM,Black,26.5 dB,Yes,500 - 1400 RPM,140 mm,0
Lian Li UNI FAN SL Wireless 120 Reverse Blade 3-Pack,76.94,https://cdna.pcpartpicker.com/static/forever/images/product/19ebb17240352499a7ac7fff20f5eff7.256p.jpg,64 CFM,White,31 dB,Yes,400 - 2000 RPM,120 mm,5
Corsair RS120 ARGB,14.99,https://cdna.pcpartpicker.com/static/forever/images/product/6bf1b1f2cf99e974f0997bd61b1192ef.256p.jpg,13.3 - 72.8 CFM,Black,10 - 36 dB,Yes,420 - 2100 RPM,120 mm,4.5
Lian Li UNI FAN TL Wireless 3-Pack,65.47,https://cdna.pcpartpicker.com/static/forever/images/product/a27d9acbd535b84a156361f061a44455.256p.jpg,90.1 CFM,Black,33 dB,Yes,200 - 2600 RPM,120 mm,5
ARCTIC P12 Pro PST,6.95,https://cdna.pcpartpicker.com/static/forever/images/product/36500a192773ea2f8d39967b91637ab0.256p.jpg,77 CFM,Black,,Yes,600 - 3000 RPM,120 mm,4.5
ARCTIC P12 Pro Reverse 3-Pack,17.99,https://cdna.pcpartpicker.com/static/forever/images/product/5913a7cb595111b9c89fc78d342d6a83.256p.jpg,73 CFM,Black,,Yes,500 - 3000 RPM,120 mm,5
Noctua NF-A12x25 G2 PWM chromax.black,30.95,https://cdna.pcpartpicker.com/static/forever/images/product/cba3d049d29733d03fd6ef7f42d24bf3.256p.jpg,0 - 63.15 CFM,Black,0 - 22.5 dB,Yes,,120 mm,0
be quiet! Silent Wings Pro 4,27.95,https://cdna.pcpartpicker.com/static/forever/images/product/d248ce6224e70d4417a8a4b64e5f2802.256p.jpg,83.9 CFM,Black,36.9 dB,Yes,3000 RPM,120 mm,4.5
Corsair iCUE LINK LX120-R RGB 3-Pack,78.73,https://cdna.pcpartpicker.com/static/forever/images/product/6d939181e333f97343f9f931109ad462.256p.jpg,70 CFM,Black,35.1 dB,Yes,2400 RPM,120 mm,5
Noctua NF-A14x25 G2 PWM Sx2-PP 2-Pack,63.9,https://cdna.pcpartpicker.com/static/forever/images/product/ee0e7e17d830be648e7ea552b98a176b.256p.jpg,74.8 - 91.6 CFM,Brown,19.7 - 24.8 dB,Yes,1250 - 1500 RPM,140 mm,4.5
Lian Li UNI FAN TL LCD Wireless 3-Pack,129.94,https://cdna.pcpartpicker.com/static/forever/images/product/83574b242391d8fecb8d85fc38c69e91.256p.jpg,54.3 CFM,Black,31 dB,Yes,350 - 1900 RPM,120 mm,4.5
Asiahorse Nyota 3-Pack,,,61.5 CFM,Black,,Yes,800 - 2000 RPM,120 mm,4
Corsair RS120 3-Pack,19.99,https://cdna.pcpartpicker.com/static/forever/images/product/cb33b4ff7749064aafb53d3631154c9d.256p.jpg,13.3 - 72.8 CFM,Black,10 - 36 dB,Yes,420 - 2100 RPM,120 mm,4.5
Noctua NF-A12x25 G2 PWM,29.9,https://cdna.pcpartpicker.com/static/forever/images/product/99395a4b7b386f47fef34344d872819c.256p.jpg,51.32 - 63.15 CFM,Brown,18.1 - 22.5 dB,Yes,1500 - 1800 RPM,120 mm,5
ARCTIC P14 Pro PST,9.49,https://cdna.pcpartpicker.com/static/forever/images/product/c630ab6dd2c3dd04131932691a4a3d5c.256p.jpg,110 CFM,White,,Yes,400 - 2499 RPM,140 mm,4
ARCTIC P12 Pro A-RGB,10.99,https://cdna.pcpartpicker.com/static/forever/images/product/7b2932f98a20d2624278ea61ecf35d51.256p.jpg,77 CFM,Black,,Yes,600 - 3000 RPM,120 mm,4.5
ARCTIC P12 Pro A-RGB 3-Pack,24.99,https://cdna.pcpartpicker.com/static/forever/images/product/ac31035551179cb15e93181b7f83b2e5.256p.jpg,77 CFM,Black,,Yes,600 - 3000 RPM,120 mm,5
Thermalright TL-M12Q-S X3 3-Pack,21.16,https://cdna.pcpartpicker.com/static/forever/images/product/27210d1a2829c241c4f8ca8ef5e4dfd1.256p.jpg,68.9 CFM,Black,28.2 dB,Yes,2000 RPM,120 mm,5
Noctua P12 redux-1700 PWM,12.95,,70.75 CFM,Gray,25.1 dB,Yes,450 - 1700 RPM,120 mm,4.5
Noctua NF-A14x25 G2 PWM chromax.black,40.47,https://cdna.pcpartpicker.com/static/forever/images/product/cdde8d152883b33ab43da9f3c3defb41.256p.jpg,0 - 91.58 CFM,Black,0 - 24.8 dB,Yes,,140 mm,5
Corsair iCUE LINK RX120 3-Pack,55.9,https://cdna.pcpartpicker.com/static/forever/images/product/9e83ce400f4af8c001fb031c252fde6f.256p.jpg,10.5 - 74.2 CFM,Black / White,10 - 36 dB,No,2100 RPM,120 mm,4
Thermalright TL-C12C-S,,https://cdna.pcpartpicker.com/static/forever/images/product/af6e68e6a9c0f9803e9c8cf7b0eb82a3.256p.jpg,66.17 CFM,Black,25.6 dB,Yes,1550 RPM,120 mm,4
Thermalright TL-C12CW-S X3 3-Pack,,,66.17 CFM,White,25.6 dB,Yes,1550 RPM,120 mm,4.5
Corsair iCUE LINK LX120 RGB Starter Kit 3-Pack,99.95,https://cdna.pcpartpicker.com/static/forever/images/product/4289ddce095f6004a6e3cbb06083823b.256p.jpg,9.75 - 69.9 CFM,Black,10 - 36 dB,Yes,400 - 2400 RPM,120 mm,4.5
Thermalright TL-C12C X5 5-Pack,,,66.17 CFM,Black,25.6 dB,Yes,1550 RPM,120 mm,4.5
Corsair iCUE LINK QX120 RGB Starter Kit 3-Pack,68.98,https://cdna.pcpartpicker.com/static/forever/images/product/022030846fd2908c85e111d037e80508.256p.jpg,16.44 - 63.1 CFM,Black,,Yes,480 - 2400 RPM,120 mm,4
ARCTIC P12 Slim PWM PST 3-Pack,,https://cdna.pcpartpicker.com/static/forever/images/product/af14c991bf13b2d8e78b00bb6a53327d.256p.jpg,42.1 CFM,Black,22.5 dB,Yes,300 - 2100 RPM,120 mm,4.5
ARCTIC P14 Pro PST 5-Pack,27.49,,110 CFM,Black,,Yes,400 - 2500 RPM,140 mm,4.5
Noctua A14 industrialPPC-3000 PWM,28.99,,158.5 CFM,Brown / Black,41.3 dB,Yes,800 - 3000 RPM,140 mm,4.5
Noctua A12x15 PWM chromax.black.swap,23.95,https://cdna.pcpartpicker.com/static/forever/images/product/728bbf66c191e0bb6efc51465589ca00.256p.jpg,55.44 CFM,Black / Multicolor,23.9 dB,Yes,450 - 1850 RPM,120 mm,4.5
Noctua F12 industrialPPC-3000 PWM,26.95,,109.89 CFM,Brown / Black,43.5 dB,Yes,750 - 3000 RPM,120 mm,4.5
Noctua NF-A14x25 G2 PWM,32.99,https://cdna.pcpartpicker.com/static/forever/images/product/b08ce15bc863d94f449517da25a7df48.256p.jpg,74.8 - 91.6 CFM,Brown,19.7 - 24.8 dB,Yes,1250 - 1500 RPM,140 mm,4.5
Corsair RS120-R 3-Pack,28.34,https://cdna.pcpartpicker.com/static/forever/images/product/82573a109a4cbdb97e3a4ff228b22d04.256p.jpg,13.33 - 65.82 CFM,Black,10 - 34.6 dB,Yes,420 - 2100 RPM,120 mm,4
Thermalright TL-C12C-S X5 5-Pack,22.5,,66.17 CFM,Black,25.6 dB,Yes,1550 RPM,120 mm,4
Noctua A12x15 PWM,21.95,,41.67 - 55.44 CFM,Brown,16.8 - 23.9 dB,Yes,450 - 1850 RPM,120 mm,4.5
be quiet! Pure Wings 3,11.99,https://cdna.pcpartpicker.com/static/forever/images/product/b28130a638657a490849c499b4967907.256p.jpg,49.9 CFM,Black,25.5 dB,Yes,1600 RPM,120 mm,4.5
Thermalright TL-M12R,,,42.6 CFM,Black,23.2 dB,Yes,1500 RPM,120 mm,4.5
Lian Li UNI FAN SL-INF Wireless 3-Pack,79.99,https://cdna.pcpartpicker.com/static/forever/images/product/3e5e73e7f0832e7c69c1f5a9b9a0f386.256p.jpg,69.7 CFM,White,32.2 dB,Yes,200 - 2200 RPM,120 mm,5
Thermalright TL-C12RB-S V2,7,,58 CFM,Black / White,25.6 dB,Yes,1500 RPM,120 mm,4.5
NZXT F120 RGB Core,17.47,https://cdna.pcpartpicker.com/static/forever/images/product/d3b7eba12fff50eab9f50e3a097d7b86.256p.jpg,78.86 CFM,Black,33.88 dB,Yes,500 - 1800 RPM,120 mm,4
Lian Li UNI FAN SL Wireless 3-Pack,59.95,https://cdna.pcpartpicker.com/static/forever/images/product/1c2e20edd0898dfa1d70f1621d91f878.256p.jpg,64.05 CFM,Black,28.5 dB,Yes,400 - 2000 RPM,120 mm,4
Noctua A14 PWM chromax.black.swap,26.95,,82.52 CFM,Multicolor,24.6 dB,Yes,300 - 1500 RPM,140 mm,4.5
ARCTIC P12 PWM PST,,https://cdna.pcpartpicker.com/static/forever/images/product/db1d3003e483e6f57fd4d886f48c3a03.256p.jpg,56.3 CFM,Black,,Yes,200 - 1800 RPM,120 mm,4.5
ARCTIC P12 Slim PWM PST,5.99,https://cdna.pcpartpicker.com/static/forever/images/product/585539606f3c6e915473368a8855c26a.256p.jpg,41.1 CFM,Black,22.5 dB,Yes,300 - 2100 RPM,120 mm,4.5
Phanteks T30-120,25.99,https://cdna.pcpartpicker.com/static/forever/images/product/8c344cdb49ed49922789f78b1c9bac98.256p.jpg,0 - 101 CFM,Black,0 - 39.7 dB,Yes,,120 mm,4.5
Corsair RS120,9.95,https://cdna.pcpartpicker.com/static/forever/images/product/1bfd7cf44d0aec51971c7cb5282c78f6.256p.jpg,13.3 - 72.8 CFM,Black,10 - 36 dB,Yes,420 - 2100 RPM,120 mm,4.5
Noctua A8 PWM,16.95,,25.84 - 32.66 CFM,Brown,13.8 - 17.7 dB,Yes,450 - 2200 RPM,80 mm,4.5
Noctua A9x14 HS-PWM chromax.Black.swap,18.95,,33.84 CFM,Black / Multicolor,23.6 dB,Yes,600 - 2500 RPM,92 mm,4.5
Thermalright TL-M12QR X3 3-Pack,,https://cdna.pcpartpicker.com/static/forever/images/product/9a69944dfdcfad225c766600dfd82b59.256p.jpg,47.6 CFM,Black,23.2 dB,Yes,1500 RPM,120 mm,4.5
Phanteks M25G2-120 D-RGB Reverse 3-Pack,25.99,https://cdna.pcpartpicker.com/static/forever/images/product/0046c2d734c1d6351e091b207daaf00f.256p.jpg,73.69 CFM,Black,39.28 dB,Yes,350 - 2000 RPM,120 mm,4
Lian Li UNI FAN CL Wireless 3-Pack,34.99,https://cdna.pcpartpicker.com/static/forever/images/product/ac806547023b0bc7ebf4a5e03ae9946f.256p.jpg,72.3 CFM,Black,30.8 dB,Yes,250 - 2100 RPM,120 mm,5
ARCTIC P14 Pro A-RGB,17.99,,110 CFM,Black,,Yes,400 - 2500 RPM,140 mm,4.5
Thermalright TL-S12 X3 3-Pack,20.59,,47.6 CFM,Black,23.2 dB,Yes,1500 RPM,120 mm,4.5
Thermalright TL-C14C,,,75.8 CFM,Black,26.4 dB,Yes,1500 RPM,140 mm,4.5
ARCTIC P12 Pro Reverse,8.77,https://cdna.pcpartpicker.com/static/forever/images/product/f3dd497766467409f3d505e7433364b8.256p.jpg,73 CFM,Black,,Yes,500 - 3000 RPM,120 mm,0
Noctua A12x25 PWM,28.95,https://cdna.pcpartpicker.com/static/forever/images/product/0678f7edda3cb1ccb18c4ae46ae94dce.256p.jpg,49.73 - 60.1 CFM,Brown,18.8 - 22.6 dB,Yes,450 - 2000 RPM,120 mm,4.5
ARCTIC P12 Pro Reverse A-RGB,10.99,https://cdna.pcpartpicker.com/static/forever/images/product/5948ebdbbc5d7cfb25a8c0b1aa8986de.256p.jpg,73 CFM,Black,,Yes,500 - 3000 RPM,120 mm,5
Noctua A14 PWM,24.95,,68 - 82.5 CFM,Brown,19.2 - 24.6 dB,Yes,300 - 1500 RPM,140 mm,4.5
be quiet! Pure Wings 3 PWM 3-Pack,21.95,https://cdna.pcpartpicker.com/static/forever/images/product/1d13716e108f2e92d2d0632388a0a3eb.256p.jpg,47.1 CFM,Black,28.5 dB,Yes,1500 RPM,120 mm,0
Thermalright TL-S12RW X3 3-Pack,25.91,,47.6 CFM,White,23.2 dB,Yes,1500 RPM,120 mm,4.5
Thermalright TL-C14C-S,,,75.8 CFM,Black,26.4 dB,Yes,1500 RPM,140 mm,4.5
Thermalright TL-C12CW-S,,https://cdna.pcpartpicker.com/static/forever/images/product/4c80947e5728d77b511f428c5b6af738.256p.jpg,66.17 CFM,White,25.6 dB,Yes,1550 RPM,120 mm,4.5
be quiet! Silent Wings 4,21.95,https://cdna.pcpartpicker.com/static/forever/images/product/29f0237ef9e955fc60133b4ed4ccdf90.256p.jpg,51.3 CFM,Black,13.6 dB,Yes,1100 RPM,140 mm,5
ARCTIC P14 Pro Reverse A-RGB 3-Pack,30.95,,98 CFM,Black,,Yes,400 - 2650 RPM,140 mm,4
NZXT F120Q (2024),17.48,https://cdna.pcpartpicker.com/static/forever/images/product/61cdf469b35dce9132380aa21e5bf19b.256p.jpg,74.26 CFM,Black,25.1 dB,Yes,500 - 1700 RPM,120 mm,4
Asiahorse Nyota,,,61.5 CFM,Black,,Yes,800 - 2000 RPM,120 mm,4.5
Phanteks T30-120 3-Pack,69.95,https://cdna.pcpartpicker.com/static/forever/images/product/8bb52c1eb6f11b4eedf9846f3caad8e1.256p.jpg,0 - 101 CFM,Black,0 - 39.7 dB,Yes,,120 mm,4.5
Noctua P14s redux-1500 PWM,15.95,https://cdna.pcpartpicker.com/static/forever/images/product/4cbe58187d79db69c868c79b9e68a066.256p.jpg,78.69 CFM,Black / Gray,25.8 dB,Yes,450 - 1500 RPM,140 mm,4.5
Noctua A20 PWM chromax.black.swap,,https://cdna.pcpartpicker.com/static/forever/images/product/2e83c453181beaa60c418b8fd36eede8.256p.jpg,86.46 CFM,Black / Multicolor,18.1 dB,Yes,350 - 800 RPM,200 mm,5
Thermalright TL-M12R-S,,,47.6 CFM,Black,23.2 dB,Yes,1500 RPM,120 mm,4.5
ARCTIC P12 PST 5-Pack,58.57,https://cdna.pcpartpicker.com/static/forever/images/product/9e64d0503bfd4cd6bcf7f259b0e664cf.256p.jpg,56.3 CFM,Black,22.5 dB,Yes,200 - 1800 RPM,120 mm,4.5
Phanteks M25G2-120 D-RGB 3-Pack,25.99,https://cdna.pcpartpicker.com/static/forever/images/product/0046c2d734c1d6351e091b207daaf00f.256p.jpg,72.72 CFM,Black,35.13 dB,Yes,350 - 2000 RPM,120 mm,4.5
Enermax SquA RGB 3-Pack,277.49,https://cdna.pcpartpicker.com/static/forever/images/product/b776fa03bdae548c7b2709be03194fe7.256p.jpg,24.53 - 68.27 CFM,Black,12 - 23 dB,Yes,300 - 1500 RPM,120 mm,4.5
Thermalright TL-M12QW-S X3 3-Pack,21.24,https://cdna.pcpartpicker.com/static/forever/images/product/97e0887ae66156c5efa81649efede628.256p.jpg,68.9 CFM,White,28.2 dB,Yes,2000 RPM,120 mm,0
Thermalright TL-M12,,,47.6 CFM,Black,23.2 dB,Yes,1500 RPM,120 mm,5
ARCTIC P14 Pro Reverse,6.95,https://cdna.pcpartpicker.com/static/forever/images/product/cf1dd149118c001b4080037607b4293f.256p.jpg,98 CFM,Black,,Yes,400 - 2650 RPM,140 mm,0
Thermalright TL-C12CW-S X5 5-Pack,,,66.17 CFM,White,25.6 dB,Yes,1550 RPM,120 mm,4
Asus ROG STRIX XF,,https://cdna.pcpartpicker.com/static/forever/images/product/5367609ba2ba991fea41ef5f5c6010cc.256p.jpg,62.5 CFM,Black,22.5 dB,Yes,1800 RPM,120 mm,4.5
Phanteks D30-120 Reversed 3-Pack,77.98,https://cdna.pcpartpicker.com/static/forever/images/product/a2442a0a35374d7415c70aafbc9d0d88.256p.jpg,61.5 CFM,Black,31.8 dB,Yes,250 - 2000 RPM,120 mm,4.5
Lian Li UNI FAN TL LCD 120 Reverse Blade 3-Pack,,https://cdna.pcpartpicker.com/static/forever/images/product/696db95601c70fe340bcf0387a198dcc.256p.jpg,83.4 CFM,Black,34 dB,Yes,,120 mm,4.5
ARCTIC P12 Pro PST LN 5-Pack,24.99,https://cdna.pcpartpicker.com/static/forever/images/product/bd5e7532a0b7e04a9b0087064aeca05f.256p.jpg,49 CFM,Black,,Yes,450 - 2000 RPM,120 mm,4
ARCTIC P14 Pro Reverse 3-Pack,19.99,https://cdna.pcpartpicker.com/static/forever/images/product/d1862a32d4f861ec26a9c879abe612ee.256p.jpg,98 CFM,Black,,Yes,400 - 2650 RPM,140 mm,0
be quiet! Light Wings LX 3-Pack,38.94,https://cdna.pcpartpicker.com/static/forever/images/product/334ac229fc80499d3121cf51f953029a.256p.jpg,61.8 CFM,Black,30.9 dB,Yes,2100 RPM,120 mm,5
ARCTIC S12038-8K 3-Pack,35.47,,220 CFM,Black,,Yes,800 - 8000 RPM,120 mm,5
NZXT FZ,,,59.1 CFM,Clear,26.8 dB,No,1200 RPM,120 mm,5
Corsair iCUE LINK QX140 RGB Starter Kit 2-Pack,52.99,https://cdna.pcpartpicker.com/static/forever/images/product/2bb0d86bb070e6b864aeebabb5d6b42d.256p.jpg,12.1 - 82.5 CFM,Black,,Yes,400 - 2000 RPM,140 mm,4
Corsair RS140 ARGB,18.95,https://cdna.pcpartpicker.com/static/forever/images/product/28fb2efdef67bca916753b0442fe0a06.256p.jpg,14.6 - 95.5 CFM,Black,10 - 36 dB,Yes,330 - 1700 RPM,140 mm,5
Asus TUF Gaming TR120 ARGB 3-Pack,43.99,https://cdna.pcpartpicker.com/static/forever/images/product/bcbf23d68c3de917c0eb50cf2e162b46.256p.jpg,77.4 CFM,Black,29 dB,Yes,2000 RPM,120 mm,5
Lian Li UNI FAN TL FLEX,,https://cdna.pcpartpicker.com/static/forever/images/product/fe9ef75dcf39df2f5b558594c2ce049d.256p.jpg,90.1 CFM,Black,33 dB,Yes,200 - 2600 RPM,120 mm,0
Thermalright TL-S12-S X3 3-Pack,16.37,,47.6 CFM,Black,23 - 23.2 dB,Yes,1500 RPM,120 mm,3.5
BGears b-Blaster,70.26,https://cdna.pcpartpicker.com/static/forever/images/product/c7a2aa88cdeb6dbe80118c492a52d141.256p.jpg,308 CFM,Black,70 dB,No,5200 RPM,140 mm,0
NZXT F120 RGB 3-Pack,25.9,https://cdna.pcpartpicker.com/static/forever/images/product/667a9697bee4ef013405d1c4550f2a16.256p.jpg,13.94 - 50.18 CFM,White,17.2 - 27.5 dB,Yes,500 - 1800 RPM,120 mm,4.5
ARCTIC P12 Silent,4.99,https://cdna.pcpartpicker.com/static/forever/images/product/26033541043d539ea2de7cdeb31208e5.256p.jpg,24.1 CFM,Black,,No,1050 RPM,120 mm,4.5
be quiet! Light Wings PWM high-speed 3-Pack,42.9,https://cdna.pcpartpicker.com/static/forever/images/product/4ae9ee05e9d1f1022f1c2a548a9f2244.256p.jpg,52.3 CFM,Black,31 dB,Yes,2500 RPM,120 mm,4.5
Lian Li UNI FAN TL FLEX 3-Pack,,https://cdna.pcpartpicker.com/static/forever/images/product/ff770028f49d3f51a474ae5b3aaa1cf7.256p.jpg,83.4 CFM,Black,34 dB,Yes,200 - 2300 RPM,120 mm,0
ARCTIC P12,5.99,https://cdna.pcpartpicker.com/static/forever/images/product/26033541043d539ea2de7cdeb31208e5.256p.jpg,56.3 CFM,Black,,No,1800 RPM,120 mm,4.5
ARCTIC P14 Pro,10.88,,110 CFM,Black,25 dB,Yes,400 - 2500 RPM,140 mm,0
Thermalright TL-M12QRW X3 3-Pack,,https://cdna.pcpartpicker.com/static/forever/images/product/b7898ed6bae539b9e00bc603766b4eb8.256p.jpg,47.6 CFM,White,23.2 dB,Yes,1500 RPM,120 mm,5
Lian Li UNI FAN SL V2 120 Reverse,,https://cdna.pcpartpicker.com/static/forever/images/product/f00eaf78eeb39a955822d953baa9b60d.256p.jpg,65.4 CFM,Black,32 dB,Yes,250 - 2000 RPM,120 mm,5
Thermalright TL-S12,,,47.6 CFM,Black,23.2 dB,Yes,1500 RPM,120 mm,4.5
Thermalright TL-M12QR-S X3 3-Pack,21.16,https://cdna.pcpartpicker.com/static/forever/images/product/30713cf4883553293b1ec606718332dd.256p.jpg,47.6 CFM,Black,23.2 dB,Yes,1500 RPM,120 mm,0
NZXT F120P (2024),17.48,https://cdna.pcpartpicker.com/static/forever/images/product/5f172d2a3dee2e85d63d389c98baa0a7.256p.jpg,73.47 CFM,Black,30 dB,Yes,500 - 2000 RPM,120 mm,4.5
be quiet! Pure Wings 3 PWM High-Speed 3-Pack,23.99,https://cdna.pcpartpicker.com/static/forever/images/product/145cff48fe34e309cac25f3a80f0aed3.256p.jpg,72.2 CFM,Black,30.5 dB,Yes,1800 RPM,140 mm,5
Thermalright TL-M12Q,,https://cdna.pcpartpicker.com/static/forever/images/product/ef43b2473686004d17c322083421985b.256p.jpg,68.9 CFM,Black,28.2 dB,Yes,2000 RPM,120 mm,4
DARKROCK F120 3-Pack,17.12,,,Black,,Yes,800 - 1600 RPM,120 mm,3.5
Fractal Design Momentum,19.99,https://cdna.pcpartpicker.com/static/forever/images/product/90ecf5cddaebd25db5b120727c4abb4d.256p.jpg,67.34 CFM,Black,31.3 dB,Yes,350 - 2200 RPM,120 mm,4
Noctua F12 industrialPPC-2000 IP67 PWM,30.95,,71.69 CFM,Brown / Black,29.7 dB,Yes,450 - 2000 RPM,120 mm,4.5
NZXT F140 RGB Core,16.61,,24.85 - 89.48 CFM,White,20 - 32.5 dB,Yes,500 - 1800 RPM,140 mm,4.5
be quiet! Light Wings LX,14.99,https://cdna.pcpartpicker.com/static/forever/images/product/c2b7146245af625597d4645ac094b91f.256p.jpg,48.8 CFM,Black,28.5 dB,Yes,1500 RPM,120 mm,5
Lian Li UNI FAN TL LCD FLEX,,https://cdna.pcpartpicker.com/static/forever/images/product/a1aa000c1ae6d5245f2c5fabcd7c5e0e.256p.jpg,66 CFM,Black,26 dB,Yes,350 - 1900 RPM,120 mm,0
Corsair iCUE LINK LX140-R RGB 2-Pack,73,https://cdna.pcpartpicker.com/static/forever/images/product/61d67eef0e9e18fa1a13d604f7305653.256p.jpg,90 CFM,Black,35.4 dB,Yes,2000 RPM,140 mm,5
Phanteks M25G2-120,4.99,https://cdna.pcpartpicker.com/static/forever/images/product/7aa34a3f9fe8f73bbcadd0bedc72a5ef.256p.jpg,72.72 CFM,Black,35.13 dB,Yes,350 - 2000 RPM,120 mm,4.5
Phanteks D30-120,25.99,https://cdna.pcpartpicker.com/static/forever/images/product/bafe79f2d8eb41c754cb9bfd1eeb0673.256p.jpg,64.3 CFM,Black,30.2 dB,Yes,250 - 2000 RPM,120 mm,4.5
DARKROCK BK3 3-Pack,20.84,,47.8 CFM,Black,32.1 dB,No,1200 RPM,120 mm,0
Thermalright TL-S12W,6.29,,47.6 CFM,White,23.2 dB,Yes,1500 RPM,120 mm,4.5
Thermalright TL-E12W-S V3,,,72.37 CFM,White,27.7 dB,Yes,2000 RPM,120 mm,5
Thermalright TL-M12QR,,,47.6 CFM,Black,23.2 dB,Yes,1500 RPM,120 mm,0
ARCTIC P12 5-Pack,18.94,https://cdna.pcpartpicker.com/static/forever/images/product/eaa12e42df4b0de6e4e6fb13480f4c5e.256p.jpg,56.3 CFM,Black,,No,1800 RPM,120 mm,4.5
Thermaltake CT120 EX Reverse ARGB Sync 3-Pack,58.8,https://cdna.pcpartpicker.com/static/forever/images/product/c2d0cfbfe8fb51a82c9e72dfede9c028.256p.jpg,65.82 CFM,Black,31.2 dB,Yes,500 - 2000 RPM,120 mm,5
ARCTIC P8 Max,11.99,https://cdna.pcpartpicker.com/static/forever/images/product/68f393ff83bf02a2ee31f05169bb783c.256p.jpg,40 CFM,Black,25.3 dB,Yes,500 - 5000 RPM,80 mm,3
Corsair RS140 2-Pack,30.46,https://cdna.pcpartpicker.com/static/forever/images/product/618632ad4d7dc67cd7331ed7f78d22cd.256p.jpg,14.6 - 95.5 CFM,Black,10 - 36 dB,Yes,330 - 1700 RPM,140 mm,3
Thermalright TL-C12C,6,,66.17 CFM,Black,25.6 dB,Yes,1550 RPM,120 mm,4.5
ARCTIC F12,4,https://cdna.pcpartpicker.com/static/forever/images/product/54a593a51545a46537cdbd24fad75231.256p.jpg,53 CFM,Black,22.5 dB,No,1350 RPM,120 mm,5
Montech RX120,10.47,https://cdna.pcpartpicker.com/static/forever/images/product/3121276562b9256673a3cbcf013ab3e9.256p.jpg,59 CFM,Black,27 dB,Yes,800 - 1600 RPM,120 mm,4.5
ARCTIC P14 Slim PWM PST,11.99,https://cdna.pcpartpicker.com/static/forever/images/product/34abd1b1efb76bebb56165484b799615.256p.jpg,52 CFM,Black,,Yes,150 - 1800 RPM,140 mm,5
ARCTIC P14 Pro A-RGB 3-Pack,34.99,,110 CFM,Black,,Yes,400 - 2500 RPM,140 mm,4
Thermalright TL-M12QW,,,68.9 CFM,White,28.2 dB,Yes,2000 RPM,120 mm,0
Phanteks M25G2-120 3-Pack,13.99,https://cdna.pcpartpicker.com/static/forever/images/product/7382a270385b53e4d2ae99b12a29ead4.256p.jpg,72.72 CFM,Black,35.13 dB,Yes,350 - 2000 RPM,120 mm,5
Thermalright TL-M12QRW-S X3 3-Pack,18.89,,47.6 CFM,White,23.2 dB,Yes,1500 RPM,120 mm,0
Noctua F12 PWM,24.94,,43.73 - 54.97 CFM,Brown,18.6 - 22.4 dB,Yes,300 - 1500 RPM,120 mm,4.5
Montech AX120,9.94,https://cdna.pcpartpicker.com/static/forever/images/product/82033a9279fc751a45c74f1d11ad0ceb.256p.jpg,59 CFM,Black,27 dB,Yes,800 - 1600 RPM,120 mm,5
Noctua R8 redux-1800 PWM,11.99,,31.37 CFM,Black / Gray,17.1 dB,Yes,325 - 1800 RPM,80 mm,4.5
Thermaltake Riing Quad 14 RGB Radiator TT Premium Edition 3-Pack,,https://cdna.pcpartpicker.com/static/forever/images/product/1eb86eab6e522e331386983a334205f4.256p.jpg,60.17 CFM,White,26.1 dB,Yes,500 - 1400 RPM,140 mm,0
Jonsbo ZA-120B,26.96,https://cdna.pcpartpicker.com/static/forever/images/product/6a769c33a0e3c9205edc5d28d5b44712.256p.jpg,21.46 - 62.4 CFM,Black,21.3 - 37.3 dB,Yes,700 - 2400 RPM,120 mm,5
Corsair iCUE LINK RX120 MAX RGB Starter Kit 3-Pack,91.19,https://cdna.pcpartpicker.com/static/forever/images/product/3965f89f55cc758a186c360ced3a04e6.256p.jpg,16.3 - 71.3 CFM,Black,10 - 29.5 dB,Yes,400 - 2000 RPM,120 mm,0
Asiahorse DAWN 3-Pack,,,71 CFM,Black,6 - 29 dB,Yes,900 - 1850 RPM,120 mm,5
ARCTIC S12038-8K,16.73,https://cdna.pcpartpicker.com/static/forever/images/product/abfd810a29c81ae0b41c8b3adc5b3915.256p.jpg,220 CFM,Black,,Yes,800 - 8000 RPM,120 mm,0
Thermalright TL-M12Q X3 3-Pack,,https://cdna.pcpartpicker.com/static/forever/images/product/ab3e71c52aa2f953de5b1a84de81959e.256p.jpg,68.9 CFM,Black,28.2 dB,Yes,2000 RPM,120 mm,4.5
Lian Li UNI FAN TL 120 Reverse Blade 3-Pack,,https://cdna.pcpartpicker.com/static/forever/images/product/77227dd2e817f86f4139d0300cff5d5f.256p.jpg,83.4 CFM,Black,34 dB,No,200 - 2300 RPM,120 mm,5
Lian Li UNI FAN SL Wireless LCD 3-Pack,79.99,https://cdna.pcpartpicker.com/static/forever/images/product/eb3a40e5f15060742f40f0f3e5d9d0d1.256p.jpg,51.45 CFM,Black,31 dB,Yes,350 - 1900 RPM,120 mm,3
Asus Prime MR120 ARGB 3-Pack,39.9,https://cdna.pcpartpicker.com/static/forever/images/product/07d28f6455fed11488f97358c0971fcf.256p.jpg,58 CFM,Black,21 dB,Yes,1600 RPM,120 mm,0
Corsair RS140 ARGB 2-Pack,17.94,https://cdna.pcpartpicker.com/static/forever/images/product/39d263f0df09d1e5b39d96aa0839470e.256p.jpg,14.6 - 95.5 CFM,Black,10 - 36 dB,Yes,330 - 1700 RPM,140 mm,0
Thermalright TL-H12-X28-S,,,80.45 CFM,Black,29.4 dB,Yes,2150 RPM,120 mm,0
Thermalright TL-C12W-S V3 X3 3-Pack,,,66.17 CFM,White,25.6 dB,Yes,1500 RPM,120 mm,4.5
Lian Li UNI FAN SL V2,43.68,https://cdna.pcpartpicker.com/static/forever/images/product/2b0d384a64d9351e3e3c54ca7f398274.256p.jpg,77.6 CFM,Black / Silver,29 dB,Yes,250 - 1600 RPM,140 mm,4.5
Noctua A4x20 PWM,13.95,https://cdna.pcpartpicker.com/static/forever/images/product/11baee4c4bdb02d58c0b311acad53c20.256p.jpg,4.89 - 5.53 CFM,Brown,12.2 - 14.9 dB,Yes,1200 - 5000 RPM,40 mm,5
Noctua A20 PWM,30.95,,59.33 - 86.46 CFM,Brown,10.7 - 18.1 dB,Yes,350 - 800 RPM,200 mm,4.5
Jonsbo ZB-120B,17.96,,20.95 - 65.26 CFM,Black,20.3 - 36.6 dB,Yes,700 - 2400 RPM,120 mm,0
Corsair iCUE LINK RX140 2-Pack,55.97,https://cdna.pcpartpicker.com/static/forever/images/product/d24c42eed3230bb8350a883a3fbedff6.256p.jpg,18.1 - 95.7 CFM,Black / White,10 - 36 dB,No,1700 RPM,140 mm,5
Noctua A9 PWM,17.95,,36.84 - 46.44 CFM,Brown,16.3 - 22.8 dB,Yes,400 - 2000 RPM,92 mm,4.5
Thermalright TL-M12QRW,16.98,,47.6 CFM,White,23.2 dB,Yes,1500 RPM,120 mm,0
Thermalright TL-M12-S,,,47.6 CFM,Black,23.2 dB,Yes,1500 RPM,120 mm,4.5
Noctua F12 PWM chromax.black.swap,24.95,https://cdna.pcpartpicker.com/static/forever/images/product/87a8577828f0ab07410d5039b0a284a9.256p.jpg,54.97 CFM,Multicolor,22.4 dB,Yes,300 - 1500 RPM,120 mm,4.5
Noctua A8 PWM chromax.black.swap,21.95,,32.67 CFM,Black / Multicolor,17.7 dB,Yes,450 - 2200 RPM,80 mm,5
Corsair LL120 3-Pack,27.35,https://cdna.pcpartpicker.com/static/forever/images/product/e6ac2b8f1c95a27dce253b46660bec67.256p.jpg,63 CFM,White,36 dB,Yes,2200 RPM,120 mm,4.5
ARCTIC P12 PST A-RGB 0dB 3-Pack,,https://cdna.pcpartpicker.com/static/forever/images/product/7b1d6b22ede971252bccb5364dc4f31e.256p.jpg,48.8 CFM,Black,,Yes,,120 mm,4.5
Thermaltake CT ARGB Sync,43.53,,131.6 CFM,Black,27.2 dB,Yes,500 - 900 RPM,200 mm,5
Thermalright TL-C12B-S V3 X3 3-Pack,,,66.17 CFM,Black,25.6 dB,Yes,1500 RPM,120 mm,4.5
Phanteks D30-120 3-Pack,77.98,https://cdna.pcpartpicker.com/static/forever/images/product/010fee874052b7b50c6ef893738793b5.256p.jpg,64.3 CFM,Black,30.2 dB,Yes,250 - 2000 RPM,120 mm,5
be quiet! Light Wings,24.9,https://cdna.pcpartpicker.com/static/forever/images/product/1af7fab1ed03cbfed64b9f7a62435834.256p.jpg,51.37 CFM,Black,25.5 dB,Yes,1300 RPM,140 mm,5
Thermaltake CT120 2-Pack,12.95,https://cdna.pcpartpicker.com/static/forever/images/product/1b380d006c15e14236f2b42ed71de79a.256p.jpg,57.05 CFM,White,25.8 dB,Yes,500 - 2000 RPM,120 mm,0
Lian Li UNI FAN TL LCD 120 3-Pack,141.94,https://cdna.pcpartpicker.com/static/forever/images/product/898f2b2f4de6f465ef17e153d900bedd.256p.jpg,90.1 CFM,Black,33 dB,Yes,,120 mm,3
Noctua S12A PWM,21.95,https://cdna.pcpartpicker.com/static/forever/images/product/593f7070efbfeabc3d6b8274cd6e5c43.256p.jpg,,Brown,10.7 - 17.8 dB,Yes,300 - 1200 RPM,120 mm,4.5
Asus Prime MR120 ARGB,13.9,https://cdna.pcpartpicker.com/static/forever/images/product/a8f1edacb0a239806c5ea9ee41a5d0c6.256p.jpg,58 CFM,Black,21 dB,Yes,1600 RPM,120 mm,5
DARKROCK R120 2-Pack,20.57,,,White,27.7 dB,Yes,800 - 1600 RPM,120 mm,0
NZXT F120 RGB Core 3-Pack,,https://cdna.pcpartpicker.com/static/forever/images/product/f0950c8533c731a75ebb3c1d51221383.256p.jpg,78.86 CFM,White,33.88 dB,Yes,500 - 1800 RPM,120 mm,5
Thermalright TL-M12W-S,,,47.6 CFM,White,23.2 dB,Yes,1500 RPM,120 mm,5
Thermalright TL-C-C-S,17.98,,75.8 CFM,White,26.4 dB,Yes,1500 RPM,140 mm,4.5
Corsair iCUE QL120 3-Pack,115,https://cdna.pcpartpicker.com/static/forever/images/product/30e9affbe579f83fc74935c177819442.256p.jpg,41.8 CFM,Black,26 dB,Yes,1500 RPM,120 mm,4
Phanteks T30-140 3-Pack,99.95,https://cdna.pcpartpicker.com/static/forever/images/product/064e0ce2a4af2d8221597ca3ca5fb80d.256p.jpg,,Black,,Yes,1200 - 2500 RPM,140 mm,0
NZXT F140Q (2024),22.99,https://cdna.pcpartpicker.com/static/forever/images/product/d678ec7e6a4f568335198a428f56b0a8.256p.jpg,102.9 CFM,Black,29.8 dB,Yes,500 - 1500 RPM,140 mm,4.5
Fractal Design Momentum 3-Pack,47.99,https://cdna.pcpartpicker.com/static/forever/images/product/0e2660f57c3f920049334c17de298d2b.256p.jpg,62.44 CFM,Black,28.03 dB,Yes,350 - 2200 RPM,120 mm,4
ARCTIC F12 5-Pack,14.99,https://cdna.pcpartpicker.com/static/forever/images/product/d429ce3fbe28008424a9e5b8f129332b.256p.jpg,53 CFM,Black,22.5 dB,No,1350 RPM,120 mm,0
MSI MPG EZ120R ARGB-3B 3-Pack,98.5,,66.72 CFM,Black,30.78 dB,Yes,,120 mm,0
Phanteks PH-F140D30R 3-Pack,74.99,https://cdna.pcpartpicker.com/static/forever/images/product/818bdd55d94677c404b73b3338c7decb.256p.jpg,71.76 CFM,Black,32.1 dB,Yes,250 - 1800 RPM,140 mm,4.5
HAVN H18 2-Pack,44.99,https://cdna.pcpartpicker.com/static/forever/images/product/78c900d215801c491e8b0a4fd2ebb0bc.256p.jpg,164.63 CFM,Black,35 dB,Yes,,180 mm,4
Noctua A9 PWM chromax.black.swap,21.95,,46.44 CFM,Black / Multicolor,22.8 dB,Yes,400 - 2000 RPM,92 mm,5
ARCTIC P14 Max,20.99,https://cdna.pcpartpicker.com/static/forever/images/product/06f93df083f515d966f00ead01c210e8.256p.jpg,95 CFM,White,,Yes,400 - 2800 RPM,140 mm,4
Noctua NF-A6x25-PWM,14.95,https://cdna.pcpartpicker.com/static/forever/images/product/195d8abcdc0a360f01fdc90e5341d6f8.256p.jpg,13.3 - 17.19 CFM,Brown,13.7 - 19.3 dB,Yes,550 - 3000 RPM,60 mm,4.5
Noctua A9x14,17.95,,22.42 - 29.72 CFM,Brown,13.5 - 19.89 dB,Yes,300 - 2200 RPM,92 mm,4.5
Lian Li UNI FAN SL V2 3-Pack,,https://cdna.pcpartpicker.com/static/forever/images/product/c976038cfb9aaf4a6750cae40b3de406.256p.jpg,64.5 CFM,Black / Silver,29.2 dB,Yes,250 - 2000 RPM,120 mm,4.5
Corsair iCUE LINK LX140 RGB Starter Kit 2-Pack,62.66,https://cdna.pcpartpicker.com/static/forever/images/product/fe5cd9d30f02bf43e3895becbc7dd321.256p.jpg,10.74 - 84.7 CFM,Black,10 - 36 dB,Yes,350 - 2000 RPM,140 mm,4
Thermalright TL-8015,13.66,,28.4 CFM,Gray,23.3 dB,Yes,2200 RPM,80 mm,0
Thermalright TL-C12CW,,,66.17 CFM,White,25.6 dB,Yes,1550 RPM,120 mm,4.5
ARCTIC F12 PST,4.99,https://cdna.pcpartpicker.com/static/forever/images/product/54a593a51545a46537cdbd24fad75231.256p.jpg,53 CFM,Black,22.5 dB,Yes,230 - 1350 RPM,120 mm,5
ARCTIC P12 Max,14.99,https://cdna.pcpartpicker.com/static/forever/images/product/fbf33a60133ea406babd48a18a3dc583.256p.jpg,81.04 CFM,Black,,Yes,200 - 3300 RPM,120 mm,4.5
Thermalright TL-C12RW-S V2,,,58 CFM,Black / White,25.6 dB,Yes,1500 RPM,120 mm,4
Thermalright TL-S12R,,https://cdna.pcpartpicker.com/static/forever/images/product/d7a1b0982092c6a14fbbb6ce1141aeec.256p.jpg,47.6 CFM,Black,23.2 dB,Yes,1500 RPM,120 mm,4.5
MSI MPG EZ120 3-Pack,85.82,https://cdna.pcpartpicker.com/static/forever/images/product/a8e8ad7f3f21f2ac706e33df108dbbc9.256p.jpg,0 - 73.82 CFM,Black,0 - 28.82 dB,Yes,,120 mm,5
Fractal Design Aspect 14 PWM,17.25,https://cdna.pcpartpicker.com/static/forever/images/product/1688d8bbc6e208e3357f2735ccc914af.256p.jpg,20 - 78 CFM,Black,10 - 35.5 dB,Yes,500 - 1700 RPM,140 mm,4
Scythe Wonder Tornado 3-Pack,,https://cdna.pcpartpicker.com/static/forever/images/product/f79c0820e5852d106780eb7739741abc.256p.jpg,7.68 - 75.17 CFM,Black,3 - 35.57 dB,Yes,350 - 2500 RPM,120 mm,0
Thermalright TL-K12,27.99,,69 CFM,Black,27 dB,Yes,2150 RPM,120 mm,4.5
Noctua S12B redux-1200 PWM,12.95,,59.1 CFM,Black / Gray,18.1 dB,Yes,400 - 1200 RPM,120 mm,4.5
be quiet! Pure Wings 3 PWM,9.95,https://cdna.pcpartpicker.com/static/forever/images/product/9cf450030d354e10b3c892a0ea713a13.256p.jpg,,White,25.5 dB,Yes,1600 RPM,120 mm,5
Corsair iCUE LINK RX140 MAX RGB Starter Kit 2-Pack,51.24,https://cdna.pcpartpicker.com/static/forever/images/product/52736f0547bd1de5e9d7abb492de5361.256p.jpg,27.2 - 102.9 CFM,Black,10 - 31 dB,Yes,300 - 1600 RPM,140 mm,0
Noctua S12A PWM chromax.black.swap,27.94,https://cdna.pcpartpicker.com/static/forever/images/product/f0d53f82c1ecc14fc9a26358e6d8beba.256p.jpg,63.27 CFM,Multicolor,17.8 dB,Yes,300 - 1200 RPM,120 mm,4.5
Asus TUF Gaming TR120 ARGB,19.99,,77.4 CFM,Black,29 dB,Yes,2000 RPM,120 mm,4
Noctua A4x10 PWM,19.47,https://cdna.pcpartpicker.com/static/forever/images/product/32a69396ebb8fe68a1b03156634074c9.256p.jpg,3.88 - 5.24 CFM,Brown,12.9 - 19.6 dB,Yes,1000 - 5000 RPM,40 mm,4
Noctua P12 redux-1300 PWM,12.95,https://cdna.pcpartpicker.com/static/forever/images/product/8587cf1d595c7564c2ce91dd61888405.256p.jpg,54.32 CFM,Gray,19.8 dB,Yes,300 - 1300 RPM,120 mm,4.5
Thermalright TL-S12W X3 3-Pack,35.89,,47.6 CFM,White,23.2 dB,Yes,1500 RPM,120 mm,4
Noctua F12 industrialPPC-2000 PWM,26.95,,71.69 CFM,Brown / Black,29.7 dB,Yes,450 - 2000 RPM,120 mm,4.5
Antec P12R,9.5,https://cdna.pcpartpicker.com/static/forever/images/product/d18e4d88b4115040fcf109b94f2a1460.256p.jpg,55.31 - 61.46 CFM,Black,14.2 - 29.5 dB,Yes,600 - 1500 RPM,120 mm,0
Thermalright TL-B12 EXTREM,,,112 CFM,Black / Red,40.5 dB,Yes,3150 RPM,120 mm,4.5
ARCTIC P12 Pro PST CO,13,,77 CFM,Black,,Yes,600 - 3000 RPM,120 mm,0
Thermaltake CT120 ARGB Sync 2-Pack,27.85,,57.05 CFM,Black,25.8 dB,Yes,500 - 2000 RPM,120 mm,4.5
Lian Li UNI FAN P28,22.12,https://cdna.pcpartpicker.com/static/forever/images/product/7bba3150695f245d64090cce5625a019.256p.jpg,44.94 - 92 CFM,White,20.4 - 32.1 dB,Yes,200 - 2600 RPM,120 mm,4.5
ARCTIC P12 Pro PST LN,8.39,https://cdna.pcpartpicker.com/static/forever/images/product/1a4ed0acdc29ef595ba0e1788efa3c70.256p.jpg,49 CFM,Black,,Yes,450 - 2000 RPM,120 mm,0
Thermalright TL-E12B V3,,,72.37 CFM,Black,27.7 dB,Yes,2000 RPM,120 mm,4
Corsair ML140 PRO 2-Pack,,https://cdna.pcpartpicker.com/static/forever/images/product/637d55a951c6564584edaa513645859e.256p.jpg,55.4 CFM,Black / White,20.4 dB,Yes,400 - 1200 RPM,140 mm,4.5
Cooler Master MasterFan MF120 Halo² 3in1 3-Pack,,https://cdna.pcpartpicker.com/static/forever/images/product/1b233f0cb48d96054a90a4ef424824dc.256p.jpg,51.88 CFM,Black,27 dB,Yes,1 - 2050 RPM,120 mm,4.5
Thermalright TL-M12QW X3 3-Pack,,https://cdna.pcpartpicker.com/static/forever/images/product/beb59050f3e0ba9d69ba835fdc644303.256p.jpg,68.9 CFM,White,28.2 dB,Yes,2000 RPM,120 mm,4.5
Asus TUF Gaming TF120 ARGB 3-Pack,72.8,https://cdna.pcpartpicker.com/static/forever/images/product/d5fb840526c948bf8a2bf27d7e473cf5.256p.jpg,76 CFM,Black / White,29 dB,Yes,250 - 1900 RPM,120 mm,3
Lian Li UNI FAN TL LCD FLEX 3-Pack,,https://cdna.pcpartpicker.com/static/forever/images/product/dd969a3df5777f57fe0af8a4d25193e8.256p.jpg,63 CFM,Black,29 dB,Yes,350 - 1900 RPM,120 mm,0
Thermaltake TOUGHFAN 2-Pack,46.18,https://cdna.pcpartpicker.com/static/forever/images/product/a55dad7fdd34adcb4d0db5fd67f7a48b.256p.jpg,119.1 CFM,Black,25.2 - 33.2 dB,Yes,500 - 2000 RPM,140 mm,5
Lian Li UNI FAN SL-INF FLEX 3-Pack,,https://cdna.pcpartpicker.com/static/forever/images/product/c085283becb96ce6bf21971f84ad7a42.256p.jpg,65.7 CFM,Black,31 dB,Yes,200 - 2200 RPM,120 mm,0
Corsair LL120,27.11,https://cdna.pcpartpicker.com/static/forever/images/product/4e2045757086fab56d2420d84fcf9619.256p.jpg,43.25 CFM,Black,24.8 dB,Yes,600 - 1500 RPM,120 mm,4.5
Corsair iCUE LINK RX120 MAX Starter Kit 3-Pack,51.99,https://cdna.pcpartpicker.com/static/forever/images/product/a9155cfc33b3098f6edd767bd8fac859.256p.jpg,16.5 - 71.6 CFM,Black,10 - 29.5 dB,Yes,400 - 2000 RPM,120 mm,0
Thermalright TL-C12W-S V3,,,66.17 CFM,White,25.6 dB,Yes,1500 RPM,120 mm,5
Thermaltake CT120 EX ARGB Sync 3-Pack,61.73,https://cdna.pcpartpicker.com/static/forever/images/product/73f12fe2f45730018a56beddce6d1321.256p.jpg,68 CFM,Pink,28.5 dB,Yes,500 - 2000 RPM,120 mm,5
Thermalright TL-C14CW,,,75.8 CFM,White,26.4 dB,Yes,1500 RPM,140 mm,4.5
Corsair RS140,19.48,https://cdna.pcpartpicker.com/static/forever/images/product/bacae5e1fd238bee10dc6408f079c81d.256p.jpg,14.6 - 95.5 CFM,Black,10 - 36 dB,Yes,330 - 1700 RPM,140 mm,0
Jonsbo ZB-120BR,20.11,,20.95 - 65.26 CFM,Black,20.3 - 36.6 dB,Yes,700 - 2400 RPM,120 mm,0
Jonsbo ZA-120W,20.36,,21.46 - 62.4 CFM,White,21.3 - 37.3 dB,Yes,700 - 2400 RPM,120 mm,5
ARCTIC P14,5.99,https://cdna.pcpartpicker.com/static/forever/images/product/55400ac4e86b3fa9b71eb246526b1190.256p.jpg,72.8 CFM,Black,22.5 dB,No,1700 RPM,140 mm,5
ARCTIC P14 Pro Reverse A-RGB,11.99,https://cdna.pcpartpicker.com/static/forever/images/product/902bbf9cd60776784f3ae6a72cb169fe.256p.jpg,98 CFM,Black,,Yes,400 - 2650 RPM,140 mm,0
Phanteks PH-F140D30,25.99,https://cdna.pcpartpicker.com/static/forever/images/product/7929b222fca2887770364b6c58aacb19.256p.jpg,71.93 CFM,Black,29.5 dB,Yes,250 - 1800 RPM,140 mm,5
Thermalright TL-M,,,47.6 CFM,White,23.2 dB,Yes,1500 RPM,120 mm,4.5
TRYX ROTA SL 3-Pack,34.99,https://cdna.pcpartpicker.com/static/forever/images/product/ba2ea95f455e3a71199ba34a2bb733d6.256p.jpg,65.64 CFM,White,28.87 dB,Yes,500 - 1850 RPM,120 mm,5
be quiet! Light Wings PWM 3-Pack,49.99,https://cdna.pcpartpicker.com/static/forever/images/product/e6caaa9775dd8b6175ab4fcd8b5621a6.256p.jpg,41.51 CFM,Black,20.6 dB,Yes,1700 RPM,120 mm,4.5
NZXT F140P (2024),51.55,https://cdna.pcpartpicker.com/static/forever/images/product/c243d2d04d2622697fd4779d8c11b8e2.256p.jpg,93.2 CFM,Black,30 dB,Yes,500 - 1700 RPM,140 mm,4
Phanteks T30-140,34.99,https://cdna.pcpartpicker.com/static/forever/images/product/4caf7989ecaf242764c319cdedaeb541.256p.jpg,,Black,,Yes,1200 - 2500 RPM,140 mm,0
ARCTIC P12 PST A-RGB 0dB,20.97,https://cdna.pcpartpicker.com/static/forever/images/product/e8abab56f66bcc6def3f81349df15575.256p.jpg,48.8 CFM,Black,,Yes,,120 mm,4.5
Lian Li UNI FAN SL-INF LCD FLEX,,https://cdna.pcpartpicker.com/static/forever/images/product/9250b8361eaf8876b3212eb4aa9b9e08.256p.jpg,56.89 CFM,White,31 dB,Yes,350 - 1950 RPM,120 mm,0
NZXT F120 RGB DUO,23,https://cdna.pcpartpicker.com/static/forever/images/product/79c61b46762caeee9a212db3267013ee.256p.jpg,48.58 CFM,Black,29 dB,Yes,500 - 1800 RPM,120 mm,4
ARCTIC P14 PST 5-Pack,,https://cdna.pcpartpicker.com/static/forever/images/product/c56a6c2104abccea94276d8b4db0feff.256p.jpg,72.8 CFM,Black,22.5 dB,Yes,200 - 1700 RPM,140 mm,4.5
Scythe Kaze Flex II,,,16.9 - 67.62 CFM,Black,4 - 28.6 dB,Yes,300 - 1500 RPM,120 mm,0
Corsair iCUE ML RGB ELITE Premium 3-Pack,,https://cdna.pcpartpicker.com/static/forever/images/product/86385013ee39ba18c0601227b0504065.256p.jpg,14.86 - 58.1 CFM,Black,10 - 30.4 dB,Yes,450 - 2000 RPM,120 mm,4.5
Thermalright TL-P9,7.9,,32.77 CFM,Black,23.85 dB,Yes,2200 RPM,92 mm,5
Phanteks D30-120 Reversed,25.99,https://cdna.pcpartpicker.com/static/forever/images/product/838207bb897db2999352b9311fd79548.256p.jpg,61.5 CFM,Black,31.8 dB,Yes,250 - 2000 RPM,120 mm,4.5
Thermaltake CT140 2-Pack,18.46,,77.37 CFM,Black,,Yes,500 - 1500 RPM,140 mm,5
ARCTIC P8 Slim PWM PST,6.99,https://cdna.pcpartpicker.com/static/forever/images/product/9779bed7f88fd114970ed5af5859c338.256p.jpg,22.5 CFM,Black,,Yes,300 - 3000 RPM,80 mm,5
HYTE flow FA12 3-Pack,,https://cdna.pcpartpicker.com/static/forever/images/product/a7860862b7c6cc47582a2d9e2ded095e.256p.jpg,72 CFM,Black / White,28 dB,Yes,1500 RPM,120 mm,5
Noctua NF-A14x25r G2 PWM Sx2-PP chromax.black 2-Pack,60.46,https://cdna.pcpartpicker.com/static/forever/images/product/2523dc8128481ad3951f39aa40443511.256p.jpg,0 - 91.58 CFM,Black,0 - 24.8 dB,Yes,,140 mm,0
Phanteks M25G2-140,8.99,https://cdna.pcpartpicker.com/static/forever/images/product/aa8f0edcd1aeaffb74bfb77c1229dc09.256p.jpg,101.78 CFM,Black,36.4 dB,Yes,350 - 1800 RPM,140 mm,0
NZXT Air Flow,,,83.6 CFM,Clear,24.5 dB,No,200 RPM,140 mm,5
ARCTIC P12 Max 5-Pack,,https://cdna.pcpartpicker.com/static/forever/images/product/97962d8d9a1aff753695ee59b6ff11f5.256p.jpg,81.04 CFM,Black,,Yes,200 - 3300 RPM,120 mm,4.5
ID-COOLING AF-ARGB-K 3-Pack,44.99,,78 CFM,Black,29.9 dB,Yes,500 - 2000 RPM,120 mm,5
NZXT F140 RGB 2-Pack,25.9,https://cdna.pcpartpicker.com/static/forever/images/product/01020de3bd43f204fd14e6db9b5e0c03.256p.jpg,24.85 - 89.48 CFM,Black,20 - 32.5 dB,Yes,500 - 1800 RPM,140 mm,4.5
Lian Li UNI FAN SL-INF LCD FLEX 3-Pack,,https://cdna.pcpartpicker.com/static/forever/images/product/fdb1069cc41be5d38786d232ac8ae416.256p.jpg,59.2 CFM,White,29.5 dB,Yes,350 - 2000 RPM,120 mm,0
Phanteks M25G2-140 D-RGB Reverse 3-Pack,25.99,https://cdna.pcpartpicker.com/static/forever/images/product/4eb606a59465ccc7019c55c7759c9697.256p.jpg,100.07 CFM,White,40.95 dB,Yes,350 - 1800 RPM,140 mm,5
Silverstone FHS 140X,,,222.95 CFM,Black,50 dB,Yes,800 - 3400 RPM,140 mm,5
Deepcool XFAN,,https://cdna.pcpartpicker.com/static/forever/images/product/86d801eb1dcc350d5d6643797ebe33d8.256p.jpg,44.71 CFM,Black,26 dB,No,1300 RPM,120 mm,3
Noctua A14 industrialPPC-2000 IP67 PWM,32.94,,107.41 CFM,Brown / Black,31.5 dB,Yes,500 - 2000 RPM,140 mm,4.5
Thermalright TL-K12RW,,,69 CFM,White,27 dB,Yes,2150 RPM,120 mm,0
Thermaltake SWAFAN EX12 ARGB 3-Pack,90.4,https://cdna.pcpartpicker.com/static/forever/images/product/14f93cc0a661253b64574add2fd042ca.256p.jpg,56.26 - 57.11 CFM,Black,30.6 - 32.5 dB,Yes,500 - 2000 RPM,120 mm,4
Thermalright TL-E12B-S V3,14.53,,72.37 CFM,Black,27.7 dB,Yes,2000 RPM,120 mm,4.5
Montech AX,13.47,https://cdna.pcpartpicker.com/static/forever/images/product/3c2d6658838e02bc19eab959abf2debf.256p.jpg,90.5 CFM,Black,27.9 dB,Yes,600 - 1600 RPM,140 mm,4.5
NZXT F120 RGB DUO 3-Pack,54.6,https://cdna.pcpartpicker.com/static/forever/images/product/f5003a535b057711c13d08b4a39b6a6b.256p.jpg,48.58 CFM,Black,29 dB,Yes,500 - 1800 RPM,120 mm,4
be quiet! Light Wings PWM,24.95,https://cdna.pcpartpicker.com/static/forever/images/product/3ef9d72b1736a8d5f56f8673ae20e274.256p.jpg,56 CFM,Black,23.3 dB,Yes,1500 RPM,140 mm,5
Thermaltake CT140 EX Reverse ARGB Sync 3-Pack,67.8,https://cdna.pcpartpicker.com/static/forever/images/product/c2d0cfbfe8fb51a82c9e72dfede9c028.256p.jpg,94.95 CFM,Black,32.8 dB,Yes,500 - 1800 RPM,140 mm,0
Corsair RS120 MAX 3-Pack,37,https://cdna.pcpartpicker.com/static/forever/images/product/72585e390b95dc34181777a10eb7d892.256p.jpg,16.5 - 72 CFM,Black,29.5 dB,Yes,2000 RPM,120 mm,0
Corsair iCUE SP120 RGB ELITE 3-Pack,80.88,https://cdna.pcpartpicker.com/static/forever/images/product/97d21dc179bad3268c8ebff387bbf19d.256p.jpg,,Black / White,,Yes,400 - 1500 RPM,120 mm,4.5
Scythe Kaze Flex 120,,,16.6 - 66.47 CFM,Black,4 - 29.75 dB,Yes,300 - 1500 RPM,120 mm,5
Phanteks PH-F140D30 3-Pack,74.99,https://cdna.pcpartpicker.com/static/forever/images/product/a4337d966b5b0ac9326f47f07c07e23b.256p.jpg,71.93 CFM,Black,29.5 dB,Yes,250 - 1800 RPM,140 mm,5
Noctua NF-A6x15 PWM,13.9,https://cdna.pcpartpicker.com/static/forever/images/product/ee65385616303119df9a1743b8e81821.256p.jpg,11.83 - 13.77 CFM,Brown,16.5 - 19.8 dB,Yes,3050 - 3500 RPM,60 mm,4.5
Cooler Master SickleFlow,22.49,https://cdna.pcpartpicker.com/static/forever/images/product/4989cf754e4af58e0601aefc94dfc26b.256p.jpg,67 CFM,Black,10 - 27 dB,Yes,650 - 1400 RPM,140 mm,4.5
Deepcool FD12 3-Pack,28.94,https://cdna.pcpartpicker.com/static/forever/images/product/8002d97ad9bdfd6adba4f42248160407.256p.jpg,64.2 CFM,Black,27.6 dB,Yes,400 - 2050 RPM,120 mm,0
ARCTIC P14 PWM PST A-RGB,11.71,https://cdna.pcpartpicker.com/static/forever/images/product/64e41feae3413e7a822127369e9f70d1.256p.jpg,0 - 68 CFM,Black,,Yes,,140 mm,4
Phanteks M25G2-140 D-RGB 3-Pack,25.99,https://cdna.pcpartpicker.com/static/forever/images/product/a8dd06f9c59c0d5c6f6ff48051b07172.256p.jpg,101.78 CFM,Black,36.4 dB,Yes,350 - 1800 RPM,140 mm,5
KOLINK UMBRA X 3-Pack,9.95,https://cdna.pcpartpicker.com/static/forever/images/product/ecc4912b1f84cf7e301c5cb061f2087f.256p.jpg,61 CFM,Black,24 dB,Yes,600 - 1600 RPM,120 mm,5
Montech Metal Pro 3-Pack,35.47,,76.2 CFM,Black,29.1 dB,Yes,600 - 2200 RPM,120 mm,5
MSI MPG EZ120R ARGB WHITE-3W 3-Pack,67.91,,66.72 CFM,White,30.78 dB,Yes,,120 mm,0
Noctua A4x10,17.94,https://cdna.pcpartpicker.com/static/forever/images/product/8a785da6415e55d5f12f721f30ef4769.256p.jpg,3.88 - 4.83 CFM,Brown,12.9 - 17.89 dB,No,3700 - 4500 RPM,40 mm,4.5
Deepcool FL12 3-Pack,51.94,https://cdna.pcpartpicker.com/static/forever/images/product/77bf08d3a057130c1e43b1e8a430e7d8.256p.jpg,55 CFM,Black,32 dB,Yes,500 - 2150 RPM,120 mm,0
Thermalright TL-S12W-S X3 3-Pack,18.94,,47.6 CFM,White,23 - 23.2 dB,Yes,1500 RPM,120 mm,5
Phanteks PH-F140D30R,19,https://cdna.pcpartpicker.com/static/forever/images/product/0f0ff924d965d3e16b9084f6b2eb81d8.256p.jpg,71.76 CFM,Black,32.1 dB,Yes,250 - 1800 RPM,140 mm,5
Fractal Design Dynamic X2 GP-12,19.23,https://cdna.pcpartpicker.com/static/forever/images/product/6a070f16ef50cd74e35b998a3587820e.256p.jpg,52.3 CFM,Black,19.4 dB,No,1200 RPM,120 mm,4.5
Noctua NF-A12x25 G2 LS-PWM,29.99,https://cdna.pcpartpicker.com/static/forever/images/product/99395a4b7b386f47fef34344d872819c.256p.jpg,26.6 - 39.02 CFM,Brown,7.8 - 11.8 dB,Yes,850 - 1100 RPM,120 mm,0
Xigmatek XAF,,,75.3 CFM,Black,24 dB,No,1500 RPM,120 mm,4.5
Jonsbo ZA-120BR,,,19.46 - 44.58 CFM,Black,17.3 - 31.6 dB,Yes,700 - 1800 RPM,120 mm,0
ARCTIC P14 PST,18.21,https://cdna.pcpartpicker.com/static/forever/images/product/55400ac4e86b3fa9b71eb246526b1190.256p.jpg,72.8 CFM,Black,22.5 dB,Yes,200 - 1700 RPM,140 mm,4.5
Silverstone Air Slimmer 120,26.99,https://cdna.pcpartpicker.com/static/forever/images/product/b76e2b8270d92b1c930980a2c92da971.256p.jpg,0 - 63.67 CFM,Black,0 - 31.7 dB,Yes,,120 mm,4.5
NZXT F120 RGB,14.39,https://cdna.pcpartpicker.com/static/forever/images/product/cea6ac3d13698d29a416919de87c44df.256p.jpg,13.94 - 50.18 CFM,Black,17.2 - 27.5 dB,Yes,500 - 1800 RPM,120 mm,4
Phanteks M25G2-140 3-Pack,18.95,https://cdna.pcpartpicker.com/static/forever/images/product/f6662febdc82c6ff2ad8c06ba9411b0d.256p.jpg,101.78 CFM,Black,36.4 dB,Yes,350 - 1800 RPM,140 mm,0
HAVN H14 3-Pack,29.99,https://cdna.pcpartpicker.com/static/forever/images/product/abaa5d624f5761855f6794ad331fd84f.256p.jpg,85.18 CFM,Black,30.8 dB,Yes,,140 mm,0
Phanteks M25-120 PWM D-RGB,12.95,https://cdna.pcpartpicker.com/static/forever/images/product/dfdf5c2d6b73e006458e41f180b1ac71.256p.jpg,84.26 CFM,White,35.7 dB,Yes,500 - 2000 RPM,120 mm,5
Thermalright TL-H12015,,,56.36 CFM,Black,28.4 dB,Yes,1900 RPM,120 mm,0
Lian Li UNI SL120 3-Pack,,https://cdna.pcpartpicker.com/static/forever/images/product/22181fc8fcd6d435cd8196ba6cbb9a9a.256p.jpg,58.54 CFM,White,17 - 31 dB,Yes,800 - 1900 RPM,120 mm,4.5
Xigmatek eXTREME SILENT,,,36 CFM,Black,24 dB,No,2200 RPM,80 mm,0
Lian Li UNI FAN P28 3-Pack,,https://cdna.pcpartpicker.com/static/forever/images/product/286991bb582f49f94c60df2e5e3f5fc6.256p.jpg,44.94 - 92 CFM,Black,20.4 - 32.1 dB,Yes,200 - 2600 RPM,120 mm,5
be quiet! Shadow Wings 2,19.48,https://cdna.pcpartpicker.com/static/forever/images/product/c9757a11981aadc280f497cbad827756.256p.jpg,49.8 - 85 CFM,White / Black,14.9 dB,Yes,900 RPM,140 mm,4.5
ID-COOLING AF-125 3-Pack,78.19,https://cdna.pcpartpicker.com/static/forever/images/product/77ca1efb9f8372e68f78499b2dfd9f0f.256p.jpg,78.25 CFM,White,29.85 dB,Yes,500 - 2000 RPM,120 mm,0
Phanteks M25-120 PWM,,https://cdna.pcpartpicker.com/static/forever/images/product/61e41b46c1438961f5be7dc7efa7799c.256p.jpg,84.26 CFM,Black,35.7 dB,Yes,500 - 2000 RPM,120 mm,5
ARCTIC BioniX P120 A-RGB 3-Pack,89.62,https://cdna.pcpartpicker.com/static/forever/images/product/67da82473d87a8bf4b9b5ee686a39fd7.256p.jpg,48 CFM,Black,30 dB,Yes,400 - 2300 RPM,120 mm,3
Corsair iCUE QL120,,https://cdna.pcpartpicker.com/static/forever/images/product/17a61d6daabd061873899b5cc48c5ef4.256p.jpg,41.8 CFM,Black,26 dB,Yes,525 - 1500 RPM,120 mm,4.5
Fractal Design Aspect 12 RGB PWM 3-Pack,32.92,https://cdna.pcpartpicker.com/static/forever/images/product/d93b4fe24e352b2943a2def6fd517784.256p.jpg,13 - 56 CFM,Black,10 - 33.2 dB,Yes,500 - 2000 RPM,120 mm,5
Thermaltake TOUGHFAN EX12 Pro 3-Pack,40.47,https://cdna.pcpartpicker.com/static/forever/images/product/6cb77d7b0697e2d73f1a6df56fa6db9c.256p.jpg,64.21 - 70.8 CFM,Black,22.6 - 29.8 dB,Yes,500 - 2000 RPM,120 mm,5
Delta Electronics AFB1212GHE-CF00,110,https://cdna.pcpartpicker.com/static/forever/images/product/a6387c185f7219c7a4f175a36838098c.med.256p.jpg,240.96 CFM,Black,62 dB,No,5200 RPM,120 mm,5
HYTE GEN 9 Deluxe 3-Pack,,https://cdna.pcpartpicker.com/static/forever/images/product/a01d08b302f8dcfbd4572019ca5ff629.256p.jpg,,Black,,Yes,500 - 1800 RPM,120 mm,0
Lian Li Uni Fan SL 2-Pack,49.94,https://cdna.pcpartpicker.com/static/forever/images/product/0bb11bfa83c810ff417b3d12850bdb95.256p.jpg,70.5 CFM,White,30 dB,Yes,500 - 1500 RPM,140 mm,4.5
Thermalright TL-C12B-S V3,,,66.17 CFM,Black,25.6 dB,Yes,1500 RPM,120 mm,4.5
Cooler Master MasterFan MF120 Halo²,21.6,https://cdna.pcpartpicker.com/static/forever/images/product/08e34dd8a12a1b79bfda5bcf25499861.256p.jpg,51.88 CFM,Black,27 dB,Yes,,120 mm,4
Noctua P14s redux-1200 PWM,15.95,,64.92 CFM,Black / Gray,19.6 dB,Yes,350 - 1200 RPM,140 mm,4.5
HAVN H12 3-Pack,34.99,https://cdna.pcpartpicker.com/static/forever/images/product/dfb22d359e00bcd98180674a78c4519f.256p.jpg,72.44 CFM,Black,32.2 dB,Yes,,120 mm,5
Vetroo ARGB120 3-Pack,,,48.1 CFM,Pink,,Yes,1300 RPM,120 mm,4
NZXT F RGB Core 2-Pack,,https://cdna.pcpartpicker.com/static/forever/images/product/be5949403cbcb3cf0e038b48ff804d76.256p.jpg,24.85 - 89.48 CFM,White,20 - 32.5 dB,Yes,500 - 1800 RPM,140 mm,4
Thermalright TL-C12015W-S,,,52 CFM,White,24.1 dB,Yes,1500 RPM,120 mm,4
Noctua B9 redux-1600 PWM,12.95,https://cdna.pcpartpicker.com/static/forever/images/product/245a413512b1589371a8dab57a649ecd.256p.jpg,37.85 CFM,Black / Gray,17.6 dB,Yes,350 - 1600 RPM,92 mm,4.5
Cougar Turbine,,,60.4 CFM,Black,17.7 dB,No,1200 RPM,120 mm,5
Noctua NF-A14x25r G2 PWM,29.99,,91.58 CFM,Brown,24.8 dB,Yes,1500 RPM,140 mm,5
Corsair RS120 MAX,23.15,https://cdna.pcpartpicker.com/static/forever/images/product/f1ff96aee5738ff31bb2f01a351abd58.256p.jpg,16.5 - 72 CFM,Black,29.5 dB,Yes,2000 RPM,120 mm,0
Corsair iCUE AF120 RGB ELITE 3-Pack,,https://cdna.pcpartpicker.com/static/forever/images/product/11a78058f06678d15c896df0f683d3df.256p.jpg,13.8 - 65.57 CFM,Black,5 - 34.1 dB,Yes,550 - 2100 RPM,120 mm,4
be quiet! Light Wings 3-Pack,47.98,https://cdna.pcpartpicker.com/static/forever/images/product/d20c5494a813d0386fb3517b3c82375d.256p.jpg,71.7 CFM,White,31 dB,Yes,2200 RPM,140 mm,5
ARCTIC P8 PST 5-Pack,22.47,https://cdna.pcpartpicker.com/static/forever/images/product/8a795ff7b14c68019c267ca2996344b1.256p.jpg,23.4 CFM,Black,,Yes,200 - 3000 RPM,80 mm,0
Fractal Design Aspect 14 RGB PWM,20.41,https://cdna.pcpartpicker.com/static/forever/images/product/7651b261b19054e6c9bc67eb219cef4d.256p.jpg,20 - 78 CFM,Black,10 - 35.5 dB,Yes,500 - 1700 RPM,140 mm,4.5
Lian Li UNI FAN TL 120 3-Pack,69.95,https://cdna.pcpartpicker.com/static/forever/images/product/f2c353a2ab0b485782e21ea3a7240d92.256p.jpg,90.1 CFM,White,33 dB,No,200 - 2600 RPM,120 mm,4.5
ARCTIC P8 PST,5.99,https://cdna.pcpartpicker.com/static/forever/images/product/87eea1916e7a139f828c53c8824e75ce.256p.jpg,23.4 CFM,,,Yes,200 - 3000 RPM,80 mm,4.5
Lian Li UNI FAN SL-INF FLEX,,https://cdna.pcpartpicker.com/static/forever/images/product/6c54417b1f4055c32ee567b746448a23.256p.jpg,67 CFM,Black,29.2 dB,Yes,200 - 2300 RPM,120 mm,0
Cooler Master MasterFan MF Halo,,https://cdna.pcpartpicker.com/static/forever/images/product/05e7a0b9a9732381f65afc23ca2f996e.256p.jpg,47.2 CFM,Black,6 - 30 dB,Yes,650 - 1800 RPM,120 mm,4
Alphacool Apex Stealth Metal,18.64,https://cdna.pcpartpicker.com/static/forever/images/product/a94f2fdec2101c9bc017f5bca6a08fc0.256p.jpg,70.98 CFM,Black,40.1 dB,Yes,400 - 3000 RPM,120 mm,5
Thermalright TL-9015,,,42.58 CFM,Gray,22.4 dB,Yes,2700 RPM,92 mm,4.5
Silverstone FHS 120X,34,https://cdna.pcpartpicker.com/static/forever/images/product/2144e4082ae9b205f17333b52f649a12.256p.jpg,143.98 CFM,Black,51.8 dB,Yes,1000 - 4000 RPM,120 mm,5
Fractal Design Dynamic X2 GP,18.97,https://cdna.pcpartpicker.com/static/forever/images/product/e15c1b9624555cfdba6842c96d872f12.256p.jpg,87.6 CFM,Black,32.2 dB,Yes,500 - 2000 RPM,120 mm,5
be quiet! Light Wings PWM high-speed,20.94,https://cdna.pcpartpicker.com/static/forever/images/product/a2429085e0daf170346bc8b800f291f8.256p.jpg,52.3 CFM,Black,31 dB,Yes,2500 RPM,120 mm,4.5
ARCTIC S12038-4K 3-Pack,30.46,,106 CFM,Black,,Yes,600 - 4000 RPM,120 mm,0
Thermaltake CT140 EX ARGB Sync 3-Pack,67.8,https://cdna.pcpartpicker.com/static/forever/images/product/f7b7a0e07c4e6065067674b0626305b2.256p.jpg,90.3 CFM,Black,30.7 dB,Yes,500 - 1800 RPM,140 mm,0
Thermaltake Riing Quad 12 RGB Radiator TT Premium Edition 3-Pack,154.44,https://cdna.pcpartpicker.com/static/forever/images/product/5242f86990b81d1bd87f77d19938c0fe.256p.jpg,40.9 CFM,Black,25 dB,Yes,500 - 1500 RPM,120 mm,5
Noctua NF-A14x25r G2 PWM SX2-PP 2-Pack,59.99,,91.58 CFM,Brown,24.8 dB,Yes,1500 RPM,140 mm,0
Thermalright TL-B12015,22.2,,57.8 CFM,Black,25.37 dB,Yes,2150 RPM,120 mm,5
Scythe Kaze Flex II Slim,29.99,,8.16 - 48 CFM,Black,2.58 - 27.8 dB,Yes,300 - 1800 RPM,120 mm,5
Scythe Kaze Flex Square,,,16.8 - 67.2 CFM,Black,4.19 - 19.4 dB,Yes,300 - 1200 RPM,140 mm,5
Noctua NF-A14x25r G2 PWM chromax.black,34.9,https://cdna.pcpartpicker.com/static/forever/images/product/7fbfac9cc902091870a91b55bccc6486.256p.jpg,0 - 91.58 CFM,Black,0 - 24.8 dB,Yes,,140 mm,0
Apevia 12S 10-Pack,,,57.67 CFM,Black,24.7 dB,No,1350 RPM,120 mm,0
Alphacool 24845,28.24,,119.8 CFM,Black,30 - 49.5 dB,Yes,4000 RPM,120 mm,0
Noctua A14 industrialPPC-2000 PWM,28.99,,107.41 CFM,Brown / Black,31.5 dB,Yes,500 - 2000 RPM,140 mm,4.5
upHere 12BK3-3-USA OU3 3-Pack,9.99,,38 CFM,Black,19 dB,No,1200 RPM,120 mm,4
Jonsbo ZA-120WR,22.42,,19.46 - 44.58 CFM,White,17.3 - 31.6 dB,Yes,700 - 1800 RPM,120 mm,5
be quiet! Pure Wings 2,20.57,https://cdna.pcpartpicker.com/static/forever/images/product/c5eaf39d4db2f15daca6b1dcfcba7972.256p.jpg,26.3 CFM,Black,19.2 dB,Yes,450 - 1900 RPM,80 mm,5
Cooler Master SickleFlow 3-Pack,,https://cdna.pcpartpicker.com/static/forever/images/product/3bc00832e5e8ffb3767246564b3c58c7.256p.jpg,62 CFM,Black,8 - 27 dB,Yes,650 - 1800 RPM,120 mm,4.5
Thermaltake CT,34.18,,131.6 CFM,Black,27.2 dB,Yes,500 - 900 RPM,200 mm,0
Thermalright TL-B12015 Extrem,,,83.61 CFM,Black / Yellow,37.07 dB,Yes,3150 RPM,120 mm,0
NoiseBlocker NB-ELOOP X ARGB,24.42,https://cdna.pcpartpicker.com/static/forever/images/product/d8211ee1ae3ab802b900c6120555871c.256p.jpg,0 - 58.09 CFM,Black,0 - 21.2 dB,Yes,,120 mm,5
MSI MPG EZ120,67.76,https://cdna.pcpartpicker.com/static/forever/images/product/4b83b6a71e1c540506ed74c75385b4f7.256p.jpg,0 - 73.82 CFM,White,0 - 28.82 dB,Yes,,120 mm,0
ARCTIC P9 Max,9.99,https://cdna.pcpartpicker.com/static/forever/images/product/6e38f60efa7ee6844d82e917bfa9b7ee.256p.jpg,58.25 CFM,Black,,Yes,450 - 4300 RPM,92 mm,4
Silverstone Air Slimmer 120 ARGB,18.98,https://cdna.pcpartpicker.com/static/forever/images/product/c802b95b7e300942ec6270d495a30bf7.256p.jpg,0 - 63.67 CFM,Black,0 - 31.7 dB,Yes,,120 mm,4.5
ARCTIC P9 PWM PST,6.72,https://cdna.pcpartpicker.com/static/forever/images/product/b647711eb3c9d398385d82c2a634949a.256p.jpg,38.83 CFM,Black,,Yes,200 - 3000 RPM,92 mm,0
HAVN H14,15.95,https://cdna.pcpartpicker.com/static/forever/images/product/8174fa9604002333a3e49b0405d1712a.256p.jpg,85.18 CFM,Black,30.8 dB,Yes,,140 mm,5
Delta Electronics PFB0912DHE-F00,118.36,https://cdna.pcpartpicker.com/static/forever/images/product/3917f8eba3845ce7604a90b6784c0116.med.256p.jpg,175.03 CFM,Black,66.5 dB,No,8000 RPM,92 mm,0
Fractal Design Aspect 12 PWM,,https://cdna.pcpartpicker.com/static/forever/images/product/b8d7aa7fec809a3ed0b1aca3ba95d8f2.256p.jpg,13 - 56 CFM,Black,10 - 33.2 dB,Yes,500 - 2000 RPM,120 mm,4
ARCTIC P14 Pro PST CO,13.93,,110 CFM,Black,,Yes,400 - 2500 RPM,140 mm,0
be quiet! Pure Wings 3 PWM High-Speed,9.95,https://cdna.pcpartpicker.com/static/forever/images/product/ce2edad78abaabbc54e475ffbf1f5adf.256p.jpg,59.6 CFM,White,30.9 dB,Yes,2100 RPM,120 mm,4.5
MSI MPG F120 ARGB-2B 2-Pack,,https://cdna.pcpartpicker.com/static/forever/images/product/643430c79c242ccfa3f63e5394fc8c5c.256p.jpg,50.79 CFM,Black,25.7 dB,Yes,600 - 1200 RPM,120 mm,5
Lian Li UNI SL120,,https://cdna.pcpartpicker.com/static/forever/images/product/b6c65a6570dbc5395a484b2f9227be62.256p.jpg,58.54 CFM,White,17 - 31 dB,Yes,800 - 1900 RPM,120 mm,4.5
Thermalright TL-K12R,,,69 CFM,Black,27 dB,Yes,2150 RPM,120 mm,4.5
Fractal Design Aspect 12 RGB PWM,,https://cdna.pcpartpicker.com/static/forever/images/product/d93b4fe24e352b2943a2def6fd517784.256p.jpg,13 - 56 CFM,Black,10 - 33.2 dB,Yes,500 - 2000 RPM,120 mm,4.5
HYTE THICC FP12 3-Pack,50.99,https://cdna.pcpartpicker.com/static/forever/images/product/29fc44980c268c97b9486e12ade2bb9c.256p.jpg,105.8 CFM,Black / White,10 - 47.3 dB,Yes,,120 mm,5
Corsair iCUE SP RGB ELITE,29.98,https://cdna.pcpartpicker.com/static/forever/images/product/93fd334add31c133e0b1b92c8fbe5dc7.256p.jpg,47.73 CFM,White,28 dB,Yes,400 - 1500 RPM,120 mm,4
Thermaltake TOUGHFAN 12 Pro 2-Pack,,https://cdna.pcpartpicker.com/static/forever/images/product/0bcfaf75bdf8b38d7863ddb9b21ae2a3.256p.jpg,49.13 - 70.8 CFM,Black,18.3 - 22.6 dB,Yes,500 - 2000 RPM,120 mm,0
Yeston SAKURA 6-Pack,,https://cdna.pcpartpicker.com/static/forever/images/product/fd7a5c19686d90fa1f5afdefd9f24e19.256p.jpg,79 CFM,Blue / White,35.4 dB,Yes,800 - 1800 RPM,120 mm,5
NZXT F120U,28.79,,60 CFM,Black,32.2 dB,Yes,2250 RPM,120 mm,0
NZXT F140 RGB DUO 2-Pack,24.65,https://cdna.pcpartpicker.com/static/forever/images/product/d9b9ca6aa8c9f61aaba6c9c3cd47853b.256p.jpg,84.75 CFM,Black,36 dB,Yes,500 - 1800 RPM,140 mm,4.5
Scythe Wonder Tornado Slim,29.99,https://cdna.pcpartpicker.com/static/forever/images/product/529a707a7d230ef9800caca8a9425d0a.256p.jpg,6.8 - 34.31 CFM,Black,3.12 - 26.36 dB,Yes,400 - 2000 RPM,120 mm,0
Corsair LL140,34.99,https://cdna.pcpartpicker.com/static/forever/images/product/af0e3ae9695b1702e6e1b5d4f6200db6.256p.jpg,51.5 CFM,Black,25 dB,Yes,600 - 1300 RPM,140 mm,4.5
Geometric Future Squama 2503 3-Pack,,https://cdna.pcpartpicker.com/static/forever/images/product/1ef3a7b8e247d31ef3cc7931222aa325.256p.jpg,69.11 CFM,Black,29 dB,Yes,2000 RPM,120 mm,0
ID-COOLING ZF,,,,Pink / White,16.3 - 33.5 dB,Yes,900 - 2000 RPM,120 mm,4.5
ARCTIC P14 5-Pack,24.59,https://cdna.pcpartpicker.com/static/forever/images/product/1518f227ddb74890cde90b91a4bfc999.256p.jpg,72.8 CFM,Black,22.5 dB,No,1700 RPM,140 mm,4.5
ARCTIC S12038-4K,12.49,https://cdna.pcpartpicker.com/static/forever/images/product/3eb4f342d320a6c8a3ab34bafb58190c.256p.jpg,106 CFM,Black,,Yes,600 - 4000 RPM,120 mm,0
Noctua R8 redux-1200,14.29,,21.07 CFM,Black / Gray,9.1 dB,No,1200 RPM,80 mm,5
Fractal Design Dynamic X2 GP-14,18.48,https://cdna.pcpartpicker.com/static/forever/images/product/f38b18c93c27f55b94fe5b78ae92bd70.256p.jpg,68.4 CFM,Black,18.9 dB,No,1000 RPM,140 mm,4
NZXT F140 RGB (2026),16.89,,91.83 CFM,White,34.03 dB,Yes,2000 RPM,140 mm,0
Thermaltake TOUGHFAN 14 Pro 2-Pack,,https://cdna.pcpartpicker.com/static/forever/images/product/0bcfaf75bdf8b38d7863ddb9b21ae2a3.256p.jpg,87.6 - 119.6 CFM,Black,24.5 - 31.6 dB,Yes,500 - 2000 RPM,140 mm,5
Thermaltake SWAFAN EX14 ARGB 3-Pack,68.43,https://cdna.pcpartpicker.com/static/forever/images/product/bfc2b17a572fefec923c8a2e170ffde8.256p.jpg,79.3 - 81.6 CFM,Blue / White,34.5 - 38.8 dB,Yes,500 - 2000 RPM,140 mm,0
ID-COOLING TF-9215 ARGB,,,44.3 CFM,Black / White,14 - 33.4 dB,Yes,800 - 2500 RPM,92 mm,5
Corsair iCUE AF140 RGB ELITE 2-Pack,34.99,https://cdna.pcpartpicker.com/static/forever/images/product/4d2b8647e26d933fa02c69c53c60b24c.256p.jpg,19.5 - 89 CFM,Black,5 - 33.8 dB,Yes,500 - 1700 RPM,140 mm,4
Gigabyte AORUS EZ CHAIN FAN 120 3-Pack,,https://cdna.pcpartpicker.com/static/forever/images/product/2342ec698dbbff59ba237588edc6733e.256p.jpg,60 CFM,Black,8.2 - 29 dB,Yes,600 - 2000 RPM,120 mm,0
Corsair iCUE QL140 2-Pack,76.08,https://cdna.pcpartpicker.com/static/forever/images/product/f93ad1a45dcf4cb87c63acc0b6b136b8.256p.jpg,50.2 CFM,Black,26 dB,Yes,1250 RPM,140 mm,4
Phanteks M25-120 PWM D-RGB 3-Pack,,https://cdna.pcpartpicker.com/static/forever/images/product/713e7e444f970b3bb567e732927743ed.256p.jpg,84.26 CFM,Black,35.7 dB,Yes,500 - 2000 RPM,120 mm,0
Thermalright TL-M14,16.48,,88.75 CFM,Black,23.7 dB,Yes,1500 RPM,140 mm,0
GAMDIAS AEOLUS P2 3-Pack,67.19,https://cdna.pcpartpicker.com/static/forever/images/product/1688d493ad0834a1098634c36a088052.256p.jpg,74.97 CFM,Black,,Yes,1000 - 2400 RPM,120 mm,5
Corsair iCUE LINK RX140 MAX Starter Kit 2-Pack,22.47,https://cdna.pcpartpicker.com/static/forever/images/product/8c2a49f4ba192849cd924888ad2db0b5.256p.jpg,27.5 - 103.5 CFM,Black,10 - 31 dB,Yes,300 - 1600 RPM,140 mm,0
Iceberg Thermal IceGALE Xtra 2-Pack,,https://cdna.pcpartpicker.com/static/forever/images/product/486e35a67d8790ae6aefd8bfae7a9e62.256p.jpg,169 CFM,Black,0 - 47 dB,Yes,500 - 2500 RPM,140 mm,0
NZXT F120 RGB (2026),16.79,,70.67 CFM,White,33.05 dB,Yes,2400 RPM,120 mm,0
Cooler Master MOBIUS 120,19.44,https://cdna.pcpartpicker.com/static/forever/images/product/36253e103f2dcf3e01746a5d4af6246f.256p.jpg,63.1 CFM,Black,22.6 dB,Yes,,120 mm,0
Cooler Master SickleFlow 120 ARGB,,https://cdna.pcpartpicker.com/static/forever/images/product/ef192b655c72dcc9065ee7c18e6b41f7.256p.jpg,62 CFM,White,8 - 27 dB,Yes,650 - 1800 RPM,120 mm,4.5
be quiet! Silent Wings 3,,https://cdna.pcpartpicker.com/static/forever/images/product/f70ffc19a1155626d9bb2d76398316d1.256p.jpg,50.5 CFM,Black,16.4 dB,Yes,1450 RPM,120 mm,4.5
Lian Li UNI FAN AL120 V2 3-Pack,136.97,https://cdna.pcpartpicker.com/static/forever/images/product/bff8bab79a522311c979142eb0835f73.256p.jpg,77.3 CFM,White,28.7 dB,Yes,250 - 2000 RPM,120 mm,4.5
Deepcool FL12,,https://cdna.pcpartpicker.com/static/forever/images/product/303ac549aaca985c823eee673f28eb91.256p.jpg,55 CFM,Black,32 dB,Yes,500 - 2150 RPM,120 mm,0
ID-COOLING AT-120-K,8.11,,0 - 83 CFM,Black,0 - 36.5 dB,Yes,,120 mm,0
Asus TUF GAMING TF120 ARGB White 3in1 3-Pack,44.94,https://cdna.pcpartpicker.com/static/forever/images/product/494fd10ea421041f0e573cb6a4408412.256p.jpg,76 CFM,White,29 dB,Yes,250 - 1900 RPM,120 mm,0
Lian Li UNI FAN AL120 3-Pack,112.51,https://cdna.pcpartpicker.com/static/forever/images/product/ad55adbbb01f614402e160c1a6f403bf.256p.jpg,64.5 CFM,Black,17 - 28.3 dB,Yes,800 - 1900 RPM,120 mm,4.5
Corsair iCUE SP120 RGB ELITE,,https://cdna.pcpartpicker.com/static/forever/images/product/3721abd9b07452461d7dcae78306355e.256p.jpg,,Black / White,,Yes,400 - 1500 RPM,120 mm,4
Corsair RS140 MAX,12.97,https://cdna.pcpartpicker.com/static/forever/images/product/7abdb7245c617b2f4d90bdfcbf91ef32.256p.jpg,27.5 - 104 CFM,Black,31 dB,Yes,1600 RPM,140 mm,0
Thermaltake CT140 ARGB Sync 2-Pack,36.1,,77.37 CFM,Black,30.5 dB,Yes,500 - 1500 RPM,140 mm,0
Cooler Master MasterFan MF Halo 3-Pack,,https://cdna.pcpartpicker.com/static/forever/images/product/cd80e2f0235517b8024bdefec71df21f.256p.jpg,47.2 CFM,Black,6 - 30 dB,Yes,650 - 1800 RPM,120 mm,4
Scythe Gentle Typhoon,,,57.68 CFM,Gray,28 dB,No,1850 RPM,120 mm,5
Deepcool FK120 3-Pack,,https://cdna.pcpartpicker.com/static/forever/images/product/0c2c8003f461f8ef5b6409f86d104f4e.256p.jpg,68.99 CFM,Black,28 dB,Yes,500 - 1850 RPM,120 mm,4.5
Noctua P12-1300,,https://cdna.pcpartpicker.com/static/forever/images/product/35c282c41258e6cea10bda219526042f.256p.jpg,37.33 - 54.36 CFM,Brown,12.6 - 19.8 dB,No,900 - 1300 RPM,120 mm,4.5
Scythe Wonder Tornado,29.99,https://cdna.pcpartpicker.com/static/forever/images/product/e0153696347fd1450fe4eb9709760025.256p.jpg,7.68 - 60.29 CFM,Black,3 - 26.88 dB,Yes,350 - 2000 RPM,120 mm,0
ADATA XPG VENTO,,https://cdna.pcpartpicker.com/static/forever/images/product/53a8c451d4f0bbe238255657916358f9.256p.jpg,45.3 CFM,Black / White,23 dB,No,1200 RPM,120 mm,4
Cooler Master MOBIUS 120P ARGB,28.55,https://cdna.pcpartpicker.com/static/forever/images/product/9303d66e79a38a3d6a352bfe451def35.256p.jpg,75.2 CFM,Black,30 dB,Yes,,120 mm,4.5
Scythe Kaze Flex140 Square,27.93,,16.8 - 100.8 CFM,Gray / Black,4.19 - 26.45 dB,Yes,300 - 1800 RPM,140 mm,5
DARKROCK F140,19.45,,61.5 CFM,Black,29 dB,Yes,800 - 1800 RPM,140 mm,0
Noctua A14 ULN,24.95,https://cdna.pcpartpicker.com/static/forever/images/product/5b003810f65ea5610c19f44b84fb5c15.256p.jpg,,Brown,9.1 - 11.9 dB,No,650 - 800 RPM,140 mm,4.5
Cooler Master SickleFlow ARGB,30.2,https://cdna.pcpartpicker.com/static/forever/images/product/de1a0218636e0a3ac284d6db27e14ba6.256p.jpg,0 - 102.8 CFM,Black / Translucent White,0 - 15.7 dB,Yes,,200 mm,0
Jonsbo SL-120B,,https://cdna.pcpartpicker.com/static/forever/images/product/32e54113ef9390618cba77ff84a95209.256p.jpg,28.12 - 59.48 CFM,Black,22 - 32 dB,Yes,600 - 1500 RPM,120 mm,0
Thermaltake Pure,,https://cdna.pcpartpicker.com/static/forever/images/product/c42f217702cf812cb5a8b732305c8f52.256p.jpg,129.63 CFM,Black,28.2 dB,No,,200 mm,5
Lian Li UNI FAN AL140 V2,,https://cdna.pcpartpicker.com/static/forever/images/product/d95210dfaf8ca4a5c98df412e331f67c.256p.jpg,81.3 CFM,White,26.8 dB,Yes,250 - 1600 RPM,140 mm,0
Thermalright TL-C12015,,,59 CFM,Black,26.1 dB,Yes,1800 RPM,120 mm,5
APNX FP1,4.49,https://cdna.pcpartpicker.com/static/forever/images/product/329ac498a7a121e71af75a4291689921.256p.jpg,74.6 CFM,White,15.3 - 33.2 dB,Yes,500 - 1600 RPM,120 mm,4
ID-COOLING AS-120,,https://cdna.pcpartpicker.com/static/forever/images/product/feef12d641794c00c3f4f6196aa8d2f7.256p.jpg,58 CFM,Black,27.2 dB,Yes,300 - 2000 RPM,120 mm,0
Gigabyte AORUS EZ CHAIN FAN 120,,,60 CFM,White,8.2 - 29 dB,Yes,600 - 2000 RPM,120 mm,0
Corsair RS140 MAX 2-Pack,44,https://cdna.pcpartpicker.com/static/forever/images/product/36d9f07bcfd8744441fe02843037e628.256p.jpg,27.5 - 104 CFM,Black,31 dB,Yes,1600 RPM,140 mm,0
Iceberg Thermal IceGALE 2-Pack,,https://cdna.pcpartpicker.com/static/forever/images/product/5a6d6d9e249bce3f73557df083cb6d0a.256p.jpg,96 CFM,Black,0 - 36 dB,Yes,500 - 1600 RPM,140 mm,0
Lian Li Uni Fan AL,27.79,https://cdna.pcpartpicker.com/static/forever/images/product/0b1a0bcf04cfc0adbde69df01a697447.256p.jpg,64.5 CFM,Black,17 - 28.3 dB,Yes,800 - 1900 RPM,120 mm,5
Phanteks M25-140 PWM D-RGB,25.32,https://cdna.pcpartpicker.com/static/forever/images/product/a7289ad2229c5f43ccdc83c00ef87854.256p.jpg,104.62 CFM,Black,36.57 dB,Yes,500 - 1800 RPM,140 mm,4.5
NZXT AER RGB 2,,https://cdna.pcpartpicker.com/static/forever/images/product/b19d6a6fea838158bcca998fcae5e6b0.256p.jpg,17.48 - 52.44 CFM,Black,22 - 33 dB,Yes,500 - 1500 RPM,120 mm,4.5
Fractal Design Aspect 14 RGB PWM 3-Pack,32.97,,20 - 78 CFM,Black,10 - 35.5 dB,Yes,500 - 1700 RPM,140 mm,0
ARCTIC P12 PST CO,,https://cdna.pcpartpicker.com/static/forever/images/product/26033541043d539ea2de7cdeb31208e5.256p.jpg,56.3 CFM,Black,,Yes,200 - 1800 RPM,120 mm,4.5
Noctua A15 PWM,24.95,,,Brown,13.8 - 19.2 dB,Yes,900 - 1200 RPM,140 mm,4.5
Noctua A14 FLX,24.95,https://cdna.pcpartpicker.com/static/forever/images/product/ed1b5090490439fec984e1ab8a37a963.med.256p.jpg,52.2 - 68 CFM,Brown,13.8 - 19.2 dB,No,900 - 1200 RPM,140 mm,4.5
Thermalright TL-P12,,,52.86 CFM,Black,22.1 dB,Yes,1500 RPM,120 mm,5
Deepcool FL12R 3-Pack,60.94,https://cdna.pcpartpicker.com/static/forever/images/product/79320adea2887e06ff8b5eec89509d67.256p.jpg,55 CFM,Black,32 dB,Yes,500 - 2150 RPM,120 mm,0
Noctua F12 industrialPPC-2000,26.95,,71.69 CFM,Brown / Black,29.7 dB,No,2000 RPM,120 mm,4.5
MSI Torx,31.74,https://cdna.pcpartpicker.com/static/forever/images/product/4dc94a848ff34f7ddf8b97b2fe8cbece.256p.jpg,19.79 - 71.27 CFM,Black / Red,17.2 - 33.6 dB,Yes,500 - 1800 RPM,120 mm,5
Super Flower MEGACOOL 3-Pack,,https://cdna.pcpartpicker.com/static/forever/images/product/39bafb9e0903975285570b9aca20d82e.256p.jpg,90.04 - 151.87 CFM,Black / Purple,35.73 - 48.39 dB,Yes,2000 - 3300 RPM,120 mm,4.5
iBuypower GEN 9 Deluxe 3-Pack,,https://cdna.pcpartpicker.com/static/forever/images/product/a01d08b302f8dcfbd4572019ca5ff629.256p.jpg,,Black,,Yes,500 - 1800 RPM,120 mm,0
Noctua A12x15 FLX,21.95,,27.37 - 55.44 CFM,Brown,10.2 - 23.9 dB,No,950 - 1850 RPM,120 mm,4.5
TRYX ROTA PRO,20.47,https://cdna.pcpartpicker.com/static/forever/images/product/b0b64f88ad5641f8cb2e92af0d05c61c.256p.jpg,81.32 CFM,White,30.97 dB,Yes,500 - 2250 RPM,120 mm,0
Corsair AF120 Quiet,,https://cdna.pcpartpicker.com/static/forever/images/product/32626712aa4d22053c4bb730a87dac92.256p.jpg,39.88 CFM,Black,21 dB,No,1100 RPM,120 mm,4.5
Lian Li ST120 3-Pack,54.08,https://cdna.pcpartpicker.com/static/forever/images/product/043941e9f9940f78c2f2e5a2f4db58ca.256p.jpg,69.17 CFM,White,32 dB,Yes,800 - 1900 RPM,120 mm,3.5
Corsair iCUE SP RGB ELITE 3-Pack,79.98,https://cdna.pcpartpicker.com/static/forever/images/product/68a33ee0386c4a4b6ed57c9bf50f350a.256p.jpg,47.73 CFM,White,28 dB,Yes,400 - 1500 RPM,120 mm,4.5
Thermalright TL-B12,,,69 CFM,Black,28.1 dB,Yes,2150 RPM,120 mm,4.5
Silverstone FHS80X,31.99,https://cdna.pcpartpicker.com/static/forever/images/product/bca8fedefe3a01a9ee0e87e6c702178b.256p.jpg,83.66 CFM,Black,61.4 dB,Yes,2000 - 10000 RPM,80 mm,0
ID-COOLING XF-12025-ARGB-TRIO 3-Pack,,https://cdna.pcpartpicker.com/static/forever/images/product/aa16aa32b9b9581f766a76380a4f5d09.256p.jpg,62 CFM,Black / White,18 - 26.4 dB,Yes,700 - 1500 RPM,120 mm,4.5
NZXT F140U,29.9,,92.2 CFM,White,36.9 dB,Yes,2400 RPM,140 mm,0
Super Flower MEGACOOL,,https://cdna.pcpartpicker.com/static/forever/images/product/715281e44e2d406ac798a309745e0698.256p.jpg,110.33 - 175.03 CFM,Black / Purple,39.24 - 50.59 dB,Yes,1800 - 2700 RPM,140 mm,5
Montech HP 3-Pack,30.46,https://cdna.pcpartpicker.com/static/forever/images/product/84577d81f9d999ee96cb40ef04ea6f14.256p.jpg,95.61 CFM,Black,29.2 dB,Yes,600 - 1600 RPM,140 mm,0
Geometric Future Squama 2503R 3-Pack,,https://cdna.pcpartpicker.com/static/forever/images/product/407f9c0b3eb99b7e68c3edfb72890a0c.256p.jpg,71.8 CFM,Black,34 dB,Yes,800 - 2100 RPM,140 mm,5
Yeston SAKURA 3-Pack,,https://cdna.pcpartpicker.com/static/forever/images/product/c0150bbdba42e0efebc044cc47eda8a0.256p.jpg,79 CFM,Blue / White,35.4 dB,Yes,800 - 1800 RPM,120 mm,0
MSI MEG SILENT GALE P12,,,0 - 56.2 CFM,Black,0 - 22.7 dB,Yes,,120 mm,0
upHere T7SYC7 3-Pack,,,,Black,16.1 - 27.7 dB,Yes,600 - 1700 RPM,120 mm,4
Thermalright TL-H120-15B-S,,,56.36 CFM,Black,28.4 dB,Yes,1900 RPM,120 mm,0
Geometric Future Squama 3805,,https://cdna.pcpartpicker.com/static/forever/images/product/71991e8f8c221317b9e2bf4cacaf8098.256p.jpg,115 CFM,Black,40 dB,Yes,700 - 2500 RPM,120 mm,0
ARCTIC P9 Silent,9.46,https://cdna.pcpartpicker.com/static/forever/images/product/b647711eb3c9d398385d82c2a634949a.256p.jpg,23.96 CFM,Black,,Yes,1900 RPM,92 mm,0
DARKROCK R140,19.76,,61.5 CFM,Black,29 dB,Yes,800 - 1800 RPM,140 mm,0
Corsair AF120 ELITE,11.99,https://cdna.pcpartpicker.com/static/forever/images/product/1fdc6df5b8cebcf24439775e3a10491c.256p.jpg,10.9 - 59.1 CFM,White / Gray,31.5 dB,Yes,400 - 1850 RPM,120 mm,0
ENDORFY Stratus,14.3,https://cdna.pcpartpicker.com/static/forever/images/product/df1c8a39bd052efdb2a977328f43c81c.256p.jpg,,Black,,Yes,200 - 1400 RPM,120 mm,0
ARCTIC P14 PST CO,13.99,https://cdna.pcpartpicker.com/static/forever/images/product/478f18d1806aae845917223ca6e55548.256p.jpg,72.8 CFM,Black,22.5 dB,Yes,200 - 1700 RPM,140 mm,5
MSI MPG F120 ARGB-2W 2-Pack,46.41,https://cdna.pcpartpicker.com/static/forever/images/product/01393dc473b496559afc661c4d67ab44.256p.jpg,50.79 CFM,White,25.7 dB,Yes,600 - 1200 RPM,120 mm,0
ARCTIC P12 PWM PST A-RGB 0dB,16.98,https://cdna.pcpartpicker.com/static/forever/images/product/b74347b41dcea2773baf0e73628d29ff.256p.jpg,48.8 CFM,White / Gray,,Yes,,120 mm,4.5
Corsair AF120 (2018) 3-Pack,,https://cdna.pcpartpicker.com/static/forever/images/product/a73149881193fcdb1dcabe7140f0c353.256p.jpg,52 CFM,Black / White,26 dB,No,1400 RPM,120 mm,4.5
Thermaltake Riing,195.04,https://cdna.pcpartpicker.com/static/forever/images/product/03fff3c96d42c32f03c01b54e8214fc7.256p.jpg,51.15 CFM,Black / Blue,22.1 - 28.1 dB,No,1000 - 1400 RPM,140 mm,5
ARCTIC F12 PST 5-Pack,,https://cdna.pcpartpicker.com/static/forever/images/product/874e467d5faf48ecab6f5be42e19df4e.256p.jpg,53 CFM,Black,22.5 dB,Yes,230 - 1350 RPM,120 mm,4.5
Kingwin CF-08LB,,,30 CFM,Black,25 dB,No,1700 RPM,80 mm,5
Cooler Master MasterFan MF140 Halo²,23.45,https://cdna.pcpartpicker.com/static/forever/images/product/08e34dd8a12a1b79bfda5bcf25499861.256p.jpg,59.51 CFM,Black,27 dB,Yes,,140 mm,4
upHere T7SYC7 6-Pack,,,,Black,16.1 - 27.7 dB,Yes,600 - 1700 RPM,120 mm,4
Razer Kunai Chroma 3-Pack,73.52,,34.48 - 81 CFM,Black,15 - 30 dB,Yes,500 - 1600 RPM,140 mm,0
Antec NOVA 120,14.99,,44 - 95.32 CFM,Black,21.5 - 38.7 dB,Yes,300 - 3200 RPM,120 mm,0
Montech Metal Pro,14.47,,76.2 CFM,Black,29.1 dB,Yes,600 - 2200 RPM,120 mm,4
APNX FP2,26.47,https://cdna.pcpartpicker.com/static/forever/images/product/930ec1586ac762a5980280a67c6ddaab.256p.jpg,83.87 CFM,Black,15.3 - 34.8 dB,Yes,500 - 1800 RPM,120 mm,5
Montech HP,18.98,https://cdna.pcpartpicker.com/static/forever/images/product/372cf8c36960aeb775630a62bdb488d2.256p.jpg,95.61 CFM,Black,29.2 dB,Yes,600 - 1600 RPM,140 mm,0
ARCTIC P14 PWM PST A-RGB 3-Pack,,https://cdna.pcpartpicker.com/static/forever/images/product/49c9b77f83a824fcd19b1865c3032a26.256p.jpg,0 - 68 CFM,Black,,Yes,,140 mm,4.5
Deepcool FC120,,https://cdna.pcpartpicker.com/static/forever/images/product/09f6d631f96b668c6c86efbe7fc669e8.256p.jpg,,Black,,Yes,500 - 1800 RPM,120 mm,4
Thermalright TL-B6B,,,16.17 CFM,Black,20.17 dB,Yes,3200 RPM,60 mm,5
ADATA Vento,8.66,https://cdna.pcpartpicker.com/static/forever/images/product/2b1294fbc86284a131ec2f321f9dcba7.256p.jpg,45.3 CFM,Black,23 dB,No,1200 RPM,120 mm,0
Cooler Master CF120 ARGB,,,47.65 CFM,Black,20 dB,Yes,1200 RPM,120 mm,0
Lian Li UNI FAN SL V2 120 5-Pack,,,64.5 CFM,White,29.2 dB,Yes,250 - 2000 RPM,120 mm,0
Fractal Design Aspect 12 RGB,,https://cdna.pcpartpicker.com/static/forever/images/product/d93b4fe24e352b2943a2def6fd517784.256p.jpg,32 CFM,Black,18.3 dB,No,1200 RPM,120 mm,4
Silverstone Air Penetrator 184i PRO,,https://cdna.pcpartpicker.com/static/forever/images/product/c9bf636433a1eea520e105ac3cf25504.256p.jpg,1 - 143.21 CFM,Black,1 - 34.5 dB,Yes,1 - 1200 RPM,180 mm,0
Corsair LL140 2-Pack,,https://cdna.pcpartpicker.com/static/forever/images/product/afa0612430ce88fbeb08e1de600e1ac8.256p.jpg,51.5 CFM,Black,25 dB,Yes,600 - 1300 RPM,140 mm,4.5
Scythe Grand Tornado,34.99,https://cdna.pcpartpicker.com/static/forever/images/product/b1fb5fe924a3ea5d2cf9e5a12eaa1e0d.256p.jpg,12.23 - 97.82 CFM,Black,9.3 - 36.63 dB,Yes,400 - 3000 RPM,120 mm,5
Geometric Future Squama 2503R,19.89,https://cdna.pcpartpicker.com/static/forever/images/product/2eefb931fa32ae51cb1e3728881e14cc.256p.jpg,71.8 CFM,Black,34 dB,Yes,800 - 2100 RPM,140 mm,5
Antec Fusion 120 ARGB White 5-Pack,,https://cdna.pcpartpicker.com/static/forever/images/product/7ec97dc979900b2f2a50487afd3d5955.256p.jpg,57.93 CFM,White,17.02 - 31.24 dB,Yes,600 - 2000 RPM,120 mm,5
Corsair AF120 Quiet 2-Pack,,https://cdna.pcpartpicker.com/static/forever/images/product/cac61cef920d87c4677b975bdc8aab27.256p.jpg,52.19 CFM,Black / Blue,25.2 dB,No,1500 RPM,120 mm,4.5
Silverstone Air Slimmer 140 ARGB,39.93,,1 - 82 CFM,Black,1 - 33 dB,Yes,1 - 1700 RPM,140 mm,0
ID-COOLING TF-12025-ARGB-TRIO-SNOW 3-Pack,,https://cdna.pcpartpicker.com/static/forever/images/product/ed87b832764309241319e46fff37c04f.256p.jpg,68.2 CFM,White,13.8 - 30.5 dB,Yes,500 - 1500 RPM,120 mm,0
Noctua P12 PWM,,https://cdna.pcpartpicker.com/static/forever/images/product/7e776de393397bc8d6a7fb629d8623f1.256p.jpg,,Brown,12.6 - 19.8 dB,Yes,900 - 1300 RPM,120 mm,4.5
ARCTIC P12 PWM PST A-RGB 0dB 3-Pack,40.47,https://cdna.pcpartpicker.com/static/forever/images/product/b9f24444b1673d2ddeb1a846fdc9381a.256p.jpg,48.8 CFM,White / Gray,,Yes,,120 mm,4.5
Noctua NF-A14x25 G2 LS-PWM,29.99,https://cdna.pcpartpicker.com/static/forever/images/product/c41d8e68856644bf38055c64d1cd7bed.256p.jpg,39.7 - 48 CFM,Brown,8.6 - 11.4 dB,Yes,600 - 800 RPM,140 mm,0
Alphacool 24847,,,153.9 CFM,Black,50 - 51 dB,Yes,3200 RPM,140 mm,0
Montech RX,23.11,https://cdna.pcpartpicker.com/static/forever/images/product/89f0f0f8afb52db610736c7a4db2ab11.256p.jpg,90.5 CFM,White,27.9 dB,Yes,600 - 1600 RPM,140 mm,0
KOLINK UMBRA X,4.99,https://cdna.pcpartpicker.com/static/forever/images/product/f30248dd72da88b67730378b396e778e.256p.jpg,61 CFM,Black,24 dB,Yes,600 - 1600 RPM,120 mm,0
Thermalright TL-H12-X28,,,80.45 CFM,White,29.4 dB,Yes,2150 RPM,120 mm,5
Thermalright TL-P12W-S,15.99,,52.86 CFM,White,22.1 dB,Yes,1500 RPM,120 mm,0
Fractal Design Prisma AL,10.99,https://cdna.pcpartpicker.com/static/forever/images/product/e0d0f880ff9f729494e4085a88ba391c.256p.jpg,20.68 - 85.71 CFM,White / Black,14.8 - 32.7 dB,Yes,500 - 2000 RPM,120 mm,4
Thermaltake CT120 Reverse ARGB Sync 2-Pack,31.18,,65.82 CFM,White,31.2 dB,Yes,500 - 2000 RPM,120 mm,0
Vetroo ARGB120,,,48.1 CFM,Pink,,Yes,1300 RPM,120 mm,0
Noctua A15 HS-PWM chromax.black.swap,,,82.52 CFM,Multicolor,24.6 dB,Yes,300 - 1500 RPM,140 mm,4.5
Fractal Design Aspect 12,30.09,https://cdna.pcpartpicker.com/static/forever/images/product/17ce34f3a97ba1da42eaf9f48e919607.256p.jpg,32 CFM,Black,18.3 dB,No,1200 RPM,120 mm,5
Apevia APEVIA CO312L-WH Cosmos 120mm White LED Ultra Silent Case Fan w/ 16 LEDs &amp; Anti-Vibration Rubber Pads (3 Pack) 3-Pack,,,57.67 - 56.67 CFM,,24.7 dB,No,1350 RPM,120 mm,0
Thermaltake SWAFAN EX14 RGB 3-Pack,114.08,https://cdna.pcpartpicker.com/static/forever/images/product/83c4fc6ab3e2b878d3246cb3b009ca3e.256p.jpg,79.3 - 81.6 CFM,White,34.5 - 38.8 dB,No,500 - 2000 RPM,140 mm,0
Gigabyte AORUS 120 ARGB,,https://cdna.pcpartpicker.com/static/forever/images/product/b0da7c4ccb9461cfeee77ea2237f3133.256p.jpg,18.52 - 40.85 CFM,Black,7.3 - 28.6 dB,Yes,800 - 1700 RPM,120 mm,0
ARCTIC F8,4.42,https://cdna.pcpartpicker.com/static/forever/images/product/71a44513bf28238c7f3c318b82c72ece.256p.jpg,31 CFM,White / Black,,No,2000 RPM,80 mm,4
Montech METAL 120 PWM,,https://cdna.pcpartpicker.com/static/forever/images/product/d962cb05aeedd00918b57ca4a2882a41.256p.jpg,69 CFM,Black,26 dB,Yes,800 - 1950 RPM,120 mm,0
ARCTIC P8,4.98,https://cdna.pcpartpicker.com/static/forever/images/product/b201f87b242229a5b03c04b34c7670a7.256p.jpg,23.4 CFM,Black,,No,3000 RPM,80 mm,5
Thermaltake TOUGHFAN EX 3-Pack,55.47,https://cdna.pcpartpicker.com/static/forever/images/product/4f64b20b1f7999f2bf045b9e84da6979.256p.jpg,59.34 CFM,Black,25.7 dB,Yes,500 - 2000 RPM,120 mm,0
Thermaltake TOUGHFAN 12 Pro,,,49.13 - 70.8 CFM,Black,18.3 - 22.6 dB,Yes,500 - 2000 RPM,120 mm,0
Thermaltake TOUGHFAN,22.31,https://cdna.pcpartpicker.com/static/forever/images/product/1ba2a60e75895a3b397793eaafb0b3c4.256p.jpg,58.35 CFM,Green,22.3 dB,Yes,500 - 2000 RPM,120 mm,4
Prolimatech Vortex,,https://cdna.pcpartpicker.com/static/forever/images/product/9f0208c124a44ef4a6dc42fc4e442b62.256p.jpg,65 - 127 CFM,Black / Silver,15 - 28 dB,No,900 - 1600 RPM,140 mm,0
ID-COOLING NO-12015-XT ARGB,,https://cdna.pcpartpicker.com/static/forever/images/product/af112ef36f96edec0d207758b6531324.256p.jpg,54.6 CFM,Gray / Black,13.8 - 31.2 dB,Yes,500 - 2000 RPM,120 mm,5
Thermaltake Riing Plus TT 5-Pack,,,48.34 CFM,Black,24.7 dB,Yes,500 - 1500 RPM,120 mm,4.5
Apevia APEVIA CO312L-RD Cosmos 120mm Red LED Ultra Silent Case Fan w/ 16 LEDs &amp; Anti-Vibration Rubber Pads (3 Pack) 3-Pack,,,57.67 - 56.67 CFM,,24.7 dB,No,1350 RPM,120 mm,5
Noctua NF-A12x25 LS-PWM,28.99,https://cdna.pcpartpicker.com/static/forever/images/product/9ffbaf48b539e239737a7d3cce373f9e.256p.jpg,23.19 - 32.784 CFM,Brown,7.6 - 12.1 dB,Yes,450 - 900 RPM,120 mm,5
Corsair iCUE AF120 RGB SLIM 2-Pack,41.58,https://cdna.pcpartpicker.com/static/forever/images/product/89d9433d5e4f7d2323f6ccc276e76a1b.256p.jpg,13.4 - 56.3 CFM,White,27.5 dB,Yes,600 - 2000 RPM,120 mm,4
ARCTIC F12 PST 4-Pack,,,53 CFM,Black,22.5 dB,Yes,230 - 1350 RPM,120 mm,5
ID-COOLING ZF-12025 Pastel,,,55.2 CFM,Pink,16.3 - 33.5 dB,Yes,900 - 2000 RPM,120 mm,5
Cooler Master Mobius 120 Slim,,,53.7 CFM,Black,31.4 dB,Yes,2500 RPM,120 mm,5
Thermaltake SWAFAN 12 3-Pack,94.75,https://cdna.pcpartpicker.com/static/forever/images/product/f2dbcf318b6b1d74b6454b5d9d36d3ae.256p.jpg,53.02 - 54.85 CFM,Black,30.5 - 36.5 dB,No,500 - 2000 RPM,120 mm,4
Xilence XPF60.S.W,,https://cdna.pcpartpicker.com/static/forever/images/product/27511fff48934cf877e267a3e74bb985.256p.jpg,12 CFM,Black,22 dB,No,2100 RPM,60 mm,0
Xilence XPF120.R,,,44.71 CFM,Red / Black,22 dB,No,1300 RPM,120 mm,0
HAVN H12,16.99,https://cdna.pcpartpicker.com/static/forever/images/product/8f6be1044853a2f3df9aea86cba6cda8.256p.jpg,72.44 CFM,Black,32.2 dB,Yes,,120 mm,0
Silverstone Air Slimmer 140,32.84,,1 - 82 CFM,Black,1 - 33 dB,Yes,1 - 1700 RPM,140 mm,0
EK Loop Fan FPT 120 D-RGB,20.3,https://cdna.pcpartpicker.com/static/forever/images/product/3f6d1adaca82bbbefd3eef9b59ef007e.256p.jpg,77 CFM,Black,36 dB,Yes,550 - 2300 RPM,120 mm,5
ID-COOLING AT-120-W,8.99,,0 - 83 CFM,White,0 - 36.5 dB,Yes,,120 mm,0
Deepcool FD12,,https://cdna.pcpartpicker.com/static/forever/images/product/c62bbbe70261a7e9d2b6377f937d440f.256p.jpg,64.2 CFM,Black,27.6 dB,Yes,400 - 2050 RPM,120 mm,0
Deepcool RF 120 3-Pack,,https://cdna.pcpartpicker.com/static/forever/images/product/dd33df7731231af6e27e3eeaa70fb7fd.256p.jpg,56.5 CFM,Black / Clear,17.8 - 27 dB,Yes,500 - 1500 RPM,120 mm,4.5
Deepcool FC120 WHITE-3 IN 1 3-Pack,,https://cdna.pcpartpicker.com/static/forever/images/product/c0e147ba2a22d9cef240be2dcc62429c.256p.jpg,61.91 CFM,White,28 dB,Yes,500 - 1800 RPM,120 mm,4.5
Apevia Cosmos 3-Pack,,,57.67 - 56.67 CFM,,24.7 dB,No,1350 RPM,120 mm,0
Thermaltake TOUGHFAN 14 3-Pack,75.46,https://cdna.pcpartpicker.com/static/forever/images/product/25b3d659d4bf4387b47f730108947225.256p.jpg,,Black,30.7 dB,No,500 - 2000 RPM,140 mm,0
Corsair ML120 PRO,,https://cdna.pcpartpicker.com/static/forever/images/product/637d55a951c6564584edaa513645859e.256p.jpg,47.3 CFM,Black / White,25 dB,Yes,400 - 1600 RPM,120 mm,4.5
Corsair iCUE SP120 RGB Pro 3-Pack,,https://cdna.pcpartpicker.com/static/forever/images/product/491faa4fa9786957975b8116fdbc3033.256p.jpg,52 CFM,Black,26 dB,No,1400 RPM,120 mm,4
Corsair ML140 LED ELITE White Premium,30.94,https://cdna.pcpartpicker.com/static/forever/images/product/11399c811b924215c43c0c6d8f85d46b.256p.jpg,15 - 82.9 CFM,Black,10 - 31.8 dB,Yes,400 - 1600 RPM,140 mm,0
Corsair iCUE AF120 RGB SLIM,68.94,https://cdna.pcpartpicker.com/static/forever/images/product/555a9f324d3e74d3f1047ca0638e7099.256p.jpg,13.4 - 56.3 CFM,White,27.5 dB,Yes,600 - 2000 RPM,120 mm,5
ARCTIC P14 Max 5-Pack,50.48,,95 CFM,Black,,Yes,400 - 2800 RPM,140 mm,5
ADATA XPG VENTO PRO,19.42,https://cdna.pcpartpicker.com/static/forever/images/product/c8666bec1c18739dbb57544934dc43fe.256p.jpg,75 CFM,Gray / Black,10 - 28 dB,Yes,450 - 2150 RPM,120 mm,0
Noctua P14r redux-1500 PWM,,https://cdna.pcpartpicker.com/static/forever/images/product/ebead71354b402ef8029c83145a87011.256p.jpg,78.69 CFM,Black / Gray,25.8 dB,Yes,450 - 1500 RPM,140 mm,4.5
ARCTIC BioniX P120,15.18,https://cdna.pcpartpicker.com/static/forever/images/product/85da5e436de59e21c22eea5332dcc894.256p.jpg,67.56 CFM,Red / Black,,Yes,200 - 2100 RPM,120 mm,4.5
Fractal Design Dynamic GP-14,16.48,https://cdna.pcpartpicker.com/static/forever/images/product/8dea83b27e27d8c0de65538eac3cfcb7.256p.jpg,68.4 CFM,Black / White,18.89 dB,No,1000 RPM,140 mm,4.5
Fractal Design Aspect 12 RGB 3-Pack,,https://cdna.pcpartpicker.com/static/forever/images/product/d93b4fe24e352b2943a2def6fd517784.256p.jpg,32 CFM,Black,18.3 dB,No,1200 RPM,120 mm,5
KOLINK UMBRA VOID,,https://cdna.pcpartpicker.com/static/forever/images/product/040df1a9a6a11b3ee19caf6c2cf3e64a.256p.jpg,41 CFM,Black,19.6 dB,Yes,1500 RPM,120 mm,0
ARCTIC P12 PST,9.95,https://cdna.pcpartpicker.com/static/forever/images/product/10f55c970d81b1e9dae933eb4f8b8ab2.256p.jpg,56.3 CFM,White,,Yes,200 - 1800 RPM,120 mm,4.5
Silverstone Air Nexus 3-Pack,,https://cdna.pcpartpicker.com/static/forever/images/product/9fcdb93d0af31e0d52cb335a991983c4.256p.jpg,60.4 CFM,Black / White,30 dB,Yes,500 - 1500 RPM,120 mm,0
NZXT Aer F,,https://cdna.pcpartpicker.com/static/forever/images/product/bcf3d4e2c3595159f6d73b64d14ed3eb.256p.jpg,34.48 - 103.43 CFM,Black,21 - 35 dB,Yes,,140 mm,4
Corsair iCUE SP120 RGB Pro,,https://cdna.pcpartpicker.com/static/forever/images/product/a26d9e55f89e849dbb15cbcb5e327e72.256p.jpg,52 CFM,Black,26 dB,No,1400 RPM,120 mm,4.5
darkFlash Aurora DR12 PRO 5-Pack,,,20.34 CFM,Black,16 dB,No,1200 RPM,120 mm,4
Vetroo SA-140 3-Pack,,,69.29 CFM,Black,33.5 dB,Yes,1200 RPM,140 mm,0
ARCTIC P9 PWM PST CO,9.33,https://cdna.pcpartpicker.com/static/forever/images/product/3b15296d697d3a76f40ab76a4e38ab8f.256p.jpg,38.83 CFM,Black,,Yes,200 - 3000 RPM,92 mm,0
NZXT FN,,,62.5 CFM,White,26.52 dB,No,1300 RPM,140 mm,4
NZXT F140 RGB,32.99,https://cdna.pcpartpicker.com/static/forever/images/product/f0cabedd1849860f3f00943077ebeca7.256p.jpg,24.85 - 89.48 CFM,White,20 - 32.5 dB,Yes,500 - 1800 RPM,140 mm,4.5
NZXT F140 RGB DUO,23.94,https://cdna.pcpartpicker.com/static/forever/images/product/8b9877f1e43c07027930b33448b1f937.256p.jpg,84.75 CFM,Black,36 dB,Yes,500 - 1800 RPM,140 mm,0
Thermalright TL-B14,,,82.5 CFM,Gray,27.6 dB,Yes,1500 RPM,140 mm,0
Antec NOVA 120 3-Pack,54.94,,44 - 95.32 CFM,Black,21.5 - 38.7 dB,Yes,300 - 3200 RPM,120 mm,0
Deepcool FK120,,https://cdna.pcpartpicker.com/static/forever/images/product/d3f566bf685dc1c3895da05bc3c245b1.256p.jpg,68.99 CFM,Black,28 dB,Yes,500 - 1850 RPM,120 mm,5
Asus TUF GAMING TF120 ARGB White,44.27,,76 CFM,White,29 dB,Yes,250 - 1900 RPM,120 mm,0
Antec Tranquil 3-Pack,,https://cdna.pcpartpicker.com/static/forever/images/product/ce1de87922baa12942e17a8f8c36cd08.256p.jpg,21.13 - 85.96 CFM,Black,18.6 - 27.5 dB,Yes,450 - 1500 RPM,140 mm,0
EK Loop Fan FPT 140 D-RGB,22.4,https://cdna.pcpartpicker.com/static/forever/images/product/bfc0a6c14fcee46a1a8a8fb886bb7766.256p.jpg,118.01 CFM,White,44.56 dB,Yes,600 - 2200 RPM,140 mm,0
Geometric Future Squama 2503,,https://cdna.pcpartpicker.com/static/forever/images/product/6bdb110b753c15602f2e099da1216a1e.256p.jpg,91.15 CFM,White,34 dB,Yes,800 - 2400 RPM,140 mm,0
Thermalright TL-C12C-X28,,,73.3 CFM,Black,25.4 dB,Yes,1550 RPM,120 mm,0
Noctua R8 redux-1800,17.47,,31.37 CFM,Black / Gray,17.1 dB,No,1800 RPM,80 mm,4.5
Thermaltake SWAFAN EX12 RGB 3-Pack,75.46,https://cdna.pcpartpicker.com/static/forever/images/product/5c0742d948825b66545778219af5a0f1.256p.jpg,56.26 - 57.11 CFM,Black,30.5 - 32.5 dB,No,500 - 2000 RPM,120 mm,4
Noctua A8 FLX,21.53,,17 - 29.67 CFM,Brown,7.9 - 16.1 dB,No,1200 - 2000 RPM,80 mm,5
GAMDIAS AEOLUS P2,,,74.97 CFM,Black,,Yes,1000 - 2400 RPM,120 mm,0
Cooler Master SickleFlow 120 ARGB 3 In 1 3-Pack,,https://cdna.pcpartpicker.com/static/forever/images/product/1cc190ca3390c32f596e5c466270569f.256p.jpg,62 CFM,White,8 - 27 dB,Yes,650 - 1800 RPM,120 mm,4
Cooler Master Mobius OC,16.09,,40.2 - 88.1 CFM,Blue / Black,17.4 - 39.3 dB,Yes,,120 mm,0
Vetroo SA-120,,,26.05 - 58.18 CFM,Pink,36.1 dB,Yes,800 - 1300 RPM,120 mm,0
Kingwin CF-012LB,,,40 CFM,Black,19 dB,No,950 RPM,120 mm,3.5
Scythe Slipstream,30.26,,110.31 CFM,Black,37 dB,No,1900 RPM,120 mm,4
EK Loop Fan FPT 120,29.88,https://cdna.pcpartpicker.com/static/forever/images/product/5724a9ee60da027a21c5f5b7017ee5af.256p.jpg,77 CFM,Black,36 dB,Yes,550 - 2300 RPM,120 mm,0
Deepcool RF 120,,https://cdna.pcpartpicker.com/static/forever/images/product/3ca43cd0ecd424d66264bda0f4a7a3d6.256p.jpg,56.5 CFM,Black / White,17.8 - 27 dB,Yes,500 - 1500 RPM,120 mm,4
Corsair ML120 PRO 3-Pack,,https://cdna.pcpartpicker.com/static/forever/images/product/637d55a951c6564584edaa513645859e.256p.jpg,47.3 CFM,Black / White,25 dB,Yes,400 - 1600 RPM,120 mm,4
NZXT F120Q (2022),,https://cdna.pcpartpicker.com/static/forever/images/product/886efa1897e41815e79190ffa5650251.256p.jpg,27.77 - 64 CFM,Black,16.7 - 22.5 dB,Yes,500 - 1200 RPM,120 mm,3
Corsair iCUE AR120 Digital RGB,,https://cdna.pcpartpicker.com/static/forever/images/product/df5b9762bf86915c5b99b0c1b986a986.256p.jpg,10.7 - 59 CFM,White,10 - 27.3 dB,Yes,400 - 1850 RPM,120 mm,5
Corsair iCUE AR120 Digital RGB 3-Pack,,https://cdna.pcpartpicker.com/static/forever/images/product/c1339d09abb5e1952df65e417003da31.256p.jpg,10.7 - 59 CFM,White,10 - 27.3 dB,Yes,400 - 1850 RPM,120 mm,3.5
Thermalright TL-H120-15W-S,,,56.36 CFM,White,28.4 dB,Yes,1900 RPM,120 mm,5
Deepcool FL12R,,https://cdna.pcpartpicker.com/static/forever/images/product/37f12a07047922ebbc6a33333fc37d18.256p.jpg,55 CFM,Black,32 dB,Yes,500 - 2150 RPM,120 mm,0
Apevia Twilight 6-Pack,,,57.67 CFM,White / Black,24.7 dB,No,1350 RPM,120 mm,1
Noctua A12x25 FLX,28.95,https://cdna.pcpartpicker.com/static/forever/images/product/0678f7edda3cb1ccb18c4ae46ae94dce.256p.jpg,37.96 - 60.09 CFM,Brown,14.2 - 22.6 dB,No,1350 - 2000 RPM,120 mm,4.5
Valkyrie X12F,24.94,https://cdna.pcpartpicker.com/static/forever/images/product/b533fd42b15a917e353aef3b611d2c46.256p.jpg,80 CFM,Black,29 dB,Yes,800 - 2150 RPM,120 mm,0
Valkyrie V12,,https://cdna.pcpartpicker.com/static/forever/images/product/27d13540e038e6a31c5ba93749ceb28f.256p.jpg,75 CFM,Black,34 dB,Yes,700 - 1850 RPM,120 mm,5
ENDORFY Fluctus,13.98,https://cdna.pcpartpicker.com/static/forever/images/product/c714a1513614caed49381f393dc6ff89.256p.jpg,,Black,,Yes,250 - 1800 RPM,140 mm,0
Thermaltake CT140 Reverse ARGB Sync 2-Pack,31.42,,65.82 CFM,Black,31.2 dB,Yes,500 - 2000 RPM,120 mm,0
Noctua S12A FLX,21.95,https://cdna.pcpartpicker.com/static/forever/images/product/271b48c6db285ea2cdf0cd7a367a8686.256p.jpg,,Brown,7.4 - 17.8 dB,No,700 - 1200 RPM,120 mm,4.5
Corsair iCUE QL140,59.94,https://cdna.pcpartpicker.com/static/forever/images/product/27c21f13a383dc39b1e6a75179074876.256p.jpg,50.2 CFM,White / Black,26 dB,Yes,550 - 1250 RPM,140 mm,4
Cooler Master MasterFan MF200R ARGB,,,90.3 CFM,Black / Gray,28 dB,No,800 RPM,200 mm,0
Noctua P12 redux-900,12.95,https://cdna.pcpartpicker.com/static/forever/images/product/a623af33741a81e7468608baa3320356.256p.jpg,37.31 CFM,Gray,12.6 dB,No,900 RPM,120 mm,5
Phanteks PH-F120SK,7.99,https://cdna.pcpartpicker.com/static/forever/images/product/3a2fa47f978a824ef463c3a8ed81d07e.256p.jpg,50 CFM,Black / White,27 dB,Yes,500 - 1500 RPM,120 mm,4.5
Razer Kunai Chroma,18.48,https://cdna.pcpartpicker.com/static/forever/images/product/bef444502dfd9345f456d52783393ea8.256p.jpg,34.48 - 81 CFM,Black,15 - 30 dB,Yes,500 - 1600 RPM,140 mm,0
ARCTIC F8 PWM PST 5-Pack,,https://cdna.pcpartpicker.com/static/forever/images/product/aaf72a552e3521bb9b646ab713e4b592.256p.jpg,31 CFM,Black / White,,Yes,300 - 2000 RPM,80 mm,0
Silverstone VISTA,,https://cdna.pcpartpicker.com/static/forever/images/product/2910ab824217f58bdb0291e77bd1df95.256p.jpg,0 - 66 CFM,Black,0 - 30.6 dB,Yes,,120 mm,0
Corsair AF120,,https://cdna.pcpartpicker.com/static/forever/images/product/b84d3e756e90c26c57734a1e748909dd.256p.jpg,52.19 CFM,White,25.2 dB,No,1500 RPM,120 mm,4
Zalman F3,,https://cdna.pcpartpicker.com/static/forever/images/product/cbf15bf4965cf7cd563630c031eff170.med.256p.jpg,,Black,20 - 23 dB,No,1200 RPM,120 mm,4
Corsair ML140 Pro,,https://cdna.pcpartpicker.com/static/forever/images/product/373804b4618d6b94ac36d2706797b274.256p.jpg,20 - 97 CFM,Black / Red,16 - 37 dB,Yes,400 - 2000 RPM,140 mm,4.5
Cooler Master MasterFan MF120R,,https://cdna.pcpartpicker.com/static/forever/images/product/ae67a9e317a6e28209c2f276f2609bd4.256p.jpg,59 CFM,Black,31 dB,Yes,650 - 2000 RPM,120 mm,4
Asiahorse FS-N001 3-Pack,,,,White,,Yes,800 - 1500 RPM,120 mm,4
GameMax Velocity ARGB,,https://cdna.pcpartpicker.com/static/forever/images/product/5d1bf73a297007778f2c855d06396213.256p.jpg,94.8 CFM,Black,23.8 dB,No,1500 RPM,120 mm,0
Noctua NF-A14 INDUSTRIALPPC-24V-3000 Q100 IP67 PWM,,,158.5 CFM,Black / Brown,41.3 dB,Yes,800 - 3000 RPM,140 mm,5
Lian Li UNI FAN AL120 V2,,https://cdna.pcpartpicker.com/static/forever/images/product/94b9beb8102d94a98124b2ea43ecd9ea.256p.jpg,77.3 CFM,White,28.7 dB,Yes,250 - 2000 RPM,120 mm,5
Gelid Solutions Silent,11.77,,4.5 CFM,Black,18.89 dB,No,4200 RPM,40 mm,0
Alphacool 24844,,https://cdna.pcpartpicker.com/static/forever/images/product/caa1750735286f3f30add4fb1cbf0608.256p.jpg,93.6 CFM,Black,30 - 43 dB,Yes,3000 RPM,120 mm,0
Noctua S12A ULN,21.95,https://cdna.pcpartpicker.com/static/forever/images/product/593f7070efbfeabc3d6b8274cd6e5c43.256p.jpg,,Brown,6.7 - 8.6 dB,No,600 - 800 RPM,120 mm,4.5
ARCTIC P8 Silent,8.47,https://cdna.pcpartpicker.com/static/forever/images/product/87eea1916e7a139f828c53c8824e75ce.256p.jpg,15.6 CFM,Black,,No,1600 RPM,80 mm,0
Noctua P14s redux-1200,20.44,,64.92 CFM,Black / Gray,19.6 dB,No,1200 RPM,140 mm,4.5
Thermaltake SWAFAN 14 3-Pack,,https://cdna.pcpartpicker.com/static/forever/images/product/f2dbcf318b6b1d74b6454b5d9d36d3ae.256p.jpg,71.3 - 77.6 CFM,Black,34.5 - 10.5 dB,No,500 - 2000 RPM,140 mm,0
Xilence XPF92.R,4.88,https://cdna.pcpartpicker.com/static/forever/images/product/7211625931051cedd2095305bc0bad9f.256p.jpg,27.45 CFM,Red / Black,17.8 dB,No,1500 RPM,92 mm,0
Mars Gaming MF-LINKFINITY,16.98,,69 CFM,Black,,Yes,800 - 2000 RPM,120 mm,5
Corsair ML120 2-Pack,,https://cdna.pcpartpicker.com/static/forever/images/product/2d72a933af1e5db84b3986635e37558c.256p.jpg,12 - 75 CFM,White / Black,16 - 37 dB,Yes,400 - 2400 RPM,120 mm,4.5
Xilence XPF80.R,,,18.61 CFM,Red / Black,17.5 dB,No,1500 RPM,80 mm,0
Silverstone FN80,,https://cdna.pcpartpicker.com/static/forever/images/product/837504ecb402c53434d5ef39bf018534.256p.jpg,27.81 CFM,Black,22.9 dB,No,2000 RPM,80 mm,0
Jonsbo SL-120W,,https://cdna.pcpartpicker.com/static/forever/images/product/49db760051800ca2ba13564d097e4f4b.256p.jpg,28.12 - 59.48 CFM,White,22 - 32 dB,Yes,600 - 1500 RPM,120 mm,0
Corsair AF120 SLIM,,https://cdna.pcpartpicker.com/static/forever/images/product/f7145982ff3815b037eb721d7c1b7fa8.256p.jpg,13.4 - 56.3 CFM,Black,5 - 25.6 dB,Yes,600 - 2000 RPM,120 mm,4.5
Cooler Master Mobius 120P 3-Pack,44.95,https://cdna.pcpartpicker.com/static/forever/images/product/9ae162bf5f065c332bf67a3e4ebf2fa1.256p.jpg,0 - 75.2 CFM,White,0 - 30 dB,Yes,,120 mm,0
Silverstone VISTA 120F,,https://cdna.pcpartpicker.com/static/forever/images/product/4daf667832db6929fa6a3fc417b0b140.256p.jpg,48 CFM,Black,23.1 dB,No,1500 RPM,120 mm,0
BitFenix Spectre Pro,25.01,https://cdna.pcpartpicker.com/static/forever/images/product/02cd1547539a4c92c2396aab9cdb1939.med.256p.jpg,122.2 CFM,White,29.2 dB,Yes,500 - 1800 RPM,140 mm,5
Cooler Master Megaflow,,https://cdna.pcpartpicker.com/static/forever/images/product/81ab0d6b044f8e33cc72e13494c3db81.256p.jpg,110 CFM,Clear,19 dB,No,700 RPM,200 mm,4.5
NZXT Aer RGB,,https://cdna.pcpartpicker.com/static/forever/images/product/7dcb82df69ebeb7fec9595e3e12bb1c5.256p.jpg,20 - 61.4 CFM,Black,22 - 31 dB,Yes,500 - 1500 RPM,120 mm,4
Deepcool RF M 5-Pack,,https://cdna.pcpartpicker.com/static/forever/images/product/ce2a73091c7201686c701e13754de847.256p.jpg,56.5 CFM,Black / White,27 dB,Yes,500 - 1500 RPM,120 mm,4.5
Xigmatek Galaxy II Elite 3-Pack,,,,Black / White,,No,600 - 1500 RPM,120 mm,4
Asus TUF Gaming TF120 ARGB,,https://cdna.pcpartpicker.com/static/forever/images/product/d41d0c6f7ae7936d5c06e46d17262482.256p.jpg,76 CFM,Black / White,29 dB,Yes,250 - 1900 RPM,120 mm,0
EK Quantum Impulse D-RGB,24.46,https://cdna.pcpartpicker.com/static/forever/images/product/b490e22bb03f84f88a9519005904eaf0.256p.jpg,57.5 CFM,Black / White,24.3 dB,Yes,400 - 1800 RPM,120 mm,0
Corsair SP120 ELITE,,https://cdna.pcpartpicker.com/static/forever/images/product/a78004e38667cd080214746e144b25fc.256p.jpg,6.37 - 45.4 CFM,Black,5 - 20.6 dB,Yes,300 - 1300 RPM,120 mm,2.5
Thermaltake TOUGHFAN EX14 Pro 3-Pack,96.2,https://cdna.pcpartpicker.com/static/forever/images/product/c1a04a3b300f404f8783d7f4edbca550.256p.jpg,102.3 - 119.6 CFM,White,31.6 - 34.1 dB,Yes,500 - 2000 RPM,120 mm,0
Antec Tranquil,,https://cdna.pcpartpicker.com/static/forever/images/product/a2a9c2f97112619c2026f385499de8c8.256p.jpg,21.13 - 85.96 CFM,Black,18.6 - 27.5 dB,Yes,450 - 1500 RPM,140 mm,0
Noctua NF-A14x25 G2 LS-PWM chromax.black,,,0 - 48.03 CFM,Black,0 - 11.4 dB,Yes,,140 mm,0
Montech E28 3-Pack,,,85.09 CFM,Black,34.17 dB,Yes,800 - 2000 RPM,120 mm,0
HAVN H18,,https://cdna.pcpartpicker.com/static/forever/images/product/6eb776db402970924f30a65ae7260540.256p.jpg,164.63 CFM,Black,35 dB,Yes,,180 mm,0
Apevia APEVIA CO512L-PK Cosmos 120mm Pink LED Ultra Silent Case Fan w/ 16 LEDs &amp; Anti-Vibration Rubber Pads (5 Pack) 5-Pack,,https://cdna.pcpartpicker.com/static/forever/images/product/8e0df068a1bcc01c6ade38baf58f05dc.256p.jpg,57.67 - 56.67 CFM,,24.7 dB,No,1350 RPM,120 mm,5
ARCTIC P8 5-Pack,18.79,https://cdna.pcpartpicker.com/static/forever/images/product/8a795ff7b14c68019c267ca2996344b1.256p.jpg,23.4 CFM,,,No,3000 RPM,80 mm,0
ADATA XPG HURRICANE,,https://cdna.pcpartpicker.com/static/forever/images/product/cccde97b07ec4b6f53cb0276e9a72323.256p.jpg,61.5 CFM,Black / White,18.17 dB,Yes,600 - 2000 RPM,120 mm,0
Noctua S12B redux-1200,12.95,,59.1 CFM,Black / Gray,18.1 dB,No,1200 RPM,120 mm,5
Thermaltake TOUGHFAN 14 Pro,,,87.6 - 119.6 CFM,Black,24.5 - 31.6 dB,Yes,500 - 2000 RPM,140 mm,0
Fractal Design Prisma AL 3-Pack,36.09,https://cdna.pcpartpicker.com/static/forever/images/product/ba7ea989f3014ff3dafcd0c9dc03f872.256p.jpg,20.68 - 85.71 CFM,White / Black,14.8 - 32.7 dB,Yes,500 - 2000 RPM,120 mm,5
Thermaltake Pure Plus RGB TT Premium Edition 3-Pack,58.55,https://cdna.pcpartpicker.com/static/forever/images/product/50c77943779f65aef2ef410e00b1108f.256p.jpg,56.45 CFM,Black,25.8 dB,Yes,500 - 1500 RPM,120 mm,4
GAMDIAS AEOLus M1,,,45.2 CFM,Black,31 dB,No,1500 RPM,120 mm,0
darkFlash CF8 Pro 3-Pack,,,,Transparent,,No,,120 mm,0
Antec Fusion 120 ARGB 3-Pack,,https://cdna.pcpartpicker.com/static/forever/images/product/da5da13a25577da150cdec049a26e6cc.256p.jpg,57.93 CFM,Black,17.02 - 31.24 dB,Yes,600 - 2000 RPM,120 mm,0
Corsair iCUE ML RGB ELITE Premium,,https://cdna.pcpartpicker.com/static/forever/images/product/2af71f843ddbd078ca5db76ec8832055.256p.jpg,15 - 82.9 CFM,White,10 - 31.8 dB,Yes,400 - 1600 RPM,140 mm,0
ID-COOLING AF-125,,https://cdna.pcpartpicker.com/static/forever/images/product/a63b81d0c5c39ab3a7ebed5e52b2f198.256p.jpg,78.25 CFM,White,29.85 dB,Yes,500 - 2000 RPM,120 mm,0
Scythe Kaze Flex,32.36,https://cdna.pcpartpicker.com/static/forever/images/product/32e0830ce37fc28c0341c3000834f2c0.256p.jpg,16.6 - 43.03 CFM,Black,4 - 14.05 dB,Yes,300 - 800 RPM,120 mm,0
SeaSonic MAGFLOW 3-Pack,,https://cdna.pcpartpicker.com/static/forever/images/product/aa6f257d80e5e71089c73dbb95fbe3e1.256p.jpg,63.33 CFM,Black,9.9 - 33.78 dB,Yes,600 - 2000 RPM,120 mm,0
Yeston SAKURA,,https://cdna.pcpartpicker.com/static/forever/images/product/06d483b17436cfd4a2b1ddadf6fd8f64.256p.jpg,79 CFM,Blue / White,35.4 dB,Yes,800 - 1800 RPM,120 mm,3
Cooler Master MasterFan SF120P,114,https://cdna.pcpartpicker.com/static/forever/images/product/7cd330a579f7c0974a9013be170f6378.256p.jpg,43 CFM,Black,8 - 30 dB,Yes,650 - 2000 RPM,120 mm,0
Corsair iCUE ML RGB ELITE Premium 2-Pack,,https://cdna.pcpartpicker.com/static/forever/images/product/791d54bc3c9abc08729f06ffa41d4d64.256p.jpg,15 - 82.9 CFM,Black,10 - 31.8 dB,Yes,400 - 1600 RPM,140 mm,2
Silverstone Air Penetrator 184i ARGB,,https://cdna.pcpartpicker.com/static/forever/images/product/2de58f6e66761f02642715db807f68d1.256p.jpg,0 - 143.21 CFM,Black,0 - 34.5 dB,Yes,,180 mm,0
Corsair SP140,,https://cdna.pcpartpicker.com/static/forever/images/product/ecb6b9b9f2c11e3c11d4c95d3a2af2a2.256p.jpg,49.49 CFM,Black / Red,29.3 dB,No,1440 RPM,140 mm,4
Deepcool CF120 Plus 3-Pack,,https://cdna.pcpartpicker.com/static/forever/images/product/c26761f185b2c072a12eaa1447acd3f3.256p.jpg,52.5 CFM,Black / White,28.8 dB,Yes,500 - 1800 RPM,120 mm,4
MSI MAG MAX F12A-3 3-Pack,,https://cdna.pcpartpicker.com/static/forever/images/product/7e92867adf4eb332179cf3b6cbab23a9.256p.jpg,8 - 40.1 CFM,Black,20 - 28 dB,Yes,600 - 1500 RPM,120 mm,0
In Win Neptune DN140 Pro,,,43.74 - 91.66 CFM,Black / Red,24 dB,Yes,900 - 1800 RPM,140 mm,0
Geometric Future Squama 3805 3-Pack,,https://cdna.pcpartpicker.com/static/forever/images/product/c5a4bd1e38afd0f474a474f8b0bd49b0.256p.jpg,115 CFM,Black,40 dB,Yes,700 - 2500 RPM,120 mm,0
SilentiumPC Stella HP ARGB,,,,Black,,Yes,250 - 2300 RPM,120 mm,0
Deepcool FT12,18.46,https://cdna.pcpartpicker.com/static/forever/images/product/1988cf20bbb64d64eba724a0ecb2449e.256p.jpg,75 CFM,Black,32 dB,Yes,500 - 2150 RPM,120 mm,0
Montech E28,,,85.09 CFM,Black,34.17 dB,Yes,800 - 2000 RPM,120 mm,0
Chillblast Cryo Blast Z1,16.94,https://cdna.pcpartpicker.com/static/forever/images/product/86203b1411fe625b4067bfffa20c6297.256p.jpg,52 CFM,Black,15 - 30 dB,Yes,600 - 1800 RPM,120 mm,0
Thermaltake SWAFAN 120 EX INFINITY ARGB Sync Wood Edition 3-Pack,,,58.13 CFM,Black / Brown,30 dB,Yes,500 - 2000 RPM,120 mm,0
Xilence XPF120.W.ARGB,,https://cdna.pcpartpicker.com/static/forever/images/product/0def7ecd7a75c17c56b5a12278142b58.256p.jpg,68.2 CFM,White,18 - 32.5 dB,Yes,500 - 1500 RPM,120 mm,0
Geometric Future Squama 2501 3-Pack,,,80.81 CFM,White,34.2 dB,Yes,2000 RPM,120 mm,0
ARCTIC BioniX F120,20.27,https://cdna.pcpartpicker.com/static/forever/images/product/8cbfc84f57700b737cd5813da9d057b3.256p.jpg,69 CFM,Black / White,24.4 dB,Yes,200 - 1800 RPM,120 mm,4.5
Noctua A14 industrialPPC-2000,28.95,,107.42 CFM,Brown / Black,31.5 dB,No,2000 RPM,140 mm,4.5
Vantec Tornado,,,84.1 CFM,Black,55.2 dB,No,5700 RPM,80 mm,0
Noctua P12 redux-1300,12.95,https://cdna.pcpartpicker.com/static/forever/images/product/a623af33741a81e7468608baa3320356.256p.jpg,54.32 CFM,Gray,19.8 dB,No,1300 RPM,120 mm,0
Evercool EC4010TH12BP,,https://cdna.pcpartpicker.com/static/forever/images/product/aa8366a5b580c5d94fa1faea1aa44cbf.256p.jpg,,Black,26 dB,No,2000 - 6500 RPM,40 mm,0
Xigmatek Crystal,,,60.46 CFM,Clear,16 dB,No,1000 RPM,140 mm,4.5
Aerocool Shark,,https://cdna.pcpartpicker.com/static/forever/images/product/7a6a5817f5752ad35dc96accf59428a6.256p.jpg,32.5 - 82.6 CFM,White,12.6 - 26.5 dB,No,800 - 1500 RPM,120 mm,4
Noctua S12B redux-700,12.95,,33.49 CFM,Black / Gray,6.8 dB,No,700 RPM,120 mm,5
Thermaltake Pure ARGB TT Premium Edition 3-Pack,42.98,https://cdna.pcpartpicker.com/static/forever/images/product/500fbb49e030dcc33478d22f5abd6a94.256p.jpg,56.45 CFM,Black,25.8 dB,Yes,500 - 1500 RPM,120 mm,4
Corsair SP120 High Performance,,https://cdna.pcpartpicker.com/static/forever/images/product/36a60ee418aa94190a573b320e5e2d34.256p.jpg,52 CFM,White / Black,26 dB,Yes,1400 RPM,120 mm,5
NZXT Aer P,,https://cdna.pcpartpicker.com/static/forever/images/product/7dc02a1c238e33c807a5608af9ef5f78.256p.jpg,18.28 - 73.11 CFM,Black,21 - 36 dB,Yes,500 - 2000 RPM,120 mm,4.5
Noctua A12x25 ULN,28.95,https://cdna.pcpartpicker.com/static/forever/images/product/0678f7edda3cb1ccb18c4ae46ae94dce.256p.jpg,23.19 - 32.78 CFM,Brown,7.6 - 12.1 dB,No,900 - 1200 RPM,120 mm,5
CRYORIG QF Performance,,https://cdna.pcpartpicker.com/static/forever/images/product/b834ccb60dbfec83498b9807d4d1c10c.256p.jpg,128 CFM,White / Black,13 - 38 dB,Yes,600 - 1850 RPM,140 mm,0
Corsair AF120 (2018),,https://cdna.pcpartpicker.com/static/forever/images/product/26682e541c057c6627ba89884586b3af.256p.jpg,52 CFM,Black / White,26 dB,No,1400 RPM,120 mm,4.5
In Win Sirius Loop ASL 3-Pack,,https://cdna.pcpartpicker.com/static/forever/images/product/d1762b5e419a9749b1c2995bc5773b40.256p.jpg,50 CFM,Black,27 dB,Yes,500 - 1800 RPM,120 mm,4.5
In Win Sirius Loop ASL,,https://cdna.pcpartpicker.com/static/forever/images/product/e5446b3eb0acfbe50c2dd87a2f029fa9.256p.jpg,50 CFM,Black,27 dB,Yes,500 - 1800 RPM,120 mm,0
Lian Li Uni Fan SL,,https://cdna.pcpartpicker.com/static/forever/images/product/99615f57b077b0e4d51cae556febc826.256p.jpg,70.5 CFM,Black,30 dB,Yes,500 - 1500 RPM,140 mm,4.5
GAMDIAS AEOLUS M2 4-Pack,,https://cdna.pcpartpicker.com/static/forever/images/product/08d566694d7d463fe32204e68010be58.256p.jpg,56 CFM,Black,,Yes,700 - 1500 RPM,120 mm,3
Corsair iCUE ML120 RGB ELITE Premium,,https://cdna.pcpartpicker.com/static/forever/images/product/4079f8bbd4f6f46a84983d92e09cd328.256p.jpg,14.86 - 58.1 CFM,White / Gray,10 - 30.4 dB,Yes,450 - 2000 RPM,120 mm,4
Corsair iCUE ML120 RGB ELITE Premium 3-Pack,,https://cdna.pcpartpicker.com/static/forever/images/product/3731e69107389003ab65d658bd2b66ce.256p.jpg,14.86 - 58.1 CFM,White / Gray,10 - 30.4 dB,Yes,450 - 2000 RPM,120 mm,4.5
Thermalright TL-P12-S,15.99,,52.86 CFM,Black / White,22.1 dB,Yes,1500 RPM,120 mm,4
Mars Gaming MF-LINKFINITY 3-Pack,38.99,,69 CFM,White,,Yes,800 - 2000 RPM,120 mm,0
Noctua NF-A6x25 FLX,,https://cdna.pcpartpicker.com/static/forever/images/product/63df99f8b427fca6f294df1e70487758.256p.jpg,9.82 - 17.18 CFM,Brown,8.19 - 19.3 dB,No,1600 - 3000 RPM,60 mm,5
Thermaltake Riing Plus TT 3-Pack,79.95,https://cdna.pcpartpicker.com/static/forever/images/product/7a150a77eb6066aa5044a32b24134e6a.256p.jpg,48.34 CFM,Black,24.7 dB,Yes,500 - 1500 RPM,120 mm,4
Scythe Kaze Flex Slim,22.66,https://cdna.pcpartpicker.com/static/forever/images/product/9084f9c340c9a0c18ca80a2c968ef2ca.256p.jpg,50.79 CFM,Gray / Black,30 dB,Yes,1800 RPM,120 mm,0
Scythe Wonder Snail 120,,,7.68 - 77.23 CFM,Black,3 - 29.3 dB,Yes,300 - 2400 RPM,120 mm,5
Scythe Kaze Flex RGB,26.14,,6.75 - 48.88 CFM,Black,7.3 - 28.83 dB,Yes,300 - 2300 RPM,92 mm,0
Corsair iCUE SP140 RGB ELITE,,https://cdna.pcpartpicker.com/static/forever/images/product/a463273028f47ce8ce7efeff69251d84.256p.jpg,,Black / White,,Yes,450 - 1200 RPM,140 mm,4.5
Thermalright TL-B14W EXTREM,,,110.4 CFM,White,31.4 dB,Yes,2000 RPM,140 mm,0
In Win Neptune AN120 3-Pack,,,23.87 - 60.1 CFM,Black / White,20.5 dB,Yes,900 - 2200 RPM,120 mm,5
Xilence XPF120.ARGB,,https://cdna.pcpartpicker.com/static/forever/images/product/0def7ecd7a75c17c56b5a12278142b58.256p.jpg,68.2 CFM,Black,18 - 32.5 dB,Yes,500 - 1500 RPM,120 mm,0
Cougar Vortex,46.16,,60.4 CFM,Orange,17.7 dB,No,1200 RPM,120 mm,4.5
ID-COOLING TF-12025-ARGB-SNOW,,https://cdna.pcpartpicker.com/static/forever/images/product/e190a68b4c7a92e5ff17999b276f9ca2.256p.jpg,68.2 CFM,White,13.8 - 30.5 dB,Yes,500 - 1500 RPM,120 mm,0
Silverstone Shark Force,49.78,,0 - 120 CFM,Black,0 - 38.3 dB,Yes,,140 mm,0
Thermaltake TOUGHFAN Turbo,,https://cdna.pcpartpicker.com/static/forever/images/product/66581c81a22ffe3b308a7da71e294f5b.256p.jpg,72.69 CFM,Black,28.1 dB,Yes,500 - 2500 RPM,120 mm,0
KOLINK UMBRA,31.99,https://cdna.pcpartpicker.com/static/forever/images/product/5de0d6374b4a5e83ae1321b2123c1f3c.256p.jpg,35 CFM,Black,17.8 dB,Yes,1500 RPM,120 mm,4
Deepcool FT12 WH,,,75 CFM,White,32 dB,Yes,500 - 2150 RPM,120 mm,0
Thermalright TL-C12C-X28-S,,,73.3 CFM,Black,25.4 dB,Yes,1550 RPM,120 mm,5
Cooler Master R4-L2S-122B-GP 2-Pack,,https://cdna.pcpartpicker.com/static/forever/images/product/1be5104ebc85ca5c26e0ec3d2868736d.256p.jpg,39.77 CFM,Clear,19.3 dB,No,1200 RPM,120 mm,4
Delta Electronics FFB1212EH-F00,100.44,https://cdna.pcpartpicker.com/static/forever/images/product/330d1a147647f2722afb3b8775c35274.med.256p.jpg,150.33 CFM,Black,56.4 dB,No,4000 RPM,120 mm,0
Fractal Design Silent R2,,https://cdna.pcpartpicker.com/static/forever/images/product/1eff05cff8462714f7b0423c07a6d200.256p.jpg,40.6 CFM,White,15 dB,No,1200 RPM,120 mm,4.5
BitFenix Spectre,12.57,https://cdna.pcpartpicker.com/static/forever/images/product/1d77fc29efbb0cafe5d19b994b873c76.med.256p.jpg,47.7 CFM,Black,20 dB,No,1000 RPM,140 mm,4
NZXT Aer F 2-Pack,,https://cdna.pcpartpicker.com/static/forever/images/product/fc7566a4afa4af7679efbd37e1a15873.256p.jpg,21.01 - 63.02 CFM,Black,22 - 31 dB,Yes,500 - 1500 RPM,120 mm,5
ARCTIC F14 Silent,,,46 CFM,White / Black,27.2 dB,No,220 - 800 RPM,140 mm,4.5
Deepcool CF 3-Pack,,https://cdna.pcpartpicker.com/static/forever/images/product/89ada51704856d20db33cce507f3e756.256p.jpg,56.5 CFM,,17.8 - 27 dB,Yes,500 - 1500 RPM,120 mm,4.5
Cooler Master MasterFan MF140R,,https://cdna.pcpartpicker.com/static/forever/images/product/ae67a9e317a6e28209c2f276f2609bd4.256p.jpg,90 CFM,Black,33.5 dB,Yes,650 - 1500 RPM,140 mm,4
EK Vardar EVO 120ER 2-Pack,,,77 CFM,Black / White,33.5 dB,Yes,500 - 2200 RPM,120 mm,4.5
PC Cooler Moonlight 5-Pack,,,54 CFM,Black,,Yes,1000 - 1800 RPM,120 mm,4.5
Deepcool FC120-3 IN 1 3-Pack,,https://cdna.pcpartpicker.com/static/forever/images/product/5dea9a9bca0b16ed01a2bbe4ff0fbe42.256p.jpg,61.91 CFM,Black,28 dB,Yes,500 - 1800 RPM,120 mm,4
ARCTIC F9 PWM,,,,Black,,Yes,150 - 1800 RPM,92 mm,0
Antec Fusion 120 ARGB 5-Pack,,https://cdna.pcpartpicker.com/static/forever/images/product/f0716400af70798b79e64d446cbb0aec.256p.jpg,57.93 CFM,Black,17.02 - 31.24 dB,Yes,600 - 2000 RPM,120 mm,0
Cooler Master MasterFan SF120M ARGB,,,35 - 62 CFM,Black,5.5 - 22 dB,Yes,650 - 2000 RPM,120 mm,0
ID-COOLING NO-8010,,https://cdna.pcpartpicker.com/static/forever/images/product/e7dd70894befd8c43ec04fb6711d0910.256p.jpg,25.4 CFM,,27.8 dB,Yes,800 - 3000 RPM,80 mm,0
Jonsbo ZA-140B,,,33.7 - 73.82 CFM,Black,18.3 - 32.2 dB,Yes,700 - 1800 RPM,140 mm,0
Jonsbo ZA-140W,,,33.7 - 73.82 CFM,White,18.3 - 32.2 dB,Yes,700 - 1800 RPM,140 mm,0
Noctua P14s redux-900,15.95,,49.26 CFM,Black / Gray,13.2 dB,No,900 RPM,140 mm,4.5
StarTech FAN8X25TX3L,38.27,https://cdna.pcpartpicker.com/static/forever/images/product/4176090e788d2231966775bf1c7c869a.256p.jpg,26.6 CFM,Black,27 dB,No,2000 RPM,80 mm,0
Noctua A20 FLX,30.95,,59.33 - 86.46 CFM,Brown,10.7 - 18.1 dB,No,550 - 800 RPM,200 mm,5
Akasa Soho AR,19.16,https://cdna.pcpartpicker.com/static/forever/images/product/c407c406f2595d4f479d766d90b9b166.256p.jpg,52.91 CFM,Black,14.2 - 31.8 dB,Yes,500 - 2000 RPM,120 mm,0
Iceberg Thermal IceGALE,,https://cdna.pcpartpicker.com/static/forever/images/product/6e04fdc0f80c7649c991df8343e684e8.256p.jpg,29 CFM,Teal / White,0 - 26 dB,Yes,800 - 2000 RPM,80 mm,0
Thermalright TL-15R,,,42.58 CFM,,22.4 dB,Yes,2700 RPM,92 mm,0
Antec 75000,,,34 CFM,Clear,30 dB,No,2600 RPM,80 mm,0
Thermaltake Riing Trio 12 RGB TT Premium Edition 3-Pack,87.2,https://cdna.pcpartpicker.com/static/forever/images/product/c13c8ec602431687de76bdb805decbf1.256p.jpg,41.13 CFM,Black,25.2 dB,Yes,500 - 1500 RPM,120 mm,4
Thermalright TL-Q12,,,68.9 CFM,Black,28.2 dB,Yes,2000 RPM,120 mm,0
Cooler Master MasterFan Pro Air Flow 3-Pack,,https://cdna.pcpartpicker.com/static/forever/images/product/8aa1ab359bf6dcad583ebeb27d427c74.256p.jpg,48.8 CFM,,6 - 20 dB,Yes,650 - 1100 RPM,120 mm,3.5
Antec Prizm 3+2+C 3-Pack,,https://cdna.pcpartpicker.com/static/forever/images/product/baf92e57b1a0b20d8dc3f55a6fa4cfb1.256p.jpg,45.03 CFM,Black,32.6 dB,Yes,2000 RPM,120 mm,4
Fractal Design Aspect 14 RGB,24.42,https://cdna.pcpartpicker.com/static/forever/images/product/7651b261b19054e6c9bc67eb219cef4d.256p.jpg,41 CFM,Black,19.5 dB,No,1000 RPM,140 mm,0
Deepcool FT14,20.47,,78.83 CFM,Black,25.1 dB,Yes,500 - 1650 RPM,140 mm,0
Corsair SP120 High Performance 2-Pack,,https://cdna.pcpartpicker.com/static/forever/images/product/7540d8720973821377dac3c5b4ea536f.256p.jpg,62.74 CFM,Black,35 dB,No,2350 RPM,120 mm,4.5
SilenX Effizio,46.17,,32 CFM,Clear,15 dB,No,1700 RPM,80 mm,5
SilenX Ixtrema Pro,43.87,,6 CFM,Black,14 dB,No,3000 RPM,40 mm,0
NoiseBlocker BlackSilentPro P-2,,https://cdna.pcpartpicker.com/static/forever/images/product/4063db1b4198d2c5ed9484c08e0c74bf.256p.jpg,5.3 CFM,Black,18 dB,No,3800 RPM,40 mm,5
Titan TFD-12025H12ZP,10.76,,24.23 - 66.62 CFM,White / Blue,15 - 35 dB,Yes,800 - 2200 RPM,120 mm,0
Delta Electronics FFB1212EHE-F00,,https://cdna.pcpartpicker.com/static/forever/images/product/7b768401eff18c2474e20b9365b25c3e.med.256p.jpg,190 CFM,Black,59 dB,No,4000 RPM,120 mm,0
Thermaltake DuraMax,,https://cdna.pcpartpicker.com/static/forever/images/product/2b73a1288631976658141f6b99ccb957.256p.jpg,48.7 CFM,Black,37.6 dB,No,2850 RPM,92 mm,0
be quiet! Silent Wings 2,4.42,https://cdna.pcpartpicker.com/static/forever/images/product/cbc4018e85229847e57dad60d6750831.256p.jpg,26 CFM,Black,14.5 dB,No,2000 RPM,80 mm,5
Fractal Design Venturi HP-14,20.99,https://cdna.pcpartpicker.com/static/forever/images/product/4603c2b2fdc86a1dbb07abd8af5246a1.256p.jpg,78.09 CFM,Black,30.1 dB,Yes,1500 RPM,140 mm,4.5
Cooler Master MasterFan Pro Air Balance 3-Pack,,https://cdna.pcpartpicker.com/static/forever/images/product/08ab346aeaae25dd6b8fdcf0e7b11129.256p.jpg,42.7 CFM,Black,20 dB,Yes,1300 RPM,120 mm,4.5
EVGA 400-HY-FX12-KR,,,74.81 CFM,Black,16 - 39.9 dB,Yes,500 - 2400 RPM,120 mm,0
Cooler Master MasterFan Lite,,https://cdna.pcpartpicker.com/static/forever/images/product/34d29a034480cdee34191cbd4409061b.256p.jpg,32 CFM,Black,25 dB,No,1200 RPM,120 mm,4.5
Fractal Design Dynamic X2,,https://cdna.pcpartpicker.com/static/forever/images/product/4743518c8c4b33ab93011fdedec9828f.256p.jpg,47.9 - 105.9 CFM,White / Black,33.7 dB,Yes,500 - 1700 RPM,140 mm,0
NZXT AER RGB 2 2-Pack,88.88,https://cdna.pcpartpicker.com/static/forever/images/product/16744dab6712df5f15860756e66256f2.256p.jpg,30.39 - 91.19 CFM,White,22 - 33 dB,Yes,500 - 1500 RPM,140 mm,0
Corsair iCUE SP140 RGB Pro 2-Pack,,https://cdna.pcpartpicker.com/static/forever/images/product/23c453f406d4201d17a714162016cd0e.256p.jpg,62 CFM,Black,26 dB,No,1150 RPM,140 mm,3.5
Silverstone FW,32.99,https://cdna.pcpartpicker.com/static/forever/images/product/2441d5ab93c6b3ba339b83d5697445e8.256p.jpg,13.1 - 32.6 CFM,Black / Transparent,14.7 - 24.6 dB,Yes,800 - 2000 RPM,120 mm,4
EK Vardar EVO 120ER,,https://cdna.pcpartpicker.com/static/forever/images/product/e320cd67e2706dafab4e762472201a8f.256p.jpg,,Black / White,33.5 dB,Yes,500 - 2200 RPM,120 mm,4.5
Cooler Master MasterFan MF Prismatic 3-Pack,,https://cdna.pcpartpicker.com/static/forever/images/product/6a6235efd683b7dba07191222a65fc35.256p.jpg,55 CFM,Black / White,8 - 27 dB,Yes,650 - 2000 RPM,120 mm,4.5
PC Cooler HALO FRGB 3-Pack,,,72 CFM,Black,8 - 29.1 dB,Yes,1000 - 2000 RPM,120 mm,4.5
GAMDIAS AEOLUS M2 5-Pack,,,56 CFM,Black,,Yes,700 - 1500 RPM,120 mm,0
ID-COOLING XF-12025-ARGB (Single),,https://cdna.pcpartpicker.com/static/forever/images/product/0e3bf4d09f5069fcd48baa3abfdb5664.256p.jpg,62 CFM,Black / White,18 - 26.4 dB,Yes,700 - 1500 RPM,120 mm,0
Corsair ML Elite,,https://cdna.pcpartpicker.com/static/forever/images/product/9315af3e4ed4f08977dbfb5dfa344b34.256p.jpg,14.86 - 58.1 CFM,White,10 - 30.4 dB,Yes,450 - 2000 RPM,120 mm,0
ARCTIC F8 PWM PST,,https://cdna.pcpartpicker.com/static/forever/images/product/cd1917f148d4ddc23be5e57cd96f8a28.256p.jpg,31 CFM,Black,,Yes,300 - 2000 RPM,80 mm,0
Phanteks M25-140 PWM,,https://cdna.pcpartpicker.com/static/forever/images/product/73025e71bc601720e22c33aa93c8903e.256p.jpg,104.62 CFM,Black,36.57 dB,Yes,500 - 1800 RPM,140 mm,4.5
GAMDIAS AEOLUS M2-1203 LITE 3-Pack,,,46.7 CFM,Black,,No,1200 RPM,120 mm,0
Thermalright TL-B8,,,34 CFM,Gray,24 dB,Yes,2200 RPM,80 mm,5
ID-COOLING TF-12025-PRO-ARGB 3-Pack,,https://cdna.pcpartpicker.com/static/forever/images/product/4e4d98cad40cdfcbf6130f4d07e21710.256p.jpg,82.5 CFM,Black / White,35.2 dB,Yes,500 - 1800 RPM,120 mm,0
ID-COOLING AS-140,,https://cdna.pcpartpicker.com/static/forever/images/product/4099c90282a34421581c2a6cd70578ec.256p.jpg,72.2 CFM,Black,24.9 dB,Yes,300 - 1800 RPM,120 mm,0
GameMax KF300R 3-Pack,,,44.35 CFM,Black,31.21 dB,Yes,800 - 1600 RPM,120 mm,0
Thermalright TL-B6W,,,16.17 CFM,White,20.17 dB,Yes,3200 RPM,60 mm,0
NoiseBlocker ELoop B,40.04,https://cdna.pcpartpicker.com/static/forever/images/product/7a08a33fc925c30fb002f78230c2752f.256p.jpg,83.93 CFM,Black,24 dB,Yes,1200 RPM,140 mm,5
ARCTIC P8 PST CO,10.47,https://cdna.pcpartpicker.com/static/forever/images/product/87eea1916e7a139f828c53c8824e75ce.256p.jpg,23.4 CFM,Black,,Yes,200 - 3000 RPM,80 mm,5
Scythe GlideStream,23.4,,84.59 CFM,Black,29.5 dB,No,1200 RPM,140 mm,0
Fractal Design Venturi HF-14,,https://cdna.pcpartpicker.com/static/forever/images/product/81aa5bc083c56f67cb7c8dccd270a842.256p.jpg,118.2 CFM,Black,26.5 dB,No,1200 RPM,140 mm,4.5
Evercool EC4028HH12BP,,https://cdna.pcpartpicker.com/static/forever/images/product/6f04af30a85cf8f16e1bf977cfa133e9.med.256p.jpg,,Black,46 dB,No,3000 - 12000 RPM,40 mm,0
ARCTIC F9,4.42,https://cdna.pcpartpicker.com/static/forever/images/product/3890df020fa499fe98f51d74902423b3.256p.jpg,35 CFM,White / Black,,Yes,1800 RPM,92 mm,4
Thermaltake SWAFAN GT12,29.21,https://cdna.pcpartpicker.com/static/forever/images/product/c361fd7564141f06802015f5e42130ae.256p.jpg,54.71 - 58.17 CFM,Black,26.5 - 29.8 dB,Yes,500 - 2000 RPM,120 mm,0
Noctua B9 redux-1600,12.95,,37.85 CFM,Black / Gray,17.6 dB,No,350 - 1600 RPM,92 mm,5
Thermaltake Riing 3-Pack,73.26,https://cdna.pcpartpicker.com/static/forever/images/product/9d65738a259c837612b340c8fb862069.256p.jpg,48.79 CFM,Black,18.2 - 24.8 dB,Yes,500 - 1400 RPM,120 mm,4
Iceberg Thermal IceGALE Xtra,,https://cdna.pcpartpicker.com/static/forever/images/product/0dd489b1be308dc380bd4e050c0f21bd.256p.jpg,169 CFM,Black / White,0 - 47 dB,Yes,500 - 2500 RPM,140 mm,0
Thermaltake Pure 20 ARGB Sync Case Fan TT Premium Edition,,https://cdna.pcpartpicker.com/static/forever/images/product/375e4ca9a8fa4874413fbe4d6ba1ac6c.256p.jpg,129.54 CFM,Black,31.2 dB,Yes,500 - 1000 RPM,200 mm,0
Xilence XPF120X.B.PWM,12.3,,63.41 CFM,Black,22 - 24 dB,Yes,500 - 1800 RPM,120 mm,0
Cooler Master Blade Master,,,21.2 - 76.8 CFM,Black,13 - 32 dB,Yes,600 - 2000 RPM,120 mm,4.5
Cooler Master R4-S2S-124K-GP 4-Pack,,,44.73 CFM,Black,19.1 dB,No,1200 RPM,120 mm,4
be quiet! Shadow Wings,,https://cdna.pcpartpicker.com/static/forever/images/product/5d87009a16a33f2d0d3268787918e473.256p.jpg,14.8 - 23.8 CFM,Black,8.4 dB,No,1400 RPM,80 mm,0
NZXT FN V2,,,45 CFM,Black / White,21 dB,No,1200 RPM,120 mm,4.5
Corsair SP120,,https://cdna.pcpartpicker.com/static/forever/images/product/4631043d16670f3597c19466cf8dd50e.256p.jpg,57.24 CFM,Black / Red,26.4 dB,No,1650 RPM,120 mm,4.5
Corsair ML140 2-Pack,,,20 - 97 CFM,White / Black,16 - 37 dB,Yes,400 - 2000 RPM,140 mm,4
NZXT Aer RGB 3-Pack,,https://cdna.pcpartpicker.com/static/forever/images/product/7dcb82df69ebeb7fec9595e3e12bb1c5.256p.jpg,23.9 - 71.6 CFM,Black,22 - 33 dB,Yes,500 - 1500 RPM,140 mm,4.5
Corsair HD120 3-Pack,,,54.4 CFM,Black / White,18 - 30 dB,Yes,800 - 1725 RPM,120 mm,4.5
Corsair SP120 3-Pack,,https://cdna.pcpartpicker.com/static/forever/images/product/3a337c391f56bd78758e98bf1fb65fec.256p.jpg,52 CFM,White / Black,26 dB,Yes,1400 RPM,120 mm,4
ARCTIC BioniX F140,17.28,https://cdna.pcpartpicker.com/static/forever/images/product/04d1868f85945b9c81c9e56206a664d2.256p.jpg,104 CFM,Black / Red,25.3 dB,No,1800 RPM,140 mm,0
Deepcool RF,,https://cdna.pcpartpicker.com/static/forever/images/product/cf6bbbdc5f8abff6d545eeb969b2deb5.256p.jpg,64.13 CFM,Black,19.8 - 24 dB,Yes,5000 - 1200 RPM,140 mm,2
Raidmax NV-R120TP,,,58 - 64 CFM,White,18 - 35 dB,Yes,500 - 2000 RPM,120 mm,4
Antec Prizm,,https://cdna.pcpartpicker.com/static/forever/images/product/db9edb3a30480566e5fa6ec9f8c0b43f.256p.jpg,45.03 CFM,Black,32.6 dB,Yes,2000 RPM,120 mm,4
Anidees AI AUREOLA 3-Pack,,,35.2 CFM,Black,24.7 dB,No,1500 RPM,120 mm,3
SHARKOON RGB SHARK Lights,,https://cdna.pcpartpicker.com/static/forever/images/product/9261422d119026c40bfe4592c440a7e8.256p.jpg,32.96 CFM,Black,15.2 dB,No,1000 RPM,120 mm,5
ARCTIC BioniX P140,14.59,https://cdna.pcpartpicker.com/static/forever/images/product/e35fccba0ff8ee7d468728bfb8bbc181.256p.jpg,77.6 CFM,Black / Red,,Yes,200 - 1950 RPM,140 mm,4.5
MSI MAG MAX F12A-3H 3-Pack,,https://cdna.pcpartpicker.com/static/forever/images/product/b4d9da1fe30045a70c2fece60d6992c4.256p.jpg,8 - 40.1 CFM,Black,20 - 28 dB,Yes,600 - 1500 RPM,120 mm,0
Fractal Design Prisma AL 2-Pack,,https://cdna.pcpartpicker.com/static/forever/images/product/03dc671f9c4cfd624b56ea0ca404945f.256p.jpg,43.1 - 146.8 CFM,Black,14.9 - 37.4 dB,Yes,300 - 1200 RPM,180 mm,0
Phanteks M25-120 PWM 3-Pack,,https://cdna.pcpartpicker.com/static/forever/images/product/af7bdae191efccc451ef0458198b7496.256p.jpg,84.26 CFM,Black,35.7 dB,Yes,500 - 2000 RPM,120 mm,5
Phanteks M25-140 PWM D-RGB 3-Pack,39.99,https://cdna.pcpartpicker.com/static/forever/images/product/4cef10311122526675d771daa5f20ba0.256p.jpg,104.62 CFM,White,36.57 dB,Yes,500 - 1800 RPM,140 mm,5
Silverstone Air Slimmer,,https://cdna.pcpartpicker.com/static/forever/images/product/adbd8ded2e874e7d8a73092e334bb5a8.256p.jpg,5.38 - 45.73 CFM,Black,11.3 - 32 dB,Yes,500 - 2500 RPM,92 mm,0
Jonsbo ZG 3-Pack,,https://cdna.pcpartpicker.com/static/forever/images/product/d84183952a85a968c8b797db4cb08182.256p.jpg,20.1 - 60.45 CFM,Black,23.8 - 29.3 dB,Yes,500 - 1500 RPM,120 mm,3
Gelid Solutions Gale Extreme,,,195 CFM,Black,60 dB,Yes,500 - 6000 RPM,120 mm,0
ID-COOLING AF-127-ARGB-K,,,78 CFM,Black,29.9 dB,Yes,500 - 2000 RPM,120 mm,0
ID-COOLING TF-9215,,https://cdna.pcpartpicker.com/static/forever/images/product/8d4169bb30fad24d31aecba94b452915.256p.jpg,46 CFM,Black,35.2 dB,Yes,800 - 2800 RPM,92 mm,0
Silverstone FHP,32.85,,42.8 - 171 CFM,Black,43.5 dB,No,1200 - 2000 RPM,140 mm,4.5
Alphacool 24846,,https://cdna.pcpartpicker.com/static/forever/images/product/a600a0f2b95d9efdc0d16175ed84ab8b.256p.jpg,115.56 CFM,Black,30 - 43.3 dB,Yes,2500 RPM,140 mm,0
StarTech FAN9X25TX3H,43.83,https://cdna.pcpartpicker.com/static/forever/images/product/e734fb58129898e703d40f15e58a303d.256p.jpg,48.43 CFM,Black,33 dB,No,2600 RPM,92 mm,0
Antec True Quiet,16.88,,21.2 - 35.3 CFM,Red,8.9 - 19.89 dB,No,600 - 1000 RPM,120 mm,4
Thermaltake Riing Plus TT Premium Edition,28.37,https://cdna.pcpartpicker.com/static/forever/images/product/f8f04efbd0a3fb3bb4e8effd9cae2b10.256p.jpg,5 - 14 CFM,Black,24.7 dB,Yes,500 - 1400 RPM,120 mm,3
Antec Prizm 5+C 5-Pack,,https://cdna.pcpartpicker.com/static/forever/images/product/b9f791c73f7f374e065d57c47d323a7a.256p.jpg,45.03 CFM,Black,32.6 dB,Yes,2000 RPM,120 mm,4.5
upHere U3KC1,,,64.6 CFM,Black,25 dB,Yes,600 - 1650 RPM,120 mm,0
Apevia C 5-Pack,,https://cdna.pcpartpicker.com/static/forever/images/product/332382bd173db62ee213ee588a64f8b1.256p.jpg,57.67 CFM,Black / Green,24.7 dB,No,1500 RPM,120 mm,0
Apevia APEVIA CO312L-GN Cosmos 120mm Green LED Ultra Silent Case Fan w/ 16 LEDs &amp; Anti-Vibration Rubber Pads (3 Pack) 3-Pack,,,57.67 - 56.67 CFM,,24.7 dB,No,1350 RPM,120 mm,1
Apevia APEVIA CO312L-PK Cosmos 120mm Pink LED Ultra Silent Case Fan w/ 16 LEDs &amp; Anti-Vibration Rubber Pads (3 Pack) 3-Pack,,,57.67 - 56.67 CFM,,24.7 dB,No,1350 RPM,120 mm,0
Thermalright TL-Q12W,,,68.9 CFM,White,28.2 dB,Yes,2000 RPM,120 mm,0
Fractal Design Aspect 14,16.35,https://cdna.pcpartpicker.com/static/forever/images/product/a984103b02feb77fcf628f232c2ba173.256p.jpg,41 CFM,Black,19.5 dB,No,1000 RPM,140 mm,0
Gelid Solutions Silent 14 PWM,12,,78.5 CFM,Black,20 dB,Yes,750 - 1500 RPM,140 mm,0
Aerocool Silent Master,,https://cdna.pcpartpicker.com/static/forever/images/product/9e7306d77121d60ca12b2e0f664f308d.256p.jpg,76 CFM,Blue,18 dB,No,800 RPM,200 mm,4.5
Xigmatek XLF,,,63.5 CFM,Orange,16 dB,No,1000 RPM,140 mm,0
Antec TRICOOL,,https://cdna.pcpartpicker.com/static/forever/images/product/aec667bf291490ee0859b73ae69801ba.256p.jpg,79 CFM,Transparent,30 dB,No,2000 RPM,120 mm,4.5
Rosewill ROCF-13001,,,38.2 CFM,Black,22 dB,No,1200 RPM,120 mm,4
Corsair SP140 2-Pack,,https://cdna.pcpartpicker.com/static/forever/images/product/6c8a10108b154df7ab5ec36df1547654.256p.jpg,49.49 CFM,Black / White,29.3 dB,No,1440 RPM,140 mm,4.5
BitFenix Spectre Xtreme,,https://cdna.pcpartpicker.com/static/forever/images/product/8d9770bc95f2239ea51596ca97d7e1f3.256p.jpg,66 CFM,Black / Red,30 dB,No,950 - 2000 RPM,120 mm,0
Cooler Master MasterFan Pro Air Balance,,https://cdna.pcpartpicker.com/static/forever/images/product/1ad1e57218398002df886233b5b6f494.256p.jpg,42.7 CFM,Black / White,6 - 20 dB,Yes,650 - 1300 RPM,120 mm,4
Cooler Master MasterFan Pro Air Flow,,https://cdna.pcpartpicker.com/static/forever/images/product/c95dac1c2369dfafca6ceba257995219.256p.jpg,48.8 CFM,Black,6 - 20 dB,Yes,650 - 1100 RPM,120 mm,3.5
Deepcool RF 2-Pack,,https://cdna.pcpartpicker.com/static/forever/images/product/7706688b01e56ece8266f0ca03c63483.256p.jpg,64.13 CFM,Black,19.8 - 24 dB,Yes,500 - 1200 RPM,140 mm,4.5
Apevia S 3-Pack,,https://cdna.pcpartpicker.com/static/forever/images/product/f14b74d17831080dc865b7908b9ec77a.256p.jpg,57.67 CFM,Black / Red,24.7 dB,No,1500 RPM,120 mm,5
Fractal Design Silent LL,,https://cdna.pcpartpicker.com/static/forever/images/product/86381e39c7578c7c48bd65372a66ec80.256p.jpg,41.8 CFM,Black,24.8 dB,No,1200 RPM,120 mm,4
Deepcool CF,,https://cdna.pcpartpicker.com/static/forever/images/product/89ada51704856d20db33cce507f3e756.256p.jpg,56.5 CFM,Black,17.8 - 27 dB,Yes,500 - 1500 RPM,120 mm,4.5
Cooler Master MasterFan MF120R 3-Pack,,https://cdna.pcpartpicker.com/static/forever/images/product/ea3ae0b1fd1cb0290791ea1db2fb2bae.256p.jpg,59 CFM,Black,31 dB,Yes,650 - 2000 RPM,120 mm,4
Cooler Master MasterFan SF120R,,,59 CFM,Black,8 - 30 dB,Yes,650 - 2000 RPM,120 mm,5
Corsair iCUE SP140 RGB Pro,,https://cdna.pcpartpicker.com/static/forever/images/product/15380f3b57046d4925e57d3dc3e2c93d.256p.jpg,62 CFM,Black,26 dB,No,1150 RPM,140 mm,3
Apevia 412L-RGB Spectra 4-Pack,,https://cdna.pcpartpicker.com/static/forever/images/product/a97441d70bbfb2d09e299ce4a2a835bc.256p.jpg,57.67 CFM,Black,24.7 dB,No,1350 RPM,120 mm,5
Apevia Spectra 6-Pack,,https://cdna.pcpartpicker.com/static/forever/images/product/b40bc660ebc5dc674e8c91a39e450e6e.256p.jpg,57.67 CFM,Black,24.7 dB,Yes,1350 RPM,120 mm,3.5
upHere B12CM4 3-Pack,,,18.1 - 50.9 CFM,Blue,15.9 - 34.4 dB,Yes,600 - 1800 RPM,120 mm,4.5
Thermaltake Pure Duo 2-Pack,45.59,https://cdna.pcpartpicker.com/static/forever/images/product/174c6e09e7fccbc3e13286f1fceb8fc5.256p.jpg,,Black,28 dB,Yes,500 - 1500 RPM,120 mm,4
Xigmatek Galaxy II Pro 3-Pack,,https://cdna.pcpartpicker.com/static/forever/images/product/02134ae6cd563d77ad20d54da358726e.256p.jpg,,Black / White,,No,600 - 1500 RPM,120 mm,0
ARCTIC P12 PST RGB 0dB,,https://cdna.pcpartpicker.com/static/forever/images/product/b2f0807e5af737bda8212f1c6164aa8b.256p.jpg,48.8 CFM,Black,,Yes,,120 mm,5
EK Furious Vardar EVO BB,,https://cdna.pcpartpicker.com/static/forever/images/product/55d659f529e328af1439457ee4cfd8f8.256p.jpg,144 CFM,Black,48.4 dB,Yes,2500 RPM,140 mm,0
In Win Sirius Extreme Pure ASE120P 3-Pack,,,54 CFM,White,21 - 25 dB,Yes,400 - 1500 RPM,120 mm,0
ID-COOLING FL-12025K,,https://cdna.pcpartpicker.com/static/forever/images/product/a94feb71e5ac65a9381afb64e055db21.256p.jpg,45 CFM,Black,21 dB,No,1250 RPM,120 mm,0
ARCTIC F12 PST 3-Pack,,,53 CFM,Black,22.5 dB,Yes,230 - 1350 RPM,120 mm,0
Bitspower Notos 3-Pack,,,,Black / White,25 - 28 dB,Yes,800 - 1800 RPM,120 mm,5
Tempest TP-FAN120-B,,https://cdna.pcpartpicker.com/static/forever/images/product/fe4f40eba28885edad088577ef9390bd.256p.jpg,37.8 CFM,Black,20.4 dB,No,1000 RPM,120 mm,0
Phanteks M25-140 PWM 3-Pack,,https://cdna.pcpartpicker.com/static/forever/images/product/94d89f03a2d80159fe3f3fc89354ddcc.256p.jpg,104.62 CFM,Black,36.57 dB,Yes,500 - 1800 RPM,140 mm,0
Gelid Solutions Silent 12,13.9,,40.3 CFM,Black,20.2 dB,No,1000 RPM,120 mm,0
Antec Storm T3,,,44.82 - 112.72 CFM,Black,33.69 dB,Yes,600 - 1500 RPM,140 mm,0
Thermalright TL-C-S 3-Pack,,https://cdna.pcpartpicker.com/static/forever/images/product/4527ee01ac9f9560cd518047c0757107.256p.jpg,66.17 CFM,Black / White,25.6 dB,Yes,1500 RPM,120 mm,0
Athena Power FANC-4020S,,,7.1 CFM,Black,28 dB,No,6200 RPM,40 mm,0
SHARKOON Rebel F50,32.99,,77.65 CFM,Black,35 dB,Yes,600 - 2000 RPM,120 mm,0
ID-COOLING TF-12025-ARGB REVERSE,,https://cdna.pcpartpicker.com/static/forever/images/product/d30352902f81681b603d6eec2829704d.256p.jpg,68.2 CFM,,13.8 - 30.5 dB,Yes,500 - 1500 RPM,120 mm,0
ID-COOLING TF-12025-PRO-ARGB REVERSE,,https://cdna.pcpartpicker.com/static/forever/images/product/99922277249fe9714a9e8fc341540993.256p.jpg,82.5 CFM,,35.2 dB,Yes,500 - 1800 RPM,120 mm,0
Montech AIR FAN P120 2-Pack,,,73 CFM,Gray / Black,10 - 27 dB,Yes,600 - 1500 RPM,120 mm,0
Antec Prizm 2-Pack,,,65.03 CFM,Black,32 dB,Yes,1700 RPM,140 mm,0
Thermalright TL-H12W-X28-R9,,,98.2 CFM,White,32.7 dB,Yes,2400 RPM,120 mm,0
Thermaltake TOUGHFAN 12 3-Pack,103.57,https://cdna.pcpartpicker.com/static/forever/images/product/41eaf84ffe5dbb2d6fcec7a92c48cc98.256p.jpg,53.75 CFM,Black,21.2 dB,No,500 - 2000 RPM,120 mm,0
Silverstone Air Penetrator,17.98,,80 - 130 CFM,Black,18 - 34 dB,No,700 - 1200 RPM,180 mm,3
Noctua A9 FLX,17.95,,25.25 - 38.02 CFM,Brown,8.4 - 17.1 dB,No,1050 - 1600 RPM,92 mm,4.5
PC Cooler CORONA 3-IN-1 FRGB KIT 3-Pack,,https://cdna.pcpartpicker.com/static/forever/images/product/7a49a8cb5c8be47b912e8e36038f8ee9.256p.jpg,68 CFM,Black,8 - 29.1 dB,No,1000 - 2000 RPM,120 mm,0
Noctua B9 PWM,28,,30.96 - 37.85 CFM,Brown,13.1 - 17.6 dB,No,300 - 1600 RPM,92 mm,4
Scythe Kaze Flex ARGB,33.03,https://cdna.pcpartpicker.com/static/forever/images/product/482a24d9a8e662799bda6adbdd5cdc69.256p.jpg,16.6 - 79.76 CFM,Black / White,4 - 35.8 dB,Yes,300 - 1800 RPM,120 mm,0
ARCTIC F,8.19,https://cdna.pcpartpicker.com/static/forever/images/product/54a593a51545a46537cdbd24fad75231.256p.jpg,53 CFM,Black,,Yes,230 - 1350 RPM,120 mm,0
Iceberg Thermal IceGALE ARGB 2-Pack,,https://cdna.pcpartpicker.com/static/forever/images/product/7758e49fea8c746d3be05c1ec70f253c.256p.jpg,96 CFM,Teal / White,0 - 36 dB,Yes,500 - 1600 RPM,140 mm,0
Vetroo SA-140,,,69.29 CFM,Black,33.5 dB,Yes,1200 RPM,140 mm,0
Deepcool MF GT 3-Pack,,https://cdna.pcpartpicker.com/static/forever/images/product/74fa2d6549d3906bbb9ca392fa80fc9a.256p.jpg,60.6 CFM,Black,35 dB,Yes,500 - 1800 RPM,120 mm,4
Thermaltake SWAFAN GT14,,https://cdna.pcpartpicker.com/static/forever/images/product/c080313487f9b1c7df06918de9528f90.256p.jpg,54.71 - 58.17 CFM,Black,26.5 - 29.8 dB,Yes,500 - 2000 RPM,140 mm,0
Gelid Solutions FN-SX05-40,11.99,,21.94 CFM,White,23 dB,No,4000 RPM,50 mm,0
Apevia C 3-Pack,,https://cdna.pcpartpicker.com/static/forever/images/product/5a8efd2345c7a9a01a76bd4b3152340d.256p.jpg,57.67 CFM,Black / Multicolor,24.7 dB,No,1500 RPM,120 mm,5
Thermaltake Riing Trio 20 RGB TT Premium Edition,,https://cdna.pcpartpicker.com/static/forever/images/product/6111cace6e27d657fb740ab03a14b5fe.256p.jpg,123.53 CFM,Black,28 dB,Yes,500 - 1000 RPM,200 mm,0
ID-COOLING NO-12015-XT ARGB SNOW,,https://cdna.pcpartpicker.com/static/forever/images/product/e0aef5f25eb032fb5be021022cabaed1.256p.jpg,54.6 CFM,White,13.8 - 31.2 dB,Yes,500 - 2000 RPM,120 mm,5
ARCTIC P PST,18.46,,68.9 CFM,White,22.5 dB,Yes,200 - 1900 RPM,140 mm,5
Corsair AF140 Quiet,,https://cdna.pcpartpicker.com/static/forever/images/product/1c9675edd5c5d42cebe2b6473769a7fc.256p.jpg,67.8 CFM,Black,24 dB,No,1150 RPM,140 mm,4.5
Silverstone FN,19.71,,58.47 CFM,Clear,25.15 dB,No,1200 RPM,120 mm,0
Masscool 9025B1M3/4,,,45.43 CFM,Black,34 dB,No,2500 RPM,70 mm,5
NoiseBlocker BlackSilentPro P-P,,,58.85 CFM,Black,24 dB,Yes,1500 RPM,120 mm,5
Cooler Master R4-L4S-10AB-GP,,https://cdna.pcpartpicker.com/static/forever/images/product/59516f90c65aed60ae7ff36b439064b0.256p.jpg,60.9 CFM,Clear,16 dB,No,1000 RPM,140 mm,4.5
Thermaltake Thunderblade,,,70.2 CFM,Red,31.7 dB,No,1800 RPM,120 mm,0
Masscool FD08025B1H3/4,,,52 CFM,Black,42 dB,No,4000 RPM,80 mm,4
Phanteks F140SP,,,82.1 CFM,Black / White,19 dB,No,1200 RPM,140 mm,4.5
Rosewill RFBF-131411,,,48.7 CFM,Black,23 dB,No,1200 RPM,140 mm,4.5
Corsair SP120 2-Pack,,https://cdna.pcpartpicker.com/static/forever/images/product/a61cd8e86ec076553b0ee6d347607431.256p.jpg,57.24 CFM,Black / Purple,26.4 dB,No,1650 RPM,120 mm,5
Fractal Design Dynamic GP-12,,https://cdna.pcpartpicker.com/static/forever/images/product/15e9c7ca64febce57f55864ef1aa2ec7.256p.jpg,52.3 CFM,Black / White,19.39 dB,No,1200 RPM,120 mm,4.5
EK Vardar F3,,,63 CFM,Black / Gray,29.5 dB,Yes,1850 RPM,120 mm,4.5
Cooler Master Silencio FP,,https://cdna.pcpartpicker.com/static/forever/images/product/363ccfa03ea2d6199860dcfaf90f3967.256p.jpg,16.39 - 44 CFM,Black,6.5 - 14 dB,Yes,1400 RPM,120 mm,4
Nanoxia Deep Silence,14.84,https://cdna.pcpartpicker.com/static/forever/images/product/1e57c4f2f95228ac931b8529e71c6fb6.med.256p.jpg,14.4 - 15.8 CFM,Black / Green,6.8 - 13.6 dB,No,700 - 1200 RPM,80 mm,0
In Win AURORA 3-Pack,,https://cdna.pcpartpicker.com/static/forever/images/product/063ddd6830fb2563966a44ae8255bbdf.256p.jpg,40.26 - 57.64 CFM,Black / White,23.7 - 39.2 dB,Yes,800 - 2000 RPM,120 mm,0
Enermax T.B. RGB,18.53,https://cdna.pcpartpicker.com/static/forever/images/product/cd1e65e91d07b50c4f1976e500150940.256p.jpg,47.53 CFM,Black,22 dB,Yes,500 - 1500 RPM,120 mm,3
ARCTIC F14 PST,,https://cdna.pcpartpicker.com/static/forever/images/product/72c23077c0a973157d735ba440f6b889.256p.jpg,74 CFM,Black / White,,Yes,1350 RPM,140 mm,5
upHere NT1207 5-Pack,,,29.37 - 86.34 CFM,White,,Yes,600 - 1800 RPM,120 mm,4
Corsair iCUE SP140 RGB ELITE 2-Pack,,https://cdna.pcpartpicker.com/static/forever/images/product/156ac19a8370db7f39938edbe4cfc73d.256p.jpg,,Black / White,,Yes,405 - 1200 RPM,140 mm,4.5
Corsair AF140 ELITE,,https://cdna.pcpartpicker.com/static/forever/images/product/509c38729482d950c7a3c88bef00820b.256p.jpg,15.3 - 84.5 CFM,Black,31 dB,Yes,400 - 1600 RPM,140 mm,0
Antec Fusion 120 ARGB,,https://cdna.pcpartpicker.com/static/forever/images/product/d87993fa7015a2f6fe00359113b5e860.256p.jpg,57.93 CFM,Black,17.02 - 31.24 dB,Yes,600 - 2000 RPM,120 mm,0
Thermalright TL-R12,,,21.76 - 65.25 CFM,Black / Gray,15 - 23 dB,Yes,400 - 1500 RPM,120 mm,4
GAMDIAS AEOLUS M3-1204R 4-Pack,,,69.01 CFM,Black,,Yes,800 - 2000 RPM,120 mm,0
SeaSonic MAGFLOW,29.64,https://cdna.pcpartpicker.com/static/forever/images/product/fd788496092b855066bdf7827b59e902.256p.jpg,63.33 CFM,Black,9.9 - 33.78 dB,Yes,600 - 2000 RPM,120 mm,0
Gelid Solutions Stella Frost Daisy Chain 3-Pack,42.48,,70 CFM,White,35 dB,Yes,500 - 1600 RPM,120 mm,0
Thermalright TL-S12-S,,,47.6 CFM,Black,23 - 23.2 dB,Yes,1500 RPM,120 mm,0
Thermalright TL-B Extrem LCP,,,69 CFM,Black,28.1 dB,Yes,2150 RPM,120 mm,0
SeaSonic MAGFLOW ARGB 3-Pack,,https://cdna.pcpartpicker.com/static/forever/images/product/f5f51eea1450a317b04480cdad5001ec.256p.jpg,49.47 CFM,Black,30.115 dB,Yes,2000 RPM,120 mm,0
Iceberg Thermal IceGALE Xtra 3-Pack,,https://cdna.pcpartpicker.com/static/forever/images/product/0e4b0be3efb788818dc2f433626fb344.256p.jpg,127 CFM,Black,0 - 44 dB,Yes,500 - 3000 RPM,120 mm,0
Rosewill ROCF-22001 5-Pack,,,32.1 CFM,Black,23.5 dB,No,1200 RPM,120 mm,0
ID-COOLING TF-12015,,https://cdna.pcpartpicker.com/static/forever/images/product/f2846805b83028406f57f36e7bb4b4b1.256p.jpg,67.58 CFM,Black,32.3 dB,Yes,500 - 2200 RPM,120 mm,5
Xilence XPF40.W,,https://cdna.pcpartpicker.com/static/forever/images/product/766cb73bb75d83dcdbea27943e91a220.256p.jpg,6.9 - 11.73 CFM,Black,19 dB,No,4500 RPM,40 mm,0
Xilence Performance C,7.84,,62.05 CFM,Red / Black,30 dB,Yes,700 - 1500 RPM,140 mm,0
GameMax KF300 3-Pack,,https://cdna.pcpartpicker.com/static/forever/images/product/da868520b32e19eac528909022e91635.256p.jpg,44.35 CFM,Black,31.21 dB,Yes,800 - 1600 RPM,120 mm,0
Antec Neo Prizm T3,,https://cdna.pcpartpicker.com/static/forever/images/product/e5968ad82fbd58efdd69bc6e38e91a4d.256p.jpg,31.19 - 80.52 CFM,Black,10.52 - 30.4 dB,Yes,600 - 1500 RPM,140 mm,0
PREYON Falcon Eye 3-Pack,,,54 CFM,Black,,Yes,800 - 1800 RPM,120 mm,0
Thermalright TL-B9,,,54 CFM,White,23 dB,Yes,2500 RPM,92 mm,0
Apevia CF12SL-UGN,,,63.85 CFM,Green,29.67 dB,No,1700 RPM,120 mm,4.5
Iceberg Thermal IceGALE ARGB 3-Pack,,https://cdna.pcpartpicker.com/static/forever/images/product/ccb695760e75ad9d32a954b9fbf9b42c.256p.jpg,94 CFM,Teal / White,0 - 38 dB,Yes,500 - 2200 RPM,120 mm,0
Antec 75001,,,34 CFM,Clear,30 dB,No,2600 RPM,80 mm,0
Alpenföhn Wing Boost 3 ARGB 3-Pack,,https://cdna.pcpartpicker.com/static/forever/images/product/c0d21749760a6c1f1c96910efc3319f7.256p.jpg,77.9 CFM,White,36.8 dB,Yes,700 - 2200 RPM,120 mm,4
In Win Sirius Extreme ASE120P 3-Pack,,,54 CFM,Black,21 - 25 dB,Yes,400 - 1500 RPM,120 mm,0
ID-COOLING AF-127-ARGB-W,,,78 CFM,White,29.9 dB,Yes,500 - 2000 RPM,120 mm,0
Noctua NF-A6x15 FLX,13.9,https://cdna.pcpartpicker.com/static/forever/images/product/ee65385616303119df9a1743b8e81821.256p.jpg,8.53 - 13.77 CFM,Brown,16.5 - 19.8 dB,Yes,3050 - 3500 RPM,60 mm,0
Corsair SP120 Quiet 2-Pack,,https://cdna.pcpartpicker.com/static/forever/images/product/75bbf0524db6e11b0f6559d5ca3d9b2d.256p.jpg,37.85 CFM,Black,23 dB,No,1450 RPM,120 mm,4.5
Vantec Thermoflow,9.23,https://cdna.pcpartpicker.com/static/forever/images/product/a19c19a7566db127b957e47a148378d4.256p.jpg,23.8 - 41.6 CFM,Black,25.5 - 37.5 dB,No,1950 - 3400 RPM,80 mm,0
Gelid Solutions Silent 7,,,19.8 CFM,Black,21.8 dB,No,2200 RPM,70 mm,0
Kingwin CF-014LB,,,58 CFM,Black,23 dB,No,1000 RPM,140 mm,0
Phanteks F120SP,,https://cdna.pcpartpicker.com/static/forever/images/product/afe947ffd3c3e964c5b55efd0397e817.256p.jpg,54.4 CFM,Black,24.2 dB,No,1300 RPM,120 mm,5
NZXT F140Q (2022),,https://cdna.pcpartpicker.com/static/forever/images/product/30b235952965d1b400eb2b21ac517f5d.256p.jpg,42.92 - 101 CFM,Black,18 - 23 dB,Yes,500 - 1200 RPM,140 mm,0
Gelid Solutions Silent 9,12.99,,31.32 CFM,Black,20 dB,No,1500 RPM,92 mm,0
Gelid Solutions Silent 14,15.49,,67.4 CFM,Black,21 dB,No,1000 RPM,140 mm,0
Antec Storm T3 3-Pack,,https://cdna.pcpartpicker.com/static/forever/images/product/606bc8364b5895a895afbf3ebeb203eb.256p.jpg,18.17 - 80.47 CFM,Black,36.99 dB,Yes,600 - 2200 RPM,120 mm,5
Thermalright TL-C12CW-X28-S,,,73.3 CFM,White,25.4 dB,Yes,1550 RPM,120 mm,0
Noctua R8 PWM,,,23.19 - 31.37 CFM,Brown,10.19 - 17.1 dB,No,300 - 1800 RPM,80 mm,4.5
Apevia CF20SL-UBL,,https://cdna.pcpartpicker.com/static/forever/images/product/c91c0660134ed737b8cbea52ffdff22f.256p.jpg,125 CFM,Blue,20 dB,No,800 RPM,200 mm,5
Apevia CF8SL-BRD,,https://cdna.pcpartpicker.com/static/forever/images/product/dc7498cecd913c8b65bf3b65836077a6.med.256p.jpg,17.21 CFM,Red,20 dB,No,1500 RPM,80 mm,0
Evercool FAN-LD9225B-EC1,,https://cdna.pcpartpicker.com/static/forever/images/product/0badb2808abe578a7fadefbdb1df257b.256p.jpg,31.62 CFM,Clear,26 dB,No,2300 RPM,92 mm,0
StarTech FAN8025PWM,40.96,https://cdna.pcpartpicker.com/static/forever/images/product/5b8ee577ff1135afe668c4eee6600184.256p.jpg,9.74 - 25.02 CFM,Black,10 - 28 dB,No,800 - 2500 RPM,80 mm,5
Cougar Dual-X,,,73.18 CFM,Blue,18 dB,No,1000 RPM,140 mm,4.5
NZXT FX,,,49.1 - 98.3 CFM,White,22.1 - 37 dB,No,2000 RPM,140 mm,4
Delta Electronics FFB0912SH-F00,,https://cdna.pcpartpicker.com/static/forever/images/product/61ac37bd3e62f03e6c97bc0a6e57fc6b.med.256p.jpg,90.02 CFM,Black,50 dB,No,4100 RPM,92 mm,0
Cooler Master R4-S4S-10AK-GP,,,60.9 CFM,Black,16 dB,No,1000 RPM,140 mm,4.5
Logisys LT400GN,,,21.71 CFM,Clear,20 dB,No,1800 RPM,80 mm,4
Rosewill RFA-120-K,,,74.48 CFM,Black,29.28 dB,No,2000 RPM,120 mm,4
be quiet! Silent Wings Pure,,,24.7 - 42 CFM,Black,17.5 dB,No,1800 RPM,80 mm,0
Cooler Master JetFlo,,https://cdna.pcpartpicker.com/static/forever/images/product/265cfb71ae0eeddfa7932b479ae05dab.256p.jpg,95 CFM,Black,36 dB,Yes,1200 - 2000 RPM,120 mm,4
Corsair AF140,,,66.4 CFM,Black,25.5 dB,No,1200 RPM,140 mm,4.5
Aerocool DS,,,71.2 - 93.4 CFM,Black / Gray,15.5 - 23.4 dB,No,1100 - 1500 RPM,140 mm,5
Deepcool UF,,https://cdna.pcpartpicker.com/static/forever/images/product/752ccb7297f263a9ed52183add9d28ee.256p.jpg,25.13 CFM,White / Blue,17.8 - 24.7 dB,No,900 - 2200 RPM,80 mm,0
Thermaltake Luna,,,129.63 CFM,Black / Red,28.2 dB,No,800 RPM,200 mm,5
Phanteks F120MP,,,53.3 CFM,Black / White,25 dB,Yes,500 - 1800 RPM,120 mm,4.5
Silverstone FQ,40.22,,31.4 - 62 CFM,White / Blue,15.1 - 20.7 dB,Yes,500 - 1000 RPM,140 mm,0
Fractal Design Silent R3,12.48,https://cdna.pcpartpicker.com/static/forever/images/product/fd4b3e94e215c1017355aa21a04bc403.256p.jpg,20.2 CFM,Black / White,18.1 dB,No,1600 RPM,80 mm,5
Corsair HD120,,https://cdna.pcpartpicker.com/static/forever/images/product/748f23cbb7704fae36c96b6c65e874ea.256p.jpg,54.4 CFM,Black / White,18 - 30 dB,Yes,800 - 1725 RPM,120 mm,4.5
Deepcool Ice Blade,,https://cdna.pcpartpicker.com/static/forever/images/product/151a797f6c6714528c51c72a8e989ea4.256p.jpg,60.29 CFM,Black,21.4 - 32.1 dB,Yes,900 - 1500 RPM,120 mm,3.5
Corsair HD140,,https://cdna.pcpartpicker.com/static/forever/images/product/8a3bbc292b29a4af6332a6469335b9bf.256p.jpg,74 CFM,Black / White,18 - 28.6 dB,Yes,600 - 1350 RPM,140 mm,4
Corsair HD140 2-Pack,,https://cdna.pcpartpicker.com/static/forever/images/product/4545e792ef747c7497ec13360fc9445f.256p.jpg,74 CFM,Black / White,18 - 28.6 dB,Yes,600 - 1350 RPM,140 mm,4
Cooler Master MasterFan MF200R,,,90 CFM,,28 dB,No,800 RPM,200 mm,4
ARCTIC F14 TC,,https://cdna.pcpartpicker.com/static/forever/images/product/48a80d04e91bd86210bd4ece6a352013.256p.jpg,74 CFM,Black / White,,No,400 - 1350 RPM,140 mm,0
Apevia AF512L-RD 5-Pack,,https://cdna.pcpartpicker.com/static/forever/images/product/16c4d03e04e4942aab7e8484e3dfba40.256p.jpg,57.67 CFM,Red,24.7 dB,No,1500 RPM,120 mm,0
BitFenix Spectre Pro All White,,https://cdna.pcpartpicker.com/static/forever/images/product/cf7b5c1e52fd9102342ae1725404599b.256p.jpg,156.27 CFM,White,25.6 dB,No,900 RPM,230 mm,4
Enermax D.F. Storm,,https://cdna.pcpartpicker.com/static/forever/images/product/4b9fbe32dde2c58610c7aa01f1d2016f.256p.jpg,72.47 - 155.08 CFM,Black,23 - 38 dB,Yes,1500 - 3500 RPM,120 mm,0
Aerocool Turbine 1000,,https://cdna.pcpartpicker.com/static/forever/images/product/eea3ce4e742cb1759699c5a1f57e87ed.256p.jpg,37.44 CFM,Silver,19.66 dB,No,950 RPM,120 mm,0
Lian Li Bora Lite 3-Pack,,https://cdna.pcpartpicker.com/static/forever/images/product/2b69ac50ad9aff7df0b455d01a84ef6c.256p.jpg,48.31 CFM,Black,28.2 dB,Yes,900 - 1500 RPM,120 mm,4.5
Deepcool CF 2-Pack,,https://cdna.pcpartpicker.com/static/forever/images/product/f1bea3fe86d0d76235642aaf8f6f9561.256p.jpg,64.13 CFM,Black,19.8 - 24 dB,Yes,500 - 1200 RPM,140 mm,4
NZXT AER RGB 2 3-Pack,,https://cdna.pcpartpicker.com/static/forever/images/product/38b07f03608cfe0865e074dc24fcee5d.256p.jpg,17.48 - 52.44 CFM,Black,22 - 33 dB,Yes,500 - 1500 RPM,120 mm,4.5
Corsair AF140 (2018),,https://cdna.pcpartpicker.com/static/forever/images/product/26682e541c057c6627ba89884586b3af.256p.jpg,62 CFM,Black / White,26 dB,No,1150 RPM,140 mm,4.5
Corsair AF140 (2018) 2-Pack,,https://cdna.pcpartpicker.com/static/forever/images/product/45d08f79af5893c2d7ed4cb82a442732.256p.jpg,62 CFM,Black / White,26 dB,No,1150 RPM,140 mm,5
Cooler Master MasterFan SF120M,,https://cdna.pcpartpicker.com/static/forever/images/product/11a3f439507c43180c38af6d257ef4b2.256p.jpg,35 - 62 CFM,Black,5.5 - 22 dB,Yes,650 - 2000 RPM,120 mm,4
MagniumGear Skiron,,,50 CFM,Black / White,29 dB,Yes,1500 RPM,120 mm,4.5
Bitspower Touchaqua NJORD RGB 3-Pack,,,70 CFM,Black / White,29 dB,Yes,800 - 2000 RPM,120 mm,4
Phanteks FSK,33.99,https://cdna.pcpartpicker.com/static/forever/images/product/17157a6de97cab2f86f8d2098b95a8c4.256p.jpg,,Black / White,,Yes,500 - 1500 RPM,140 mm,4
Phanteks FSK 3-Pack,,https://cdna.pcpartpicker.com/static/forever/images/product/80ce1256710118e07b4c64b053cb10bb.256p.jpg,,Black / White,,Yes,500 - 1500 RPM,140 mm,4.5
darkFlash CF8 Pro 5-Pack,,,,Transparent,,No,,120 mm,0
ID-COOLING XF-12025-SW,,https://cdna.pcpartpicker.com/static/forever/images/product/371b99cdbd188a52d3bca066715241f4.256p.jpg,74.5 CFM,White,18 - 35.2 dB,Yes,700 - 1800 RPM,120 mm,0
ID-COOLING CRYSTAL 120 WHITE,,https://cdna.pcpartpicker.com/static/forever/images/product/d509d2e924133896dde91ea14fdf4726.256p.jpg,68.2 CFM,White,13.8 - 30.5 dB,Yes,500 - 1500 RPM,120 mm,0
ID-COOLING DF-12025-ARGB,,https://cdna.pcpartpicker.com/static/forever/images/product/524e7ee157868562a30274f8697818f0.256p.jpg,56.5 CFM,Black,16.2 - 31.5 dB,Yes,900 - 2000 RPM,120 mm,0
ID-COOLING ZF-14025-ARGB,,https://cdna.pcpartpicker.com/static/forever/images/product/cc61bc04b2236db53cbe3dcabb0e6545.256p.jpg,79.5 CFM,Black,16.8 - 36.5 dB,No,800 - 1600 RPM,140 mm,0
Corsair ML140 LED ELITE Red Premium,,https://cdna.pcpartpicker.com/static/forever/images/product/3001758b2b87b097b5d729a1a2111ed0.256p.jpg,15 - 82.9 CFM,White,10 - 31.8 dB,Yes,400 - 1600 RPM,140 mm,0
ARCTIC F PST,,https://cdna.pcpartpicker.com/static/forever/images/product/9d3413cb8c707b3f7e20f7f0ae10bb48.256p.jpg,74 CFM,Black,,Yes,200 - 1350 RPM,140 mm,4.5
ARCTIC F PST 5-Pack,,,74 CFM,Black,,Yes,200 - 1350 RPM,140 mm,5
Thermalright TL-C12 D6,,,66.17 CFM,Gray,25.6 dB,Yes,1500 RPM,120 mm,5
Thermalright TL-C12 PRO,,,82 CFM,Black,29.6 dB,Yes,1850 RPM,120 mm,0
In Win Mercury AM120S 3-Pack,,,60.71 CFM,Black / White,17 - 29 dB,Yes,400 - 2000 RPM,120 mm,0
Thermalright TL-E12B EXTREM,,,78 CFM,Black,27.7 dB,Yes,1850 RPM,120 mm,0
Scythe Wonder Snail,,,7.68 - 77.23 CFM,White,3 - 29.3 dB,Yes,300 - 2400 RPM,120 mm,0
Thermalright TL-B-S,,https://cdna.pcpartpicker.com/static/forever/images/product/0fd25dafcf285096cf99ee02bfc93979.256p.jpg,69 CFM,Black,28.1 dB,Yes,2150 RPM,120 mm,0
Thermalright TL-B Extrem LCP 3-Pack,,,69 CFM,Black,28.1 dB,Yes,2150 RPM,120 mm,0
SeaSonic MAGFLOW ARGB,,https://cdna.pcpartpicker.com/static/forever/images/product/1fa861d2058b4269ef0a4a7a2b8ce688.256p.jpg,49.47 CFM,Black,30.115 dB,Yes,2000 RPM,120 mm,0
Apevia Cosmos 5-Pack,,,57.67 CFM,Orange / Black,24.7 dB,No,1350 RPM,120 mm,0
Apevia Lunar Pro 6-Pack,,,59.6 CFM,White / Black,29.4 dB,No,1200 RPM,140 mm,0
BGears b-ARGB Vortex,,https://cdna.pcpartpicker.com/static/forever/images/product/a17b9f55c55f62b76c587d9406a92bfb.256p.jpg,101 CFM,White / Black,28 dB,Yes,600 - 1800 RPM,120 mm,0
Rosewill RGBF-S12003 5-Pack,,,41.2 CFM,Black,27.8 dB,No,800 - 1800 RPM,120 mm,3
ID-COOLING XF-120,,https://cdna.pcpartpicker.com/static/forever/images/product/636c06e2bd5d8789f3826e0a0eecd09f.256p.jpg,68.2 CFM,,13.8 - 30.5 dB,Yes,500 - 1500 RPM,120 mm,0
ID-COOLING ZF-12025,,https://cdna.pcpartpicker.com/static/forever/images/product/af95eee609fa3699cfb06b0b471eeefa.256p.jpg,55.2 CFM,White / Purple,16.3 - 33.5 dB,Yes,900 - 2000 RPM,120 mm,0
KOLINK UMBRA VOID PRO,5.99,https://cdna.pcpartpicker.com/static/forever/images/product/2504c1308df0523101ea0efd1745433a.256p.jpg,57.2 CFM,Black,19.4 - 30 dB,Yes,800 - 1800 RPM,120 mm,0
Xilence XPF80.W,,https://cdna.pcpartpicker.com/static/forever/images/product/c1e7d7508fae9574ba1c07be50a174be.256p.jpg,21.8 CFM,Black,20 dB,No,1800 RPM,80 mm,0
Xilence XPF80.R.PWM,5.81,,21.8 CFM,Red / Black,20 dB,Yes,800 - 1800 RPM,80 mm,0
Xilence XPF120.R.PWM,,,57.9 CFM,Red / Black,28 dB,Yes,500 - 1500 RPM,120 mm,0
Antec Neo Prizm T3 3-Pack,,https://cdna.pcpartpicker.com/static/forever/images/product/7dc6263c860a443583212be2cfb3efe1.256p.jpg,19.24 - 69.86 CFM,Black,9.73 - 31.62 dB,Yes,600 - 2000 RPM,120 mm,0
Cooler Master MOBIUS,,,0 - 76.5 CFM,Black,0 - 30 dB,Yes,,140 mm,0
Alphacool 24853,,https://cdna.pcpartpicker.com/static/forever/images/product/6276a7b5bfa912862b1ebaedc7202f58.256p.jpg,103.03 CFM,Black,30 - 38.3 dB,Yes,2000 RPM,140 mm,0
MSI MPG EZ120R ARGB-4B 4-Pack,,,66.72 CFM,Black,30.78 dB,Yes,,120 mm,0
Thermalright TL-M14W,,,88.75 CFM,White,23.7 dB,Yes,1500 RPM,140 mm,0
Phanteks F200SP,,https://cdna.pcpartpicker.com/static/forever/images/product/d228227c9b019d79287c6dec4c7e12ff.256p.jpg,110.1 CFM,Black / White,25 dB,No,850 RPM,200 mm,5
Gelid Solutions Silent 6,12.2,,16 CFM,Black / White,24 dB,No,3200 RPM,60 mm,3
Apevia CF312SL-UGN 3-Pack,,https://cdna.pcpartpicker.com/static/forever/images/product/ef0565c30fa208ec0380cd64592e1f04.256p.jpg,,Green,29.67 dB,No,1700 RPM,120 mm,4
Fractal Design Dynamic GP,,https://cdna.pcpartpicker.com/static/forever/images/product/8eb17b9ac46dc71a78f71fd0a53b2312.256p.jpg,52.3 CFM,Black,19.39 dB,No,1200 RPM,120 mm,4.5
Noctua B9-1600,,,24.19 - 37.84 CFM,Brown,7.9 - 17.6 dB,No,1000 - 1600 RPM,92 mm,0
Silverstone AP,,https://cdna.pcpartpicker.com/static/forever/images/product/acffab92dfe0008a2c26dd45a17309d8.256p.jpg,24.49 - 140.13 CFM,Black,18 - 37 dB,Yes,400 - 1500 RPM,180 mm,0
In Win Luna AL120 3-Pack,,,82.96 CFM,Black / White,25 dB,Yes,600 - 1800 RPM,120 mm,0
StarTech FAN12025PWM,41.9,https://cdna.pcpartpicker.com/static/forever/images/product/931c84006f7a21f5268bb9b1bafea3f7.256p.jpg,33.2 - 78.41 CFM,Black,17.2 - 39 dB,No,800 - 2200 RPM,120 mm,0
Apevia CF12S-BK,,https://cdna.pcpartpicker.com/static/forever/images/product/9fe61e0de0b9bd3c29e2ff3e0cbf2482.256p.jpg,57.67 CFM,Black,24.7 dB,No,1500 RPM,120 mm,0
Nexus DF1209SL-3PWM,,,43.5 CFM,Clear,15.8 dB,Yes,2500 RPM,92 mm,2
Evercool Spider Filter,,https://cdna.pcpartpicker.com/static/forever/images/product/81bdad91b9358eaac1daac2da05f1864.med.256p.jpg,41 CFM,Red,22 dB,No,2200 RPM,92 mm,0
ARCTIC F Silent,,https://cdna.pcpartpicker.com/static/forever/images/product/a4aba8a11f4dd1ea1d2a730b97122efe.256p.jpg,37 CFM,White / Black,,No,800 RPM,120 mm,4.5
Fractal Design Venturi,17.67,https://cdna.pcpartpicker.com/static/forever/images/product/f5ffc28293880998721549687f3fb05a.256p.jpg,78.5 - 118.2 CFM,White / Black,18.3 - 26.5 dB,No,850 - 1200 RPM,140 mm,0
Iceberg Thermal IceGALE Silent 3-Pack,,,30 CFM,Black / Blue,12.3 dB,No,1100 RPM,120 mm,0
Gelid Solutions Stella 5-Pack,48.97,,70 CFM,Black,35 dB,Yes,500 - 1600 RPM,120 mm,0
Corsair AF120 Performance,,https://cdna.pcpartpicker.com/static/forever/images/product/27886ca1c55f4e5fb4b1f83ccc07a86a.256p.jpg,63.47 CFM,Black,30 dB,No,1650 RPM,120 mm,4.5
Corsair AF120 Performance 2-Pack,,https://cdna.pcpartpicker.com/static/forever/images/product/81f2b497d98ac786e051aed0a4df6706.256p.jpg,63.47 CFM,Black,30 dB,No,1650 RPM,120 mm,4.5
Cooler Master Excalibur,,,26.4 - 85.6 CFM,Black,13 - 30 dB,No,600 - 2000 RPM,120 mm,3
Cougar Turbine 4-Pack,,,60.4 CFM,Orange,17.7 dB,No,1200 RPM,120 mm,4
Enermax T.B. Silence,15.37,https://cdna.pcpartpicker.com/static/forever/images/product/4aedfc109b9bb936ba23b5b3fb415e67.256p.jpg,27.18 CFM,Black,13 dB,No,1400 RPM,92 mm,0
Enermax UCCL12N,,,71.25 CFM,White,18 dB,No,1500 RPM,120 mm,0
Zalman SF3,,,,White,23 dB,No,1500 RPM,120 mm,3
Masscool BLD-09025S1M,,,45.18 CFM,Clear,28.6 dB,No,2400 RPM,92 mm,2
StarTech FAN4X1LP4,,https://cdna.pcpartpicker.com/static/forever/images/product/a75ae8308ac8853183d0d702f80632f2.256p.jpg,1 - 5 CFM,Black,20 - 25 dB,No,5000 - 5499 RPM,40 mm,0
Vantec Stealth,14.14,https://cdna.pcpartpicker.com/static/forever/images/product/3271d6a9474dd1f6456720eaeee58a83.256p.jpg,27 CFM,Black,21 dB,No,2050 RPM,80 mm,0
Antec 75026,,,79 CFM,Clear,30 dB,No,2000 RPM,120 mm,0
Cougar CFD,,,64.37 CFM,Blue,16.6 dB,No,1200 RPM,120 mm,4.5
Zalman SF2,,https://cdna.pcpartpicker.com/static/forever/images/product/74ae3eea4346ea0657f72c952f980037.256p.jpg,,White,23 dB,No,2000 RPM,92 mm,5
Silverstone FM,20.69,,21.4 - 53.6 CFM,White,9.3 - 29.2 dB,No,1200 - 3000 RPM,92 mm,0
Evercool 1225H12B-Y21,,https://cdna.pcpartpicker.com/static/forever/images/product/2ec193cb2f54e999aa2bb3f051ada83f.med.256p.jpg,147.69 CFM,Black,54.9 dB,No,4500 RPM,120 mm,4
Evercool FAN-EC4020M12CA,,https://cdna.pcpartpicker.com/static/forever/images/product/f41988fdc8be8616be6df7b32fb01104.256p.jpg,5.62 CFM,Black,21 dB,No,5000 RPM,40 mm,0
StarTech FAN9X25TX3L,,https://cdna.pcpartpicker.com/static/forever/images/product/1d27e98583731c74369378218d06b933.256p.jpg,31.84 CFM,Black,25 dB,No,1600 RPM,92 mm,0
Delta Electronics AFB1212HHE-F00,,,120.07 CFM,Black,44 dB,No,2900 RPM,120 mm,5
NoiseBlocker BlackSilentPro P-3,,,90.05 CFM,Black,33 - 3 dB,No,1700 RPM,140 mm,5
Rosewill RCA-220-BL,,,110 CFM,Clear,21 dB,No,600 RPM,220 mm,0
Rosewill RFA-80-RL,,https://cdna.pcpartpicker.com/static/forever/images/product/fcfce4fa79ace2f69b82f6b4753ef771.256p.jpg,33.21 CFM,Red,22.41 dB,No,2500 RPM,80 mm,4.5
Rosewill RFA-120-WL,,,74.48 CFM,Clear,29.28 dB,No,2000 RPM,120 mm,4.5
Rosewill RFA-120-RL,,,74.48 CFM,Red,29.28 dB,No,2000 RPM,120 mm,4
Antec BIGBOY200,,,134 CFM,Black,30 dB,No,800 RPM,200 mm,2
Aerocool AeroFlow,,,59.12 CFM,Translucent White,29.58 dB,No,1500 RPM,120 mm,0
Silverstone SCOOL,,,17.75 - 42.15 CFM,Blue,15 - 18 dB,No,400 - 950 RPM,120 mm,0
Zalman F2,,https://cdna.pcpartpicker.com/static/forever/images/product/09f915a3a5c2080db8b0ad8bc9a3c94d.256p.jpg,,Clear,20 - 23 dB,No,1500 RPM,92 mm,0
Apevia CF8S-UBL,,https://cdna.pcpartpicker.com/static/forever/images/product/130c4eab09f36356e42983612faa876a.256p.jpg,25.64 CFM,UV Blue,22.05 dB,No,2000 RPM,80 mm,0
Corsair SP120 High Performance Edition,,https://cdna.pcpartpicker.com/static/forever/images/product/bd46b6363cfd089e53322ca04cd168a9.256p.jpg,62.74 CFM,Black,35 dB,Yes,2350 RPM,120 mm,4.5
Thermaltake Blue-Eye,,,47 CFM,Transparent,18.6 - 28 dB,No,1300 - 2500 RPM,92 mm,0
Thermaltake TurboFan,,,50 CFM,Red / Black,17 dB,No,1400 RPM,120 mm,0
Xion Alphawing,,,51.02 CFM,Red / Black,19.6 - 25.2 dB,No,1200 RPM,120 mm,0
Masscool FD12025B1H3/4,,,81.02 CFM,Black,25 dB,No,2200 RPM,120 mm,4
Cooler Master Super Fan,,,44.73 CFM,Black,19.1 dB,No,1200 RPM,120 mm,4
Masscool BLD12025S1M,,,79.8 CFM,Transparent,38 dB,No,2000 RPM,120 mm,0
Akasa Viper,18.95,,109.55 CFM,Black / Yellow,7 - 21.7 dB,Yes,600 - 1600 RPM,140 mm,5
Thermalright TY,,https://cdna.pcpartpicker.com/static/forever/images/product/b18e6fa5d0f1f69b98b5d3dd81b3cdc5.med.256p.jpg,28.3 - 73.6 CFM,Brown / Black,17 - 21 dB,Yes,900 - 1300 RPM,140 mm,0
Enermax T.B. Vegas Single,,,20.42 - 75.98 CFM,Red,14 - 25 dB,Yes,500 - 1800 RPM,120 mm,5
Xigmatek CFS,,https://cdna.pcpartpicker.com/static/forever/images/product/9039cb09924a408f3c6e5b1907d0dc25.256p.jpg,53.34 CFM,Black / Blue,14 dB,No,1400 RPM,120 mm,0
Rosewill RFTL-131409R,,,55.4 CFM,Clear,21 dB,No,,140 mm,0
Rosewill RNBD-131409,,,55.4 CFM,Black,22 dB,No,,140 mm,4
Rosewill RNBF-131209,,,59.8 CFM,Black,37 dB,No,2000 RPM,120 mm,5
Rosewill RNBL-131209B,,,59.8 CFM,Black,36 dB,No,2000 RPM,120 mm,4
Rosewill RNBL-131209R,,,59.8 CFM,Black,36 dB,No,2000 RPM,120 mm,3
Prolimatech Ultra Sleek Vortex,,https://cdna.pcpartpicker.com/static/forever/images/product/6b3880efd967acd9afb52a44c24a098f.256p.jpg,55.7 CFM,Black,7 - 17 dB,Yes,400 - 1300 RPM,120 mm,4.5
Rosewill RFTL-131411B,,,48.7 CFM,Transparent,23 dB,No,1200 RPM,140 mm,0
Thermaltake Pure S,,,38.89 CFM,Black,17.78 dB,No,1000 RPM,120 mm,4
Deepcool Wind Blade,,https://cdna.pcpartpicker.com/static/forever/images/product/747c9a48ae8561cee9256ade519900da.256p.jpg,53.65 CFM,Black,26.6 dB,No,,120 mm,3.5
Cooler Master XtraFlo,,https://cdna.pcpartpicker.com/static/forever/images/product/52260fbaea948bcab79b0fa776e5e342.256p.jpg,34.02 - 93.74 CFM,Black / Red,15 - 38 dB,Yes,800 - 2200 RPM,120 mm,5
Phanteks F140MP,,,68.09 CFM,Black / White,17 - 25.3 dB,Yes,500 - 1600 RPM,140 mm,4
Fractal Design Venturi HF-12,,https://cdna.pcpartpicker.com/static/forever/images/product/d799e172abf76de520d04a7ff1169c96.256p.jpg,83.4 CFM,Black,25.3 dB,No,1400 RPM,120 mm,4.5
Phanteks F140HP II,,,68.1 CFM,White / Black,25 dB,Yes,500 - 1600 RPM,140 mm,5
EK Vardar F4-120ER,,,77 CFM,Black,33.5 dB,Yes,2200 RPM,120 mm,5
Deepcool TF 120,,https://cdna.pcpartpicker.com/static/forever/images/product/091fbaddfec908aaf9e057c2b26fef89.256p.jpg,58.39 - 76.52 CFM,Black / Red,17.6 - 31.8 dB,Yes,500 - 1800 RPM,120 mm,0
Scythe Grand Flex,,,24.2 - 96.8 CFM,Black / Gray,13.5 - 39.5 dB,Yes,600 - 2400 RPM,120 mm,0
Evercool FAN-ALED12025B,,https://cdna.pcpartpicker.com/static/forever/images/product/0041212d87b71abee53fed507dfac76a.256p.jpg,79.2 CFM,Silver,34 dB,No,2200 RPM,120 mm,0
Apevia S 5-Pack,,,50.28 CFM,Black / Orange,21.1 dB,No,1500 RPM,120 mm,5
Nidec Servo Gentle Typhoon,,,20 - 68 CFM,Black / Gray,15 - 34 dB,Yes,900 - 2150 RPM,120 mm,4
Cooler Master MasterFan Pro Air Pressure,,https://cdna.pcpartpicker.com/static/forever/images/product/eb3e2732ad1394259b28f37eec38b63b.256p.jpg,35 - 62.1 CFM,Black,6 - 36 dB,Yes,650 - 2750 RPM,120 mm,5
Apevia S,,,57.67 CFM,Black / Pink,24.7 dB,Yes,1500 RPM,120 mm,5
Cooler Master MasterFan Pro Air Pressure 3-Pack,,https://cdna.pcpartpicker.com/static/forever/images/product/b03a75d31f128237ea9d3cc6f8307ed5.256p.jpg,35 CFM,Black,6 - 20 dB,Yes,650 - 1500 RPM,120 mm,3.5
In Win Polaris 2-Pack,,https://cdna.pcpartpicker.com/static/forever/images/product/c792055f46e64367e9e06d77e01cf319.256p.jpg,43.31 CFM,Black / Translucent White,20.2 dB,Yes,500 - 1280 RPM,120 mm,4
EVGA 400-HY-FX13-KR,,,113.5 CFM,Black,16 - 39.5 dB,Yes,600 - 2200 RPM,140 mm,0
Enermax T.B. RGB 3-Pack,,https://cdna.pcpartpicker.com/static/forever/images/product/c26467cdb453a5022d00d418d84f8aea.256p.jpg,47.53 CFM,Black,22 dB,Yes,500 - 1500 RPM,120 mm,4
Enermax T.B. RGB 6-Pack,,https://cdna.pcpartpicker.com/static/forever/images/product/fb5ed329b12239c985e406e01b257145.256p.jpg,47.53 CFM,Black,22 dB,Yes,500 - 1500 RPM,120 mm,2.5
Azza Hurricane Lite 3-Pack,,https://cdna.pcpartpicker.com/static/forever/images/product/5e01220676bf4b46b67bcb5789cbc0e7.256p.jpg,47 CFM,Black / White,28.7 dB,No,1500 RPM,120 mm,5
ARCTIC F9 PST 5-Pack,,https://cdna.pcpartpicker.com/static/forever/images/product/50f4b0123f77c1d5867af0e5ac0620e4.256p.jpg,43 CFM,Black / White,,Yes,550 - 1800 RPM,92 mm,5
Apevia AF512L-BL 5-Pack,,https://cdna.pcpartpicker.com/static/forever/images/product/baf47277b9c9857a45c21a39498c484e.256p.jpg,57.67 CFM,Blue,24.7 dB,No,1500 RPM,120 mm,0
CRYORIG QF Silent,,https://cdna.pcpartpicker.com/static/forever/images/product/b834ccb60dbfec83498b9807d4d1c10c.256p.jpg,42.1 CFM,White / Black,9 - 19.5 dB,Yes,200 - 1000 RPM,140 mm,5
Thermaltake Riing Plus,,https://cdna.pcpartpicker.com/static/forever/images/product/4367bb9410bd932f854a0837d00442e2.256p.jpg,117.96 CFM,Black,29.2 dB,Yes,500 - 1000 RPM,200 mm,5
Aerocool Project 7 RGB 12,,https://cdna.pcpartpicker.com/static/forever/images/product/e632af53a980c62ceb1060b53d87ff4b.256p.jpg,45.8 CFM,,14.5 dB,No,1200 RPM,120 mm,0
Mars Gaming MFRGBKIT 3-Pack,,,45.2 CFM,Black,18 dB,No,1200 RPM,120 mm,2.5
RAIJINTEK Iris,,https://cdna.pcpartpicker.com/static/forever/images/product/f15de855d09e2f472024260476d2bcc8.256p.jpg,42.17 CFM,,26.5 dB,Yes,800 - 1800 RPM,120 mm,0
ARCTIC P14 Silent,,https://cdna.pcpartpicker.com/static/forever/images/product/979a3e336db864813fc8fbd4cbb67369.256p.jpg,29.8 CFM,Black,20 dB,No,950 RPM,140 mm,4
Alpenföhn Wing Boost 3 ARGB,,https://cdna.pcpartpicker.com/static/forever/images/product/98fe5b4b057fa346bc703439701d8e94.256p.jpg,77.9 CFM,Black,36.8 dB,Yes,700 - 2200 RPM,120 mm,0
Apevia FrostBlade 4-Pack,,https://cdna.pcpartpicker.com/static/forever/images/product/8ebc652ba38e63de54fc6e91cf44c8e2.256p.jpg,57.67 CFM,Black,24.7 dB,No,1350 RPM,120 mm,5
Fractal Design Prisma SL,16.38,https://cdna.pcpartpicker.com/static/forever/images/product/87e7b1f921ae306247b8f4d8c4d7908c.256p.jpg,63.33 CFM,Black / White,19.4 dB,No,1000 RPM,140 mm,0
Cougar VORTEX SPB,18.98,https://cdna.pcpartpicker.com/static/forever/images/product/6f0bb7e30c6a4c3402d9f0185fb7bb6d.256p.jpg,43.54 CFM,Black,26 dB,Yes,600 - 1500 RPM,120 mm,0
SilentiumPC Sigma Pro 140,,https://cdna.pcpartpicker.com/static/forever/images/product/0af71b1614b6d04834ce1ffa896fe5c3.256p.jpg,78.6 CFM,Black,,Yes,500 - 1400 RPM,140 mm,0
Bitspower NJord Dual Fin 3-Pack,,,53 - 56.9 CFM,Black / White,25 - 28 dB,Yes,800 - 1800 RPM,120 mm,0
Antec SPARK,,https://cdna.pcpartpicker.com/static/forever/images/product/c446fac347d72c58d40fcdfaa5c90968.256p.jpg,45.03 CFM,Black,32.6 dB,Yes,2000 RPM,120 mm,4.5
In Win Jupiter AJ120,,,70.32 CFM,Black,35 dB,Yes,500 - 1800 RPM,120 mm,4
CRYORIG Crona,,,,Black,16.5 - 29.7 dB,Yes,400 - 1700 RPM,120 mm,0
ID-COOLING DF-12025 3-Pack,,,56.5 CFM,Black / White,16.2 - 31.5 dB,Yes,900 - 2000 RPM,120 mm,4.5
Akasa Vegas TLX,19.95,https://cdna.pcpartpicker.com/static/forever/images/product/00a7bd59820025bd8c4853dd5e86d7dd.256p.jpg,35.2 CFM,Black / White,23.8 dB,No,1500 RPM,120 mm,0
Zalman SF140,,https://cdna.pcpartpicker.com/static/forever/images/product/247010f546bb904aac2e72e8f11130e4.256p.jpg,61 CFM,Silver / Black,29 dB,Yes,800 - 1500 RPM,140 mm,0
ARCTIC BioniX P120 A-RGB,,https://cdna.pcpartpicker.com/static/forever/images/product/04df7b15008ff06300858c91b59fd00c.256p.jpg,48 CFM,Black,30 dB,Yes,400 - 2300 RPM,120 mm,4
Cooler Master MasterFan MF Prismatic,20.9,https://cdna.pcpartpicker.com/static/forever/images/product/ac49608b7c5fec387582256a935eeedd.256p.jpg,55 CFM,Black / White,8 - 27 dB,Yes,650 - 2000 RPM,120 mm,5
ARCTIC F14 PWM PST 5-Pack,50.87,https://cdna.pcpartpicker.com/static/forever/images/product/eb22a54c6359b26a53844d92f8effbd5.256p.jpg,74 CFM,Black / White,,Yes,200 - 1350 RPM,140 mm,5
Iceberg Thermal IceGALE ARGB,,https://cdna.pcpartpicker.com/static/forever/images/product/cbdfc5905ce756de56a6df8136773873.256p.jpg,96 CFM,Teal / White,0 - 36 dB,Yes,500 - 1600 RPM,140 mm,0
Phanteks PH-F120SK 3-Pack,,https://cdna.pcpartpicker.com/static/forever/images/product/15ce00ecfaad0e9eb12444fff84a5b93.256p.jpg,50 CFM,Black / White,27 dB,Yes,500 - 1500 RPM,120 mm,4.5
Fractal Design Aspect 14 RGB 3-Pack,,https://cdna.pcpartpicker.com/static/forever/images/product/c9c38e2890e46101e8d078ec24f31e05.256p.jpg,41 CFM,Black,19.5 dB,No,1000 RPM,140 mm,5
Scythe Kaze Flex Slim RGB,,,4.96 - 41.3 CFM,Black,1.8 - 23.2 dB,Yes,300 - 2500 RPM,92 mm,0
In Win Sirius Pure ASP120-3PK 3-Pack,,https://cdna.pcpartpicker.com/static/forever/images/product/ffa56b12c867e4a11e9015317d67c9c8.256p.jpg,50 CFM,White,13 - 27 dB,Yes,500 - 1800 RPM,120 mm,5
Thermaltake Pure A14,,,,Black,32 dB,Yes,500 - 1500 RPM,140 mm,0
ADATA Vento 3-Pack,,https://cdna.pcpartpicker.com/static/forever/images/product/4b8efd6930954a10f4ece721e13840b6.256p.jpg,45.3 CFM,Black / White,23 dB,No,1200 RPM,120 mm,0
ID-COOLING NO-9215-XT ARGB,,https://cdna.pcpartpicker.com/static/forever/images/product/ca838be1659cb7572a1e88a701f22673.256p.jpg,44.3 CFM,Black / White,14 - 33.4 dB,Yes,800 - 2500 RPM,92 mm,0
ID-COOLING TF-12025-ARGB-TRIO 3-Pack,,https://cdna.pcpartpicker.com/static/forever/images/product/db0b9ef4c7f5a31204807313b101fce1.256p.jpg,68.2 CFM,Black / White,13.8 - 30.5 dB,Yes,500 - 1500 RPM,120 mm,5
ID-COOLING ZF-12025-ARGB-TRIO-SNOW 3-Pack,,https://cdna.pcpartpicker.com/static/forever/images/product/ea42abbd050fc07913328b1f786c4178.256p.jpg,50.5 CFM,White,16.3 - 28.5 dB,Yes,500 - 1600 RPM,120 mm,0
ID-COOLING XF-12025-RGB-TRIO 3-Pack,,https://cdna.pcpartpicker.com/static/forever/images/product/2762d2745a41872b8832ad0a6bf83581.256p.jpg,74.5 CFM,Black / White,18 - 35.2 dB,Yes,700 - 1800 RPM,120 mm,0
ID-COOLING WF-14025-XT BLACK,,https://cdna.pcpartpicker.com/static/forever/images/product/c3a948c393df83ae6cd7a552940b61f8.256p.jpg,76.8 CFM,Black,16.8 - 32.6 dB,Yes,800 - 1600 RPM,140 mm,0
ID-COOLING XF-12025-SD-K,,https://cdna.pcpartpicker.com/static/forever/images/product/57cec4065a9bc7090b489127384131a0.256p.jpg,68.2 CFM,Black,13.8 - 30.5 dB,Yes,800 - 1500 RPM,120 mm,5
ID-COOLING TF-12025-SW,,https://cdna.pcpartpicker.com/static/forever/images/product/4f59205e3eb70f6ee43af896fbac5221.256p.jpg,76.16 CFM,White,15.2 - 35.2 dB,Yes,700 - 1800 RPM,120 mm,4
Corsair ML140 LED ELITE Blue Premium,,https://cdna.pcpartpicker.com/static/forever/images/product/d99d859b3191a2e6f8eede108c9df166.256p.jpg,15 - 82.9 CFM,White,10 - 31.8 dB,Yes,400 - 1600 RPM,140 mm,0
Bitspower Notos,,,,Black / White,25 - 28 dB,Yes,800 - 1800 RPM,120 mm,4
ARCTIC P PST 3-Pack,,https://cdna.pcpartpicker.com/static/forever/images/product/ab18a75ee57645ab7f38de8ba1761f95.256p.jpg,68.9 CFM,Black / Transparent,0 - 68.9 dB,Yes,,140 mm,0
Antec Fusion 120 ARGB White,46.35,https://cdna.pcpartpicker.com/static/forever/images/product/b603aefab001076506b854b675659b6d.256p.jpg,57.93 CFM,White,17.02 - 31.24 dB,Yes,600 - 2000 RPM,120 mm,0
ARCTIC F8 PWM PST CO,,https://cdna.pcpartpicker.com/static/forever/images/product/cd1917f148d4ddc23be5e57cd96f8a28.256p.jpg,31 CFM,Black,,Yes,300 - 2000 RPM,80 mm,0
Thermalright TL-RS12 ARGB,,,21.76 - 65.25 CFM,Black / Gray,15 - 23 dB,Yes,400 - 1500 RPM,120 mm,0
Alpenföhn JetStream,,https://cdna.pcpartpicker.com/static/forever/images/product/31fc083a7d028532e8eeb6fcce91dc31.256p.jpg,55.326 CFM,Black,22.8 dB,Yes,400 - 1600 RPM,120 mm,0
Gelid Solutions Stella Frost,,,70 CFM,White,35 dB,Yes,500 - 1600 RPM,120 mm,0
Gelid Solutions Silent 8,8.22,,21 CFM,Black,18.9 dB,No,1600 RPM,80 mm,0
EK Loop Fan FPT 140,32.63,https://cdna.pcpartpicker.com/static/forever/images/product/e62da40827c836d78cb04309d8e39346.256p.jpg,118.01 CFM,Black,44.56 dB,Yes,600 - 2200 RPM,140 mm,0
Thermalright TL-B14B EXTREM,,,110.4 CFM,Black,31.4 dB,Yes,2000 RPM,140 mm,0
Cougar VORTEX VK120 3-Pack,,https://cdna.pcpartpicker.com/static/forever/images/product/59df37639f49574ee243145e6ecdf8d6.256p.jpg,48.98 CFM,Black,29.8 dB,Yes,600 - 1500 RPM,120 mm,0
Geometric Future Squama 2505 3-Pack,,,91.3 CFM,Black,35.06 dB,Yes,2000 RPM,120 mm,0
Apevia Arcane RGB 6-Pack,,,57.67 CFM,Black / White,24.7 dB,No,1350 RPM,120 mm,0
Apevia Electro 6-Pack,,,57.67 CFM,White / Black,24.7 dB,No,1350 RPM,120 mm,0
Apevia Lunar Pro 3-Pack,,,59.6 CFM,White / Black,29.4 dB,No,1200 RPM,140 mm,0
Apevia Phoenix 6-Pack,,,57.67 CFM,White / Black,24.7 dB,No,1350 RPM,120 mm,0
Thermaltake Pure ARGB Sync TT Premium Edition 3-Pack,,https://cdna.pcpartpicker.com/static/forever/images/product/4bdf9febb0d429a40b643342f2e67a7e.256p.jpg,56.45 CFM,White / Gray,25.8 dB,Yes,500 - 1500 RPM,120 mm,0
Phanteks PH-F120MP V2 RADIATOR,,https://cdna.pcpartpicker.com/static/forever/images/product/2ff9398972115144a139b03eb4022240.256p.jpg,60.5 CFM,Black / White,34.2 dB,Yes,500 - 2200 RPM,120 mm,0
Phanteks PH-F140MP V2,,https://cdna.pcpartpicker.com/static/forever/images/product/7946cf8910859be6fabfd533a90cdab5.256p.jpg,93 CFM,Black,39.1 dB,Yes,500 - 2000 RPM,140 mm,0
ID-COOLING TF-12025-PRO-ARGB,,https://cdna.pcpartpicker.com/static/forever/images/product/f44a815acb2383fa7fd66fbaa0c16b92.256p.jpg,82.5 CFM,Black,35.2 dB,Yes,500 - 1800 RPM,120 mm,0
ID-COOLING TF-12025-PRO,,https://cdna.pcpartpicker.com/static/forever/images/product/efa734181fc5dc6392e3b9a1b2f13026.256p.jpg,82.5 CFM,,35.2 dB,Yes,500 - 1800 RPM,120 mm,0
YEYIAN Typhoon 3-Pack,,https://cdna.pcpartpicker.com/static/forever/images/product/0ffc4adfa3d26b0235f126a89f78fae5.256p.jpg,38.5 CFM,Black,23 dB,Yes,1200 RPM,120 mm,0
upHere 12WT3-3-UK 3-Pack,,,38 CFM,White,19 dB,No,1200 RPM,120 mm,3
TEAMGROUP T-FORCE RT-X120,,,61.4 - 71.12 CFM,Black,27.88 - 39.9 dB,Yes,600 - 2200 RPM,120 mm,0
KRUX KRX0067,15.84,,,Black / Translucent White,,No,1200 RPM,120 mm,0
SilentiumPC Sigma Pro,,,,Black,,No,1200 RPM,120 mm,0
SilentiumPC Stella HP RGB,,,,Black,,Yes,250 - 1800 RPM,140 mm,0
Deepcool FT14 WH,,,78.83 CFM,White,25.1 dB,Yes,500 - 1650 RPM,140 mm,0
PREYON Falcon Eye,,,49 CFM,Black,,Yes,800 - 1800 RPM,120 mm,0
HAVIT Gamenote F2096,,,61.5 CFM,White,6 - 30 dB,Yes,650 - 1800 RPM,120 mm,0
Chillblast Cryo Blast HP120,38.94,https://cdna.pcpartpicker.com/static/forever/images/product/b46f0ba9b3f30ce99e7f534fbe4ebd97.256p.jpg,63 - 114 CFM,Black,15 - 42.7 dB,Yes,500 - 3000 RPM,120 mm,0
Gelid Solutions Zodiac,12,,65.5 CFM,Black,35 dB,Yes,700 - 1600 RPM,120 mm,0
ARCTIC F9 Pro,,https://cdna.pcpartpicker.com/static/forever/images/product/bac3cfff76ee59150374d87f1910954f.256p.jpg,57 CFM,White / Black,,Yes,1500 RPM,120 mm,0
Gelid Solutions Wing,10.99,,28.1 CFM,Blue,10 - 21 dB,No,2000 RPM,80 mm,0
Gelid Solutions LYRA,,,70 CFM,Black,35 dB,Yes,750 - 1600 RPM,140 mm,0
Evercool EC8038HH12BP,,https://cdna.pcpartpicker.com/static/forever/images/product/881e203321353f2c0b92b36669d1850a.256p.jpg,37.1 CFM,Black,22 - 56.2 dB,No,2000 - 6500 RPM,80 mm,0
Gelid Solutions Wing PL,19.86,,64.3 CFM,Black / Blue,12 - 25 dB,No,1500 RPM,120 mm,5
Nexus D12SL-12PWM,14.51,,76 CFM,Clear,15.5 - 26.9 dB,Yes,2000 RPM,120 mm,0
ARCTIC F8 Pro,6.06,,33 CFM,White / Black,,No,2000 RPM,80 mm,5
Kingwin CFR-012LB,22.19,https://cdna.pcpartpicker.com/static/forever/images/product/930c3ae273db324f77be99055e2ca731.256p.jpg,40 CFM,Clear,19 dB,No,950 RPM,120 mm,4
Silverstone Shark Force 120,20.37,,0 - 100 CFM,Black,0 - 41.2 dB,Yes,,120 mm,0
In Win Luna AL120,,,82.96 CFM,Black / White,25 dB,Yes,600 - 1800 RPM,120 mm,0
Xilence XPF92.R.PWM,,https://cdna.pcpartpicker.com/static/forever/images/product/7211625931051cedd2095305bc0bad9f.256p.jpg,32.1 CFM,Red / Black,22 dB,Yes,900 - 1800 RPM,92 mm,0
ENDORFY Zephyr,,https://cdna.pcpartpicker.com/static/forever/images/product/92786ab1afdf66f16ef55e95585698c8.256p.jpg,,Black,,No,1100 RPM,120 mm,0
Alphacool Core,,https://cdna.pcpartpicker.com/static/forever/images/product/127ab176c6705d39263d2f0852f483a1.256p.jpg,72.63 CFM,Black,30 - 36.6 dB,Yes,2500 RPM,120 mm,0
Corsair SP120 Quiet,,https://cdna.pcpartpicker.com/static/forever/images/product/6ea99feabe3dc7c7f21d35dfcc182796.256p.jpg,37.85 CFM,Black,23 dB,Yes,1450 RPM,120 mm,5
Cooler Master R4-BC8R-18FB-R1,,,21.7 CFM,Clear,19 dB,No,1800 RPM,80 mm,4.5
Cooler Master Turbine Master Mach 1.8,,,80.3 CFM,Black,30.5 dB,No,1800 RPM,120 mm,5
NZXT FS,,,89.5 CFM,Black / White,20 dB,No,800 RPM,193 mm,4.5
Phanteks F140TS,,,45.1 - 78.09 CFM,Blue,13.4 - 19 dB,No,750 - 1200 RPM,140 mm,0
Rosewill Hyperborea,,,89.55 CFM,Black,12.5 - 22.19 dB,Yes,600 - 1300 RPM,140 mm,4
Antec 761345-75092-9,,,38 CFM,Clear,27 dB,No,2200 RPM,92 mm,0
Antec 761345-75081-3,,,34 CFM,Clear,30 dB,No,2600 RPM,80 mm,4
Antec 761345-75020-2,,,34 CFM,Clear,30 dB,No,2600 RPM,80 mm,4
Antec Two Cool,,,21.3 - 42.6 CFM,Black,17 - 23.7 dB,No,600 - 1200 RPM,120 mm,4
Apevia CF12S-UBL,,https://cdna.pcpartpicker.com/static/forever/images/product/261d5cf1ed98a2fe0ff04a8d4b39f172.256p.jpg,63.85 CFM,Blue,29.67 dB,No,1700 RPM,120 mm,0
Apevia CF12SL-4C,,,63.85 CFM,Clear,29.67 dB,No,1700 RPM,120 mm,5
Apevia CF12SL-TRD,,https://cdna.pcpartpicker.com/static/forever/images/product/462b86bb0ab0517c6c66a6e867e820ca.256p.jpg,50.28 CFM,Black,21.1 dB,No,1500 RPM,120 mm,0
Apevia CF12SL-TGN,,,50.28 CFM,Black,21.1 dB,No,1500 RPM,120 mm,0
Apevia CF12SL-TBL,,https://cdna.pcpartpicker.com/static/forever/images/product/a272d6d68e757781fa8be9738476ef2d.256p.jpg,50.28 CFM,Black,21.1 dB,No,1500 RPM,120 mm,0
Apevia CF20SL-URD,,,125 CFM,Red,20 dB,No,800 RPM,200 mm,0
Apevia CF20SL-UGN,,,125 CFM,Green,20 dB,No,800 RPM,200 mm,2
Apevia CF4SL-URED,,,25.64 CFM,Red,22.05 dB,No,2000 RPM,80 mm,3.5
Apevia CF4SL-UGN,,,25.64 CFM,Green,22.05 dB,No,2000 RPM,80 mm,0
Apevia CF4SL-UBL-LED,,https://cdna.pcpartpicker.com/static/forever/images/product/370e9ac7ce01c75c619eaf8ed927bf1e.256p.jpg,25.64 CFM,Blue,22.05 dB,No,2000 RPM,80 mm,4
Apevia CF4SL-4C,,https://cdna.pcpartpicker.com/static/forever/images/product/3bf0fc6dd9dd20c78cb92303dc954139.256p.jpg,25.64 CFM,Clear,22.05 dB,No,2000 RPM,80 mm,0
Apevia 14S-BT,,,59.6 CFM,Green,29.4 dB,No,1200 RPM,140 mm,0
Apevia CF8SL-BGN,,https://cdna.pcpartpicker.com/static/forever/images/product/2486b6bac2de19abcc745ef464fe25fa.256p.jpg,17.21 CFM,Green,20 dB,No,1500 RPM,80 mm,0
Apevia CF8SL-BBL,,https://cdna.pcpartpicker.com/static/forever/images/product/7ccbab23f709c1fab6df4d9138780fe3.256p.jpg,17.21 CFM,Blue,20 dB,No,1500 RPM,80 mm,0
Masscool FDV12025L1L34,,,52.05 CFM,Red,25 dB,No,1500 RPM,120 mm,0
Masscool BLD-12025V1R,,,60 CFM,Red,23.5 dB,No,1500 RPM,120 mm,5
Xigmatek eXTREME OCTAGON,,https://cdna.pcpartpicker.com/static/forever/images/product/9039cb09924a408f3c6e5b1907d0dc25.256p.jpg,53.34 CFM,Black / Blue,14 dB,No,1400 RPM,120 mm,0
Apevia CF8S-UGN,,https://cdna.pcpartpicker.com/static/forever/images/product/42816f5b21c73a7e0e20211f68514923.256p.jpg,25.64 CFM,UV Green,22.05 dB,No,2000 RPM,80 mm,0
ARCTIC F12 Pro,,https://cdna.pcpartpicker.com/static/forever/images/product/fdc1831289c01cffd0cbd261a1121237.256p.jpg,57 CFM,White / Black,,No,1350 RPM,120 mm,4
ARCTIC F14,,,77.3 CFM,White / Black,,Yes,550 - 1350 RPM,140 mm,4.5
ARCTIC F12 CO,,https://cdna.pcpartpicker.com/static/forever/images/product/b0bfa66e27a80c039f7eabaacc6215e7.256p.jpg,74 CFM,Black,,Yes,600 - 1350 RPM,120 mm,4
ARCTIC F9 CO,,https://cdna.pcpartpicker.com/static/forever/images/product/6ada0eb109922d84d1e9e5c19f5d019e.256p.jpg,43 CFM,Black,,No,550 - 1800 RPM,92 mm,5
ARCTIC F8 CO,,https://cdna.pcpartpicker.com/static/forever/images/product/804b502269ae72edb2795efd24360e56.256p.jpg,31 CFM,Black,,Yes,850 - 2000 RPM,80 mm,5
Enermax Marathon,,https://cdna.pcpartpicker.com/static/forever/images/product/c76ea75b7e72bf19b81a03d847eaae5c.256p.jpg,44 CFM,Clear,17 dB,No,1000 RPM,120 mm,0
Enermax Magma,,,69.15 CFM,Red,18 dB,No,1500 RPM,120 mm,4
Enermax T.B. Vegas Trio,,,20.42 - 67.48 CFM,Translucent Black,14 dB,Yes,500 - 1600 RPM,120 mm,5
Enermax D.F. Vegas Duo,,,16.59 - 38.52 CFM,Clear,17 dB,No,900 - 2500 RPM,80 mm,4
Evercool EC-SSF-12,,https://cdna.pcpartpicker.com/static/forever/images/product/d8d0bc87268743f68df81a968de726ed.256p.jpg,,White,19 - 26 dB,No,800 - 1400 RPM,120 mm,0
Enermax T.B. Apollish,,https://cdna.pcpartpicker.com/static/forever/images/product/a2a11cb491f049369d08ee8b86f1502d.256p.jpg,116 - 210 CFM,Black / Blue,15 - 20 dB,No,600 - 1200 RPM,180 mm,5
Logisys CF120DCA,,https://cdna.pcpartpicker.com/static/forever/images/product/b10c00dc09f7d95558183f9aeaf61bcd.med.256p.jpg,57.91 CFM,Black,26.6 dB,No,1500 RPM,120 mm,0
Logisys CF120BL,,https://cdna.pcpartpicker.com/static/forever/images/product/e7bc79c2675b98365a97b54917a8c108.256p.jpg,69.15 CFM,Clear,39.29 dB,No,1800 - 2000 RPM,120 mm,2
Gelid Solutions Slim,12.46,,48.3 CFM,Blue,24.6 dB,No,1500 RPM,120 mm,5
Evercool F-EC1225A1HBT,,https://cdna.pcpartpicker.com/static/forever/images/product/d37abab3e4744ba916a411e799f7ae97.256p.jpg,88 CFM,Black,48 dB,No,2600 RPM,120 mm,0
Logisys CF140BL,,,52.15 CFM,Clear,19.5 dB,No,1100 RPM,140 mm,0
Logisys CF80GB,,,,Green,,No,1300 RPM,80 mm,0
Zalman F1 Plus,,https://cdna.pcpartpicker.com/static/forever/images/product/894d73c0b070d2811dd351a1a745f530.med.256p.jpg,,Black,20 - 23 dB,No,2000 RPM,80 mm,0
Masscool SL-FD14025,,,45.32 CFM,Clear,20 dB,No,1000 RPM,140 mm,0
Masscool FDVB12025L1L,,,52.05 CFM,Blue,25 dB,No,1500 RPM,120 mm,4
Masscool FD14025S1L3/4,,,57.12 CFM,Black,24.7 dB,No,1500 RPM,140 mm,0
Masscool BLD-14025S1L,,https://cdna.pcpartpicker.com/static/forever/images/product/c33d040fbf63f51ef8b7d3f1978b0832.256p.jpg,57.12 CFM,Clear,24.7 dB,No,1500 RPM,140 mm,0
Rosewill RFX-80BL,,,23.38 - 41.8 CFM,Clear,19.25 - 29 dB,No,1700 - 3000 RPM,80 mm,0
Rosewill RFX-80,,,38.08 CFM,Red,32.31 dB,No,1800 - 3000 RPM,80 mm,0
Rosewill RFX-120BL,,,43.5 - 87.5 CFM,Clear,23.5 - 38.15 dB,No,1200 - 2200 RPM,120 mm,4
Rosewill RFX-120,,,87.5 CFM,Red,38.15 dB,No,1200 - 2200 RPM,120 mm,3.5
StarTech FAN9225PWM,,,12.78 - 39.35 CFM,Black,10 - 25 dB,No,700 - 2200 RPM,92 mm,0
Thermaltake ISGC,,,24.4 CFM,White,18.2 dB,No,800 - 1600 RPM,80 mm,0
Thermaltake Mobile Fan,,,66.55 CFM,Orange,19 - 33.5 dB,No,250 - 1500 RPM,120 mm,0
Thermaltake Mobile Fan II,,https://cdna.pcpartpicker.com/static/forever/images/product/8d0d84a068b84ebd9d053318d4d4cee1.256p.jpg,47.28 CFM,Black,17 - 31 dB,No,1300 - 3000 RPM,80 mm,0
StarTech FANBOX,,https://cdna.pcpartpicker.com/static/forever/images/product/2ac967495649db1dc9f120365b7dedfa.256p.jpg,24.81 CFM,Black,23 dB,No,2000 RPM,80 mm,0
Aerocool X-Blaster,,,52.8 CFM,Translucent Black,45.6 dB,No,4000 RPM,80 mm,5
Antec 75003,,https://cdna.pcpartpicker.com/static/forever/images/product/55104504698d7942171433f93dc22fa5.256p.jpg,79 CFM,Clear,29.8 dB,No,2000 RPM,120 mm,0
Antec 75121,,,79 CFM,Clear,30 dB,No,2000 RPM,120 mm,3
Antec 75120,,https://cdna.pcpartpicker.com/static/forever/images/product/aec667bf291490ee0859b73ae69801ba.256p.jpg,79 CFM,Clear,30 dB,No,2000 RPM,120 mm,3
Antec 75093,,https://cdna.pcpartpicker.com/static/forever/images/product/02675b570acd9a2e0c7caf124ac0a603.256p.jpg,38 CFM,Clear,27 dB,No,2200 RPM,92 mm,0
Antec 75080,,https://cdna.pcpartpicker.com/static/forever/images/product/78273b1fc72a2767daa98caeb8ad42a4.256p.jpg,34 CFM,Clear,30 dB,No,2600 RPM,80 mm,4
Antec 75024,,https://cdna.pcpartpicker.com/static/forever/images/product/aec667bf291490ee0859b73ae69801ba.256p.jpg,79 CFM,Clear,30 dB,No,2000 RPM,120 mm,4.5
Antec 75002,,https://cdna.pcpartpicker.com/static/forever/images/product/82fc9ace512b9fc8d6ecb5fe6c83d922.256p.jpg,42.4 CFM,Clear,33 dB,No,2600 RPM,92 mm,0
Antec 77095,,,56 CFM,Clear,28 dB,No,1600 RPM,120 mm,4
Apevia CF12SL-BRD,,,50.28 CFM,Red,21.1 dB,No,1500 RPM,120 mm,0
Apevia CF12SL-BGN,,,50.28 CFM,Green,21.1 dB,No,1500 RPM,120 mm,0
Apevia CF12SL-BBL,,,50.28 CFM,Blue,21.1 dB,No,1500 RPM,120 mm,3
Apevia CF12SL-B4C,,,50.28 CFM,Clear,21.1 dB,No,1500 RPM,120 mm,5
Apevia CF12S,,https://cdna.pcpartpicker.com/static/forever/images/product/6684140bc6b4d4ff943d92dcc7e26634.256p.jpg,63.85 CFM,Clear,29.67 dB,No,1700 RPM,120 mm,4.5
Apevia 14SL-BL,,,59.6 CFM,Blue,29.4 dB,No,1200 RPM,140 mm,4
Apevia CF14SL-BRD,,,59.6 CFM,Red,20.6 dB,No,1200 RPM,140 mm,0
Apevia CF14SL-BGN,,,59.6 CFM,Green,20.6 dB,No,1200 RPM,140 mm,0
Apevia CF14SL-BBL,,,59.6 CFM,Blue,20.6 dB,No,1200 RPM,140 mm,5
Apevia CF14SL-B4C,,,59.6 CFM,Clear,20.6 dB,No,1200 RPM,140 mm,0
Apevia CF12SL-UBL,,,57.67 CFM,Blue,24.7 dB,No,1500 RPM,120 mm,5
Apevia CF12SL-URED,,,57.67 CFM,Red,24.7 dB,No,1500 RPM,120 mm,5
Apevia CF312SL-UBL 3-Pack,,https://cdna.pcpartpicker.com/static/forever/images/product/d05b5ef7e16a8188dcf9c7575a495fb0.256p.jpg,63.85 CFM,Blue,29.67 dB,No,1700 RPM,120 mm,4
Cooler Master SAF-B83-E1,,,29.07 CFM,Black,26 dB,No,2500 RPM,80 mm,0
Cooler Master SAF-B82-E1,,,32.11 CFM,Black,26 dB,No,2500 RPM,80 mm,0
Cooler Master R4-S8R-20AK-GP,,https://cdna.pcpartpicker.com/static/forever/images/product/212c16dd9621f4219ec0a309269b2ea1.256p.jpg,28.89 CFM,Black,20.9 dB,No,2000 RPM,80 mm,4
Apevia CF4S-UBL,,https://cdna.pcpartpicker.com/static/forever/images/product/892a1dfac5ff8a5783c76adca4f218c1.256p.jpg,25.64 CFM,Blue,22.05 dB,No,2000 RPM,80 mm,4
Masscool FDC08025S1M,,,32.95 CFM,Clear,26.5 dB,No,2700 RPM,80 mm,0
Masscool FD12025S1L3/4,,,52.05 CFM,Black,25 dB,No,1500 RPM,120 mm,0
Masscool FD12025B1L3/4,,,52.05 CFM,Black,25 dB,No,1500 RPM,120 mm,4
Masscool FD08025S1M4,,,31.73 CFM,Black,28 dB,No,2500 RPM,80 mm,3
Masscool FD08025B1M3/4,,,32.95 CFM,Black,26.5 dB,No,2700 RPM,80 mm,0
Masscool BLD-08025S1M,,,32.65 CFM,Clear,26.5 dB,No,2700 RPM,80 mm,2
Logisys SF80,,,22.6 CFM,Gray / Blue,17.6 - 23.4 dB,No,900 - 2200 RPM,80 mm,0
Logisys SF120,,,70.5 CFM,Blue,17.6 - 27.8 dB,No,1500 RPM,120 mm,5
Logisys LT400RD,,https://cdna.pcpartpicker.com/static/forever/images/product/14d4eac2c52e7f661a693850c9149924.256p.jpg,21.71 CFM,Clear,20 dB,No,1800 RPM,80 mm,0
Logisys LT400PL,,,21.71 CFM,Clear,20 dB,No,1800 RPM,80 mm,0
Logisys CF120RD,,,69.15 CFM,Clear,39.29 dB,No,1800 - 2000 RPM,120 mm,4
Logisys CCF80UVGN,,,31.73 CFM,Green,28 dB,No,2700 RPM,80 mm,0
Logisys CCF80BL,,,31.73 CFM,Clear,28 dB,No,2700 RPM,80 mm,0
Evercool EC4015SH12BP,7.99,https://cdna.pcpartpicker.com/static/forever/images/product/3ae7033000d5b582986442a465fe71b6.med.256p.jpg,,Black,32 dB,No,3000 - 10000 RPM,40 mm,0
Evercool EC4020SH12BP,,,,Black,32 dB,No,3000 - 9000 RPM,40 mm,0
Evercool F-EC9733H12BA-B,,https://cdna.pcpartpicker.com/static/forever/images/product/378eed5b72ffb4417be926137971763d.med.256p.jpg,15.19 CFM,Black,26 dB,No,2200 - 2800 RPM,92 mm,0
Evercool Evergreen,,https://cdna.pcpartpicker.com/static/forever/images/product/1df45474f687365cafe004f0f276b20a.256p.jpg,,Green,16 dB,No,1400 RPM,80 mm,0
Evercool FAN-AL12025B,,,79.14 CFM,Silver,,No,2000 RPM,120 mm,0
Evercool FAN-AL9025B,,https://cdna.pcpartpicker.com/static/forever/images/product/b20829796c2f4c53619dda9af18dddc4.256p.jpg,40.9 CFM,Silver,,No,2200 RPM,92 mm,0
Evercool FAN-EC8015M12CA,,https://cdna.pcpartpicker.com/static/forever/images/product/5041b2fd7bd0de08c765e3e38280f051.med.256p.jpg,28.49 CFM,Black,26 dB,No,2500 RPM,80 mm,0
Evercool FAN-EC4010M12CA,,,6.24 CFM,Black,21 dB,No,5000 RPM,40 mm,0
Evercool FAN-EC4007M12CA,,https://cdna.pcpartpicker.com/static/forever/images/product/79b58f24ef71e4d63d56491fec30a7fc.256p.jpg,4.8 CFM,Black,25 dB,No,5500 RPM,40 mm,0
Evercool FAN-ALED8025B2,,https://cdna.pcpartpicker.com/static/forever/images/product/b545e57249105db0bca8e7822622cf7d.256p.jpg,32.4 CFM,Black,12 dB,No,2500 RPM,80 mm,0
Evercool FAN-EC12025M12C,,https://cdna.pcpartpicker.com/static/forever/images/product/a06ef8b698f53aa1d3b6d68794586f2d.med.256p.jpg,72.94 CFM,Black,36 dB,No,2000 RPM,120 mm,0
Evercool FAN-LD9225B-EC2,,https://cdna.pcpartpicker.com/static/forever/images/product/edeb3fded9cd7409f21fe6b39b713a9e.256p.jpg,25.8 CFM,Clear,22 dB,No,1600 RPM,92 mm,0
Evercool FAN-EC9225M12CA,,https://cdna.pcpartpicker.com/static/forever/images/product/90914e7290c7951f819284fe40bb90c9.256p.jpg,38.35 CFM,Black,25 dB,No,2200 RPM,92 mm,0
Evercool FAN-EC8025M12CA,,https://cdna.pcpartpicker.com/static/forever/images/product/15dd1ce8cd9c8697f00c22d237a42162.256p.jpg,32.4 CFM,Black,28 dB,No,2500 RPM,80 mm,0
Aerocool V12,,https://cdna.pcpartpicker.com/static/forever/images/product/7f4c4da49c9d30c74b61e1e14f6954fd.med.256p.jpg,29.7 CFM,Translucent Black,17.3 dB,No,1000 RPM,120 mm,0
Noctua P14 FLX,,,41.93 - 64.95 CFM,Brown,10.1 - 19.6 dB,No,750 - 1200 RPM,140 mm,4.5
Noctua R8-1800,,,,Brown,7 - 17 dB,No,800 - 1800 RPM,80 mm,4.5
NoiseBlocker BlackSilentPro P-1,,,28.84 CFM,Black,9 dB,No,700 RPM,140 mm,0
NoiseBlocker Black Silent Pro PK-HP,,,71.22 CFM,Black,29 dB,Yes,1500 RPM,140 mm,0
NoiseBlocker BlackSilentFan X-2,,,50.02 CFM,Translucent Blue,20 dB,No,1100 RPM,140 mm,0
NoiseBlocker BlackSilentFan X-1,,,35.31 CFM,Translucent Blue,13 dB,No,800 RPM,140 mm,5
NoiseBlocker BlackSilentFan X-P,,,75.33 CFM,Translucent Blue,31 dB,Yes,2000 RPM,120 mm,0
NoiseBlocker Multiframe,,,58.85 CFM,Translucent Gray,23 dB,Yes,1500 RPM,120 mm,5
Cooler Master R4-C2R-20AC-GP,,,69 CFM,Black,19 dB,No,2000 RPM,120 mm,4
Apevia CF4S-BK,,,25.64 CFM,Black,22.05 dB,No,2000 RPM,80 mm,5
Cooler Master R4-SPS-20AK-GP,,,24.2 CFM,Black,20 dB,No,2000 RPM,80 mm,3.5
Cooler Master R4-S9S-19AK-GP,,https://cdna.pcpartpicker.com/static/forever/images/product/0184bb5a13678465013c611dda292c75.256p.jpg,32.53 CFM,Black,20.8 dB,No,1900 RPM,92 mm,4
Gelid Solutions Silent TC,,https://cdna.pcpartpicker.com/static/forever/images/product/8912fc04f7d2ba1e6e1ce58d78c591d4.256p.jpg,37.89 CFM,Black / White,11 - 23.5 dB,No,900 - 2000 RPM,92 mm,0
Logisys LT80UVBL,,,21.71 CFM,UV Blue,20 dB,No,1800 RPM,80 mm,0
Logisys LT400BL,,,21.71 CFM,Clear,20 dB,No,1800 RPM,80 mm,5
Logisys CF120GB,,https://cdna.pcpartpicker.com/static/forever/images/product/c817de728e45dd8ee7855003997d6f4a.med.256p.jpg,44.71 CFM,Green,26 dB,No,,120 mm,0
Masscool BLD-12025V1,,,60 CFM,Clear,23.5 dB,No,1500 RPM,120 mm,0
Logisys SF140,,,71.8 CFM,Black / Blue,17.6 - 26.7 dB,No,700 - 1200 RPM,140 mm,0
Logisys LT80UVRD,,,21.71 CFM,Red,20 dB,No,1800 RPM,80 mm,0
Logisys LT80UVGN,,,21.71 CFM,Green,20 dB,No,1800 RPM,80 mm,0
Nexus D12SL-12,,https://cdna.pcpartpicker.com/static/forever/images/product/9b3754280dfb95464cd8731bf200be17.med.256p.jpg,36.86 CFM,Black / White,18 dB,No,1000 RPM,120 mm,4.5
Masscool FD12038S1M3/4,,,107.54 CFM,Black,41.51 dB,No,2700 RPM,120 mm,0
Masscool FDC14025S1L,,,57.12 CFM,Clear,24.7 dB,No,1500 RPM,140 mm,0
Nexus SP802512H-03PWM,,,38 CFM,Clear,16.2 dB,Yes,2800 RPM,80 mm,0
Nexus DF1209SL-3,51.68,,27 CFM,White,19.2 dB,No,1500 RPM,92 mm,0
Nexus D12SL-12WL,13.92,,36.86 CFM,Clear,18 dB,No,1000 RPM,120 mm,0
Nexus D12SL-12BL,,,36.86 CFM,Clear,18 dB,No,1000 RPM,120 mm,0
Rosewill RFA-120-BL,,https://cdna.pcpartpicker.com/static/forever/images/product/7080f2a343642f7d12f514602f6189a1.256p.jpg,74.48 CFM,Blue,29.28 dB,No,2000 RPM,120 mm,4
Nexus SP802512L-03,,,20.2 CFM,White,17.6 dB,No,1500 RPM,80 mm,0
Rosewill RFA-80-WL,,,33.21 CFM,Clear,22.41 dB,No,2500 RPM,80 mm,0
Rosewill RFA-80-K,,,33.21 CFM,Black,22.41 dB,No,2500 RPM,80 mm,4
Silverstone FN81,,,25.46 CFM,Black,23.5 dB,No,2050 RPM,80 mm,4.5
Apevia CF8S,,https://cdna.pcpartpicker.com/static/forever/images/product/918e8e034c64e02580c5531fdb91fc35.256p.jpg,16.85 CFM,Clear,16.6 dB,No,1500 RPM,80 mm,0
Apevia CF8SL-B4C,,https://cdna.pcpartpicker.com/static/forever/images/product/81241ae08fafbc04e446b797e9ca69ca.med.256p.jpg,17.21 CFM,Clear,20 dB,No,1500 RPM,80 mm,0
Evercool FAN-EC12038M12B,,https://cdna.pcpartpicker.com/static/forever/images/product/569c38c6070bc093c9f1b28abf55550e.med.256p.jpg,79.9 CFM,Black,38 dB,No,2300 RPM,120 mm,0
Evercool EC-8038,,https://cdna.pcpartpicker.com/static/forever/images/product/17071ecb25e46e6b28ee9ca2c2cf7308.256p.jpg,67.09 CFM,Black,43.8 dB,No,5000 RPM,80 mm,0
Evercool CL8035/LD2,,https://cdna.pcpartpicker.com/static/forever/images/product/162ac365b9bbb1d51e1a5561b678c136.256p.jpg,31.62 CFM,Clear,26 dB,No,2300 RPM,80 mm,0
Logisys CCF80UVBL,,,31.73 CFM,Clear,28 dB,No,2700 RPM,80 mm,0
Noctua S12B FLX,,,28.95 - 59.21 CFM,Brown,6 - 18.1 dB,No,600 - 1200 RPM,120 mm,4.5
Rosewill RFA-80-BL,,,33.21 CFM,Blue,22.41 dB,No,2500 RPM,80 mm,4.5
ARCTIC ACF8 Pro,,,,White / Black,,Yes,700 - 2000 RPM,80 mm,4
LEPA LP70D08R,,,23.27 - 42.64 CFM,Black,17 - 25 dB,No,1200 RPM,80 mm,0
LEPA LP70D12R,,,,Black,24 dB,No,1600 RPM,120 mm,5
LEPA LPCP12N-BL,,,40.18 CFM,Transparent,16 dB,No,900 RPM,120 mm,0
LEPA LPCP12N-R,,,40.18 CFM,Transparent,16 dB,No,900 RPM,120 mm,4.5
LEPA Casino,,,24.85 - 63.91 CFM,Transparent,15 - 25 dB,Yes,600 - 1600 RPM,120 mm,5
LEPA Vortex,,,24.85 - 63.91 CFM,Transparent,15 - 25 dB,Yes,600 - 1600 RPM,120 mm,4
Apevia CF312SL-URD 3-Pack,,,,Red,29.67 dB,No,1700 RPM,120 mm,4.5
Apevia CF12SL-SBL,,,50.28 CFM,Blue,21.1 dB,No,1500 RPM,120 mm,5
Apevia CF12SL-SGN,,,50.28 CFM,Green,21.1 dB,No,1500 RPM,120 mm,4
Apevia CF12SL-SRD,,,50.28 CFM,Red,21.1 dB,No,1500 RPM,120 mm,0
Evercool EC9238H12BP,,https://cdna.pcpartpicker.com/static/forever/images/product/c648a571505cadcc24bd5fcf6020bd38.med.256p.jpg,,Black,35 dB,Yes,1000 - 3000 RPM,92 mm,0
Evercool FAN-AL8025B,,,32.4 CFM,Silver,,No,2500 RPM,80 mm,0
Evercool FAN-ALED9225B,,https://cdna.pcpartpicker.com/static/forever/images/product/cc1d24346e8d1026913b3533b7052f29.256p.jpg,38.4 CFM,Black / Silver,25 dB,No,2200 RPM,92 mm,0
Evercool FAN-EC1425L12EA,,https://cdna.pcpartpicker.com/static/forever/images/product/0c2ccfa156e004909e7c81c523394be0.med.256p.jpg,68.23 CFM,Black,22.1 dB,No,1200 RPM,140 mm,0
Kingwin CFY-012LB,,,40 CFM,Transparent,19 dB,No,950 RPM,120 mm,3.5
Apevia CF14S-BK,,https://cdna.pcpartpicker.com/static/forever/images/product/075ed152256bf4a78cede88ae3356e3a.256p.jpg,59.6 CFM,Black,29.4 dB,No,1200 RPM,140 mm,4
Enermax Cluster Adv,,,53.02 - 86.69 CFM,White,,Yes,1200 - 1800 RPM,120 mm,4
Enermax Everest Advance,,,46.1 - 76 CFM,Transparent,8 dB,No,1000 - 1600 RPM,120 mm,0
Enermax T.B. Vegas Quad,,,50.68 - 75.98 CFM,Black,20 - 25 dB,Yes,1200 - 1800 RPM,120 mm,4
Kingwin CF-012LBR,,,40 CFM,Red / Black,19 dB,No,950 RPM,120 mm,5
Kingwin CF-012LBW,,,40 CFM,Black / White,19 dB,No,950 RPM,120 mm,3
Nexus D14SL-14,,,46.87 CFM,Black / White,15 - 20 dB,No,1000 RPM,140 mm,0
Akasa Apache Black,17.75,https://cdna.pcpartpicker.com/static/forever/images/product/ffff8c79a4816b50759f989cd4f03afc.med.256p.jpg,57.53 CFM,Black,6.9 - 16.05 dB,Yes,600 - 1300 RPM,120 mm,0
Swiftech HELIX,,,55 CFM,Black / White,33 dB,No,1800 RPM,120 mm,0
Apevia CF12SL-T4C,,https://cdna.pcpartpicker.com/static/forever/images/product/415bf760f7e2538a353c1c485ff9892b.256p.jpg,50.28 CFM,Black,21.1 dB,No,1500 RPM,120 mm,0
Evercool F-EC12038HH12BP,,https://cdna.pcpartpicker.com/static/forever/images/product/1f9552529d52db57f7c805622638875b.256p.jpg,,Black,17.2 - 39 dB,Yes,800 - 2200 RPM,120 mm,0
Phanteks F140HP,,,40.9 - 88.6 CFM,White / Gray,15.22 - 19 dB,No,600 - 1300 RPM,140 mm,4.5
Phanteks F140XP,,,40.9 - 85.19 CFM,Black / White,19 dB,Yes,600 - 1200 RPM,140 mm,4.5
Apevia CF308SL-BRD,,https://cdna.pcpartpicker.com/static/forever/images/product/736ba0fc58d499e04623f328db060435.med.256p.jpg,17.21 CFM,Black / Red,20 dB,No,1500 RPM,80 mm,0
Apevia CF312S-BK,,https://cdna.pcpartpicker.com/static/forever/images/product/c83350ede91f19c3c1e937a808691861.256p.jpg,57.67 CFM,Black,24.7 dB,No,1500 RPM,120 mm,5
Enermax Magma Advance,,https://cdna.pcpartpicker.com/static/forever/images/product/06c57e4a301c72ec6a5e7117c699622d.256p.jpg,,Black / Red,,No,,80 mm,3
Titan TFD-12015H12ZP,,https://cdna.pcpartpicker.com/static/forever/images/product/f3e237cca8949ae64e5debd75d3a20aa.med.256p.jpg,52.95 CFM,Black / White,5 - 28.6 dB,No,150 - 1500 RPM,120 mm,0
Titan TFD-9515M12ZP,,https://cdna.pcpartpicker.com/static/forever/images/product/00034bdab39bd52f6b26bcb2132bcb23.256p.jpg,52.95 CFM,Black / White,5 - 28.6 dB,Yes,150 - 1500 RPM,95 mm,0
Apevia CF14SL-UBL,,,59.6 CFM,Translucent Blue,29.4 dB,No,1200 RPM,140 mm,0
Akasa Piranha,,,79.13 CFM,Black / Gray,6.4 - 27.2 dB,Yes,600 - 1900 RPM,120 mm,0
Apevia 14SL-GN,,,59.6 CFM,Green,29.4 dB,No,1200 RPM,140 mm,0
Apevia 14SL-RD,,https://cdna.pcpartpicker.com/static/forever/images/product/60e95baacf91a2be25f76a749f3d367d.256p.jpg,59.6 CFM,Red,29.4 dB,No,1200 RPM,140 mm,4.5
NoiseBlocker BlackSilentPro PC-P,,,8.2 - 30.6 CFM,Black,6.2 - 25.8 dB,Yes,600 - 2500 RPM,80 mm,5
SHARKOON Shark Blade,,,33 CFM,Black / Blue,19 dB,No,1000 RPM,120 mm,0
Apevia 12S-BK,,https://cdna.pcpartpicker.com/static/forever/images/product/eee1b5eaa61ddf9d6bf50f970b2df73e.med.256p.jpg,57.67 CFM,Black,24.7 dB,No,1500 RPM,120 mm,3
Apevia 312S-BK,,https://cdna.pcpartpicker.com/static/forever/images/product/2c630f556efe27da18805e83903cfd02.med.256p.jpg,57.67 CFM,Black,24.7 dB,No,1500 RPM,120 mm,4
Enermax UCTP12P,,,23.81 - 80 CFM,Black,14 - 25 dB,Yes,500 - 1800 RPM,120 mm,5
CRYORIG XF140,,https://cdna.pcpartpicker.com/static/forever/images/product/3ef307f4199d9e1704f4a34a5c8fa30c.256p.jpg,76 CFM,Black,23 dB,Yes,700 - 1300 RPM,140 mm,4
CRYORIG XT140,,https://cdna.pcpartpicker.com/static/forever/images/product/fb5e260e6696ef1cd5d645492463d1a2.256p.jpg,65 CFM,Black,24 dB,Yes,700 - 1300 RPM,140 mm,4.5
Antec PRO DBB,,,42.4 CFM,Clear,33 dB,No,2600 RPM,92 mm,0
Raidmax RX-120SR-G,,https://cdna.pcpartpicker.com/static/forever/images/product/037027bc7d70c8de51165349bdc2e40d.med.256p.jpg,38 CFM,Black / Green,22 dB,No,1200 RPM,120 mm,0
Raidmax RX-120SR-GY,,https://cdna.pcpartpicker.com/static/forever/images/product/0cd80f779bb56c7699e5ccfb8beea0a4.med.256p.jpg,38 CFM,Black / Gray,22 dB,No,1200 RPM,120 mm,0
Rosewill RABF-131209,,,59.8 CFM,Black,37 dB,No,2000 RPM,120 mm,0
Rosewill RABF-131409,,,55.4 CFM,Black,22 dB,No,,140 mm,0
Rosewill RABL-131209B,,,59.8 CFM,Black,36 dB,No,2000 RPM,120 mm,5
Rosewill RABL-131209R,,,59.8 CFM,Black,36 dB,No,2000 RPM,120 mm,5
Rosewill RFBL-131411B,,,48.7 CFM,Clear,23 dB,No,1200 RPM,140 mm,0
Rosewill RFBL-131411R,,,48.7 CFM,Clear,23 dB,No,1200 RPM,140 mm,0
Rosewill RFTL-131209B,,,59.8 CFM,Clear,36 dB,No,2000 RPM,120 mm,4
Rosewill RFTL-131209R,,,59.8 CFM,Clear,36 dB,No,2000 RPM,120 mm,3
Rosewill RFTL-131409B,,,55.4 CFM,Clear,21 dB,No,,140 mm,4
Rosewill RNBL-131409B,,,55.4 CFM,Black,21 dB,No,,140 mm,0
Rosewill RNBL-131409R,,,55.4 CFM,Black,21 dB,No,,140 mm,0
Zalman F1,,,,Black / Clear,18 - 23 dB,No,1400 - 2000 RPM,80 mm,0
Zalman F2 Plus,,https://cdna.pcpartpicker.com/static/forever/images/product/f50229c96b9a46910c98a79bad78d7e9.256p.jpg,,Black,20 - 23 dB,No,1500 RPM,92 mm,0
Logisys CF120GN,,,69.15 CFM,Transparent,39.29 dB,No,1800 - 2000 RPM,120 mm,5
Rosewill RFTL-131411R,,,48.7 CFM,Transparent,23 dB,No,1200 RPM,140 mm,0
Rosewill ROCF-13002,,,38.2 CFM,Transparent,22 dB,No,1200 RPM,120 mm,4
LEPA LP-BOL12P-BL,,,81.45 CFM,Black,8 - 18 dB,Yes,600 - 1600 RPM,120 mm,4.5
LEPA LP-BOL12P-R,,,81.45 CFM,Black,8 - 18 dB,Yes,600 - 1600 RPM,120 mm,4.5
LEPA LP-BOL12R,,,81.45 CFM,Black,18 dB,No,1600 RPM,120 mm,4
Deepcool GF 140,,https://cdna.pcpartpicker.com/static/forever/images/product/3b855f6ddde6bcc0f981d247c046a6e8.256p.jpg,71.8 CFM,Black / Green,17.6 - 26.7 dB,Yes,1200 RPM,140 mm,0
Deepcool GS,,,61.93 CFM,Gray / White,18.2 - 31.4 dB,Yes,1800 RPM,120 mm,3.5
Masscool BLD-12025V1G,,,60 CFM,Black,23.5 dB,No,1500 RPM,120 mm,0
Insignia NS-PCF1250,,,44 CFM,Black,22.5 dB,No,1200 RPM,120 mm,4.5
Insignia NS-PCF8050,,,23.96 CFM,Black,22.3 dB,No,2000 RPM,80 mm,5
Phanteks F120XP,,,23 - 61.6 CFM,Black / White,21 - 27 dB,Yes,500 - 1500 RPM,120 mm,5
Antec LED80XFAN,,,34 CFM,Transparent,30 dB,No,2600 RPM,80 mm,0
CRYORIG QF120 Balance,,https://cdna.pcpartpicker.com/static/forever/images/product/087f1f9383f50b7162c2bfb0200d9e77.256p.jpg,49 CFM,Black / White,10 - 25 dB,Yes,330 - 1600 RPM,120 mm,4.5
Enermax Twister Storm,,https://cdna.pcpartpicker.com/static/forever/images/product/06e0eae986a30727149251c03fc9a620.256p.jpg,72.46 - 154.53 CFM,Black,23 - 38 dB,No,1500 - 3500 RPM,120 mm,0
Deepcool GF,,,79.81 CFM,Black,17.6 - 32.5 dB,Yes,500 - 1800 RPM,120 mm,5
Rosewill RASF-141213,,https://cdna.pcpartpicker.com/static/forever/images/product/59a3f4021e72c04874407b16bd60de27.256p.jpg,54.55 CFM,Black,11 - 30.32 dB,Yes,1600 RPM,120 mm,5
Rosewill RAWB-131456,,,82 CFM,Brown / Black,13 - 21.5 dB,Yes,500 - 1200 RPM,140 mm,0
Rosewill RAWP-141209,,,64.75 CFM,Brown / Black,10 - 21.5 dB,Yes,500 - 1500 RPM,120 mm,0
Yate Loon D12SL-12,,,36.86 CFM,Black / White,18 dB,No,1000 RPM,120 mm,0
Akasa AK-170CC-4RAS,,,32.37 CFM,Clear,23.5 dB,No,2500 RPM,80 mm,0
Akasa AK-274CC-4RAS,12.25,,38.4 CFM,Clear,17.5 dB,No,1200 RPM,120 mm,0
Aerocool Streamliner,,https://cdna.pcpartpicker.com/static/forever/images/product/22f0dd7c4b093abf6198b38741e9aff7.256p.jpg,54.7 CFM,Silver,17 - 19.6 dB,No,1000 RPM,140 mm,0
Fractal Design Venturi HP-12,,https://cdna.pcpartpicker.com/static/forever/images/product/c5d1df8062886320a7a6d6f7708b067b.256p.jpg,61.4 CFM,Black,31.7 dB,Yes,1800 RPM,120 mm,4.5
Rosewill RAWP-141411,,,60.23 - 82 CFM,Brown / Black,14.5 - 21.5 dB,No,900 - 1200 RPM,140 mm,0
Rosewill RAWR-141209,,,45.25 - 64.75 CFM,Brown / Black,18 - 25 dB,No,1000 - 1500 RPM,120 mm,0
EK Vardar F1,,https://cdna.pcpartpicker.com/static/forever/images/product/387f202c2b071d4d268127551105b849.256p.jpg,64 CFM,Black / Gray,26 dB,Yes,1150 RPM,140 mm,0
EK Vardar F2,,https://cdna.pcpartpicker.com/static/forever/images/product/07a0e947238750c67d33c8aad17f3793.256p.jpg,52 CFM,Black / Gray,25.6 dB,Yes,1450 RPM,120 mm,5
EK Vardar F4,,,77 CFM,Black / Gray,33.5 dB,Yes,2200 RPM,120 mm,5
EK Furious Vardar FF5,,,107 CFM,Black,42 dB,Yes,3000 RPM,120 mm,4.5
Evercool FAN-EC8015M05CA,,https://cdna.pcpartpicker.com/static/forever/images/product/27f9e5200a9e204d3dac84e86335fcc2.256p.jpg,12.66 - 29.58 CFM,Black,34 dB,No,3500 RPM,80 mm,0
Evercool FAN-EC8025M05CA,,https://cdna.pcpartpicker.com/static/forever/images/product/99e4870ba6beb837ea3f452c377492ff.256p.jpg,12.66 - 29.58 CFM,Black,34 dB,No,2500 RPM,80 mm,0
Evercool EC12025M12S,,,72.94 CFM,Black,36 dB,No,2000 RPM,120 mm,0
Kingwin CFGN-012LB,,,40 CFM,Clear,19 dB,No,950 RPM,120 mm,0
Kingwin CFMC-012LB,,,40 CFM,Clear,19 dB,No,950 RPM,120 mm,0
Kingwin CFW-012LB,,,40 CFM,Clear,19 dB,No,950 RPM,120 mm,5
Rosewill RFA120L-B,,,77.26 CFM,Blue,35.47 dB,No,2000 RPM,120 mm,0
Thermaltake Luna Slim,,,27.53 CFM,Black / Red,24 dB,No,1400 RPM,120 mm,0
Kingwin CFBL-08LB,,,30 CFM,Transparent,25 dB,No,1700 RPM,80 mm,4
Evercool FAN-EC1225M12CA,,https://cdna.pcpartpicker.com/static/forever/images/product/2b8a0861834a6b962fdff6d4a483e9cb.256p.jpg,72.94 CFM,Black,36 dB,No,2000 RPM,120 mm,0
Kingwin CFBL-020LB,,,31.21 CFM,White,19.87 dB,No,800 RPM,200 mm,0
NZXT FX V2,,,42.4 - 106.1 CFM,Black / White,20 - 37 dB,No,800 - 2000 RPM,140 mm,0
ARCTIC F9 Rev. 2,4.42,https://cdna.pcpartpicker.com/static/forever/images/product/9105b8668b52c0ea64beec115567b8c9.256p.jpg,43 CFM,White / Black,,Yes,550 - 1800 RPM,92 mm,5
Coolink SWiF2-92P,,,,Black / Yellow,11.5 dB,Yes,1100 RPM,92 mm,0
Cougar CFD 4-Pack,,https://cdna.pcpartpicker.com/static/forever/images/product/c2ce1f2c2a4934aa009df7dbc7632043.256p.jpg,64.5 CFM,Orange,17.89 dB,No,1000 RPM,140 mm,0
Evercool FAN-ALED12025B2,,https://cdna.pcpartpicker.com/static/forever/images/product/31cbb0f1f3ca0876ec93c2fb79a22b81.256p.jpg,79.2 CFM,Silver,34 dB,No,2200 RPM,120 mm,0
Evercool FAN-EC8020M12CA,,https://cdna.pcpartpicker.com/static/forever/images/product/ecdf8c6437428625fb08d3d5b546b8b6.256p.jpg,29.18 CFM,Black,26 dB,No,2500 RPM,80 mm,0
EK Vardar F3-140ER,,https://cdna.pcpartpicker.com/static/forever/images/product/7b3b3294a87ee35ed9516919fa626786.256p.jpg,108 CFM,Black,40.7 dB,Yes,2000 RPM,140 mm,0
EK Furious Vardar FF4,,,144 CFM,Black,48.4 dB,Yes,2500 RPM,140 mm,5
VIVO FAN-V120B,,,43.2 CFM,Blue,19.8 dB,No,1200 RPM,120 mm,0
Apevia U 2-Pack,,,63.85 CFM,Orange,29.67 dB,No,1700 RPM,120 mm,4
Apevia S 2-Pack,,,50.28 CFM,Black / Orange,21.1 dB,No,1500 RPM,120 mm,0
Apevia U 3-Pack,,,63.85 CFM,Orange,29.67 dB,No,1700 RPM,120 mm,5
Apevia U 5-Pack,,,63.85 CFM,Orange,29.67 dB,No,1700 RPM,120 mm,0
Apevia CF12SL-SOG,,,50.28 CFM,Black / Orange,21.1 dB,No,1500 RPM,120 mm,4
Reeven Coldwing,,https://cdna.pcpartpicker.com/static/forever/images/product/8261de34fc50c9d1ba2bad1a0627abb0.256p.jpg,43 CFM,Yellow / Black,14.5 dB,No,800 RPM,120 mm,0
Reeven Euros,,https://cdna.pcpartpicker.com/static/forever/images/product/8592da9b18fa1830602cac1822f4d640.256p.jpg,46.4 CFM,Black,22.3 dB,No,1200 RPM,120 mm,0
RIOTORO Prism 2-Pack,,,47 CFM,Clear,26.5 dB,No,1500 RPM,120 mm,0
Anidees AI Halo,,,39.7 CFM,Black,24.7 dB,No,1200 RPM,120 mm,3.5
Rosewill RWCB-1612,,,63.1 CFM,Black / Blue,6.9 - 26.2 dB,Yes,500 - 1500 RPM,120 mm,4.5
Rosewill RWCR-1612,,,63.1 CFM,Black / Red,6.9 - 26.2 dB,Yes,500 - 1500 RPM,120 mm,4.5
RIOTORO Cross-X Classic,6.99,https://cdna.pcpartpicker.com/static/forever/images/product/11413d782244bd84e0d698db6b9ba797.256p.jpg,47 CFM,Black,26.5 dB,No,1500 RPM,120 mm,0
LC-Power LC-CF-120-PRO,,,27.6 - 68.4 CFM,Translucent Black,14.6 - 60.8 dB,Yes,500 - 1200 RPM,120 mm,5
HBT+ AXE,,,40 - 70 CFM,Black / White,23 dB,Yes,600 - 1200 RPM,140 mm,0
Anidees AI Prismatic 3-Pack,,https://cdna.pcpartpicker.com/static/forever/images/product/5cb4b319ea0e9c08c8b1c95d60eb55a1.256p.jpg,39.7 CFM,Black,24.7 dB,No,1200 RPM,120 mm,0
ARCTIC F14 PST CO,,https://cdna.pcpartpicker.com/static/forever/images/product/2f7a84cd5544440cac7480822b957324.256p.jpg,74 CFM,Gray,22.5 dB,Yes,600 - 1350 RPM,140 mm,4.5
Apevia C,,,57.67 CFM,Black / Red,24.7 dB,No,1500 RPM,120 mm,0
EK Furious Vardar EVO,,https://cdna.pcpartpicker.com/static/forever/images/product/491efece42e40e6bf979bc1af285eccb.256p.jpg,107 CFM,Black,42 dB,Yes,3000 RPM,120 mm,4.5
In Win MARS,,https://cdna.pcpartpicker.com/static/forever/images/product/84776e660a34a6cc480cf2ceb9f2f1f3.256p.jpg,38.73 CFM,Black / Red,25 dB,Yes,600 - 1400 RPM,120 mm,0
ID-COOLING SF-12025-RGB 3-Pack,,,74.5 CFM,Black / Transparent,18 - 35.2 dB,Yes,700 - 1800 RPM,120 mm,1
Deepcool MF 3-Pack,,https://cdna.pcpartpicker.com/static/forever/images/product/9d16d19defea306048c63852be0fd2f1.256p.jpg,56 CFM,Black,37.9 dB,Yes,500 - 2200 RPM,120 mm,5
Lian Li Bora 3-Pack,,,57.2 CFM,Black / White,,Yes,800 - 2050 RPM,120 mm,5
Apevia 312L-DMC 3-Pack,,https://cdna.pcpartpicker.com/static/forever/images/product/6d574511909a450487fdbf127b4f70f1.256p.jpg,57.67 CFM,Black / Multicolor,24.7 dB,No,1500 RPM,120 mm,0
Apevia 512L-DMC 5-Pack,,https://cdna.pcpartpicker.com/static/forever/images/product/a0f23a0dbe53f1311f58378f5e6cd75b.256p.jpg,57.67 CFM,Black / Multicolor,24.7 dB,No,1500 RPM,120 mm,0
Apevia AF312L-SMC 3-Pack,,https://cdna.pcpartpicker.com/static/forever/images/product/f264096d3810e5c5b9d1a0b7f5d02b71.256p.jpg,57.67 CFM,Black / Multicolor,24.7 dB,No,1500 RPM,120 mm,0
Apevia AF512L-SMC 5-Pack,,https://cdna.pcpartpicker.com/static/forever/images/product/66436d455b479cf7528ab8c9b057b21b.256p.jpg,57.67 CFM,Black / Multicolor,24.7 dB,No,1500 RPM,120 mm,0
Aerocool Aluminum-Quadro,,https://cdna.pcpartpicker.com/static/forever/images/product/861f0fc65393af33718289bf50dce7e4.256p.jpg,21.5 CFM,Silver,20.3 dB,No,2000 RPM,80 mm,0
Aerocool Centaurus I,,https://cdna.pcpartpicker.com/static/forever/images/product/9bae9b85ff3477408e6df1326544fa12.256p.jpg,26.8 CFM,Silver,21.6 dB,No,2000 RPM,80 mm,0
Aerocool Centaurus III,,https://cdna.pcpartpicker.com/static/forever/images/product/8ec0170a71d60904552272a042d2c3cc.256p.jpg,26.8 CFM,Black,21.6 dB,No,2000 RPM,80 mm,0
Evercool F-EC1238A1HBT-7,,https://cdna.pcpartpicker.com/static/forever/images/product/ffbc576182582d35e9b0f71bd18bdf63.256p.jpg,114 - 123 CFM,Black,40 - 45 dB,No,2550 - 2750 RPM,120 mm,0
Evercool CL8035/LD3,,https://cdna.pcpartpicker.com/static/forever/images/product/eeea303cca873be92160d857ea638190.256p.jpg,23 CFM,White,26 dB,No,2300 RPM,80 mm,0
Evercool RSF-14,9.99,,,Black / Red,22 dB,No,1200 RPM,140 mm,0
Aerocool TURBINE 3000,,https://cdna.pcpartpicker.com/static/forever/images/product/ec10b0471e3793b9f3be34d769f2b54b.256p.jpg,37.44 CFM,Blue,19.66 dB,No,950 RPM,120 mm,0
Enermax D.F. VEGAS 2-Pack,,https://cdna.pcpartpicker.com/static/forever/images/product/03d5fdd3d4d5d266d13738fc3405c787.256p.jpg,33.21 - 61.92 CFM,Black / Blue,16 - 22 dB,Yes,800 - 1500 RPM,120 mm,0
Enermax D.F. Vegas Duo 2-Pack,,https://cdna.pcpartpicker.com/static/forever/images/product/a27946beca52574f8fcb15d05148027b.256p.jpg,33.21 - 61.92 CFM,Black,16 - 22 dB,Yes,800 - 1500 RPM,120 mm,0
Aerocool X-Static,,https://cdna.pcpartpicker.com/static/forever/images/product/0eb346e282db178b208a84b07e0deb9f.256p.jpg,22.9 CFM,Black / Clear,21.8 dB,No,2000 RPM,80 mm,0
Enermax T.B. Silence Adv,,,63.89 CFM,Black,7 - 15.8 dB,Yes,300 - 1500 RPM,120 mm,0
Azza Hurricane 3-Pack,,https://cdna.pcpartpicker.com/static/forever/images/product/e9da064be102230f69527c6ed679d5ef.256p.jpg,56.12 CFM,Black,33.8 dB,Yes,1200 RPM,120 mm,0
Azza Hurricane 6-Pack,,https://cdna.pcpartpicker.com/static/forever/images/product/467a387873410b5672269a972a0f5a2f.256p.jpg,56.12 CFM,Black,29.8 dB,Yes,800 - 1800 RPM,120 mm,0
Azza Hurricane,,https://cdna.pcpartpicker.com/static/forever/images/product/15a85b31ea9555424e9e6bb3325aaf86.256p.jpg,47 CFM,Black,28.7 dB,No,1500 RPM,120 mm,0
Rosewill RGBF-17002 2-Pack,,https://cdna.pcpartpicker.com/static/forever/images/product/aaead0fb78d20f77dabb29b61f575c98.256p.jpg,41.9 CFM,Clear,23.2 dB,No,1200 RPM,120 mm,0
Rosewill RGBF-17003,,https://cdna.pcpartpicker.com/static/forever/images/product/ee906605712b4203e0a64bcb6e726341.256p.jpg,41.9 CFM,Clear,23.2 dB,No,1200 RPM,120 mm,3
Enermax T.B. RGB 2-Pack,,https://cdna.pcpartpicker.com/static/forever/images/product/c097fc0544dcb387aba6363be2bcce10.256p.jpg,56.89 CFM,Black,21 dB,Yes,500 - 1200 RPM,140 mm,0
Aerocool Dark Force,,https://cdna.pcpartpicker.com/static/forever/images/product/22d50a622762bb6d053a452ec3bbd95a.256p.jpg,48 CFM,Black,22 dB,No,1200 RPM,140 mm,0
Antec Prizm 2+C 2-Pack,,https://cdna.pcpartpicker.com/static/forever/images/product/195cf21023fe48c4afbf3a5ea866803d.256p.jpg,65.03 CFM,Black,32 dB,Yes,1700 RPM,140 mm,5
In Win CROWN AC120 2-Pack,,,53.08 CFM,Black / Clear,14.7 - 28.3 dB,Yes,500 - 1600 RPM,120 mm,4
In Win CROWN AC140 2-Pack,,,69.03 CFM,Black / Clear,18.1 - 32.5 dB,Yes,500 - 1500 RPM,140 mm,0
Anidees AI-FAN 2-Pack,,https://cdna.pcpartpicker.com/static/forever/images/product/a98b644ce82fa01b6ce81f98e1db50b9.256p.jpg,52.1 CFM,Clear,23.9 dB,No,1200 RPM,140 mm,0
Corsair AF140L,,https://cdna.pcpartpicker.com/static/forever/images/product/4a8a85de9ee1548e1afc1021cc16cbe9.256p.jpg,67.43 CFM,Black / Gray,,No,1000 RPM,140 mm,4.5
CRYORIG QF120 Silent,,,44 CFM,Black / White,5 - 19 dB,Yes,200 - 1000 RPM,120 mm,0
CRYORIG QF120 Performance,,,83 CFM,Black / White,13 - 37 dB,Yes,600 - 2200 RPM,120 mm,0
Anidees AI Tesseract 3-Pack,,,30.54 CFM,Black,19 dB,Yes,600 - 1200 RPM,120 mm,0
GameMax Cyclone RGB,,,36 CFM,Black,25 dB,No,1100 RPM,120 mm,4
GameMax Eclipse RGB,,https://cdna.pcpartpicker.com/static/forever/images/product/97e8a987003b5d6f763c04935b089ba7.256p.jpg,43.2 CFM,Black / White,25.88 dB,No,1300 RPM,120 mm,2
GameMax Mirage RGB,,https://cdna.pcpartpicker.com/static/forever/images/product/44424704772736dcba18ff5b63fdd122.256p.jpg,36 CFM,Black,25 dB,No,1100 RPM,120 mm,0
GameMax Mirage White Fins,,https://cdna.pcpartpicker.com/static/forever/images/product/4123f77e66bef792dca631ff95c174a1.256p.jpg,36 CFM,Black / White,25 dB,No,1100 RPM,120 mm,0
GameMax Storm Force RGB,,https://cdna.pcpartpicker.com/static/forever/images/product/045086be18a5c40a56f2e243965263b4.256p.jpg,41.4 CFM,Black / White,21 dB,No,1300 RPM,120 mm,0
GameMax Razor ARGB,,https://cdna.pcpartpicker.com/static/forever/images/product/4d61368dd1872aff40ec534d73083078.256p.jpg,60 CFM,Black,26 dB,No,1200 RPM,120 mm,0
Cooler Master MasterFan MFR RGB,,https://cdna.pcpartpicker.com/static/forever/images/product/5a1bf2217e30eceb6904ae808fe2fbef.256p.jpg,49 CFM,Black,30 dB,Yes,650 - 2000 RPM,120 mm,0
Aerocool LightWave,,https://cdna.pcpartpicker.com/static/forever/images/product/62c14901ce64e3209993ddb77fe5bf15.256p.jpg,35.7 CFM,Transparent,25 dB,Yes,1800 RPM,120 mm,0
Apevia FrostBlade 6-Pack,,https://cdna.pcpartpicker.com/static/forever/images/product/51e364c48529cd400cc2fbcae5a63583.256p.jpg,57.67 CFM,Black,24.7 dB,No,1350 RPM,120 mm,0
ARCTIC F8 TC,,https://cdna.pcpartpicker.com/static/forever/images/product/726f94df2440415c0755c4665eab2752.256p.jpg,31 CFM,White / Black,,No,2000 RPM,80 mm,0
ARCTIC F9 TC,,https://cdna.pcpartpicker.com/static/forever/images/product/b22592323a27f892fdb4583c8832c238.256p.jpg,43 CFM,White / Black,,No,1800 RPM,92 mm,5
ARCTIC F12 TC,,https://cdna.pcpartpicker.com/static/forever/images/product/54c46e89d30d701490e995c0bd894a40.256p.jpg,53 CFM,White / Black,,No,1350 RPM,120 mm,0
ARCTIC P8 TC,,https://cdna.pcpartpicker.com/static/forever/images/product/87eea1916e7a139f828c53c8824e75ce.256p.jpg,23.4 CFM,Black,,No,200 - 3000 RPM,80 mm,0
Rosewill RGBF-S12001 3-Pack,,https://cdna.pcpartpicker.com/static/forever/images/product/f4d27f8e7ca779adab2f4caf95337aff.256p.jpg,41.2 CFM,Black,27.8 dB,Yes,800 - 1800 RPM,120 mm,4
Deepcool MF S 3-Pack,,,37.1 CFM,Silver / Black,26 dB,Yes,400 - 1500 RPM,120 mm,5
Rosewill RFA-BL1201,,https://cdna.pcpartpicker.com/static/forever/images/product/47886ced768bc6bc41f71eab1bebd146.256p.jpg,35.2 CFM,Black,26.8 dB,Yes,1800 RPM,120 mm,0
Rosewill RFA-RL1201,,https://cdna.pcpartpicker.com/static/forever/images/product/e313d0b6e718b7cf241cea8bc8f2dfd0.256p.jpg,35.2 CFM,Black,26.8 dB,Yes,1800 RPM,120 mm,0
Cooler Master MasterFan SFR,,https://cdna.pcpartpicker.com/static/forever/images/product/b0c74f194e0022fbebd71ba002ac1930.256p.jpg,59 CFM,Black,8 - 30 dB,Yes,650 - 2000 RPM,120 mm,5
Cougar VORTEX SPB 3-Pack,,https://cdna.pcpartpicker.com/static/forever/images/product/74b9655d505734e4149a7f6a583be831.256p.jpg,43.54 CFM,Black,26 dB,Yes,600 - 1500 RPM,120 mm,4.5
Cougar VORTEX FCB,,https://cdna.pcpartpicker.com/static/forever/images/product/c50c9cfb6c12e6c534bf79536f23b420.256p.jpg,36.72 CFM,Black,24.3 dB,No,1200 RPM,120 mm,1
Cooler Master MasterFan MFL RGB,,https://cdna.pcpartpicker.com/static/forever/images/product/9a71f05f4b13a269dfdb21cdfb21387d.256p.jpg,32.5 CFM,Black,25 dB,No,1200 RPM,120 mm,0
SilentiumPC Mistral 140,,https://cdna.pcpartpicker.com/static/forever/images/product/ab9b9a3c3a3685f4f589ad54424d86fc.256p.jpg,61 CFM,Black,,No,1000 RPM,140 mm,0
SilentiumPC Zephyr 140,,https://cdna.pcpartpicker.com/static/forever/images/product/df8d915e7240559ead3d66f921aa27ba.256p.jpg,47 CFM,Black,8.9 dB,No,600 RPM,140 mm,0
Enermax D.F. VEGAS,,,33.21 - 61.92 CFM,Black / Blue,16 - 22 dB,Yes,800 - 1500 RPM,120 mm,0
Enermax D.F. Pressure,,,33.69 - 85.43 CFM,Black,16 - 27 dB,Yes,800 - 2000 RPM,120 mm,0
Anidees AI Aureola Duo 3-Pack,,,41.2 CFM,Black,26.8 dB,No,1200 RPM,140 mm,0
RAIJINTEK IRIS 12 RBW ADD-1,,https://cdna.pcpartpicker.com/static/forever/images/product/f366379e5323ee88e668869831fd0ed2.256p.jpg,35.8 CFM,White / Black,28 dB,Yes,400 - 1800 RPM,120 mm,0
RAIJINTEK IRIS 12 RBW ADD-2 2-Pack,,https://cdna.pcpartpicker.com/static/forever/images/product/3300da17c67bc5eb49f28ef578d4cb0c.256p.jpg,35.8 CFM,White / Black,28 dB,Yes,400 - 1800 RPM,120 mm,0
RAIJINTEK IRIS 12 RBW ADD-3 3-Pack,,https://cdna.pcpartpicker.com/static/forever/images/product/852c95059a952b06eb38352e36a8bc79.256p.jpg,35.8 CFM,White / Black,28 dB,Yes,400 - 1800 RPM,120 mm,0
In Win Jupiter AJ120 3-Pack,,https://cdna.pcpartpicker.com/static/forever/images/product/6f4bd90c987eb9fffbf6854156f8a8b7.256p.jpg,70.32 CFM,Black,35 dB,Yes,500 - 1800 RPM,120 mm,5
In Win Saturn ASN120,,https://cdna.pcpartpicker.com/static/forever/images/product/f00f1d4ba386993abe0606aee3f2c6ca.256p.jpg,,White / Black,,Yes,500 - 1800 RPM,120 mm,0
In Win Saturn ASN120 3-Pack,,https://cdna.pcpartpicker.com/static/forever/images/product/4e93b05ae7cd5cbbd55c267d46f475da.256p.jpg,,White / Black,,Yes,500 - 1800 RPM,120 mm,5
EK Vardar X3M 120ER,,https://cdna.pcpartpicker.com/static/forever/images/product/5d4a03b1a27a0cb620dfcf46486fbc7f.256p.jpg,,Black,,Yes,,120 mm,4
EK EK-Vardar EVO 140ER,24.25,https://cdna.pcpartpicker.com/static/forever/images/product/f64cbdfb8547f89fc340c108b53dff05.256p.jpg,,Black / White,,Yes,400 - 1600 RPM,140 mm,5
Enermax HF120 3-Pack,,https://cdna.pcpartpicker.com/static/forever/images/product/9be7be8d237170564beb316b4530f96e.256p.jpg,22.5 - 72.1 CFM,Black,14 - 27 dB,Yes,500 - 1600 RPM,120 mm,0
Enermax SquA RGB,21.62,https://cdna.pcpartpicker.com/static/forever/images/product/ccbbb47bc8a4a60693096a7895a8bf26.256p.jpg,24.53 - 68.27 CFM,Black,12 - 23 dB,Yes,300 - 1500 RPM,120 mm,0
CRYORIG Crona 3-Pack,,,,Black,16.5 - 29.7 dB,Yes,400 - 1700 RPM,120 mm,0
Akasa Vegas TLY,25.95,https://cdna.pcpartpicker.com/static/forever/images/product/a3b3ccd3e13848949399879c306d3efc.256p.jpg,41.2 CFM,Black / White,21.2 dB,No,1200 RPM,140 mm,0
Zalman SF120,,https://cdna.pcpartpicker.com/static/forever/images/product/06c384f883ba4719a1eccb5b0543fe45.256p.jpg,54 CFM,Silver / Black,28 dB,Yes,800 - 1500 RPM,120 mm,0
Gelid Solutions Stella,16.82,https://cdna.pcpartpicker.com/static/forever/images/product/0cf97a4f687aae000c9ea4241a8d7117.256p.jpg,70 CFM,Black,35 dB,Yes,500 - 1600 RPM,120 mm,5
Phanteks SK140,,https://cdna.pcpartpicker.com/static/forever/images/product/36daa8eb74d187390e2a5987b4314427.256p.jpg,84.5 CFM,Black,36 dB,Yes,500 - 1500 RPM,140 mm,0
ID-COOLING NO-12015-XT,,https://cdna.pcpartpicker.com/static/forever/images/product/d7248103b55a500ebf7ccec99ce1af0a.256p.jpg,54.6 CFM,Black,13.8 - 31.2 dB,Yes,500 - 2000 RPM,120 mm,0
Gigabyte AORUS 140 ARGB,,https://cdna.pcpartpicker.com/static/forever/images/product/95fb722a6329c077d578650bcec1ffb2.256p.jpg,30.3 - 60.64 CFM,Black,8.9 - 35.8 dB,Yes,800 - 1700 RPM,140 mm,0
Enermax UCHF12PARGB-W-BP3 3-Pack,,https://cdna.pcpartpicker.com/static/forever/images/product/2cb0dee46c912813cf0e763c75b6ad02.256p.jpg,22.5 - 72.1 CFM,White,14 - 27 dB,Yes,500 - 1600 RPM,120 mm,0
In Win Sirius Pure ASP120-1PK,,,50 CFM,White,13 - 27 dB,Yes,500 - 1800 RPM,120 mm,0
NZXT F140P (2022),,https://cdna.pcpartpicker.com/static/forever/images/product/697a251dbd622553477eb40116da097e.256p.jpg,33.22 - 99.68 CFM,White,19.4 - 32.1 dB,Yes,500 - 1500 RPM,140 mm,4
NZXT F120P (2022),,https://cdna.pcpartpicker.com/static/forever/images/product/d9f5239475e01dbd7ec49bf839d00fe8.256p.jpg,21.67 - 78.02 CFM,White,17.9 - 30.6 dB,Yes,500 - 1800 RPM,120 mm,5
Thermaltake Pure A12,,,,Black,,Yes,500 - 1500 RPM,120 mm,0
In Win Sirius Extreme ASE120P,,,54 CFM,Black,21 - 25 dB,Yes,400 - 1500 RPM,120 mm,0
In Win Sirius Extreme Pure ASE120P,,,54 CFM,White,21 - 25 dB,Yes,400 - 1500 RPM,120 mm,0
NZXT HF-2814C-DB 2-Pack,,https://cdna.pcpartpicker.com/static/forever/images/product/22de342287e49aa772a371879996b363.256p.jpg,30.39 - 91.19 CFM,Black,22 - 33 dB,Yes,500 - 1500 RPM,140 mm,0
Gelid Solutions Silent Pro 14 PWM,13.99,,,Black / White,27.8 dB,Yes,450 - 1500 RPM,140 mm,0
ID-COOLING DF-12025-ARGB-XT,,https://cdna.pcpartpicker.com/static/forever/images/product/0949cb1a2af80f042fb2b28d6291ed47.256p.jpg,56.5 CFM,Black / White,16.2 - 31.5 dB,Yes,900 - 2000 RPM,120 mm,0
ID-COOLING NO-9225-XT-ARGB,,https://cdna.pcpartpicker.com/static/forever/images/product/012d82e9c4ec5bce6ac639f5fcbe1a7f.256p.jpg,45.8 CFM,Black / White,14 - 25.8 dB,Yes,600 - 2200 RPM,92 mm,0
ID-COOLING TF-12025-ARGB,,https://cdna.pcpartpicker.com/static/forever/images/product/12cefb1b323cbff7494ef7c98630e79a.256p.jpg,68.2 CFM,Black / White,13.8 - 30.5 dB,Yes,500 - 1500 RPM,120 mm,0
ID-COOLING XF-12025-ARGB-SNOW,,,62 CFM,White,18 - 26.4 dB,Yes,700 - 1500 RPM,120 mm,0
ID-COOLING XF-12025-ARGB-TRIO SNOW 3-Pack,,https://cdna.pcpartpicker.com/static/forever/images/product/13bb33dd21e32dcfe851eeb4c6313bf9.256p.jpg,62 CFM,White,18 - 26.4 dB,Yes,700 - 1500 RPM,120 mm,0
ID-COOLING DF-12025-RGB-TRIO 3-Pack,,https://cdna.pcpartpicker.com/static/forever/images/product/2d1a92610c277c7479dc472f3d41cc7b.256p.jpg,56.5 CFM,Black,16 - 31.5 dB,Yes,900 - 2000 RPM,120 mm,0
ID-COOLING XF-12025-RGB (Single),,https://cdna.pcpartpicker.com/static/forever/images/product/2762d2745a41872b8832ad0a6bf83581.256p.jpg,74.5 CFM,Black / White,18 - 35.2 dB,Yes,700 - 1800 RPM,120 mm,0
ID-COOLING XF-12025-RGB-SNOW,,https://cdna.pcpartpicker.com/static/forever/images/product/767c33eee2c1dceea2fb841e15218123.256p.jpg,74.5 CFM,White,18 - 35.2 dB,Yes,700 - 1800 RPM,120 mm,0
ID-COOLING XF-12025-RGB-TRIO-SNOW 3-Pack,,https://cdna.pcpartpicker.com/static/forever/images/product/bef28bf893f7011c31caa9f59defecf6.256p.jpg,74.5 CFM,White,18 - 35.2 dB,Yes,700 - 1800 RPM,120 mm,0
ID-COOLING NO-12025-XT,,https://cdna.pcpartpicker.com/static/forever/images/product/cefeb296ce182cfdcf6d6fd635a8f410.256p.jpg,76.16 CFM,Black / White,15.2 - 32.5 dB,Yes,700 - 1800 RPM,120 mm,0
ID-COOLING NO-14025K,,https://cdna.pcpartpicker.com/static/forever/images/product/2b3e947f6e35a0fc3a6c1a06ce958e9a.256p.jpg,76.8 CFM,Black / Red,16.8 - 32.6 dB,Yes,800 - 1600 RPM,140 mm,0
ID-COOLING NO-9215,,https://cdna.pcpartpicker.com/static/forever/images/product/4770852cfb58957369142bab449f3cab.256p.jpg,44.3 CFM,Black / White,14 - 33 dB,Yes,700 - 2500 RPM,92 mm,0
ID-COOLING TF-12025-BLACK,,https://cdna.pcpartpicker.com/static/forever/images/product/9c14fceea7d52f105d29fb7e64b172a9.256p.jpg,76.16 CFM,Black,15.2 - 35.2 dB,Yes,700 - 1800 RPM,120 mm,0
ID-COOLING WF-12025,,https://cdna.pcpartpicker.com/static/forever/images/product/809d45d55867eccccfc07318e255067d.256p.jpg,74.5 CFM,Black / White,18 - 35.2 dB,Yes,700 - 1800 RPM,120 mm,0
ID-COOLING WF-14025,,https://cdna.pcpartpicker.com/static/forever/images/product/818cfad3b2b89563a956d7b5c3c4548b.256p.jpg,76.8 CFM,Black / White,16.8 - 32.6 dB,Yes,800 - 1600 RPM,140 mm,0
ID-COOLING WF-14025-XT WHITE,,https://cdna.pcpartpicker.com/static/forever/images/product/e4c110a85aea6f15f080cdb986156de1.256p.jpg,76.8 CFM,Black / White,16.8 - 32.6 dB,Yes,800 - 1600 RPM,140 mm,0
ID-COOLING XF-12025-SD-W,,https://cdna.pcpartpicker.com/static/forever/images/product/21418149d67d4939ec6c784a51441d54.256p.jpg,74.5 CFM,Black / White,18 - 35.2 dB,Yes,700 - 1800 RPM,120 mm,0
ID-COOLING FL-12025,,https://cdna.pcpartpicker.com/static/forever/images/product/1db277f2e973c2af52e5c836a6027bc5.256p.jpg,45 CFM,Black / White,21 dB,No,1250 RPM,120 mm,0
ID-COOLING NO-8025-SD,,https://cdna.pcpartpicker.com/static/forever/images/product/6191e950eca518771653850e71dc7569.256p.jpg,25.5 CFM,Black,21 dB,No,2000 RPM,80 mm,0
ID-COOLING NO-9225-SD,,https://cdna.pcpartpicker.com/static/forever/images/product/1d845a1c0e3b28a9a7d152a3878e459f.256p.jpg,28.5 CFM,Black,20 dB,No,1500 RPM,92 mm,0
ID-COOLING WF-12025-SD-K,,https://cdna.pcpartpicker.com/static/forever/images/product/e3e0ee77ddee32409f1efd789ae471ca.256p.jpg,60 CFM,Black,27.5 dB,No,1600 RPM,120 mm,0
ID-COOLING WF-12025-SD-W,,https://cdna.pcpartpicker.com/static/forever/images/product/bf88d8b552d4df4edd1beb2096591cbe.256p.jpg,60 CFM,Black / White,27.5 dB,No,1600 RPM,120 mm,0
ID-COOLING WF-12025-XT-B,,https://cdna.pcpartpicker.com/static/forever/images/product/1ff1a727361ed80133e2522bb170fb03.256p.jpg,71.2 CFM,Black,14 - 35 dB,Yes,600 - 2200 RPM,120 mm,0
ID-COOLING WF-12025-XT-G,,https://cdna.pcpartpicker.com/static/forever/images/product/be16356be2c86875e9e3ed612e78c5f2.256p.jpg,71.2 CFM,Black,14 - 35 dB,Yes,600 - 2200 RPM,120 mm,0
ID-COOLING WF-12025-XT-R,,https://cdna.pcpartpicker.com/static/forever/images/product/da9ada6e5cf870032fd8abc8df5892e6.256p.jpg,71.2 CFM,Black,14 - 35 dB,Yes,600 - 2200 RPM,120 mm,0
ID-COOLING WF-12025-XT-W,,https://cdna.pcpartpicker.com/static/forever/images/product/561bd45023a86aa5529a0a17dbcff59f.256p.jpg,71.2 CFM,Black,14 - 35 dB,Yes,600 - 2200 RPM,120 mm,4
ID-COOLING SF-12025-B,,https://cdna.pcpartpicker.com/static/forever/images/product/08593614e22f0e90da85a4e39c6a97cf.256p.jpg,62 CFM,Black,18 - 26.4 dB,Yes,700 - 1500 RPM,120 mm,0
ID-COOLING SF-12025-G,,https://cdna.pcpartpicker.com/static/forever/images/product/d2a14fbae322f16218c5853f44676cd7.256p.jpg,62 CFM,Black,18 - 26.4 dB,Yes,700 - 1500 RPM,120 mm,0
ID-COOLING SF-12025-R,,https://cdna.pcpartpicker.com/static/forever/images/product/f9721d49c9c27202a4188cf30396960a.256p.jpg,62 CFM,Black,18 - 26.4 dB,Yes,700 - 1500 RPM,120 mm,0
ID-COOLING SF-12025-W,,https://cdna.pcpartpicker.com/static/forever/images/product/a5e7f831402278c7920fdf138873ac7d.256p.jpg,62 CFM,White,18 - 26.4 dB,Yes,700 - 1500 RPM,120 mm,0
Fractal Design Venturi HP,,,61.4 CFM,Black / White,31.7 dB,Yes,1800 RPM,120 mm,0
Bitspower Notos 5-Pack,,,,Black / White,25 - 28 dB,Yes,800 - 1800 RPM,120 mm,0
Azza Hurricane II Digital,,https://cdna.pcpartpicker.com/static/forever/images/product/11437729fdfa3aa13984dc4a87e18886.256p.jpg,43.06 CFM,White,29 dB,Yes,1000 - 1800 RPM,120 mm,0
Azza Hurricane III Digital,24.17,https://cdna.pcpartpicker.com/static/forever/images/product/2405660a26cb8006148bea85b0967e43.256p.jpg,49.1 CFM,White,26.29 dB,Yes,1000 - 1800 RPM,120 mm,0
Azza Prisma Digital,,,52.1 CFM,Black / White,31 dB,Yes,800 - 1600 RPM,120 mm,0
ARCTIC F PST CO,14.96,https://cdna.pcpartpicker.com/static/forever/images/product/a0d9d00efdacc13759ea7040cdbc674e.256p.jpg,74 CFM,Black,,Yes,200 - 1350 RPM,140 mm,0
Iceberg Thermal IceGALE Silent PWM 3-Pack,,,50 - 55 CFM,Black / Blue,20 - 25 dB,Yes,600 - 1600 RPM,120 mm,5
ARCTIC F8 Silent,,https://cdna.pcpartpicker.com/static/forever/images/product/cd1917f148d4ddc23be5e57cd96f8a28.256p.jpg,15.1 CFM,Black,,No,1200 RPM,80 mm,0
Cooler Master MOBIUS 140P ARGB,18.95,,76.5 CFM,Black,30 dB,Yes,,140 mm,4.5
Cooler Master MOBIUS 120P ARGB 30TH ANNIVERSARY EDITION,,,75.2 CFM,Black / Blue,30 dB,Yes,,120 mm,0
Alpenföhn JetStream Slim,,https://cdna.pcpartpicker.com/static/forever/images/product/721ff8b2c57c65f080e59abfb413deec.256p.jpg,52.619 CFM,Black,24.7 dB,Yes,400 - 1800 RPM,120 mm,0
Alpenföhn JetStream 3-Pack,,https://cdna.pcpartpicker.com/static/forever/images/product/3887e2bce103a973d914bc5552dacb82.256p.jpg,55.326 CFM,Black,22.8 dB,Yes,400 - 1600 RPM,120 mm,0
Gelid Solutions Stella Infinity,,,70 CFM,Black,35 dB,Yes,500 - 1600 RPM,120 mm,0
Gelid Solutions Silent 8 PWM,,,27 CFM,Black,21.5 dB,Yes,900 - 2000 RPM,80 mm,0
Gelid Solutions Silent 12 PWM,18.64,,64.5 CFM,Black,25.5 dB,Yes,750 - 1600 RPM,120 mm,0
Gelid Solutions Gale,,,110 CFM,Black,45 dB,Yes,500 - 3500 RPM,120 mm,0
In Win Mercury AM120S,,,60.71 CFM,Black / White,17 - 29 dB,Yes,400 - 2000 RPM,120 mm,5
Thermalright TL-E12,,,61 CFM,Gray,24.5 dB,Yes,1500 RPM,120 mm,0
Cougar VORTEX VK120,,https://cdna.pcpartpicker.com/static/forever/images/product/e74c79474c519e494a33b4360b1ddd34.256p.jpg,48.98 CFM,Black,29.8 dB,Yes,600 - 1500 RPM,120 mm,0
Thermalright TL-B12W-S,,,69 CFM,White,28.1 dB,Yes,2150 RPM,120 mm,0
Iceberg Thermal IceGALE 3-Pack,,https://cdna.pcpartpicker.com/static/forever/images/product/742eca5af331cbe1374ed4f8371a0b63.256p.jpg,76 CFM,Black,0 - 35 dB,Yes,500 - 1850 RPM,120 mm,0
Iceberg Thermal IceGALE Lightning ARGB 3-Pack,,,76.74 CFM,Black,28.9 dB,Yes,200 - 2200 RPM,120 mm,0
Enermax T.B. RGB AD 3-Pack,,https://cdna.pcpartpicker.com/static/forever/images/product/d8bbbe7a36b03c2b0c1d7682787b5ef9.256p.jpg,13.71 - 47.53 CFM,Black,14 - 22 dB,Yes,500 - 1500 RPM,120 mm,0
Apevia Arcane RGB 4-Pack,,,57.67 CFM,Black / White,24.7 dB,No,1350 RPM,120 mm,0
Apevia Lunar Pro 4-Pack,,,57.67 CFM,White / Black,24.7 dB,No,1350 RPM,120 mm,0
Apevia Phoenix 4-Pack,,,57.67 CFM,White / Black,24.7 dB,No,1350 RPM,120 mm,0
Apevia Twilight 4-Pack,,,57.67 CFM,White / Black,24.7 dB,No,1350 RPM,120 mm,0
Athena Power FANC-12025S,,,54 CFM,Black,30 dB,No,1500 RPM,120 mm,0
Athena Power FANC-8020S,,,32 CFM,Black,28 dB,No,3000 RPM,80 mm,0
Phanteks PH-F120MP V2,,https://cdna.pcpartpicker.com/static/forever/images/product/462f0d0fbe835dd0a8633a323b89fb45.256p.jpg,60.5 CFM,Black,34.2 dB,Yes,500 - 2200 RPM,120 mm,0
In Win Neptune DN120 Pro,,,24.15 - 60.56 CFM,Black / Red,20.3 dB,Yes,900 - 2200 RPM,120 mm,0
In Win Neptune AN140 3-Pack,,,41.67 - 88.89 CFM,Black / White,24.5 dB,Yes,900 - 1800 RPM,140 mm,5
In Win Neptune DN120,,,23.87 - 60.1 CFM,Black,20.5 dB,Yes,900 - 2200 RPM,120 mm,0
In Win Neptune DN140,,,41.67 - 88.89 CFM,Black,24.5 dB,Yes,900 - 1800 RPM,140 mm,0
ID-COOLING WF-14025-XT ARGB,,,80.6 CFM,Black / White,31.2 dB,Yes,500 - 1600 RPM,140 mm,0
ID-COOLING TF-12025-PRO SW,,https://cdna.pcpartpicker.com/static/forever/images/product/3e98e3e71a345971e0a94b4674d079e4.256p.jpg,70 CFM,,28.9 dB,Yes,300 - 1500 RPM,120 mm,0
ID-COOLING TF-12025,,https://cdna.pcpartpicker.com/static/forever/images/product/6db584c6bd5c729d8b66e0e1b67c5048.256p.jpg,76.16 CFM,White,15.2 - 35.2 dB,Yes,700 - 1800 RPM,120 mm,0
ID-COOLING WF-14025-XT V2,,https://cdna.pcpartpicker.com/static/forever/images/product/502140e291aaa8b842082c87effe0c3b.256p.jpg,76.8 CFM,White,32.6 dB,Yes,800 - 1600 RPM,140 mm,0
ID-COOLING XF-12025-SD,,https://cdna.pcpartpicker.com/static/forever/images/product/de05a3074ba0b70c396d6f3f974f4522.256p.jpg,74.5 CFM,Black,18 - 35.2 dB,Yes,700 - 1800 RPM,120 mm,0
KOLINK Classic,,https://cdna.pcpartpicker.com/static/forever/images/product/d5f36831f803c03a594f911622d6af09.256p.jpg,52.15 CFM,Black,21.6 dB,Yes,1500 RPM,120 mm,0
Xilence XPF140.R,,https://cdna.pcpartpicker.com/static/forever/images/product/99ef3256d7a1dee1f3885969383555da.256p.jpg,41.37 CFM,Red / Black,20 dB,No,900 RPM,140 mm,0
Antec Fusion T3,,https://cdna.pcpartpicker.com/static/forever/images/product/8763eeb026f1f5ab30b158e9525f9fcf.256p.jpg,31.02 - 80.5 CFM,Black,11.17 - 33.57 dB,Yes,600 - 1500 RPM,140 mm,0
TEAMGROUP T-FORCE RT-S120,,,53.4 - 72.2 CFM,Black,33.8 - 36.8 dB,Yes,600 - 2000 RPM,120 mm,0
SilentiumPC Corona HP RGB,,,,Black,,No,1500 RPM,120 mm,0
SilentiumPC Corona HP EVO ARGB,,,,Black,,No,1500 RPM,120 mm,0
SilentiumPC Fluctus,,https://cdna.pcpartpicker.com/static/forever/images/product/ee1d36fd523886aeec4515c07de547e7.256p.jpg,,Black,,Yes,300 - 1800 RPM,120 mm,0
SilentiumPC Fluctus ARGB,,,,Black,,Yes,,120 mm,0
Thermalright TL-C12CW-X28,,,73.3 CFM,White,25.4 dB,Yes,1550 RPM,120 mm,0
Thermalright TL-H12-X28-R9,,,98.2 CFM,Black,32.7 dB,Yes,2400 RPM,120 mm,0
Chillblast Cryo Blast Z3,28.94,https://cdna.pcpartpicker.com/static/forever/images/product/1c13eba7f52f82096442a450a6ff6e11.256p.jpg,55 - 83 CFM,Black,15 - 33.1 dB,Yes,500 - 3000 RPM,120 mm,0