name,price,image,type,color,side_panel,internal_35_bays,power_supply,external_volume,rating
Montech XR,49.99,https://cdna.pcpartpicker.com/static/forever/images/product/dfa4f5783baf38a029b75e60cb883d12.256p.jpg,ATX Mid Tower,Black,Tempered Glass,2,None,45.0 L,4.5
Phanteks XT PRO,132.15,https://cdna.pcpartpicker.com/static/forever/images/product/4beb27272519c97f098ceab48df1e12c.256p.jpg,ATX Mid Tower,Black,Tempered Glass,2,None,51.8 L,4.5
Lian Li Vector V100R,69.95,https://cdna.pcpartpicker.com/static/forever/images/product/33c1bd4bd2b68730e185a80a0b6e7750.256p.jpg,ATX Mid Tower,Black,Tempered Glass,1,None,53.2 L,4.5
Lian Li O11 VISION COMPACT,109.99,https://cdna.pcpartpicker.com/static/forever/images/product/2378ddd83c556329e01372a181d44328.256p.jpg,ATX Mid Tower,White,Tempered Glass,2,None,57.4 L,4.5
NZXT H5 Flow (2024),49.99,https://cdna.pcpartpicker.com/static/forever/images/product/640e44d6b2b0264413b089545b628d0a.256p.jpg,ATX Mid Tower,Black,Tempered Glass,1,None,45.0 L,4.5
Cooler Master MasterBox Q300L,129.89,https://cdna.pcpartpicker.com/static/forever/images/product/ec48e16ee4d6629045cfc4d71c649746.256p.jpg,MicroATX Mini Tower,Black,Acrylic,1,None,33.6 L,4
Corsair FRAME 4000D RS ARGB,81.66,https://cdna.pcpartpicker.com/static/forever/images/product/b92de105986e31796925b0c95a335fa0.256p.jpg,ATX Mid Tower,Black,Tempered Glass,2,None,56.7 L,4.5
Fractal Design North,114.95,https://cdna.pcpartpicker.com/static/forever/images/product/1977a3a3f6f1238d12ea2a555be4d7ce.256p.jpg,ATX Mid Tower,Black,Tempered Glass,2,None,45.1 L,4.5
HYTE Y70 Touch Infinite,334.99,https://cdna.pcpartpicker.com/static/forever/images/product/48cf06b9156aa9e1b662b35af8eb2a3b.256p.jpg,ATX Mid Tower,White,Tempered Glass,2,None,70.7 L,4.5
Lian Li O11 Dynamic Mini V2,75.95,https://cdna.pcpartpicker.com/static/forever/images/product/bf613e9d7fc5e9975f3e2609d985d9d9.256p.jpg,ATX Mid Tower,Black,Tempered Glass,2,None,45.4 L,4.5
Lian Li A3-mATX,65.47,https://cdna.pcpartpicker.com/static/forever/images/product/e2090d6841bfea8c2ec3aee350b4a3ab.256p.jpg,MicroATX Mini Tower,Black,Mesh,1,None,26.3 L,4.5
Phanteks Eclipse G370A,49.99,https://cdna.pcpartpicker.com/static/forever/images/product/bbff08990bf49c7db84fbbd100460516.256p.jpg,ATX Mid Tower,Black,Tempered Glass,0,None,48.7 L,4.5
Fractal Design North XL,153.94,https://cdna.pcpartpicker.com/static/forever/images/product/de8d089eec0681bef6c59b47f908e2ef.256p.jpg,ATX Full Tower,Black,Tinted Tempered Glass,2,None,61.4 L,4.5
Lian Li VECTOR V100R MINI,56.99,https://cdna.pcpartpicker.com/static/forever/images/product/6de2a66396686e0d8ae87631e46fc6b4.256p.jpg,MicroATX Mid Tower,Black,Tempered Glass,1,None,42.9 L,5
Fractal Design Terra,178.94,https://cdna.pcpartpicker.com/static/forever/images/product/93603f04dde2fe42335d278e66b80c4d.256p.jpg,Mini ITX Desktop,Black / Brown,Mesh,0,None,11.4 L,4.5
Montech AIR 903 MAX,55.46,,ATX Mid Tower,Black,Tempered Glass,2,None,54.2 L,4.5
Phanteks XT PRO ULTRA,74.99,https://cdna.pcpartpicker.com/static/forever/images/product/b799e3113602fc415370943709415190.256p.jpg,ATX Mid Tower,Black,Tempered Glass,2,None,51.8 L,4.5
Lian Li O11D EVO RGB,139.99,https://cdna.pcpartpicker.com/static/forever/images/product/97f123a53cbb3ce24652396462da17d1.256p.jpg,ATX Mid Tower,Black,Tempered Glass,4,None,65.3 L,4.5
Phanteks XT M3 M25,59.9,https://cdna.pcpartpicker.com/static/forever/images/product/595adcf6584a9e660f68dd260c71a356.256p.jpg,MicroATX Mid Tower,Black,Tempered Glass,1,None,40.0 L,0
Corsair 4000D Airflow,,https://cdna.pcpartpicker.com/static/forever/images/product/bc6e987da3fe22c616898d1d7fa3d227.256p.jpg,ATX Mid Tower,Black,Tinted Tempered Glass,2,None,48.6 L,4.5
Lian Li LANCOOL 217,116.94,https://cdna.pcpartpicker.com/static/forever/images/product/610e12d560e4933d797d322e677d0066.256p.jpg,ATX Mid Tower,Black / Brown,Tempered Glass,1,None,57.7 L,4.5
Lian Li Vector V100,137.4,,ATX Mid Tower,White,Tempered Glass,1,None,53.2 L,5
Fractal Design Ridge PCIe 4.0,136.49,,Mini ITX Tower,Black,Mesh,0,None,16.3 L,4.5
NZXT H3 Flow,49.98,https://cdna.pcpartpicker.com/static/forever/images/product/5b23443767ef786094bc4b6add8112a8.256p.jpg,MicroATX Mid Tower,Black,Tinted Tempered Glass,1,None,35.0 L,4
NZXT H9 Flow (2025),99.98,https://cdna.pcpartpicker.com/static/forever/images/product/0cda49e883ff1ea3cab69e0808746f27.256p.jpg,ATX Mid Tower,Black,Tinted Tempered Glass,2,None,76.7 L,4.5
Lian Li Lancool 207,74.99,https://cdna.pcpartpicker.com/static/forever/images/product/393f3d73165045839334a1621040ee20.256p.jpg,ATX Mid Tower,Blue,Tempered Glass,2,None,45.5 L,4.5
Lian Li O11 Dynamic EVO XL,195.95,https://cdna.pcpartpicker.com/static/forever/images/product/1ec7a3be51497aa3abf33c2afcdbf5d0.256p.jpg,ATX Full Tower,Black,Tempered Glass,4,None,84.4 L,4.5
Corsair 3500X RS-R ARGB,69.98,https://cdna.pcpartpicker.com/static/forever/images/product/30802f7748080837c9135baf9b27f69c.256p.jpg,ATX Mid Tower,Black,Tempered Glass,2,None,55.9 L,4
Lian Li O11 Dynamic Mini V2 Flow,83.47,https://cdna.pcpartpicker.com/static/forever/images/product/5f89ad4bc841aa602653d1435436b0a7.256p.jpg,ATX Mid Tower,Black,Tempered Glass,2,None,45.4 L,4.5
HYTE Y70,174.99,https://cdna.pcpartpicker.com/static/forever/images/product/6af31e169a3db76f5ddb2697518639d6.256p.jpg,ATX Mid Tower,White,Tempered Glass,2,None,70.7 L,4.5
Thermaltake Level 20,,https://cdna.pcpartpicker.com/static/forever/images/product/fe7584667e240572a13c154d663a2200.256p.jpg,ATX Full Tower,Black / Silver,Tempered Glass,8,None,141.0 L,0
Montech AIR 100 ARGB,50.04,https://cdna.pcpartpicker.com/static/forever/images/product/24adca630b5c708e106099fc958825a1.256p.jpg,MicroATX Mid Tower,Black,Tempered Glass,2,None,36.1 L,4.5
Jonsbo D32 PRO,61.99,https://cdna.pcpartpicker.com/static/forever/images/product/e63f1c68694e1f9fbf7d71f48052a1fe.256p.jpg,MicroATX Desktop,Black,Tempered Glass,2,None,25.7 L,4.5
NZXT H6 Flow,69.98,https://cdna.pcpartpicker.com/static/forever/images/product/0ff9e0317d9c4b1e99938a2f02ccb165.256p.jpg,ATX Mid Tower,Black,Tempered Glass,1,None,51.8 L,4.5
Zalman T6 Mini,,https://cdna.pcpartpicker.com/static/forever/images/product/e49abcd5702ab24afd90df323183fed1.256p.jpg,MicroATX Mini Tower,Black,None,2,None,18.6 L,0
Jonsbo C6-ITX,,https://cdna.pcpartpicker.com/static/forever/images/product/1046a701715276b7c900588c25c30e6f.256p.jpg,Mini ITX Desktop,Black,Mesh,1,None,15.9 L,0
Lian Li LANCOOL 216 RGB,89.99,https://cdna.pcpartpicker.com/static/forever/images/product/372a584cebeca5f57266bf0f07e6831c.256p.jpg,ATX Mid Tower,Black,Tempered Glass,2,None,55.6 L,4.5
Corsair 9000D RGB AIRFLOW,499.92,https://cdna.pcpartpicker.com/static/forever/images/product/31bfc270950571313482b67027c01cf2.256p.jpg,ATX Full Tower,Black,Tempered Glass,5,None,149.6 L,5
Corsair 3500X ARGB,113.99,https://cdna.pcpartpicker.com/static/forever/images/product/a740f5cb83faa73c1d8a62945833056e.256p.jpg,ATX Mid Tower,White,Tempered Glass,2,None,55.9 L,4.5
Fractal Design Pop XL Air,93.94,https://cdna.pcpartpicker.com/static/forever/images/product/048e9d2f829061df55885fb8eabd5952.256p.jpg,ATX Full Tower,Black,Tempered Glass,3,None,62.4 L,4.5
MSI MAG FORGE 321R AIRFLOW,90.98,https://cdna.pcpartpicker.com/static/forever/images/product/71da8ca66086fde771b7f355b11ccf10.256p.jpg,ATX Mid Tower,Black,Tempered Glass,2,None,49.4 L,4
Cooler Master MasterBox NR200,154.82,https://cdna.pcpartpicker.com/static/forever/images/product/a59478dc86df9b98da0d99b0aaf72107.256p.jpg,Mini ITX Desktop,White / Black,None,2,None,20.3 L,4.5
Corsair FRAME 4000D,58.68,https://cdna.pcpartpicker.com/static/forever/images/product/b86799fcc72abe55bb03359a550ccdf6.256p.jpg,ATX Mid Tower,Black,Tempered Glass,2,None,56.7 L,4.5
Jonsbo NV10,97.99,https://cdna.pcpartpicker.com/static/forever/images/product/eb2afd0ec7b90142ee5dcbcde12dd8f0.256p.jpg,Mini ITX Desktop,Silver / Brown,Mesh,0,None,4.5 L,5
Lian Li A4-H2O PCIe 5.0,129.94,https://cdna.pcpartpicker.com/static/forever/images/product/a3e98146d008da05f6420dd742cd3f8a.256p.jpg,Mini ITX Desktop,Black,Mesh,0,None,11.1 L,0
Fractal Design Meshify C,176.88,https://cdna.pcpartpicker.com/static/forever/images/product/5e077c6b1272ca2c11e4f7df6326370a.256p.jpg,ATX Mid Tower,Black,Tinted Tempered Glass,2,None,40.6 L,4.5
Asus Prime AP201,89.94,https://cdna.pcpartpicker.com/static/forever/images/product/e40d8d2f2651fa6faca4e0a4552f8545.256p.jpg,MicroATX Mini Tower,Black,Mesh,3,None,33.0 L,4.5
Antec C5 ARGB,80.95,https://cdna.pcpartpicker.com/static/forever/images/product/47f5f80539aa5e8cc9f4d5ebe8cd1dd2.256p.jpg,ATX Mid Tower,Black,Tempered Glass,1,None,,4
NZXT H2 Flow,114.98,https://cdna.pcpartpicker.com/static/forever/images/product/5d862cc69936d3a2f30c06f0a1bc9f13.256p.jpg,Mini ITX Tower,Black,Tempered Glass,0,None,20.7 L,5
Lian Li B4-mATX Mesh,,https://cdna.pcpartpicker.com/static/forever/images/product/3db6d9b2aa23afafa309de894fa5c1a0.256p.jpg,MicroATX Mini Tower,Black,Mesh,0,None,23.1 L,0
Jonsbo Jonsplus Z20,157.99,https://cdna.pcpartpicker.com/static/forever/images/product/a4ddc6df555e1d01e63b5442f21946d7.256p.jpg,MicroATX Desktop,Black,Tempered Glass,1,None,25.3 L,4.5
Montech KING 95 PRO,105.46,https://cdna.pcpartpicker.com/static/forever/images/product/6e645766ef331a1911f2c74016db9efa.256p.jpg,ATX Mid Tower,Black,Tempered Glass,5,None,63.0 L,4.5
Silverstone FLP02,212.99,,ATX Mid Tower,White,None,4,None,54.1 L,4
Lian Li B4-mATX Wood,90.99,https://cdna.pcpartpicker.com/static/forever/images/product/b1ef2cf47379d26ef081a5376b60b93f.256p.jpg,MicroATX Mini Tower,Black / Brown,Mesh,0,None,23.1 L,0
Zalman T3 PLUS,81.22,https://cdna.pcpartpicker.com/static/forever/images/product/e55cd4d5e340ed49b1f0ac2f16bde6d0.256p.jpg,MicroATX Mid Tower,Black,Tempered Glass,1,None,30.9 L,3.5
Corsair 7000D AIRFLOW,286.49,https://cdna.pcpartpicker.com/static/forever/images/product/57c82fe6af19a1549cb33cde4b06640e.256p.jpg,ATX Full Tower,White / Black,Tempered Glass,6,None,81.8 L,4.5
Silverstone ALTA F2,722.99,https://cdna.pcpartpicker.com/static/forever/images/product/4ff42fa090d41392739d099e28baf56f.256p.jpg,ATX Full Tower,Black,Tempered Glass,8,None,98.9 L,0
Corsair 3500X,42.2,https://cdna.pcpartpicker.com/static/forever/images/product/7ed7216607a1241d218bb8e18efa0264.256p.jpg,ATX Mid Tower,Black,Tempered Glass,2,None,55.9 L,4.5
Montech X3 Mesh,35.47,https://cdna.pcpartpicker.com/static/forever/images/product/9e7790ee9397346b4c023cc04296fb5e.256p.jpg,ATX Mid Tower,Black,Tempered Glass,2,None,,4
Fractal Design Pop Air,73.94,https://cdna.pcpartpicker.com/static/forever/images/product/1d7438dfe855e147c0e8b3f235453b2b.256p.jpg,ATX Mid Tower,Black,Tempered Glass,2,None,46.2 L,4.5
Phanteks XT V3,49.99,https://cdna.pcpartpicker.com/static/forever/images/product/063e53a2b4b362258332a275b783f3c0.256p.jpg,MicroATX Mini Tower,Black,Tempered Glass,1,None,40.0 L,4.5
Noctua Antec Flux Pro Noctua Edition,348.9,,ATX Full Tower,Brown / Black,Tempered Glass,4,None,70.8 L,5
NZXT H7 Flow (2024),69.29,https://cdna.pcpartpicker.com/static/forever/images/product/1adad593d049169c8f3bb35a682a0fab.256p.jpg,ATX Mid Tower,Black,Tempered Glass,2,None,62.1 L,4.5
Asus ROG Strix Helios,383.55,https://cdna.pcpartpicker.com/static/forever/images/product/7fb0b865a88be851eb7fdac685bf373c.256p.jpg,ATX Full Tower,Black,Tempered Glass,2,None,83.5 L,4.5
Lian Li LANCOOL 217 INF,79.99,https://cdna.pcpartpicker.com/static/forever/images/product/8ab290fa1403b07b9ddf10897e60670f.256p.jpg,ATX Mid Tower,Black,Tempered Glass,1,None,57.7 L,5
Corsair FRAME 4000D WOOD RS,89.99,https://cdna.pcpartpicker.com/static/forever/images/product/0e5c712b8d0582c1c9947ebc8b8211a7.256p.jpg,ATX Mid Tower,Black,Tempered Glass,1,None,57.4 L,0
Lian Li LANCOOL 216,84.99,https://cdna.pcpartpicker.com/static/forever/images/product/dc1a8a0fc34540a759fcee0a553949e0.256p.jpg,ATX Mid Tower,Black,Tempered Glass,2,None,55.6 L,4.5
NZXT H9 Flow RGB+ (2025),179.99,https://cdna.pcpartpicker.com/static/forever/images/product/791f157d26538e32901a4b24f6744af7.256p.jpg,ATX Mid Tower,White,Tempered Glass,2,None,76.7 L,5
Corsair FRAME 4000D RS,84.95,https://cdna.pcpartpicker.com/static/forever/images/product/0aace4b7694fde3ec5552a640c0f95a5.256p.jpg,ATX Mid Tower,Black,Tempered Glass,2,None,56.7 L,4.5
Montech X5M,34.99,https://cdna.pcpartpicker.com/static/forever/images/product/194bb19f86f9bc3969c42346a261f480.256p.jpg,MicroATX Mini Tower,Black,Tempered Glass,2,None,45.3 L,3.5
Deepcool CG530 4F,62.94,https://cdna.pcpartpicker.com/static/forever/images/product/5921b1e072b530264f56e87c6a954f93.256p.jpg,ATX Mid Tower,Black,Tinted Acrylic,2,None,50.0 L,4.5
Lian Li O11 Vision,214.88,https://cdna.pcpartpicker.com/static/forever/images/product/71a5af072d1ec085a7f8efc90cc895ba.256p.jpg,ATX Mid Tower,Black,Tempered Glass,2,None,67.8 L,4.5
Fractal Design North Mesh,109.99,https://cdna.pcpartpicker.com/static/forever/images/product/bb747330b163aea9324da5fe56fe0cd6.256p.jpg,ATX Mid Tower,Black,Mesh,2,None,45.1 L,4.5
Fractal Design North XL Mesh,149.99,https://cdna.pcpartpicker.com/static/forever/images/product/5bab30acac2072bec11c308f85697dc9.256p.jpg,ATX Full Tower,Black,Mesh,2,None,61.4 L,5
Antec C8,89.99,https://cdna.pcpartpicker.com/static/forever/images/product/881b5d3048a3e6c614c565698022feb6.256p.jpg,ATX Full Tower,Black,Tempered Glass,2,None,66.9 L,4.5
Antec FLUX PRO,154.93,https://cdna.pcpartpicker.com/static/forever/images/product/b76da1b61903db1a3a2ae31295d52f6f.256p.jpg,ATX Full Tower,Black / Brown,Tempered Glass,4,None,70.8 L,4.5
Deepcool CH260,49.99,https://cdna.pcpartpicker.com/static/forever/images/product/66859af5bb9e832d6180ade5759ad20c.256p.jpg,MicroATX Desktop,Black,Tempered Glass,1,None,30.8 L,5
Thermaltake View 270 Plus TG ARGB,169.28,https://cdna.pcpartpicker.com/static/forever/images/product/9e5614134f25613ad1680297287c0aea.256p.jpg,ATX Mid Tower,Black,Tempered Glass,2,None,47.6 L,4.5
Fractal Design Node 304,163.61,https://cdna.pcpartpicker.com/static/forever/images/product/d4601be3b89341d6b9f38bdcea9a54c1.256p.jpg,Mini ITX Tower,Black / White,None,6,None,19.5 L,4.5
Deepcool CH160 PLUS,64.99,https://cdna.pcpartpicker.com/static/forever/images/product/1fd0aa1416aed9ad278b79674f3364a4.256p.jpg,MicroATX Mini Tower,White,Tempered Glass,1,None,23.7 L,5
Montech AIR 903 BASE,55.47,,ATX Mid Tower,Black,Tempered Glass,2,None,54.2 L,4.5
be quiet! Pure Base 501 Airflow,79.23,https://cdna.pcpartpicker.com/static/forever/images/product/0cfa98e0c05ceb67f807c9307120facd.256p.jpg,ATX Mid Tower,Black,None,2,None,48.1 L,5
NZXT H6 Flow RGB,95.47,https://cdna.pcpartpicker.com/static/forever/images/product/21f390a2caf255ac942d9f4d4899adee.256p.jpg,ATX Mid Tower,White,Tempered Glass,1,None,51.8 L,4.5
MSI MAG FORGE 120A AIRFLOW,39.99,https://cdna.pcpartpicker.com/static/forever/images/product/093453953d770cfdd2b0818450bb6089.256p.jpg,ATX Mid Tower,Black,Tempered Glass,3,None,43.0 L,2.5
Lian Li VECTOR V100 MINI,134.39,https://cdna.pcpartpicker.com/static/forever/images/product/6794310ff63a64bec5b8a44ad1cc204c.256p.jpg,MicroATX Mid Tower,Black,Tempered Glass,1,None,42.9 L,5
Fractal Design Meshify 3,128.5,https://cdna.pcpartpicker.com/static/forever/images/product/9b1e032da607ec35fc75b315bbd5652f.256p.jpg,ATX Mid Tower,Black,Tinted Tempered Glass,2,None,50.3 L,4.5
Fractal Design Define R5,139.26,https://cdna.pcpartpicker.com/static/forever/images/product/3803ebb09f64ddc954a86cb7b45a8ebd.256p.jpg,ATX Mid Tower,Black,None,8,None,54.2 L,4.5
Jonsbo TK-0,109.99,https://cdna.pcpartpicker.com/static/forever/images/product/07a4d430afa3fd6f8bf67791917722b2.256p.jpg,Mini ITX Desktop,Black,Tempered Glass,1,None,16.4 L,4.5
NZXT H510,,https://cdna.pcpartpicker.com/static/forever/images/product/604fef5ac9874dffa927a3db98c1188d.256p.jpg,ATX Mid Tower,White,Tempered Glass,2,None,41.3 L,4
Lian Li O11 VISION-M,58.99,https://cdna.pcpartpicker.com/static/forever/images/product/76901295d18e7b906b5201188c504417.256p.jpg,MicroATX Mini Tower,Black,Tempered Glass,1,None,45.6 L,0
HAVN BF 360 Flow,169.99,https://cdna.pcpartpicker.com/static/forever/images/product/8ef4d01c7c9c0c94f1b6a841f37d905e.256p.jpg,ATX Mid Tower,Black,Tempered Glass,2,None,68.4 L,5
Corsair 3000D RGB AIRFLOW,54.85,https://cdna.pcpartpicker.com/static/forever/images/product/d7ae0e488baf194dc708e2f09b0e1c1d.256p.jpg,ATX Mid Tower,Black,Tempered Glass,2,None,49.5 L,4.5
Phanteks NV5S,168.79,https://cdna.pcpartpicker.com/static/forever/images/product/fab5912cebbcb0e4eda24ad096aeb62e.256p.jpg,ATX Mid Tower,Black,Tempered Glass,1,None,49.5 L,0
Montech KING 65 PRO,65.47,https://cdna.pcpartpicker.com/static/forever/images/product/3f47e002dcb98fc91e1b0b37ed60fc13.256p.jpg,ATX Mid Tower,White,Tempered Glass,2,None,63.0 L,5
Montech X5,35.47,https://cdna.pcpartpicker.com/static/forever/images/product/380e4e901c90ee37c37f95daf095481b.256p.jpg,ATX Mid Tower,Black,Tempered Glass,2,None,51.6 L,3
Corsair FRAME 5000D RS ARGB,134.99,https://cdna.pcpartpicker.com/static/forever/images/product/67f2b856f20cff271b8d678759534389.256p.jpg,ATX Mid Tower,Black,Tempered Glass,2,None,75.3 L,5
Jonsbo C6,49.99,https://cdna.pcpartpicker.com/static/forever/images/product/63a50929af96b14777eed5521ba9d1de.256p.jpg,MicroATX Mini Tower,Black,Mesh,1,None,15.9 L,4
Thermaltake TR100,95.47,https://cdna.pcpartpicker.com/static/forever/images/product/b568e3c6c9dc0bf99e2cf960f1954d3f.256p.jpg,Mini ITX Desktop,Teal / Red,Mesh,0,None,20.6 L,0
Phanteks EVOLV X2,129.99,https://cdna.pcpartpicker.com/static/forever/images/product/ff22ad5c41d204e9aeba33ea73af0c2a.256p.jpg,ATX Mid Tower,Black,Tempered Glass,2,None,60.9 L,4.5
Asus A31,228.94,https://cdna.pcpartpicker.com/static/forever/images/product/81b2d6901dbd32e899c91ac89ffa5a65.256p.jpg,ATX Mid Tower,Black,Tempered Glass,2,None,52.9 L,5
Fractal Design Pop Mini Air,79.99,https://cdna.pcpartpicker.com/static/forever/images/product/6bd2cbaf780aea720a3b8a53d80ce635.256p.jpg,MicroATX Mid Tower,Black,Tempered Glass,2,None,36.5 L,4.5
Thermaltake View 170 ARGB,44.99,https://cdna.pcpartpicker.com/static/forever/images/product/2f4f9691c180a9944c3676da2d0eced6.256p.jpg,MicroATX Mini Tower,Black,Tempered Glass,1,None,35.0 L,4
Fractal Design Torrent,175,https://cdna.pcpartpicker.com/static/forever/images/product/6ed0eafe090016aba2869fcd8aa5debf.256p.jpg,ATX Mid Tower,Black,Tinted Tempered Glass,2,None,69.8 L,4.5
Fractal Design Node 804,105.46,https://cdna.pcpartpicker.com/static/forever/images/product/9886185e66d27730b7d04cc2f26c232e.256p.jpg,MicroATX Mid Tower,Black,Acrylic,10,None,41.1 L,4.5
Fractal Design Meshify 2,185.27,https://cdna.pcpartpicker.com/static/forever/images/product/06efb58d593b0a752b4b4968048212ce.256p.jpg,ATX Mid Tower,Black,None,6,None,61.7 L,5
Jonsbo N4,159.99,https://cdna.pcpartpicker.com/static/forever/images/product/8ef4b62f391a636cc88e028e6eb95738.256p.jpg,MicroATX Desktop,Black / Brown,Mesh,6,None,19.6 L,0
DIYPC ARGB-N5,151.74,https://cdna.pcpartpicker.com/static/forever/images/product/fa9be4ce8d548d36113ed680ed03dc7a.256p.jpg,ATX Mid Tower,Black,Tempered Glass,2,None,,0
Jonsbo C6 MAX,,https://cdna.pcpartpicker.com/static/forever/images/product/215c842ca05793ec0ea78cc3775c4083.256p.jpg,MicroATX Desktop,Black,Tempered Glass,1,None,20.8 L,5
Fractal Design Define 7,143.19,https://cdna.pcpartpicker.com/static/forever/images/product/0b1d8d06f03a6f582a41419253bab136.256p.jpg,ATX Mid Tower,Black,None,6,None,62.4 L,4.5
Antec FLUX M,59.77,https://cdna.pcpartpicker.com/static/forever/images/product/c4ebc70f842f54b00af1178dd558144e.256p.jpg,MicroATX Mini Tower,Black,Tempered Glass,2,None,41.4 L,0
MSI MAG PANO 100R PZ,79.99,https://cdna.pcpartpicker.com/static/forever/images/product/33c7930a05f4bd1706e2908d6e6ce1ec.256p.jpg,ATX Mid Tower,Black,Tempered Glass,2,None,72.5 L,0
Corsair 5000D AIRFLOW,131.99,https://cdna.pcpartpicker.com/static/forever/images/product/f98e411d9763902637b8a6527c44dd19.256p.jpg,ATX Mid Tower,White / Gray,Tempered Glass,2,None,66.2 L,4.5
Antec FLUX,49.95,https://cdna.pcpartpicker.com/static/forever/images/product/1eb41d6c5c2667c56fe00e4efe163edc.256p.jpg,ATX Mid Tower,White / Brown,Tempered Glass,2,None,58.1 L,5
Fractal Design Focus G,72.88,https://cdna.pcpartpicker.com/static/forever/images/product/1ee4eb7d40aaf6bb43c86b4865407c2d.256p.jpg,ATX Mid Tower,Black,Acrylic,2,None,42.2 L,4
Corsair FRAME 4500X RS-R ARGB,79.99,https://cdna.pcpartpicker.com/static/forever/images/product/301a67cd93e133f43ded023e24455ba9.256p.jpg,ATX Mid Tower,Black,Tempered Glass,1,None,58.7 L,0
be quiet! Light Base 600 DX,126.15,https://cdna.pcpartpicker.com/static/forever/images/product/2e8fb6030ba10ff70485270c09c209e4.256p.jpg,ATX Mid Tower,Black,Tempered Glass,1,None,59.7 L,5
Phanteks Enthoo Elite,785.99,https://cdna.pcpartpicker.com/static/forever/images/product/4f63b7e67f35a52d309278af49953f6c.256p.jpg,ATX Full Tower,Black,Tinted Tempered Glass,6,None,124.5 L,5
Corsair AIR 5400 LX-R RGB iCUE LINK,260.99,https://cdna.pcpartpicker.com/static/forever/images/product/1b68a1def6ccade80fa69194d852016f.256p.jpg,ATX Mid Tower,Black,Tempered Glass,1,None,74.6 L,5
Jonsbo D32 PRO MESH,61.99,https://cdna.pcpartpicker.com/static/forever/images/product/2da5a44ceded78ea17572cd579c45b41.256p.jpg,MicroATX Desktop,,Mesh,2,None,25.7 L,4.5
Jonsbo N5,,https://cdna.pcpartpicker.com/static/forever/images/product/25e09d736124640642cc110017036424.256p.jpg,ATX Full Tower,Black / Brown,Mesh,12,None,50.1 L,4
Phanteks ECLIPSE G500A DRGB,149.99,https://cdna.pcpartpicker.com/static/forever/images/product/4f73fe373c42e824c9dfc83f605e12f8.256p.jpg,ATX Mid Tower,White,Tempered Glass,2,None,61.8 L,4.5
NZXT H9 Elite,,https://cdna.pcpartpicker.com/static/forever/images/product/b1bef448b0e5397e703971eef3a08e40.256p.jpg,ATX Mid Tower,White,Tempered Glass,2,None,66.9 L,5
Asus ROG Strix Helios II,307.99,https://cdna.pcpartpicker.com/static/forever/images/product/ae25279c7dba5529370e50f23820c127.256p.jpg,ATX Mid Tower,Black,Tempered Glass,2,None,83.5 L,0
Thermaltake Versa H21,118.05,https://cdna.pcpartpicker.com/static/forever/images/product/be9c96f6855895c8bc541d5bad35b6dd.256p.jpg,ATX Mid Tower,Black,None,3,None,42.8 L,4
Lian Li LANCOOL III RGB,129.99,https://cdna.pcpartpicker.com/static/forever/images/product/55d2c192011b510c1883930977ae6110.256p.jpg,ATX Mid Tower,Black,Tempered Glass,4,None,65.5 L,4.5
Fractal Design Meshify 2 Lite RGB,195.23,https://cdna.pcpartpicker.com/static/forever/images/product/8ceeec263f829308b4a3166926eec352.256p.jpg,ATX Mid Tower,Black,Tempered Glass,2,None,61.7 L,5
Fractal Design Define 7 XL,211.49,https://cdna.pcpartpicker.com/static/forever/images/product/b213daae5fc44dd75e3dc1b1ba2767a2.256p.jpg,ATX Full Tower,Black,None,6,None,82.0 L,4.5
Antec C8 Wood,221.57,https://cdna.pcpartpicker.com/static/forever/images/product/733e7367fe45367fb76e6e94c306aa77.256p.jpg,ATX Full Tower,Black / Brown,Tempered Glass,2,None,66.9 L,5
Fractal Design Meshify 3 XL,144.95,https://cdna.pcpartpicker.com/static/forever/images/product/9043b9a1884d42fd6e4802730441cd93.256p.jpg,ATX Full Tower,Black,None,2,None,72.6 L,5
NZXT H5 Flow RGB (2024),75.46,https://cdna.pcpartpicker.com/static/forever/images/product/8925e4a3aa61f5cea6249c6e18c54e9e.256p.jpg,ATX Mid Tower,Black,Tempered Glass,1,None,45.0 L,4
Cooler Master MasterBox NR200P V2,,https://cdna.pcpartpicker.com/static/forever/images/product/bf0023fb357f037c354139e56a95aa4d.256p.jpg,Mini ITX Desktop,Black,Mesh,1,None,20.1 L,4.5
Silverstone SG13,54.99,https://cdna.pcpartpicker.com/static/forever/images/product/13f6c2e8e313652aa764869f6acd93f5.256p.jpg,Mini ITX Tower,Black,None,1,None,11.5 L,4.5
Deepcool MATREXX 30,39.54,https://cdna.pcpartpicker.com/static/forever/images/product/bb1d2107ac34c2309635712235c82e06.256p.jpg,MicroATX Mini Tower,Black,Tempered Glass,3,None,29.6 L,3.5
MSI MAG PANO M100R PZ,64.99,https://cdna.pcpartpicker.com/static/forever/images/product/4a680d36c4db64ef4bfe4d8d9493d3be.256p.jpg,MicroATX Mid Tower,White,Tempered Glass,1,None,41.9 L,4.5
Cooler Master N200,73.75,https://cdna.pcpartpicker.com/static/forever/images/product/be028a4809ea1a0f53b4238bce0f1a98.256p.jpg,MicroATX Mini Tower,Black,None,2,None,33.8 L,4
Montech XR Wood,49.98,https://cdna.pcpartpicker.com/static/forever/images/product/9a598fd3a5d247f76f4ba3f913d914db.256p.jpg,ATX Mid Tower,Black / Brown,Tempered Glass,2,None,49.8 L,5
Montech TEN,59.99,,MicroATX Mini Tower,Black,Mesh,2,None,29.4 L,0
Corsair 2500X,65.39,https://cdna.pcpartpicker.com/static/forever/images/product/189e62900f9bc7e485321e6b8a2f0a6e.256p.jpg,MicroATX Mini Tower,Black,Tempered Glass,2,None,54.8 L,5
Thermaltake The Tower 300,105.46,https://cdna.pcpartpicker.com/static/forever/images/product/19b7bb3f150197acc9dd2ca8652c6837.256p.jpg,MicroATX Mini Tower,Black,Tempered Glass,3,None,53.0 L,4.5
Lian Li O11 Dynamic EVO,,https://cdna.pcpartpicker.com/static/forever/images/product/b0c0870de1b0e51c66bf1e847a4cb26c.256p.jpg,ATX Mid Tower,Black,Tinted Tempered Glass,6,None,60.8 L,4.5
Fractal Design North XL Momentum Edition,169.99,https://cdna.pcpartpicker.com/static/forever/images/product/c498a90426fbbddc5a63d76eafa27c02.256p.jpg,ATX Full Tower,Black,Tempered Glass,2,None,61.4 L,0
Antec C8 Curve Wood,113.95,https://cdna.pcpartpicker.com/static/forever/images/product/e7ce76d2376c073e46a5460d3e892fb1.256p.jpg,ATX Full Tower,Black / Brown,Tempered Glass,1,None,66.9 L,4.5
NZXT H6,93.59,https://cdna.pcpartpicker.com/static/forever/images/product/f52aa22bfb8623ed786cbff2b6fff968.256p.jpg,ATX Mid Tower,Black,Tempered Glass,2,None,54.9 L,0
MSI MAG FORGE M100R,47.95,https://cdna.pcpartpicker.com/static/forever/images/product/267a51a59a2a3a7c7472dcda1e9da943.256p.jpg,MicroATX Mini Tower,Black,Tempered Glass,2,None,32.8 L,4
Fractal Design Pop Mini Silent,79.98,https://cdna.pcpartpicker.com/static/forever/images/product/c25d0595b9aad8fba2d3e8c582419c36.256p.jpg,MicroATX Mid Tower,Black,None,2,None,36.5 L,4.5
Montech AIR 100 LITE,40.02,https://cdna.pcpartpicker.com/static/forever/images/product/08c94fb7ec969bdd1b94122d46ee71d4.256p.jpg,MicroATX Mid Tower,Black,Tempered Glass,2,None,36.1 L,4
Fractal Design Pop XL Silent,90.46,https://cdna.pcpartpicker.com/static/forever/images/product/5ee026759c2b56319620544efb2ac379.256p.jpg,ATX Full Tower,Black,None,3,None,62.4 L,5
Fractal Design Pop Air RGB,79.99,https://cdna.pcpartpicker.com/static/forever/images/product/afcf290a91379b52360c7db562567b6f.256p.jpg,ATX Mid Tower,Black,Tempered Glass,2,None,46.2 L,4.5
Deepcool CH160,,https://cdna.pcpartpicker.com/static/forever/images/product/8fdb4c1dc378c0c163d5f29037da4dbe.256p.jpg,Mini ITX Desktop,Black,Tempered Glass,1,None,19.1 L,4.5
Deepcool CC560 V2,,https://cdna.pcpartpicker.com/static/forever/images/product/b4eee8314bb582edeb59eef06376bf4c.256p.jpg,ATX Mid Tower,Black,Tempered Glass,2,None,44.9 L,4
Phanteks NV5 MKII,99.95,https://cdna.pcpartpicker.com/static/forever/images/product/bb057fd182d7e583b21a15de58be50cc.256p.jpg,ATX Mid Tower,Black,Tempered Glass,3,None,60.2 L,5
Jonsbo N2,139.99,https://cdna.pcpartpicker.com/static/forever/images/product/656b31998ea8723d273f7f8776a295fe.256p.jpg,Mini ITX Desktop,Black,None,5,None,11.1 L,5
Lian Li PC-O11 Dynamic,,https://cdna.pcpartpicker.com/static/forever/images/product/580387945cfb3fe6bac9ef5844c2b55f.256p.jpg,ATX Full Tower,White,Tempered Glass,3,None,54.0 L,4.5
Corsair 3000D AIRFLOW,69.99,https://cdna.pcpartpicker.com/static/forever/images/product/586841ed9160739668a55d1321c9494e.256p.jpg,ATX Mid Tower,Black,Tempered Glass,2,None,49.5 L,4.5
Asus ProArt PA602 Wood Edition,218.99,https://cdna.pcpartpicker.com/static/forever/images/product/611d62a2df028fc07df96f54d8219911.256p.jpg,ATX Mid Tower,Black / Brown,Tempered Glass,4,None,81.4 L,0
MSI MAG PANO 110R PZ,97.99,https://cdna.pcpartpicker.com/static/forever/images/product/65efc3604c16376a956b7b794ff1443a.256p.jpg,ATX Mid Tower,Black,Tempered Glass,4,None,45.8 L,4
Fractal Design Mood,215.6,https://cdna.pcpartpicker.com/static/forever/images/product/441bab3d704183c4453b689c10710a21.256p.jpg,Mini ITX Tower,Black,Mesh,1,None,20.4 L,4
Jonsbo C6 Handle,62.99,https://cdna.pcpartpicker.com/static/forever/images/product/f40118219d47126059fd3b50ccbdcbd9.256p.jpg,MicroATX Mini Tower,Black,Mesh,1,None,15.9 L,4.5
Deepcool CC360 ARGB,39.94,https://cdna.pcpartpicker.com/static/forever/images/product/168a450fb85f2a08436623e3818b31af.256p.jpg,MicroATX Mini Tower,Black,Tinted Tempered Glass,2,None,38.7 L,4.5
Cougar MX110 RGB,49.19,,ATX Mid Tower,Black,Tempered Glass,2,None,32.5 L,4
MSI MAG FORGE 320R AIRFLOW,64.98,https://cdna.pcpartpicker.com/static/forever/images/product/03c70a3f991561dcce59b7fbe7f146bb.256p.jpg,ATX Mid Tower,Black,Tempered Glass,2,None,49.4 L,5
HAVN HS420 VGPU,269.99,https://cdna.pcpartpicker.com/static/forever/images/product/2550cc27bf90a9ca28d7ff9b94706d1a.256p.jpg,ATX Mid Tower,Black,Tempered Glass,5,None,76.8 L,0
Corsair 3500X LX-R RGB iCUE LINK,79.99,https://cdna.pcpartpicker.com/static/forever/images/product/6088e8b1c4ab604a633a5ae4d387c5fe.256p.jpg,ATX Mid Tower,Black,Tempered Glass,2,None,55.9 L,5
Thermaltake View 380 ARGB,85.47,https://cdna.pcpartpicker.com/static/forever/images/product/fe9aedeffb10a1ad8ecd4ded7ab2c468.256p.jpg,ATX Mid Tower,Black,Tinted Tempered Glass,1,None,51.6 L,5
Corsair FRAME 5000D RS,114.99,https://cdna.pcpartpicker.com/static/forever/images/product/2bd86e808bf7aff8ee87a6011a5cc615.256p.jpg,ATX Mid Tower,Black,Tempered Glass,2,None,75.3 L,0
HAVN HS420,194.94,https://cdna.pcpartpicker.com/static/forever/images/product/5fb0e9dfee15b197100837f58b1cef41.256p.jpg,ATX Mid Tower,Black,Tempered Glass,5,None,76.8 L,4.5
Corsair AIR 5400 RS-R ARGB,139.99,https://cdna.pcpartpicker.com/static/forever/images/product/b5766f579dfdb602a545068561613379.256p.jpg,ATX Mid Tower,Black,Tempered Glass,1,None,74.6 L,4.5
Fractal Design Meshify 2 XL,310.45,https://cdna.pcpartpicker.com/static/forever/images/product/6613bb82582221c0522ee46d2752f400.256p.jpg,ATX Full Tower,Black,Tinted Tempered Glass,6,None,81.5 L,4.5
Asus Prime AP303,79.98,https://cdna.pcpartpicker.com/static/forever/images/product/eab9a63567a003b0f21d5ecbfdaae23a.256p.jpg,ATX Mid Tower,Black,Mesh,1,None,44.3 L,0
Thermaltake The Tower 600,105.46,https://cdna.pcpartpicker.com/static/forever/images/product/86b3f9fc77c3172a52582729e4bbffc2.256p.jpg,ATX Mid Tower,Black,Tempered Glass,1,None,66.2 L,4.5
be quiet! Light Base 900 FX,184.94,https://cdna.pcpartpicker.com/static/forever/images/product/39d37e27e5a67572c5f6476421277121.256p.jpg,ATX Full Tower,Black,Tempered Glass,1,None,84.2 L,5
Cooler Master QUBE 540,253.24,https://cdna.pcpartpicker.com/static/forever/images/product/418c5fa5a869b9a16a7ad525a0465439.256p.jpg,ATX Mid Tower,Black,Tempered Glass,1,None,48.6 L,5
Asus TUF Gaming GT502,352.69,https://cdna.pcpartpicker.com/static/forever/images/product/5deeaf924f2581fd0676d61583a3246a.256p.jpg,ATX Mid Tower,Black,Tempered Glass,4,None,57.2 L,5
Lian Li LANCOOL 205M MESH,68.45,,MicroATX Mini Tower,Black,Tempered Glass,2,None,33.8 L,4.5
Thermaltake V100 Perforated,120.32,https://cdna.pcpartpicker.com/static/forever/images/product/42a5f5f534cfc75efc6b50ab01e198d3.256p.jpg,ATX Mid Tower,Black,None,2,None,36.6 L,3.5
Phanteks XT M3,49.9,https://cdna.pcpartpicker.com/static/forever/images/product/e2cf4624a2d1a1d5f15336e2ad3c14b0.256p.jpg,MicroATX Mid Tower,Black,Tempered Glass,1,None,40.0 L,5
be quiet! Pure Base 500DX,104.11,https://cdna.pcpartpicker.com/static/forever/images/product/d0088af61ff05d2f1e8ec07eeb4f7aee.256p.jpg,ATX Mid Tower,White,Tempered Glass,2,None,48.3 L,4.5
APNX V1,189.67,https://cdna.pcpartpicker.com/static/forever/images/product/7d1237c3359f2265d8bf2274a12948cb.256p.jpg,ATX Mid Tower,Black,Tempered Glass,2,None,70.4 L,5
NZXT H7 Flow RGB (2024),89.99,https://cdna.pcpartpicker.com/static/forever/images/product/b751cc2a71f197645f86433d3321a1dd.256p.jpg,ATX Mid Tower,Black,Tempered Glass,2,None,62.1 L,4.5
Fractal Design Meshify 3 Ambience Pro RGB,189.95,https://cdna.pcpartpicker.com/static/forever/images/product/40b68a7bc0e31c9fde38b7fe8c28fa94.256p.jpg,ATX Mid Tower,Black,Tinted Tempered Glass,2,None,50.3 L,5
Phanteks Enthoo Pro Tempered Glass,115.96,https://cdna.pcpartpicker.com/static/forever/images/product/3d056fa8f7e299b382f9e463afbc895b.256p.jpg,ATX Full Tower,Black,Tinted Tempered Glass,6,None,69.1 L,4.5
Fractal Design Meshify 3 XL Ambience Pro RGB,223.94,https://cdna.pcpartpicker.com/static/forever/images/product/f02750d636ba52899889d84b04a3982a.256p.jpg,ATX Full Tower,Black,Tinted Tempered Glass,2,None,72.6 L,4
Lian Li Vector V150 INF,73.98,https://cdna.pcpartpicker.com/static/forever/images/product/e1488dba00522a1e2a398a4b76fae02e.256p.jpg,MicroATX Mini Tower,Black,Tempered Glass,1,None,46.2 L,0
HYTE Y40,100,https://cdna.pcpartpicker.com/static/forever/images/product/18e87f5d604e66bf832d63b0b8f074c4.256p.jpg,ATX Mid Tower,White / Black,Tempered Glass,1,None,49.7 L,4.5
MSI MAG FORGE 112R,49.99,https://cdna.pcpartpicker.com/static/forever/images/product/aefeec218209f404108ca1fb06870d9a.256p.jpg,ATX Mid Tower,Black,Tempered Glass,2,None,42.5 L,4
Thermaltake The Tower 250,278.44,https://cdna.pcpartpicker.com/static/forever/images/product/70952f65821b71bbfb604bd6d9dc88f7.256p.jpg,Mini ITX Tower,Black,Tempered Glass,1,None,42.7 L,5
NZXT H9 Flow (2023),,https://cdna.pcpartpicker.com/static/forever/images/product/61eb5534e35ce8af07f25ff28197862b.256p.jpg,ATX Mid Tower,White,Tempered Glass,2,None,66.9 L,4.5
DARKROCK Classico Storage Master,254.92,,ATX Mid Tower,Black,Mesh,10,None,,5
Fractal Design Focus 2,64.04,https://cdna.pcpartpicker.com/static/forever/images/product/63adb80dcc0930198ac952d510583f95.256p.jpg,ATX Mid Tower,Black,Tempered Glass,2,None,45.8 L,4.5
Thermaltake Versa H17,117.27,https://cdna.pcpartpicker.com/static/forever/images/product/629f2789011af7e733b1ae66154b1e54.256p.jpg,MicroATX Mini Tower,Black,None,2,None,30.4 L,3.5
Jonsbo V12,104.99,https://cdna.pcpartpicker.com/static/forever/images/product/33665364eb1f55009353184fe017367c.256p.jpg,MicroATX Desktop,Black / Brown,Tempered Glass,2,None,23.2 L,0
Cooler Master NR200P V3,227.49,,Mini ITX Desktop,Black,Acrylic,1,None,20.4 L,0
Corsair iCUE 7000X RGB,169.99,https://cdna.pcpartpicker.com/static/forever/images/product/9d9c87b6c5733128026e68890dad154f.256p.jpg,ATX Full Tower,Black,Tempered Glass,6,None,81.8 L,4.5
Thermaltake Versa H18,126,https://cdna.pcpartpicker.com/static/forever/images/product/671425ce236b8aeac8123559433f37c4.256p.jpg,MicroATX Mini Tower,Black,Tempered Glass,2,None,30.4 L,4
Silverstone SG13 V2,120.62,,Mini ITX Tower,Black,None,1,None,11.5 L,4
Cooler Master HAF 700 EVO,,https://cdna.pcpartpicker.com/static/forever/images/product/834697c4dc53172c0e852a9d59448917.256p.jpg,ATX Full Tower,Gray / Black,Tempered Glass,12,None,,5
MSI MAG FORGE M100A,,https://cdna.pcpartpicker.com/static/forever/images/product/5b888f8af8d92a805b1e92b1a319f61f.256p.jpg,MicroATX Mid Tower,Black,Tempered Glass,2,None,32.8 L,4
Corsair 3200D RS ARGB,62.39,https://cdna.pcpartpicker.com/static/forever/images/product/67aaaa008ccb8840174621f8b512850a.256p.jpg,ATX Mid Tower,Black,Tempered Glass,1,None,49.6 L,0
HYTE X50,99,https://cdna.pcpartpicker.com/static/forever/images/product/0e1b2e2beb976a2bd460cb0b08ffe5cf.256p.jpg,ATX Mid Tower,Purple,Tempered Glass,1,None,63.1 L,5
Cooler Master Elite 681,75,https://cdna.pcpartpicker.com/static/forever/images/product/77d0c8727b7558c731701874f1449e3f.256p.jpg,ATX Mid Tower,Black,Tempered Glass,1,None,48.5 L,5
Asus ProArt PA602,239.98,https://cdna.pcpartpicker.com/static/forever/images/product/1937f6fcb0b4f6bc658299c0667f4562.256p.jpg,ATX Mid Tower,Black,Tempered Glass,4,None,81.4 L,4.5
HYTE Y60,162.99,https://cdna.pcpartpicker.com/static/forever/images/product/aba78f3e5e8c4fbe22c28f66c5d9c60b.256p.jpg,ATX Mid Tower,Black,Tempered Glass,2,None,60.0 L,4.5
Fractal Design Era 2,204.99,https://cdna.pcpartpicker.com/static/forever/images/product/14df8c6d790c408557680360e63a7c02.256p.jpg,Mini ITX Tower,Black / Brown,Mesh,0,None,19.0 L,5
Corsair 3200D RS,61.19,https://cdna.pcpartpicker.com/static/forever/images/product/57ff6d218a80227bf78287806782d11f.256p.jpg,ATX Mid Tower,Gray,Tempered Glass,1,None,49.6 L,0
Phanteks NV9 MKII,224.98,https://cdna.pcpartpicker.com/static/forever/images/product/763301e7f57e5d31b80ac1e0f36706c5.256p.jpg,ATX Mid Tower,Black,Tempered Glass,3,None,99.0 L,0
Corsair iCUE 4000X RGB,121.57,https://cdna.pcpartpicker.com/static/forever/images/product/0610d363ccccf52837f07d811e4eb2a3.256p.jpg,ATX Mid Tower,Black,Tempered Glass,2,None,48.6 L,4.5
NZXT H6 RGB+,179.99,https://cdna.pcpartpicker.com/static/forever/images/product/3e4aa68d991aed6c4f10ab1ea6267c33.256p.jpg,ATX Mid Tower,White,Tempered Glass,2,None,54.9 L,0
Cooler Master Elite 502,61.94,https://cdna.pcpartpicker.com/static/forever/images/product/b5be2cbcdd280c8be2db66dd513f4d40.256p.jpg,ATX Mid Tower,Black,Tempered Glass,2,None,52.4 L,0
MSI MAG FORGE 100R,,https://cdna.pcpartpicker.com/static/forever/images/product/4145e426378c801cc80da05d9ec6e8bf.256p.jpg,ATX Mid Tower,Black,Tempered Glass,2,None,,4
Fractal Design Core 1100,39.94,https://cdna.pcpartpicker.com/static/forever/images/product/3d54051e45ebef8a6c54fbf92005b0ee.256p.jpg,MicroATX Mini Tower,Black,None,2,None,25.7 L,3.5
Asus A31 PLUS,99.95,https://cdna.pcpartpicker.com/static/forever/images/product/2c1246bc17d9510f9967aef0b9837761.256p.jpg,ATX Mid Tower,Black,Tempered Glass,2,None,52.9 L,0
Fractal Design North Momentum Edition,143.94,https://cdna.pcpartpicker.com/static/forever/images/product/0af5703c6af87057a3e2fbc11a9021a6.256p.jpg,ATX Mid Tower,Black,Tempered Glass,2,None,45.1 L,0
MSI MPG GUNGNIR 110R,109.99,https://cdna.pcpartpicker.com/static/forever/images/product/3b7c6916b84f346f8623d1f8411af1d4.256p.jpg,ATX Mid Tower,White,Tempered Glass,2,None,,4
Lian Li O11 Dynamic Mini Snow Edition,73.28,,ATX Mid Tower,White,Tempered Glass,2,None,43.0 L,4.5
Fractal Design Core 1000 USB 3.0,43.94,https://cdna.pcpartpicker.com/static/forever/images/product/a71b87c93a953bcd78a4d1f1fca14760.256p.jpg,MicroATX Mid Tower,Black,None,2,None,25.8 L,3.5
Corsair FRAME 4500X LX-R RGB iCUE LINK,89.99,https://cdna.pcpartpicker.com/static/forever/images/product/318bdf13ecf18f2e9d967c0ce0d61730.256p.jpg,ATX Mid Tower,Black,Tempered Glass,1,None,58.7 L,4
Lian Li Lancool 207 Digital,79.99,https://cdna.pcpartpicker.com/static/forever/images/product/1efda4d4b2c45a0a176bca7b6bef5145.256p.jpg,ATX Mid Tower,Black,Tempered Glass,2,None,45.5 L,4.5
Asus ROG Strix Helios II Hatsune Miku Edition,,https://cdna.pcpartpicker.com/static/forever/images/product/538cba5e47717690bbbb34b221964c35.256p.jpg,ATX Mid Tower,Teal / Pink,Tempered Glass,2,None,83.5 L,4
Phanteks Enthoo Pro Closed Panel,114.9,https://cdna.pcpartpicker.com/static/forever/images/product/5e0c2bd40fb1f51d18b4024ab132af71.256p.jpg,ATX Full Tower,Black,None,6,None,69.1 L,5
Silverstone PS15 PRO,,https://cdna.pcpartpicker.com/static/forever/images/product/42700bd969096a38d63166a33aad2fd5.256p.jpg,MicroATX Mid Tower,Black,Tempered Glass,1,None,25.7 L,0
Cougar CFV235,112.99,https://cdna.pcpartpicker.com/static/forever/images/product/6fb797e1d352b55fa4a54245e4dbde84.256p.jpg,ATX Mid Tower,White,Tempered Glass,2,None,53.3 L,0
Corsair iCUE 4000D RGB AIRFLOW,109.95,https://cdna.pcpartpicker.com/static/forever/images/product/49b51856669316ac4526bed0ad451c58.256p.jpg,ATX Mid Tower,White,Tempered Glass,2,None,48.6 L,4.5
Silverstone RM52,439.99,https://cdna.pcpartpicker.com/static/forever/images/product/7c3c70397dbe98efaeaa461feecdd5a4.256p.jpg,Rackmount 5U,Black,None,4,None,58.6 L,0
Antec C2M ARGB,61.19,https://cdna.pcpartpicker.com/static/forever/images/product/48ae19e81f8e8c05dddd1f199de78d9d.256p.jpg,MicroATX Mini Tower,Black,Tempered Glass,1,None,43.0 L,0
Silverstone FLP01,123.94,https://cdna.pcpartpicker.com/static/forever/images/product/d2435779fa27023a2286ca88e5854c41.256p.jpg,HTPC,White,None,1,None,27.1 L,0
HYTE Y60 Snow White,169,https://cdna.pcpartpicker.com/static/forever/images/product/057519c92f6acc11679400bd763c86f5.256p.jpg,ATX Mid Tower,White,Tempered Glass,2,None,60.0 L,4.5
be quiet! Silent Base 802,149.99,https://cdna.pcpartpicker.com/static/forever/images/product/1061cb3d4da531d4110b0e8a0754ac9f.256p.jpg,ATX Mid Tower,Black,Tempered Glass,3,None,83.8 L,4.5
Thermaltake Core P7,,https://cdna.pcpartpicker.com/static/forever/images/product/aac67f57deda83381fc6e8740e068d49.256p.jpg,ATX Full Tower,Black,Tempered Glass,3,None,281.9 L,4.5
Antec P30 AIR,59.99,https://cdna.pcpartpicker.com/static/forever/images/product/092d9bb57fe2a9c55afecb2a1dd68654.256p.jpg,ATX Mid Tower,Black,Tempered Glass,2,None,49.3 L,0
Cooler Master MasterBox NR200P,,https://cdna.pcpartpicker.com/static/forever/images/product/5137400c87951ed36fc1c4e8b5513db7.256p.jpg,Mini ITX Desktop,White / Black,Tempered Glass,2,None,20.3 L,4.5
Deepcool CH270 DIGITAL,64.99,https://cdna.pcpartpicker.com/static/forever/images/product/1e97473cc9d74cace17356c4037ac66a.256p.jpg,MicroATX Mini Tower,Black,Tempered Glass,1,None,32.4 L,5
be quiet! Pure Base 600,89.99,https://cdna.pcpartpicker.com/static/forever/images/product/c9fd16dedee9c658bfa6612d9ce9f043.256p.jpg,ATX Mid Tower,Black,None,3,None,50.9 L,4
Fractal Design Meshify 2 Nano,88.61,https://cdna.pcpartpicker.com/static/forever/images/product/2710eac6c4b862f3658a39cacbbac6be.256p.jpg,Mini ITX Tower,White,Tempered Glass,1,None,29.3 L,5
be quiet! Light Base 600 LX,156.94,https://cdna.pcpartpicker.com/static/forever/images/product/3a9fdcefbfff454ad49ab6667259575e.256p.jpg,ATX Mid Tower,Black,Tempered Glass,1,None,59.7 L,4.5
Jonsbo N3,159.99,https://cdna.pcpartpicker.com/static/forever/images/product/832f0944c63e64985f3a1b25de4ae875.256p.jpg,Mini ITX Desktop,Black,None,0,None,18.2 L,4
Silverstone Sugo 16,74.98,,Mini ITX Tower,Black,None,1,None,13.0 L,3
HYTE X50 Air,79,https://cdna.pcpartpicker.com/static/forever/images/product/3ae368d1e13dce88b82082f3bb925a84.256p.jpg,ATX Mid Tower,Black,Mesh,1,None,63.1 L,0
Thermaltake AX700,331.49,https://cdna.pcpartpicker.com/static/forever/images/product/45583749d56d10065dfdde85e51e8132.256p.jpg,ATX Full Tower,Black,Mesh,18,None,141.4 L,0
Fractal Design Torrent RGB,217.52,https://cdna.pcpartpicker.com/static/forever/images/product/e6446516ac165189f9f086ae54522e77.256p.jpg,ATX Mid Tower,Black,Tinted Tempered Glass,2,None,69.8 L,4.5
be quiet! Light Base 500,96.9,https://cdna.pcpartpicker.com/static/forever/images/product/2b356fdf3f2edde74da1924d6212a33d.256p.jpg,ATX Mid Tower,Black,Tempered Glass,2,None,57.4 L,0
Fractal Design Define 7 XL Dark,224.85,https://cdna.pcpartpicker.com/static/forever/images/product/aa4e27314abf40c0fdb9408aaac7a1a4.256p.jpg,ATX Full Tower,Black,Tinted Tempered Glass,6,None,82.0 L,5
Montech SKY TWO GX,50.47,https://cdna.pcpartpicker.com/static/forever/images/product/d3e954554039d9640361fbee4a5d3e84.256p.jpg,ATX Mid Tower,White,Tempered Glass,2,None,49.5 L,4.5
Deepcool CH170 DIGITAL,63.9,https://cdna.pcpartpicker.com/static/forever/images/product/a5c9bee2fe912e3377bf0bbffcce64ba.256p.jpg,Mini ITX Tower,Black,Mesh,1,None,19.0 L,4
Thermaltake Retro 360 TG,79.99,https://cdna.pcpartpicker.com/static/forever/images/product/b4afc48667eee503492bdd85f3abee01.256p.jpg,ATX Mid Tower,Beige,Tempered Glass,1,None,54.1 L,0
Cooler Master MasterBox TD500 Mesh V2,152.13,https://cdna.pcpartpicker.com/static/forever/images/product/a504fae7c99570b6f3e6c9601d2e1a80.256p.jpg,ATX Mid Tower,,Tempered Glass,2,None,52.4 L,4.5
Asus TUF Gaming GT302 ARGB,124.99,https://cdna.pcpartpicker.com/static/forever/images/product/b0972cf958bfa894570afa43b6487b9c.256p.jpg,ATX Mid Tower,Black,Tempered Glass,2,None,59.3 L,5
Antec Performance 1 M,49.98,https://cdna.pcpartpicker.com/static/forever/images/product/804ee1981e22aeb2dbdf02dc762a8196.256p.jpg,Mini ITX Desktop,Black,Mesh,0,None,19.3 L,0
Corsair 2800X RS-R ARGB,69.98,https://cdna.pcpartpicker.com/static/forever/images/product/bb276c9c0ae476f40f0988409d78c8ce.256p.jpg,MicroATX Mini Tower,Black,Tempered Glass,1,None,45.3 L,0
Deepcool CH370,47.25,https://cdna.pcpartpicker.com/static/forever/images/product/2fad46b6561866155338a1cd7afa4712.256p.jpg,MicroATX Mid Tower,Black,Tempered Glass,2,None,38.3 L,4.5
NZXT H5 Flow (2022),,https://cdna.pcpartpicker.com/static/forever/images/product/84cb77175187296029f50f8bf6ca6960.256p.jpg,ATX Mid Tower,Black,Tempered Glass,1,None,47.0 L,4.5
Jonsbo D31 MESH,59.99,https://cdna.pcpartpicker.com/static/forever/images/product/560da778f87c2b20e164180102f9f65b.256p.jpg,MicroATX Mini Tower,Black,Tempered Glass,1,None,31.3 L,4.5
Corsair 2500D Airflow,70.31,https://cdna.pcpartpicker.com/static/forever/images/product/21257dd043176e91b098a5807667e517.256p.jpg,MicroATX Mini Tower,Black,Tempered Glass,2,None,54.8 L,0
Lian Li TU150,88.96,https://cdna.pcpartpicker.com/static/forever/images/product/a6aaaedb92f9c8d97f6c902a68821e04.256p.jpg,Mini ITX Desktop,Black,Tempered Glass,1,None,23.8 L,4
be quiet! Light Base 900 DX,169.96,https://cdna.pcpartpicker.com/static/forever/images/product/4bcf08503a1c3d09ce0db47f189393bb.256p.jpg,ATX Full Tower,White,Tempered Glass,1,None,84.2 L,5
Asus Prime AP202,99.99,https://cdna.pcpartpicker.com/static/forever/images/product/49267044d88b35189693a70da0d2c93b.256p.jpg,MicroATX Mid Tower,Black,Tempered Glass,2,None,47.9 L,4
NZXT H510 Elite,,https://cdna.pcpartpicker.com/static/forever/images/product/ef210e01af6191ab58a81a1fa721e9a0.256p.jpg,ATX Mid Tower,White / Black,Tempered Glass,2,None,41.3 L,4.5
Lian Li O11 Dynamic Mini,91.99,https://cdna.pcpartpicker.com/static/forever/images/product/c067673d9018218168704cc6ed3b10df.256p.jpg,ATX Mid Tower,Black,Tempered Glass,2,None,43.0 L,4.5
Antec FLUX SE,98.94,https://cdna.pcpartpicker.com/static/forever/images/product/c24463d9fc38da5cbfb32a9e8715d483.256p.jpg,ATX Mid Tower,Black / Brown,None,2,None,58.1 L,5
Silverstone SUGO 14,95.99,https://cdna.pcpartpicker.com/static/forever/images/product/d36e4a71c2ad6cdcc6c9a3a6cf72407c.256p.jpg,Mini ITX Desktop,Black / Yellow,None,0,None,19.5 L,4.5
Cooler Master Elite 301 Lite,114.98,https://cdna.pcpartpicker.com/static/forever/images/product/fd4333a7b576a9a3c04dd9ffe3b157ed.256p.jpg,MicroATX Mini Tower,Black,Tempered Glass,1,None,34.1 L,0
Antec AX61 ELITE,44.99,,ATX Mid Tower,Black,Tempered Glass,2,None,36.4 L,3.5
Corsair 2000D AIRFLOW,,https://cdna.pcpartpicker.com/static/forever/images/product/d517321b70d83d388f4ab5c86af1a888.256p.jpg,Mini ITX Tower,Black,Mesh,0,None,24.8 L,4.5
Fractal Design Pop 2 Air,72.99,https://cdna.pcpartpicker.com/static/forever/images/product/8fb8008515aafdaf9aae135df2ca183a.256p.jpg,ATX Mid Tower,Black,None,1,None,47.8 L,0
Silverstone ALTA D1,773.99,,ATX Full Tower,Black,Mesh,4,None,78.8 L,0
Lian Li O11 Air Mini,124.4,https://cdna.pcpartpicker.com/static/forever/images/product/fa0752303b39c0affe2244992c585515.256p.jpg,ATX Mid Tower,Black,Tempered Glass,4,None,44.2 L,4.5
Antec AX20,38.49,https://cdna.pcpartpicker.com/static/forever/images/product/2edc8b7fcee570026a45c75ca16510b0.256p.jpg,ATX Mid Tower,Black,Tempered Glass,2,None,33.4 L,4
Thermaltake TR200,156.49,https://cdna.pcpartpicker.com/static/forever/images/product/c13c983ee069307f168fd8ea9efe11a6.256p.jpg,MicroATX Mid Tower,Black / Brown,Mesh,1,None,39.6 L,5
Cooler Master Cosmos Alpha,311.49,https://cdna.pcpartpicker.com/static/forever/images/product/a5d7e07cc9a3107d1c16327a6449a02e.256p.jpg,ATX Mid Tower,Black,Tempered Glass,2,None,141.1 L,0
Deepcool MATREXX 40 3FS,36.99,https://cdna.pcpartpicker.com/static/forever/images/product/43788295d3aec0af00572e8766dcb492.256p.jpg,MicroATX Mini Tower,Black,Tempered Glass,2,None,,4
Montech SKY TWO,60.46,https://cdna.pcpartpicker.com/static/forever/images/product/1126391674c40e82a5d1b706e8346bd1.256p.jpg,ATX Mid Tower,White,Tempered Glass,2,None,45.3 L,4.5
Fractal Design Pop Silent,75.95,https://cdna.pcpartpicker.com/static/forever/images/product/2920ff9ad52f040a7aba88ce261242cf.256p.jpg,ATX Mid Tower,Black,None,2,None,46.2 L,4.5
Fractal Design Define 7 Compact,104.99,https://cdna.pcpartpicker.com/static/forever/images/product/94be643ea4729251648e246257a1b7e1.256p.jpg,ATX Mid Tower,Black,None,2,None,42.5 L,4.5
Thermaltake Core W200,691.31,,ATX Full Tower,Black,Acrylic,4,None,,0
Lian Li LANCOOL 205 Mesh C,233.1,,ATX Mid Tower,Black,Tempered Glass,2,None,41.3 L,4.5
Asus TUF Gaming GT501,256.66,https://cdna.pcpartpicker.com/static/forever/images/product/60f033bccfb485caa35bc82a51763368.256p.jpg,ATX Mid Tower,White / Black,Tempered Glass,4,None,75.5 L,4
be quiet! Dark Base Pro 901,263.98,https://cdna.pcpartpicker.com/static/forever/images/product/6399f1786ccc885505d4c46da2226d04.256p.jpg,ATX Full Tower,Black,Tempered Glass,2,None,94.5 L,4.5
Deepcool CG530,44.99,https://cdna.pcpartpicker.com/static/forever/images/product/deb231472816b0cdb65c050aaf995edd.256p.jpg,ATX Mid Tower,Black,Tinted Acrylic,2,None,50.0 L,0
Silverstone GD09 Type-C,99.98,https://cdna.pcpartpicker.com/static/forever/images/product/06b4ebd2e29ee3b6df5e78e3f68c3d3b.256p.jpg,HTPC,Black,Mesh,2,None,26.5 L,5
Cooler Master Q300L V2,81.49,https://cdna.pcpartpicker.com/static/forever/images/product/882cbc6a90eb5a67014417560e8a44b8.256p.jpg,MicroATX Mini Tower,Black,Tempered Glass,1,None,34.1 L,4.5
NZXT H9 Flow RGB (2025),144.93,https://cdna.pcpartpicker.com/static/forever/images/product/6083e8a9b7c0e1463ebf4f9b0800b670.256p.jpg,ATX Mid Tower,White,Tempered Glass,2,None,76.7 L,5
Silverstone SUGO 15,163.63,https://cdna.pcpartpicker.com/static/forever/images/product/ef83d082d135664ff32d4be6b3ee42a1.256p.jpg,Mini ITX Desktop,Black,None,0,None,19.1 L,4.5
be quiet! Light Base 500 LX,101.4,https://cdna.pcpartpicker.com/static/forever/images/product/fd92b832e2339437a916a9590fcf482e.256p.jpg,ATX Mid Tower,Black,Tempered Glass,2,None,57.4 L,5
Phanteks Eclipse G400A,88.94,https://cdna.pcpartpicker.com/static/forever/images/product/cce29382d4d567d05fd6ebbb4dca74e5.256p.jpg,ATX Mid Tower,Black,Tempered Glass,2,None,59.4 L,4.5
Thermaltake Versa H16 ARGB,133.52,https://cdna.pcpartpicker.com/static/forever/images/product/0b6192fa93565ba7370ededf930e12b2.256p.jpg,MicroATX Mini Tower,Black,Tempered Glass,2,None,33.0 L,4
Deepcool MACUBE 110,39.87,https://cdna.pcpartpicker.com/static/forever/images/product/f7187d56d56fc6f4c45f3d5a9c764dd9.256p.jpg,MicroATX Mini Tower,Black,Tempered Glass,2,None,38.8 L,4
Corsair iCUE LINK 3500X RGB,135,https://cdna.pcpartpicker.com/static/forever/images/product/29123db95a7f75db6f39401e4f201ced.256p.jpg,ATX Mid Tower,Black,Tempered Glass,2,None,55.9 L,4
NZXT H7 Flow (2022),,https://cdna.pcpartpicker.com/static/forever/images/product/bec2a61865de879aa69df53f51b10e56.256p.jpg,ATX Mid Tower,Black,Tempered Glass,2,None,55.8 L,4.5
Lian Li LANCOOL III,125.99,https://cdna.pcpartpicker.com/static/forever/images/product/7b98ae6a0b5b166d022c0c3fc3eb8197.256p.jpg,ATX Mid Tower,Black,Tempered Glass,4,None,65.5 L,4.5
ENDORFY Ventum 200 Air,49.56,https://cdna.pcpartpicker.com/static/forever/images/product/0cbd4807a784e523791a80da23f370fb.256p.jpg,ATX Mid Tower,Black,Tempered Glass,1,None,35.4 L,3
Fractal Design Pop 2 Vision,72.94,https://cdna.pcpartpicker.com/static/forever/images/product/e3c4711f2823f17ce2ae543ab7e13e36.256p.jpg,ATX Mid Tower,Black,Tempered Glass,0,None,56.8 L,0
Corsair FRAME 4000D Vault Series,149.98,https://cdna.pcpartpicker.com/static/forever/images/product/0c1fe192e25c76e885d959768158d868.256p.jpg,ATX Mid Tower,Black / Purple,Tempered Glass,1,None,56.7 L,0
Asus ProArt PA401 Wood Edition,119.9,https://cdna.pcpartpicker.com/static/forever/images/product/36d3bc2037d3f7d7beacb17fa80f4b29.256p.jpg,ATX Mid Tower,Black,Tempered Glass,2,None,46.6 L,4
Antec CX600M ARGB,42.95,https://cdna.pcpartpicker.com/static/forever/images/product/d0565d4dcc1f3579819138a7fcc2ff99.256p.jpg,MicroATX Mini Tower,Black,Tempered Glass,1,None,46.8 L,4
Corsair FRAME 4000D LCD RS ARGB,274.99,https://cdna.pcpartpicker.com/static/forever/images/product/8a2c7be02d6dfe806624ccfa238c8dff.256p.jpg,ATX Mid Tower,Black,Tempered Glass,1,None,56.7 L,0
Fractal Design Meshify 2 Compact TG Light Tint,95.47,https://cdna.pcpartpicker.com/static/forever/images/product/70ac697e3e6678daf16d38842957b0c0.256p.jpg,ATX Mid Tower,Black,Tempered Glass,2,None,42.3 L,4.5
Thermaltake View 380 XL TG ARGB,95.47,https://cdna.pcpartpicker.com/static/forever/images/product/5f6909e7df5c275352c5efeef06d1940.256p.jpg,ATX Mid Tower,Black,Tempered Glass,1,None,63.6 L,5
Thermaltake Core V1,,https://cdna.pcpartpicker.com/static/forever/images/product/3dcf400277143ca9a8f823f6df9f526b.256p.jpg,Mini ITX Desktop,Black,None,2,None,22.4 L,4.5
Fractal Design Pop 2 Vision RGB,93.46,https://cdna.pcpartpicker.com/static/forever/images/product/0acd738bd70a17a0014439c9c72174fc.256p.jpg,ATX Mid Tower,Black,Tempered Glass,0,None,56.8 L,0
Phanteks NV7,149.94,https://cdna.pcpartpicker.com/static/forever/images/product/a7a51db6936de8b14fc20a3fda6ba954.256p.jpg,ATX Full Tower,White,Tempered Glass,2,None,78.9 L,5
Deepcool CC560,,https://cdna.pcpartpicker.com/static/forever/images/product/eacaf9e3a9f012060fbd0a98f4e22511.256p.jpg,ATX Mid Tower,Black,Tempered Glass,2,None,41.7 L,4.5
Zalman S2,56.52,https://cdna.pcpartpicker.com/static/forever/images/product/57709fd32c80825278a1956146554862.256p.jpg,ATX Mid Tower,Black,Acrylic,2,None,38.4 L,4
Antec C6 Curve Air,94.79,https://cdna.pcpartpicker.com/static/forever/images/product/e1fd1fcb9511837def833f52cdee9bb5.256p.jpg,ATX Mid Tower,Black,Tempered Glass,1,None,53.0 L,0
SHARKOON Rebel C20 ITX,155.72,https://cdna.pcpartpicker.com/static/forever/images/product/0ba86d15fafd3c8bcc36570dd99ad2c3.256p.jpg,Mini ITX Desktop,Black,Mesh,1,None,29.5 L,0
Antec C3 ARGB,64.96,https://cdna.pcpartpicker.com/static/forever/images/product/8cebb5a9e40823e02d08e30ba2fa7955.256p.jpg,ATX Mid Tower,Black,Tempered Glass,1,None,47.9 L,4
In Win CE685.FH300TB3,171.01,https://cdna.pcpartpicker.com/static/forever/images/product/5701fb00f2669847ffbe2277a00a208d.256p.jpg,MicroATX Slim,Black,None,1,300 W,11.8 L,5
Jonsbo D32 STD,51.95,https://cdna.pcpartpicker.com/static/forever/images/product/a0b08f4a34dcb5a2716d7c1ce9406826.256p.jpg,MicroATX Desktop,Black,Tempered Glass,1,None,25.7 L,0
Asus GX601,393.4,https://cdna.pcpartpicker.com/static/forever/images/product/ad20500c42e87fe9a297ff74438f7afc.256p.jpg,ATX Full Tower,White / Black,Tempered Glass,2,None,83.5 L,5
Thermaltake S100 Snow Edition,30.46,https://cdna.pcpartpicker.com/static/forever/images/product/61648b636fa64af0a730d0195031465f.256p.jpg,MicroATX Mini Tower,White / Black,Tempered Glass,2,None,,4
Phanteks Eclipse P300A Mesh,,https://cdna.pcpartpicker.com/static/forever/images/product/7c9e187b65ab4b281bc2ca0fe41a9aa7.256p.jpg,ATX Mid Tower,Black,Tempered Glass,2,None,36.4 L,4
Zalman S4,59.03,https://cdna.pcpartpicker.com/static/forever/images/product/cf104fe6bb85759cf8b921f956574959.256p.jpg,ATX Mid Tower,Black,Tinted Acrylic,2,None,,4
Fractal Design Define 7 Mini,110.47,https://cdna.pcpartpicker.com/static/forever/images/product/3696ffa5c550ac0a2c4fc20bdc999fde.256p.jpg,MicroATX Mini Tower,Black,None,2,None,33.2 L,4
Lian Li Lancool II Mesh,,https://cdna.pcpartpicker.com/static/forever/images/product/1f0d01b57cc9d3c2e050041beb99f787.256p.jpg,ATX Mid Tower,Black,Tempered Glass,3,None,54.1 L,4.5
Cooler Master Elite 690 Wood,70.75,https://cdna.pcpartpicker.com/static/forever/images/product/14a010c0ccfc1af7dc642f8e2262c87d.256p.jpg,ATX Mid Tower,Black / Brown,Tempered Glass,1,None,43.0 L,0
Corsair iCUE 5000D RGB AIRFLOW,168.13,https://cdna.pcpartpicker.com/static/forever/images/product/12aa4ca6828b23f8f433fcb8c500b490.256p.jpg,ATX Mid Tower,White,Tempered Glass,2,None,66.2 L,4.5
HYTE Gundam Wing Y70 Touch Infinite,,https://cdna.pcpartpicker.com/static/forever/images/product/ac271fc0d648737f83bab931485700a3.256p.jpg,ATX Mid Tower,White / Gold,Tempered Glass,2,None,70.7 L,0
Corsair iCUE 5000T LX RGB,254.99,https://cdna.pcpartpicker.com/static/forever/images/product/ec56da9c5a767598fc3e3f4f84ce9ce5.256p.jpg,ATX Mid Tower,Black,Tempered Glass,2,None,74.5 L,5
Lian Li O11 Vision Chrome,,https://cdna.pcpartpicker.com/static/forever/images/product/f796e4580cffda95ab3bc039687b3604.256p.jpg,ATX Mid Tower,Black,Tinted Tempered Glass,2,None,67.8 L,5
Zalman S3,144.04,https://cdna.pcpartpicker.com/static/forever/images/product/39166e47f3aff14ffeb9e3239d413a10.256p.jpg,ATX Mid Tower,Black,Acrylic,2,None,38.4 L,4
Montech KING 15 PRO,65.47,https://cdna.pcpartpicker.com/static/forever/images/product/90e2d7debaf1bdc55fe92d325f615d7b.256p.jpg,MicroATX Mid Tower,White,Tempered Glass,2,None,46.6 L,0
HAVN BF 360,139.99,https://cdna.pcpartpicker.com/static/forever/images/product/63c73cd3690989e6c4647d190ca97af0.256p.jpg,ATX Mid Tower,Black,Tempered Glass,2,None,68.4 L,5
Silverstone GD11,161.99,https://cdna.pcpartpicker.com/static/forever/images/product/271c5f93df7e61677a677d037e665dae.256p.jpg,HTPC,Black,None,3,None,30.9 L,4
ENDORFY Ventum 200 ARGB,76.61,,ATX Mid Tower,Black,Tempered Glass,1,None,35.4 L,5
Cooler Master Elite 300 Steel,73.01,,MicroATX Mid Tower,Black,None,2,None,35.8 L,0
MSI MPG VELOX 300R AIRFLOW PZ,229.67,https://cdna.pcpartpicker.com/static/forever/images/product/345ec5c596db7a96aeb18224acb5df5c.256p.jpg,ATX Mid Tower,Black,Tempered Glass,2,None,59.0 L,0
Antec VSK3000E U3,75.98,https://cdna.pcpartpicker.com/static/forever/images/product/68a3a8bdb4d75a743d43493a73d2dcc1.256p.jpg,MicroATX Mini Tower,Black,None,2,None,24.8 L,0
Fractal Design Define Nano S,84.47,https://cdna.pcpartpicker.com/static/forever/images/product/234082e908429613e8f136add299adf6.256p.jpg,Mini ITX Desktop,Black,Acrylic,2,None,28.8 L,4.5
Phanteks Enthoo Pro 2 Server Edition,282.9,https://cdna.pcpartpicker.com/static/forever/images/product/90a92d9ee9876f438875683ebaaf1381.256p.jpg,ATX Full Tower,Black,Tempered Glass,4,None,78.0 L,5
MSI MPG GUNGNIR 300R AIRFLOW,94.99,https://cdna.pcpartpicker.com/static/forever/images/product/8f0d62a25bd03382a60076f22ccca7d8.256p.jpg,ATX Mid Tower,White,Tempered Glass,2,None,60.5 L,0
Cooler Master MasterFrame 400 Mesh,149,https://cdna.pcpartpicker.com/static/forever/images/product/ecad56863535f31958467b63fba8d63c.256p.jpg,MicroATX Mini Tower,Black,Tempered Glass,1,None,46.0 L,0
Fractal Design Epoch,79.99,https://cdna.pcpartpicker.com/static/forever/images/product/20e571678009fa232f0389554e9364ea.256p.jpg,ATX Mid Tower,Black,None,2,None,45.1 L,2
Fractal Design North XL RC,176.49,https://cdna.pcpartpicker.com/static/forever/images/product/450c00df8d3744dd928453fbe84cfa33.256p.jpg,ATX Full Tower,Black,Tinted Tempered Glass,2,None,61.4 L,0
Thermaltake Core V21,,,MicroATX Mini Tower,Black,Acrylic,3,None,45.6 L,4
Silverstone MILO 11,89.99,,MicroATX Desktop,Black / Silver,None,1,None,10.3 L,0
Cooler Master Elite 481 Wood,56.99,https://cdna.pcpartpicker.com/static/forever/images/product/f02d9c39a54984a2047a671cc9c22dd3.256p.jpg,MicroATX Mini Tower,Black / Brown,Tempered Glass,1,None,44.3 L,0
Corsair iCUE LINK 6500X RGB,,https://cdna.pcpartpicker.com/static/forever/images/product/164489b99e0aa91a4a732b0932943780.256p.jpg,ATX Mid Tower,White,Tempered Glass,2,None,78.3 L,0
Antec VSK4000E U3,89.98,https://cdna.pcpartpicker.com/static/forever/images/product/cf3afb74cef771522da772c2b3563954.256p.jpg,ATX Mid Tower,Black,None,5,None,,4
Thermaltake S100,30.46,https://cdna.pcpartpicker.com/static/forever/images/product/df69be2cf748fac40148cd6bcb32df16.256p.jpg,MicroATX Mini Tower,Black,Tempered Glass,2,None,,4.5
Corsair 6500X,181.49,https://cdna.pcpartpicker.com/static/forever/images/product/ac6793572839a206635c3f7780c612d8.256p.jpg,ATX Mid Tower,White / Gray,Tempered Glass,2,None,78.3 L,0
Thermaltake Retro 260 TG,69.98,https://cdna.pcpartpicker.com/static/forever/images/product/0c3e213fc097d0c013f23401612c7fa1.256p.jpg,MicroATX Mini Tower,Beige,Tempered Glass,2,None,39.4 L,0
Phanteks XT View,59.95,https://cdna.pcpartpicker.com/static/forever/images/product/8565cae93ed1297a0b905f02db4b9b99.256p.jpg,ATX Mid Tower,Black,Tempered Glass,2,None,50.6 L,3.5
Corsair iCUE 5000X RGB,82.5,https://cdna.pcpartpicker.com/static/forever/images/product/b630d3e8642df2ed4e9a4278d55ee88a.256p.jpg,ATX Mid Tower,White / Gray,Tempered Glass,2,None,66.2 L,4.5
Fractal Design Torrent Compact RGB,119.99,https://cdna.pcpartpicker.com/static/forever/images/product/858f5392beba15d3b137d162840dbf20.256p.jpg,ATX Mid Tower,Black,Tinted Tempered Glass,1,None,46.7 L,4
Zalman P30,,,MicroATX Mini Tower,White,Tempered Glass,2,None,45.7 L,4.5
Asus TUF Gaming GT502 Horizon,382.61,https://cdna.pcpartpicker.com/static/forever/images/product/6a54ba263ec45580cad692a719fdb075.256p.jpg,ATX Mid Tower,Black,Tempered Glass,4,None,57.2 L,5
Lian Li PC-O11 Dynamic Razer,,,ATX Full Tower,Black,Tempered Glass,3,None,54.0 L,4.5
Zalman P10,69.8,https://cdna.pcpartpicker.com/static/forever/images/product/78da78e8497ff7b1782c2393de326cdb.256p.jpg,MicroATX Mini Tower,White,Tempered Glass,2,None,,5
Fractal Design Epoch XL,85.47,https://cdna.pcpartpicker.com/static/forever/images/product/295e06062f2b90c3efec1e11dce005fa.256p.jpg,ATX Full Tower,Black,None,2,None,61.4 L,0
MSI MAG PANO 130R PZ,69.98,https://cdna.pcpartpicker.com/static/forever/images/product/d375812992642c61a6c38ec7a68f7a6e.256p.jpg,ATX Mid Tower,Black,Tempered Glass,2,None,52.3 L,0
Phanteks EVOLV X2 MATRIX,154.99,https://cdna.pcpartpicker.com/static/forever/images/product/39bdce4f897525361f49063f546fa66c.256p.jpg,ATX Mid Tower,Black,Tempered Glass,2,None,60.9 L,0
NZXT H510i,,https://cdna.pcpartpicker.com/static/forever/images/product/6f63c51bf729ea9d12da08b83e11be22.256p.jpg,ATX Mid Tower,White,Tempered Glass,2,None,41.3 L,4.5
Jonsbo T6,129.95,https://cdna.pcpartpicker.com/static/forever/images/product/506059b7801c79f84a29a4fe22bed792.256p.jpg,Mini ITX Tower,Black / Brown,None,0,None,13.7 L,5
Montech AIR 1000 LITE,,https://cdna.pcpartpicker.com/static/forever/images/product/602711f93112cf749631fe1abeeb979c.256p.jpg,ATX Mid Tower,Black,Tempered Glass,2,None,45.3 L,4.5
Fractal Design Meshify 2 Compact,94.94,https://cdna.pcpartpicker.com/static/forever/images/product/d56f9c8e0c0a09a8bb5cd06616378a52.256p.jpg,ATX Mid Tower,Black,None,2,None,42.3 L,4.5
be quiet! Pure Base 501,74.98,https://cdna.pcpartpicker.com/static/forever/images/product/02b218215c4cd1f45b2e10f501043954.256p.jpg,ATX Mid Tower,Black,None,2,None,48.1 L,3
Silverstone GD09B,105.46,,HTPC,Black,None,2,None,26.5 L,3.5
ENDORFY Ventum 200,34.25,https://cdna.pcpartpicker.com/static/forever/images/product/2cfa5bca726183bcaf4f5a18eeaab420.256p.jpg,ATX Mid Tower,Black,None,1,None,34.6 L,0
Jonsbo TK-3,84.95,https://cdna.pcpartpicker.com/static/forever/images/product/a47a34c28199c19cc0d5a3baeb1d8b88.256p.jpg,ATX Mid Tower,Black,Tempered Glass,2,None,52.3 L,4.5
Phanteks Eclipse P400A,,https://cdna.pcpartpicker.com/static/forever/images/product/c62d93ddd59d252799a01f178b5da199.256p.jpg,ATX Mid Tower,Black,Tempered Glass,2,None,45.9 L,4.5
be quiet! Pure Base 501 LX,104.94,https://cdna.pcpartpicker.com/static/forever/images/product/d0b62476e7bbdbfbdbab0608f9970e97.256p.jpg,ATX Mid Tower,Black,Tempered Glass,2,None,48.1 L,4
Asus TUF Gaming GT301,,https://cdna.pcpartpicker.com/static/forever/images/product/f71032c4fc07a0e8da97133af42654a9.256p.jpg,ATX Mid Tower,Pink / Black,Tempered Glass,2,None,43.9 L,5
Silverstone FARA 515XR,55.46,,ATX Mid Tower,Black,Tempered Glass,2,None,39.9 L,0
Fractal Design Pop 2 Air RGB,72.99,https://cdna.pcpartpicker.com/static/forever/images/product/8ea0deae46ceda5452db8d4bd9622573.256p.jpg,ATX Mid Tower,Black,Tempered Glass,1,None,47.8 L,0
be quiet! Shadow Base 800 FX,152.94,https://cdna.pcpartpicker.com/static/forever/images/product/3ea6c6adfa1830018755b3930cf0a80d.256p.jpg,ATX Mid Tower,Black,Tempered Glass,2,None,70.9 L,4.5
MSI MAG FORGE 100M,69.99,https://cdna.pcpartpicker.com/static/forever/images/product/373aae50becfe52d054158c7436830cf.256p.jpg,ATX Mid Tower,Black,Tempered Glass,2,None,44.1 L,0
Montech Heritage PRO,65.47,https://cdna.pcpartpicker.com/static/forever/images/product/c7bf7ea2705a75f47618679965a1fdd8.256p.jpg,MicroATX Mid Tower,Black,Tempered Glass,1,None,41.5 L,5
Lian Li SUP01,49.99,https://cdna.pcpartpicker.com/static/forever/images/product/96aa8746492fa87972513e95661371f6.256p.jpg,ATX Mid Tower,White,Tempered Glass,2,None,45.7 L,4.5
In Win CJ712,151.95,https://cdna.pcpartpicker.com/static/forever/images/product/8152bb568161f67aebf716c97f112e9b.256p.jpg,MicroATX Desktop,Black,None,1,265 W,8.0 L,0
Asus A21,137.39,https://cdna.pcpartpicker.com/static/forever/images/product/7abeea992916448d94671e0c5aa86a48.256p.jpg,MicroATX Mini Tower,Black,Tempered Glass,2,None,44.0 L,4
SSUPD Meshlicious (PCIe 4.0),94.65,,Mini ITX Tower,White,Mesh,0,None,14.7 L,4.5
Deepcool CH170 PLUS,,https://cdna.pcpartpicker.com/static/forever/images/product/0cdeb860f1863eeec2c0d844002f0748.256p.jpg,MicroATX Mini Tower,Black,Tempered Glass,1,None,24.0 L,0
Corsair 6500D Airflow,169.99,https://cdna.pcpartpicker.com/static/forever/images/product/6581171404883d44f32155aa6ee50c0c.256p.jpg,ATX Mid Tower,White,Tempered Glass,2,None,78.3 L,4.5
Montech HS02 Pro,79.99,https://cdna.pcpartpicker.com/static/forever/images/product/721e7ad7c0d924de6ff5885e500a7637.256p.jpg,ATX Mid Tower,Black,Tempered Glass,2,None,55.3 L,4.5
Jonsbo D41 MESH,64.99,https://cdna.pcpartpicker.com/static/forever/images/product/594850c9d8ad5b42c030b8ccca78196c.256p.jpg,ATX Mid Tower,White,Tempered Glass,2,None,35.4 L,4.5
Zalman T6,,,ATX Mid Tower,Black,None,2,None,32.4 L,4
Cooler Master MasterBox 600,97.79,https://cdna.pcpartpicker.com/static/forever/images/product/23cfe7e7da91b76450f98e6b4af308d4.256p.jpg,ATX Mid Tower,Black,Tempered Glass,2,None,52.4 L,0
ADATA XPG VALOR MESH,55.81,https://cdna.pcpartpicker.com/static/forever/images/product/aa2911a6465f5c60832f0045bd55df22.256p.jpg,ATX Mid Tower,Black,Tempered Glass,2,None,35.8 L,0
Antec C5 CURVE ARGB,98.99,https://cdna.pcpartpicker.com/static/forever/images/product/2a8206d7453adc8fd0dc0c9e848fd2d6.256p.jpg,ATX Mid Tower,Black,Tempered Glass,2,None,53.0 L,0
APNX V2,,,ATX Mid Tower,Black,Tempered Glass,1,None,72.0 L,0
Antec P30 ARGB,57.95,https://cdna.pcpartpicker.com/static/forever/images/product/e9050fb4209c0b6880838bec105499ab.256p.jpg,ATX Mid Tower,Black,Tempered Glass,2,None,49.3 L,0
Cooler Master Elite 500 ODD,84.8,https://cdna.pcpartpicker.com/static/forever/images/product/d58b927e380efb39c96a503e653cd1b5.256p.jpg,ATX Mid Tower,Black,None,2,None,43.1 L,0
Antec Performance 1 FT,75.91,https://cdna.pcpartpicker.com/static/forever/images/product/d5d2bbbf1aebd5c062bb8907588b2c08.256p.jpg,ATX Full Tower,White,Tempered Glass,2,None,62.7 L,4
MSI MPG GUNGNIR 100,,https://cdna.pcpartpicker.com/static/forever/images/product/dcd6cbc6f8e6021b3de7388df7ab9646.256p.jpg,ATX Mid Tower,Black,Tempered Glass,2,None,60.8 L,4
Gigabyte C201 PANORAMIC,83.99,https://cdna.pcpartpicker.com/static/forever/images/product/2b427280b03e9b92cea1762a60cb6fdb.256p.jpg,MicroATX Mid Tower,Black,Tempered Glass,2,None,82.5 L,3
NZXT S340,,https://cdna.pcpartpicker.com/static/forever/images/product/d4745ae04fec5a8861f24130cccc9eda.256p.jpg,ATX Mid Tower,Black,Acrylic,3,None,38.4 L,4.5
Cooler Master HAF 700,338.43,https://cdna.pcpartpicker.com/static/forever/images/product/6b9158dd862a12cc3d65d309f3755b7d.256p.jpg,ATX Full Tower,Black,Tempered Glass,9,None,83.6 L,5
MSI MAG VAMPIRIC 100L,,https://cdna.pcpartpicker.com/static/forever/images/product/195e22d13fa4e5a46d8f5a3241175161.256p.jpg,ATX Mid Tower,Black,Tempered Glass,2,None,36.5 L,5
Silverstone RM51,403.94,,Rackmount 5U,Black,None,2,None,51.3 L,0
Deepcool CC560 ARGB V2,45.63,https://cdna.pcpartpicker.com/static/forever/images/product/58efdb181a853f837c61416f911d8c07.256p.jpg,ATX Mid Tower,,Tempered Glass,2,None,44.9 L,3
ARCTIC Xtender,111.57,https://cdna.pcpartpicker.com/static/forever/images/product/27cff03673b6a3207c6182c839c5f705.256p.jpg,ATX Mid Tower,Black,Tinted Tempered Glass,1,None,64.6 L,0
Cooler Master Elite 302,48.94,,MicroATX Mini Tower,Black,Tempered Glass,1,None,34.1 L,4
NZXT H510 Flow,,https://cdna.pcpartpicker.com/static/forever/images/product/8637eecbb708911a9d70e6dd233aa33a.256p.jpg,ATX Mid Tower,Black,Tempered Glass,3,None,41.3 L,4.5
Montech HS01 PRO,69.98,https://cdna.pcpartpicker.com/static/forever/images/product/e434023cf61a96884f993c1a79397def.256p.jpg,ATX Mid Tower,Black,Tempered Glass,2,None,55.3 L,5
Cooler Master Elite 301,51.99,https://cdna.pcpartpicker.com/static/forever/images/product/3842cef237f3c5737b858a3165e9cc4a.256p.jpg,MicroATX Mid Tower,White,Tempered Glass,1,None,34.1 L,0
Lian Li LANCOOL 215,206.73,https://cdna.pcpartpicker.com/static/forever/images/product/293fc9c60376f63f95138eb8f7a5b1fc.256p.jpg,ATX Mid Tower,White,Tempered Glass,2,None,,4.5
Phanteks Enthoo Pro 2,149.99,https://cdna.pcpartpicker.com/static/forever/images/product/8f318409edf32b7761c61970e3838c69.256p.jpg,ATX Full Tower,Black,Tempered Glass,12,None,,4.5
Lian Li O11D EVO RGB Automobili Lamborghini,,https://cdna.pcpartpicker.com/static/forever/images/product/d9637170ce780ac6b4a8f5610907869c.256p.jpg,ATX Mid Tower,Black / Gold,Tempered Glass,4,None,65.3 L,4.5
Thermaltake The Tower 300 Matcha,178.25,https://cdna.pcpartpicker.com/static/forever/images/product/84b6e8c76342f38aa588eb9bd259fbe3.256p.jpg,MicroATX Mini Tower,Green,Tempered Glass,3,None,53.0 L,5
MSI MAG FORGE 130A AIRFLOW,,https://cdna.pcpartpicker.com/static/forever/images/product/4066fb3401c4faac1e69d94568269748.256p.jpg,ATX Mid Tower,Black,Tempered Glass,2,None,43.0 L,0
Thermaltake Versa H15,,https://cdna.pcpartpicker.com/static/forever/images/product/d875a967aa4c2b1ff4b15dca39f1a796.256p.jpg,MicroATX Mid Tower,Black,None,3,None,,3.5
Deepcool CH560 DIGITAL,100.94,https://cdna.pcpartpicker.com/static/forever/images/product/443bc7f159a1a2f90984e0f8f569b77d.256p.jpg,ATX Mid Tower,White,Tempered Glass,2,None,49.6 L,5
Phanteks Evolv S2,94.96,https://cdna.pcpartpicker.com/static/forever/images/product/f1e3985a0c90dc7da99bd362067b3351.256p.jpg,ATX Mid Tower,Black,Tempered Glass,1,None,54.9 L,0
ENDORFY Arx 700 Air,114.23,https://cdna.pcpartpicker.com/static/forever/images/product/fc387b14f7831f1947cd7da728cc2106.256p.jpg,ATX Mid Tower,Black,Tempered Glass,1,None,54.2 L,4.5
DARKROCK Classico Max Storage Master,167.83,,ATX Mid Tower,Black,Mesh,10,None,51.1 L,0
Silverstone SETA D1,131.49,,ATX Mid Tower,Black,None,8,None,56.5 L,0
Cooler Master NCORE 100 AIR,201.81,https://cdna.pcpartpicker.com/static/forever/images/product/65ec1ec6bc854b3925e4f6dacfc16e12.256p.jpg,Mini ITX Tower,Black,Mesh,0,None,16.4 L,0
Cougar FV150 RGB,124.96,,ATX Mid Tower,Pink,Tempered Glass,2,None,49.8 L,0
Jonsbo T7,,https://cdna.pcpartpicker.com/static/forever/images/product/4f90bdb87c23999a7d7c5094a271641d.256p.jpg,ATX Mid Tower,Black,Tempered Glass,1,None,25.8 L,0
Antec AX27 RGB ELITE,37.49,https://cdna.pcpartpicker.com/static/forever/images/product/9dd87b4502c9067128cec8d9f8021e41.256p.jpg,ATX Mid Tower,,Tempered Glass,2,None,32.2 L,0
Thermaltake CTE C750 ARGB,198.32,https://cdna.pcpartpicker.com/static/forever/images/product/eb8796750f513e8b0711e77a355743ab.256p.jpg,ATX Full Tower,Black,Tempered Glass,7,None,110.7 L,0
Cooler Master QUBE 500 Flatpack,114.99,https://cdna.pcpartpicker.com/static/forever/images/product/82d04401b428a2cb9b2275c9661bed56.256p.jpg,ATX Mid Tower,Black,Tempered Glass,4,None,38.9 L,5
Antec CX500M ARGB,49.99,https://cdna.pcpartpicker.com/static/forever/images/product/1ec8cc07183e95ffa42108f24f37360c.256p.jpg,MicroATX Mini Tower,Black,Tempered Glass,2,None,40.8 L,5
Jonsbo D32 STD MESH,51.95,https://cdna.pcpartpicker.com/static/forever/images/product/f91576e5b96ec7fd5f7563457d76c559.256p.jpg,MicroATX Desktop,,Tempered Glass,1,None,25.7 L,0
Fractal Design Focus 2 RGB,69,https://cdna.pcpartpicker.com/static/forever/images/product/de2930e8d5d8f93448392015cb97842b.256p.jpg,ATX Mid Tower,Black,Tempered Glass,2,None,45.8 L,4.5
Corsair 2500X Obsidian,129,https://cdna.pcpartpicker.com/static/forever/images/product/fbcb7788d338221e239e9aefca76775d.256p.jpg,MicroATX Mini Tower,Black,Tempered Glass,2,None,54.8 L,5
Montech KING 45 PRO,69.98,https://cdna.pcpartpicker.com/static/forever/images/product/6ab3e9d6dc8328bf15001012849b6e13.256p.jpg,ATX Mid Tower,Black,Tempered Glass,2,None,50.9 L,0
Jonsbo X400,134.99,https://cdna.pcpartpicker.com/static/forever/images/product/5f39dbef8a9df13cb2d39c63a50ad8e1.256p.jpg,ATX Mid Tower,Black,Tempered Glass,1,None,68.0 L,0
Cooler Master HAF II 500,351.17,https://cdna.pcpartpicker.com/static/forever/images/product/f7e4756e67225e6023c9903da830da28.256p.jpg,ATX Mid Tower,Black,Tempered Glass,3,None,80.0 L,0
Corsair 2000D RGB AIRFLOW,,https://cdna.pcpartpicker.com/static/forever/images/product/684ce0da5f89ec51104ba46d7780ac63.256p.jpg,Mini ITX Tower,Black,Mesh,0,None,24.8 L,5
Cooler Master HAF 500,92.14,https://cdna.pcpartpicker.com/static/forever/images/product/9dfecc7e8c9bdd8421e10dec2e60822d.256p.jpg,ATX Mid Tower,White,Tempered Glass,2,None,,4
be quiet! Pure Base 501 DX,86.94,https://cdna.pcpartpicker.com/static/forever/images/product/ccac2a28a4c0d4a25532b49d8cb80a0f.256p.jpg,ATX Mid Tower,Black,Tempered Glass,2,None,48.1 L,0
Asus TUF Gaming GT502 Horizon ARGB,179.99,https://cdna.pcpartpicker.com/static/forever/images/product/3373f6a9fb29071a48ad0fbbf73c6d11.256p.jpg,ATX Mid Tower,Black,Tempered Glass,4,None,57.2 L,0
Zalman P10 NAMU,76.73,https://cdna.pcpartpicker.com/static/forever/images/product/c4a01ddd3a472b4bdbdf7a0379e4232c.256p.jpg,MicroATX Mini Tower,Black,Tempered Glass,2,None,38.6 L,5
Fractal Design Epoch XL RGB,105.46,https://cdna.pcpartpicker.com/static/forever/images/product/9b980393dd861941bcebb10d5fa1343b.256p.jpg,ATX Full Tower,Black,Tinted Tempered Glass,2,None,61.4 L,0
Segotep T3 Aeolus,,,ATX Mid Tower,White,Tempered Glass,3,None,54.4 L,5
Thermaltake The Tower 300 Hydrangea,115.47,https://cdna.pcpartpicker.com/static/forever/images/product/2ec08b1c63fb9b56bcf80e6c4981d652.256p.jpg,MicroATX Mini Tower,Blue,Tempered Glass,3,None,53.0 L,4.5
Cooler Master TD300 Mesh,76.48,https://cdna.pcpartpicker.com/static/forever/images/product/8579e191e44ec1e8c0211620829f8b76.256p.jpg,MicroATX Mini Tower,Black,Tempered Glass,2,None,,4.5
be quiet! Pure Base 500,79.99,https://cdna.pcpartpicker.com/static/forever/images/product/c3cd4e9f893fe762fac256a7579a1472.256p.jpg,ATX Mid Tower,White,None,2,None,46.0 L,4
Fractal Design Define 7 Dark,159.94,https://cdna.pcpartpicker.com/static/forever/images/product/7cd2c7cfed3027596ea1b662b881b361.256p.jpg,ATX Mid Tower,Black,Tinted Tempered Glass,6,None,62.4 L,4.5
Gigabyte C500 PANORAMIC STEALTH,82.32,https://cdna.pcpartpicker.com/static/forever/images/product/5f8a02410ff274d7b5b2393be068ace9.256p.jpg,ATX Mid Tower,Black,Tempered Glass,2,None,50.6 L,0
Corsair FRAME 4000X RS,111.59,https://cdna.pcpartpicker.com/static/forever/images/product/e6c4d755873c19feb3af522902a43f7c.256p.jpg,ATX Mid Tower,Black,Tempered Glass,1,None,56.7 L,0
Phanteks Eclipse P300,,https://cdna.pcpartpicker.com/static/forever/images/product/7684b8a795c4b1b92c0e4dcdc6483c7f.256p.jpg,ATX Mid Tower,Black,Tinted Tempered Glass,2,None,36.0 L,4
Cooler Master MasterBox 600 Lite,99.84,https://cdna.pcpartpicker.com/static/forever/images/product/a97341ca4a2e943efa2e3856567be225.256p.jpg,ATX Mid Tower,Black,Tempered Glass,2,None,52.4 L,0
ADATA XPG VALOR AIR,,https://cdna.pcpartpicker.com/static/forever/images/product/405634d49bd20054346eef6119834cec.256p.jpg,ATX Mid Tower,Black,Tempered Glass,3,None,35.8 L,0
Antec AX67 ARGB,,https://cdna.pcpartpicker.com/static/forever/images/product/93187c4e675c673e8abb24830999fb21.256p.jpg,ATX Mid Tower,,Tempered Glass,2,None,36.4 L,0
Cougar Duoface Pro RGB,98.99,,ATX Mid Tower,Black,Tempered Glass,2,None,55.4 L,5
Lian Li O11 VISION-M Digital,,https://cdna.pcpartpicker.com/static/forever/images/product/c490b8680f8ac34cbed17e61a784ee02.256p.jpg,MicroATX Mini Tower,White,Tempered Glass,1,None,45.6 L,0
Cooler Master MasterFrame 360 Stage LCD,239.99,https://cdna.pcpartpicker.com/static/forever/images/product/834cb829bf3606af428534f46f9ba926.256p.jpg,ATX Mid Tower,Black,Tempered Glass,0,None,92.8 L,0
Phanteks NV5,,https://cdna.pcpartpicker.com/static/forever/images/product/e623be8bb6ab09a820493e6b05ffab8b.256p.jpg,ATX Mid Tower,Black,Tempered Glass,3,None,60.2 L,4.5
Silverstone CS383,353.99,,ATX Full Tower,Black,None,1,None,77.0 L,0
Gigabyte C200 Glass,34.99,https://cdna.pcpartpicker.com/static/forever/images/product/1dee452a089a7a6f0dbd09b7f0701983.256p.jpg,ATX Mid Tower,Black,Tempered Glass,2,None,43.8 L,3.5
Silverstone ML03B,155.97,https://cdna.pcpartpicker.com/static/forever/images/product/bf552f68d0059e20e6812c1f1a2afa3c.256p.jpg,HTPC,Black,None,2,None,15.5 L,4
Fractal Design Meshify 3 RGB,133.94,https://cdna.pcpartpicker.com/static/forever/images/product/3166578d4afa4ac7bff86299f572c16c.256p.jpg,ATX Mid Tower,Black,Tinted Tempered Glass,2,None,50.3 L,5
MSI MAG PANO 120R PZ,360.68,https://cdna.pcpartpicker.com/static/forever/images/product/283155edee22be140c21acd78bbd6956.256p.jpg,ATX Mid Tower,Black,Tempered Glass,2,None,70.2 L,0
Thermaltake View 91,,https://cdna.pcpartpicker.com/static/forever/images/product/93bee363749d8d3d1b7f6cd344b60217.256p.jpg,ATX Full Tower,Black,Tempered Glass,12,None,153.3 L,5
ENDORFY Arx 700 ARGB,110.42,,ATX Mid Tower,Black,Tempered Glass,1,None,54.2 L,4.5
Cooler Master Force 500,74.86,https://cdna.pcpartpicker.com/static/forever/images/product/0f66a34f52f95dfee5f6c9984df46b16.256p.jpg,ATX Mid Tower,Black,None,7,None,39.8 L,4
Cooler Master MasterBox MB320L ARGB,73.9,https://cdna.pcpartpicker.com/static/forever/images/product/79178469073513e53585fcde5b02001b.256p.jpg,MicroATX Mini Tower,Black,Tempered Glass,2,None,38.8 L,4
Silverstone ML06B,100.88,,HTPC,Black,None,0,None,7.1 L,4
SSUPD Meshlicious,79.99,,Mini ITX Tower,White,Mesh,0,None,14.7 L,4.5
Jonsbo D41 MESH SCREEN,109.99,https://cdna.pcpartpicker.com/static/forever/images/product/ce672e1147a4910254790613b76e5861.256p.jpg,ATX Mid Tower,Black,Tempered Glass,2,None,35.4 L,4.5
KOLINK Unity Lateral ARGB,,https://cdna.pcpartpicker.com/static/forever/images/product/42d0a11307ebec51ca1a55027a31be54.256p.jpg,ATX Mid Tower,Black,Tempered Glass,2,None,53.4 L,0
Jonsbo D400,69,https://cdna.pcpartpicker.com/static/forever/images/product/f753a52a3475c1a55ba77cb2cd337fcd.256p.jpg,ATX Mid Tower,Black,Tempered Glass,2,None,59.9 L,5
Silverstone Crown 04,454.99,,HTPC,Black,Mesh,2,None,48.2 L,0
ENDORFY Signum 300 ARGB,68.14,https://cdna.pcpartpicker.com/static/forever/images/product/26a35682ba12c04c2d52eccd4bbf303e.256p.jpg,ATX Mid Tower,Black,Tempered Glass,2,None,39.9 L,0
NZXT H5 Flow RGB (2023),,https://cdna.pcpartpicker.com/static/forever/images/product/6ccc496a3d9459eb42f316140f027b64.256p.jpg,ATX Mid Tower,White,Tempered Glass,1,None,47.0 L,4.5
MSI MEG MAESTRO 700L PZ,207.97,https://cdna.pcpartpicker.com/static/forever/images/product/f3ee270531a53508a18b032ba01fab21.256p.jpg,ATX Mid Tower,Black,Tempered Glass,0,None,66.8 L,4.5
Antec P7 S,59.99,https://cdna.pcpartpicker.com/static/forever/images/product/d48bd27fcf56bb961d33107a500b73aa.256p.jpg,ATX Mid Tower,Black,None,2,None,49.3 L,0
Fractal Design Torrent Nano RGB,129.99,https://cdna.pcpartpicker.com/static/forever/images/product/26ee97c2d2ceeda188a836ff46313150.256p.jpg,Mini ITX Tower,White,Tempered Glass,1,None,34.6 L,5
HYTE Persona 3 Reload Y70,481.95,https://cdna.pcpartpicker.com/static/forever/images/product/6c85b3ec7012e97d0835e94b156dfa32.256p.jpg,ATX Mid Tower,Black / Multicolor,Tempered Glass,2,None,70.7 L,0
Antec P6 NEO ARGB,61.19,https://cdna.pcpartpicker.com/static/forever/images/product/7a99b7ce39935a8de25f286ddbd333c4.256p.jpg,ATX Mid Tower,,Tempered Glass,2,None,38.1 L,0
Silverstone CS382,235.89,,ATX Mid Tower,Black,None,1,None,39.6 L,4
Fractal Design Define 7 Nano,94.99,https://cdna.pcpartpicker.com/static/forever/images/product/9036e57f5dd028e3abdd02729f579df6.256p.jpg,Mini ITX Tower,Black,Tinted Tempered Glass,1,None,29.5 L,5
Thermaltake Core P3,,https://cdna.pcpartpicker.com/static/forever/images/product/30acaffe7285805dbcab80f77004c67c.256p.jpg,ATX Mid Tower,Black,Tempered Glass,2,None,80.1 L,4
Thermaltake The Tower 300 Bubble Pink,,https://cdna.pcpartpicker.com/static/forever/images/product/69537a62b182623eefe339aec7d1cbe8.256p.jpg,MicroATX Mini Tower,Pink / White,Tempered Glass,3,None,53.0 L,5
Thermaltake View 390 Air,99.98,https://cdna.pcpartpicker.com/static/forever/images/product/c58f05cb64f9420bf22a149708ce8c98.256p.jpg,ATX Mid Tower,Purple / Black,Tempered Glass,2,None,70.0 L,5
ENDORFY Signum 300 Solid,47.78,https://cdna.pcpartpicker.com/static/forever/images/product/3febe821c6510167d068ef41a9c417ad.256p.jpg,ATX Mid Tower,Black,None,2,None,37.8 L,0
Fractal Design Meshify 3 XL RGB,163.94,https://cdna.pcpartpicker.com/static/forever/images/product/ff9357b25e2b4a1cc0574d7cc57a573e.256p.jpg,ATX Full Tower,Black,Tinted Tempered Glass,2,None,72.6 L,5
Lian Li O11D XL-W,,https://cdna.pcpartpicker.com/static/forever/images/product/57e725b91df63c516dcdd1b0314e306a.256p.jpg,ATX Full Tower,White / Black,Tempered Glass,4,None,68.9 L,4.5
Montech KING 15,45.46,,MicroATX Mid Tower,White,Tempered Glass,2,None,46.6 L,0
APNX Creator C1,49.99,https://cdna.pcpartpicker.com/static/forever/images/product/56faee5305dbf4ba4e9ba7bb4eb0dd13.256p.jpg,ATX Mid Tower,White,Tempered Glass,3,None,53.6 L,5
Deepcool CG580 4F,,https://cdna.pcpartpicker.com/static/forever/images/product/5ccb065b0f90942e517a158790cd1d93.256p.jpg,ATX Mid Tower,Black,Tempered Glass,2,None,51.5 L,0
Deepcool CH690 DIGITAL,82.94,https://cdna.pcpartpicker.com/static/forever/images/product/03487d04c2f80a9c3fdcd200dfeff5d0.256p.jpg,ATX Mid Tower,Black,Tempered Glass,1,None,107.9 L,0
Antec C8 ARGB,138.52,https://cdna.pcpartpicker.com/static/forever/images/product/78f420654388ef67b9b77747fcc5dac8.256p.jpg,ATX Full Tower,Black,Tempered Glass,2,None,66.9 L,5
Jonsbo D31 STD,54.95,https://cdna.pcpartpicker.com/static/forever/images/product/9d7f72ab2cd8b6b5664f205f55d50434.256p.jpg,MicroATX Mini Tower,White,Tempered Glass,1,None,31.3 L,5
FSP Group S380,81.73,https://cdna.pcpartpicker.com/static/forever/images/product/6a55aadcdf84d92eb61eee9d569f12b3.256p.jpg,MicroATX Mini Tower,White,Tempered Glass,2,None,48.2 L,4
SHARKOON AK6 RGB,55.47,,ATX Mid Tower,Black,Tempered Glass,2,None,47.5 L,5
HYTE Y70 Touch,,https://cdna.pcpartpicker.com/static/forever/images/product/688dd181f588292ed74b3404093c6377.256p.jpg,ATX Mid Tower,Black,Tempered Glass,2,None,70.7 L,5
Asus ROG Strix Helios Gundam Edition,,https://cdna.pcpartpicker.com/static/forever/images/product/27a58525e2aed7deeea630ddc641be57.256p.jpg,ATX Full Tower,Silver / Multicolor,Tempered Glass,2,None,83.5 L,0
Silverstone SETA H2,187,,ATX Full Tower,Black,Mesh,12,None,70.3 L,0
Thermaltake View 380 XL WS ARGB,105.46,https://cdna.pcpartpicker.com/static/forever/images/product/0ecc106ed42a75aa39c68cf6e9dc6ee2.256p.jpg,ATX Mid Tower,Black / Brown,Tempered Glass,1,None,64.2 L,5
Thermaltake The Tower 100,97.79,https://cdna.pcpartpicker.com/static/forever/images/product/a7371493c0aec17548f709931cf322c0.256p.jpg,Mini ITX Tower,Black,Tempered Glass,2,None,32.7 L,4
Cooler Master HAF XB EVO,,https://cdna.pcpartpicker.com/static/forever/images/product/978ae9cfcbbd7871f11488c42c3c98c9.256p.jpg,ATX Desktop,Black,Mesh,2,None,61.7 L,4.5
NZXT H710i,,https://cdna.pcpartpicker.com/static/forever/images/product/e74919f1b5c4300a2a125105431f90ee.256p.jpg,ATX Mid Tower,White,Tempered Glass,4,None,58.6 L,4
ARCTIC Xtender VG,119.05,https://cdna.pcpartpicker.com/static/forever/images/product/e90ca2a5700fd15fc70003d9bcc53b0b.256p.jpg,ATX Mid Tower,Black,Tinted Tempered Glass,1,None,64.6 L,5
Asus A21 PLUS,93.94,https://cdna.pcpartpicker.com/static/forever/images/product/96fc2692beedddf78aeb9009bf4bebaf.256p.jpg,MicroATX Mini Tower,White,Tempered Glass,2,None,44.0 L,0
Lian Li Lancool II Mesh C RGB,,https://cdna.pcpartpicker.com/static/forever/images/product/8e582cc36227645537c540233c6a91e9.256p.jpg,ATX Mid Tower,White,Tempered Glass,3,None,54.1 L,4.5
Cooler Master N400,,,ATX Mid Tower,Black,None,7,None,40.2 L,3.5
Thermaltake View 71 TG RGB,,,ATX Full Tower,Black,Acrylic,4,None,,4.5
Mars Gaming MC-S2,34.99,https://cdna.pcpartpicker.com/static/forever/images/product/da3d6e23ce14b734712565bbbcde5703.256p.jpg,MicroATX Mini Tower,White,Acrylic,1,None,19.5 L,0
Silverstone Milo 12,283.91,,HTPC,Black,Mesh,0,None,15.6 L,0
Gigabyte C102 GLASS,44.99,https://cdna.pcpartpicker.com/static/forever/images/product/c946d5decce526be87e206678d9df722.256p.jpg,MicroATX Mid Tower,Black,Tempered Glass,2,None,42.5 L,0
Corsair iCUE 465X RGB,193.37,,ATX Mid Tower,White / Black,Tempered Glass,2,None,,4.5
Ocypus Gamma C50,,,MicroATX Mini Tower,Black,Tempered Glass,2,None,34.6 L,0
Cooler Master Silencio S400,64.99,https://cdna.pcpartpicker.com/static/forever/images/product/7c65bcaf0b488afa25432eac27991ce0.256p.jpg,MicroATX Mini Tower,Black,None,4,None,,4
Cooler Master MasterFrame 600,149.99,https://cdna.pcpartpicker.com/static/forever/images/product/8691d0fba95122e2fd902ff4904c0f1f.256p.jpg,ATX Mid Tower,Black,Tempered Glass,2,None,61.2 L,5
Gigabyte C301 GLASS,,https://cdna.pcpartpicker.com/static/forever/images/product/f1bf03295402235cabe0c230389fdd9d.256p.jpg,ATX Mid Tower,Black,Tempered Glass,2,None,50.6 L,4.5
be quiet! Shadow Base 800,129.95,https://cdna.pcpartpicker.com/static/forever/images/product/e2647358d4b508298a5917eb596e566d.256p.jpg,ATX Mid Tower,Black,Tempered Glass,2,None,70.9 L,5
Antec CX600M Trio ARGB,51.99,https://cdna.pcpartpicker.com/static/forever/images/product/c6136ff7462ac88a97477b0c16ab79cb.256p.jpg,MicroATX Mini Tower,White,Tempered Glass,1,None,46.8 L,0
SHARKOON Rebel C20 ITX RGB,227.99,https://cdna.pcpartpicker.com/static/forever/images/product/0ba86d15fafd3c8bcc36570dd99ad2c3.256p.jpg,Mini ITX Desktop,Black,Mesh,1,None,29.5 L,0
Lian Li LANCOOL II-X,,https://cdna.pcpartpicker.com/static/forever/images/product/8f728ad9050f1b98db2e61fab01bc902.256p.jpg,ATX Mid Tower,Black,Tempered Glass,3,None,,4.5
PC Cooler C3 T500 ARGB,,,ATX Mid Tower,Black,Tempered Glass,2,None,45.1 L,3
Deepcool CG580,,https://cdna.pcpartpicker.com/static/forever/images/product/e1faf68c3ecb3749a1e80f63f93e28c8.256p.jpg,ATX Mid Tower,Black,Tempered Glass,2,None,51.5 L,0
Fractal Design Meshify 2 Mini,108.94,https://cdna.pcpartpicker.com/static/forever/images/product/67e81d7e0013d189a56b5eaedb381a21.256p.jpg,MicroATX Mid Tower,White / Black,Tempered Glass,2,None,33.0 L,4.5
MSI MPG VELOX 100R,78.52,https://cdna.pcpartpicker.com/static/forever/images/product/7a498e8a6905dcee03f584b5c0eab9f2.256p.jpg,ATX Mid Tower,White,Tempered Glass,2,None,53.7 L,0
be quiet! Pure Base 500 FX,234.83,https://cdna.pcpartpicker.com/static/forever/images/product/d20ec8cfb472dee59c9c2fa41395c7d3.256p.jpg,ATX Mid Tower,Black,Tempered Glass,2,None,48.3 L,4.5
Corsair Crystal 280X RGB,105.46,https://cdna.pcpartpicker.com/static/forever/images/product/fda36fe43248802f18d2f71376b3c380.256p.jpg,MicroATX Mid Tower,Black,Tempered Glass,2,None,,4.5
ADATA XPG INVADER X,124.99,https://cdna.pcpartpicker.com/static/forever/images/product/6970cec1429ed38eaee6bb2e21cbbe22.256p.jpg,ATX Mid Tower,Black,Tempered Glass,3,None,52.1 L,0
Cooler Master HAF X,,https://cdna.pcpartpicker.com/static/forever/images/product/d61fa54f9e4c08bafb397022ade30071.256p.jpg,ATX Full Tower,Black,Acrylic,5,None,75.0 L,4.5
Corsair Vengeance C70,,https://cdna.pcpartpicker.com/static/forever/images/product/6b2ca1df9e33fb8d55bac40d6ab2375b.256p.jpg,ATX Mid Tower,Green,Acrylic,6,None,61.4 L,4.5
NZXT S340 Elite,,https://cdna.pcpartpicker.com/static/forever/images/product/288f141becb1196cbeffdf8b4fad8c81.256p.jpg,ATX Mid Tower,Black,Tempered Glass,2,None,41.6 L,4.5
SHARKOON REV300,114.17,https://cdna.pcpartpicker.com/static/forever/images/product/ba016197b65a8331731cdc90c84e450c.256p.jpg,ATX Full Tower,Black,Tempered Glass,4,None,65.6 L,0
Jonsbo TK-2 2.0,139.99,https://cdna.pcpartpicker.com/static/forever/images/product/84c7f97fc171dcb9e497b641d04f35be.256p.jpg,ATX Mid Tower,Black,Tempered Glass,1,None,53.2 L,0
Phanteks Eclipse P500A D-RGB,,https://cdna.pcpartpicker.com/static/forever/images/product/7188a45df986ca4d216e18e6587168b5.256p.jpg,ATX Mid Tower,Black,Tempered Glass,2,None,,4.5
Thermaltake View 200 TG ARGB,208.21,https://cdna.pcpartpicker.com/static/forever/images/product/783f00fa4a4a3005119d9f2acad78123.256p.jpg,ATX Mid Tower,Black,Tempered Glass,2,None,38.2 L,0
Thermaltake The Tower 200,126.9,https://cdna.pcpartpicker.com/static/forever/images/product/2680eae6aa69691ee31a8fb0cb1aa671.256p.jpg,Mini ITX Tower,Black,Tempered Glass,2,None,45.1 L,5
NZXT H7 Elite (2023),,https://cdna.pcpartpicker.com/static/forever/images/product/89879a23a08d3a38d5b712e300ae468b.256p.jpg,ATX Mid Tower,White,Tempered Glass,2,None,55.8 L,5
MSI MAG FORGE 110R,,https://cdna.pcpartpicker.com/static/forever/images/product/28f7c1565cc9552957eaa31cde3e65dd.256p.jpg,ATX Mid Tower,Black,Tempered Glass,2,None,42.5 L,0
Corsair iCUE 5000T RGB,378.48,https://cdna.pcpartpicker.com/static/forever/images/product/6fa9def9c0e7e2ae79f6903b38865451.256p.jpg,ATX Mid Tower,Black,Tempered Glass,2,None,74.5 L,4
Deepcool MATREXX 40,,https://cdna.pcpartpicker.com/static/forever/images/product/b32fb28bca9fb6780a07e11767da9f38.256p.jpg,MicroATX Mini Tower,Black,Tempered Glass,2,None,,4
Montech HS02,50.47,https://cdna.pcpartpicker.com/static/forever/images/product/89013450e0d194a41545e2e39ff45641.256p.jpg,ATX Mid Tower,Black,Tempered Glass,2,None,55.3 L,0
Fractal Design Epoch RGB,89.99,https://cdna.pcpartpicker.com/static/forever/images/product/9e108372bf99214be7ebe3b339064563.256p.jpg,ATX Mid Tower,Black,Tinted Tempered Glass,2,None,45.1 L,0
Fractal Design Meshify C Mini,,https://cdna.pcpartpicker.com/static/forever/images/product/a77c3dc3732a3bd8f2d559cf7c03fb82.256p.jpg,MicroATX Mini Tower,Black,Tinted Tempered Glass,2,None,36.6 L,4.5
Phanteks NV9,159.95,https://cdna.pcpartpicker.com/static/forever/images/product/dff51c63dfe912bad45b4ab51a23d920.256p.jpg,ATX Full Tower,White,Tempered Glass,3,None,99.0 L,5
Silverstone FARA H1M,66.48,https://cdna.pcpartpicker.com/static/forever/images/product/f85bbaec4e74c8f1784515e63c67da99.256p.jpg,MicroATX Mini Tower,Black,Tempered Glass,2,None,30.1 L,3.5
Cooler Master MasterBox NR400 (w/o ODD),99.99,https://cdna.pcpartpicker.com/static/forever/images/product/57de46fcb7c2e44e868009fe030d60e6.256p.jpg,MicroATX Mid Tower,Black,Tempered Glass,3,None,35.5 L,4.5
MSI MPG VELOX 100P AIRFLOW,,https://cdna.pcpartpicker.com/static/forever/images/product/f894223f1ee5d516dc353ffaffbd30e8.256p.jpg,ATX Mid Tower,Black,Tempered Glass,2,None,53.7 L,4.5
Thermaltake Tower 900,,,ATX Full Tower,Black,Tempered Glass,6,None,153.6 L,4.5
Gigabyte AORUS C400,89.95,https://cdna.pcpartpicker.com/static/forever/images/product/40e14d246ab8f5710ff7d2180204478b.256p.jpg,ATX Mid Tower,Black,Tempered Glass,2,None,42.8 L,0
Jonsbo D300,113.49,https://cdna.pcpartpicker.com/static/forever/images/product/0360e76384194aff9250b0c15e53c422.256p.jpg,MicroATX Mid Tower,Black,Tempered Glass,2,None,45.8 L,4.5
Corsair 4000D,,https://cdna.pcpartpicker.com/static/forever/images/product/2ca996a51a7c3eb8a991880e5dbb7680.256p.jpg,ATX Mid Tower,Black,Tempered Glass,2,None,48.6 L,4
MSI MAG VAMPIRIC 100R,,https://cdna.pcpartpicker.com/static/forever/images/product/af21f95aabdf0778984036fd955fe9de.256p.jpg,ATX Mid Tower,Black,Tempered Glass,2,None,36.5 L,4.5
ENDORFY Signum 300 Air,61.91,https://cdna.pcpartpicker.com/static/forever/images/product/16ca2ae21241b3288b3688b43e196ceb.256p.jpg,ATX Mid Tower,Black,Tempered Glass,2,None,39.9 L,4
Deepcool CH560,59.67,https://cdna.pcpartpicker.com/static/forever/images/product/5b41a8c168df1300bbb409c76f5e17d3.256p.jpg,ATX Mid Tower,Black,Tempered Glass,2,None,49.6 L,4.5
Antec Flux Rear,89.92,https://cdna.pcpartpicker.com/static/forever/images/product/90c1a3d38cab910d8c13e9ae7b386201.256p.jpg,ATX Mid Tower,Black,Tempered Glass,1,None,50.8 L,0
Montech KING 95,69.98,https://cdna.pcpartpicker.com/static/forever/images/product/2d47dabecd9ac0c5ea81eb9500bed1fb.256p.jpg,ATX Mid Tower,Black,Tempered Glass,5,None,63.0 L,4.5
Lian Li O11D XL-X,,https://cdna.pcpartpicker.com/static/forever/images/product/692ed556003849f8f97e835632e8aefb.256p.jpg,ATX Full Tower,Black,Tempered Glass,4,None,68.9 L,4.5
MOROVOL TW7-S2-BL,,,MicroATX Mid Tower,Black,Tempered Glass,2,None,27.1 L,0
Jonsbo TK-4,159.95,https://cdna.pcpartpicker.com/static/forever/images/product/0430a2e07e7d34ffd00488e5105be777.256p.jpg,ATX Mid Tower,Black,Tempered Glass,4,None,73.2 L,0
Cooler Master MasterBox MB311L ARGB,,https://cdna.pcpartpicker.com/static/forever/images/product/d840392c61d0ca639f108e4ca53d5f6a.256p.jpg,MicroATX Mid Tower,Black,Tempered Glass,2,None,,4
Antec CX800 Wood ARGB,54.99,https://cdna.pcpartpicker.com/static/forever/images/product/116f3b98eda96c45ac039d7b9361102d.256p.jpg,ATX Mid Tower,Black / Brown,Tempered Glass,2,None,51.2 L,4
Fractal Design Define 7 XL Light,,https://cdna.pcpartpicker.com/static/forever/images/product/40ef5879ed14997361ae7419b81a3bce.256p.jpg,ATX Full Tower,Black,Tempered Glass,6,None,82.0 L,5
Phanteks Eclipse P600S,119.99,https://cdna.pcpartpicker.com/static/forever/images/product/49b413f01bc2998856aebf7222e1880e.256p.jpg,ATX Mid Tower,White,Tempered Glass,4,None,,0
Thermaltake CTE C700 Air,101.21,https://cdna.pcpartpicker.com/static/forever/images/product/a302d266dc12d881a15cfec86fd8f2ec.256p.jpg,ATX Mid Tower,Black,Tempered Glass,7,None,93.8 L,4
Montech KING 45,70.98,,ATX Mid Tower,Black,Tempered Glass,2,None,50.9 L,5
Phanteks Eclipse G300A (3 Fan),,https://cdna.pcpartpicker.com/static/forever/images/product/8b164a5aa6590183a0e494a55c11bfec.256p.jpg,ATX Mid Tower,Black,Tempered Glass,1,None,37.2 L,4.5
MSI PANO 130R MLG EDITION,255.17,https://cdna.pcpartpicker.com/static/forever/images/product/8f9e580366ac2a16014860a066475024.256p.jpg,ATX Mid Tower,Red / Black,Tempered Glass,2,None,52.3 L,0
Antec C7 ARGB,99.5,,ATX Mid Tower,Black,Tempered Glass,2,None,58.9 L,5
Asus ROG Strix Helios EVA Edition,,https://cdna.pcpartpicker.com/static/forever/images/product/844657f777ef33a385cb12171a886cf2.256p.jpg,ATX Full Tower,Black / Multicolor,Tinted Tempered Glass,2,None,83.5 L,5
ADATA XPG VALOR AIR PLUS ARGB,65.43,https://cdna.pcpartpicker.com/static/forever/images/product/1efcb842dc6c42b8043cb64734df5f97.256p.jpg,ATX Mid Tower,Black,Tempered Glass,2,None,38.6 L,0
Jonsbo D31 MESH Screen,114.95,https://cdna.pcpartpicker.com/static/forever/images/product/c1cacedacb12ba9f58e2cecadf6fb732.256p.jpg,MicroATX Mini Tower,White,Tempered Glass,1,None,31.3 L,5
Fractal Design Meshify 2 RGB,149.99,https://cdna.pcpartpicker.com/static/forever/images/product/5b7d22b5a3a07cf827a62b1f648c715a.256p.jpg,ATX Mid Tower,White / Black,Tempered Glass,6,None,61.7 L,5
Thermaltake Core X9,,,ATX Desktop,Black,Acrylic,7,None,,5
Antec CX600M Wood ARGB,44.99,https://cdna.pcpartpicker.com/static/forever/images/product/f7d50f7a7e537bac92d705e2caf58da4.256p.jpg,MicroATX Mini Tower,Black / Brown,Tempered Glass,1,None,46.8 L,0
Thermaltake View 370 TG ARGB,74.98,https://cdna.pcpartpicker.com/static/forever/images/product/51addc5fe3e70e89dc7d997aff07e15d.256p.jpg,ATX Mid Tower,Black,Tempered Glass,0,None,55.4 L,0
Cooler Master MasterBox TD500 Mesh White w/ Controller,,https://cdna.pcpartpicker.com/static/forever/images/product/212cf1bdd68ed28c40799e5bc3548ad4.256p.jpg,ATX Mid Tower,White,Tempered Glass,2,None,,4.5
Silverstone PS16B,77.02,https://cdna.pcpartpicker.com/static/forever/images/product/3b3621d7bff2a3cc5bb8a0d5bd951b7a.256p.jpg,MicroATX Mini Tower,Black,None,3,None,,4
Thermaltake Ceres 300 TG ARGB,69.84,https://cdna.pcpartpicker.com/static/forever/images/product/d62c879ba363fc4323adbe7a4bb182aa.256p.jpg,ATX Mid Tower,White,Tempered Glass,1,None,53.9 L,4.5
Lian Li LANCOOL 205 Mesh,,https://cdna.pcpartpicker.com/static/forever/images/product/fd8afe624c4bd9eac82ed10deca79d6b.256p.jpg,ATX Mid Tower,Black,Tempered Glass,2,None,41.3 L,4
Fractal Design Torrent Compact,146.49,https://cdna.pcpartpicker.com/static/forever/images/product/f74e8b055b0575b46d29d2a65ef10aec.256p.jpg,ATX Mid Tower,White,Tempered Glass,1,None,46.7 L,5
Montech HS01,49.98,https://cdna.pcpartpicker.com/static/forever/images/product/84fe45a7999c08e021fd5f38a5e4bbe7.256p.jpg,ATX Mid Tower,Black,Tempered Glass,2,None,55.3 L,0
Thermaltake The Tower 300 Bumblebee,,https://cdna.pcpartpicker.com/static/forever/images/product/8e6b60de77cae9578a6df9805f6e0fbb.256p.jpg,MicroATX Mini Tower,Yellow / Black,Tempered Glass,3,None,53.0 L,4
Deepcool TESSERACT BF,,https://cdna.pcpartpicker.com/static/forever/images/product/ed69a83e8983e99b2f875c037f49a3b9.256p.jpg,ATX Mid Tower,Black / Blue,Acrylic,4,None,36.4 L,4
Montech AIR 1000 PREMIUM,144.4,https://cdna.pcpartpicker.com/static/forever/images/product/ce2b31469b4d7e134a2410ae6b42b011.256p.jpg,ATX Mid Tower,Black,Tempered Glass,2,None,45.3 L,4
Thermaltake View 600,99.98,https://cdna.pcpartpicker.com/static/forever/images/product/b13a20835d175de483dce58c719501f3.256p.jpg,ATX Mid Tower,Blue / Red,Tempered Glass,3,None,81.4 L,0
Cougar MX600 RGB,137.56,,ATX Full Tower,Black,Tempered Glass,1,None,57.8 L,0
Lian Li LANCOOL 205M,,https://cdna.pcpartpicker.com/static/forever/images/product/47206951707be328cd4de3b8afc7008c.256p.jpg,MicroATX Mid Tower,Black,Tempered Glass,2,None,,4.5
ENDORFY ARX 500 ARGB,79.9,https://cdna.pcpartpicker.com/static/forever/images/product/6a3cbe5d50288ce4f35f27c7223850e2.256p.jpg,ATX Mid Tower,Black,Tempered Glass,1,None,47.5 L,0
APNX Creator C1 ChromaFlair,49.99,https://cdna.pcpartpicker.com/static/forever/images/product/b6dad0a714d84b157e15b09129e9e840.256p.jpg,ATX Mid Tower,Purple / Blue,Tempered Glass,3,None,53.6 L,0
Corsair 5000T,107.99,https://cdna.pcpartpicker.com/static/forever/images/product/f1ec85c6ddded821072d8be38d7f6526.256p.jpg,ATX Mid Tower,Black,Tempered Glass,2,None,74.5 L,4
Corsair 2500X Walnut,163.94,https://cdna.pcpartpicker.com/static/forever/images/product/1cb7c330bdcb404a35cf602551f60e94.256p.jpg,MicroATX Mini Tower,Black / Brown,Tempered Glass,2,None,54.8 L,5
Thermaltake H200 TG RGB,,https://cdna.pcpartpicker.com/static/forever/images/product/bbcc56b4b9e85efeaebd42fe91c753aa.256p.jpg,ATX Mid Tower,Black,Tempered Glass,2,None,39.7 L,3.5
HYTE Y70 Firefly Edition,,https://cdna.pcpartpicker.com/static/forever/images/product/5621c979ccc716878bd12d3b6add3f6a.256p.jpg,ATX Mid Tower,Green / Silver,Tempered Glass,2,None,70.7 L,0
Fractal Design Core 1000,,,MicroATX Mini Tower,Black,None,2,None,26.1 L,3.5
Fractal Design Era ITX,,https://cdna.pcpartpicker.com/static/forever/images/product/55d17f3730a3fb119563f0ffafcbac5f.256p.jpg,Mini ITX Desktop,Silver,Tinted Tempered Glass,1,None,16.7 L,4
Lian Li LANCOOL 206,74.99,,ATX Mid Tower,White,Tempered Glass,3,None,49.6 L,0
NZXT H710,,https://cdna.pcpartpicker.com/static/forever/images/product/ca75f5b13107e4a28b6e6919b42f8e39.256p.jpg,ATX Mid Tower,Black,Tempered Glass,4,None,58.6 L,4.5
Phanteks Eclipse P400A Digital,,https://cdna.pcpartpicker.com/static/forever/images/product/b11dd409015fa37679b6a1bbcafa278f.256p.jpg,ATX Mid Tower,Black,Tempered Glass,2,None,45.9 L,4.5
ARCTIC Xtender Mirror,161.18,https://cdna.pcpartpicker.com/static/forever/images/product/a43aac885f460442254ef6f2518fe512.256p.jpg,ATX Mid Tower,Black,Tempered Glass,1,None,64.6 L,0
Antec DF700 FLUX,,https://cdna.pcpartpicker.com/static/forever/images/product/b309129ea091e6c768b8b7f984c8f616.256p.jpg,ATX Mid Tower,Black,Tempered Glass,3,None,49.9 L,4.5
ENDORFY Regnum 400 ARGB,81.27,https://cdna.pcpartpicker.com/static/forever/images/product/494bc388121416ffdb0b6f6a4668c5d6.256p.jpg,ATX Mid Tower,Black,Tempered Glass,2,None,45.9 L,5
Aerocool P300C,,https://cdna.pcpartpicker.com/static/forever/images/product/349a2f88a7698ed669f9078fd188413b.256p.jpg,MicroATX Mini Tower,Black,Tempered Glass,2,None,49.8 L,0
Thermaltake CTE T500 Air,154.58,https://cdna.pcpartpicker.com/static/forever/images/product/d5224dba1d8abbb0cd5588fcf1cab323.256p.jpg,ATX Full Tower,White,Tempered Glass,4,None,87.3 L,0
be quiet! Shadow Base 800 DX,139.99,https://cdna.pcpartpicker.com/static/forever/images/product/825bd1630709ed18ad5c4135aa4de2b9.256p.jpg,ATX Mid Tower,Black,Tempered Glass,2,None,70.9 L,5
Thermaltake View 270 Plus WS TG ARGB,70.47,https://cdna.pcpartpicker.com/static/forever/images/product/5557547f2c50c49f5c72506a3f391a1c.256p.jpg,ATX Mid Tower,White / Brown,Tempered Glass,2,None,47.6 L,0
Thermaltake Core P3 TG Pro,,https://cdna.pcpartpicker.com/static/forever/images/product/52913f2044fff01ae60525b954f28f49.256p.jpg,ATX Mid Tower,,Tempered Glass,4,None,71.7 L,4
ENDORFY ARX 500 Air,103.99,https://cdna.pcpartpicker.com/static/forever/images/product/ad82ef99b5d78a3625f05f4e9202872b.256p.jpg,ATX Mid Tower,Black,Tempered Glass,1,None,47.5 L,0
Phanteks Eclipse P500A,,https://cdna.pcpartpicker.com/static/forever/images/product/d6bcee0023610830579746d8c18f1bff.256p.jpg,ATX Mid Tower,Black,Tempered Glass,2,None,,4.5
Thermaltake TR300 WS,75.46,https://cdna.pcpartpicker.com/static/forever/images/product/c61611a6d3cb9a0a9bf731fb843b5373.256p.jpg,ATX Mid Tower,Black / Brown,Tempered Glass,2,None,40.1 L,0
Silverstone FARA 313 Type-C,,,MicroATX Mid Tower,Black,None,3,None,26.7 L,0
Asus A23 PLUS,99.9,https://cdna.pcpartpicker.com/static/forever/images/product/5b2ccb0cf9c73a85fc5d112e646a7b17.256p.jpg,MicroATX Mid Tower,Black,Tempered Glass,2,None,47.4 L,0
Thermaltake Versa H25,,https://cdna.pcpartpicker.com/static/forever/images/product/8f056bfc6d92a3be0c3f1687225658a4.256p.jpg,ATX Mid Tower,Black,None,3,None,42.6 L,4
Asus TUF Gaming GT502 Plus,165.37,https://cdna.pcpartpicker.com/static/forever/images/product/504e1ea6c344b5a6cd33d539fc154aef.256p.jpg,ATX Mid Tower,Black,Tempered Glass,4,None,57.2 L,5
Gigabyte AORUS C500 GLASS,,https://cdna.pcpartpicker.com/static/forever/images/product/6ededb50175bb10fb26b6f06067b3ba8.256p.jpg,ATX Mid Tower,Black,Tempered Glass,2,None,116.6 L,0
Thermaltake S200 TG ARGB,,https://cdna.pcpartpicker.com/static/forever/images/product/794585a382141e80d88cbffcff8f8e31.256p.jpg,ATX Mid Tower,Black,Tempered Glass,2,None,38.2 L,4
Fractal Design Meshify 2 Compact TG Dark Tint,116.59,https://cdna.pcpartpicker.com/static/forever/images/product/294a21d464cbb7e44e5403b320a09fdc.256p.jpg,ATX Mid Tower,Black,Tinted Tempered Glass,2,None,42.3 L,4.5
Deepcool CH360 DIGITAL,63.99,https://cdna.pcpartpicker.com/static/forever/images/product/7d5d2afc1c4586fa3b6ecd36ecadd36a.256p.jpg,MicroATX Mid Tower,Black,Tempered Glass,2,None,39.7 L,0
BitFenix Nova Mesh M ARGB,,https://cdna.pcpartpicker.com/static/forever/images/product/5d37abde46573441b53d2e1e38730175.256p.jpg,MicroATX Mini Tower,Black,Tempered Glass,2,None,31.6 L,4
MSI MAG PANO 100L PZ,,https://cdna.pcpartpicker.com/static/forever/images/product/6d1541815953fea73b1306186ac7ba98.256p.jpg,ATX Mid Tower,Black,Tempered Glass,2,None,72.5 L,5
MSI MPG GUNGNIR 300P AIRFLOW,178.22,https://cdna.pcpartpicker.com/static/forever/images/product/384ec898661f9ebf64510990bd254267.256p.jpg,ATX Mid Tower,Black,Tempered Glass,2,None,60.5 L,5
Antec Dark Phantom DP301M,,https://cdna.pcpartpicker.com/static/forever/images/product/f7c4305b0916aca5300958d8cb37ae2d.256p.jpg,MicroATX Mid Tower,Black,Acrylic,2,None,,4.5
Gigabyte AORUS C700,350.5,https://cdna.pcpartpicker.com/static/forever/images/product/137d4f81c70a18a1ada66be2157e4fd7.256p.jpg,ATX Full Tower,Black,Tempered Glass,4,None,144.2 L,0
Cooler Master MasterBox MB511 ARGB,,https://cdna.pcpartpicker.com/static/forever/images/product/794b75b9c9ee1db821a1c2c4643920a1.256p.jpg,ATX Mid Tower,Black,Tempered Glass,2,None,,4.5
Lian Li LANCOOL 205,,,ATX Mid Tower,Black,Tempered Glass,2,None,,4.5
Silverstone Sugo SG11,,https://cdna.pcpartpicker.com/static/forever/images/product/0db2780004467151bc9d52f11b27c949.256p.jpg,MicroATX Mini Tower,Black,None,3,None,,4.5
Silverstone SUGO 17,229,https://cdna.pcpartpicker.com/static/forever/images/product/f02f52ddb291c5ed24b0253bd6b5375a.256p.jpg,MicroATX Desktop,Black,Mesh,1,None,26.1 L,0
Antec CX700 RGB ELITE,63.98,https://cdna.pcpartpicker.com/static/forever/images/product/9b396778a01433f15f510901d42d29eb.256p.jpg,ATX Mid Tower,White,Tempered Glass,2,None,44.5 L,0
Thermaltake AX500,139.99,https://cdna.pcpartpicker.com/static/forever/images/product/d0a11d5bec8503456fea1b2dfa5bf4e4.256p.jpg,ATX Full Tower,Black,Tempered Glass,5,None,74.7 L,0
Fractal Design Ridge PCIe 3.0,,https://cdna.pcpartpicker.com/static/forever/images/product/bdfe51793699c9f08ce3363430bd0a35.256p.jpg,Mini ITX Tower,Black,Mesh,0,None,16.3 L,4.5
Thermaltake CTE E550,268.24,https://cdna.pcpartpicker.com/static/forever/images/product/66931e7e012bf4c3a16cb9fec03cb2bc.256p.jpg,ATX Mid Tower,Orange,Tempered Glass,3,None,77.4 L,5
Fractal Design Torrent Nano,,https://cdna.pcpartpicker.com/static/forever/images/product/9f37d558c7885a65b7574fe655f4080d.256p.jpg,Mini ITX Tower,Black,None,1,None,34.6 L,0
Antec P20C,147.79,https://cdna.pcpartpicker.com/static/forever/images/product/0d9819c2693c6dfeb8627471352b9eb5.256p.jpg,ATX Mid Tower,Black,Tempered Glass,2,None,50.6 L,4.5
Thermaltake Ceres 350 MX,120.32,https://cdna.pcpartpicker.com/static/forever/images/product/46a96baded51e32d619398dbc2b53233.256p.jpg,ATX Mid Tower,Pink,Tempered Glass,1,None,52.5 L,0
Thermaltake V200 RGB,,,ATX Mid Tower,Black,Tempered Glass,2,None,,3.5
Thermaltake S370 WS,75.46,https://cdna.pcpartpicker.com/static/forever/images/product/eb543d3da16eae278bb239c3ad68f25c.256p.jpg,ATX Mid Tower,Black,Tempered Glass,4,None,57.9 L,0
Deepcool CH360,,https://cdna.pcpartpicker.com/static/forever/images/product/970371027f050677445343c908428d54.256p.jpg,MicroATX Mid Tower,White,Tempered Glass,2,None,39.7 L,0
CiT DS360,57.94,https://cdna.pcpartpicker.com/static/forever/images/product/0a54eaab75d140c7ea7bdd237fde16c4.256p.jpg,ATX Mid Tower,Black,Tempered Glass,0,None,52.1 L,0
Cougar Uniface Mini,,,MicroATX Mini Tower,Black,Tempered Glass,2,None,34.6 L,5
Thermaltake Core P3 TG Snow Edition,,,ATX Mid Tower,White,Tempered Glass,2,None,80.1 L,4
MSI MPG GUNGNIR 111R,,https://cdna.pcpartpicker.com/static/forever/images/product/62eb18a23eb09c01f25418f33975ce7c.256p.jpg,ATX Mid Tower,Black,Tempered Glass,2,None,44.4 L,5
HYTE Hoshimachi Suisei Y70,,https://cdna.pcpartpicker.com/static/forever/images/product/b7bbeda87dcfa2a5969521deccfc6825.256p.jpg,ATX Mid Tower,Blue / Black,Tempered Glass,2,None,70.7 L,5
Asus A23 Hatsune Miku Edition,,https://cdna.pcpartpicker.com/static/forever/images/product/04f304c412f2e4c3c255341423a80b94.256p.jpg,MicroATX Mini Tower,White / Teal,Tempered Glass,2,None,47.4 L,0
Zalman S4 Plus,73.94,https://cdna.pcpartpicker.com/static/forever/images/product/a1118ca1b06f85905bead9f4bcc8b486.256p.jpg,ATX Mid Tower,Black,Tinted Acrylic,2,None,,4
BitFenix Nova Mesh SE,82.56,https://cdna.pcpartpicker.com/static/forever/images/product/f550ada2c229dd7ee844ba64145d6004.256p.jpg,ATX Mid Tower,Black,Tempered Glass,2,None,36.1 L,4.5
Thermaltake AH T600 Snow,,https://cdna.pcpartpicker.com/static/forever/images/product/75c300e7c255c1c7b86ef66d395b4ed2.256p.jpg,ATX Full Tower,White / Black,Tempered Glass,2,None,161.6 L,0
Thermaltake V250 TG ARGB,,https://cdna.pcpartpicker.com/static/forever/images/product/643860f47f4275067f8b31f3cafe7b1c.256p.jpg,ATX Mid Tower,Black,Tempered Glass,2,None,,4
Cooler Master HAF 932,,https://cdna.pcpartpicker.com/static/forever/images/product/a2525878700ae3c371dae8b519104329.med.256p.jpg,ATX Full Tower,Black,Acrylic,5,None,76.7 L,4.5
Thermaltake H200 TG Snow RGB Light Strip,,,ATX Mid Tower,White,Tempered Glass,2,None,39.7 L,4
Lian Li LANCOOL II-W,,https://cdna.pcpartpicker.com/static/forever/images/product/7dda156f85bae5be7ad43265defee37f.256p.jpg,ATX Mid Tower,White / Black,Tempered Glass,3,None,,4.5
Thermaltake Versa C22 RGB,,https://cdna.pcpartpicker.com/static/forever/images/product/b18a1ebf1aed839038b05d4e4b9218f9.256p.jpg,ATX Mid Tower,Black,Acrylic,2,None,52.2 L,0
Cooler Master MasterBox 520 Mesh,107,https://cdna.pcpartpicker.com/static/forever/images/product/ca8a0677d21b4dbf66b845fd32f43f66.256p.jpg,ATX Mid Tower,Black / White,Tempered Glass,2,None,52.5 L,3
Cooler Master QUBE 500 Flatpack Macaron Edition,,https://cdna.pcpartpicker.com/static/forever/images/product/e2c67ff852fe452c64ca5ed37ab444e6.256p.jpg,ATX Mid Tower,Multicolor,Tempered Glass,4,None,38.9 L,4.5
HYTE Mori Calliope Y40,,https://cdna.pcpartpicker.com/static/forever/images/product/b24f4dca8f013840a2cca53867ca732e.256p.jpg,ATX Mid Tower,Black / Red,Tempered Glass,1,None,49.7 L,5
Silverstone FARA 513 Type-C,199.86,https://cdna.pcpartpicker.com/static/forever/images/product/b25213c32f44155ee0cd567a4147c8df.256p.jpg,ATX Mid Tower,Black,None,2,None,44.6 L,0
Deepcool CH510,,https://cdna.pcpartpicker.com/static/forever/images/product/dd29d75a0109160516cb58231ad067bb.256p.jpg,ATX Mid Tower,Black,Tempered Glass,2,None,47.1 L,5
Phanteks Enthoo Pro M TG,,https://cdna.pcpartpicker.com/static/forever/images/product/96e46cd7abdf88e5fd2d5ac8aa0fff36.256p.jpg,ATX Mid Tower,Black,Tinted Tempered Glass,2,None,56.4 L,4.5
Silverstone FARA R1 PRO V2,,https://cdna.pcpartpicker.com/static/forever/images/product/fe4d992f9695f8b06e1ae6df5496c3f3.256p.jpg,ATX Mid Tower,White,Tempered Glass,2,None,40.1 L,0
Thermaltake The Tower 200 Bumblebee,,https://cdna.pcpartpicker.com/static/forever/images/product/432269c9c9c9fb2d23f1d2a5acfe2951.256p.jpg,Mini ITX Tower,Yellow / Black,Tempered Glass,2,None,45.1 L,0
HYTE Metaphor: ReFantazio Y70,561.77,,ATX Mid Tower,Brown / Gold,Tempered Glass,2,None,70.7 L,0
Antec CX500M RGB,70.02,https://cdna.pcpartpicker.com/static/forever/images/product/30da1557e18bea196ea786afa32ae081.256p.jpg,MicroATX Mini Tower,White,Tempered Glass,2,None,40.8 L,5
Phanteks Enthoo Pro,,https://cdna.pcpartpicker.com/static/forever/images/product/3396f44ff314e3730335c18878e7c128.256p.jpg,ATX Full Tower,White,Acrylic,6,None,68.6 L,4.5
Cooler Master MasterBox TD500 ARGB,,https://cdna.pcpartpicker.com/static/forever/images/product/dace1696de22e925ae590011214e0655.256p.jpg,ATX Mid Tower,Black,Tempered Glass,2,None,50.1 L,5
Silverstone ALTA G1M,228.97,https://cdna.pcpartpicker.com/static/forever/images/product/6c1f9ae9a28f1cadc63bffed9584457d.256p.jpg,MicroATX Mid Tower,White,None,4,None,,0
Silverstone SETA H2M,174.89,,MicroATX Mid Tower,Black,Mesh,4,None,46.8 L,0
Corsair 2500X Bamboo,149.99,https://cdna.pcpartpicker.com/static/forever/images/product/81830a4d32713ea61c1f7b802c3c093a.256p.jpg,MicroATX Mini Tower,White / Brown,Tempered Glass,2,None,54.8 L,0
Deepcool CC560 ARGB,,https://cdna.pcpartpicker.com/static/forever/images/product/f6738119669f93b0b9471063ae22c01c.256p.jpg,ATX Mid Tower,Black,Tempered Glass,2,None,41.7 L,4
Corsair 3500X CALL OF DUTY BLACK OPS 6 EDITION,,https://cdna.pcpartpicker.com/static/forever/images/product/412f5abeb2ec37748139760ed7201054.256p.jpg,ATX Mid Tower,Black / Orange,Tempered Glass,2,None,55.9 L,0
Zalman T7,146.93,https://cdna.pcpartpicker.com/static/forever/images/product/4b3b7ebd9b0aa85c09d52e5901109309.256p.jpg,ATX Mid Tower,Black,Tinted Acrylic,2,None,34.0 L,1
Cooler Master HAF 912,,https://cdna.pcpartpicker.com/static/forever/images/product/fe2e2a415d17ed774cb0223c101658d5.med.256p.jpg,ATX Mid Tower,Black,None,6,None,54.9 L,0
Cooler Master Cosmos II,,https://cdna.pcpartpicker.com/static/forever/images/product/621c8d4313e40c6e23cf8a32b9f6577f.256p.jpg,ATX Full Tower,Black,None,13,None,160.8 L,4
MSI MAG VAMPIRIC 010,,https://cdna.pcpartpicker.com/static/forever/images/product/e763c1e73c9c3d044380ce0d110860f0.256p.jpg,ATX Mid Tower,Black,Tempered Glass,2,None,41.9 L,4
Armoury C802,,,ATX Mid Tower,Black,Tempered Glass,2,None,51.4 L,3
Cougar Airface Pure RGB,,https://cdna.pcpartpicker.com/static/forever/images/product/f2ef4d0fded877ddd275dc846f8f3bb5.256p.jpg,ATX Mid Tower,Black,Tempered Glass,2,None,38.0 L,0
Cougar Uniface RGB,61.16,https://cdna.pcpartpicker.com/static/forever/images/product/74e612397ebd2f0e675eac9db37e9706.256p.jpg,ATX Mid Tower,Black,Tempered Glass,2,None,53.9 L,0
Fractal Design Focus G Mini,,https://cdna.pcpartpicker.com/static/forever/images/product/f4251340d913aa4214fc6f6e0767839c.256p.jpg,MicroATX Mini Tower,Black,Acrylic,2,None,36.4 L,4
Fractal Design Meshify 2 Compact White TG Clear Tint,110.61,https://cdna.pcpartpicker.com/static/forever/images/product/747683ff402e9076609f9a4ee5e64d6e.256p.jpg,ATX Mid Tower,White / Black,Tempered Glass,2,None,42.3 L,4.5
HYTE Persona 3 Reload Y60,,https://cdna.pcpartpicker.com/static/forever/images/product/ecafc35ab5a05b1c75b18b1c2dc78abf.256p.jpg,ATX Mid Tower,Black / Blue,Tempered Glass,2,None,60.0 L,0
Cougar MX360 RGB,53.99,https://cdna.pcpartpicker.com/static/forever/images/product/67bf40372a34b8adfb01f6c23096f7ec.256p.jpg,ATX Mid Tower,Black,Tempered Glass,2,None,36.5 L,0
Phanteks Evolv X,214.99,https://cdna.pcpartpicker.com/static/forever/images/product/e31d4076cb36669cf6754670d0fccefc.256p.jpg,ATX Mid Tower,Black,Tinted Tempered Glass,4,None,64.9 L,4.5
SHARKOON Rebel C50 RGB,,https://cdna.pcpartpicker.com/static/forever/images/product/18fedcdbe71bc5fcf991d687147b309b.256p.jpg,ATX Mid Tower,Black,Tempered Glass,3,None,52.4 L,0
NZXT H7,,https://cdna.pcpartpicker.com/static/forever/images/product/9ca020f99f8d7f9e24958c13928bab0d.256p.jpg,ATX Mid Tower,Black,Tempered Glass,2,None,55.8 L,4
Cooler Master Cosmos C700M,,https://cdna.pcpartpicker.com/static/forever/images/product/1181299463d46600b7915b6135c4e6a7.256p.jpg,ATX Full Tower,Silver / Black,Tempered Glass,4,None,,4.5
Antec DF600 FLUX,,https://cdna.pcpartpicker.com/static/forever/images/product/fb876364f70de5d628ebc001a609f380.256p.jpg,ATX Mid Tower,Black,Tempered Glass,3,None,,4
ENDORFY Fishtank 6000 Corona,139.13,,ATX Mid Tower,Black,Tempered Glass,2,None,55.3 L,0
Lian Li O11D-PCMR,,https://cdna.pcpartpicker.com/static/forever/images/product/a3397188ad0abbeec9f7ece9b770d9f6.256p.jpg,ATX Full Tower,Black,Tinted Tempered Glass,3,None,54.0 L,5
Cooler Master MasterBox MB400L,,https://cdna.pcpartpicker.com/static/forever/images/product/5287f037ed4b9ac6ab4dc33ebac8dd9d.256p.jpg,MicroATX Mini Tower,Black,None,2,None,35.4 L,0
Thermaltake AH T600,,https://cdna.pcpartpicker.com/static/forever/images/product/646fa5735aa2d231b1eb07f7f1bbe3c6.256p.jpg,ATX Full Tower,Black,Tempered Glass,2,None,161.6 L,3
Lian Li Lancool II Mesh C Performance,,https://cdna.pcpartpicker.com/static/forever/images/product/c64d352ff9b0f68b5582877e87cccd90.256p.jpg,ATX Mid Tower,Black,Tempered Glass,3,None,54.1 L,5
Montech Heritage,78.98,https://cdna.pcpartpicker.com/static/forever/images/product/86e38df29e65e6aeedf8108917635758.256p.jpg,MicroATX Mid Tower,White,Tempered Glass,1,None,41.5 L,0
Thermaltake View 290 TG ARGB,65.47,https://cdna.pcpartpicker.com/static/forever/images/product/a7e6e63102d520453ad715ba0a11356b.256p.jpg,ATX Mid Tower,Black,Tempered Glass,2,None,57.4 L,4
Thermaltake Core P6,259.21,https://cdna.pcpartpicker.com/static/forever/images/product/88d5006cb07d16bef8562d940f8f510f.256p.jpg,ATX Mid Tower,Black,Tempered Glass,4,None,76.4 L,5
Ocypus Gamma C70 ARGB,,,ATX Mid Tower,Black,Tempered Glass,2,None,40.3 L,0
Thermaltake TR300,95.47,https://cdna.pcpartpicker.com/static/forever/images/product/5411151bf289b6f6bb8b45fd8bebc717.256p.jpg,ATX Mid Tower,Black,Tempered Glass,2,None,40.1 L,0
SHARKOON Rebel C50,94.99,https://cdna.pcpartpicker.com/static/forever/images/product/a9c009777b77b530247473615df52b08.256p.jpg,ATX Mid Tower,Black,Mesh,3,None,52.4 L,0
Antec P20CE,73.94,https://cdna.pcpartpicker.com/static/forever/images/product/f86d34d836c2420b23d779e082ef2ec6.256p.jpg,ATX Mid Tower,Black,None,2,None,50.6 L,0
Deepcool CH780,124.94,https://cdna.pcpartpicker.com/static/forever/images/product/c301b0458a734f912c0915c554df7b54.256p.jpg,ATX Full Tower,Black,Tempered Glass,2,None,72.7 L,4
Corsair iCUE 5000X RGB QL Edition,287.99,https://cdna.pcpartpicker.com/static/forever/images/product/3c5e713c477572a5cbf960ed46054eb9.256p.jpg,ATX Mid Tower,White,Tempered Glass,2,None,66.2 L,5
Cooler Master MasterBox TD500 Mesh w/ Controller,,https://cdna.pcpartpicker.com/static/forever/images/product/351a1f0a7e65a3513b198dbcdcacf1d8.256p.jpg,ATX Mid Tower,Black,Tempered Glass,2,None,,4.5
Silverstone CS351,184.99,https://cdna.pcpartpicker.com/static/forever/images/product/e75fde5c5eef2231effdec030c0ed202.256p.jpg,MicroATX Desktop,Black,None,2,None,22.8 L,0
SHARKOON Rebel C70G RGB,191.99,,ATX Mid Tower,Brown / Black,Tempered Glass,3,None,54.5 L,5
Thermaltake Core G3,,https://cdna.pcpartpicker.com/static/forever/images/product/bf6f342285b42a5d62992701c1f4b287.256p.jpg,ATX Mid Tower,Black,Acrylic,2,None,23.6 L,4
FSP Group CUT593A,88.99,https://cdna.pcpartpicker.com/static/forever/images/product/90fd3d02fcec15a029febfddf27c1f9d.256p.jpg,ATX Full Tower,Black,Tempered Glass,3,None,62.6 L,5
Zalman CHRONIX,85.65,https://cdna.pcpartpicker.com/static/forever/images/product/c877358e1cce8b8c017fb4374ee49a94.256p.jpg,ATX Mid Tower,Black,Tempered Glass,2,None,45.7 L,0
Cooler Master N300,,https://cdna.pcpartpicker.com/static/forever/images/product/bbbf5430d52c6411006307ff04b0fb79.256p.jpg,ATX Mid Tower,Black,None,7,None,39.5 L,4
PC Cooler CPS C3D310 ARGB,39.95,,MicroATX Mid Tower,White,Tempered Glass,2,None,36.6 L,0
MagniumGear NEO QUBE 2,59.99,https://cdna.pcpartpicker.com/static/forever/images/product/2e5634c9a6b7ce2025f5c575f3238ec8.256p.jpg,ATX Mid Tower,Black,Tempered Glass,2,None,55.9 L,5
Thermaltake View 71 TG Snow,,https://cdna.pcpartpicker.com/static/forever/images/product/2e7ce7db8491f2255c1c3093c036f02f.256p.jpg,ATX Full Tower,White,Acrylic,4,None,,4.5
Silverstone FARA 313,75.95,https://cdna.pcpartpicker.com/static/forever/images/product/6f0553176d3c1463b4f6f4e42f790c22.256p.jpg,MicroATX Mid Tower,Black,None,3,None,26.7 L,0
Antec NX500M ARGB,,https://cdna.pcpartpicker.com/static/forever/images/product/d855208c4ccc083896893b39d4e5f80a.256p.jpg,MicroATX Mini Tower,Black,Tempered Glass,2,None,34.6 L,0
Corsair 5000D CORE AIRFLOW,86.09,https://cdna.pcpartpicker.com/static/forever/images/product/8946d0a0bdd5ad1bc0d676a983b53bf4.256p.jpg,ATX Mid Tower,White,Tempered Glass,2,None,66.2 L,0
Thermaltake Level 20 VT,,https://cdna.pcpartpicker.com/static/forever/images/product/2ec40a999717d2d4d17c5ff8751f189e.256p.jpg,MicroATX Desktop,Black / Silver,Tempered Glass,3,None,49.4 L,4
Cooler Master MasterBox Q300L TUF Gaming Edition,,https://cdna.pcpartpicker.com/static/forever/images/product/904024e2b0f583bc5fdb74523f370468.256p.jpg,MicroATX Mini Tower,Black / Gold,Acrylic,1,None,33.6 L,4
Thermaltake Level 20 MT,,https://cdna.pcpartpicker.com/static/forever/images/product/aa853f7086d1eec2c2824fa836cc887b.256p.jpg,ATX Mid Tower,Black,Tempered Glass,2,None,43.7 L,4
Gigabyte AORUS C300,153.54,https://cdna.pcpartpicker.com/static/forever/images/product/e45e63bb97e5e7b68e3c89d9ab092628.256p.jpg,ATX Mid Tower,Black,Tinted Tempered Glass,2,None,,4
ADATA XPG STARKER AIR,63.59,,ATX Mid Tower,Black,Tempered Glass,2,None,40.0 L,0
NZXT H700i,,https://cdna.pcpartpicker.com/static/forever/images/product/1154f13c057ec6b621d72baf19667f0a.256p.jpg,ATX Mid Tower,Black / White,Tempered Glass,2,None,58.6 L,4
Cooler Master MasterBox NR400 (w/ODD),,https://cdna.pcpartpicker.com/static/forever/images/product/a7bd7d10acb760185edc71759c9b55bf.256p.jpg,MicroATX Mid Tower,Black,Tempered Glass,4,None,35.5 L,4
HYTE Watson Amelia Y40,,https://cdna.pcpartpicker.com/static/forever/images/product/8b52b989283efe12579a57baebc20312.256p.jpg,ATX Mid Tower,Gold / Black,Tempered Glass,1,None,49.7 L,5
Antec P10 FLUX,,https://cdna.pcpartpicker.com/static/forever/images/product/75a78a7f1727db107e2d2a2011b871bc.256p.jpg,ATX Mid Tower,Black,None,3,None,,5
FSP Group CUT593P,113.18,https://cdna.pcpartpicker.com/static/forever/images/product/7bd4a863049092255753fab16acb276d.256p.jpg,ATX Full Tower,Black,Tempered Glass,3,None,62.6 L,0
Thermaltake View 51 ARGB Edition,208.02,https://cdna.pcpartpicker.com/static/forever/images/product/f342bd8fd1a5a474997e69d285719f92.256p.jpg,ATX Full Tower,Black,Tempered Glass,2,None,91.0 L,4.5
ENDORFY Regnum 400 Air,100.79,https://cdna.pcpartpicker.com/static/forever/images/product/e7692393c8ce60de797232e20db712ae.256p.jpg,ATX Mid Tower,Black,Tempered Glass,2,None,45.9 L,0
Cougar Airface Pure Pro,103.99,,ATX Mid Tower,Black,Tempered Glass,2,None,38.0 L,0
MSI MPG Sekira 100R,,https://cdna.pcpartpicker.com/static/forever/images/product/c0481ee13b62354f45ed3d0f10ec46be.256p.jpg,ATX Mid Tower,Black,Tinted Tempered Glass,2,None,42.9 L,4.5
Deepcool MORPHEUS,93.93,https://cdna.pcpartpicker.com/static/forever/images/product/7f5a1a5355f6b56da7ec681767ac1ef2.256p.jpg,ATX Full Tower,White,Tempered Glass,2,None,72.7 L,0
Cooler Master HAF 932 Advanced,,,ATX Full Tower,Black,Acrylic,5,None,71.7 L,4.5
Cooler Master HAF 912 New,,,ATX Mid Tower,Black,None,6,None,,4
Gigabyte C301 GLASS V2,,https://cdna.pcpartpicker.com/static/forever/images/product/290a6ff62c955308ad8ceb7f15b7485e.256p.jpg,ATX Mid Tower,Black,Tempered Glass,2,None,50.6 L,0
Lian Li LANCOOL 216 RGB w/Controller,,,ATX Mid Tower,Black,Tinted Tempered Glass,2,None,55.6 L,4.5
Antec CX800 RGB ELITE,,https://cdna.pcpartpicker.com/static/forever/images/product/866a94be20025e6ad873ddf86e121031.256p.jpg,ATX Mid Tower,Black,Tempered Glass,2,None,51.2 L,0
NZXT H7 Flow RGB (2023),,https://cdna.pcpartpicker.com/static/forever/images/product/4fab9fe893e5e8477c0e416707eb1e12.256p.jpg,ATX Mid Tower,Black,Tempered Glass,2,None,55.8 L,4
Thermaltake Core P8 TG,181.49,https://cdna.pcpartpicker.com/static/forever/images/product/e8eda9287fd7bdba3b0952fd9567cccf.256p.jpg,ATX Full Tower,Black,Tempered Glass,3,None,107.4 L,4.5
Thermaltake The Tower 100 Snow,,https://cdna.pcpartpicker.com/static/forever/images/product/857cda69ee716377a731c7b0389f45a7.256p.jpg,Mini ITX Tower,White,Tempered Glass,2,None,32.7 L,4
Thermaltake Core P3 TG Pro Snow,205.96,https://cdna.pcpartpicker.com/static/forever/images/product/2636e418dd6912d9de0e3890595d3eb9.256p.jpg,ATX Mid Tower,,Tempered Glass,4,None,71.7 L,4.5
NZXT H700,,https://cdna.pcpartpicker.com/static/forever/images/product/bbbef44ccab9e20ff5888176a2822d0b.256p.jpg,ATX Mid Tower,Black,Tempered Glass,2,None,58.6 L,5
BitFenix NOVA MESH SE TG,,https://cdna.pcpartpicker.com/static/forever/images/product/e6d933ec0e10bb67b9ed1970e9da7ef9.256p.jpg,ATX Mid Tower,White / Black,Tempered Glass,2,None,36.1 L,4
Silverstone PS15,126.85,https://cdna.pcpartpicker.com/static/forever/images/product/06611fceace2c37446120fc0f15ef139.256p.jpg,MicroATX Mid Tower,Black,Tempered Glass,1,None,25.7 L,3.5
Zalman P30 AIR,73.65,https://cdna.pcpartpicker.com/static/forever/images/product/99984ba4f674ce2c5f6037e4c1ee0b66.256p.jpg,MicroATX Mini Tower,Black,Tempered Glass,2,None,44.6 L,0
Thermaltake View 270,45.46,https://cdna.pcpartpicker.com/static/forever/images/product/b3a8dd3dab2ee873dcc80c30dd1f4dba.256p.jpg,ATX Mid Tower,Black,Tempered Glass,2,None,47.6 L,5
Thermaltake H200 TG Snow RGB,,,ATX Mid Tower,White,Tempered Glass,2,None,39.7 L,3.5
Lian Li O11D XL-A,,https://cdna.pcpartpicker.com/static/forever/images/product/47b55829e2790a80f76d0c4a9aa0a269.256p.jpg,ATX Full Tower,Silver / Black,Tempered Glass,4,None,68.9 L,5
Lian Li Lancool 170M,,,MicroATX Mini Tower,Black,Tempered Glass,1,None,22.2 L,4
Cougar Uniface Mini RGB,,https://cdna.pcpartpicker.com/static/forever/images/product/e3b7b5bbd749df10a4a197a408c0fb10.256p.jpg,MicroATX Mini Tower,Black,Tempered Glass,2,None,34.6 L,0
ENDORFY Signum 300 Core,64.81,https://cdna.pcpartpicker.com/static/forever/images/product/c501f62c0f49670b4a47f53466beee56.256p.jpg,ATX Mid Tower,Black,Tempered Glass,2,None,39.9 L,0
Thermaltake View 380 WS ARGB,90.46,https://cdna.pcpartpicker.com/static/forever/images/product/1fb3c9d8e20564189fbb1401579f1866.256p.jpg,ATX Mid Tower,White / Brown,Tempered Glass,1,None,52.4 L,0
Thermaltake View 51 Snow ARGB Edition,,https://cdna.pcpartpicker.com/static/forever/images/product/79b13e4ad7fcd073566c710bf3b44643.256p.jpg,ATX Full Tower,White,Tempered Glass,2,None,91.0 L,4
Cougar OmnyX,137.99,https://cdna.pcpartpicker.com/static/forever/images/product/4ae98dc7fe3556e640313b1d6eaaa9e0.256p.jpg,ATX Mid Tower,Black,Tempered Glass,2,None,73.3 L,0
FSP Group CMT380,,https://cdna.pcpartpicker.com/static/forever/images/product/46c5ca1de10f68c896a45631ab8dabdf.256p.jpg,ATX Mid Tower,Black,Tempered Glass,2,None,45.5 L,0
Cooler Master HAF 932 AMD Limited Edition,,,ATX Full Tower,Black / Red,Acrylic,5,None,76.5 L,0
Thermaltake Level 20 XT,,https://cdna.pcpartpicker.com/static/forever/images/product/6408ef00771d6904ee1e0ba56d832048.256p.jpg,ATX Desktop,Black / Silver,Tempered Glass,6,None,126.4 L,0
Silverstone SETA A2,146.99,https://cdna.pcpartpicker.com/static/forever/images/product/ebab80e053c93e2b1acf323f9415f373.256p.jpg,ATX Mid Tower,Black,Tempered Glass,11,None,68.7 L,0
Jonsbo D41 STD,59.99,https://cdna.pcpartpicker.com/static/forever/images/product/aae428a3e77e1154328ccbfaa8255506.256p.jpg,ATX Mid Tower,White,Tempered Glass,2,None,35.4 L,0
Thermaltake Ceres 500,138.55,https://cdna.pcpartpicker.com/static/forever/images/product/77bd0116c61f4cfb4665b04af8ac4566.256p.jpg,ATX Mid Tower,Black,Tempered Glass,2,None,65.3 L,4.5
Thermaltake Divider 170 TG ARGB,,https://cdna.pcpartpicker.com/static/forever/images/product/309331adaaf8e510ca9d79ecc14d7178.256p.jpg,MicroATX Mid Tower,Black,Tempered Glass,2,None,36.5 L,5
Thermaltake Suppressor F1,,https://cdna.pcpartpicker.com/static/forever/images/product/bf11a205d0eaa8242d9c1d3287d9dd8c.256p.jpg,Mini ITX Desktop,Black,Acrylic,2,None,,4.5
Deepcool CK560,,https://cdna.pcpartpicker.com/static/forever/images/product/6a41085d835712d498664649d2d304ef.256p.jpg,ATX Mid Tower,Black,Tempered Glass,2,None,,4
Corsair Crystal Series 280X,,,MicroATX Mid Tower,White,Tempered Glass,2,None,,4
Corsair 5000D,101.75,https://cdna.pcpartpicker.com/static/forever/images/product/686a4d0e24dfd73e2d5ad0b24c0495eb.256p.jpg,ATX Mid Tower,White / Gray,Tempered Glass,2,None,66.2 L,5
Lian Li ODYSSEY X,287.88,https://cdna.pcpartpicker.com/static/forever/images/product/c158bba2b4a5e75faa8dc0e3af846ab9.256p.jpg,ATX Full Tower,Silver / Black,Tempered Glass,3,None,,4
Thermaltake CTE C700 TG ARGB,89.99,https://cdna.pcpartpicker.com/static/forever/images/product/4c958beffda2ba324d82d1e1f17433f0.256p.jpg,ATX Mid Tower,White,Tempered Glass,7,None,93.8 L,0
Fractal Design Meshify 2 Compact RGB,126.28,https://cdna.pcpartpicker.com/static/forever/images/product/c2fefc59f3f729734044bddb2fa2666d.256p.jpg,ATX Mid Tower,White,Tempered Glass,2,None,42.3 L,4.5
NZXT H7 Elite (2022),,https://cdna.pcpartpicker.com/static/forever/images/product/5f43d0e43700045fdf9938fa5bc8632f.256p.jpg,ATX Mid Tower,,Tempered Glass,2,None,55.8 L,4
Thermaltake Chaser MK-I,,,ATX Full Tower,Black,Acrylic,6,None,77.9 L,4.5
Silverstone Black Grandia GD01B-MXR-USB3.0,,,HTPC,Black,None,6,None,31.2 L,0
NZXT S340 Razer,,https://cdna.pcpartpicker.com/static/forever/images/product/183dbee7781d30afb97a8819a3564149.256p.jpg,ATX Mid Tower,Black / Green,Acrylic,3,None,38.4 L,4
Thermaltake Tower 900 Snow Edition,,,ATX Full Tower,White,Tempered Glass,6,None,153.6 L,4
Antec AX20 Elite,,,ATX Mid Tower,Black,Tempered Glass,2,None,33.4 L,0
Cooler Master Elite 302 Lite,,,MicroATX Mini Tower,Black,Tempered Glass,1,None,34.1 L,0
In Win A5,102.63,,ATX Mid Tower,Black,Tempered Glass,2,None,34.9 L,0
Thermaltake CTE E660 MX,161.49,https://cdna.pcpartpicker.com/static/forever/images/product/c7b065251cfee6a2ca8ee4a0ea9dece5.256p.jpg,ATX Mid Tower,Blue / White,Tempered Glass,3,None,77.4 L,0
Cooler Master Cosmos C700P Black Edition,,https://cdna.pcpartpicker.com/static/forever/images/product/2263c1478291772b81e84363835c8a5e.256p.jpg,ATX Full Tower,Black,Tempered Glass,2,None,127.3 L,0
Jonsbo MOD5,684.69,https://cdna.pcpartpicker.com/static/forever/images/product/60497e7e8b21b629d2ac0cca5cbe06b2.256p.jpg,ATX Mid Tower,White / Black,Tempered Glass,1,None,97.2 L,0
Thermaltake View 71 ARGB,,https://cdna.pcpartpicker.com/static/forever/images/product/267634684cd53c4d342068e2fa11c0ef.256p.jpg,ATX Full Tower,Black,Tempered Glass,4,None,,0
Fractal Design Meshify S2,,https://cdna.pcpartpicker.com/static/forever/images/product/e1e456d65ab4750412998ae5f9321f0c.256p.jpg,ATX Mid Tower,Black,Tinted Tempered Glass,3,None,58.3 L,4.5
Thermaltake Ceres 330 ARGB,124.23,https://cdna.pcpartpicker.com/static/forever/images/product/5241634344de8f0ff3856f08948e323c.256p.jpg,ATX Mid Tower,White,Tempered Glass,1,None,53.9 L,0
In Win ModFree Deluxe,408,,ATX Full Tower,Black,Tempered Glass,1,None,84.5 L,0
Cougar MX410 MESH-G RGB,77.98,https://cdna.pcpartpicker.com/static/forever/images/product/4eb3751e40d2273463f1178c814dec5e.256p.jpg,ATX Mid Tower,Black,Tempered Glass,2,None,36.3 L,4
Antec P101 Silent,,https://cdna.pcpartpicker.com/static/forever/images/product/313708dfbfe87fc3f8b938bbbbbbc902.256p.jpg,ATX Mid Tower,Black,None,8,None,,4.5
Thermaltake Versa N21,,https://cdna.pcpartpicker.com/static/forever/images/product/0e880ab3187d9fc986d6ad4cddbdbfc7.256p.jpg,ATX Mid Tower,White / Black,Acrylic,3,None,51.5 L,2.5
Cooler Master MasterBox TD500,,https://cdna.pcpartpicker.com/static/forever/images/product/67182e65c2d6b9d31605067eaac9717e.256p.jpg,ATX Mid Tower,Black,Acrylic,2,None,50.1 L,3.5
Jonsbo D31 STD Screen,114.89,https://cdna.pcpartpicker.com/static/forever/images/product/4b19dc5059b998581347510aefc3b962.256p.jpg,MicroATX Mini Tower,Black,Tempered Glass,1,None,31.3 L,0
In Win A3,85.27,,MicroATX Mini Tower,Black,Tempered Glass,2,None,29.9 L,4
MagniumGear NEO QUBE 2 Infinity Mirror,59.99,https://cdna.pcpartpicker.com/static/forever/images/product/967ac0e723691fb92ab911b8b7bab57a.256p.jpg,ATX Mid Tower,White,Tempered Glass,2,None,55.9 L,4.5
Thermaltake The Tower 500,,https://cdna.pcpartpicker.com/static/forever/images/product/1e376d474630864a5fff98c64bd85d8f.256p.jpg,ATX Mid Tower,White,Tempered Glass,8,None,93.9 L,4.5
Cougar Duoface RGB,76.98,https://cdna.pcpartpicker.com/static/forever/images/product/f486c9c25a957d54dc405a3671475ff0.256p.jpg,ATX Mid Tower,Black,Tempered Glass,2,None,43.6 L,4.5
Thermaltake Level 10 GT,,,ATX Full Tower,Black,Acrylic,5,None,97.2 L,4
Phanteks Enthoo Pro M,,,ATX Mid Tower,Black,Acrylic,2,None,56.4 L,4.5
Antec P120 Crystal,,https://cdna.pcpartpicker.com/static/forever/images/product/cb72368c6a0c06217b76526c5c02a2bf.256p.jpg,ATX Mid Tower,Black,Tempered Glass,2,None,,4
Phanteks Eclipse P200A DRGB,145.58,https://cdna.pcpartpicker.com/static/forever/images/product/f9b41d99fa5189d014fa4c7db2fd765e.256p.jpg,Mini ITX Tower,Black,Tempered Glass,0,None,29.9 L,4
MSI MPG GUNGNIR 110M,,https://cdna.pcpartpicker.com/static/forever/images/product/b76e56acc2a38876ff7c5c35dfccf396.256p.jpg,ATX Mid Tower,Black,Tempered Glass,2,None,41.6 L,0
Cooler Master MasterFrame 360 Panorama,179.96,https://cdna.pcpartpicker.com/static/forever/images/product/015b6ce51b03ad6824b8522d18faec1e.256p.jpg,ATX Mid Tower,Black,Tempered Glass,0,None,92.8 L,0
Thermaltake Core P1,,,Mini ITX Tower,Black,Tempered Glass,1,None,53.2 L,4.5
Cooler Master MasterBox K501L,,https://cdna.pcpartpicker.com/static/forever/images/product/b658ad578e28605048b76d43405b289f.256p.jpg,ATX Mid Tower,Black,Tempered Glass,2,None,,0
MSI MPG Sekira 500P,,,ATX Mid Tower,Black,Tempered Glass,6,None,67.1 L,4
Corsair iCUE 4000D RGB Airflow QL Edition,,https://cdna.pcpartpicker.com/static/forever/images/product/317c626025264debadfd2007c6be6c68.256p.jpg,ATX Mid Tower,White,Tempered Glass,2,None,48.6 L,5
Silverstone FARA H1M PRO,66.98,https://cdna.pcpartpicker.com/static/forever/images/product/28975fd8d6eb35f62329b75a2e46fb46.256p.jpg,MicroATX Mini Tower,Black,Tempered Glass,2,None,30.1 L,4.5
In Win ModFree Base,311,https://cdna.pcpartpicker.com/static/forever/images/product/078e2520691e848ee8f41b8fc4d14631.256p.jpg,ATX Full Tower,Black,Tempered Glass,1,None,57.2 L,0
Silverstone CS381B,432.45,https://cdna.pcpartpicker.com/static/forever/images/product/32ae6180be09e417ddf1c9b9aaf29276.256p.jpg,MicroATX Desktop,Black,None,0,None,,0
Cooler Master MasterBox 540,,https://cdna.pcpartpicker.com/static/forever/images/product/f84767dd49c397707d3bedecc2453b54.256p.jpg,ATX Mid Tower,Black,Tempered Glass,2,None,,0
SHARKOON Rebel C70M RGB,138.5,,ATX Mid Tower,Brown / Black,Mesh,3,None,54.5 L,0
Phanteks Eclipse P200A Performance,,https://cdna.pcpartpicker.com/static/forever/images/product/5359773f94ea3b4358629d0005476b3a.256p.jpg,Mini ITX Tower,Black,None,0,None,29.9 L,0
Cooler Master HAF X nVidia Edition,,,ATX Full Tower,Green / Black,Acrylic,5,None,76.2 L,0
Cooler Master MasterBox MB511 RGB,,https://cdna.pcpartpicker.com/static/forever/images/product/9198c9ed4806d4898c2f4c49a68ac225.256p.jpg,ATX Mid Tower,Black,Tempered Glass,2,None,,4.5
SilentiumPC Signum SG1X TG RGB,,https://cdna.pcpartpicker.com/static/forever/images/product/71a7a7976d56acbf91c57f86db79e3b8.256p.jpg,ATX Mid Tower,Black,Tempered Glass,2,None,39.9 L,4.5
MSI MAG VAMPIRIC 010X,,https://cdna.pcpartpicker.com/static/forever/images/product/76b683043af2b815f3b2102452bf3027.256p.jpg,ATX Mid Tower,Black,Tempered Glass,2,None,41.9 L,0
HYTE Y70 Silver Wolf,,,ATX Mid Tower,Black / Purple,Tempered Glass,2,None,70.7 L,0
Silverstone Precision PS15 RGB,,https://cdna.pcpartpicker.com/static/forever/images/product/8ba36126275f74c0460943476a5acd66.256p.jpg,MicroATX Mid Tower,Black,Tempered Glass,1,None,25.7 L,4
In Win A1 Plus,185,https://cdna.pcpartpicker.com/static/forever/images/product/eebba547d96766b895d89b1dbacf08e9.256p.jpg,Mini ITX Tower,White,Tempered Glass,0,650 W,21.8 L,4
Thermaltake Versa N24,,,ATX Mid Tower,Black,Acrylic,2,None,,4
ADATA XPG Battlecruiser,132.3,https://cdna.pcpartpicker.com/static/forever/images/product/e1816ad0af04d2d8fea21ebb1be99cf7.256p.jpg,ATX Mid Tower,Black,Tempered Glass,2,None,55.2 L,0
Thermaltake View 71 TG RGB Plus,,,ATX Full Tower,Black / Silver,Acrylic,4,None,,5
Cooler Master Cosmos C700P,,https://cdna.pcpartpicker.com/static/forever/images/product/c3f9ed3632b32848bc1226486a9b56b0.256p.jpg,ATX Full Tower,Black / Silver,Tempered Glass,2,None,127.3 L,5
Thermaltake S300 Tempered Glass Snow Edition,,https://cdna.pcpartpicker.com/static/forever/images/product/ff9b8953231218c981d298a23dee2d8d.256p.jpg,ATX Mid Tower,White,Tempered Glass,2,None,,5
SilentiumPC Signum SG1 TG,,https://cdna.pcpartpicker.com/static/forever/images/product/100fb6bc4fd91d23aec952b1f9dfad90.256p.jpg,ATX Mid Tower,Black,Tempered Glass,2,None,,0
Cooler Master MasterBox K501L RGB,137.52,https://cdna.pcpartpicker.com/static/forever/images/product/a249b58ced2a188d47e96f70cba1ff24.256p.jpg,ATX Mid Tower,Black,Tempered Glass,2,None,,1
HYTE Y60 Ouro Kronii,,https://cdna.pcpartpicker.com/static/forever/images/product/aa889d28a03e9cfcac8ade5fde5946f6.256p.jpg,ATX Mid Tower,White / Gold,Tempered Glass,2,None,60.0 L,4
MSI MPG GUNGNIR 120R,,https://cdna.pcpartpicker.com/static/forever/images/product/de4af6bcf830b3e28f7247063e1f3e01.256p.jpg,ATX Mid Tower,Black,Tempered Glass,2,None,45.5 L,0
Cougar Airface RGB,,https://cdna.pcpartpicker.com/static/forever/images/product/5330049d23eb1d72cec30e1908a99095.256p.jpg,ATX Mid Tower,Black,Tempered Glass,2,None,43.6 L,0
ADATA XPG VALOR AIR NANO,,,MicroATX Mini Tower,Black,Mesh,1,None,34.2 L,0
Thermaltake CTE E600,131.49,https://cdna.pcpartpicker.com/static/forever/images/product/8a9e1a818e2a7f77e25867ea2c3a25b8.256p.jpg,ATX Mid Tower,Black,Tempered Glass,2,None,77.4 L,0
Thermaltake V100,,https://cdna.pcpartpicker.com/static/forever/images/product/1363738c7937675b295a8869173e0f28.256p.jpg,ATX Mid Tower,Black,None,2,None,36.6 L,0
Silverstone FARA 312Z,165.72,,MicroATX Mini Tower,Black,Tempered Glass,2,None,37.2 L,3
Thermaltake Core X71,,,ATX Full Tower,Black,Acrylic,3,None,,4.5
MSI MAG VAMPIRIC 300R,200.7,https://cdna.pcpartpicker.com/static/forever/images/product/9ce2a3873aa9a835fbe4640ac420cb90.256p.jpg,ATX Mid Tower,Black,Tempered Glass,2,None,54.1 L,3.5
Cooler Master HAF 922,,,ATX Mid Tower,Black,None,5,None,71.5 L,4
Thermaltake Core V71,,https://cdna.pcpartpicker.com/static/forever/images/product/f64e1dd1ff5ac064eb8715d1b5d2a141.256p.jpg,ATX Full Tower,Black,Acrylic,8,None,75.3 L,4.5
SHARKOON S25-V,,https://cdna.pcpartpicker.com/static/forever/images/product/77808f710675b81f8c560b8ff280dd42.256p.jpg,ATX Mid Tower,Blue,Acrylic,3,None,43.9 L,4
Cooler Master Silencio S400 Sakura Limited Edition,,,MicroATX Mini Tower,White / Pink,Tempered Glass,4,None,,0
ADATA XPG INVADER,,https://cdna.pcpartpicker.com/static/forever/images/product/af3fb7a83359a722154a8c18ab7addf4.256p.jpg,ATX Mid Tower,Black,Tempered Glass,2,None,,5
Corsair 4000D Airflow Teak,,,ATX Mid Tower,Black / Brown,Tempered Glass,2,None,48.6 L,0
SilentiumPC Signum SG1V EVO TG ARGB,,https://cdna.pcpartpicker.com/static/forever/images/product/27dc7ad48c8c8dccd85c72c2acac68d4.256p.jpg,ATX Mid Tower,Black,Tempered Glass,2,None,,0
HYTE Y60 Hakos Baelz,,https://cdna.pcpartpicker.com/static/forever/images/product/e33e6bd2b8c1b982ffdb6558f0fc2efb.256p.jpg,ATX Mid Tower,Black / Red,Tempered Glass,2,None,60.0 L,0
Cooler Master CMP 320,,,MicroATX Mid Tower,Black,Tempered Glass,2,None,38.6 L,4.5
Phanteks Eclipse G300A (1 Fan),,https://cdna.pcpartpicker.com/static/forever/images/product/269e22eb0f7059f28bc471bd84836b10.256p.jpg,ATX Mid Tower,Black,Tempered Glass,1,None,37.2 L,4
RAIJINTEK OPHION 7L,,https://cdna.pcpartpicker.com/static/forever/images/product/95f37593d6f3c4e08bd4a7483cc081df.256p.jpg,Mini ITX Desktop,Black,Mesh,0,None,7.1 L,0
1STPLAYER T3,,https://cdna.pcpartpicker.com/static/forever/images/product/3fab79918a2168386b1d1cd60320fec6.256p.jpg,MicroATX Mid Tower,Black,Tempered Glass,2,None,32.4 L,0
APNX C1-R,89.99,https://cdna.pcpartpicker.com/static/forever/images/product/82a23b634407998fbd254bdf42dbcab2.256p.jpg,ATX Mid Tower,Black,Tempered Glass,3,None,53.6 L,0
Cooler Master MasterBox MB400L with ODD,62.39,,MicroATX Mini Tower,Black,None,2,None,35.4 L,0
Thermaltake CTE C750 Air ARGB,,https://cdna.pcpartpicker.com/static/forever/images/product/328235ea0a36bc4aef9431d94e84ef49.256p.jpg,ATX Full Tower,Black,Tempered Glass,7,None,110.7 L,0
Silverstone FARA 312X,,https://cdna.pcpartpicker.com/static/forever/images/product/99d91427a7e22b34eee33e796189715e.256p.jpg,MicroATX Mini Tower,Black,Tempered Glass,2,None,37.2 L,0
Fractal Design Meshify 2 Lite,126.48,https://cdna.pcpartpicker.com/static/forever/images/product/e560ab945904883de187cc9d85aae30d.256p.jpg,ATX Mid Tower,Black,Tempered Glass,2,None,61.7 L,5
Thermaltake View 21 Tempered Glass Edition,,,ATX Mid Tower,Black,Acrylic,2,None,48.2 L,4.5
Thermaltake V250 TG ARGB Air,,https://cdna.pcpartpicker.com/static/forever/images/product/724d789d9c998886d4546d6b1bfd3dee.256p.jpg,ATX Mid Tower,Black,Tempered Glass,2,None,44.4 L,4
Thermaltake Core P5 V2,,,ATX Mid Tower,Black,Tempered Glass,6,None,115.4 L,5
Thermaltake Core X9 Snow Edition,,,ATX Desktop,White,Acrylic,7,None,,5
Thermaltake Core W100,,,ATX Full Tower,Black,Acrylic,10,None,,4.5
Thermaltake Versa H26,,,ATX Mid Tower,Black,Tempered Glass,2,None,,4.5
Lian Li PC-O11 Air,,https://cdna.pcpartpicker.com/static/forever/images/product/34ce33d5968b37f5379d22948f3b2e8e.256p.jpg,ATX Full Tower,Black,Tempered Glass,3,None,60.2 L,4.5
Silverstone FARA R1,,https://cdna.pcpartpicker.com/static/forever/images/product/7432684e7e77828138771c214e13017f.256p.jpg,ATX Mid Tower,Black,Tempered Glass,1,None,,5
Deepcool CH510 MESH DIGITAL,,https://cdna.pcpartpicker.com/static/forever/images/product/c064a530018e1c8113ff6f601bc038c4.256p.jpg,ATX Mid Tower,Black,Tempered Glass,2,None,49.2 L,0
ENDORFY Ventum 400 Air,95.25,,ATX Mid Tower,Black,Tempered Glass,1,None,42.9 L,0
ENDORFY Fishtank 6000 Flex,105.42,,ATX Mid Tower,Black,Tempered Glass,2,None,55.3 L,0
Silverstone FARA R1 PRO,,https://cdna.pcpartpicker.com/static/forever/images/product/349bb90c5701dd0ef9d39c08b86385b9.256p.jpg,ATX Mid Tower,Black,Tempered Glass,1,None,36.0 L,5
Cooler Master Elite 502 Lite,,,ATX Mid Tower,Black,Tempered Glass,2,None,52.4 L,0
Thermaltake Versa H24,,https://cdna.pcpartpicker.com/static/forever/images/product/8f056bfc6d92a3be0c3f1687225658a4.256p.jpg,ATX Mid Tower,Black,None,3,None,42.6 L,3.5
Antec Performance 1 FT ARGB,,https://cdna.pcpartpicker.com/static/forever/images/product/ac03557393ac950b99bc4dc5b99d4d1b.256p.jpg,ATX Full Tower,Black / Gray,Tempered Glass,2,None,62.7 L,5
Thermaltake Versa H22,,https://cdna.pcpartpicker.com/static/forever/images/product/2eb93b3d8b281b2c56f004f279704d40.256p.jpg,ATX Mid Tower,Black,None,0,500 W,42.8 L,4
Thermaltake Core X1,,https://cdna.pcpartpicker.com/static/forever/images/product/13f4588ac09050f33834c7a3d36e00bb.256p.jpg,Mini ITX Tower,Black / Blue,Acrylic,3,None,,0
Thermaltake View 27,,https://cdna.pcpartpicker.com/static/forever/images/product/9057c550a206fb170c84c7abd4e50dea.256p.jpg,ATX Mid Tower,Black,Acrylic,2,None,,4
Cooler Master MasterBox MB511,48.94,https://cdna.pcpartpicker.com/static/forever/images/product/5c0025185b3542e83859dbac03613415.256p.jpg,ATX Mid Tower,Black / Red,Acrylic,2,None,,3.5
Lian Li LANCOOL ONE Digital,,https://cdna.pcpartpicker.com/static/forever/images/product/7c9c512944994fe9b6bb386cffdf0b98.256p.jpg,ATX Mid Tower,Gold / White,Tempered Glass,2,None,46.7 L,5
MSI MPG SEKIRA 500X,,https://cdna.pcpartpicker.com/static/forever/images/product/4df0437a342d554e78282e83cc201a63.256p.jpg,ATX Mid Tower,Black,Tempered Glass,4,None,67.1 L,3
Cooler Master MasterBox TD500 Mesh w/o Controller,,https://cdna.pcpartpicker.com/static/forever/images/product/e22f309f78be62c17234a2f46a08f2f5.256p.jpg,ATX Mid Tower,Black,Tempered Glass,2,None,,0
Cooler Master MasterBox TD500 Mesh White w/o Controller,,https://cdna.pcpartpicker.com/static/forever/images/product/212cf1bdd68ed28c40799e5bc3548ad4.256p.jpg,ATX Mid Tower,White,Tempered Glass,2,None,,0
Thermaltake Level 20 HT Snow Edition,,https://cdna.pcpartpicker.com/static/forever/images/product/942eb64ffd78a2efc1b18cd4583e920e.256p.jpg,ATX Full Tower,,Tempered Glass,4,None,144.3 L,0
Thermaltake AH T200,136.01,https://cdna.pcpartpicker.com/static/forever/images/product/4c0769897eb8894ac01edafd88835c1d.256p.jpg,MicroATX Mid Tower,Black,Tempered Glass,2,None,69.1 L,0
Thermaltake Divider 170 TG Snow ARGB,,https://cdna.pcpartpicker.com/static/forever/images/product/0bd52363fc25236885a2a21ca975223b.256p.jpg,MicroATX Mid Tower,White / Black,Tempered Glass,2,None,36.5 L,3
Corsair iCUE 5000D RGB AIRFLOW iCUE Lighting Node PRO,,https://cdna.pcpartpicker.com/static/forever/images/product/1d4c9e356164080998d1633e8b2bb20c.256p.jpg,ATX Mid Tower,Black,Tempered Glass,2,None,66.2 L,0
Ocypus Gamma C72,,,ATX Mid Tower,Black,Tempered Glass,2,None,43.0 L,0
Jonsbo X400 PRO,,,ATX Mid Tower,Black,Tempered Glass,1,None,68.3 L,0
ARCTIC Xtender VG Mirror,139.71,https://cdna.pcpartpicker.com/static/forever/images/product/fadabed131abbd5667d44b22a0b14aec.256p.jpg,ATX Mid Tower,Black,Tempered Glass,1,None,64.6 L,0
Antec P10C,,https://cdna.pcpartpicker.com/static/forever/images/product/03944f3fe4a4f5ef16fd1ba6706ea55e.256p.jpg,ATX Mid Tower,Black,None,3,None,51.0 L,0
SHARKOON Rebel C80M RGB,,https://cdna.pcpartpicker.com/static/forever/images/product/946b4a7c809ad8b8b81c5cd354813c21.256p.jpg,ATX Mid Tower,Black,Mesh,3,None,55.7 L,0
Thermaltake Armor Revo Gene Snow Edition,,,ATX Mid Tower,White,Acrylic,5,None,69.9 L,5
Corsair 2500X Satin,100.99,https://cdna.pcpartpicker.com/static/forever/images/product/cdf934b8cb04f1f45efea59e0e5464ed.256p.jpg,MicroATX Mini Tower,White / Gray,Tempered Glass,2,None,54.8 L,0
Thermaltake View 71 TG,,,ATX Full Tower,Black,Acrylic,4,None,,5
MSI MPG Sekira 500G,,,ATX Mid Tower,Black,Tempered Glass,6,None,67.1 L,0
MSI MAG VAMPIRIC 011C,99.99,https://cdna.pcpartpicker.com/static/forever/images/product/95f512d55c6ffa4e8d9c41eeba021ab3.256p.jpg,ATX Mid Tower,Black,Tempered Glass,2,None,41.9 L,0
MSI MPG GUNGNIR 100D,,https://cdna.pcpartpicker.com/static/forever/images/product/1f89af2dc176251a338870b1c2549bba.256p.jpg,ATX Mid Tower,Black / Red,Tempered Glass,2,None,60.8 L,3
Cougar MX600 Mini RGB,,https://cdna.pcpartpicker.com/static/forever/images/product/25bdf6d533bdad230015b8817796808c.256p.jpg,MicroATX Mini Tower,Black,Tempered Glass,2,None,47.1 L,0
Cooler Master Cosmos,,,ATX Full Tower,Silver / Black,None,6,None,99.2 L,3
Thermaltake Commander MS/I Snow Edition,,,ATX Mid Tower,White / Black,Acrylic,5,None,41.9 L,3
Thermaltake Core P3 Snow Edition,,,ATX Mid Tower,White,Acrylic,2,None,80.1 L,5
Asus TUF Gaming GT501 Demon Slayer Edition,,https://cdna.pcpartpicker.com/static/forever/images/product/aace5afe96865eb251c628fd9014cdc2.256p.jpg,ATX Mid Tower,Yellow / Black,Tempered Glass,4,None,75.5 L,0
Thermaltake S300 Tempered Glass Edition,,https://cdna.pcpartpicker.com/static/forever/images/product/ed1825d3552267790801f84b79b8fdb4.256p.jpg,ATX Mid Tower,Black,Tempered Glass,2,None,,5
SilentiumPC Regnum RG4T,,https://cdna.pcpartpicker.com/static/forever/images/product/92fd1e6b64612172916574611a5d88a1.256p.jpg,ATX Mid Tower,Black,Tempered Glass,3,None,46.8 L,0
Asus TUF Gaming GT301 ZAKU II EDITION,,,ATX Mid Tower,Red / Black,Tempered Glass,2,None,43.9 L,0
Antec Dark League DF800 FLUX,,https://cdna.pcpartpicker.com/static/forever/images/product/f9110b57f011ca4b18000a40a96237f2.256p.jpg,ATX Mid Tower,Black,Tempered Glass,3,None,,4
Thermaltake Divider 500 TG ARGB Air Snow,95,https://cdna.pcpartpicker.com/static/forever/images/product/4a1236e3db13eae99784894b0a314563.256p.jpg,ATX Mid Tower,White,Tempered Glass,2,None,56.8 L,0
Fractal Design Meshify 2 Compact Lite,,https://cdna.pcpartpicker.com/static/forever/images/product/57c436d40b4bca7a22224cefa8bb0cf0.256p.jpg,ATX Mid Tower,White,Tempered Glass,2,None,42.3 L,0
Cougar Airface Pro RGB,,https://cdna.pcpartpicker.com/static/forever/images/product/6f690ef7d352241caa9b9590b77a0752.256p.jpg,ATX Mid Tower,Black,Tempered Glass,2,None,55.4 L,0
MSI MPG GUNGNIR 300 MONSTER HUNTER EDITION,,,ATX Mid Tower,Black / Red,Tempered Glass,2,None,60.5 L,0
BitFenix CETO300,105.78,https://cdna.pcpartpicker.com/static/forever/images/product/5bc25be7cd259b0f9a34b54bcee72af7.256p.jpg,ATX Mid Tower,Black,Tempered Glass,1,None,47.9 L,0
Ocypus Iota C70 ARGB,,,ATX Mid Tower,White,Tempered Glass,2,None,48.6 L,0
Thermaltake View 31 TG,,,ATX Mid Tower,Black,Acrylic,3,None,63.5 L,4
Thermaltake Divider 500 TG ARGB Air,125.61,https://cdna.pcpartpicker.com/static/forever/images/product/3478dd943a37490cb698dc7bfb6f3656.256p.jpg,ATX Mid Tower,Black,Tempered Glass,2,None,56.8 L,0
Cooler Master Masterbox 520,85,https://cdna.pcpartpicker.com/static/forever/images/product/19cdd3530c44aed848654c1601f24cc4.256p.jpg,ATX Mid Tower,White,Tempered Glass,2,None,52.5 L,5
Enermax MarbleShell MS31 RGB,,,ATX Mid Tower,White,Tempered Glass,2,None,41.0 L,0
Thermaltake Versa J25 RGB,,https://cdna.pcpartpicker.com/static/forever/images/product/8ff070b72ff6b469ca2c15b3263206ab.256p.jpg,ATX Mid Tower,Black,Tempered Glass,3,None,,4
Thermaltake Core V71 TG,,,ATX Full Tower,Black,Tempered Glass,8,None,,4.5
Thermaltake AH T200 Snow,87.02,https://cdna.pcpartpicker.com/static/forever/images/product/cb14d38eb867e0b57ca76a5f38fd4ab0.256p.jpg,MicroATX Mid Tower,White,Tempered Glass,2,None,69.1 L,0
Thermaltake H570 TG ARGB,,https://cdna.pcpartpicker.com/static/forever/images/product/2a374aaee116e1d16e8f7fef8e168bf7.256p.jpg,ATX Mid Tower,White,Tempered Glass,2,None,48.8 L,0
Thermaltake Divider 370 TG ARGB,106.21,https://cdna.pcpartpicker.com/static/forever/images/product/179cd65319ec0f996cdd87c7bc9f455e.256p.jpg,ATX Mid Tower,Black,Tempered Glass,2,None,50.7 L,3
Jonsbo U4 Mini,92.89,https://cdna.pcpartpicker.com/static/forever/images/product/99ccfc7f2425f1045c3fcc9fabaf65b5.256p.jpg,MicroATX Desktop,Black,Tempered Glass,1,None,37.6 L,0
RAIJINTEK Ponos Ultra MS4,172.46,https://cdna.pcpartpicker.com/static/forever/images/product/36a2f8194082f6e50720013c65504dce.256p.jpg,ATX Mid Tower,Black,Tempered Glass,2,None,46.3 L,0
SHARKOON MK6 RGB,62.97,,MicroATX Mid Tower,Black,Tempered Glass,2,None,43.6 L,0
Thermaltake Level 10 GT LCS,,,ATX Full Tower,Black,Acrylic,5,None,96.7 L,4
Cooler Master Cosmos SE,,https://cdna.pcpartpicker.com/static/forever/images/product/59c8e4fb60d9da979562c32369916760.256p.jpg,ATX Mid Tower,Black,Acrylic,8,None,78.4 L,3.5
SHARKOON VS4-W,,https://cdna.pcpartpicker.com/static/forever/images/product/f4c3665f400c5efdcd22ff5e8c25c630.256p.jpg,ATX Mid Tower,Black / Blue,Acrylic,3,None,,4
Antec NX500,,https://cdna.pcpartpicker.com/static/forever/images/product/46a1e3a8e06cc9f1b1981c2a13b7bb94.256p.jpg,ATX Mid Tower,Black,Tempered Glass,2,None,47.4 L,0
Antec NX400,,https://cdna.pcpartpicker.com/static/forever/images/product/bb3238fe490ae1694779caa49c63baa0.256p.jpg,ATX Mid Tower,Black,Tempered Glass,2,None,45.5 L,4
SilentiumPC Regnum RG6V EVO TG ARGB,,https://cdna.pcpartpicker.com/static/forever/images/product/6c8acc7d26e0ce7d9364386a1ab39b07.256p.jpg,ATX Mid Tower,Black,Tempered Glass,2,None,,0
MSI MAG PANO M100L PZ,,,MicroATX Mid Tower,Black,Tempered Glass,1,None,41.9 L,0
KOLINK Unity Lateral Performance,,https://cdna.pcpartpicker.com/static/forever/images/product/1b8c5d1bf98b2d2c257d2d804f6bb828.256p.jpg,ATX Mid Tower,Black,Tempered Glass,2,None,53.4 L,5
Jonsbo D41 STD SCREEN,99.9,https://cdna.pcpartpicker.com/static/forever/images/product/6d03be5969cb78482cea8cc303e22335.256p.jpg,ATX Mid Tower,Black,Tempered Glass,2,None,35.4 L,4
Thermaltake CTE T500,103.89,https://cdna.pcpartpicker.com/static/forever/images/product/84257fead212ce6bbb62e8d8fe397246.256p.jpg,ATX Full Tower,White,Tempered Glass,4,None,87.3 L,0
Cooler Master MasterBox 500,,https://cdna.pcpartpicker.com/static/forever/images/product/d4843610f99971dcd74533fa66ccf979.256p.jpg,ATX Mid Tower,Black,Tempered Glass,2,None,52.4 L,0
SHARKOON Rebel C60 RGB,124.77,,ATX Mid Tower,Black,Tempered Glass,3,None,52.0 L,0
Thermaltake Divider 370 TG Snow ARGB,,,ATX Mid Tower,White / Black,Tempered Glass,2,None,50.7 L,3
Thermaltake Divider 200 TG Air,109.99,https://cdna.pcpartpicker.com/static/forever/images/product/f070434ac4249e6702cff7a555798906.256p.jpg,MicroATX Mini Tower,White,Tempered Glass,3,None,51.6 L,0
Cooler Master Cosmos Infinity 30th Anniversary,,https://cdna.pcpartpicker.com/static/forever/images/product/6b27c80bf4bba421ac7530bccc95c4e8.256p.jpg,ATX Full Tower,Black / Silver,Tempered Glass,2,None,129.5 L,0
ADATA XPG Battlecruiser II,129.8,https://cdna.pcpartpicker.com/static/forever/images/product/a7c409f67dc230e7679d43f67f04ccbb.256p.jpg,ATX Mid Tower,Black,Tempered Glass,5,None,62.6 L,0
Antec NX416L,117.05,https://cdna.pcpartpicker.com/static/forever/images/product/53c10d85673505d5e98079fac66878f8.256p.jpg,ATX Mid Tower,Black,Tempered Glass,2,None,49.9 L,5
Thermaltake V3 Black Edition,,https://cdna.pcpartpicker.com/static/forever/images/product/f31cfaab989496aa95b9915f7b982b05.256p.jpg,ATX Mid Tower,Black,Acrylic,4,None,38.5 L,3.5
Zalman ZM-T3,,,MicroATX Mini Tower,Black,None,2,None,,3
Thermaltake Suppressor F31 TG,,,ATX Mid Tower,Black,Tempered Glass,3,None,64.0 L,4
Fractal Design Define 7 Light,,https://cdna.pcpartpicker.com/static/forever/images/product/2c3088dfbeb06ad2eca94a87aa78bfe6.256p.jpg,ATX Mid Tower,Black,Tempered Glass,6,None,62.4 L,5
SilentiumPC Regnum RG6V TG,,https://cdna.pcpartpicker.com/static/forever/images/product/7f588593766fad10c1aaebc042e9b53d.256p.jpg,ATX Mid Tower,Black,Tempered Glass,2,None,,0
MSI MPG GUNGNIR 111M,,https://cdna.pcpartpicker.com/static/forever/images/product/9c98908eb0eb522bc6cf50c6a78c7c60.256p.jpg,ATX Mid Tower,Black,Tempered Glass,2,None,,3
Antec Dark Phantom DP502 Flux,,https://cdna.pcpartpicker.com/static/forever/images/product/0d2f3659c36890c573217d5d79852787.256p.jpg,ATX Mid Tower,Black,Tempered Glass,3,None,49.5 L,4
Thermaltake Divider 500 TG ARGB,142.13,https://cdna.pcpartpicker.com/static/forever/images/product/810c65cf64052d7ca6bcab979e0c0c8d.256p.jpg,ATX Mid Tower,Black,Tempered Glass,2,None,56.8 L,0
SilentiumPC Regnum RG1W,,,ATX Mid Tower,Black,Acrylic,2,None,39.4 L,0
Silverstone SETA A1,,https://cdna.pcpartpicker.com/static/forever/images/product/6f80942ac039578d3b6458ba96f02352.256p.jpg,ATX Mid Tower,Silver / Black,Tempered Glass,2,None,45.7 L,4
RAIJINTEK OPHION,76.99,https://cdna.pcpartpicker.com/static/forever/images/product/ce567fc97ff2da36407b5e287d412423.256p.jpg,Mini ITX Desktop,Black,Acrylic,1,None,,2
Silverstone DS380B,178.99,https://cdna.pcpartpicker.com/static/forever/images/product/a7c0056787fb5750d21d3bae92864942.256p.jpg,Mini ITX Tower,Black,None,0,None,,3
Thermaltake Core P90,,https://cdna.pcpartpicker.com/static/forever/images/product/0c3a50c1a60d3fe0540bfc9bbed070a7.256p.jpg,ATX Mid Tower,Black,Tinted Tempered Glass,3,None,135.9 L,4
Thermaltake Level 20 GT ARGB,,https://cdna.pcpartpicker.com/static/forever/images/product/4d54d31de7edd9f703cfce55b0e46f97.256p.jpg,ATX Full Tower,Silver / Black,Tempered Glass,7,None,100.9 L,0
ENDORFY Ventum 400 ARGB,95.25,,ATX Mid Tower,Black,Tempered Glass,1,None,42.9 L,0
Thermaltake Level 20 GT RGB Plus,,https://cdna.pcpartpicker.com/static/forever/images/product/710eb389a9d8d1219212452affb6c9be.256p.jpg,ATX Full Tower,Black / Silver,Tempered Glass,7,None,100.9 L,4
Fractal Design Meshify 2 Compact Lite RGB,113.54,https://cdna.pcpartpicker.com/static/forever/images/product/03afc651ad784f15c8116f0df09c32c0.256p.jpg,ATX Mid Tower,Black,Tinted Tempered Glass,2,None,42.3 L,4.5
Lian Li PC-T60,,https://cdna.pcpartpicker.com/static/forever/images/product/5a572dd108bb1005e93644eb08763338.256p.jpg,ATX Test Bench,Black,None,3,None,45.6 L,0
In Win BK623.BN300TBL,,,MicroATX Mini Tower,Black,None,1,300 W,12.3 L,0
Thermaltake Commander MS-I Epic Edition,,,ATX Mid Tower,Black / Red,Acrylic,5,None,41.9 L,4
Cooler Master HAF XB,,,ATX Desktop,Black,None,0,None,61.7 L,4.5
Thermaltake Chaser A71,,https://cdna.pcpartpicker.com/static/forever/images/product/cbab413c2d40f4819ce4123cff75c398.256p.jpg,ATX Full Tower,Black,Acrylic,5,None,66.3 L,4.5
Cooler Master HAF Stacker 915F,,,Mini ITX Tower,Black,None,3,None,32.4 L,0
Thermaltake Versa H23,,,ATX Mid Tower,Black,Acrylic,3,None,43.7 L,3.5
Thermaltake Core V51,,https://cdna.pcpartpicker.com/static/forever/images/product/2edd9860ad59d30d8b3b5e58618cca36.256p.jpg,ATX Mid Tower,Black,Acrylic,5,None,71.2 L,4.5
Fractal Design Define R5 Blackout Edition,,https://cdna.pcpartpicker.com/static/forever/images/product/d25347c0b6e84fbfbfd90bd6c1a032d1.256p.jpg,ATX Mid Tower,Black,Acrylic,8,None,54.2 L,4.5
Thermaltake Core G21 Tempered Glass Edition,,,ATX Mid Tower,Black,Tinted Tempered Glass,2,None,46.6 L,4
NZXT H700i Ninja,,https://cdna.pcpartpicker.com/static/forever/images/product/953070913919ff0ef4bd0bba4f49094c.256p.jpg,ATX Mid Tower,Blue / Yellow,Tempered Glass,2,None,58.6 L,0
Cooler Master MasterBox Q300L Retro,,,MicroATX Mini Tower,White / Green,Acrylic,1,None,33.6 L,0
Thermaltake H550 TG ARGB,88.26,https://cdna.pcpartpicker.com/static/forever/images/product/5204fc34efeb703ab131d925a98f3d64.256p.jpg,ATX Mid Tower,Black,Tempered Glass,2,None,,0
MSI MPG GUNGNIR 110R EVA e-PROJECT,,,ATX Mid Tower,Black / Purple,Tempered Glass,2,None,,4