name,price,image,fan_rpm,noise_level,color,radiator_size,size,rating
Thermalright Peerless Assassin 120 SE,42.54,https://cdna.pcpartpicker.com/static/forever/images/product/3afac8c21d56648a54bd054502c7eae2.256p.jpg,1550 RPM,25.6 dB,Black,,,4.5
ARCTIC Liquid Freezer III Pro 360,79.9,https://cdna.pcpartpicker.com/static/forever/images/product/a0b2a92bb4ec2c95b5e492c9513b2c0b.256p.jpg,600 - 3000 RPM,Black,Black,360 mm,360 mm,4.5
Cooler Master Hyper 212 Black Edition,Out of stock£46.99Add,https://cdna.pcpartpicker.com/static/forever/images/product/716d4c601ae190184020710e098e7b36.256p.jpg,650 - 2000 RPM,6.5 - 26 dB,Black,,,4.5
Thermalright Aqua Elite V3,80.37,1500,1500 RPM,25.6 dB,Black,360 mm,360 mm,4.5
Corsair NAUTILUS 360 RS ARGB,100.99,https://cdna.pcpartpicker.com/static/forever/images/product/3dfb3eca3bd8bf176490b7955ae6345c.256p.jpg,2100 RPM,34 dB,Black,360 mm,360 mm,4.5
Thermalright Phantom Spirit 120 SE ARGB,50.61,1500,1500 RPM,25.6 dB,Black / Silver,,,4.5
ARCTIC Liquid Freezer III Pro A-RGB 360,74.98,https://cdna.pcpartpicker.com/static/forever/images/product/4b3cb378557216401dabfeb2bb0719e1.256p.jpg,600 - 3000 RPM,Black,Black,360 mm,360 mm,4.5
Thermalright Assassin X 120 Refined SE,Add,https://cdna.pcpartpicker.com/static/forever/images/product/29e78572835de73e133232c5e96c20e9.256p.jpg,1550 RPM,25.6 dB,Black / Silver,,,4.5
Thermalright Phantom Spirit 120 SE,44.99,https://cdna.pcpartpicker.com/static/forever/images/product/794ec9c0aa5dda6f170f3e442d992606.256p.jpg,1500 RPM,25.6 dB,Black,,,5
Noctua NH-D15 chromax.black,109.95,300,1500,300 - 1500 RPM,19.2 - 24.6 dB,Black,,,4.5
be quiet! Dark Rock Pro 5,75.98,https://cdna.pcpartpicker.com/static/forever/images/product/a0191a4cb06d0077eab9a260cc759c8b.256p.jpg,1300 - 2000 RPM,8.9 - 23.3 dB,Black,,,4.5
Thermalright Peerless Assassin 120 SE WHITE ARGB,39.42,https://cdna.pcpartpicker.com/static/forever/images/product/c09b33bf4c2452bbc71fac7691860f4a.256p.jpg,1550 RPM,25.6 dB,White,,,4.5
NZXT Kraken Elite 360 RGB (2024),235.97,https://cdna.pcpartpicker.com/static/forever/images/product/87647223e3478a0264b523d38ec982e1.256p.jpg,500 - 2400 RPM,30 dB,White,360 mm,360 mm,4
Noctua NH-L9A-AM5,39.95,https://cdna.pcpartpicker.com/static/forever/images/product/e34aa9b26728023fbd3919e021729b44.256p.jpg,600 - 2500 RPM,14.8 - 23.6 dB,Brown / Silver,,,4.5
ARCTIC Freezer 36,25.47,https://cdna.pcpartpicker.com/static/forever/images/product/7bdb6c4e1804ef5a5d9464722cdceb9f.256p.jpg,200 - 1800 RPM,Black,Black / Silver,,,4.5
Noctua NH-D15,99.95,https://cdna.pcpartpicker.com/static/forever/images/product/ca16d42d3e187f96c728c09183df14a7.med.256p.jpg,300 - 1500 RPM,19.2 - 24.6 dB,,,,4.5
AMD Wraith Prism,52.49,https://cdna.pcpartpicker.com/static/forever/images/product/00979205bfe0f63cf50f396392775b9f.256p.jpg,2800 RPM,42 dB,,,,3.5
Corsair iCUE LINK TITAN 360 RX LCD,204.99,https://cdna.pcpartpicker.com/static/forever/images/product/34813b9b3153ddbea54e46dfe496930e.256p.jpg,300 - 2100 RPM,10 - 36 dB,Black,360 mm,360 mm,4.5
Asus ROG Ryujin III 360 ARGB Extreme,241.56,https://cdna.pcpartpicker.com/static/forever/images/product/39b44057eccd6eb120ce03241efb9758.256p.jpg,1 - 2800 RPM,36 dB,Black,360 mm,360 mm,5
Corsair NAUTILUS 360 RS LCD,98,https://cdna.pcpartpicker.com/static/forever/images/product/6f29e592f8d32dc9571c6b5f8965a5cb.256p.jpg,2100 RPM,10 - 36 dB,Black,360 mm,360 mm,4.5
Thermalright Assassin X SE,Add,2200,2200 RPM,23.85 dB,Black / Silver,,,4
Thermalright Phantom Spirit EVO,42.9,https://cdna.pcpartpicker.com/static/forever/images/product/df16c34a7f230bb2f6848cd90c87e0fb.256p.jpg,2150 RPM,27 dB,Black,,,4.5
Noctua NH-L9A-AM5 CHROMAX.BLACK,44.99,https://cdna.pcpartpicker.com/static/forever/images/product/7da2ce71b33904d0f379f9398d4515d7.256p.jpg,600 - 2500 RPM,14.8 - 23.6 dB,Black,,,3.5
Asus ROG Ryuo IV SLC 360 ARGB,299.98,https://cdna.pcpartpicker.com/static/forever/images/product/ea53c568adee3b4cfd95df87cd04c30b.256p.jpg,800 - 2650 RPM,39.6 dB,Black,360 mm,360 mm,4
Thermalright Peerless Assassin 120 SE ARGB,£34.99Add,https://cdna.pcpartpicker.com/static/forever/images/product/1e057960fccae4328fbdc13bb45bf42c.256p.jpg,1550 RPM,25.6 dB,Black,,,4.5
ARCTIC Liquid Freezer III Pro,59.99,https://cdna.pcpartpicker.com/static/forever/images/product/8c1a0efcef96c3455d3ecd2bdc4a4fa7.256p.jpg,600 - 3000 RPM,Black,Black,240 mm,240 mm,4.5
Lian Li Hydroshift II LCD-S 360 TL,199.9,https://cdna.pcpartpicker.com/static/forever/images/product/6323ee881774ef2c3efc257d098a7567.256p.jpg,200 - 2600 RPM,33 dB,Black,360 mm,360 mm,5
Cooler Master Hyper 212 Spectrum V3,19.9,https://cdna.pcpartpicker.com/static/forever/images/product/99c2387300d7c25362407dbfeef14536.256p.jpg,650 - 1750 RPM,27.2 dB,Black / Silver,,,4
Thermalright Frozen Infinity 360 ARGB,64.5,2000,2000 RPM,28.2 dB,White,360 mm,360 mm,4.5
Thermalright AXP90-X47,Add,2700,2700 RPM,22.4 dB,Black,,,3.5
Cooler Master Hyper 212 RGB Black Edition,64.45,https://cdna.pcpartpicker.com/static/forever/images/product/b40d38a6383f462adfcec85b193216b1.256p.jpg,650 - 2000 RPM,8 - 30 dB,,,,4
NZXT Kraken Elite 360 (2024),229.95,https://cdna.pcpartpicker.com/static/forever/images/product/fd99aab7f118f143c3e5fb3ffbe7634c.256p.jpg,500 - 2000 RPM,30 dB,Black,360 mm,360 mm,4
Noctua NH-D15 G2 chromax.black,139.9,https://cdna.pcpartpicker.com/static/forever/images/product/3cbf3ee92fcdc68aa1049b28ccbdb850.256p.jpg,,0 - 24.8 dB,Black,,,5
Thermalright AXP90-X36,Add,https://cdna.pcpartpicker.com/static/forever/images/product/8c209209d698a976f762262184c26d74.256p.jpg,2700 RPM,22.4 dB,Black,,,4.5
Thermalright Assassin X 120 R Digital ARGB,31.19,2000,2000 RPM,29.8 dB,Black,,,4.5
TRYX PANORAMA SE ARGB,239.99,https://cdna.pcpartpicker.com/static/forever/images/product/4396205566edcb98b328393b5a6e8c12.256p.jpg,500 - 1850 RPM,Black,Black,360 mm,360 mm,4.5
NZXT Kraken 240,162.46,https://cdna.pcpartpicker.com/static/forever/images/product/157afeba59d05304fe181106745e6177.256p.jpg,500 - 1800 RPM,17.9 - 30.6 dB,Black,240 mm,240 mm,4
Noctua NL-LC1-36,216.95,https://cdna.pcpartpicker.com/static/forever/images/product/5bda35a9c917fbab40fc845e8e9ec476.256p.jpg,,22.5 dB,Brown / Beige,360 mm,360 mm,0
Corsair NAUTILUS 240 RS ARGB,69.9,https://cdna.pcpartpicker.com/static/forever/images/product/99d2124a37493f5a3bfe1b442e32e4de.256p.jpg,2100 RPM,34 dB,Black,240 mm,240 mm,4
Noctua NH-L9x65 chromax.black,61,https://cdna.pcpartpicker.com/static/forever/images/product/6082032e0eb29f8eed91a12a4f976321.256p.jpg,600 - 2500 RPM,14.8 - 23.6 dB,Black,,,5
Cooler Master MasterLiquid 360L Core ARGB,67.95,https://cdna.pcpartpicker.com/static/forever/images/product/17af431eeae6b8cc280717a7f3bf3da3.256p.jpg,350 - 1750 RPM,27.2 dB,Black,360 mm,360 mm,4.5
Lian Li Hydroshift LCD 360S,214.75,https://cdna.pcpartpicker.com/static/forever/images/product/47f6e66e2ffc069e7958649020d76c4c.256p.jpg,200 - 2500 RPM,29.8 dB,White,360 mm,360 mm,4.5
be quiet! Pure Rock 3,27.9,https://cdna.pcpartpicker.com/static/forever/images/product/0c15d5db66e04ad50dd39228ced3a511.256p.jpg,2000 RPM,12.4 - 31.2 dB,Black,,,5
ID-COOLING FROZN A620 PRO SE,24.99,https://cdna.pcpartpicker.com/static/forever/images/product/c4c978ad9ecf59156eab170fbfbabe21.256p.jpg,300 - 2000 RPM,27.2 dB,Black,,,4.5
ID-COOLING SE-214-XT V2 BLACK,Add,,300 - 2000 RPM,27.2 dB,Black,,,5
ARCTIC Liquid Freezer II 420 RGB,347.31,https://cdna.pcpartpicker.com/static/forever/images/product/26c386757edb664c98c423f476095ce9.256p.jpg,200 - 1900 RPM,22.5 dB,Black,420 mm,420 mm,0
Corsair NAUTILUS 240 RS LCD,49.99,https://cdna.pcpartpicker.com/static/forever/images/product/c7b6c5dad557b0baceca0396439d214c.256p.jpg,2100 RPM,10 - 36 dB,Black,240 mm,240 mm,5
be quiet! Silent Loop 3,109,https://cdna.pcpartpicker.com/static/forever/images/product/8a277ab7166d97b45d51dcd463ebdf05.256p.jpg,2500 RPM,19.8 - 38.8 dB,Black,360 mm,360 mm,5
be quiet! Pure Rock Pro 3,41.9,https://cdna.pcpartpicker.com/static/forever/images/product/adc1a4087a4dd593fe49b79e6373bfd4.256p.jpg,2000 RPM,14 - 34.8 dB,Black,,,5
Asus ProArt LC 420,229.95,https://cdna.pcpartpicker.com/static/forever/images/product/5d83c953ff500cfdee84a1d64c342fc0.256p.jpg,800 - 2000 RPM,31.5 dB,Black,420 mm,420 mm,4
Corsair NAUTILUS 360 RS,86.39,https://cdna.pcpartpicker.com/static/forever/images/product/064aaf809c733638ac91fac1bc46dc00.256p.jpg,2100 RPM,34 dB,Black,360 mm,360 mm,4.5
Thermalright Frozen Notte ARGB,86.88,https://cdna.pcpartpicker.com/static/forever/images/product/315dec7805c5f01538f5748620fddffa.256p.jpg,2000 RPM,27.7 dB,Black,360 mm,360 mm,4.5
Thermalright Assassin X Refined SE ARGB,£19.99Add,https://cdna.pcpartpicker.com/static/forever/images/product/5008fe1e42870ed35b2bf39c1a1e90c9.256p.jpg,1550 RPM,25.6 dB,Black / Silver,,,4.5
Noctua NL-LC1-42,242.95,https://cdna.pcpartpicker.com/static/forever/images/product/073c0e83a07cb0efc8ffa8a812edcc79.256p.jpg,,24.8 dB,Brown / Beige,420 mm,420 mm,5
MSI MAG CORELIQUID A13,62.99,https://cdna.pcpartpicker.com/static/forever/images/product/94534ff5409f98708d38cc1b06d0adf7.256p.jpg,,Black,Black,360 mm,360 mm,5
Cooler Master Elite,67.77,https://cdna.pcpartpicker.com/static/forever/images/product/e554e972c9c82d560e61aadf17f4c21c.256p.jpg,600 - 2100 RPM,39.5 dB,Black,240 mm,240 mm,4
Noctua NH-U12A chromax.black,119.95,https://cdna.pcpartpicker.com/static/forever/images/product/3a24ca834f2b252f719640f8b8448b6c.256p.jpg,450 - 2000 RPM,18.8 - 22.6 dB,Black,,,4.5
Deepcool AK400,28.5,https://cdna.pcpartpicker.com/static/forever/images/product/c7b02e065c81e7fa94dcf945c388449a.256p.jpg,500 - 1850 RPM,29 dB,White,,,4.5
NZXT Kraken Plus 240,99.98,https://cdna.pcpartpicker.com/static/forever/images/product/e6e1ca9d8cdca108841cacb87a14affb.256p.jpg,500 - 2000 RPM,30 dB,Black,240 mm,240 mm,4
Alphacool Eisbaer Pro Aurora,187.97,https://cdna.pcpartpicker.com/static/forever/images/product/daea75ab1b38ae3387fe96e320e72c12.256p.jpg,31.5,31.5 dB,Black,360 mm,360 mm,0
Lian Li HydroShift II OLED Curved 360TL,299.99,,200 - 2600 RPM,33 dB,Black,360 mm,360 mm,0
Corsair iCUE LINK TITAN 360 RX RGB,139.99,https://cdna.pcpartpicker.com/static/forever/images/product/6254fe41ae3b29682baddb5bc3088cab.256p.jpg,300 - 2100 RPM,Black,Black,360 mm,360 mm,4
Noctua NH-L12S,59.99,https://cdna.pcpartpicker.com/static/forever/images/product/3ef69f2637de8bfe3600a2298437ff83.256p.jpg,450 - 1850 RPM,16.8 - 23.9 dB,,,,4.5
Intel E97379-001,19.98,https://cdna.pcpartpicker.com/static/forever/images/product/dbeab7d9b737c8904b1b75679b3db3a6.256p.jpg,1200 - 2800 RPM,22 dB,Silver / Black,,,3.5
Lian Li Hydroshift II LCD-S 360 CL,149.99,https://cdna.pcpartpicker.com/static/forever/images/product/1d9150cb0e55a16070fa4eb0451ead70.256p.jpg,200 - 2100 RPM,30 dB,White,360 mm,360 mm,5
ID-COOLING SE-214-XT V2 ARGB,,,300 - 2000 RPM,27.2 dB,Black / Silver,,,0
Noctua NL-LC1-24,190.95,https://cdna.pcpartpicker.com/static/forever/images/product/fa0f965b2cd12ca22280deaf31896a1f.256p.jpg,,22.5 dB,Brown / Beige,240 mm,240 mm,0
Thermalright Peerless Assassin 120 SE V3,43.8,2000,2000 RPM,29.8 dB,Black / Silver,,,4.5
Asus ROG Ryujin III ARGB Extreme,284.98,https://cdna.pcpartpicker.com/static/forever/images/product/aee12c51f52cb48a4bfda05ed02d8be2.256p.jpg,1 - 2800 RPM,36 dB,White,360 mm,360 mm,0
Noctua NH-D15 G2,127.95,https://cdna.pcpartpicker.com/static/forever/images/product/842c59679e64a6502bd922204c4d8a24.256p.jpg,1500 RPM,24.8 dB,Brown / Silver,,,4.5
Thermalright Aqua Elite ARGB V6,80.95,,2000 RPM,29.8 dB,Black,360 mm,360 mm,4.5
Thermalright AXP90-X53 FULL,57.11,2700,2700 RPM,22.4 dB,Copper / Orange,,,4.5
ARCTIC Alpine 23,7.5,https://cdna.pcpartpicker.com/static/forever/images/product/3f4e2db365667ee5ddbdb82520762e25.256p.jpg,100 - 2000 RPM,White / Black,White / Black,,,5
Thermalright AXP120-X67,41.94,1800,1800 RPM,26.1 dB,Black,,,4.5
Noctua NH-L9i,39.95,https://cdna.pcpartpicker.com/static/forever/images/product/9b24fe106eb3486a02a70f67030cb012.256p.jpg,600 - 2500 RPM,14.8 - 23.6 dB,Brown,,,4.5
NZXT Kraken Plus 360,129.94,https://cdna.pcpartpicker.com/static/forever/images/product/9164251fa8f9916115a9d995362124a2.256p.jpg,500 - 2000 RPM,30 dB,Black,360 mm,360 mm,0
Lian Li Galahad II Lite RGB,101.94,https://cdna.pcpartpicker.com/static/forever/images/product/74eb06f2fb382fa0fc5f3476f8d8d039.256p.jpg,300 - 2500 RPM,34.8 dB,Black,360 mm,360 mm,4.5
Thermalright AQUA ELITE ARGB V4,59.17,1550,1550 RPM,25.6 dB,Black,360 mm,360 mm,4.5
Noctua NH-U12A,109.99,450,2000,450 - 2000 RPM,18.8 - 22.6 dB,Brown,,,4.5
Thermalright Assassin Spirit 120 EVO,21.95,2000,2000 RPM,28.2 dB,Black,,,4.5
Cooler Master Hyper 212 Pro,40.47,690,2500,690 - 2500 RPM,32.8 dB,Black,,,5
NZXT Kraken Plus 360 RGB,164.67,https://cdna.pcpartpicker.com/static/forever/images/product/93798f5f54c936dd6724c1f32098c564.256p.jpg,500 - 2400 RPM,31.9 dB,White,360 mm,360 mm,0
NZXT Kraken Elite 360 RGB,262.56,https://cdna.pcpartpicker.com/static/forever/images/product/00f3005287758516d8b319cefd625a13.256p.jpg,500 - 1800 RPM,17.9 - 30.6 dB,Black,360 mm,360 mm,4.5
Cooler Master MasterLiquid 240L Core ARGB,69.98,https://cdna.pcpartpicker.com/static/forever/images/product/eded209618d7c6c5bf697c1c74dd7fe9.256p.jpg,350 - 1750 RPM,27.2 dB,White,240 mm,240 mm,4.5
Noctua NH-L9i chromax.black,49.95,600,2500,600 - 2500 RPM,14.8 - 23.6 dB,Black,,,4.5
ARCTIC Freezer 36 A-RGB,27.49,https://cdna.pcpartpicker.com/static/forever/images/product/a235e743b917c12fce63af9acc490b88.256p.jpg,200 - 2000 RPM,Black,Black,,,4.5
Thermalright Peerless Assassin 140,49.22,1500,1500 RPM,25.6 dB,White,,,5
EK EK-Nucleus AIO CR360 Lux D-RGB,74.99,https://cdna.pcpartpicker.com/static/forever/images/product/0fc4606704e57118f24a818149ef0e37.256p.jpg,550 - 2300 RPM,36 dB,Black,360 mm,360 mm,4.5
ARCTIC Liquid Freezer III 240,163.71,https://cdna.pcpartpicker.com/static/forever/images/product/2fc6853c4556dfb16bb10580c1a9cbb1.256p.jpg,200 - 1800 RPM,Black,Black,240 mm,240 mm,4.5
Thermaltake MeOrb II,,1500,2500,1500 - 2500 RPM,18.5 - 28 dB,,,,0
Thermalright Assassin Spirit 120 EVO DARK,31.99,1850,1850 RPM,27 dB,Black,,,5
MSI MEG CORELIQUID S360,276.79,https://cdna.pcpartpicker.com/static/forever/images/product/cbbdc86a542408a48ee588f20638430c.256p.jpg,22.7,22.7 dB,Black,360 mm,360 mm,5
Thermalright Peerless Assassin MINI,34.99,https://cdna.pcpartpicker.com/static/forever/images/product/03c13ead8c4d4bf42d9f69696dfb6ab9.256p.jpg,1500 RPM,25.6 dB,White,,,5
Noctua NH-D9L,49.95,https://cdna.pcpartpicker.com/static/forever/images/product/64d63da64b2f8be28775078a8f8d550a.256p.jpg,400 - 2000 RPM,16.3 - 22.8 dB,,,,4.5
Noctua NH-U12S chromax.black,79.95,https://cdna.pcpartpicker.com/static/forever/images/product/03d2c7690b9a62e9131a8514ea3c0dfa.256p.jpg,300 - 1500 RPM,18.6 - 22.4 dB,Black,,,4.5
Lian Li Galahad II Trinity SL-INF,163.94,https://cdna.pcpartpicker.com/static/forever/images/product/9a5bcf4f476d82ad6aff9287d2cb0b3a.256p.jpg,2100 RPM,29 dB,Black,360 mm,360 mm,4.5
Deepcool AK620 ZERO DARK,44.9,https://cdna.pcpartpicker.com/static/forever/images/product/048ee8d7e1ab67674cc0aac0e4e0e281.256p.jpg,500 - 1850 RPM,28 dB,Black,,,4.5
Corsair iCUE LINK TITAN 240 RX RGB,75.89,https://cdna.pcpartpicker.com/static/forever/images/product/0b209838f82705f4fd013688affda29d.256p.jpg,300 - 2100 RPM,Black,Black,240 mm,240 mm,4.5
ID-COOLING SE-214-XT ARGB,16.98,500,1500,500 - 1500 RPM,13.8 - 30.5 dB,Black,,,4.5
NZXT Kraken Elite 420 RGB (2025),239.99,https://cdna.pcpartpicker.com/static/forever/images/product/352d14da4f6e847989132472aa4dc95f.256p.jpg,500 - 2000 RPM,34.5 dB,Black,420 mm,420 mm,4.5
Deepcool GAMMAXX AG400 ARGB,Add,https://cdna.pcpartpicker.com/static/forever/images/product/9464a59a8e91c8203397a01ab96d0ec7.256p.jpg,500 - 2000 RPM,31.6 dB,Black,,,4.5
NZXT Kraken Plus 240 RGB,94.9,https://cdna.pcpartpicker.com/static/forever/images/product/bfab77ca83ef76771001024cf039d47f.256p.jpg,500 - 2400 RPM,31.9 dB,White,240 mm,240 mm,0
Noctua NH-D15S chromax.black,99.99,300,1500,300 - 1500 RPM,19.2 - 24.6 dB,Black,,,4.5
Montech HyperFlow ARGB 360,65.47,2200,2200 RPM,29.1 dB,Black,360 mm,360 mm,4.5
Corsair iCUE H150i ELITE CAPELLIX,,https://cdna.pcpartpicker.com/static/forever/images/product/c0affd65cd6738bf7da40dc7bfc85c44.256p.jpg,2400 RPM,10 - 37 dB,Black,360 mm,360 mm,4.5
Thermalright Assassin King SE ARGB,33.57,1550,1550 RPM,25.6 dB,Silver / Gray,,,4
ID-COOLING FX360 PRO,59.99,https://cdna.pcpartpicker.com/static/forever/images/product/658230948d7b6a8b7b71488e6828df45.256p.jpg,500 - 1800 RPM,35.2 dB,Black,360 mm,360 mm,4.5
be quiet! Pure Rock LP,39.99,https://cdna.pcpartpicker.com/static/forever/images/product/7023a0631b1f27739ac6d15b4d41d6db.256p.jpg,2500 RPM,Black,Black,,,4
ID-COOLING IS-55 Black,34.99,500,2000,500 - 2000 RPM,31.2 dB,Black,,,4.5
Thermalright Peerless Assassin 120 Digital ARGB,33.9,https://cdna.pcpartpicker.com/static/forever/images/product/0d308d7f9b074a5d64fadcba0290fb6c.256p.jpg,1850 RPM,25.6 dB,White,,,4
Noctua NH-L9x65,49.99,https://cdna.pcpartpicker.com/static/forever/images/product/9cd3f5ef165f51314d4205a0ae030ddd.256p.jpg,600 - 2500 RPM,14.8 - 23.6 dB,,,,4.5
Thermalright Burst Assassin 120 SE ARGB,23.66,1550,1550 RPM,25.6 dB,Black / Silver,,,4.5
Thermalright Assassin X Refined SE PLUS,27.99,1550,1550 RPM,25.6 dB,Black / Silver,,,4.5
Thermalright Wonder Vision 360 UB ARGB,201.61,https://cdna.pcpartpicker.com/static/forever/images/product/28dd00fa9ac29075359b0011a7155ed3.256p.jpg,2150 RPM,27 dB,White,360 mm,360 mm,5
be quiet! Pure Loop 3,64.5,https://cdna.pcpartpicker.com/static/forever/images/product/9d79831f987a13299e2a2dc0ebf1fb59.256p.jpg,1800 RPM,16.5 - 36.6 dB,Black,280 mm,280 mm,4
Thermalright AXP90-X53,24.9,2700,2700 RPM,22.4 dB,Black,,,4
Deepcool LE360 V2,61.94,https://cdna.pcpartpicker.com/static/forever/images/product/cdf9116808842d19dc032e3a3a4f71fa.256p.jpg,500 - 2100 RPM,31.6 dB,Black,360 mm,360 mm,4.5
Cooler Master MASTERLIQUID ML240L RGB V2,106.05,https://cdna.pcpartpicker.com/static/forever/images/product/5b6a5e7f4cf456ccf6415235cf7adc99.256p.jpg,650 - 1800 RPM,6 - 27 dB,Black,240 mm,240 mm,4
Lian Li Hydroshift II LCD-C TL,213.65,https://cdna.pcpartpicker.com/static/forever/images/product/f4baa809d4e22a84a737996b649c6083.256p.jpg,200 - 2600 RPM,33 dB,Black,360 mm,360 mm,4.5
Thermalright Frozen Edge,53.56,2150,2150 RPM,28.1 dB,White,240 mm,240 mm,5
Thermalright Frozen Prism ARGB,84.02,"https://cdna.pcpartpicker.com/static/forever/images/product/3624e552bf2cd8e60e652179358dafed.256p.jpg",1850 RPM,27 dB,Black,360 mm,360 mm,4.5
Noctua NH-U9S chromax.black,73.94,400,2000,400 - 2000 RPM,16.3 - 22.8 dB,Black,,,4.5
Thermalright Assassin X Refined SE RGB,Add,1550,1550 RPM,25.6 dB,Black / Silver,,,4.5
Deepcool AG400,23.5,https://cdna.pcpartpicker.com/static/forever/images/product/8542f130e5be0c87e58e7e26be7a2ccd.256p.jpg,500 - 2000 RPM,31.6 dB,Black / Silver,,,4.5
Phanteks Glacier One 360M25 G2,89.9,https://cdna.pcpartpicker.com/static/forever/images/product/58e79aa0d42de3fd917314764b33db33.256p.jpg,350 - 2000 RPM,35.13 dB,Black,360 mm,360 mm,4.5
TRYX PANORAMA ARGB (2025),229.99,https://cdna.pcpartpicker.com/static/forever/images/product/de672a3cd34e1068797bc0899a99697c.256p.jpg,500 - 1850 RPM,28.87 dB,Black,360 mm,360 mm,4
Thermalright Phantom Spirit 120,,https://cdna.pcpartpicker.com/static/forever/images/product/904cfe2602943f2e7267ea8bcf5c5583.256p.jpg,1500 RPM,25.6 dB,Black / Silver,,,4.5
Corsair NAUTILUS 240 RS,68.22,https://cdna.pcpartpicker.com/static/forever/images/product/07f1acadd4e0bf87d1cb0a12b02cbd3c.256p.jpg,2100 RPM,34 dB,Black,240 mm,240 mm,4
be quiet! Pure Loop 2,59.9,https://cdna.pcpartpicker.com/static/forever/images/product/6e0b2968e65605ca10fcb219738dd66d.256p.jpg,17.2,36.8,17.2 - 36.8 dB,Black,360 mm,360 mm,0
be quiet! Dark Rock 5,56.99,https://cdna.pcpartpicker.com/static/forever/images/product/7b7e8cf40e763260dde7362ecc53ce5c.256p.jpg,2100 RPM,11.9 - 29.8 dB,Black,,,5
Thermalright Frozen Warframe ARGB,86.94,https://cdna.pcpartpicker.com/static/forever/images/product/94d02a029c5cc15e833556f333836b67.256p.jpg,2000 RPM,22.1 dB,Black,360 mm,360 mm,4
be quiet! Pure Loop 2 FX,108.65,https://cdna.pcpartpicker.com/static/forever/images/product/4684db93dca8ab922b9b09d0fa90ddf1.256p.jpg,8,34,8 - 34 dB,Black,360 mm,360 mm,4.5
ARCTIC Liquid Freezer III 240 A-RGB,69.95,https://cdna.pcpartpicker.com/static/forever/images/product/790e8c1c5d6ac9554dbae1b88ab9d30e.256p.jpg,200 - 2000 RPM,Black,White,240 mm,240 mm,4
Thermalright Phantom Spirit 120 Digital EVO,45,https://cdna.pcpartpicker.com/static/forever/images/product/609dd9aca53bc830731d088d9c7ed292.256p.jpg,2150 RPM,27 dB,Black,,,0
NZXT Kraken Plus 280,131.64,https://cdna.pcpartpicker.com/static/forever/images/product/e6e1ca9d8cdca108841cacb87a14affb.256p.jpg,500 - 1700 RPM,30 dB,Black,280 mm,280 mm,0
ARCTIC Liquid Freezer III 420,190,https://cdna.pcpartpicker.com/static/forever/images/product/8b4c34b830a34ef286b19d1aa70e8d10.256p.jpg,200 - 1700 RPM,Black,Black,420 mm,420 mm,4.5
Cooler Master Hyper 212 EVO,120.72,https://cdna.pcpartpicker.com/static/forever/images/product/ddea57de9797549e80d05fb3acb2e83d.med.256p.jpg,600 - 2000 RPM,9 - 36 dB,,,,4.5
Scythe SHURIKEN 3,31.99,300,2500,300 - 2500 RPM,1.8 - 31.78 dB,Black,,,5
Noctua NH-L9a-AM4,55.47,https://cdna.pcpartpicker.com/static/forever/images/product/c83b5fd9fdf5b659ec8feba8e1c60568.256p.jpg,600 - 2500 RPM,14.8 - 23.6 dB,Brown,,,4.5
be quiet! Dark Rock Pro 4,,https://cdna.pcpartpicker.com/static/forever/images/product/8ab57dc3c0eb346c72ef7a2405e31227.256p.jpg,1500 RPM,12.8 - 24.3 dB,Black,,,4.5
Thermalright Assassin Spirit V2 Plus,,1500,1500 RPM,25.6 dB,Gray,,,5
EK Nucleus AIO CR240 Dark,,https://cdna.pcpartpicker.com/static/forever/images/product/2ad9e2d922fee69541c529c88e1ac4af.256p.jpg,550 - 2300 RPM,36 dB,Black,240 mm,240 mm,4.5
be quiet! Pure Rock Slim 2,24.95,https://cdna.pcpartpicker.com/static/forever/images/product/98bb44b33e99e3c03b12d76609433d62.256p.jpg,13.1,25.4,13.1 - 25.4 dB,Black / Silver,,,4
Noctua NH-D15 G2 LBC,127.99,https://cdna.pcpartpicker.com/static/forever/images/product/4fb7951d92c873fa55c5198c65ad03b6.256p.jpg,1500 RPM,24.8 dB,Brown / Silver,,,4.5
ARCTIC Liquid Freezer III Pro A-RGB,95.99,https://cdna.pcpartpicker.com/static/forever/images/product/2ad83fad5f6a719a1497baf2a9c9cbc8.256p.jpg,400 - 2500 RPM,Black,White,420 mm,420 mm,0
ID-COOLING FX240 PRO,54.99,https://cdna.pcpartpicker.com/static/forever/images/product/1a1f3fcaa2d06c6f0dbe07b5e2bbf809.256p.jpg,500 - 1800 RPM,35.2 dB,Black,240 mm,240 mm,4.5
Montech NX600,25.47,https://cdna.pcpartpicker.com/static/forever/images/product/770c81e754083d72eb22455b44aa5054.256p.jpg,800 - 2000 RPM,34.17 dB,Black,,,4
MSI MAG COREFROZR AA13,22.99,https://cdna.pcpartpicker.com/static/forever/images/product/0ed21ee80972fe926c40effa79147f50.256p.jpg,510 - 2070 RPM,30.11 dB,Black,,,0
Lian Li Hydroshift II LCD-C CL,148.9,https://cdna.pcpartpicker.com/static/forever/images/product/a292a903628796db100dacea50bbd75e.256p.jpg,200 - 2600 RPM,31 dB,Black,360 mm,360 mm,4.5
Corsair iCUE H100i ELITE CAPELLIX,,https://cdna.pcpartpicker.com/static/forever/images/product/3e80087537051bd56fa7650e7d61516d.256p.jpg,2400 RPM,10 - 37 dB,Black,240 mm,240 mm,4.5
Noctua NH-L12Sx77,78.46,450,1850,450 - 1850 RPM,16.8 - 23.9 dB,Silver / Beige,,,4.5
Corsair iCUE H150i ELITE LCD XT,353.57,https://cdna.pcpartpicker.com/static/forever/images/product/3ec80850afc7392a6dad4b82ef95c424.256p.jpg,550 - 2100 RPM,5 - 34.1 dB,Black,360 mm,360 mm,4.5
Asus ROG STRIX LC III ARGB LCD,159.99,https://cdna.pcpartpicker.com/static/forever/images/product/dc929fc76b049622206c670c699db5d6.256p.jpg,800 - 2200 RPM,36 dB,Black,360 mm,360 mm,0
Cooler Master MasterLiquid 240 ATMOS Stealth,160.7,https://cdna.pcpartpicker.com/static/forever/images/product/63c69817c80eecf861cfc2b24d76c75e.256p.jpg,1 - 2400 RPM,30 dB,Black,240 mm,240 mm,5
Thermalright RK120 SE,32.81,1500,1500 RPM,25.6 dB,Black / Silver,,,5
Noctua NH-L9a-AM4 chromax.black,49.99,600,2500,600 - 2500 RPM,14.8 - 23.6 dB,Black,,,4.5
Iceberg Thermal IceFLOE T95,9.99,https://cdna.pcpartpicker.com/static/forever/images/product/c8eca1f7fd81d05f9713cb8727ad2611.256p.jpg,1000 - 2200 RPM,32.3 dB,Teal / Silver,,,0
Cooler Master Hyper 212 (2023),23.99,https://cdna.pcpartpicker.com/static/forever/images/product/3019d492bb40655131e966a12433e19c.256p.jpg,690 - 2500 RPM,32.8 dB,Black,,,4
Deepcool AK620,,https://cdna.pcpartpicker.com/static/forever/images/product/05c27ddf4caf6b0d585bc03e41b8e7ee.256p.jpg,500 - 1850 RPM,28 dB,Black / Silver,,,4.5
Asus TUF Gaming LC III ARGB LCD,140.94,https://cdna.pcpartpicker.com/static/forever/images/product/ce4d3e24f2aa2d6fd8bb303edbc9ea2f.256p.jpg,650 - 2600 RPM,37.4 dB,Black,360 mm,360 mm,0
NZXT Kraken Elite 240 (2024),108.97,https://cdna.pcpartpicker.com/static/forever/images/product/dbf906f66e7770c4049fd4ef7b9014b5.256p.jpg,500 - 2000 RPM,30 dB,Black,240 mm,240 mm,4
be quiet! Dark Rock Pro 6,77.9,https://cdna.pcpartpicker.com/static/forever/images/product/33c1d4b68e3a4694949482cabd3b5b94.256p.jpg,1900 RPM,7.5 - 32.4 dB,Black,,,0
Noctua NH-U9S,61.94,https://cdna.pcpartpicker.com/static/forever/images/product/bc78f36e2f174fd73acf57aeb849cf11.256p.jpg,400 - 2000 RPM,16.3 - 22.8 dB,,,,4.5
Lian Li Galahad II LCD SL-INF,199.95,https://cdna.pcpartpicker.com/static/forever/images/product/e5e96aa397fa331b3b7853db14d451d3.256p.jpg,29,29 dB,White,360 mm,360 mm,4
Thermalright Peerless Assassin 120 Black,43.28,1550,1550 RPM,25.6 dB,Black,,,4.5
MSI MAG CORELIQUID A15,145.21,https://cdna.pcpartpicker.com/static/forever/images/product/d3425a4b595bab2520fe7b1f3aeac78e.256p.jpg,500 - 2050 RPM,28.7 dB,Black,360 mm,360 mm,4.5
Noctua NH-L9i-17xx chromax.black,49.95,600,2500,600 - 2500 RPM,14.8 - 23.6 dB,Black,,,4
Thermalright Trofeo Vision ARGB 360,121.9,https://cdna.pcpartpicker.com/static/forever/images/product/a8134d885ad4fff0b5adb82c6cb48deb.256p.jpg,2150 RPM,27 dB,Black,360 mm,360 mm,4
ID-COOLING FROZN A410 BLACK,24.99,500,2000,500 - 2000 RPM,29.85 dB,Black,,,4.5
Noctua NH-U12S redux,49.95,https://cdna.pcpartpicker.com/static/forever/images/product/b8721c74d96c94c4b3dfb8c97a7aaae1.256p.jpg,450 - 1700 RPM,25.1 dB,Gray / Silver,,,4.5
ID-COOLING FROZN A410 SE,19.98,300,1800,300 - 1800 RPM,24.8 dB,Black,,,5
Thermalright Assassin Spirit 120 EVO WHITE ARGB,24.85,1850,1850 RPM,27 dB,White,,,4.5
Thermalright Frozen Warframe PRO,90.19,2000,2000 RPM,29.8 dB,Black,360 mm,360 mm,5
ARCTIC Liquid Freezer II 360,,https://cdna.pcpartpicker.com/static/forever/images/product/211ec0a76765180845d9eda341ab7a7b.256p.jpg,800 - 2000 RPM,Black,Black,360 mm,360 mm,4.5
Lian Li GALAHAD AIO 360 RGB,,https://cdna.pcpartpicker.com/static/forever/images/product/b72a09ed5fc7cc5916baaa6767a925bd.256p.jpg,800 - 1900 RPM,White / Silver,White / Silver,360 mm,360 mm,4.5
Thermalright Assassin X Refined SE RGB V2,23.82,1550,1550 RPM,25.6 dB,Black / Silver,,,3.5
NZXT Kraken Z73 RGB,358.99,https://cdna.pcpartpicker.com/static/forever/images/product/3e22ca8828d712a21fae2eff9df00632.256p.jpg,500 - 1500 RPM,22 - 33 dB,White / Black,360 mm,360 mm,4.5
Thermalright Phantom Spirit 120 Digital SNOW,45,https://cdna.pcpartpicker.com/static/forever/images/product/7c63f0241e0a475d4ccbeb359bf6f843.256p.jpg,2150 RPM,27 dB,White,,,5
Montech HyperFlow Silent 360,60.46,800,2200,800 - 2200 RPM,24.8 dB,Black,360 mm,360 mm,4.5
ID-COOLING SE-214-XT V2 PLUS,,,300 - 2000 RPM,27.2 dB,Black,,,0
Cooler Master Hyper 212 3DHP ARGB,24.99,https://cdna.pcpartpicker.com/static/forever/images/product/242eb36db00b711ac41471b5418ad1cd.256p.jpg,,22.6 dB,Black,,,5
ID-COOLING FX360 INF,64.98,https://cdna.pcpartpicker.com/static/forever/images/product/32b5c2c8f8d6f44b47c7bad7a7e4fff9.256p.jpg,300 - 2000 RPM,27.2 dB,White,360 mm,360 mm,4.5
ARCTIC Alpine 23 CO,10.99,https://cdna.pcpartpicker.com/static/forever/images/product/673d40c4176d76373fb262aaf428b235.256p.jpg,100 - 2000 RPM,Black,Black,,,5
ID-COOLING SE-214-XT V2 ARGB WHITE,,,300 - 2000 RPM,27.2 dB,White / Silver,,,5
NZXT Kraken X63,129.98,https://cdna.pcpartpicker.com/static/forever/images/product/a0f3c73c8cb78b224aef8977bb4b2d96.256p.jpg,500 - 2000 RPM,21 - 38 dB,Black,280 mm,280 mm,4.5
Thermalright Frozen Prism,56.89,1850,1850 RPM,27 dB,Black,360 mm,360 mm,4.5
NZXT Kraken X73 RGB,669.55,https://cdna.pcpartpicker.com/static/forever/images/product/0d99565a8dafa7f8051ba6b1fe1b2fb6.256p.jpg,500 - 1500 RPM,22 - 33 dB,White / Black,360 mm,360 mm,4.5
Noctua NH-D12L CHROMAX.BLACK,93.95,https://cdna.pcpartpicker.com/static/forever/images/product/eb80afdef342a39e4cebd7e8d614e815.256p.jpg,450 - 2000 RPM,18.8 - 22.6 dB,Black,,,5
NZXT Kraken Elite 280 RGB (2024),89.99,https://cdna.pcpartpicker.com/static/forever/images/product/15c4378d64d1c782fe589124cd602ff8.256p.jpg,500 - 2000 RPM,34.5 dB,White,280 mm,280 mm,0
Cooler Master Hyper 212 3DHP,23.95,https://cdna.pcpartpicker.com/static/forever/images/product/9555cd585ef8fe714c31ffcff18ead2e.256p.jpg,,22.6 dB,Black,,,0
Gigabyte AORUS WATERFORCE X II 360,187.99,https://cdna.pcpartpicker.com/static/forever/images/product/2809f936c37f569bc66dc16bf827edb3.256p.jpg,800 - 2400 RPM,12 - 37.5 dB,Black,360 mm,360 mm,0
Thermalright Burst Assassin 120 SE,28.27,1550,1550 RPM,25.6 dB,Black / Silver,,,5
NZXT Kraken Core 360 RGB,79.99,,500 - 2400 RPM,31.9 dB,Black,360 mm,360 mm,4
Noctua NH-U12S,74.99,https://cdna.pcpartpicker.com/static/forever/images/product/351c9a441cd970d83faee6f581d07f73.med.256p.jpg,300 - 1500 RPM,18.6 - 22.4 dB,,,,4.5
EK Nucleus AIO CR360 Dark,94.99,https://cdna.pcpartpicker.com/static/forever/images/product/e23f385aa99b252916c494e99ea76d00.256p.jpg,550 - 2300 RPM,36 dB,Black,360 mm,360 mm,5
Thermalright Assassin X 120 PLUS V2,,1500,1500 RPM,25.6 dB,Black / Silver,,,4
Deepcool LE720,104.94,https://cdna.pcpartpicker.com/static/forever/images/product/03c6d21487fa45e877cdf03a1c91da9e.256p.jpg,500 - 2250 RPM,32.9 dB,White,360 mm,360 mm,3
Asus Prime LC 360 ARGB,99.95,https://cdna.pcpartpicker.com/static/forever/images/product/ea7cd3966ed1f0fae31934663e25b0ff.256p.jpg,800 - 2500 RPM,36.5 dB,White,360 mm,360 mm,5
Vetroo V240,49.88,800,1800,800 - 1800 RPM,30.8 dB,Black,240 mm,240 mm,4
Noctua NH-L9i-17xx,39.95,https://cdna.pcpartpicker.com/static/forever/images/product/13c98a675631dfe73b421ff97ef2d561.256p.jpg,600 - 2500 RPM,14.8 - 23.6 dB,Brown / Beige,,,3
Corsair iCUE LINK TITAN 420 RX RGB,179.99,https://cdna.pcpartpicker.com/static/forever/images/product/1a4b746e7487de0e26dca5b541e5f192.256p.jpg,300 - 1700 RPM,Black,Black,420 mm,420 mm,5
Thermalright Peerless Assassin 120 Vision MAX ARGB,66.48,,2150 RPM,27 dB,Black,,,4
NZXT Kraken X53,229.99,https://cdna.pcpartpicker.com/static/forever/images/product/098f91f23535f45875611413e7b892d6.256p.jpg,500 - 2000 RPM,21 - 36 dB,Black,240 mm,240 mm,4.5
ARCTIC Freezer 8A,14.99,https://cdna.pcpartpicker.com/static/forever/images/product/0fbf110862d4b082bd2226d6dcf78801.256p.jpg,200 - 2300 RPM,Black / Silver,Black / Silver,,,0
Thermalright Peerless Assassin 120 White,37.9,1550,1550 RPM,25.6 dB,White,,,4.5
Thermalright Peerless Vision 360 ARGB,87.9,,2000 RPM,28.2 dB,Black,360 mm,360 mm,4.5
Thermalright Peerless Assassin 120 SE V2,35.9,1850,1850 RPM,29.5 dB,Black / Silver,,,0
Lian Li Galahad II Lite Performance,101.94,https://cdna.pcpartpicker.com/static/forever/images/product/c148cd506d04c47865c6cb03cff65a9e.256p.jpg,200 - 2500 RPM,29.8 dB,Black,360 mm,360 mm,4.5
Deepcool MYSTIQUE 360,64.9,https://cdna.pcpartpicker.com/static/forever/images/product/2ebe54999faaba93c3e8fbb919aba240.256p.jpg,500 - 2150 RPM,36.49 dB,Black,360 mm,360 mm,4
NZXT Kraken 120,130.18,https://cdna.pcpartpicker.com/static/forever/images/product/fce03253070b8542ded02ac3bdc3b8f7.256p.jpg,500 - 2000 RPM,21 - 36 dB,Black,120 mm,120 mm,4.5
Vetroo V5,29.99,800,1700,800 - 1700 RPM,30.8 dB,Black,,,4.5
Montech NX400 ARGB,18.46,https://cdna.pcpartpicker.com/static/forever/images/product/cc194d26f2f6a6b84c6f53b42c212319.256p.jpg,8000 - 2000 RPM,34.17 dB,Black / Silver,,,0
Thermalright Frozen Infinity 240 ARGB,57.1,2000,2000 RPM,28.2 dB,Black,240 mm,240 mm,4.5
be quiet! Pure Rock Pro 3 LX,39.95,https://cdna.pcpartpicker.com/static/forever/images/product/f8e58ac8b629760758480d7cc22ad020.256p.jpg,2000 RPM,14 - 34.8 dB,Black,,,4.5
Deepcool AK620 DIGITAL,56.99,https://cdna.pcpartpicker.com/static/forever/images/product/e0f646f05ca57372374cf39b3b34a1c3.256p.jpg,500 - 1850 RPM,28 dB,Black,,,4.5
Thermalright Aqua Elite 360 ARGB V5,61.38,,2000 RPM,28.2 dB,White,360 mm,360 mm,0
ID-COOLING FROSTFLOW X,40,https://cdna.pcpartpicker.com/static/forever/images/product/e35753cbf265ef2b0edebf1c84825012.256p.jpg,700 - 1800 RPM,18 - 35.2 dB,280,240 mm,240 mm,4.5
Super Flower COOLDEX ST4,,https://cdna.pcpartpicker.com/static/forever/images/product/5f57e77d844e75ffe4c09d05b4eba6d3.256p.jpg,800 - 1800 RPM,24.51 dB,Black,120 mm,120 mm,0
ARCTIC Liquid Freezer III 280 A-RGB,47.9,https://cdna.pcpartpicker.com/static/forever/images/product/8ed355fe9c6060ea33f9d50757e15be1.256p.jpg,200 - 1900 RPM,Black,White,280 mm,280 mm,4.5
Thermalright Assassin X Refined SE,17.89,1550,1550 RPM,25.6 dB,White / Silver,,,5
be quiet! Light Loop,102.94,https://cdna.pcpartpicker.com/static/forever/images/product/1099d7ff04fd6bcc7cfcfccaa12a67bb.256p.jpg,1500 - 2900 RPM,17.2 - 36.8 dB,Black,360 mm,360 mm,4.5
Noctua NH-P1,109.95,https://cdna.pcpartpicker.com/static/forever/images/product/9bf88a0725d8d9b4e3a5b10e4bebeeab.256p.jpg,0,0 dB,Silver,,,5
be quiet! Dark Rock Elite,79.99,https://cdna.pcpartpicker.com/static/forever/images/product/dc3b736cb12f53d2b02b8fd652f3172f.256p.jpg,1500 - 2000 RPM,11 - 25.8 dB,Black,,,4.5
Deepcool AG200,,https://cdna.pcpartpicker.com/static/forever/images/product/2a3efa7e128926eada03042cf24e1e6d.256p.jpg,500 - 3050 RPM,30.5 dB,Black / Silver,,,5
Deepcool AK400 DIGITAL,,https://cdna.pcpartpicker.com/static/forever/images/product/cdd47d524615ffee254da2f4010c0562.256p.jpg,500 - 1850 RPM,28 dB,Black,,,4.5
Corsair H100i v2,Add,2435,2435 RPM,37.7 dB,240,240 mm,240 mm,4.5
Noctua NH-D12L,89.95,450,2000,450 - 2000 RPM,18.8 - 22.6 dB,Beige / Brown,,,4.5
Thermalright Wonder Vision 360 Turbo ARGB,197,https://cdna.pcpartpicker.com/static/forever/images/product/e98abf5909127c08d340d2933087e42e.256p.jpg,3000 RPM,44.7 dB,Black,360 mm,360 mm,0
NZXT Kraken Elite 280,120.41,https://cdna.pcpartpicker.com/static/forever/images/product/d67364f66ec158944a9f8da7c011e81a.256p.jpg,500 - 1500 RPM,19.4 - 32.1 dB,Black,280 mm,280 mm,4
Cooler Master Hyper 212 Halo,33.59,https://cdna.pcpartpicker.com/static/forever/images/product/240fb0c07a7eecd84ed0582d147ea50a.256p.jpg,650 - 2050 RPM,27 dB,Black,,,4.5
Corsair iCUE H100i RGB PRO XT,,https://cdna.pcpartpicker.com/static/forever/images/product/adc0e1d172f0de205c1c74fe9e80ef31.256p.jpg,2400 RPM,37 dB,Black,240 mm,240 mm,4
Gigabyte AORUS WATERFORCE II 360 ICE,85,https://cdna.pcpartpicker.com/static/forever/images/product/62ac13b1b303cbb323d815f4fee6fc3f.256p.jpg,800 - 2300 RPM,12.8 - 36.9 dB,White,360 mm,360 mm,5
Deepcool LE240 V2,57.94,https://cdna.pcpartpicker.com/static/forever/images/product/4651f53d0608592d86058bdfa67a050f.256p.jpg,500 - 2100 RPM,31.6 dB,Black,240 mm,240 mm,5
TRYX TURRIS 620,84.95,https://cdna.pcpartpicker.com/static/forever/images/product/46a5e9b5246971c295069f4416bb5e57.256p.jpg,500 - 1850 RPM,27.42 dB,Black,,,0
Scythe Fuma 3,54.13,https://cdna.pcpartpicker.com/static/forever/images/product/a099eed81cc4729754f632a86be57d8d.256p.jpg,200 - 1500 RPM,4 - 28.6 dB,Black / Silver,,,5
NZXT Kraken Elite 360,384.13,https://cdna.pcpartpicker.com/static/forever/images/product/b5af5d6ebb1594a90a21922fbdae33ed.256p.jpg,500 - 1800 RPM,17.9 - 30.6 dB,Black,360 mm,360 mm,4.5
Cooler Master Hyper 612 APEX,70.47,https://cdna.pcpartpicker.com/static/forever/images/product/0e93f850d001bc32bcee54a9ea16ca9b.256p.jpg,30,30 dB,Black,,,4.5
Thermaltake Gravity A2,30.15,https://cdna.pcpartpicker.com/static/forever/images/product/d852a8bc814b7647bc959bb95b587688.256p.jpg,1200 - 3500 RPM,33.5 dB,Silver / Black,,,0
Deepcool Ice Edge Mini FS V2.0,,https://cdna.pcpartpicker.com/static/forever/images/product/d0df0c0f4db12a0abdfb1787fb33be3a.256p.jpg,2200 RPM,24.7 dB,,,,5
Jonsbo CR-1000,,https://cdna.pcpartpicker.com/static/forever/images/product/b7c2a068e38a4440f13dfe6b94edf5ab.256p.jpg,700 - 1800 RPM,20.55 - 37.2 dB,Black,,,4.5
Thermalright Mjolnir Vision 360 ARGB,89,https://cdna.pcpartpicker.com/static/forever/images/product/0746bec62f4bfaf985babd7b58fdec0d.256p.jpg,2150 RPM,27 dB,Black,360 mm,360 mm,5
ID-COOLING FROZN A720 BLACK,69.98,500,2000,500 - 2000 RPM,33.5 dB,Black,,,4.5
Scythe Mugen 6 Dual Fan,72.64,https://cdna.pcpartpicker.com/static/forever/images/product/fe493b7acbc32629a01695a1b5fda3d3.256p.jpg,300 - 2000 RPM,3 - 26.88 dB,Black,,,5
Xilence I200,13.06,2200,2200 RPM,25 dB,Black / Silver,,,0
Thermaltake Contact 9 SE,33.35,https://cdna.pcpartpicker.com/static/forever/images/product/d8d5587e5e3ae0eb755206c063c16f1f.256p.jpg,800 - 2000 RPM,24.5 dB,Black / Silver,,,4
NZXT Kraken Core 240 RGB,59.9,,500 - 2400 RPM,31.9 dB,Black,240 mm,240 mm,0
ARCTIC Liquid Freezer II 280,,https://cdna.pcpartpicker.com/static/forever/images/product/d4be1665d9e39cda9ce38d3cac4abfe6.256p.jpg,200 - 1700 RPM,Black,Black,280 mm,280 mm,4.5
ARCTIC Alpine 17,9.99,https://cdna.pcpartpicker.com/static/forever/images/product/6f6e72d3f900e592f78ea9a58fc0fc7b.256p.jpg,100 - 2000 RPM,Black / White,Black / White,,,0
Thermalright Peerless Assassin 120 Digital,34.99,https://cdna.pcpartpicker.com/static/forever/images/product/ee7f6a1d8fe78328bbe05c57f2b2dc63.256p.jpg,1850 RPM,25.6 dB,Black,,,4
Asus ProArt LC 360,169.99,https://cdna.pcpartpicker.com/static/forever/images/product/b209d7e7553704fc45440971a103623b.256p.jpg,0,39.5,0 - 39.5 dB,Black,360 mm,360 mm,0
MSI MEG CORELIQUID S280,349.52,https://cdna.pcpartpicker.com/static/forever/images/product/df5ce8233332b1b11b2ada3c3e4e86c8.256p.jpg,24.9,24.9 dB,Black,280 mm,280 mm,5
Phanteks Glacier One 360M25 LCD,129.9,https://cdna.pcpartpicker.com/static/forever/images/product/5e5553c080020030d22e8008b5907fc5.256p.jpg,350 - 2000 RPM,35.13 dB,Black,360 mm,360 mm,0
Thermalright Assassin King SE,21.54,1550,1550 RPM,25.6 dB,Silver / Gray,,,3.5
ENDORFY Spartan 5,17,https://cdna.pcpartpicker.com/static/forever/images/product/71497cf92663ac447ebd1dd12525c26e.256p.jpg,250 - 1500 RPM,Black / Silver,Black / Silver,,,0
Zalman CNPS10X Performa,66.06,700,1500,700 - 1500 RPM,27 dB,White,,,0
Cooler Master MasterLiquid 360 Atmos,98.32,https://cdna.pcpartpicker.com/static/forever/images/product/1f83b39742ea2f6a259c167218439a95.256p.jpg,690 - 2500 RPM,27.2 dB,Black,360 mm,360 mm,5
ARCTIC Liquid Freezer III 360,200,https://cdna.pcpartpicker.com/static/forever/images/product/6e91b2e301abb56cd87d1e4a301540e1.256p.jpg,200 - 1800 RPM,Black,Black,360 mm,360 mm,4.5
Scythe Mugen 5 Rev. B,,300,1200,300 - 1200 RPM,4 - 24.9 dB,Silver / Black,,,4.5
Thermalright Silver Soul 110,29.9,2500,2500 RPM,23 dB,Black,,,4.5
Montech LightFlow ARGB,50.47,https://cdna.pcpartpicker.com/static/forever/images/product/9d09ce9cd7175fe6961f52d82310dd7c.256p.jpg,600 - 2000 RPM,34.3 dB,Black,360 mm,360 mm,5
Thermalright Burst Assassin 120 EVO DARK,36.61,1500,1500 RPM,25.6 dB,Black,,,5
SAMA SM360 LCD,109.99,https://cdna.pcpartpicker.com/static/forever/images/product/dbb6b63aae4fd20346f6cbb7478072e1.256p.jpg,800 - 1800 RPM,35.5 dB,White,360 mm,360 mm,4.5
ARCTIC Freezer 36 CO,24.99,https://cdna.pcpartpicker.com/static/forever/images/product/02bcf23ff467b4e20229995637470e9c.256p.jpg,200 - 1800 RPM,Black / Silver,Black / Silver,,,5
ARCTIC Liquid Freezer III 280,129.99,https://cdna.pcpartpicker.com/static/forever/images/product/8b7c238a1a688b69e07a422b29d8490c.256p.jpg,200 - 1700 RPM,Black,Black,280 mm,280 mm,4.5
Corsair H60 (2018),,1700,1700 RPM,28.3 dB,Black,120 mm,120 mm,4.5
Thermalright Frozen Warframe 240 SE ARGB,57.36,https://cdna.pcpartpicker.com/static/forever/images/product/5f9ed2a002be8bfd55348ce9f56401fe.256p.jpg,2000 RPM,29.8 dB,Black,240 mm,240 mm,0
ARCTIC Liquid Freezer III 420 A-RGB,94.99,https://cdna.pcpartpicker.com/static/forever/images/product/04ab97466c3a3e7cd0e57f44ad674e00.256p.jpg,200 - 1900 RPM,Black,White,420 mm,420 mm,4.5
Thermalright Assassin X 90 SE ARGB,23.54,2200,2200 RPM,23.85 dB,Black / Silver,,,5
Thermalright Phantom Spirit 120 Vision SNOW,87.99,,2150 RPM,36 dB,White,,,5
Noctua NH-D15S,89.95,https://cdna.pcpartpicker.com/static/forever/images/product/ed53ee293a5850a42c79d46f37349901.256p.jpg,300 - 1500 RPM,19.2 - 24.6 dB,,,,4.5
Lian Li GALAHAD AIO 360 RGB UNI FAN SL120 EDITION,,https://cdna.pcpartpicker.com/static/forever/images/product/955050d4431a480818d74c81b1e0c777.256p.jpg,800 - 1900 RPM,32 dB,White / Silver,360 mm,360 mm,4.5
Thermalright Peerless Assassin 90 SE,35.99,2200,2200 RPM,23.85 dB,Black,,,5
Thermaltake TH360 V2 ARGB Sync,130.69,https://cdna.pcpartpicker.com/static/forever/images/product/c386f554532842b707ad332c05a8e4e1.256p.jpg,500 - 2000 RPM,25.8 dB,Black,360 mm,360 mm,0
ENDORFY Fera 5,40.29,https://cdna.pcpartpicker.com/static/forever/images/product/638f83e2b668cb90893441d2af3bebab.256p.jpg,250 - 1800 RPM,Black / Silver,Black / Silver,,,5
NZXT Kraken Z63,253.45,https://cdna.pcpartpicker.com/static/forever/images/product/ac552283fdffa791733145916bb359c4.256p.jpg,500 - 1800 RPM,21 - 38 dB,Black,280 mm,280 mm,4.5
Thermalright Phantom Spirit 120 Vision EVO,87.99,,2150 RPM,36 dB,Black,,,0
be quiet! Pure Rock 3 LX,29.99,https://cdna.pcpartpicker.com/static/forever/images/product/54d0d39f1e8b2f3b115e8f999bddeff9.256p.jpg,2000 RPM,14 - 34.8 dB,Black,,,4
Asus ROG STRIX LC 240 RGB White Edition,447.86,800,2500,800 - 2500 RPM,37.6 dB,White,240 mm,240 mm,4
Cooler Master MasterLiquid 360 Core II,69.98,https://cdna.pcpartpicker.com/static/forever/images/product/c8da8a5c493096df1d87b18deb07b715.256p.jpg,600 - 1750 RPM,30 dB,Black,360 mm,360 mm,4
Asus ROG Ryujin 240 RGB AIO,137.06,https://cdna.pcpartpicker.com/static/forever/images/product/e853a45e569b94d909348ddf3e4ba6a4.256p.jpg,450 - 2000 RPM,29.7 dB,Black,240 mm,240 mm,3.5
Lian Li HydroShift II OLED Curved 360P28,259.89,https://cdna.pcpartpicker.com/static/forever/images/product/f25be405930942f70c777d57e059cbd6.256p.jpg,200 - 3000 RPM,38.1 dB,Black,360 mm,360 mm,0
Thermalright Royal Pretor 130 Ultra,57.84,,1750 RPM,28.3 dB,Black,,,5
Noctua NH-D9L chromax.black,65.9,https://cdna.pcpartpicker.com/static/forever/images/product/6df0aa42863d202387df1a545db8dd68.256p.jpg,400 - 2000 RPM,16.3 - 22.8 dB,Black,,,5
NZXT Kraken Elite 240 RGB (2024),169.99,https://cdna.pcpartpicker.com/static/forever/images/product/b022f8dac94716cbdada89d59bedd421.256p.jpg,500 - 2400 RPM,30 dB,White,240 mm,240 mm,5
Corsair iCUE LINK H150i RGB,203.62,https://cdna.pcpartpicker.com/static/forever/images/product/72c1f2a5697eedfdede263123f14c050.256p.jpg,480 - 2400 RPM,Black,Black,360 mm,360 mm,4.5
iBuypower AW4,79.99,https://cdna.pcpartpicker.com/static/forever/images/product/174290a09e576ba61b5073378b28f7c9.256p.jpg,700 - 2000 RPM,38 dB,Black,360 mm,360 mm,0
Deepcool LS720,,https://cdna.pcpartpicker.com/static/forever/images/product/d0521b5fb17a11941fefa276e9c84f31.256p.jpg,500 - 2250 RPM,32.9 dB,Black,360 mm,360 mm,4.5
Cooler Master MasterLiquid ML240 Illusion,96.34,https://cdna.pcpartpicker.com/static/forever/images/product/628b6b76bd5c0ee6aadc29d45638bd9d.256p.jpg,650 - 1800 RPM,6 - 30 dB,Black,240 mm,240 mm,4
ID-COOLING IS-67-XT,39.99,https://cdna.pcpartpicker.com/static/forever/images/product/3d2876ced4747f363cbc4a097d78c8a7.256p.jpg,500 - 2200 RPM,35.2 dB,Black,,,5
Thermaltake Gravity i2,34.27,1800,1800 RPM,21.3 dB,,,,4
Jonsbo CR-1400 EVO ARGB Black,,https://cdna.pcpartpicker.com/static/forever/images/product/2fe7a90c8bdb7b9447c4277b4ebcf1a1.256p.jpg,800 - 2200 RPM,22.3 - 33.8 dB,Black,,,5
Thermalright Royal Pretor 130,54.17,1750,1750 RPM,28.3 dB,Black / Silver,,,4.5
Deepcool ASSASSIN IV,74.5,https://cdna.pcpartpicker.com/static/forever/images/product/48b85a3acc39adeb07b6acb12d1e10b6.256p.jpg,500 - 1700 RPM,22.6 - 29.3 dB,Black,,,4.5
be quiet! Dark Rock 4,,https://cdna.pcpartpicker.com/static/forever/images/product/aba40716670bdd4a88508ee83621b33a.256p.jpg,1400 RPM,Black,Black,,,4.5
MSI MAG CORELIQUID I360,89.99,https://cdna.pcpartpicker.com/static/forever/images/product/54b4ba5d99e1eaa6217f58b5ab9438f2.256p.jpg,,Black,Black,360 mm,360 mm,5
ARCTIC Liquid Freezer II 240,,https://cdna.pcpartpicker.com/static/forever/images/product/8836b6919f843ea0a51fe5b544efe3bf.256p.jpg,200 - 1800 RPM,Black,Black,240 mm,240 mm,4.5
ID-COOLING FROZN A620 BLACK,39.99,500,2000,500 - 2000 RPM,29.85 dB,Black,,,5
Asus ROG RYUO IV 360 ARGB Hatsune Miku Edition,,https://cdna.pcpartpicker.com/static/forever/images/product/742a890914d74f64d6f9be0bd363761a.256p.jpg,800 - 2650 RPM,39.6 dB,Teal,360 mm,360 mm,5
MSI MPG CORELIQUID P13,125.47,https://cdna.pcpartpicker.com/static/forever/images/product/6ae35524f7275ccd23d7d031183cf0be.256p.jpg,500 - 2050 RPM,,White,360 mm,360 mm,5
Scythe Kotetsu Mark 3,22.72,https://cdna.pcpartpicker.com/static/forever/images/product/21ee991b3528cb8827822250c4e13ff3.256p.jpg,300 - 1500 RPM,4 - 28.6 dB,Black / Silver,,,4
Corsair iCUE LINK H100i RGB,179.99,https://cdna.pcpartpicker.com/static/forever/images/product/0c018b979ff6fbae25436e7e64c5a140.256p.jpg,480 - 2400 RPM,Black,Black,240 mm,240 mm,3.5
Noctua NH-U9DXi4,59.95,https://cdna.pcpartpicker.com/static/forever/images/product/b47e85473999f3d5bbc04086f8d2e398.256p.jpg,300 - 1600 RPM,13.1 - 17.6 dB,,,,5
DARKROCK AC400,23.39,,700 - 1800 RPM,22.3 dB,Black,,,0
Cooler Master Hyper 620S,63.01,350,1750,350 - 1750 RPM,27.2 dB,Black / Silver,,,4.5
be quiet! Dark Rock Slim,51.94,https://cdna.pcpartpicker.com/static/forever/images/product/e54422fa9f63e8876b7bf51ef19ddb13.256p.jpg,1500 RPM,11 - 23.6 dB,Black,,,4.5
Deepcool LT720,,https://cdna.pcpartpicker.com/static/forever/images/product/6836eb2d379fa4b51adaa3ef0d08c2a9.256p.jpg,500 - 2250 RPM,32.9 dB,Black / Gray,360 mm,360 mm,4.5
Montech NX600 ARGB,26.47,https://cdna.pcpartpicker.com/static/forever/images/product/43cd3c162fbd2c54f4fd8fe4580681f9.256p.jpg,800 - 2000 RPM,34.17 dB,Black,,,5
Thermaltake TH240 V2 ARGB Sync,103.26,https://cdna.pcpartpicker.com/static/forever/images/product/556c18ef844e0e7296f7dd7f8010d690.256p.jpg,500 - 2000 RPM,25.8 dB,Black,240 mm,240 mm,4.5
Corsair H100i RGB PLATINUM,,https://cdna.pcpartpicker.com/static/forever/images/product/623066a73a9f4feafdea3ae659f80705.256p.jpg,2400 RPM,37 dB,Black / Silver,240 mm,240 mm,4.5
Corsair iCUE LINK H115i RGB,77.51,https://cdna.pcpartpicker.com/static/forever/images/product/a2bc08997c1a7b6d7ac43fadb8e6e929.256p.jpg,400 - 2000 RPM,Black,Black,280 mm,280 mm,4
Thermalright Core Vision,85.97,,2000 RPM,27.7 dB,Black,360 mm,360 mm,4
Thermalright Frozen Warframe PRO ARGB,107.99,https://cdna.pcpartpicker.com/static/forever/images/product/2894da625d371adba2d23642ee3000f0.256p.jpg,2000 RPM,29.8 dB,White / Blue,360 mm,360 mm,4
Cooler Master I30,12.99,2600,2600 RPM,28 dB,Black / Silver,,,4.5
Thermalright Core Vision ARGB,101.18,https://cdna.pcpartpicker.com/static/forever/images/product/b75d0f0f07d006b4c5f6e3a7f0925531.256p.jpg,2000 RPM,27.7 dB,Black,360 mm,360 mm,4.5
ARCTIC Alpine 17 CO,10.99,https://cdna.pcpartpicker.com/static/forever/images/product/e95e4cfd3c074666b03d6092f739221e.256p.jpg,250 - 2700 RPM,Black,Black,,,5
Corsair iCUE LINK TITAN 240 RX LCD,131.97,https://cdna.pcpartpicker.com/static/forever/images/product/0caad0327be3987d7779d787765bfbfb.256p.jpg,300 - 2100 RPM,10 - 36 dB,Black,240 mm,240 mm,0
TRYX PANORAMA (2025),316.99,https://cdna.pcpartpicker.com/static/forever/images/product/45b28f0871bb23588c552c95bc4c3391.256p.jpg,500 - 2250 RPM,30.97 dB,Black,360 mm,360 mm,0
Asus ROG RYUO III 360 ARGB WHITE EDITION,275.18,https://cdna.pcpartpicker.com/static/forever/images/product/12e1a20cbb65d7a65bd095b260db3252.256p.jpg,2200 RPM,36.45 dB,White,360 mm,360 mm,4
be quiet! Pure Loop 3 LX,72.98,https://cdna.pcpartpicker.com/static/forever/images/product/252b12f2eccbe3d3b0f355020081b11e.256p.jpg,2100 RPM,17.3 - 36.9 dB,Black,360 mm,360 mm,5
Asus TUF Gaming LC II ARGB,101.99,https://cdna.pcpartpicker.com/static/forever/images/product/4bad804e8e2be5c04ab0ca7b67a54d6b.256p.jpg,800 - 2000 RPM,29 dB,Black,360 mm,360 mm,4
Thermalright Frozen Warframe ULTRA ARGB,87.58,2000,2000 RPM,22.1 dB,Black,360 mm,360 mm,4
Antec Skeleton 360 ARGB,54.96,https://cdna.pcpartpicker.com/static/forever/images/product/f9e585620e2416991282a06679bfbef1.256p.jpg,800 - 2000 RPM,32 dB,Black,360 mm,360 mm,0
NZXT Kraken Z73,220,https://cdna.pcpartpicker.com/static/forever/images/product/26b8fd4167a7e43f82d73cae4c26d565.256p.jpg,500 - 1800 RPM,21 - 36 dB,Black,360 mm,360 mm,4.5
Lian Li Galahad II Trinity,99.95,https://cdna.pcpartpicker.com/static/forever/images/product/a71129f791c9f3327ba095a6a88f0a48.256p.jpg,2450 RPM,35.4 dB,White,360 mm,360 mm,4.5
Deepcool R-LM360-BKDMMC-1,85.99,https://cdna.pcpartpicker.com/static/forever/images/product/8b53788cc9bbd85b0567c571b4089c75.256p.jpg,400 - 2400 RPM,36.07 dB,Black,360 mm,360 mm,0
ARCTIC Freezer 8A CO,16.98,https://cdna.pcpartpicker.com/static/forever/images/product/ccc2341ab191b54cfd6a0bf6be4c4619.256p.jpg,200 - 2300 RPM,Black / Silver,Black / Silver,,,0
Thermaltake UX200 SE ARGB,62.5,https://cdna.pcpartpicker.com/static/forever/images/product/924a7496484ea7760c64e4c6adfa9a72.256p.jpg,800 - 1800 RPM,25 dB,White,,,5
Noctua NH-L12 Ghost S1,74.95,300,1600,300 - 1600 RPM,13.1 - 17.6 dB,Silver / Beige,,,4
NZXT Kraken Elite 240 RGB,230.46,https://cdna.pcpartpicker.com/static/forever/images/product/6f683f6bee595e3b641933df52ecff8f.256p.jpg,500 - 1800 RPM,17.9 - 30.6 dB,White,240 mm,240 mm,4.5
Deepcool AK400 ZERO DARK,29.81,https://cdna.pcpartpicker.com/static/forever/images/product/0969db68c5d36df3d025d4b88993d681.256p.jpg,500 - 1850 RPM,29 dB,Black,,,4.5
Asus ROG Ryujin III,324.04,https://cdna.pcpartpicker.com/static/forever/images/product/3f336e06cc4f537631bcd5f0ef566a8e.256p.jpg,450 - 2000 RPM,29.7 dB,Black,360 mm,360 mm,3.5
Cooler Master Hyper 411 Nano,23.47,https://cdna.pcpartpicker.com/static/forever/images/product/53a820363c6cf189003adb10371c2a0c.256p.jpg,650 - 2500 RPM,30.04 dB,Black,,,0
ID-COOLING SE-224-XTS BLACK,27.99,600,1500,600 - 1500 RPM,28.9 dB,Black,,,4.5
Fractal Design Lumen S28 RGB V2,118.43,https://cdna.pcpartpicker.com/static/forever/images/product/c1fa94b7baddf7fa1f6c0c03c90524f4.256p.jpg,500 - 1700 RPM,10 - 35.5 dB,Black,280 mm,280 mm,5
Cooler Master MasterLiquid 360 ATMOS Stealth,122.39,1,2400,1 - 2400 RPM,30 dB,Black,360 mm,360 mm,5
Thermalright Grand Vision ARGB,74.99,https://cdna.pcpartpicker.com/static/forever/images/product/1ec1d9d05ccb1f5c2a9324510b667b20.256p.jpg,2150 RPM,29.4 dB,Black,240 mm,240 mm,4
DARKROCK DR-CPU-DT6-BK,32.54,,800 - 1600 RPM,25.6 dB,Black,,,5
Asus ROG STRIX LC 360 RGB White Edition,740.6,800,2500,800 - 2500 RPM,37.6 dB,White,360 mm,360 mm,3.5
KOLINK Umbra Void,29.99,https://cdna.pcpartpicker.com/static/forever/images/product/a124887b212f53f3e3e683069f1e66fc.256p.jpg,2200 RPM,30 dB,Black,360 mm,360 mm,0
Montech NX400,15.46,https://cdna.pcpartpicker.com/static/forever/images/product/3b5d41d9685e68177ddc383364a2438c.256p.jpg,8000 - 2000 RPM,34.17 dB,Black / Silver,,,3
Thermalright Peerless Assassin 140 Digital,53.46,https://cdna.pcpartpicker.com/static/forever/images/product/53bfaf186f16ea57f5f5bb855eac2206.256p.jpg,1500 RPM,25.6 dB,Black,,,0
Cooler Master MasterLiquid ML360R RGB,74.98,https://cdna.pcpartpicker.com/static/forever/images/product/04a17d23df03ba214c03198242eed6e9.256p.jpg,650 - 2000 RPM,6 - 34 dB,Black,360 mm,360 mm,4
ASRock Challenger Digital,99.94,https://cdna.pcpartpicker.com/static/forever/images/product/d2aedda3fc5a0cf589ab12fa4848adc1.256p.jpg,,31 dB,White,360 mm,360 mm,0
Asus Prime LC 360 ARGB LCD,117.94,https://cdna.pcpartpicker.com/static/forever/images/product/7eda3b1562c5bf646a10abd2e1012ae3.256p.jpg,800 - 2500 RPM,36.5 dB,Black,360 mm,360 mm,0
NZXT T120 RGB,30.46,https://cdna.pcpartpicker.com/static/forever/images/product/16b3307f0115d1d9311f085a6badbf2c.256p.jpg,500 - 1800 RPM,17.2 - 27.5 dB,White,,,4
MSI MPG CORELIQUID K360 V2,,https://cdna.pcpartpicker.com/static/forever/images/product/922c628607f81bc55ebb6023b284be3f.256p.jpg,39.9,39.9 dB,Black,360 mm,360 mm,0
Cooler Master V4 Alpha 3DHP,34.99,https://cdna.pcpartpicker.com/static/forever/images/product/c63f45ba840a6764cb62c30df6a15573.256p.jpg,,22.6 dB,Black / Silver,,,0
Deepcool AG620,,https://cdna.pcpartpicker.com/static/forever/images/product/c6c3472d10c480f950995c0b7009ac0a.256p.jpg,300 - 1850 RPM,29.4 dB,Black / Silver,,,4
Thermaltake TH120 V2 ARGB Sync,104.05,https://cdna.pcpartpicker.com/static/forever/images/product/7ed552c92bcd8ade385387f08209575f.256p.jpg,500 - 2000 RPM,25.8 dB,Black,120 mm,120 mm,4
Deepcool AG300,21.94,https://cdna.pcpartpicker.com/static/forever/images/product/f081af159c0c28a944da061775f784a5.256p.jpg,500 - 3050 RPM,30.5 dB,Black / Silver,,,5
GAMDIAS BOREAS P1-720,44.99,800,2000,800 - 2000 RPM,10 - 31 dB,Black,,,0
Corsair iCUE LINK TITAN 280 RX RGB,149.99,https://cdna.pcpartpicker.com/static/forever/images/product/f78d943de0e88a9fc311cce4522413e9.256p.jpg,300 - 1700 RPM,Black,Black,280 mm,280 mm,0
Gigabyte EAGLE,69.98,https://cdna.pcpartpicker.com/static/forever/images/product/b81eb434a9e7934e019b45da342d1325.256p.jpg,600 - 2000 RPM,37.6 dB,Black,360 mm,360 mm,0
Gigabyte AORUS WATERFORCE II 360,196.24,https://cdna.pcpartpicker.com/static/forever/images/product/b3b3d0f7a35a299b4d3cfbe73d02a256.256p.jpg,800 - 2300 RPM,12.8 - 36.9 dB,Black,360 mm,360 mm,5
Corsair iCUE H150i RGB PRO XT,135.98,https://cdna.pcpartpicker.com/static/forever/images/product/f1108a195027ab71953f5b9b1687db2a.256p.jpg,2400 RPM,37 dB,Black / White,360 mm,360 mm,4
be quiet! Pure Rock 2 Black,49.9,https://cdna.pcpartpicker.com/static/forever/images/product/9267f7394684175fbe4178facf75dbbf.256p.jpg,1500 RPM,19.1 - 26.8 dB,Black,,,4.5
APNX AP1-V,16.95,600,1800,600 - 1800 RPM,16.1 - 32.8 dB,White,,,0
Scythe Mugen 6,63.8,https://cdna.pcpartpicker.com/static/forever/images/product/903007f7faf8d269ca7703ec64a4fafe.256p.jpg,300 - 2000 RPM,3 - 26.88 dB,Black,,,5
Razer Hanbo Chroma,88.02,https://cdna.pcpartpicker.com/static/forever/images/product/551197ef146855b3fdc9403642420917.256p.jpg,,Black,Black,240 mm,240 mm,4.5
Noctua NH-U14S,79.95,https://cdna.pcpartpicker.com/static/forever/images/product/356776b12b7cb2e8c1368bbba0858a81.med.256p.jpg,300 - 1500 RPM,19.2 - 24.6 dB,,,,4.5
Deepcool AK400 ZERO DARK PLUS,,https://cdna.pcpartpicker.com/static/forever/images/product/6756c08038ee5090c324ba715a8e790c.256p.jpg,500 - 1650 RPM,28 dB,Black,,,4.5
be quiet! Dark Rock 6,59.9,https://cdna.pcpartpicker.com/static/forever/images/product/8a75e94cf3a734ed380adefcd8bcf98e.256p.jpg,2000 RPM,11.9 - 31.1 dB,Black,,,0
KOLINK Umbra EX180 Black Edition,16.99,https://cdna.pcpartpicker.com/static/forever/images/product/7146b23dae711539b5e91f0f2961589b.256p.jpg,800 - 1800 RPM,28.6 dB,Black,,,0
Cooler Master Hyper 212 EVO V2,69.98,https://cdna.pcpartpicker.com/static/forever/images/product/6a4bd7668f5b99c34773f0eab64b9666.256p.jpg,650 - 1800 RPM,8 - 27 dB,Black / Silver,,,4
TRYX STAGE,139.99,https://cdna.pcpartpicker.com/static/forever/images/product/1337afbcd40f13d1f3b2e7f9031eeccb.256p.jpg,500 - 1850 RPM,28.87 dB,Black,360 mm,360 mm,0
be quiet! Pure Rock 2,52,https://cdna.pcpartpicker.com/static/forever/images/product/2cb0b9b4b4bfc72434fc1d2a31477c51.256p.jpg,1500 RPM,19.1 - 26.8 dB,Silver / Black,,,4.5
EK AIO 120 D-RGB,,https://cdna.pcpartpicker.com/static/forever/images/product/d861ca0e0dec024b63cd63c61adc498f.256p.jpg,450 - 2600 RPM,36.4 dB,Black,120 mm,120 mm,4
Lian Li Galahad II LCD,229.99,https://cdna.pcpartpicker.com/static/forever/images/product/e03b1960a13646e4500e06981143cfb5.256p.jpg,300 - 2450 RPM,30 dB,White,360 mm,360 mm,5
ID-COOLING IS-47-XT,29.99,800,2800,800 - 2800 RPM,32.5 dB,Black,,,5
Thermalright Hyper Vision UB ARGB,99.95,https://cdna.pcpartpicker.com/static/forever/images/product/7dcd6844e90fc9a633f7cb0a0eba46d0.256p.jpg,2150 RPM,27 dB,Black,360 mm,360 mm,4.5
Cooler Master Wraith Ripper,270,,0,38,0 - 38 dB,Black,,,4.5
Thermalright Ultra 120 Extreme EVO REV.5,40.14,,2400 RPM,33.3 dB,Black,,,0
NZXT Kraken X73,289.99,500,2000,500 - 2000 RPM,21 - 36 dB,Black,360 mm,360 mm,4.5
Gigabyte AORUS WATERFORCE II 240,72.98,https://cdna.pcpartpicker.com/static/forever/images/product/a1f242f4c38493011a406901966e1b2b.256p.jpg,800 - 2300 RPM,12.8 - 36.9 dB,Black,240 mm,240 mm,0
Corsair iCUE H100i RGB ELITE,109.99,https://cdna.pcpartpicker.com/static/forever/images/product/076dcbc1ba5e06eafb25c91e17dbef75.256p.jpg,400 - 1850 RPM,5 - 28.9 dB,Black,240 mm,240 mm,4.5
Lian Li Galahad II Trinity Performance,97.47,https://cdna.pcpartpicker.com/static/forever/images/product/b602dfaf4352ab5599ba6add5bba511a.256p.jpg,2300 - 3000 RPM,32.1 - 39.9 dB,White,360 mm,360 mm,4
NZXT Kraken 360 RGB,219.99,https://cdna.pcpartpicker.com/static/forever/images/product/da52d72313deb270a5397a87703991d0.256p.jpg,500 - 1800 RPM,17.9 - 30.6 dB,Black,360 mm,360 mm,4.5
Corsair H100x,,https://cdna.pcpartpicker.com/static/forever/images/product/2191a293d407f911a0f88a2e83171bf8.256p.jpg,1700 RPM,37 dB,Black,240 mm,240 mm,4.5
Montech HyperFlow Silent 240,49.99,800,2200,800 - 2200 RPM,24.8 dB,Black,240 mm,240 mm,0
MSI MAG CORELIQUID E360,79.99,,,Black,Black,360 mm,360 mm,4.5
Noctua NH-U14S TR4-SP3,89.95,https://cdna.pcpartpicker.com/static/forever/images/product/c1fedefbac0407a69d22cb532318dea5.256p.jpg,300 - 1500 RPM,19.2 - 24.6 dB,,,,4.5
GAMDIAS CHIONE P5,86.39,,400 - 2200 RPM,11 - 34.91 dB,Black,360 mm,360 mm,0
Corsair iCUE H100i ELITE CAPELLIX XT,161.63,https://cdna.pcpartpicker.com/static/forever/images/product/89bda0047f8b2ccffe4de3b909175e0b.256p.jpg,550 - 2100 RPM,5 - 34.1 dB,White,240 mm,240 mm,4.5
Thermalright Stream Vision,104,https://cdna.pcpartpicker.com/static/forever/images/product/f08d8fe646aed0b88d6e6e23c491f9c4.256p.jpg,2400 RPM,31.4 dB,Black,360 mm,360 mm,0
Asus ROG RYUO III 240 ARGB,125.47,https://cdna.pcpartpicker.com/static/forever/images/product/6a05bcd998466123f06f10896fb9183d.256p.jpg,2200 RPM,36.45 dB,Black,240 mm,240 mm,5
Antec A400i,17.94,https://cdna.pcpartpicker.com/static/forever/images/product/19fe542ce3692866f04e00e7b433d78c.256p.jpg,800 - 1800 RPM,20 - 36 dB,Black / Silver,,,0
ENDORFY Fera 5 Dual Fan,34,https://cdna.pcpartpicker.com/static/forever/images/product/1b394cf30c004439ab3814659dc809a3.256p.jpg,250 - 1800 RPM,Black / Silver,Black / Silver,,,4.5
Deepcool LE520,,https://cdna.pcpartpicker.com/static/forever/images/product/8cec6d2363455f95d71152f1875b2884.256p.jpg,500 - 2250 RPM,32.9 dB,Black,240 mm,240 mm,4
Fractal Design Lumen S36 RGB V2,110.03,https://cdna.pcpartpicker.com/static/forever/images/product/8a8ee242a049d31b5fdfb28ed97771f1.256p.jpg,500 - 2000 RPM,10 - 33.2 dB,Black,360 mm,360 mm,4
Ocypus Gamma A40 ARGB,,,600 - 2400 RPM,29.5 dB,Black,,,0
TRYX PANORAMA ARGB (2024),326.94,https://cdna.pcpartpicker.com/static/forever/images/product/ac141bb17c054a292b9b01a3db8a13ea.256p.jpg,500 - 1850 RPM,27.86 dB,White,360 mm,360 mm,5
MSI MAG CORELIQUID 240R V2,109.99,https://cdna.pcpartpicker.com/static/forever/images/product/e452db7a637e23fd3b05c4cec1d895f1.256p.jpg,500 - 2000 RPM,14.3 - 34.3 dB,Black,240 mm,240 mm,4
Thermalright Peerless Assassin,39.95,1550,1550 RPM,25.6 dB,Gray,,,4.5
Corsair iCUE H170i ELITE LCD XT,,https://cdna.pcpartpicker.com/static/forever/images/product/bc2d553706b1009178d061fac7e55c67.256p.jpg,500 - 1700 RPM,5 - 33.8 dB,Black,420 mm,420 mm,4.5
Geometric Future Eskimo Pro 42,117.78,https://cdna.pcpartpicker.com/static/forever/images/product/5d4d191b8b179ac7691ea045d6f726a8.256p.jpg,2400 RPM,34.2 dB,Black,420 mm,420 mm,5
Gigabyte AORUS WATERFORCE X II 360 ICE,202.94,https://cdna.pcpartpicker.com/static/forever/images/product/05a071fe7fd8933ca888717d8f1d4a05.256p.jpg,800 - 2400 RPM,12 - 37.5 dB,White,360 mm,360 mm,0
Thermalright Levita Vision 360 UB ARGB,129.95,https://cdna.pcpartpicker.com/static/forever/images/product/54a5f01536876f7089e56f0bc7037d59.256p.jpg,2150 RPM,27 dB,Black,360 mm,360 mm,0
Thermaltake CL-P0503,25.02,https://cdna.pcpartpicker.com/static/forever/images/product/8807a079a0bb00794b0ffb33a1864423.256p.jpg,2900 RPM,29.58 dB,,,,3.5
Jonsbo HP-400S Black,,https://cdna.pcpartpicker.com/static/forever/images/product/7ae4862c65effbbd2f4fa3dd6829eaf6.256p.jpg,900 - 2800 RPM,20.2 - 34 dB,Black,,,0
ID-COOLING FROZN A620 PRO SE ARGB,39.99,300,2000,300 - 2000 RPM,27.2 dB,Black,,,4.5
Deepcool AG400 PLUS,,https://cdna.pcpartpicker.com/static/forever/images/product/67505015d8803aa628f304bde43d94c8.256p.jpg,500 - 2000 RPM,Black / Silver,Black / Silver,,,5
ARCTIC Freezer 34 eSports DUO,84.42,https://cdna.pcpartpicker.com/static/forever/images/product/51025144d03095be4632b13edfec38c1.256p.jpg,200 - 2100 RPM,24.4 dB,Black / Gray,,,4.5
Deepcool ASSASSIN VC ELITE,79.99,https://cdna.pcpartpicker.com/static/forever/images/product/3d17289d6ffae7f9e212dd5f9de04a58.256p.jpg,500 - 1800 RPM,29.3 dB,Black,,,0
Noctua NH-L9x65 SE-AM4,59.95,https://cdna.pcpartpicker.com/static/forever/images/product/8908f54ec97a1262296a05ef496f0973.256p.jpg,600 - 2500 RPM,14.8 - 23.6 dB,,,,4
ARCTIC Liquid Freezer III 360 A-RGB,159.99,https://cdna.pcpartpicker.com/static/forever/images/product/78ddcad28cc97e597946e8827bfd741c.256p.jpg,200 - 2000 RPM,Black,White,360 mm,360 mm,4.5
Corsair iCUE H150i ELITE CAPELLIX XT,370.7,https://cdna.pcpartpicker.com/static/forever/images/product/b2b9eee9f88a4a8db5a4ddb6cef86927.256p.jpg,550 - 2100 RPM,White,White,360 mm,360 mm,4
be quiet! BK047,23.9,https://cdna.pcpartpicker.com/static/forever/images/product/fe753c36815b8c5690aad846b445c45e.256p.jpg,1700 RPM,12.4 - 24.8 dB,Black / Silver,,,0
NZXT T120,30.46,https://cdna.pcpartpicker.com/static/forever/images/product/6ffb79be2b5a5ce66c77d24fb384aa25.256p.jpg,500 - 1800 RPM,17.9 - 30.6 dB,White,,,5
NZXT Kraken 240 RGB,127.55,https://cdna.pcpartpicker.com/static/forever/images/product/ebd0dcafaf707dc2d772c44585ea8e10.256p.jpg,500 - 1800 RPM,17.9 - 30.6 dB,White,240 mm,240 mm,3.5
Deepcool AK500 ZERO DARK,,https://cdna.pcpartpicker.com/static/forever/images/product/63ca6be3a442b69d6033ca3a31231a21.256p.jpg,500 - 1850 RPM,25.9 - 31.5 dB,Black,,,4.5
Asus ROG RYUJIN II ARGB,199.99,https://cdna.pcpartpicker.com/static/forever/images/product/b5132345791aba8e349d990eb770c8e5.256p.jpg,,Black,Black,240 mm,240 mm,0
Corsair H100i RGB PLATINUM SE,,2200,2200 RPM,36 dB,White,240 mm,240 mm,4.5
Corsair iCUE H100x RGB ELITE,,https://cdna.pcpartpicker.com/static/forever/images/product/910431067172593d99eb5c6c6f6ca70e.256p.jpg,1500 RPM,7 - 28 dB,Black,240 mm,240 mm,4
Fractal Design Lumen S24 RGB V2,98.99,https://cdna.pcpartpicker.com/static/forever/images/product/2a211c269fa2abcc271967052a2801d5.256p.jpg,500 - 2000 RPM,10 - 33.2 dB,Black,240 mm,240 mm,4
ID-COOLING FX240 INF,49.49,https://cdna.pcpartpicker.com/static/forever/images/product/f1ceb70c5e47d3f5469a47d0c3c47e7b.256p.jpg,300 - 2000 RPM,27.2 dB,White,240 mm,240 mm,0
MSI MAG CORELIQUID E360 WHITE,79.9,https://cdna.pcpartpicker.com/static/forever/images/product/eaef12e213bf77e4060efce016b9f6ed.256p.jpg,,White,White,360 mm,360 mm,0
Thermaltake Gravity i3,31.18,https://cdna.pcpartpicker.com/static/forever/images/product/6e93a37b1f86b26e368bf5c79ba0a0cd.256p.jpg,1200 - 3500 RPM,36.5 dB,Silver / Black,,,5
Thermaltake UX400 RGB,20.39,https://cdna.pcpartpicker.com/static/forever/images/product/56255c423fa0421468d677a62f1fe47b.256p.jpg,700 - 1800 RPM,25 dB,Black / Silver,,,0
Xilence A250PWM,12,https://cdna.pcpartpicker.com/static/forever/images/product/f7801e59134d6ae8f2be73436ae9d081.256p.jpg,1000 - 2800 RPM,17.8 - 32 dB,Red / Black,,,3
Corsair iCUE LINK H150i LCD,329.99,https://cdna.pcpartpicker.com/static/forever/images/product/ab58f364345bbabcd7149bc7fcb72759.256p.jpg,480 - 2400 RPM,White,Black,360 mm,360 mm,5
NZXT Kraken 360,179.99,https://cdna.pcpartpicker.com/static/forever/images/product/e71bea262e634ec0decd5847c6e4d0a1.256p.jpg,500 - 1800 RPM,17.9 - 30.6 dB,Black,360 mm,360 mm,4.5
Cooler Master Masterliquid 240 Atmos,98.62,https://cdna.pcpartpicker.com/static/forever/images/product/9972f225e426ab66a0af050b1b291435.256p.jpg,690 - 2500 RPM,27.2 dB,White,240 mm,240 mm,4.5
Asus ProArt LC 240,179.99,https://cdna.pcpartpicker.com/static/forever/images/product/fb0b6d57caf31932f7868178e94d9f5d.256p.jpg,,49 - 39.5 dB,Black,240 mm,240 mm,0
Deepcool AK400 DIGITAL WH,26.03,https://cdna.pcpartpicker.com/static/forever/images/product/6f76e5f4ef961404d29738fa07ef6cfc.256p.jpg,500 - 1850 RPM,28 dB,White,,,4.5
Thermalright Peerless Assassin 120 White ARGB,49.66,https://cdna.pcpartpicker.com/static/forever/images/product/05b8b859f67ea5999cc545cc85baed27.256p.jpg,1550 RPM,25.6 dB,White,,,5
Deepcool AG400 ARGB,30.44,https://cdna.pcpartpicker.com/static/forever/images/product/fdb2ee625bc24a23362a9c4f622d52ed.256p.jpg,500 - 2000 RPM,31.6 dB,Black / Silver,,,0
Noctua NH-C14S,79.95,https://cdna.pcpartpicker.com/static/forever/images/product/224a71c7ddb83507e50721fd3424e7f7.256p.jpg,300 - 1500 RPM,19.2 - 24.6 dB,,,,4.5
MSI MAG CORELIQUID E240 WHITE,35.97,https://cdna.pcpartpicker.com/static/forever/images/product/007a21c13dde35c7c86e6a13a6bb64f1.256p.jpg,,White,White,240 mm,240 mm,5
GAMDIAS CHIONE E4,92.08,"https://cdna.pcpartpicker.com/static/forever/images/product/48970f5fe67c77d3b2a00e51e3057f3f.256p.jpg",800 - 1800 RPM,11 - 33.8 dB,Black,240 mm,240 mm,0
Thermaltake TOUGHLIQUID Ultra,354.85,https://cdna.pcpartpicker.com/static/forever/images/product/13d2170da6aa62a0c8a8647aab55a4c3.256p.jpg,500 - 2500 RPM,28.1 dB,Black,360 mm,360 mm,5
Deepcool MYSTIQUE 240,60.94,https://cdna.pcpartpicker.com/static/forever/images/product/b3b667d5bf68cf26600cd97baaa61303.256p.jpg,500 - 2150 RPM,36.49 dB,Black,240 mm,240 mm,5
Jonsbo TG-360,59.99,https://cdna.pcpartpicker.com/static/forever/images/product/7ed8d13e452f3f0de89a249de74b7e1b.256p.jpg,900 - 1800 RPM,22.9 - 35.4 dB,Black,360 mm,360 mm,0
Montech HyperFlow Digital 360,64.99,,800 - 2200 RPM,36.25 dB,Black,360 mm,360 mm,0
Thermalright Assassin Spirit 120 Vision ARGB,29.21,1500,1500 RPM,25.6 dB,White,,,0
Corsair iCUE H150i RGB ELITE,,https://cdna.pcpartpicker.com/static/forever/images/product/be7a21f8569b28b3a63c9cacf31e8ccd.256p.jpg,400 - 1850 RPM,5 - 28.9 dB,White,360 mm,360 mm,5
PC Cooler DS360,109.99,500,2200,500 - 2200 RPM,32 dB,Black,360 mm,360 mm,0
Cooler Master MasterLiquid ML360 Illusion,136.3,https://cdna.pcpartpicker.com/static/forever/images/product/973eb581b6a61a8947cce55e123949bd.256p.jpg,650 - 1800 RPM,6 - 30 dB,Black / Silver,360 mm,360 mm,4.5
ENDORFY Spartan 5 ARGB,18,https://cdna.pcpartpicker.com/static/forever/images/product/b0d3892844dd3a4779ae47e5fcb31ce9.256p.jpg,250 - 1500 RPM,Black / Silver,Black / Silver,,,0
Deepcool LS520S ZERO DARK,72.94,https://cdna.pcpartpicker.com/static/forever/images/product/01400e1422c3eccb7a7a6bde690ed4e8.256p.jpg,500 - 2250 RPM,28.2 - 32.9 dB,Black,240 mm,240 mm,5
Phanteks Glacier One D30 X2,129.94,https://cdna.pcpartpicker.com/static/forever/images/product/56fa23ce42c0ed6a97df7bea621dd6df.256p.jpg,250 - 2000 RPM,35.13 dB,Black,360 mm,360 mm,0
Jonsbo CR-1000 EVO ARGB Black,36.86,600,1500,600 - 1500 RPM,22 - 32 dB,Black,,,0
MSI MAG CORELIQUID 360R V2,139.99,https://cdna.pcpartpicker.com/static/forever/images/product/7a8eb35e54d9877fa9c18a8fb8ef37a7.256p.jpg,500 - 2000 RPM,14.3 - 34.3 dB,Black,360 mm,360 mm,3.5
Gigabyte GAMING 360,74.99,500,2200,500 - 2200 RPM,13.8 - 35.8 dB,Black,360 mm,360 mm,0
Asus Prime LC 240 ARGB,64.99,https://cdna.pcpartpicker.com/static/forever/images/product/5e5db6673cb3e7cd5e1f4a104444a1d7.256p.jpg,600 - 2200 RPM,Black,Black,240 mm,240 mm,0
Deepcool LS720S ZERO DARK,91,https://cdna.pcpartpicker.com/static/forever/images/product/7cca116c2c6a2bb9ae3c7e8fd83d5f9f.256p.jpg,500 - 2250 RPM,28.2 - 32.9 dB,Black,360 mm,360 mm,5
Cooler Master Hyper 212 Black X Duo,87.97,690,2500,690 - 2500 RPM,32.8 dB,Black,,,0
GAMDIAS AURA GL360 V2,46.94,800,1800,800 - 1800 RPM,33.8 dB,Black,360 mm,360 mm,0
ARCTIC Alpine 12 CO,,100,2700,100 - 2700 RPM,Black / Gray,Black / Gray,,,4
NZXT Kraken X62,,https://cdna.pcpartpicker.com/static/forever/images/product/88a46cbc0fb9422db89ab2d7c1b81e88.256p.jpg,500 - 1800 RPM,21 - 38 dB,280,280 mm,280 mm,4.5
Alpenföhn Panorama 2,,https://cdna.pcpartpicker.com/static/forever/images/product/80c63ece7b20620c3476e640b61997f5.256p.jpg,500 - 3000 RPM,37.6 dB,Black,,,0
Thermalright SI-100,26.9,https://cdna.pcpartpicker.com/static/forever/images/product/b681198865713babc872cc8c37e92c1e.256p.jpg,2000 RPM,27.7 dB,Gray / Silver,,,5
Cooler Master MasterLiquid Atmos II LCD,205.89,https://cdna.pcpartpicker.com/static/forever/images/product/c1258eb817dea1dc0befcc1520b03965.256p.jpg,690 - 2500 RPM,38.5 dB,Black,360 mm,360 mm,0
Corsair H100i PRO RGB,,https://cdna.pcpartpicker.com/static/forever/images/product/727b2d396d060c5982ad3fa62e0fdd42.256p.jpg,2400 RPM,37 dB,Black,240 mm,240 mm,4.5
Thermalright Aqua Elite ARGB V2,49.68,https://cdna.pcpartpicker.com/static/forever/images/product/971ec932a28b67778c1ffde09c348c51.256p.jpg,2000 RPM,28.2 dB,360,360 mm,360 mm,0
ENDORFY Spartan 5 MAX,20,https://cdna.pcpartpicker.com/static/forever/images/product/c1ff52afc71207c9a6b7bdc4609cc460.256p.jpg,250 - 1500 RPM,Black / Silver,Black / Silver,,,0
Antec Skeleton 240 ARGB,51.68,https://cdna.pcpartpicker.com/static/forever/images/product/c2a07d8253b2754a1d870daa7b255c17.256p.jpg,800 - 2000 RPM,32 dB,Black,240 mm,240 mm,0
Corsair A115,,https://cdna.pcpartpicker.com/static/forever/images/product/d7f3e5209ce6e1bc96523d526e07c426.256p.jpg,400 - 1600 RPM,5 - 33.9 dB,Black,,,0
ID-COOLING FROZN A620 SLK,37.99,,500 - 1850 RPM,33.9 dB,Black,,,0
EK EK-Nucleus AIO CR240 Lux D-RGB,111.94,https://cdna.pcpartpicker.com/static/forever/images/product/f9df6fe4505a023280fceaa31045a52d.256p.jpg,550 - 2300 RPM,36 dB,Black,240 mm,240 mm,4.5
Gelid Solutions BlackFrore,21,900,2000,900 - 2000 RPM,20 dB,Black,,,0
NZXT Kraken Elite 280 RGB,222.21,https://cdna.pcpartpicker.com/static/forever/images/product/56f4165bd17c7dce5d280700ac5f5f7d.256p.jpg,500 - 1500 RPM,34.48 dB,Black,280 mm,280 mm,5
Thermaltake TH360 V3 Ultra ARGB Sync,105.46,https://cdna.pcpartpicker.com/static/forever/images/product/79e264a7fe31a01d8a7eb14cdb014b55.256p.jpg,500 - 2500 RPM,37.8 dB,Black,360 mm,360 mm,0
Valkyrie Vind 125 SL,36.94,https://cdna.pcpartpicker.com/static/forever/images/product/2a711f413180b050af0d3720d234bd76.256p.jpg,800 - 2150 RPM,29 dB,Black,,,0
Deepcool GAMMAXX AG620 ARGB,,https://cdna.pcpartpicker.com/static/forever/images/product/ec2a661534171f89b5307f655fb0d201.256p.jpg,300 - 1850 RPM,29.4 dB,Black,,,4.5
Cooler Master MasterLiquid 240 Core II,57.99,600,1750,600 - 1750 RPM,30 dB,Black,240 mm,240 mm,5
upHere UE2K6,39.97,,600 - 1650 RPM,25 dB,Black,,,4
ENDORFY Navis F360 ARGB,86.85,https://cdna.pcpartpicker.com/static/forever/images/product/dfa48950ed25589c17a5c9a407b39556.256p.jpg,250 - 1800 RPM,Black,Black,360 mm,360 mm,0
ID-COOLING IS-77-XT BLACK,,,500 - 1850 RPM,33.9 dB,Black,,,0
Deepcool AK620 DIGITAL PRO,69.26,https://cdna.pcpartpicker.com/static/forever/images/product/4ee373608fb5dde8a50b79fc11ed7428.256p.jpg,500 - 1750 RPM,25 dB,Black,,,4
Corsair iCUE H170i ELITE CAPELLIX,,https://cdna.pcpartpicker.com/static/forever/images/product/2362b7257dd759eadb5d830d3234f97e.256p.jpg,2000 RPM,10 - 37 dB,Black,420 mm,420 mm,4.5
Cooler Master MasterLiquid 240,,https://cdna.pcpartpicker.com/static/forever/images/product/34c880de55c034f9cee334fe30c6fd2d.256p.jpg,650 - 2000 RPM,6 - 30 dB,240,240 mm,240 mm,4
Thermalright Royal Pretor 130 BLACK,56.09,1750,1750 RPM,28.3 dB,Black,,,4.5
Noctua NH-U9 TR4-SP3,79.95,https://cdna.pcpartpicker.com/static/forever/images/product/98ac8769ce2795903fdf6bc6fcd12c9b.256p.jpg,400 - 2000 RPM,16.3 - 22.8 dB,,,,5
ID-COOLING FROZN A410 DK,31.49,500,2000,500 - 2000 RPM,29.85 dB,Black,,,0
Deepcool AK620 G2,,https://cdna.pcpartpicker.com/static/forever/images/product/4cd4dd2c23b6084bcb2108696b52c99d.256p.jpg,2000 RPM,28.87 dB,Black / Brown,,,0
NZXT Kraken Elite 240,99.99,https://cdna.pcpartpicker.com/static/forever/images/product/0ee69c6ef6b011bd7b1931075f77120e.256p.jpg,500 - 1800 RPM,17.9 - 30.6 dB,Black,240 mm,240 mm,4.5
Intel BXTS15A,,https://cdna.pcpartpicker.com/static/forever/images/product/280d252d32bb3a756693954f47de8af2.256p.jpg,1000 - 3850 RPM,,,,,4
Cooler Master MasterLiquid 120L Core,59.99,https://cdna.pcpartpicker.com/static/forever/images/product/744d9305b004a1660a453d3ab23eaa1f.256p.jpg,650 - 1750 RPM,27.2 dB,Black,120 mm,120 mm,4
Enermax LIQMAX III 240 ARGB,48.9,https://cdna.pcpartpicker.com/static/forever/images/product/9e46236deb61baff33952558b93cee09.256p.jpg,500 - 1600 RPM,14 - 27 dB,White / Black,240 mm,240 mm,0
Antec VORTEX 360,,https://cdna.pcpartpicker.com/static/forever/images/product/ee53c6842b0870314574b2530aa2b266.256p.jpg,600 - 2000 RPM,31.24 dB,Black,360 mm,360 mm,0
Deepcool AG400 DIGITAL BK ARGB,,https://cdna.pcpartpicker.com/static/forever/images/product/bdc9f0d52963b05159168e2c48a5348e.256p.jpg,500 - 2100 RPM,31.6 dB,Black,,,5
Vetroo V360,49.99,https://cdna.pcpartpicker.com/static/forever/images/product/b09df0612cbd8cb35346a5d2ac6a5437.256p.jpg,800 - 1800 RPM,30.8 dB,Black,360 mm,360 mm,0
Cooler Master MasterAir MA824 Stealth,142.68,https://cdna.pcpartpicker.com/static/forever/images/product/1c2647683a225a3e833f401d6cc5800c.256p.jpg,0,24.6,0 - 24.6 dB,Black,,,0
NZXT Kraken 280,107.01,https://cdna.pcpartpicker.com/static/forever/images/product/84128080e04ff1cff81741225c168af0.256p.jpg,500 - 1500 RPM,19.4 - 32.1 dB,Black,280 mm,280 mm,4
Asus ROG STRIX LC III ARGB,129.94,https://cdna.pcpartpicker.com/static/forever/images/product/82fbcaa37878dde15499ca60759612e3.256p.jpg,800 - 2200 RPM,36 dB,Black,360 mm,360 mm,0
Thermaltake TH280 V2 ARGB Sync,96.35,https://cdna.pcpartpicker.com/static/forever/images/product/a2e5487a4240cd151429ab479f85c598.256p.jpg,500 - 1800 RPM,34.7 dB,Black,280 mm,280 mm,4
NZXT Kraken Z53,266.66,https://cdna.pcpartpicker.com/static/forever/images/product/e84673309feba343ba83c6a99439e1a6.256p.jpg,500 - 2000 RPM,21 - 36 dB,Black,240 mm,240 mm,4.5
Deepcool ASSASSIN IV VC VISION,98.94,https://cdna.pcpartpicker.com/static/forever/images/product/e0c59e3b18647c867332193eec883bed.256p.jpg,500 - 1800 RPM,29.3 dB,Black,,,0
ARCTIC Freezer 7 X CO,22.97,https://cdna.pcpartpicker.com/static/forever/images/product/35d957902577f816971b98902de228a9.256p.jpg,300 - 2000 RPM,Black / Silver,Black / Silver,,,4.5
Cooler Master MasterLiquid PL360 FLUX,107.53,https://cdna.pcpartpicker.com/static/forever/images/product/53484934833f624186a7ccf1c7ef28c2.256p.jpg,32,32 dB,Black,360 mm,360 mm,4.5
Thermaltake MAGFloe 420 Ultra ARGB Sync,185.47,500,2000,500 - 2000 RPM,34.5 dB,White,420 mm,420 mm,0
NZXT Kraken Z63 RGB,349,https://cdna.pcpartpicker.com/static/forever/images/product/df16448ab2d26d511e98ba79dd91826c.256p.jpg,500 - 1500 RPM,22 - 33 dB,White / Black,280 mm,280 mm,4
Scythe Big Shuriken 4,49.09,,200 - 1900 RPM,31.78 dB,Black / Silver,,,0
Jonsbo CR-1400 EVO Color White,27.38,https://cdna.pcpartpicker.com/static/forever/images/product/1bd24e4c48099d07ed7ba138edbbb7fe.256p.jpg,800 - 2200 RPM,22.3 - 33.8 dB,White,,,5
Deepcool LS720 SE WH,,https://cdna.pcpartpicker.com/static/forever/images/product/876374634dcac9c71c8f9f585d6e4767.256p.jpg,500 - 2250 RPM,28.2 - 32.9 dB,White,360 mm,360 mm,4.5
Thermalright Frost Commander 140 BLACK,56.9,1800,1800 RPM,30.2 dB,Black,,,4.5
Thermaltake UX100,,https://cdna.pcpartpicker.com/static/forever/images/product/80d55b70d8963a172fb456dc4e52540c.256p.jpg,1800 RPM,26.92 dB,Black,,,3.5
Deepcool AK620 DIGITAL WH,,https://cdna.pcpartpicker.com/static/forever/images/product/0e92d3459917bf3592be3db897aac305.256p.jpg,500 - 1850 RPM,28 dB,White,,,5
Corsair iCUE H150i ELITE LCD,,https://cdna.pcpartpicker.com/static/forever/images/product/eacc91b741eda1f196d910125506d5b4.256p.jpg,450 - 2000 RPM,10 - 30.4 dB,Black,360 mm,360 mm,4.5
ID-COOLING SE-224-XTS ARGB,,https://cdna.pcpartpicker.com/static/forever/images/product/a2e777317adfebf12c6bbb4be2403133.256p.jpg,600 - 1500 RPM,28.9 dB,Black,,,5
ENDORFY Fortis 5,50.78,https://cdna.pcpartpicker.com/static/forever/images/product/69c30d2a2dc0573a39826e5707b0fa85.256p.jpg,250 - 1400 RPM,Black / Silver,Black / Silver,,,0
be quiet! Shadow Rock LP,44.99,https://cdna.pcpartpicker.com/static/forever/images/product/319d976fd128a4904bf763c118ba0ae6.256p.jpg,1500 RPM,14.8 - 25.5 dB,,,,4.5
ID-COOLING FROZN A620 GDL,49.99,500,2000,500 - 2000 RPM,29.9 dB,Black / Gold,,,4
Deepcool LT360 ARGB,95.47,https://cdna.pcpartpicker.com/static/forever/images/product/2c86fdfaf632cb3e39b6f4549f970ea4.256p.jpg,600 - 2400 RPM,38.71 dB,Black,360 mm,360 mm,0
Ocypus Delta A40 ARGB,21.99,500,2000,500 - 2000 RPM,29 dB,Black,,,0
BitFenix Cube ARGB,59.9,https://cdna.pcpartpicker.com/static/forever/images/product/b41f432b9793485fd845e2e5bd9a6312.256p.jpg,2000 RPM,34 dB,Black,360 mm,360 mm,0
Asus ROG RYUO III 360 ARGB,189.5,https://cdna.pcpartpicker.com/static/forever/images/product/8c236ab5bdc5a6dcd25cf284769cf84f.256p.jpg,2200 RPM,36.45 dB,Black,360 mm,360 mm,0
Lian Li GALAHAD AIO 240 RGB UNI FAN SL120 EDITION,287.36,800,1900,800 - 1900 RPM,32 dB,Black / Silver,240 mm,240 mm,5
ENDORFY Navis F360,87.22,https://cdna.pcpartpicker.com/static/forever/images/product/d1f728f4cffda4bc9e2d08c27da2012a.256p.jpg,250 - 1800 RPM,Black,Black,360 mm,360 mm,5
ENDORFY Spartan 5 MAX ARGB,28.42,https://cdna.pcpartpicker.com/static/forever/images/product/7ab1ca79dcc1ea281890b8d08bbfd10d.256p.jpg,250 - 1500 RPM,Black / Silver,Black / Silver,,,0
Deepcool AK400 G2,,https://cdna.pcpartpicker.com/static/forever/images/product/8f26a7d2a406512bddb73e78c0bfa31d.256p.jpg,2200 RPM,31.45 dB,Black / Brown,,,0
Noctua NH-D14,,https://cdna.pcpartpicker.com/static/forever/images/product/f56aa3303c9d422e0185a480bd65ac94.256p.jpg,900 - 1200 RPM,12.6 - 19.8 dB,,,,4.5
ID-COOLING SE-903-XT,14.99,https://cdna.pcpartpicker.com/static/forever/images/product/6d5bb0572a7037396468750e4aa5e25a.256p.jpg,500 - 2200 RPM,25.8 dB,Black,,,4.5
GAMDIAS AURA GL360 DIGITAL,106.78,,800 - 1800 RPM,33 dB,White,360 mm,360 mm,5
Deepcool AK700 DIGITAL NYX,64.99,https://cdna.pcpartpicker.com/static/forever/images/product/679f7bf7dc636c4899eb9346162ccec0.256p.jpg,2700 RPM,21 - 36 dB,Black,,,0
Cooler Master Hyper H412R,,https://cdna.pcpartpicker.com/static/forever/images/product/fe5031b3f7914a71ac0b61fa3e318216.256p.jpg,600 - 2000 RPM,29.4 dB,Black,,,5
ARCTIC Alpine 12,11.99,100,2000,100 - 2000 RPM,Black / White,Black / White,,,4
be quiet! Pure Rock 2 FX,97.71,https://cdna.pcpartpicker.com/static/forever/images/product/6c8d81d6a381f89132093a4b0707e1f8.256p.jpg,7.9,24.4,7.9 - 24.4 dB,Black,,,4.5
ID-COOLING FROZN A400 BLACK,24.99,500,2200,500 - 2200 RPM,25.8 dB,Black,,,5
Silentware Bora,33.84,https://cdna.pcpartpicker.com/static/forever/images/product/a92b3dba9902f154256d2069e0d35531.256p.jpg,,27 dB,Black,,,0
Thermaltake UX400,19.8,https://cdna.pcpartpicker.com/static/forever/images/product/43aadfa59d5c570f81c8a1c16337d031.256p.jpg,700 - 1800 RPM,25 dB,Black / Silver,,,0
Thermalright Royal Knight 120,55.99,2150,2150 RPM,29.4 dB,Black,,,4.5
be quiet! Pure Loop 360,,https://cdna.pcpartpicker.com/static/forever/images/product/59fd31bff47291176f9febfb36db1190.256p.jpg,19.8,40.5,19.8 - 40.5 dB,Black,360 mm,360 mm,4.5
Deepcool LD360,,https://cdna.pcpartpicker.com/static/forever/images/product/2a30c5c21d0e9189ba59e59e06023279.256p.jpg,600 - 2400 RPM,38.71 dB,Black,360 mm,360 mm,5
Scythe FUMA 2,,300,1200,300 - 1200 RPM,2.7 - 24.9 dB,Black / Silver,,,4.5
ID-COOLING SE-225-XT,34.99,https://cdna.pcpartpicker.com/static/forever/images/product/b27027fd1ca3dd2d9bf09f4e26f55d83.256p.jpg,700 - 1800 RPM,15.2 - 35.2 dB,Black / Silver,,,0
ASRock Challenger Pure,76.99,https://cdna.pcpartpicker.com/static/forever/images/product/0635ad91e3a71495db98d0e2c9111b7b.256p.jpg,,27 dB,Black,360 mm,360 mm,0
Corsair iCUE LINK H170i RGB,,https://cdna.pcpartpicker.com/static/forever/images/product/867137585e298a8119d01a310e7ff726.256p.jpg,400 - 2000 RPM,Black,Black,420 mm,420 mm,4.5
Deepcool LT520,,https://cdna.pcpartpicker.com/static/forever/images/product/63b8a5ceb8bc7dfc0a6f9108a6203d8b.256p.jpg,500 - 2250 RPM,32.9 dB,Black / Gray,240 mm,240 mm,4.5
Corsair H100i,,2700,2700 RPM,37.68 dB,240,240 mm,240 mm,4.5
NZXT Kraken X52,,https://cdna.pcpartpicker.com/static/forever/images/product/11db17a44ea85058c98b34ddca6792d7.256p.jpg,500 - 2000 RPM,21 - 36 dB,240,240 mm,240 mm,4
Asus ROG STRIX LC II ARGB,200.64,"https://cdna.pcpartpicker.com/static/forever/images/product/ad2d67177c35acc45be96995e6a4b370.256p.jpg",800 - 2500 RPM,37.6 dB,White / Black,360 mm,360 mm,4.5
ID-COOLING IS-40-XT,24.99,800,2800,800 - 2800 RPM,14 - 35.2 dB,Black,,,0
Thermalright Frozen Notte ARGB V2,,https://cdna.pcpartpicker.com/static/forever/images/product/f8a8210a59886bd179ff538fd574b8ad.256p.jpg,2000 RPM,27.7 dB,White,360 mm,360 mm,5
EK AIO 240 D-RGB,,https://cdna.pcpartpicker.com/static/forever/images/product/192c7c7ca19b40fe8dcfa666ae7ba8be.256p.jpg,450 - 2600 RPM,36.4 dB,Black,240 mm,240 mm,4.5
Deepcool LS520 SE WH,,https://cdna.pcpartpicker.com/static/forever/images/product/b3a7d206434ee44481ff8e79729d0764.256p.jpg,500 - 2250 RPM,28.2 - 32.9 dB,White,240 mm,240 mm,4
Asus ROG RYUJIN III 360 ARGB EVA-02 EDITION,,600,2200,600 - 2200 RPM,36.45 dB,Red / Black,360 mm,360 mm,5
MSI MAG CORELIQUID M360,98.21,https://cdna.pcpartpicker.com/static/forever/images/product/1941845aab8181cf519db787c405fded.256p.jpg,500 - 2000 RPM,14.3 - 34.3 dB,Black,360 mm,360 mm,5
Corsair iCUE LINK H100i LCD,189.99,https://cdna.pcpartpicker.com/static/forever/images/product/be46c96e42529a75a61ca2ac3559a7e0.256p.jpg,480 - 2400 RPM,Black,Black,240 mm,240 mm,3.5
Deepcool LS720 SE,,https://cdna.pcpartpicker.com/static/forever/images/product/f642b9e96c2961dee5f46d6b21661302.256p.jpg,500 - 2250 RPM,28.2 - 32.9 dB,Black,360 mm,360 mm,4.5
Cooler Master MASTERLIQUID ML120L RGB V2,,https://cdna.pcpartpicker.com/static/forever/images/product/09bf243952495ef89ed4a6125b1b60b7.256p.jpg,650 - 1800 RPM,6 - 27 dB,Black,120 mm,120 mm,4.5
Corsair H150i PRO,,https://cdna.pcpartpicker.com/static/forever/images/product/d6cd9f2d284073d0a9f43b7c87ca42c4.256p.jpg,1600 RPM,25 dB,360,360 mm,360 mm,4.5
Noctua NH-U12S SE-AM4,74.95,https://cdna.pcpartpicker.com/static/forever/images/product/c363b15c049fda640adb6c789d7aea1b.256p.jpg,300 - 1500 RPM,18.6 - 22.4 dB,,,,4.5
Asus ROG RYUJIN II,196.91,https://cdna.pcpartpicker.com/static/forever/images/product/ca788d1a78b4299fcdef0c4aadc237b8.256p.jpg,450 - 2000 RPM,29.7 dB,Black,240 mm,240 mm,4.5
Noctua NH-D15 G2 HBC,127.99,https://cdna.pcpartpicker.com/static/forever/images/product/4fb7951d92c873fa55c5198c65ad03b6.256p.jpg,1500 RPM,24.8 dB,Brown / Silver,,,5
Corsair H115i PRO,,https://cdna.pcpartpicker.com/static/forever/images/product/018e9b047efd62d8fe78fc3e6d4f5d62.256p.jpg,1200 RPM,20.4 dB,280,280 mm,280 mm,4.5
Cooler Master V8 ACE 3DHP,111.59,https://cdna.pcpartpicker.com/static/forever/images/product/e3393e5b92de816e1e399fa34c282d36.256p.jpg,,37 dB,Black,,,0
ASRock Pro ARGB,76.99,https://cdna.pcpartpicker.com/static/forever/images/product/62f68df275dd7e55fd8164ca84664598.256p.jpg,,31 dB,Black,360 mm,360 mm,0
Asus ROG Ryujin III ARGB,188.81,https://cdna.pcpartpicker.com/static/forever/images/product/1339110670939a328c3af6689b8bd9ec.256p.jpg,600 - 2200 RPM,36.45 dB,Black,240 mm,240 mm,5
ARCTIC Liquid Freezer II 420,,https://cdna.pcpartpicker.com/static/forever/images/product/20f969835143a453f817590da81bb648.256p.jpg,200 - 1700 RPM,Black,Black,420 mm,420 mm,4.5
CRYORIG H7,,https://cdna.pcpartpicker.com/static/forever/images/product/83b8a54ab568a7939af313a1b94b2416.256p.jpg,330 - 1600 RPM,25 dB,,,,4.5
Deepcool GAMMAXX 400 V2,,https://cdna.pcpartpicker.com/static/forever/images/product/53a5d1db1aded6277f8d74a57d3f1a70.256p.jpg,500 - 1650 RPM,Black / Blue,Black / Blue,,,4
Ocypus Iota A40,34.99,500,2000,500 - 2000 RPM,29 dB,Black,,,0
MSI MAG Coreliquid A12,112.21,https://cdna.pcpartpicker.com/static/forever/images/product/3aeae33b1b2b2b8bd5d67b232c0b5b7e.256p.jpg,2200 RPM,37.6 dB,Black,240 mm,240 mm,0
Jonsbo CR-3000E,,https://cdna.pcpartpicker.com/static/forever/images/product/f4d4563cc8e4c7322263bc83822ec4e2.256p.jpg,600 - 1600 RPM,22 - 34 dB,Black,,,0
Corsair iCUE H60x RGB ELITE,,https://cdna.pcpartpicker.com/static/forever/images/product/0611da6cd0620d5d591996fabef12518.256p.jpg,1500 RPM,7 - 28 dB,Black,120 mm,120 mm,0
Thermalright Assassin King 120,,1500,1500 RPM,25.6 dB,White / Silver,,,5
Corsair iCUE H100i ELITE LCD XT,,https://cdna.pcpartpicker.com/static/forever/images/product/8d7b48c73141c284ae82a56d38ffc951.256p.jpg,550 - 2100 RPM,5 - 34.1 dB,Black,240 mm,240 mm,5
Alphacool Core Ocean T38,76.3,https://cdna.pcpartpicker.com/static/forever/images/product/ac05e6673867fb91d4ef6d64b8a054ca.256p.jpg,0,36,0 - 36 dB,Black,420 mm,420 mm,0
NZXT Kraken Z53 RGB,,https://cdna.pcpartpicker.com/static/forever/images/product/66cae7335ea22e2af78784cd0b0f4ee0.256p.jpg,500 - 1500 RPM,22 - 33 dB,Black,240 mm,240 mm,4.5
Jonsbo CR-1000 EVO Color Black,29.5,https://cdna.pcpartpicker.com/static/forever/images/product/0ea3542638ab7dd6b078d4d0e1d42552.256p.jpg,600 - 1500 RPM,22 - 32 dB,Black,,,0
Corsair H60,,https://cdna.pcpartpicker.com/static/forever/images/product/5b1cca965bf6c4b2f693a61206ec89e5.256p.jpg,2000 RPM,30.85 dB,120,120 mm,120 mm,4
Deepcool LS520 SE,104.94,https://cdna.pcpartpicker.com/static/forever/images/product/63bd0696f0c65484206fbe46b0af7e74.256p.jpg,500 - 2250 RPM,28.2 - 32.9 dB,Black,240 mm,240 mm,4
Cooler Master A71C,,https://cdna.pcpartpicker.com/static/forever/images/product/0ce4064cacb30fd6175fa4f89978f57f.256p.jpg,650 - 1800 RPM,24.9 dB,Black,,,4.5
NZXT Kraken X53 RGB,135.98,https://cdna.pcpartpicker.com/static/forever/images/product/bef67a1d0d36c5566a21678a772ff7ec.256p.jpg,500 - 1500 RPM,22 - 33 dB,Black,240 mm,240 mm,4
Deepcool AK620 G2 DIGITAL NYX,73.99,https://cdna.pcpartpicker.com/static/forever/images/product/428c153449f9710b51a9260d1a8e7460.256p.jpg,2000 RPM,28.87 dB,Black,,,0
Lian Li Galahad AIO240 (2022),100.51,"https://cdna.pcpartpicker.com/static/forever/images/product/b1c8282ed2a2cef52ef1831b2c7f298c.256p.jpg",800 - 1900 RPM,32 dB,Black / Silver,240 mm,240 mm,4.5
Corsair iCUE H115i ELITE CAPELLIX,,https://cdna.pcpartpicker.com/static/forever/images/product/96b3a32edd17cf062baa8e79ff31bb3d.256p.jpg,2000 RPM,10 - 36 dB,Black,280 mm,280 mm,4
Asus ROG RYUO III 240 ARGB WHITE EDITION,131.18,https://cdna.pcpartpicker.com/static/forever/images/product/bf64fbd976dbff6620914af04f1c3371.256p.jpg,2200 RPM,36.45 dB,White,240 mm,240 mm,0
Xilence A200,34.11,https://cdna.pcpartpicker.com/static/forever/images/product/9f087b7ffe831cbc75fee2502bfc2090.256p.jpg,2200 RPM,32 dB,Black / Silver,,,0
Thermalright Assassin King 90,25.9,2500,2500 RPM,27.3 dB,Black / Silver,,,0
Asus ROG STRIX LC III,210.99,https://cdna.pcpartpicker.com/static/forever/images/product/6ae3ad02eb724bb7c16cf8873e2c37db.256p.jpg,800 - 2200 RPM,36 dB,Black,360 mm,360 mm,0
Asus ROG STRIX LC II,109.99,https://cdna.pcpartpicker.com/static/forever/images/product/a1322ff1a8d1304c4dde95213a647c13.256p.jpg,800 - 2500 RPM,37.6 dB,Black,240 mm,240 mm,0
ENDORFY Navis F240,74.31,https://cdna.pcpartpicker.com/static/forever/images/product/c55a60977983fe5f7919d15a30e40b33.256p.jpg,250 - 1800 RPM,Black,Black,240 mm,240 mm,3
Corsair iCUE H170i ELITE CAPELLIX XT,224.11,https://cdna.pcpartpicker.com/static/forever/images/product/d53f6c849e3a01fba78e3d93a7e4ceeb.256p.jpg,500 - 1700 RPM,5 - 33.8 dB,Black,420 mm,420 mm,4.5
Thermalright Burst Assassin ARGB,22.9,1550,1550 RPM,25.6 dB,Black / Silver,,,5
Gigabyte AORUS WATERFORCE 280,99.41,https://cdna.pcpartpicker.com/static/forever/images/product/31f9f669a779a52bd8591cc9313cdefb.256p.jpg,950 - 2150 RPM,17.1 - 36.5 dB,Black,280 mm,280 mm,4
NZXT Kraken M22,89.99,https://cdna.pcpartpicker.com/static/forever/images/product/a41b71dcdc35de1f04d153d174a0e10e.256p.jpg,500 - 2000 RPM,21 - 36 dB,Black,120 mm,120 mm,4
Deepcool LE500 Marrs,,https://cdna.pcpartpicker.com/static/forever/images/product/c9223b5f6283fda662cc2d4133945bed.256p.jpg,500 - 2250 RPM,32.9 dB,Black,240 mm,240 mm,0
Lian Li GALAHAD AIO 240 RGB,,https://cdna.pcpartpicker.com/static/forever/images/product/5d56a7077890f0a9fb9dc59c7a44e39c.256p.jpg,800 - 1900 RPM,White / Silver,White / Silver,240 mm,240 mm,4
Ocypus Iota A62,56.99,500,2000,500 - 2000 RPM,29 dB,Black,,,0
EK AIO Basic 240,,https://cdna.pcpartpicker.com/static/forever/images/product/b8344818d0a00711ecb5afebfe17f220.256p.jpg,550 - 2200 RPM,33.5 dB,Black,240 mm,240 mm,4.5
Yeston New Sakura,,https://cdna.pcpartpicker.com/static/forever/images/product/c1a0e1c48c9b32a307186bf175d94c68.256p.jpg,800 - 2000 RPM,31.6 dB,Blue / White,360 mm,360 mm,0
Thermaltake ASTRIA 600 ARGB,73.5,https://cdna.pcpartpicker.com/static/forever/images/product/e4f80535e4be94b13e19e50b770622a1.256p.jpg,500 - 1800 RPM,26.8 dB,Black,,,5
ENDORFY Fortis 5 Dual Fan,60.18,https://cdna.pcpartpicker.com/static/forever/images/product/8a37c42ddfbc903730a86961d0b5bd78.256p.jpg,250 - 1400 RPM,Black / Silver,Black / Silver,,,0
Thermaltake ASTRIA 200 ARGB,41.81,https://cdna.pcpartpicker.com/static/forever/images/product/6ac189bf95f6e1ccfd48d428370a2629.256p.jpg,500 - 1800 RPM,26.8 dB,White,,,0
ARCTIC Freezer 8i,16.4,https://cdna.pcpartpicker.com/static/forever/images/product/ccc2341ab191b54cfd6a0bf6be4c4619.256p.jpg,200 - 2300 RPM,Black / Silver,Black / Silver,,,0
Cooler Master Hyper 212 Halo SF6 Ryu,40.47,https://cdna.pcpartpicker.com/static/forever/images/product/696c92940abc880b7fd60710a7c4c711.256p.jpg,650 - 2050 RPM,27 dB,White / Orange,,,5
NZXT Kraken X63 RGB,249.99,https://cdna.pcpartpicker.com/static/forever/images/product/7cc6ec59c110357c95ea05e53d03f833.256p.jpg,500 - 1500 RPM,22 - 33 dB,Black,280 mm,280 mm,4.5
Gelid Solutions Liquid 360,93.99,750,1800,750 - 1800 RPM,29.6 dB,Black,360 mm,360 mm,0
Deepcool AK500S DIGITAL,,https://cdna.pcpartpicker.com/static/forever/images/product/27769264da6b86e4fe1bd0d285d1aef2.256p.jpg,500 - 1850 RPM,28 dB,Black,,,4
ID-COOLING SL360,129.99,500,2000,500 - 2000 RPM,29.9 dB,White,360 mm,360 mm,4.5
ID-COOLING DX360 MAX,69.98,https://cdna.pcpartpicker.com/static/forever/images/product/7a09dca30b9a3449c1f742e00cda91ff.256p.jpg,32.5,32.5 dB,Black,360 mm,360 mm,0
Deepcool Assassin 4S,,https://cdna.pcpartpicker.com/static/forever/images/product/cd198719908904d04d46c796afdf2281.256p.jpg,500 - 1800 RPM,29.3 dB,Black,,,5
Silverstone Hydrogon H90 ARGB,65.99,500,2600,500 - 2600 RPM,11.3 - 34.6 dB,Black / Silver,,,0
GAMDIAS BOREAS E1,25.99,https://cdna.pcpartpicker.com/static/forever/images/product/a803484fc3524491e71eecd386e9b3d5.256p.jpg,800 - 2000 RPM,10 - 31 dB,Black / Silver,,,4
Corsair H115i RGB PLATINUM,376.56,https://cdna.pcpartpicker.com/static/forever/images/product/36febda881c7026f237ab4a76ccb003c.256p.jpg,2000 RPM,37 dB,Black / Silver,280 mm,280 mm,4.5
Thermaltake TH120 ARGB Sync,88.58,https://cdna.pcpartpicker.com/static/forever/images/product/879f648a99976d305e9c55400085f85d.256p.jpg,1500 RPM,28.2 dB,White,120 mm,120 mm,4
NZXT Kraken X72,,https://cdna.pcpartpicker.com/static/forever/images/product/4cf4c2eb341c289bf56b0c0dee237e7b.256p.jpg,500 - 2000 RPM,21 - 36 dB,Black,360 mm,360 mm,4.5
ID-COOLING FROZN A410 SE ARGB,22.55,300,2000,300 - 2000 RPM,27.2 dB,Black / Silver,,,0
HYTE THICC Q60,249,https://cdna.pcpartpicker.com/static/forever/images/product/98db781754cf4f9cdd4ce2f90a622976.256p.jpg,10,47.3,10 - 47.3 dB,White / Black,240 mm,240 mm,4.5
ARCTIC Liquid Freezer 360,,500,1350,500 - 1350 RPM,22.5 dB,360,360 mm,360 mm,0
Deepcool GAMMAXX GTE V2,,https://cdna.pcpartpicker.com/static/forever/images/product/b3255d5f89655429300caed3abff0010.256p.jpg,500 - 1650 RPM,27.8 dB,Black / White,,,4.5
PC Cooler RZ620,79.59,https://cdna.pcpartpicker.com/static/forever/images/product/f40f8f3b7af9f3d0d825d0901eadd6bd.256p.jpg,500 - 2200 RPM,28 - 32 dB,Black,,,0
SilenX EFZ-92HA2,18.76,2400,2400 RPM,8 - 24 dB,,,,0
Alphacool Eisbaer Aurora 420,205.2,https://cdna.pcpartpicker.com/static/forever/images/product/ed3ed8d3d4b222eaa01c6956a23b477e.256p.jpg,600 - 1500 RPM,Black,Black,420 mm,420 mm,0
ID-COOLING PINKFLOW,,https://cdna.pcpartpicker.com/static/forever/images/product/68a43a5778529cc6efbd649f1f3e7e2b.256p.jpg,900 - 2000 RPM,16.3 - 33.5 dB,White / Pink,240 mm,240 mm,4.5
MSI MAG CORELIQUID I240,55.97,https://cdna.pcpartpicker.com/static/forever/images/product/8a64400ab1de8d9d798e0483fc4faaa3.256p.jpg,,Black,Black,240 mm,240 mm,0
Jonsbo CR-1400 EVO Color Black,32.71,https://cdna.pcpartpicker.com/static/forever/images/product/7cdd399b9e1e87ffa43972f0fdc0962f.256p.jpg,800 - 2200 RPM,22.3 - 33.8 dB,Black,,,5
Noctua NH-D9DX i4 3U,70.71,400,2000,400 - 2000 RPM,16.3 - 22.8 dB,,,,4.5
Thermalright SI-100 WHITE ARGB,30.9,2000,2000 RPM,27.7 dB,White,,,4.5
Thermaltake MAGFloe 360 Ultra ARGB Sync,155.47,500,2000,500 - 2000 RPM,30.6 dB,Black,360 mm,360 mm,0
Cooler Master MasterLiquid Lite 120,,https://cdna.pcpartpicker.com/static/forever/images/product/abd10b29513dba0650408c90d8cb5af4.256p.jpg,650 - 2000 RPM,6 - 30 dB,120,120 mm,120 mm,4
Alpenföhn BLACK RIDGE,53.99,https://cdna.pcpartpicker.com/static/forever/images/product/2e955f89d5132d05c274243774e88ac3.256p.jpg,800 - 2800 RPM,14 - 37.6 dB,Black,,,3.5
Deepcool LT720 WH,,https://cdna.pcpartpicker.com/static/forever/images/product/861b8df9d997376de670ad86c23143bb.256p.jpg,500 - 2250 RPM,32.9 dB,White,360 mm,360 mm,4.5
ENDORFY Fera 5 Black ARGB,,250,1800,250 - 1800 RPM,Black,Black,,,0
Silverstone Krypton KR01,63.16,https://cdna.pcpartpicker.com/static/forever/images/product/c7b02182625c7b1c4251474a67c594b2.256p.jpg,800 - 3000 RPM,33 dB,Black / Silver,,,0
be quiet! Pure Rock Slim,74,https://cdna.pcpartpicker.com/static/forever/images/product/92035aed93a685dd8cb8432f9d04bd81.256p.jpg,2000 RPM,13.1 - 25.4 dB,,,,4.5
Enermax LIQMAXFLO 420,130.99,500,1700,500 - 1700 RPM,25.47 dB,Black,420 mm,420 mm,5
Deepcool SPARTACUS 360,142.99,https://cdna.pcpartpicker.com/static/forever/images/product/25c98af2f5dab3b41a4570f702a5535b.256p.jpg,2500 - 3400 RPM,32.23 dB,Black,360 mm,360 mm,0
Corsair iCUE LINK H170i LCD,,https://cdna.pcpartpicker.com/static/forever/images/product/2c126dcedfa20893fc265aea27ea204f.256p.jpg,400 - 2000 RPM,Black,Black,420 mm,420 mm,4
Cooler Master MasterLiquid ML280 Mirror,,https://cdna.pcpartpicker.com/static/forever/images/product/01020c82f803219922bb5251cff3ba2a.256p.jpg,650 - 1400 RPM,10 - 27 dB,Black,280 mm,280 mm,5
Thermaltake TH420 V2 Ultra ARGB Sync,203.2,"https://cdna.pcpartpicker.com/static/forever/images/product/8a760afc769242fe8664b61d20abbf2e.256p.jpg",500 - 2000 RPM,34.7 dB,White,420 mm,420 mm,4
ARCTIC Freezer 7 X,25.99,https://cdna.pcpartpicker.com/static/forever/images/product/73e3a1081eb4c9154fb5c64a8e48fd1b.256p.jpg,300 - 2000 RPM,22.5 dB,Black / White,,,4
Cougar Poseidon Elite ARGB 360,90.99,https://cdna.pcpartpicker.com/static/forever/images/product/295bafe98312bd906735f47eb217dcfe.256p.jpg,500 - 2200 RPM,33.5 dB,Black,360 mm,360 mm,0
Thermaltake ASTRIA 400 ARGB,55.4,https://cdna.pcpartpicker.com/static/forever/images/product/c05eee3e8d407787b74d31aa7b513ad2.256p.jpg,500 - 1800 RPM,26.8 dB,Black,,,0
ASRock Phantom Gaming LCD,155.99,https://cdna.pcpartpicker.com/static/forever/images/product/32c61b41498a6557320b65779a635dfd.256p.jpg,,31.4 dB,Black,360 mm,360 mm,0
MSI MAG CORELIQUID E240,59.99,https://cdna.pcpartpicker.com/static/forever/images/product/5f2b38b4d557cc957b4f0ac08f39ad0f.256p.jpg,,Black,Black,240 mm,240 mm,4
Xilence I250PWM,43.1,800,2500,800 - 2500 RPM,17.6 - 26.4 dB,Red / Black,,,0
be quiet! Dark Rock TF 2,91,https://cdna.pcpartpicker.com/static/forever/images/product/86f71b34e9f91af088d09a4aaac766c2.256p.jpg,1400 RPM,Black,Black,,,4
Silverstone AR12-TUF,32.6,https://cdna.pcpartpicker.com/static/forever/images/product/2b1c5d16bcc991134a68e8d0e6c82ed6.256p.jpg,300 - 2200 RPM,6.2 - 34.4 dB,Black / Orange,,,0
be quiet! Silent Loop 2 360,,https://cdna.pcpartpicker.com/static/forever/images/product/c809bc42184c1fe9b8d2ded3d6106932.256p.jpg,2200 RPM,17.7 - 39.8 dB,Black,360 mm,360 mm,4.5
ARCTIC Liquid Freezer II 280 RGB,225.52,https://cdna.pcpartpicker.com/static/forever/images/product/0eb1748aa925fbce518ab2fb1268e328.256p.jpg,200 - 1900 RPM,22.5 dB,Black,280 mm,280 mm,0
LevelPlay CL240 ARGB,122.9,,,0 - 26 dB,Black,240 mm,240 mm,0
Deepcool LQ360,,https://cdna.pcpartpicker.com/static/forever/images/product/25a09312bc8d2c0f64804f4e7fc51e55.256p.jpg,500 - 2400 RPM,38.71 dB,Black,360 mm,360 mm,5
EK AIO 360 D-RGB,,https://cdna.pcpartpicker.com/static/forever/images/product/cb96d9e5a99db509e759e8fe442a654d.256p.jpg,450 - 2600 RPM,36.4 dB,Black,360 mm,360 mm,4.5
Cooler Master MasterLiquid ML240L ARGB V2,,https://cdna.pcpartpicker.com/static/forever/images/product/42a4c9d918eab492e2a1146db9291fc1.256p.jpg,650 - 1800 RPM,8 - 27 dB,Black,240 mm,240 mm,4
IceGiant ProSiphon Elite,,https://cdna.pcpartpicker.com/static/forever/images/product/becd1c31adb1bd2c5811da24339430e2.256p.jpg,300 - 2300 RPM,Black,Black,,,4
HYTE THICC Q80 Trio,349.99,https://cdna.pcpartpicker.com/static/forever/images/product/19a9a8a5f94df754e29fe4be30167a71.256p.jpg,1 - 3000 RPM,10 - 47.3 dB,Black,360 mm,360 mm,5
Deepcool AG620 WH ARGB,,https://cdna.pcpartpicker.com/static/forever/images/product/91e7ed02a1ea1e11072d5dc40500cce9.256p.jpg,300 - 1850 RPM,29.4 dB,White,,,0
Deepcool AG500 BK ARGB,,https://cdna.pcpartpicker.com/static/forever/images/product/47608bcadf43d3cfdcbd0d65401fe12a.256p.jpg,300 - 1850 RPM,29.4 dB,Black,,,5
ALPHAGEAR AirChill NOVA 65D,,https://cdna.pcpartpicker.com/static/forever/images/product/864d7853d1c8b6725afe7d0ac1d532b7.256p.jpg,800 - 1800 RPM,36.7 dB,Black,,,0
Silverstone SST-XE01-1700A,37.4,1000,5500,1000 - 5500 RPM,58.1 dB,Black,,,0
ID-COOLING SE-224-XTS,19.98,"https://cdna.pcpartpicker.com/static/forever/images/product/1130ca63c69f58dd86d877def4e4d248.256p.jpg",600 - 1500 RPM,28.9 dB,Black / Silver,,,0
Ocypus Sigma L360 PRO,132.94,,500 - 2400 RPM,36 dB,Black,360 mm,360 mm,0
Gigabyte AORUS WATERFORCE X II 240AORUS WATERFORCE X II 240,57.97,https://cdna.pcpartpicker.com/static/forever/images/product/41b0c96cc1410f2c87d11e1d081c01a6.256p.jpg,800 - 2400 RPM,12 - 37.5 dB,Black,240 mm,240 mm,0
Cooler Master I70C,17.91,https://cdna.pcpartpicker.com/static/forever/images/product/0e1d5e86dcc117ddf1ca918cd70c71ae.256p.jpg,650 - 1800 RPM,28 dB,Black / Silver,,,0
Cooler Master Hyper 622 Halo,41.32,https://cdna.pcpartpicker.com/static/forever/images/product/ac48b3707faf04ab9615570b38abad4e.256p.jpg,650 - 2050 RPM,27 dB,White,,,0
ARCTIC Liquid Freezer II 360 A-RGB,,https://cdna.pcpartpicker.com/static/forever/images/product/7fb1d50312d580bf83856c7aab42bef1.256p.jpg,200 - 1800 RPM,22.5 dB,Black / Gray,360 mm,360 mm,4.5
Corsair H110i,,2100,2100 RPM,43 dB,280,280 mm,280 mm,4
ARCTIC Liquid Freezer II 240 A-RGB,,https://cdna.pcpartpicker.com/static/forever/images/product/79a2b9aa759e9a1fd1b30b0a99c72a08.256p.jpg,200 - 1800 RPM,22.5 dB,Black / Gray,240 mm,240 mm,4.5
GAMDIAS BOREAS M2-51D,31.06,https://cdna.pcpartpicker.com/static/forever/images/product/5fa841c3250602f21441780b05234f29.256p.jpg,800 - 1800 RPM,10 - 32 dB,Black,,,0
ADATA XPG LEVANTE II 360,,https://cdna.pcpartpicker.com/static/forever/images/product/5efdf04ff84a283bd6aa2d8fdfaa9564.256p.jpg,800 - 2000 RPM,19.78 - 29.33 dB,Black,360 mm,360 mm,0
Thermaltake Contac Silent 12,31.43,400,1500,400 - 1500 RPM,22.1 - 28.8 dB,,,,4.5
ARCTIC Liquid Freezer II 280 A-RGB,121.04,https://cdna.pcpartpicker.com/static/forever/images/product/e0bd5fae80410c14e4ef0d4d0e6797f9.256p.jpg,200 - 1900 RPM,22.5 dB,Black,280 mm,280 mm,4.5
MSI MAG CORELIQUID M240,75.5,https://cdna.pcpartpicker.com/static/forever/images/product/1c4f1381638a27b6f7705e0cf52d8830.256p.jpg,500 - 2000 RPM,14.3 - 34.3 dB,Black,240 mm,240 mm,5
ARCTIC Freezer 7 Pro Rev.2,,https://cdna.pcpartpicker.com/static/forever/images/product/3fadc2cc35efeea1f4d28e5a5f9670af.med.256p.jpg,900 - 2500 RPM,,,,,4.5
Thermalright Frost Commander 140,48.9,1800,1800 RPM,30.2 dB,Gray,,,5
Asus ROG STRIX LC II 280 ARGB,195.26,https://cdna.pcpartpicker.com/static/forever/images/product/3a6396e059247aa5c49a6f2dbbe853df.256p.jpg,700 - 2100 RPM,35.7 dB,Black,280 mm,280 mm,5
ID-COOLING FROZN A410 ARGB WHITE,39.99,500,2000,500 - 2000 RPM,29.9 dB,White,,,0
MSI MAG CORELIQUID P240,,https://cdna.pcpartpicker.com/static/forever/images/product/3df7388a78ceb968f87bb557c306954f.256p.jpg,500 - 2000 RPM,14.3 - 34.3 dB,Black,240 mm,240 mm,4.5
Deepcool LS520,71.94,https://cdna.pcpartpicker.com/static/forever/images/product/75962fc9c4adde608dc99f2d6cfcc855.256p.jpg,500 - 2250 RPM,32.9 dB,Black,240 mm,240 mm,5
Lian Li HydroShift LCD 360TL RGB,,https://cdna.pcpartpicker.com/static/forever/images/product/aa4c1502191f56035f6b02a46f99bc5f.256p.jpg,200 - 2600 RPM,33 dB,Black,360 mm,360 mm,4
Thermalright Core Matrix 360 ARGB V2,67.02,,2000 RPM,28.2 dB,Black,360 mm,360 mm,0
NZXT Kraken 280 RGB,109.24,https://cdna.pcpartpicker.com/static/forever/images/product/3130d07203331f0e1ea94d78487657b2.256p.jpg,500 - 1500 RPM,34.48 dB,Black,280 mm,280 mm,5
Scythe Fuma 2 Rev.B,,300,1500,300 - 1500 RPM,2.58 - 23.8 dB,Black / Silver,,,4.5
Cooler Master MasterLiquid ML360L ARGB V2,160.9,https://cdna.pcpartpicker.com/static/forever/images/product/ea36ac50a82a3ab31a66b9c11513fd24.256p.jpg,650 - 1800 RPM,8 - 27 dB,Black,360 mm,360 mm,3.5
EVGA CLC 240,,https://cdna.pcpartpicker.com/static/forever/images/product/98a3497949301d031e7fe469b79a0395.256p.jpg,500 - 2400 RPM,16 - 39.9 dB,240,240 mm,240 mm,4
Intel BXXTS100H,,800,1800,800 - 1800 RPM,20 - 35 dB,,,,3
Corsair H80i v2,,2435,2435 RPM,37.7 dB,120,120 mm,120 mm,4
Gigabyte AORUS LIQUID COOLER,,https://cdna.pcpartpicker.com/static/forever/images/product/88f1254aa5b11e989e5c16218dfe9aa3.256p.jpg,2500 RPM,18 - 39.5 dB,Black,240 mm,240 mm,4
DARKROCK D360,137.25,,800 - 1800 RPM,27.2 dB,Black,360 mm,360 mm,0
ENDORFY Fortis 5 ARGB,63.99,https://cdna.pcpartpicker.com/static/forever/images/product/1fdaf26399f361c2aaef3ea512f99635.256p.jpg,250 - 1400 RPM,Black / Silver,Black / Silver,,,0
Noctua NH-U9B SE2,,https://cdna.pcpartpicker.com/static/forever/images/product/5a7e17771baa12d656af9e55881136f0.256p.jpg,1000 - 1600 RPM,7.9 - 17.6 dB,,,,4.5
Corsair A500,109.99,https://cdna.pcpartpicker.com/static/forever/images/product/4696bab6763250c2a8379c835691fb2c.256p.jpg,2400 RPM,36 dB,Black / Silver,,,3.5
MSI MAG CORELIQUID P360,124.19,https://cdna.pcpartpicker.com/static/forever/images/product/fa9d24f9c5809afc43db6fdf78f565db.256p.jpg,500 - 2000 RPM,14.3 - 34.3 dB,Black,360 mm,360 mm,4.5
Corsair H150,,https://cdna.pcpartpicker.com/static/forever/images/product/0bcff3cd5905123436fba22d41e2f3fc.256p.jpg,1500 RPM,18 - 26.5 dB,Black,360 mm,360 mm,0
Jonsbo HX6200D,63.41,https://cdna.pcpartpicker.com/static/forever/images/product/4042bcc70bf54c307a8ad8d2866809bb.256p.jpg,700 - 1800 RPM,18.6 - 29.7 dB,White,,,0
Thermaltake TH360 V2 Ultra ARGB Sync,166.38,https://cdna.pcpartpicker.com/static/forever/images/product/5bbe33103c1f0d1233f3534b5c79c9eb.256p.jpg,500 - 1800 RPM,25.8 dB,Black,360 mm,360 mm,4
Cooler Master MasterLiquid 360 Ion,255.46,https://cdna.pcpartpicker.com/static/forever/images/product/e33dad0f39d27dabe1e072733ad0bc9f.256p.jpg,30,30 dB,Black,360 mm,360 mm,0
Deepcool AK500,,https://cdna.pcpartpicker.com/static/forever/images/product/b0bf832d4b826860ac24787be6086941.256p.jpg,500 - 1850 RPM,25.9 - 31.5 dB,White,,,4
Corsair H100,,https://cdna.pcpartpicker.com/static/forever/images/product/57af7f998a4c9485bf1bbfa0af791310.256p.jpg,1500 RPM,18 - 26.5 dB,Black,240 mm,240 mm,5
Jonsbo TG-240,49.99,https://cdna.pcpartpicker.com/static/forever/images/product/3df29fb5298eabfc136d7091d2dfd6d8.256p.jpg,900 - 1800 RPM,22.9 - 35.4 dB,Black,240 mm,240 mm,0
Deepcool THETA 20 PWM,16.48,https://cdna.pcpartpicker.com/static/forever/images/product/d08e42ce78a63fe4e48433cf414b9d8d.256p.jpg,900 - 2400 RPM,17.8 - 32.5 dB,Black / Silver,,,5
Cooler Master MasterLiquid ML240L RGB,77.12,https://cdna.pcpartpicker.com/static/forever/images/product/a34cda2e4fd2837ff90811e8395be84b.256p.jpg,650 - 2000 RPM,6 - 30 dB,240,240 mm,240 mm,4
GameMax Sigma 550 Infinity,22.99,https://cdna.pcpartpicker.com/static/forever/images/product/f2f5528a9555b33e5e0ef4a2d13156eb.256p.jpg,800 - 1800 RPM,32.5 dB,White,,,0
Montech HyperFlow ARGB 240,97.26,2200,2200 RPM,29.1 dB,Black,240 mm,240 mm,5
Corsair iCUE H100i ELITE LCD,,https://cdna.pcpartpicker.com/static/forever/images/product/56ee5dde84819a59d89b0c83feff2f62.256p.jpg,450 - 2000 RPM,10 - 30.4 dB,Black,240 mm,240 mm,4.5
be quiet! Pure Rock,,1500,1500 RPM,19.1 - 26.8 dB,,,,4.5
Corsair iCUE H115i RGB Pro XT,,https://cdna.pcpartpicker.com/static/forever/images/product/381887f52e02456b0ace37d29f826c02.256p.jpg,2200 RPM,36 dB,Black,280 mm,280 mm,4.5
Deepcool CASTLE 360EX A-RGB,,https://cdna.pcpartpicker.com/static/forever/images/product/fce8bca6c1e311901daf2a68087b694d.256p.jpg,500 - 1800 RPM,30 dB,Black,360 mm,360 mm,4
Thermalright Frost Tower 120,,1850,1850 RPM,29.6 dB,,,,0
Iceberg Thermal IceSLEET G6 Stealth,57.84,https://cdna.pcpartpicker.com/static/forever/images/product/dc977223dd6cc02902a3ad1c2d102416.256p.jpg,600 - 1400 RPM,26 dB,Black / Blue,,,5
Thermaltake TH280 V2 Ultra ARGB Sync,89.95,https://cdna.pcpartpicker.com/static/forever/images/product/079fba4f548c0f838b4b066fa0b355d1.256p.jpg,500 - 2000 RPM,34.7 dB,Black,280 mm,280 mm,5
GAMDIAS AURA GL240 V2,39.95,,800 - 1800 RPM,33.8 dB,,240 mm,240 mm,0
Deepcool CASTLE 240EX A-RGB,,https://cdna.pcpartpicker.com/static/forever/images/product/4f8808665c5c8c819162044438ea60da.256p.jpg,500 - 1800 RPM,30 dB,Black,240 mm,240 mm,4
Inter-Tech ALSEYE Star Warriors W700 Pro,61.22,,900 - 3000 RPM,45 dB,White,,,0
Antec Symphony ARGB,59.9,https://cdna.pcpartpicker.com/static/forever/images/product/c847d195ddbe0bcd3afded2d7b9cbfd1.256p.jpg,800 - 1600 RPM,20 - 35 dB,White,360 mm,360 mm,4
Thermaltake Water 3.0 120 ARGB Sync,,https://cdna.pcpartpicker.com/static/forever/images/product/87fd3a3e79fc18d16a57a6d89b72c1e2.256p.jpg,500 - 1500 RPM,25.8 dB,Black,120 mm,120 mm,4
EVGA CLC 360,,https://cdna.pcpartpicker.com/static/forever/images/product/a8ed1db21bbb9cec2665e602cda3382f.256p.jpg,500 - 2400 RPM,16 - 39.9 dB,Black,360 mm,360 mm,4
ARCTIC Liquid Freezer II 120,,https://cdna.pcpartpicker.com/static/forever/images/product/c2f58da67a32e7a8217c4d00045ff985.256p.jpg,200 - 1800 RPM,Black,Black,120 mm,120 mm,4.5
DARKROCK D240,,,800 - 1800 RPM,27.2 dB,Black,240 mm,240 mm,0
GAMDIAS AURA GL240 DIGITAL,,,800 - 1800 RPM,33 dB,Black,240 mm,240 mm,0
Cougar Poseidon Vistek Pro ARGB 360,193.99,,700 - 2500 RPM,38 dB,Black,360 mm,360 mm,0
Silverstone NovaPeak 360 ARGB,137.4,500,2200,500 - 2200 RPM,12.1 - 33.1 dB,Black,360 mm,360 mm,0
Fractal Design Celsius S36,,https://cdna.pcpartpicker.com/static/forever/images/product/0d556b8a72be0b775fa4262af3383326.256p.jpg,500 - 2000 RPM,32.2 dB,360,360 mm,360 mm,4.5
Thermaltake Floe DX RGB 280 TT Premium Edition,97.84,https://cdna.pcpartpicker.com/static/forever/images/product/5e54f319d628a8af92c45af80289bc00.256p.jpg,500 - 1400 RPM,19.8 - 26.2 dB,Black / Gray,280 mm,280 mm,0
ID-COOLING SPACE LCD,,https://cdna.pcpartpicker.com/static/forever/images/product/b2ffc14beaaa4a07130ad9b8b1552c58.256p.jpg,500 - 1800 RPM,35.2 dB,Black,360 mm,360 mm,0
Thermalright Burst Assassin 120 Vision,56.99,1500,1500 RPM,25.6 dB,Black,,,0
Cooler Master i50,16.98,https://cdna.pcpartpicker.com/static/forever/images/product/00f783f84a5ee4cd4c29f9f8fc8b61f6.256p.jpg,2000 RPM,28 dB,Black / Silver,,,4
Deepcool LD240,,https://cdna.pcpartpicker.com/static/forever/images/product/fa21df48f0c99f6e5b99a0bcdc656071.256p.jpg,600 - 2400 RPM,38.71 dB,Black,240 mm,240 mm,0
Cooler Master MasterLiquid ML240R RGB,201.56,https://cdna.pcpartpicker.com/static/forever/images/product/ed4aa103ab75bf06e3e1c711559256d4.256p.jpg,650 - 2000 RPM,6 - 30 dB,240,240 mm,240 mm,4
MSI MPG CORELIQUID D360,925.87,https://cdna.pcpartpicker.com/static/forever/images/product/03f3e1f6276abc7095487e641a775454.256p.jpg,,Black,Black,360 mm,360 mm,0
Cooler Master MasterLiquid 240L Core,237,https://cdna.pcpartpicker.com/static/forever/images/product/e5af7ec36bfcd7d4bc14e4523e27c9cc.256p.jpg,650 - 1750 RPM,27.2 dB,Black,240 mm,240 mm,3
ARCTIC Freezer 36-S,22.38,https://cdna.pcpartpicker.com/static/forever/images/product/6a7e46832f438fcc20ace1f2345e85e3.256p.jpg,600 - 3000 RPM,,Black / Silver,,,0
Noctua NH-U12S TR4-SP3,85.47,https://cdna.pcpartpicker.com/static/forever/images/product/9403bbcd7fe9b1572136b936186b1ada.256p.jpg,300 - 1500 RPM,18.6 - 22.4 dB,,,,4.5
Cooler Master MasterLiquid Lite 240,,https://cdna.pcpartpicker.com/static/forever/images/product/936fbad6cac2656c3a04f059e2c15fd2.256p.jpg,650 - 2000 RPM,6 - 30 dB,240,240 mm,240 mm,4
MSI MAG CORELIQUID C360,,https://cdna.pcpartpicker.com/static/forever/images/product/a3bb22799c4d271679027a448def0c3b.256p.jpg,500 - 2000 RPM,14.3 - 34.3 dB,Black,360 mm,360 mm,5
Thermalright Assassin King 120 MINI V2,,1500,1500 RPM,25.6 dB,Black / Silver,,,5
Ocypus Iota L36,99.99,500,2000,500 - 2000 RPM,29 dB,White,360 mm,360 mm,5
Thermaltake TH420 V2 ARGB Sync,137.12,https://cdna.pcpartpicker.com/static/forever/images/product/26c0a3a2ae702e4a3bea70d2673a64eb.256p.jpg,500 - 1800 RPM,34.7 dB,Black,420 mm,420 mm,0
GAMDIAS BOREAS E2-410,,https://cdna.pcpartpicker.com/static/forever/images/product/cad8e22237fced9b0b91faf9e11e9ff1.256p.jpg,800 - 1800 RPM,10 - 32 dB,Black,,,0
MSI Core Frozr XL,225.6,https://cdna.pcpartpicker.com/static/forever/images/product/e6ca3c9c7c385468d8f78b91cae7671d.256p.jpg,500 - 1800 RPM,17.2 - 33.6 dB,Black / Red,,,5
ID-COOLING FROZN A620 ARGB WHITE,59.99,500,2000,500 - 2000 RPM,29.9 dB,White,,,0
Silentware Bora Performance,26.47,https://cdna.pcpartpicker.com/static/forever/images/product/b52bb643c17a29282aa371bc872cbafc.256p.jpg,,27 dB,Black,,,0
Gigabyte AORUS WATERFORCE X,239.99,https://cdna.pcpartpicker.com/static/forever/images/product/ca49b37ed1d3f19275d714cdfbee68cb.256p.jpg,800 - 2500 RPM,7.9 - 37.6 dB,Black,360 mm,360 mm,4
EK AIO Basic 360,,https://cdna.pcpartpicker.com/static/forever/images/product/e7c0ad9aa8d3dab05aa52b9224e0872e.256p.jpg,550 - 2200 RPM,33.5 dB,Black,360 mm,360 mm,4.5
Corsair iCUE H60i RGB PRO XT,,https://cdna.pcpartpicker.com/static/forever/images/product/8cbd47030939390856bc3ff48407971f.256p.jpg,2400 RPM,10 - 37 dB,Black,120 mm,120 mm,0
Thermalright Assassin X 90 SE,,2400,2400 RPM,27.3 dB,Black / Silver,,,4
ASRock Steel Legend LCD,139,https://cdna.pcpartpicker.com/static/forever/images/product/9283501e0f73e53b62a5d98be760ebaa.256p.jpg,,38.3 dB,Black,360 mm,360 mm,0
Jonsbo CA90,,https://cdna.pcpartpicker.com/static/forever/images/product/f4b92386b62c68a9e889704c1c4965b6.256p.jpg,800 - 1800 RPM,17 - 32.6 dB,Black,,,0
EVGA CLC 280,,600,2200,600 - 2200 RPM,16 - 39.5 dB,280,280 mm,280 mm,4.5
Deepcool Castle 240 RGB V2,,https://cdna.pcpartpicker.com/static/forever/images/product/db193820fd2abe981f56a6ab8f7912da.256p.jpg,500 - 1800 RPM,30 dB,Black,240 mm,240 mm,4.5
Antec VORTEX 240,226.99,https://cdna.pcpartpicker.com/static/forever/images/product/a45bfaa86b76fe6286c3cab2f24e776b.256p.jpg,600 - 2000 RPM,31.24 dB,Black,240 mm,240 mm,4
ID-COOLING IS-30A BLACK,,https://cdna.pcpartpicker.com/static/forever/images/product/c24717973b1bc2f7c23a948a00953b08.256p.jpg,800 - 3600 RPM,17 - 35.8 dB,Black,,,0
Mars Gaming ML-ONE,59.54,https://cdna.pcpartpicker.com/static/forever/images/product/47ae7e6b0aa5967bd32f61b40443bf97.256p.jpg,600 - 1800 RPM,9 - 26 dB,White,360 mm,360 mm,0
Silentware Titan,53.09,https://cdna.pcpartpicker.com/static/forever/images/product/762a9332d862805eed195bd969f36642.256p.jpg,,27 dB,Black,,,0
Noctua NH-L12,,https://cdna.pcpartpicker.com/static/forever/images/product/58c81386e16aa75b4c0306f76fef2ab0.med.256p.jpg,1200 - 1600 RPM,13.1 - 22.4 dB,,,,4.5
Phanteks GLACIER ONE 420D30,169.99,https://cdna.pcpartpicker.com/static/forever/images/product/639f3d1364f7ae5fd02d00492a34efd6.256p.jpg,250 - 1800 RPM,29.5 dB,Black,420 mm,420 mm,5
Silverstone VIDA 240 SLIM,116.99,https://cdna.pcpartpicker.com/static/forever/images/product/bd10c332c713f623ea2071b1f69edfe3.256p.jpg,300 - 1800 RPM,15.9 - 33.9 dB,Black,240 mm,240 mm,4.5
ARCTIC Freezer 50 TR (w/ARGB Controller),181.94,200,1800,200 - 1800 RPM,23.5 dB,Black,,,0
Asus ROG RYUJIN 360,240.48,https://cdna.pcpartpicker.com/static/forever/images/product/d6493566dc09c44106d3f1ecbaf8ea3d.256p.jpg,450 - 2000 RPM,29.7 dB,Black,360 mm,360 mm,4.5
Inter-Tech ALSEYE W90,38.99,3000,3000 RPM,36.7 dB,White / Black,,,5
Xilence A402,,https://cdna.pcpartpicker.com/static/forever/images/product/3051c226bdd1de94c97d3788b39af85e.256p.jpg,600 - 2200 RPM,14 - 23.8 dB,Red / Black,,,0
Deepcool GAMMAXX L240 V2,,https://cdna.pcpartpicker.com/static/forever/images/product/72079115f88c15458a68554668fa0789.256p.jpg,500 - 1800 RPM,30 dB,Black / White,240 mm,240 mm,4.5
Deepcool GAMMAXX GT A-RGB,,https://cdna.pcpartpicker.com/static/forever/images/product/b3c1c02c022ed5e0a893616ec10e9134.256p.jpg,500 - 1650 RPM,27.8 dB,Black / Silver,,,4.5
EVGA CLCx 360,194.99,https://cdna.pcpartpicker.com/static/forever/images/product/a1932770d9520afdc615e969ee23868d.256p.jpg,35,35 dB,Black,360 mm,360 mm,4
Thermalright Assassin Spirit V2,,1500,1500 RPM,25.6 dB,Gray,,,5
TRYX PANORAMA (2024),,https://cdna.pcpartpicker.com/static/forever/images/product/7986ad7c03064449fd02a7d8a137e5cb.256p.jpg,500 - 2250 RPM,30.97 dB,Black,360 mm,360 mm,4.5
Dynatron K129,44.95,,0,0 dB,Orange,,,0
Thermalright Aqua Elite ARGB,,1550,1550 RPM,25.6 dB,White,360 mm,360 mm,0
Jonsbo CR-1300 EVO,,https://cdna.pcpartpicker.com/static/forever/images/product/d11790d2f2f5dba51e8d32c3f32ff354.256p.jpg,800 - 2000 RPM,28.2 dB,Black / Silver,,,0
Thermaltake TOUGHAIR 510,72.13,https://cdna.pcpartpicker.com/static/forever/images/product/a6bb7e8974889b9fd6e3a27d2dc737a5.256p.jpg,500 - 2000 RPM,23.6 dB,Black / Gray,,,4
Cooler Master Hyper 212X,,https://cdna.pcpartpicker.com/static/forever/images/product/e772d0b2cbed443c7345f1a410f02948.med.256p.jpg,600 - 2000 RPM,9 - 36 dB,,,,4
be quiet! Dark Rock Pro 3,,https://cdna.pcpartpicker.com/static/forever/images/product/be4eb20820d2124c46b415e4a4d8a02f.256p.jpg,1400 - 1700 RPM,13.2 - 26.1 dB,,,,4.5
Gelid Solutions Slim Silence AM1,,https://cdna.pcpartpicker.com/static/forever/images/product/c38b4c238be6f2fc3c37e93feb231995.256p.jpg,1200 - 2600 RPM,15 - 27.2 dB,,,,5
Rosewill ROCC-16002,,800,2000,800 - 2000 RPM,23.6 dB,Blue / Black,,,4.5
Cooler Master MasterLiquid PL240 FLUX,80.5,https://cdna.pcpartpicker.com/static/forever/images/product/7de5c193e1a45fc0bd4078edb5ee61ad.256p.jpg,32,32 dB,Black,240 mm,240 mm,4.5
Jonsbo CB80,,https://cdna.pcpartpicker.com/static/forever/images/product/dbffa9bf06446e3f626e15d3347fb3bb.256p.jpg,800 - 1800 RPM,21.8 - 35.4 dB,Black,,,0
ID-COOLING IS-55 ARGB,34.99,https://cdna.pcpartpicker.com/static/forever/images/product/a99b9e6c09585ca2af062f018edbe6b7.256p.jpg,500 - 2000 RPM,31.2 dB,White,,,4
be quiet! Dark Rock Pro TR4,,https://cdna.pcpartpicker.com/static/forever/images/product/423e167605a263167222de9c3f50f723.256p.jpg,1200 - 1500 RPM,12.8 - 24.3 dB,Black,,,4.5
Corsair iCUE H170i ELITE LCD,,https://cdna.pcpartpicker.com/static/forever/images/product/b93370f1eba2506baa09eb9337787db5.256p.jpg,400 - 1600 RPM,10 - 31.8 dB,Black,420 mm,420 mm,4.5
Jonsbo CR-1000 EVO Standard,,https://cdna.pcpartpicker.com/static/forever/images/product/83cd2b5aeebf46e3102a7ee2dc11a7a0.256p.jpg,600 - 1500 RPM,22 - 32 dB,Black,,,5
Fractal Design Celsius+ S28 Dynamic X2 PWM,,https://cdna.pcpartpicker.com/static/forever/images/product/9a5e2c48a26d9104167026c9331686e6.256p.jpg,500 - 1700 RPM,32.7 dB,Black,280 mm,280 mm,4.5
Thermaltake Water 3.0 Extreme S,,https://cdna.pcpartpicker.com/static/forever/images/product/6a74734c45190bb1d10a3f2836900b6f.med.256p.jpg,1000 - 2000 RPM,20 dB,240,240 mm,240 mm,4
Asus TUF GAMING LC 240 ARGB,,https://cdna.pcpartpicker.com/static/forever/images/product/0be5b2c3519ce726e6f316b46770de84.256p.jpg,800 - 2000 RPM,29 dB,Black,240 mm,240 mm,4.5
ID-COOLING SE-903-SD V3,,https://cdna.pcpartpicker.com/static/forever/images/product/58f9ecc26f053f0652ce8e3859570b1b.256p.jpg,2000 RPM,23.1 dB,Black / Silver,,,0
Scythe Ninja 5,,300,800,300 - 800 RPM,4 - 14.5 dB,Black,,,4.5
ID-COOLING PINKFLOW 360,,https://cdna.pcpartpicker.com/static/forever/images/product/b9f4d3a4cdc12809a0d4b22269bde922.256p.jpg,900 - 2000 RPM,16.3 - 33.5 dB,Pink,360 mm,360 mm,4
Thermalright Frozen Vision 360,,https://cdna.pcpartpicker.com/static/forever/images/product/1a5caaefea94d7dbc55c44c604084b72.256p.jpg,2150 RPM,27 dB,Black,360 mm,360 mm,0
ENDORFY Navis F240 ARGB,81.69,https://cdna.pcpartpicker.com/static/forever/images/product/d6f9ff1780414fcadf5f7b7de98b0036.256p.jpg,250 - 1800 RPM,Black,Black,240 mm,240 mm,0
ID-COOLING SL240,139.99,500,2000,500 - 2000 RPM,29.9 dB,White,240 mm,240 mm,4
ARCTIC Freezer i35 A-RGB,33.89,https://cdna.pcpartpicker.com/static/forever/images/product/a094d4a8a922f6d7d87006cdb75714b9.256p.jpg,200 - 1700 RPM,Black,Black,,,4.5
upHere UE2TC6,,,600 - 1650 RPM,25 dB,White,,,0
Thermalright Royal Knight 120 Digital,,https://cdna.pcpartpicker.com/static/forever/images/product/451f2a7f7ef3948ef0b87869bb24bcd5.256p.jpg,2150 RPM,29.4 dB,White,,,5
ARCTIC Freezer 8i CO,17.4,https://cdna.pcpartpicker.com/static/forever/images/product/ccc2341ab191b54cfd6a0bf6be4c4619.256p.jpg,200 - 2300 RPM,Black / Silver,Black / Silver,,,0
Cooler Master X Dream I117,13.88,https://cdna.pcpartpicker.com/static/forever/images/product/0cce75ecfd1ed4563eef059a350147f9.256p.jpg,1800 RPM,,,,,5
Corsair H115i,,https://cdna.pcpartpicker.com/static/forever/images/product/b82b5121048a978da711b4f8e199e4a6.256p.jpg,2000 RPM,40 dB,280,280 mm,280 mm,4.5
Cooler Master MasterLiquid 120,,https://cdna.pcpartpicker.com/static/forever/images/product/e448c8614a9bd2a01018a963fadd2103.256p.jpg,650 - 2000 RPM,6 - 30 dB,120,120 mm,120 mm,4.5
Deepcool AN600,,https://cdna.pcpartpicker.com/static/forever/images/product/4641df5058deecda70437c9792c61095.256p.jpg,500 - 1850 RPM,20.4 - 24.2 dB,Black / Silver,,,0
Lian Li ALC 360,172,300,2450,300 - 2450 RPM,30 dB,360,360 mm,360 mm,5
PC Cooler RZ400 V2,25.99,500,2200,500 - 2200 RPM,32 dB,Black,,,5
Silverstone VIDA 120 SLIM,89.99,https://cdna.pcpartpicker.com/static/forever/images/product/6f1e4e3bcca89927b7791ceeb76391cb.256p.jpg,300 - 1800 RPM,15.9 - 33.9 dB,Black,120 mm,120 mm,0
Thermalright Frozen Warframe,,https://cdna.pcpartpicker.com/static/forever/images/product/8d5eba634c89a294f3595efa6f06da4e.256p.jpg,2000 RPM,22.1 dB,Black,360 mm,360 mm,0
ARCTIC Freezer 4U-M,64.93,https://cdna.pcpartpicker.com/static/forever/images/product/becd355d3a3754d58df8855d9964429a.256p.jpg,400 - 2300 RPM,40 dB,Black / Silver,,,0
Cooler Master MasterLiquid Atmos II,,https://cdna.pcpartpicker.com/static/forever/images/product/d097a83231fa79933dcf3bdfddf93672.256p.jpg,690 - 2500 RPM,36 dB,Black,240 mm,240 mm,5
Antec A30,,https://cdna.pcpartpicker.com/static/forever/images/product/ca53326d29a16839f893e08509217a30.256p.jpg,1750 RPM,20 dB,,,,4.5
Corsair iCUE H115i RGB ELITE,210.69,https://cdna.pcpartpicker.com/static/forever/images/product/bb4e8d47941b76d53e6d3ccb48e741b9.256p.jpg,400 - 1600 RPM,19 - 35.8 dB,Black,280 mm,280 mm,5
Deepcool AG400 LED,,https://cdna.pcpartpicker.com/static/forever/images/product/673f6eacc1f2f1398956cd13ab8a9797.256p.jpg,500 - 2000 RPM,31.6 dB,Black / Silver,,,0
Thermalright Assassin King 120 Mini WHITE ARGB V3,,1500,1500 RPM,25.6 dB,White / Silver,,,4.5
ID-COOLING FX360,,700,1800,700 - 1800 RPM,35.2 dB,White,360 mm,360 mm,0
ARCTIC Freezer 34 eSports,,200,2100,200 - 2100 RPM,White / Black,Green / Black,,,5
Deepcool LT520 WH,,https://cdna.pcpartpicker.com/static/forever/images/product/0bb64dbb14e614f23b76ccffb86c252f.256p.jpg,500 - 2250 RPM,32.9 dB,White,240 mm,240 mm,4
Silverstone Hydrogon D120 ARGB V2,330.51,https://cdna.pcpartpicker.com/static/forever/images/product/9669704387ac00721458c8d6bc1487ca.256p.jpg,0,30.5,0 - 30.5 dB,Black / Silver,,,0
Corsair iCUE H115i ELITE CAPELLIX XT,,https://cdna.pcpartpicker.com/static/forever/images/product/778056d401613efa2aa8db0a92937923.256p.jpg,500 - 1700 RPM,5 - 33.8 dB,Black,280 mm,280 mm,4.5
Valkyrie SYN,139.9,https://cdna.pcpartpicker.com/static/forever/images/product/565cdde671da27ae8973ee7747d72a96.256p.jpg,800 - 2150 RPM,29 dB,White / Blue,360 mm,360 mm,0
Cooler Master Hyper 212 Plus,137.41,600,2000,600 - 2000 RPM,13 - 32 dB,,,,4.5
Noctua NH-L9a,,https://cdna.pcpartpicker.com/static/forever/images/product/0243e2de55a447f1275edb2419d986d9.med.256p.jpg,2500 RPM,,,,,4.5
be quiet! Shadow Rock 3,51.9,https://cdna.pcpartpicker.com/static/forever/images/product/b1b3f94b4f04066348d4f492ed889cdd.256p.jpg,11.5,24.4,11.5 - 24.4 dB,White / Black,,,5
ID-COOLING FROSTFLOW X 240 LITE,,https://cdna.pcpartpicker.com/static/forever/images/product/fce2eec716e7e828b91618d5d4f4f419.256p.jpg,700 - 1800 RPM,15.2 - 35.2 dB,Black,240 mm,240 mm,4.5
ID-COOLING IS-40X V3,,https://cdna.pcpartpicker.com/static/forever/images/product/7f3189e450ecaf792956a64bb1355092.256p.jpg,800 - 2800 RPM,35.2 dB,White,,,0
Cougar Poseidon Elite ARGB 240,101.1,https://cdna.pcpartpicker.com/static/forever/images/product/a345b898eac0335b4c554b2d2251db0c.256p.jpg,500 - 2200 RPM,33.5 dB,Black,240 mm,240 mm,0
Noctua NH-D15 SE-AM4,99.95,1200,1500,1200 - 1500 RPM,19.2 - 24.6 dB,,,,5
Xilence A404T,31.06,https://cdna.pcpartpicker.com/static/forever/images/product/77b94a2914fa6e23b2dd2f71844c594a.256p.jpg,600 - 2200 RPM,14 - 21.8 dB,Red / Black,,,0
Silverstone NT07-115X,28.03,1500,3600,1500 - 3600 RPM,21.9 - 34.7 dB,Silver / Black,,,5
ID-COOLING FROZN A610 ARGB WHITE,,500,2000,500 - 2000 RPM,29.9 dB,White,,,0
upHere UE2KC6,,,600 - 1650 RPM,25 dB,Black,,,0
Lian Li Galahad AIO360 (2022),,800,1900,800 - 1900 RPM,32 dB,White / Silver,360 mm,360 mm,0
be quiet! Dark Rock 3,,https://cdna.pcpartpicker.com/static/forever/images/product/ba5d9f5b9fc5e916e1cc609ac5d5298c.256p.jpg,400 - 1400 RPM,8.4 - 21.1 dB,,,,4.5
Thermaltake Water 3.0 240 ARGB Sync,,https://cdna.pcpartpicker.com/static/forever/images/product/d336809927bca1d719fc37365ac949bc.256p.jpg,500 - 1500 RPM,25.8 dB,Black,240 mm,240 mm,4.5
Deepcool ASSASSIN III,,https://cdna.pcpartpicker.com/static/forever/images/product/238cdc7e85e669fb09b3b8caaa092c72.256p.jpg,400 - 1400 RPM,34.2 dB,Black / Silver,,,4.5
be quiet! Silent Loop 2 240,,https://cdna.pcpartpicker.com/static/forever/images/product/edf17b4c3f99a14febe9151056f07b6f.256p.jpg,2200 RPM,16.8 - 38.3 dB,Black,240 mm,240 mm,4.5
EK AIO Elite 360 D-RGB,,https://cdna.pcpartpicker.com/static/forever/images/product/fa8de366f3eb3b0a6a595fb07f98fcac.256p.jpg,550 - 2200 RPM,31.6 dB,Black,360 mm,360 mm,4.5
Thermaltake Floe DX RGB TT Premium Edition B,96.36,500,1500,500 - 1500 RPM,19 - 23.9 dB,Black,360 mm,360 mm,0
ID-COOLING IS-40X,24.99,https://cdna.pcpartpicker.com/static/forever/images/product/1685f7c6ccecaadefb5a5d6c92176110.256p.jpg,600 - 2500 RPM,14 - 33 dB,Black / White,,,4
Akasa Vegas Chroma AM,17.95,https://cdna.pcpartpicker.com/static/forever/images/product/abf885f3fa546ec62afaa607d7fa2e5b.256p.jpg,500 - 1800 RPM,32.5 dB,Black,,,0
Jonsbo CR-1400 DV2,,https://cdna.pcpartpicker.com/static/forever/images/product/600e7ad141e453cce3ee6ce1dae59ff5.256p.jpg,800 - 2300 RPM,22.3 - 33.8 dB,Black,,,0
Deepcool LS520 WH,75.46,https://cdna.pcpartpicker.com/static/forever/images/product/9d9318d3995e3c72746192cbbee795d1.256p.jpg,500 - 2250 RPM,32.9 dB,White,240 mm,240 mm,4.5
Cooler Master i71C RGB,88.03,https://cdna.pcpartpicker.com/static/forever/images/product/ce921f8b83a6f9916e60af9691634d63.256p.jpg,650 - 1800 RPM,Black,Black,,,4
Thermaltake Water 3.0 360 ARGB Sync Edition,,https://cdna.pcpartpicker.com/static/forever/images/product/72348159ccd0114e590386d4e25586e5.256p.jpg,500 - 1500 RPM,25.8 dB,Black,360 mm,360 mm,4
Deepcool Castle 360 RGB V2,,https://cdna.pcpartpicker.com/static/forever/images/product/551000e77dcbbdbc280584b5bdb5b609.256p.jpg,500 - 1800 RPM,30 dB,Black,360 mm,360 mm,4
Phanteks GLACIER ONE 360D30,154.99,https://cdna.pcpartpicker.com/static/forever/images/product/0dd42191a56da4d5edca659155ca22ec.256p.jpg,250 - 2000 RPM,30.2 dB,Black,360 mm,360 mm,5
LC-Power LC-CC-120-RGB,,800,1800,800 - 1800 RPM,Black,Black,,,5
ARCTIC Alpine AM4 CO,20.34,100,2700,100 - 2700 RPM,Black,Black,,,0
Montech HyperFlow Digital 240,59.99,,800 - 2200 RPM,36.25 dB,Black,240 mm,240 mm,0
Silverstone AR08-V2,37.61,https://cdna.pcpartpicker.com/static/forever/images/product/2a9e652ec88e8299ccbd6eb8ff2383b4.256p.jpg,1500 - 2800 RPM,14.1 - 27.7 dB,Blue / White,,,0
Cooler Master MasterLiquid ML360 Mirror,272.41,https://cdna.pcpartpicker.com/static/forever/images/product/cda8a10b237b5e005119f68be109b6d0.256p.jpg,650 - 1800 RPM,8 - 27 dB,Black,360 mm,360 mm,5
GameMax Ice Force,18.99,https://cdna.pcpartpicker.com/static/forever/images/product/84327d2fa2b814e366acfc19e16d1d71.256p.jpg,800 - 1600 RPM,Black,White,,,0
ARCTIC Freezer 13,,https://cdna.pcpartpicker.com/static/forever/images/product/9f614742afebe36ee5ff0c361778a965.med.256p.jpg,600 - 2000 RPM,,,,,4.5
ID-COOLING FROZN A410 ARGB,34.99,500,2000,500 - 2000 RPM,29.9 dB,Black,,,5
FSP Group MP7,57.99,https://cdna.pcpartpicker.com/static/forever/images/product/3450649473eb20d6f471b3958c73ac59.256p.jpg,800 - 1800 RPM,32 dB,Black,,,0
NZXT Kraken X62 Rev 2,,https://cdna.pcpartpicker.com/static/forever/images/product/2af62e02efa397f4a4c8bb1009be66c7.256p.jpg,500 - 1800 RPM,21 - 38 dB,280,280 mm,280 mm,4.5
Ocypus Gamma A40,,,600 - 2400 RPM,29.5 dB,Black,,,0
Thermalright Hyper Vision ARGB,99.95,https://cdna.pcpartpicker.com/static/forever/images/product/637e63ba2d51ba9d86de513da0be92d6.256p.jpg,2150 RPM,27 dB,White,360 mm,360 mm,5
Jonsbo CR-3000 ARGB,64.88,https://cdna.pcpartpicker.com/static/forever/images/product/fb9c6f5ce045dd83717b24eda1dc234f.256p.jpg,600 - 1500 RPM,22 - 32 dB,White,,,4
Deepcool AK500 G2,,https://cdna.pcpartpicker.com/static/forever/images/product/755542d6aad16e7fe52a31026d42bfc9.256p.jpg,2200 RPM,31.45 dB,Black / Brown,,,0
Corsair H55,,https://cdna.pcpartpicker.com/static/forever/images/product/961e83ddbfdf1652833c5ec91e45ee8f.256p.jpg,1700 RPM,30.32 dB,120,120 mm,120 mm,4
CRYORIG C7,,https://cdna.pcpartpicker.com/static/forever/images/product/657e3311abd01fcb601a9f4b5bfd0de8.256p.jpg,600 - 2500 RPM,30 dB,,,,4
Fractal Design Celsius S24,,https://cdna.pcpartpicker.com/static/forever/images/product/8f513549c3aee4c86ffc997c3f19949a.256p.jpg,500 - 2000 RPM,32.2 dB,240,240 mm,240 mm,4.5
ARCTIC Liquid Freezer II 420 A-RGB,119,https://cdna.pcpartpicker.com/static/forever/images/product/693cc696a8722d5528ba164244f97b0a.256p.jpg,200 - 1900 RPM,22.5 dB,Black,420 mm,420 mm,4.5
MSI MAG CORELIQUID C240,,https://cdna.pcpartpicker.com/static/forever/images/product/a5f45341ee2de97d8acceaff551bd89f.256p.jpg,500 - 2000 RPM,14.3 - 34.3 dB,Black,240 mm,240 mm,4
Lian Li HydroShift LCD 360R RGB,199.69,https://cdna.pcpartpicker.com/static/forever/images/product/1a132e657820695dd8c6078107997c51.256p.jpg,300 - 2400 RPM,30 dB,White,360 mm,360 mm,4
Iceberg Thermal IceSLEET G4 Midnight Limited Edition,29.99,https://cdna.pcpartpicker.com/static/forever/images/product/3c7890f5089afeace60a9a68d6b2376f.256p.jpg,600 - 1400 RPM,22.5 dB,Black,,,5
Thermaltake TOUGHLIQUID Ultra RGB,279.99,https://cdna.pcpartpicker.com/static/forever/images/product/003e23d113f8b1ae0c20222f0dce374c.256p.jpg,500 - 2000 RPM,30.7 dB,Black,420 mm,420 mm,0
Intel BXRTS2011LC,,2200,2200 RPM,,120,120 mm,120 mm,4
Scythe Big Shuriken 3,,300,1800,300 - 1800 RPM,2.7 - 30.4 dB,Black / Silver,,,4.5
ID-COOLING SE-214-XT,,https://cdna.pcpartpicker.com/static/forever/images/product/a26b034db0499eb977236a1df1fdac37.256p.jpg,500 - 1500 RPM,16 - 26.6 dB,,,,5
Cooler Master Hyper T20,,https://cdna.pcpartpicker.com/static/forever/images/product/f280d888d1f16287d1d3c3adb3cec5da.256p.jpg,2000 RPM,30 dB,Black / Silver,,,0
ARCTIC Liquid Freezer II 360 Rev. 2,,https://cdna.pcpartpicker.com/static/forever/images/product/a46309287ab37bfb79f4480a18ac33f1.256p.jpg,200 - 1800 RPM,Black,Black,360 mm,360 mm,4.5
ID-COOLING IS-37-XT BLACK,,https://cdna.pcpartpicker.com/static/forever/images/product/13ea4551a559a02747912343a88ede79.256p.jpg,800 - 3600 RPM,17 - 35.8 dB,Black,,,0
Thermaltake TOUGHAIR 110,34.99,https://cdna.pcpartpicker.com/static/forever/images/product/7e1ebce12292f79a950da4cf879664c6.256p.jpg,500 - 2000 RPM,23.6 dB,Black / Silver,,,0
NZXT Kraken X41,,https://cdna.pcpartpicker.com/static/forever/images/product/1cdaa33016ea0f11a00c6680722d8a48.med.256p.jpg,800 - 2000 RPM,20 - 37 dB,140,140 mm,140 mm,4.5
ENDORFY Fortis 5 Black ARGB,,,,Black,Black,,,0
FSP Group NP5,33.57,800,1600,800 - 1600 RPM,28 dB,Black,,,0
Deepcool AG400 DIGITAL PLUS,,https://cdna.pcpartpicker.com/static/forever/images/product/be564aa6325df02b8c416acadfa5eb02.256p.jpg,500 - 2100 RPM,31.6 dB,Black,,,4
darkFlash Darkair,,800,1600,800 - 1600 RPM,Black,Black,,,0
Gigabyte AORUS WATERFORCE 240,162.51,https://cdna.pcpartpicker.com/static/forever/images/product/a3a070a83b2ce2d00b2b1e77c5d9fc9e.256p.jpg,950 - 2150 RPM,16.9 - 31 dB,Black,240 mm,240 mm,5
Thermalright Silver Soul 135,105,1850,1850 RPM,29.6 dB,Black,,,5
Deepcool GAMMAXX L240 A-RGB,,https://cdna.pcpartpicker.com/static/forever/images/product/23fd7d2ac72f1070a1ba99981e5bbed4.256p.jpg,500 - 1800 RPM,30 dB,Black,240 mm,240 mm,2
Cooler Master Hyper TX3 EVO,,https://cdna.pcpartpicker.com/static/forever/images/product/c4c9522a383f181ae84763b99ac9ac50.256p.jpg,800 - 2800 RPM,17 - 35 dB,,,,4
ALPHAGEAR AirChill PRISM 65D PRO,,https://cdna.pcpartpicker.com/static/forever/images/product/c4721d676965f10d8a78e2acf4032b1a.256p.jpg,600 - 1600 RPM,26.7 dB,Black,,,0
Thermalright Elite Vision 360 ARGB,83.8,2150,2150 RPM,27 dB,White,360 mm,360 mm,4
Silverstone XED120S,139.99,,800 - 3000 RPM,44.9 dB,Silver,,,0
PC Cooler DT360 ARGB Display,,,500 - 3000 RPM,33.1 dB,Black,360 mm,360 mm,0
Deepcool R-AN600-BKNNMN-G,41.94,https://cdna.pcpartpicker.com/static/forever/images/product/8c5a09ce484c3380539b04db5ee933e6.256p.jpg,500 - 1850 RPM,20 - 24.4 dB,Black / Silver,,,4
ID-COOLING SL PRO SE,119.99,300,2000,300 - 2000 RPM,27.2 dB,Black,360 mm,360 mm,5
ID-COOLING IS-50X V3,,https://cdna.pcpartpicker.com/static/forever/images/product/5f9f84c2a87ec733537dacbdedfae91a.256p.jpg,500 - 2000 RPM,31.2 dB,Black / Gray,,,0
ENDORFY Fera 5 ARGB,40.9,https://cdna.pcpartpicker.com/static/forever/images/product/b197a8b3e3cd75873e5fa20e42201e8f.256p.jpg,250 - 1800 RPM,Black / Silver,Black / Silver,,,0
Deepcool GAMMAXX 400 Blue,,900,1500,900 - 1500 RPM,17.8 - 30 dB,Blue / Silver,,,4
EK AIO 280 D-RGB,,https://cdna.pcpartpicker.com/static/forever/images/product/d86052340429ded69a94fa65ad8bc642.256p.jpg,500 - 2000 RPM,36.4 dB,Black / Translucent White,280 mm,280 mm,4
Xigmatek Windpower Pro,,800,1800,800 - 1800 RPM,25.3 dB,Black,,,0
Alphacool Eisbaer LT240,119.34,https://cdna.pcpartpicker.com/static/forever/images/product/19e4181ac16938073b36a7868934d621.256p.jpg,550 - 1700 RPM,29 dB,Black,240 mm,240 mm,5
Thermaltake TOUGHAIR 710,89.81,https://cdna.pcpartpicker.com/static/forever/images/product/5f6465626bb45b7847c7cfa0be2cfdb2.256p.jpg,300 - 1400 RPM,18.5 - 23.9 dB,Gray,,,0
Scythe Mugen 5 PCGH Edition,,300,800,300 - 800 RPM,4 - 14.5 dB,Silver / Black,,,5
ENDORFY Fera 5 Black,39.64,250,1800,250 - 1800 RPM,Black,Black,,,0
Noctua NH-U12DXi4,94.95,https://cdna.pcpartpicker.com/static/forever/images/product/812e191cf233d1918eef38cba009b762.med.256p.jpg,300 - 1500 RPM,18.6 - 22.4 dB,,,,4.5
Deepcool GAMMAXX 300,,900,1600,900 - 1600 RPM,17.8 - 21 dB,,,,4
Cougar Helor 360,321.44,https://cdna.pcpartpicker.com/static/forever/images/product/bb8f5000ec9bb3a660f0984a997402ef.256p.jpg,600 - 1800 RPM,37.1 dB,Black,360 mm,360 mm,3.5
Fractal Design Lumen S24 V2,,https://cdna.pcpartpicker.com/static/forever/images/product/993d12341e2910981be11bd3e787914e.256p.jpg,500 - 2000 RPM,10 - 33.2 dB,Black,240 mm,240 mm,4.5
Cooler Master Hyper 212 LED Turbo ARGB,,https://cdna.pcpartpicker.com/static/forever/images/product/afaa79d9420cad3cef6d045ce24562c9.256p.jpg,650 - 1800 RPM,27 dB,Black,,,4
ENDORFY Navis F280,68.15,https://cdna.pcpartpicker.com/static/forever/images/product/a5d12a887d1bafbda4a7a58aaba79f6a.256p.jpg,250 - 1800 RPM,Black,Black,280 mm,280 mm,0
Thermaltake TH240 V2 Ultra ARGB Sync,55.47,https://cdna.pcpartpicker.com/static/forever/images/product/ee0d6512cb0dbcec1428bca65c0ac4a3.256p.jpg,500 - 1800 RPM,25.8 dB,White,240 mm,240 mm,3
ID-COOLING SE-207-XT SLIM,36.99,https://cdna.pcpartpicker.com/static/forever/images/product/1719b1cecf29d2b7543e82ab54581cc7.256p.jpg,700 - 1800 RPM,15.2 - 35.2 dB,,,,4.5
Deepcool LQ240,109.95,https://cdna.pcpartpicker.com/static/forever/images/product/ecb4127f95ae835831f0cb84a4bd7976.256p.jpg,500 - 2400 RPM,38.71 dB,Black,240 mm,240 mm,0
Thermaltake Floe Riing RGB 360 TT Premium Edition,159.81,500,1400,500 - 1400 RPM,19.8 - 24.7 dB,360,360 mm,360 mm,4
Azza CUBE 240,79.98,500,2000,500 - 2000 RPM,34 dB,Black,240 mm,240 mm,0
Phanteks Glacier One 240MP,,https://cdna.pcpartpicker.com/static/forever/images/product/6c09f29a16791499ab20a1edd15386f4.256p.jpg,500 - 2200 RPM,18 - 34.2 dB,Black / White,240 mm,240 mm,5
Gelid Solutions Liquid 120,,750,1800,750 - 1800 RPM,29.6 dB,Black,120 mm,120 mm,0
PC Cooler RZ500,,https://cdna.pcpartpicker.com/static/forever/images/product/21c44a0c9f7d1e55782ef7cd43a3e438.256p.jpg,500 - 2200 RPM,32 dB,Black,,,0
LevelPlay Combat Liquid 360 HUD,,,800 - 2000 RPM,6 - 36 dB,Black,360 mm,360 mm,0
Fractal Design Lumen S28 V2,114.99,https://cdna.pcpartpicker.com/static/forever/images/product/8fc9289e56cb76c2e4d41af9b953a499.256p.jpg,500 - 1700 RPM,10 - 35.5 dB,Black,280 mm,280 mm,4
Jonsbo CR-1000 V2 Color,38.68,https://cdna.pcpartpicker.com/static/forever/images/product/4034961a3f8a85ee55600df151cada6a.256p.jpg,600 - 1500 RPM,22 - 32 dB,Black / Silver,,,0
be quiet! Shadow Rock Slim 2,39.81,https://cdna.pcpartpicker.com/static/forever/images/product/9c71e2b7b55c04f593c522031c24f971.256p.jpg,1400 RPM,11.5 - 23.7 dB,Black,,,5
Deepcool AK500 G2 DIGITAL NYX,,https://cdna.pcpartpicker.com/static/forever/images/product/64429c68f552441f1ef9e38e161ec010.256p.jpg,2200 RPM,31.45 dB,Black,,,0
Asus ROG RYUO 240 RGB,196.99,https://cdna.pcpartpicker.com/static/forever/images/product/b5cba8e692656af91eb297d4061ed8eb.256p.jpg,800 - 2500 RPM,37 dB,Black,240 mm,240 mm,3
Intel BXTS13X,134.02,800,2200,800 - 2200 RPM,21 - 35 dB,120,120 mm,120 mm,0
be quiet! Pure Loop 280,111.79,https://cdna.pcpartpicker.com/static/forever/images/product/490563f4bed015305f792e91514fa5d0.256p.jpg,22.5,38.1,22.5 - 38.1 dB,Black,280 mm,280 mm,4
Fractal Design Lumen S36 RGB,,https://cdna.pcpartpicker.com/static/forever/images/product/591856e4aa85716076fce0e20b0b795e.256p.jpg,500 - 2000 RPM,10 - 33.2 dB,Black,360 mm,360 mm,5
Noctua NH-D14 SE2011,,https://cdna.pcpartpicker.com/static/forever/images/product/481c425543df8c8067df2a81d7c53698.256p.jpg,900 - 1300 RPM,12.6 - 19.8 dB,,,,4.5
EVGA CLC 120,,500,2400,500 - 2400 RPM,16 - 39.9 dB,120,120 mm,120 mm,4.5
Cooler Master MasterLiquid ML240L V2 RGB,129.99,https://cdna.pcpartpicker.com/static/forever/images/product/2c03335f73ba12d4fc6b612a3f042eb8.256p.jpg,650 - 1800 RPM,8 - 27 dB,White / Black,240 mm,240 mm,4
MSI MPG CORELIQUID K240,123,https://cdna.pcpartpicker.com/static/forever/images/product/dcc5fa871e9b557eff1d60c033507f61.256p.jpg,0,39.9,0 - 39.9 dB,Black,240 mm,240 mm,3
Asus ROG RYUJIN II 360 ARGB EVA Edition,,https://cdna.pcpartpicker.com/static/forever/images/product/8939b3bbff98f59cb076c384b46792c5.256p.jpg,,Silver / Black,Silver / Black,360 mm,360 mm,5
Deepcool LS720 WH,,https://cdna.pcpartpicker.com/static/forever/images/product/9de5da32cc25f0504018cac6128cef04.256p.jpg,500 - 2250 RPM,32.9 dB,White,360 mm,360 mm,4.5
EVGA CLCx 240,,https://cdna.pcpartpicker.com/static/forever/images/product/0d55383c214d98d8c610b97fa636a02e.256p.jpg,35,35 dB,Black,240 mm,240 mm,0
Thermalright Assassin X 120 V2,,1500,1500 RPM,25.6 dB,Black / Silver,,,0
SAMA L50,,,800 - 2200 RPM,28 dB,Black,240 mm,240 mm,0
Thermaltake LB360 Ultra ARGB Sync,112.79,https://cdna.pcpartpicker.com/static/forever/images/product/17613b78dd1e30b8cce4d912c7c0e924.256p.jpg,700 - 1900 RPM,33.8 dB,White,360 mm,360 mm,0
Jonsbo CR-1000 EVO ARGB White,25.99,https://cdna.pcpartpicker.com/static/forever/images/product/ca24b604859cb88d67a4fa6dfcdcb1cd.256p.jpg,600 - 1500 RPM,22 - 32 dB,White,,,5
Jonsbo CR-1400 V2 ARGB,,https://cdna.pcpartpicker.com/static/forever/images/product/13c82148b4fe6780ab73cf6a88ae3a7e.256p.jpg,800 - 2200 RPM,22.3 - 33.8 dB,Black,,,5
Titan DC-155A915Z/RPW,31.12,1000,2600,1000 - 2600 RPM,24.8 - 33.4 dB,,,,0
Deepcool UD511 RGB,,https://cdna.pcpartpicker.com/static/forever/images/product/2eedff712e2b692be061c052bc448372.256p.jpg,500 - 1800 RPM,26.8 dB,Black,,,0
NZXT Kraken X61,,https://cdna.pcpartpicker.com/static/forever/images/product/7cdd6e9ad8fcbd55b14a29f85bfa563d.med.256p.jpg,800 - 2000 RPM,20 - 37 dB,280,280 mm,280 mm,4
SilentiumPC Fera 5,,https://cdna.pcpartpicker.com/static/forever/images/product/845944fcfa57413bb8d3848821bfa696.256p.jpg,300 - 1800 RPM,Black / Silver,Black / Silver,,,5
ID-COOLING FROZN A410 GDL,34.99,500,2000,500 - 2000 RPM,29.9 dB,Black / Gold,,,0
Geometric Future Eskimo Pro 36,105.76,https://cdna.pcpartpicker.com/static/forever/images/product/c785277ec38df84dc70d7a02369b8ecb.256p.jpg,2000 RPM,34.2 dB,Black,360 mm,360 mm,0
Evercool HPL-815EP,25,https://cdna.pcpartpicker.com/static/forever/images/product/1cc5b47bee4f59e7f83387fee1c2eaed.256p.jpg,1000 - 4000 RPM,12 - 40 dB,,,,0
Mars Gaming ML-ULTRA360,108.26,https://cdna.pcpartpicker.com/static/forever/images/product/9331eae29fa4e6dacab9dba051020b60.256p.jpg,600 - 1800 RPM,9 - 26 dB,White,360 mm,360 mm,0
Alpenföhn BEN NEVIS,46.61,https://cdna.pcpartpicker.com/static/forever/images/product/0c84399a80fd95aa7d19294dc0426ef1.256p.jpg,400 - 1600 RPM,8 - 20.2 dB,,,,5
Silverstone NovaPeak 360,134.25,600,2200,600 - 2200 RPM,35.1 dB,Black,360 mm,360 mm,0
Mars Gaming MCPU-X5 ARGB,31.88,800,2000,800 - 2000 RPM,9 - 28 dB,White,,,0
ARCTIC Freezer 13 CO,,https://cdna.pcpartpicker.com/static/forever/images/product/6d4e3029809d677e7dd23b14978297a2.med.256p.jpg,600 - 2000 RPM,24.4 dB,,,,4.5
ARCTIC Alpine Passive,,,0,0 dB,Black,,,5
ARCTIC Freezer 34,,https://cdna.pcpartpicker.com/static/forever/images/product/2d16881a8169cfefabb07c6cf5473d01.256p.jpg,200 - 1800 RPM,Black / Silver,Black / Silver,,,4
Deepcool GAMMAXX C40,,https://cdna.pcpartpicker.com/static/forever/images/product/b757d65fba62c2afec189ac855521eb0.256p.jpg,500 - 2000 RPM,23.9 dB,Black / Silver,,,0
Deepcool AK500 DIGITAL,,https://cdna.pcpartpicker.com/static/forever/images/product/f8dec64f97818a154822d449b00a3c26.256p.jpg,500 - 1850 RPM,28 dB,Black,,,4.5
Thermalright Frozen Magic Scenic V2,,2150,2000 RPM,31.4 dB,White,280 mm,280 mm,0
Enermax Liqmax III 120 HF,,https://cdna.pcpartpicker.com/static/forever/images/product/0e0280f66268a80e104b3c99a9219ffa.256p.jpg,500 - 2000 RPM,14 - 32 dB,Black,120 mm,120 mm,2
Alpenföhn Brocken 4,102.25,https://cdna.pcpartpicker.com/static/forever/images/product/ffc3dd621fa8e92a6aa72fafd4e4c713.256p.jpg,400 - 1600 RPM,22.8 dB,Black,,,0
Cooler Master MasterAir MA620M,89.01,https://cdna.pcpartpicker.com/static/forever/images/product/b0ee00386de0942b9f0e3a82758850cd.256p.jpg,650 - 2000 RPM,8 - 30 dB,Black,,,4.5
Thermaltake Floe DX RGB 360 TT Premium Edition,96.36,https://cdna.pcpartpicker.com/static/forever/images/product/26f333cb4b550138b630f53d2a524a34.256p.jpg,500 - 1500 RPM,19 - 23.9 dB,Black / Gray,360 mm,360 mm,5
Xilence I402,,https://cdna.pcpartpicker.com/static/forever/images/product/a7a1e8c18f7cfbc92e565f24c8447f85.256p.jpg,600 - 2200 RPM,14 - 23.8 dB,Red / Black,,,0
Noctua NH-U12P SE2,,https://cdna.pcpartpicker.com/static/forever/images/product/4b6e3f5b7ca2627b6f74fad155920c6e.256p.jpg,900 - 1300 RPM,12.6 - 19.8 dB,,,,4.5
NoFan CR-95C,,https://cdna.pcpartpicker.com/static/forever/images/product/91b9ce0aa75085dc8d7b221ef08005af.256p.jpg,0,0 dB,,,,4.5
ARCTIC Freezer 33 eSports ONE (Black/Red),,https://cdna.pcpartpicker.com/static/forever/images/product/790abea6fa4edae200478e6a56aea933.256p.jpg,200 - 1800 RPM,24.4 dB,Black / Red,,,4.5
be quiet! Pure Loop 240,,https://cdna.pcpartpicker.com/static/forever/images/product/5df0a7bed70fec92b6ff204a15deffd0.256p.jpg,19,39.5,19 - 39.5 dB,Black,240 mm,240 mm,4.5
ID-COOLING SE-226-XT,,https://cdna.pcpartpicker.com/static/forever/images/product/d16bfcf64c9a60216455aef72565ecee.256p.jpg,500 - 1500 RPM,13.8 - 30.5 dB,White,,,0
Cooler Master MasterAir MA612 Stealth,,https://cdna.pcpartpicker.com/static/forever/images/product/78499447dc53bf3ac701b6b4e2da1986.256p.jpg,650 - 1800 RPM,8 - 27 dB,,,,0
Zalman CNPS9X Performa ARGB,32.99,700,1800,700 - 1800 RPM,28 dB,Black,,,5
ENDORFY Fortis 5 Black,,,,Black,Black,,,0
Silentware Titan Performance,47.74,,,27 dB,Black,,,0
Enermax LIQMAXFLO 360,161.12,500,1800,500 - 1800 RPM,23.46 dB,Black,360 mm,360 mm,4
StarTech FAN1156PWM,24.93,https://cdna.pcpartpicker.com/static/forever/images/product/d789b60f705568bf0cd2e490f13a5624.256p.jpg,1000 - 3000 RPM,33 dB,,,,0
Cooler Master Hyper H410R RGB,139,https://cdna.pcpartpicker.com/static/forever/images/product/a0582473757b3e5069a1e77e45382ddf.256p.jpg,600 - 2000 RPM,6 - 29 dB,,,,3
Cooler Master Hyper 212 LED Turbo (Red),77.9,https://cdna.pcpartpicker.com/static/forever/images/product/880493b8ea6c7b4cf7ab0ad2684904db.256p.jpg,300 - 1600 RPM,9 - 31 dB,,,,4.5
Asus ROG STRIX LC 240 RGB,169.99,https://cdna.pcpartpicker.com/static/forever/images/product/34bafe06c3a030af5c64b3a5b8cd235a.256p.jpg,800 - 2500 RPM,37.6 dB,Black,240 mm,240 mm,0
Scythe Shuriken 2,,300,2500,300 - 2500 RPM,1.8 - 23.2 dB,Black / Silver,,,5
Montech AIR COOLER 210,,https://cdna.pcpartpicker.com/static/forever/images/product/0302b489301192585a4147b9c2a7df30.256p.jpg,600 - 1500 RPM,27 dB,Black,,,0
Fractal Design Lumen S36 V2,274.19,https://cdna.pcpartpicker.com/static/forever/images/product/afdfb5a2e509672a174c0280bac2f4b3.256p.jpg,500 - 2000 RPM,10 - 33.2 dB,Black,360 mm,360 mm,0
KOLINK Umbra EX180,28.98,https://cdna.pcpartpicker.com/static/forever/images/product/a3acedad9d1908d9ccf83c7c0bf6c627.256p.jpg,800 - 1800 RPM,28.6 dB,Black,,,0
Chillblast Cryo Storm DT,133.94,https://cdna.pcpartpicker.com/static/forever/images/product/dd71f134f30e07dcc8a6b361e8bf2c64.256p.jpg,500 - 3000 RPM,15 - 33.1 dB,Black,360 mm,360 mm,0
Enermax LIQMAXFLO 240,74.48,500,1800,500 - 1800 RPM,23.46 dB,Black,240 mm,240 mm,5
Thermaltake TH420 V2 Ultra EX ARGB Sync,233.46,https://cdna.pcpartpicker.com/static/forever/images/product/c15f08171bf4e70744cf8f1153247e54.256p.jpg,500 - 2000 RPM,30.7 dB,Black,420 mm,420 mm,5
GAMDIAS CHIONE M4-240,69.23,https://cdna.pcpartpicker.com/static/forever/images/product/9ffb1f9475e9b304f1a348586008e377.256p.jpg,800 - 2000 RPM,11 - 29 dB,Black,240 mm,240 mm,4
StarTech FAN775E,30.96,https://cdna.pcpartpicker.com/static/forever/images/product/f8524b418dd1c0bfc8b6781ada98341a.256p.jpg,2600 RPM,22.2 dB,,,,0
Thermaltake CLP0556,49.05,1900,2300,1900 - 2300 RPM,22 dB,,,,4
Thermaltake TOUGHAIR 310,39.97,https://cdna.pcpartpicker.com/static/forever/images/product/c6e503856a421b8e7059d1a837bea8a7.256p.jpg,500 - 2000 RPM,23.6 dB,Black / Gray,,,0
Xilence LQ240,61.6,700,1600,700 - 1600 RPM,18 - 32.5 dB,Red / Black,240 mm,240 mm,0
Thermaltake Water 3.0 Performer,,1000,2000,1000 - 2000 RPM,20 dB,120,120 mm,120 mm,5
SilentiumPC Fortis 3 HE1425,,500,1400,500 - 1400 RPM,8 - 22 dB,,,,0
Cooler Master Hyper 212 LED,69.98,https://cdna.pcpartpicker.com/static/forever/images/product/f7bd01926b7e4b2ee0b996be79f20280.256p.jpg,600 - 1600 RPM,9 - 31 dB,,,,4.5
MSI CORE FROZR L,,https://cdna.pcpartpicker.com/static/forever/images/product/ebe0611d68a0ee6820c9212a19e54e70.256p.jpg,500 - 1800 RPM,17.2 - 33.6 dB,,,,4
MSI MAG CORELIQUID R,,https://cdna.pcpartpicker.com/static/forever/images/product/c36d414a2655bffc7f11ffba68791e72.256p.jpg,500 - 2000 RPM,14.3 - 34.3 dB,Black,240 mm,240 mm,4
AQIRYS Hydra ARGB,,https://cdna.pcpartpicker.com/static/forever/images/product/c82dcea5bd00ce73471f728ae1e6500d.256p.jpg,800 - 2000 RPM,25 - 34 dB,Black,360 mm,360 mm,0
Ocypus Iota L24,83.99,500,2000,500 - 2000 RPM,29 dB,Black,240 mm,240 mm,0
PC Cooler RZ820,,https://cdna.pcpartpicker.com/static/forever/images/product/c909c150d62d9e23763d0efb07692bab.256p.jpg,500 - 2200 RPM,32 dB,Black,,,0
Thermaltake TH360 V2 Ultra EX ARGB Sync,113.51,,,Black,Black,360 mm,360 mm,0
ID-COOLING DASHFLOW 240 BASIC,,700,1800,700 - 1800 RPM,15.2 - 35.2 dB,White,240 mm,240 mm,4.5
Xilence I350PWM,22.41,https://cdna.pcpartpicker.com/static/forever/images/product/9c96820d38cd04ff40883b8a0ae70446.256p.jpg,800 - 2500 RPM,17.6 - 26.4 dB,Red / Black,,,0
Gelid Solutions Tranquillo Rev. 5,25.86,900,2000,900 - 2000 RPM,26.5 dB,Black,,,0
Cooler Master I70,12.46,1800,1800 RPM,28 dB,Black / Silver,,,0
Dynatron T318,46.95,,0,0 dB,,,,5
Asus ROG Strix LC 120,152.99,https://cdna.pcpartpicker.com/static/forever/images/product/86e6a70da93bf9d98b938087d2da15dc.256p.jpg,800 - 2500 RPM,37.6 dB,Black,120 mm,120 mm,5
Deepcool CAPTAIN 240EX WHITE,,https://cdna.pcpartpicker.com/static/forever/images/product/32624184883865175a67d281bcde4218.256p.jpg,500 - 1800 RPM,17.6 - 31.3 dB,240,240 mm,240 mm,4.5
Cooler Master MasterLiquid Pro 280,,650,2200,650 - 2200 RPM,6 - 30 dB,280,280 mm,280 mm,4.5
CRYORIG H7 Quad Lumi,,https://cdna.pcpartpicker.com/static/forever/images/product/c80d9ebfdc9ddaf3bd6b8423a98656af.256p.jpg,330 - 1600 RPM,10 - 25 dB,,,,4.5
Deepcool Gammaxx L360 V2,,https://cdna.pcpartpicker.com/static/forever/images/product/8c724505a094e7f4a4805abfc7217f27.256p.jpg,500 - 1800 RPM,30 dB,Black / White,360 mm,360 mm,5
Thermalright AXP-90R,,2700,2700 RPM,22.4 dB,Silver / Gray,,,0
ID-COOLING PINKFLOW 240 DIAMOND PURPLE,,https://cdna.pcpartpicker.com/static/forever/images/product/98c5d2cdfc155895f9138bf8bfc915ac.256p.jpg,900 - 2000 RPM,16.3 - 33.5 dB,Pink / Purple,240 mm,240 mm,0
ID-COOLING DASHFLOW BASIC,,700,1800,700 - 1800 RPM,15.2 - 35.2 dB,White,360 mm,360 mm,4
Cooler Master MasterLiquid 360L Core SF6 Chun-Li,,650,1750,650 - 1750 RPM,27.2 dB,White / Yellow,360 mm,360 mm,5
Jonsbo CA40,,https://cdna.pcpartpicker.com/static/forever/images/product/e5569ec9e98f9aec58a9735a7270ef9d.256p.jpg,800 - 1800 RPM,17 - 32.6 dB,Black / Silver,,,0
Jonsbo CB40,,https://cdna.pcpartpicker.com/static/forever/images/product/f70e04fbe50def4f2cd4a507c8d6ac35.256p.jpg,800 - 1800 RPM,21.8 - 35.4 dB,Black,,,0
Deepcool LE500,,https://cdna.pcpartpicker.com/static/forever/images/product/b215a5dd6cbfed83d595c45034494ea5.256p.jpg,500 - 2250 RPM,Black,Black,240 mm,240 mm,0
Cougar FORZA 85 ESSENTIAL,59.99,https://cdna.pcpartpicker.com/static/forever/images/product/0fc954ce5b2e5c42987fa0ad0230b905.256p.jpg,600 - 2000 RPM,34.5 dB,Black,,,0
ARCTIC Freezer Xtreme Rev.2,,800,1500,800 - 1500 RPM,24.4 dB,,,,4.5
Corsair H80i,,2700,2700 RPM,37.68 dB,120,120 mm,120 mm,4
Evercool LGAL1156A-B715,,https://cdna.pcpartpicker.com/static/forever/images/product/c800701b87fdd34ff6bd756755efa367.med.256p.jpg,1000 - 5500 RPM,56 dB,,,,0
Akasa K32,,600,3000,600 - 3000 RPM,17.2 - 30.54 dB,,,,0
CRYORIG H5 Ultimate,,700,1300,700 - 1300 RPM,19 - 23 dB,,,,4.5
Cooler Master MasterLiquid ML120L RGB,,https://cdna.pcpartpicker.com/static/forever/images/product/dd7f77b7f603eebc59110e13f6166602.256p.jpg,650 - 2000 RPM,6 - 30 dB,120,120 mm,120 mm,4
Asus ROG Strix LC 360,239.99,https://cdna.pcpartpicker.com/static/forever/images/product/0d1e45d9d908d7b7dfc74c0a03962dee.256p.jpg,800 - 2500 RPM,37.6 dB,Black,360 mm,360 mm,5
Gelid Solutions Sirocco,,https://cdna.pcpartpicker.com/static/forever/images/product/63bf51c370799be030eb44f8de5ac99e.256p.jpg,750 - 2000 RPM,40.4 dB,Black / Silver,,,0
Thermalright Burst Assassin,21.59,1550,1550 RPM,25.6 dB,Gray / Black,,,5
ID-COOLING ZOOMFLOW 240 XT,,https://cdna.pcpartpicker.com/static/forever/images/product/fa9d6ace79b95297be6f09d1adc5aee4.256p.jpg,500 - 1500 RPM,13.8 - 30.5 dB,Black,240 mm,240 mm,0
Cooler Master MasterAir MA610P ARGB,124.9,https://cdna.pcpartpicker.com/static/forever/images/product/cf6628670cbc28c6e233d4cdda2aa0ff.256p.jpg,650 - 1800 RPM,8 - 27 dB,,,,0
Cooler Master MasterAir MA612 Stealth ARGB,,https://cdna.pcpartpicker.com/static/forever/images/product/8d0961296b5357bea5cba30c34efe565.256p.jpg,650 - 1800 RPM,8 - 27 dB,,,,5
EVGA CLCx 280,226.92,https://cdna.pcpartpicker.com/static/forever/images/product/0d55383c214d98d8c610b97fa636a02e.256p.jpg,35,35 dB,Black,280 mm,280 mm,0
Thermalright Core Matrix,,https://cdna.pcpartpicker.com/static/forever/images/product/4dbb4db9e6033075dbac17f2822758d1.256p.jpg,2150 RPM,27 dB,Black,360 mm,360 mm,0
ID-COOLING FROZN A620 ARGB,64.98,500,2000,500 - 2000 RPM,29.9 dB,Black,,,2
ID-COOLING SE-214-XT BASIC,,https://cdna.pcpartpicker.com/static/forever/images/product/ac40db3133a939e3a7acd0701f707522.256p.jpg,700 - 1800 RPM,35.2 dB,Gray / Silver,,,0
ALPHAGEAR AirChill PRISM 60D PRO,,https://cdna.pcpartpicker.com/static/forever/images/product/63b1e8cdab45fa34cf435c4b1d9e9c86.256p.jpg,800 - 1800 RPM,33.1 dB,Black,,,0
Thermalright Aqua Elite 240 ARGB V5,,,2000 RPM,28.2 dB,Black,240 mm,240 mm,0
Xilence LQ360,68.62,https://cdna.pcpartpicker.com/static/forever/images/product/01b142dc2290a6e5cfc1f9c8d2bf9a4d.256p.jpg,700 - 1600 RPM,18 - 35.2 dB,Red / Black,360 mm,360 mm,0
Alpenföhn Brocken 4 Max,86.59,https://cdna.pcpartpicker.com/static/forever/images/product/f58df2ec58e590ccdc6f9dc1818c1446.256p.jpg,400 - 1800 RPM,22.8 - 24.7 dB,Black,,,0
Thermalright Peerless Vision 240 ARGB,,,2000 RPM,28.2 dB,White,240 mm,240 mm,0
be quiet! Shadow Rock TF 2,49.99,https://cdna.pcpartpicker.com/static/forever/images/product/036feba40854afe6bc25ba4525175f0d.256p.jpg,1400 RPM,11.9 - 24.4 dB,Silver / Black,,,5
ENDORFY Navis F280 ARGB,77.05,https://cdna.pcpartpicker.com/static/forever/images/product/c10986a9aace17c088566f099e894ddc.256p.jpg,250 - 1800 RPM,Black,Black,280 mm,280 mm,0
GameMax Twin 600,30.5,https://cdna.pcpartpicker.com/static/forever/images/product/cab6e0d815c25146668987aa2ed3edb4.256p.jpg,800 - 2500 RPM,White,Black,,,0
Mars Gaming MCPU-XU6,48.94,https://cdna.pcpartpicker.com/static/forever/images/product/06eaf3f88e5a9a42c0371253246035ee.256p.jpg,800 - 2000 RPM,9 - 23 dB,White,,,0
Chillblast Cryo Storm DT + Cryo Display,192.94,https://cdna.pcpartpicker.com/static/forever/images/product/be74cdd60e240a6733cc2db6ecb353ad.256p.jpg,500 - 3000 RPM,15 - 33.1 dB,Black,360 mm,360 mm,0
Thermaltake CLP0600,,1000,2400,1000 - 2400 RPM,19.3 - 30 dB,,,,4
Deepcool ICE BLADE 200M,,https://cdna.pcpartpicker.com/static/forever/images/product/f51d04f26a306a66e20be323833ba5b8.256p.jpg,2200 RPM,17.8 - 30.1 dB,,,,4
Deepcool GAMMAXX 200T,,900,1600,900 - 1600 RPM,17.8 - 26.1 dB,,,,4.5
ID-COOLING ZOOMFLOW 240,,https://cdna.pcpartpicker.com/static/forever/images/product/62dc85935a84ff4270322c40890b234e.256p.jpg,900 - 2000 RPM,16.3 - 33.5 dB,Black,240 mm,240 mm,5
Gigabyte AORUS ATC800,,https://cdna.pcpartpicker.com/static/forever/images/product/439599c757f5965eca82fda7737f11b1.256p.jpg,600 - 2000 RPM,18 - 31 dB,Black,,,0
Aerocool Cylon 4,63.58,https://cdna.pcpartpicker.com/static/forever/images/product/2ebf95038181a36ba058561130516e4d.256p.jpg,800 - 1800 RPM,14 - 26 dB,Black,,,0
Thermalright Frost Spirit 140,,1500,1500 RPM,25.6 dB,Gray,,,5
Deepcool GAMMAXX L360 A-RGB,,https://cdna.pcpartpicker.com/static/forever/images/product/c83f7fdbba8fe84310c329ed3fb94ca3.256p.jpg,500 - 1800 RPM,30 dB,Black,360 mm,360 mm,4
GAMDIAS BOREAS M2-510,,https://cdna.pcpartpicker.com/static/forever/images/product/4f44caefab507be7261f690fc7fff19f.256p.jpg,800 - 1800 RPM,10 - 32 dB,White,,,0
PC Cooler DE360,,600,1850,600 - 1850 RPM,16 - 33.8 dB,Black,360 mm,360 mm,0
upHere UP1KC4,,,600 - 1650 RPM,25 dB,Black,,,3
Ocypus Sigma L240 PRO,,,500 - 2400 RPM,36 dB,Black,240 mm,240 mm,0
Dynatron R13,43.95,1100,6000,1100 - 6000 RPM,19.1 - 53.8 dB,,,,0
Thermalright Macho Rev.B,88.99,https://cdna.pcpartpicker.com/static/forever/images/product/8fa7df270ba6e5d37a1bb5fe3e6cbf3b.256p.jpg,300 - 1300 RPM,15 - 21 dB,,,,5
Scythe Mugen 5 Black Edition,,300,1500,300 - 1500 RPM,4 - 29.75 dB,Black,,,5
ID-COOLING FROZN A610 BLACK,,500,2000,500 - 2000 RPM,29.85 dB,Black,,,0
ADATA XPG LEVANTE 360,160.79,600,2000,600 - 2000 RPM,34 dB,Black,360 mm,360 mm,0
Xilence M704,,700,1600,700 - 1600 RPM,18 - 32.5 dB,Red / Black,,,0
TUNIQ Tower 120 Extreme,,1000,2000,1000 - 2000 RPM,16 - 20 dB,,,,4
Cooler Master Hyper T2,,https://cdna.pcpartpicker.com/static/forever/images/product/5872f90b0a07ebdd3091011513232552.med.256p.jpg,2800 RPM,17 - 35 dB,,,,4
ARCTIC Alpine M1 - Passive,,,0,0 dB,,,,5
Raidmax Cobra 240,,500,1800,500 - 1800 RPM,21.2 dB,240,240 mm,240 mm,0
Cooler Master MasterLiquid ML120R RGB,,https://cdna.pcpartpicker.com/static/forever/images/product/3deec0e55023fbed6eef4a89cb89713c.256p.jpg,650 - 2000 RPM,6 - 30 dB,120,120 mm,120 mm,4.5
Cooler Master MasterLiquid ML240 Mirror,,650,1800,650 - 1800 RPM,8 - 27 dB,Black,240 mm,240 mm,5
ID-COOLING ZOOMFLOW 360 XT SNOW,,https://cdna.pcpartpicker.com/static/forever/images/product/99c97b2840727ed2ca679aaec0af992d.256p.jpg,500 - 1500 RPM,13.8 - 30.5 dB,White,360 mm,360 mm,5
Thermalright Frozen Horizon ARGB,,https://cdna.pcpartpicker.com/static/forever/images/product/15d8f7b4cb150574669c2f47637e70dc.256p.jpg,2150 RPM,28.1 dB,Black,360 mm,360 mm,0
Asus ROG STRIX LC 360 RGB GUNDAM,1621,800,2500,800 - 2500 RPM,37.6 dB,White,360 mm,360 mm,5
ID-COOLING BLITZ X4,19.98,500,1500,500 - 1500 RPM,26.6 dB,Black / Silver,,,0
Thermaltake TH420 ARGB Sync,61.6,https://cdna.pcpartpicker.com/static/forever/images/product/95d729ca24a816d7b88a46945f2cf392.256p.jpg,500 - 1800 RPM,34.7 dB,Black,420 mm,420 mm,5
Mars Gaming ML-PRO360,68.2,800,2000,800 - 2000 RPM,9 - 27 dB,Black,360 mm,360 mm,0
Fractal Design Celsius+ S24 Prisma PWM ARGB,129.91,https://cdna.pcpartpicker.com/static/forever/images/product/30d191f29777d462156ea1b0b8dd195b.256p.jpg,500 - 2000 RPM,32.7 dB,Black,240 mm,240 mm,4.5
ID-COOLING SE-214-XT PLUS,19.98,700,1800,700 - 1800 RPM,35.2 dB,Black / Silver,,,5
Cooler Master V8 GTS,,1600,1600 RPM,36 dB,,,,4.5
Thermaltake Water 3.0 Ultimate,,https://cdna.pcpartpicker.com/static/forever/images/product/46e435d913e84ecba319aa0c7003b969.med.256p.jpg,1000 - 2000 RPM,20 dB,360,360 mm,360 mm,4
Intel BXTS13A,,https://cdna.pcpartpicker.com/static/forever/images/product/c68ee79f2116a2c25e373b48b0cafe58.256p.jpg,,,,,,0
ARCTIC Liquid Freezer 240,,500,1350,500 - 1350 RPM,240,240,240 mm,240 mm,4.5
Reeven Steropes RC-1206b,,500,2000,500 - 2000 RPM,9.32 - 33.67 dB,,,,0
NZXT Kraken X42 Rev 2,,https://cdna.pcpartpicker.com/static/forever/images/product/e7443e952ac5550b9c32d32c72a9feec.256p.jpg,500 - 1800 RPM,21 - 38 dB,140,140 mm,140 mm,4
Deepcool GAMMAXX 300 R,,https://cdna.pcpartpicker.com/static/forever/images/product/847ea8ee9dd5410dcb732f42d0717168.256p.jpg,900 - 1600 RPM,17.8 - 21 dB,,,,4.5
Cooler Master Hyper H411R,,https://cdna.pcpartpicker.com/static/forever/images/product/a3b4a5fdd4a1864b38d4ce53f51c6f6d.256p.jpg,600 - 2000 RPM,29.4 dB,Black / Silver,,,4
ARCTIC Alpine AM4,10.08,https://cdna.pcpartpicker.com/static/forever/images/product/194f7265320e6f3b06792fc55ee7d6dc.256p.jpg,100 - 2000 RPM,Black / White,Black / White,,,0
Asus ROG STRIX LC 360 RGB,,https://cdna.pcpartpicker.com/static/forever/images/product/3102bcfb21fce7132bb3ebe2818139d5.256p.jpg,800 - 2500 RPM,37.6 dB,Black,360 mm,360 mm,4
ADATA XPG LEVANTE 240,,https://cdna.pcpartpicker.com/static/forever/images/product/80cd7af42c217978db714d119d849a5d.256p.jpg,600 - 2000 RPM,34 dB,Black,240 mm,240 mm,4
ID-COOLING IS-47K,,600,2500,600 - 2500 RPM,14 - 33 dB,Silver / Black,,,4
ID-COOLING AURAFLOW X 240 EVO,,https://cdna.pcpartpicker.com/static/forever/images/product/b6c275a4bde48e0cd0ea0a3251366770.256p.jpg,700 - 1800 RPM,18 - 35.2 dB,Black,240 mm,240 mm,0
Jonsbo CR-1400,,https://cdna.pcpartpicker.com/static/forever/images/product/eff4e73dc60de3bdeefae59ebf8d7f3f.256p.jpg,900 - 2300 RPM,20 - 30.5 dB,Black,,,0
Thermalright Frozen Magic ARGB,,https://cdna.pcpartpicker.com/static/forever/images/product/dbdda4689b28aecfe783a243ed47c33c.256p.jpg,1500 RPM,25.6 dB,White,360 mm,360 mm,0
Zalman CNPS4X,,800,2000,800 - 2000 RPM,29 dB,Black,,,0
Thermaltake TOUGHLIQUID 240 EX Pro ARGB Sync,,https://cdna.pcpartpicker.com/static/forever/images/product/bafd22d138631e7c1bae28e275e2b4db.256p.jpg,500 - 2000 RPM,22.6 dB,Black,240 mm,240 mm,0
Ocypus Delta A62 ARGB,49.99,500,2000,500 - 2000 RPM,29 dB,Black,,,0
upHere UP1K4,,,600 - 1650 RPM,25 dB,Black,,,0
In Win Nebula NR36,149,400,1800,400 - 1800 RPM,25 dB,Black / White,360 mm,360 mm,0
Silverstone AR06,50.64,2500,2500 RPM,20 - 28.3 dB,,,,4.5
Alphacool Eisbaer 360,139.95,https://cdna.pcpartpicker.com/static/forever/images/product/df8239d1b6caf075e69e339b363953cd.256p.jpg,550 - 1700 RPM,29 dB,Black,360 mm,360 mm,4
Cooler Master MasterLiquid LC240E RGB,122.26,650,1800,650 - 1800 RPM,31.5 dB,Black,240 mm,240 mm,3.5
ARCTIC Freezer i35,84.11,https://cdna.pcpartpicker.com/static/forever/images/product/99380a169b1c09f684e99e611a42c2ce.256p.jpg,200 - 1800 RPM,Black / White,Black / White,,,0
Xilence M403PRO.W.ARGB,,500,1800,500 - 1800 RPM,14.2 - 25.6 dB,White,,,0
Cooler Master Hyper 412S,,https://cdna.pcpartpicker.com/static/forever/images/product/08dda7c0f42d7e4474eb06fa881c6692.256p.jpg,900 - 1300 RPM,16.1 - 22.5 dB,,,,0
Cooler Master MasterAir MA410M,40.9,https://cdna.pcpartpicker.com/static/forever/images/product/bcce7cfb39d8fb6271df5c22b40e2ff9.256p.jpg,650 - 1800 RPM,6 - 31 dB,Black,,,4
Silverstone AR12 RGB,40.28,https://cdna.pcpartpicker.com/static/forever/images/product/b6fb2fc3fe4d3cd46a82b3a724819223.256p.jpg,700 - 2200 RPM,9 - 29 dB,Silver / Black,,,0
Deepcool AK500 DIGITAL WH,,https://cdna.pcpartpicker.com/static/forever/images/product/a15dfc81afeb0aff549eee773f1c8ec6.256p.jpg,500 - 1850 RPM,28 dB,White,,,0
Corsair H75,,2000,2000 RPM,31.4 dB,120,120 mm,120 mm,4.5
be quiet! Dark Rock TF,,https://cdna.pcpartpicker.com/static/forever/images/product/189d0b10bf9019bc53081c1d3ea61087.256p.jpg,1400 RPM,11.9 - 26.7 dB,,,,4.5
NZXT Kraken X42,,https://cdna.pcpartpicker.com/static/forever/images/product/7848e3368a39a7de0fae04fb7340e924.256p.jpg,500 - 1800 RPM,21 - 38 dB,140,140 mm,140 mm,4
EVGA CLC 120 CL11,,1800,1800 RPM,32.1 dB,120,120 mm,120 mm,4
Silverstone HE02-V2,,https://cdna.pcpartpicker.com/static/forever/images/product/53edebbd9a8a0c5dc529423f91263787.256p.jpg,0,0 dB,Silver,,,0
Deepcool CASTLE 360EX,,https://cdna.pcpartpicker.com/static/forever/images/product/ab1bf1d96723569a922f4e8d941aa6bb.256p.jpg,500 - 1800 RPM,32.1 dB,Black,360 mm,360 mm,4.5
Fractal Design Celsius S36 Blackout,,https://cdna.pcpartpicker.com/static/forever/images/product/c9aebc15771ac48fd38e67ec847ca4c3.256p.jpg,500 - 2000 RPM,32.2 dB,Black,360 mm,360 mm,5
Deepcool GAMMAXX 400 EX,,https://cdna.pcpartpicker.com/static/forever/images/product/a18cf718a54ebd272edf9dff575578df.256p.jpg,500 - 1500 RPM,27.6 dB,Black,,,0
ID-COOLING SE-207-XT ADVANCED,,https://cdna.pcpartpicker.com/static/forever/images/product/4826b2545b3a310be3181662fe62d982.256p.jpg,700 - 1800 RPM,15.2 - 35.2 dB,,,,0
Phanteks Glacier One 360 T30 Gen2,388.42,https://cdna.pcpartpicker.com/static/forever/images/product/c15d4aa5798798c624d22b483f23223a.256p.jpg,1200 - 3000 RPM,11.1 - 39.7 dB,Black / Gray,360 mm,360 mm,0
ID-COOLING FROZN A400 ARGB,,https://cdna.pcpartpicker.com/static/forever/images/product/0da6251685795c16921c0e84d5be670b.256p.jpg,600 - 2200 RPM,25.8 dB,Black,,,0
Thermaltake TOUGHLIQUID 420 EX Pro ARGB Sync,121.87,https://cdna.pcpartpicker.com/static/forever/images/product/c6f74efb5dc1c10d48557b7842376b48.256p.jpg,500 - 2000 RPM,31.6 dB,Black,420 mm,420 mm,0
ID-COOLING SE-214-XT V2,,https://cdna.pcpartpicker.com/static/forever/images/product/8ff6b5e6e49d9bc907217f06ee555372.256p.jpg,300 - 2000 RPM,27.2 dB,Black / Silver,,,0
Thermaltake UX200 ARGB,31.9,https://cdna.pcpartpicker.com/static/forever/images/product/1d87a6d070c19217787815a75d76c8bd.256p.jpg,300 - 1500 RPM,26.33 dB,Black,,,3
Cooler Master MasterLiquid ML360 Sub-Zero,229.13,https://cdna.pcpartpicker.com/static/forever/images/product/e0712fe4ad5208d0765c03fe76f76ba7.256p.jpg,650 - 1900 RPM,8 - 26 dB,Black,360 mm,360 mm,0
Thermaltake CLP0607,,1000,2000,1000 - 2000 RPM,20 - 39.9 dB,,,,4.5
Xilence M403PRO,31.02,https://cdna.pcpartpicker.com/static/forever/images/product/ea3178cf96c4597df70e91feb7a9123f.256p.jpg,500 - 1800 RPM,14.2 - 25.6 dB,Red / Black,,,0
Thermaltake Floe Riing RGB 240 TT Premium Edition,104.98,https://cdna.pcpartpicker.com/static/forever/images/product/5ed857fe3daba5b1fd05de1d25e73f76.256p.jpg,500 - 1400 RPM,19.8 - 24.7 dB,240,240 mm,240 mm,4
Cougar Forza 50 Essential,,600,2000,600 - 2000 RPM,34.5 dB,Black / Silver,,,0
Cooler Master Hyper T4,,https://cdna.pcpartpicker.com/static/forever/images/product/4d58c487629ec1b501e8da5ae00c0832.med.256p.jpg,1800 RPM,15.1 - 31.6 dB,,,,4
Thermalright AXP-100,,900,2500,900 - 2500 RPM,22 - 30 dB,,,,0
Deepcool CAPTAIN 360,,https://cdna.pcpartpicker.com/static/forever/images/product/8dbebf5a4a571e4f26ad9390512e1149.256p.jpg,600 - 2200 RPM,17.6 - 39.29 dB,360,360 mm,360 mm,4.5
CRYORIG M9i,,https://cdna.pcpartpicker.com/static/forever/images/product/dd043782b9ddb767f5ecaeebeb1ad72d.256p.jpg,600 - 2200 RPM,26.4 dB,,,,4.5
Cooler Master Hyper 212 LED Turbo (Black),,https://cdna.pcpartpicker.com/static/forever/images/product/1cfa5394aded76ecec7668a6d50b3194.256p.jpg,600 - 1600 RPM,9 - 31 dB,,,,4.5
Cooler Master MasterAir MA410P,166.32,650,2000,650 - 2000 RPM,6 - 30 dB,,,,4.5
GameMax Iceberg 240,,https://cdna.pcpartpicker.com/static/forever/images/product/228d508232de5cde29ae7b95f5d7e2f1.256p.jpg,600 - 1800 RPM,25 - 32 dB,Black,240 mm,240 mm,0
Deepcool GAMMAXX GTE,,https://cdna.pcpartpicker.com/static/forever/images/product/ec6355a19672436f66437a40c5c8cfb0.256p.jpg,500 - 1500 RPM,27 dB,Black / Silver,,,4.5
Asus ROG STRIX LC 120 RGB,124.99,https://cdna.pcpartpicker.com/static/forever/images/product/ab44824b145b59071a50ff754b1dc552.256p.jpg,800 - 2500 RPM,37.6 dB,Black,120 mm,120 mm,5
Cooler Master MasterAIR G200P,84.99,https://cdna.pcpartpicker.com/static/forever/images/product/c5743893f0c92993a02dd61d3f195eb0.256p.jpg,800 - 2000 RPM,6 - 28 dB,Black / Silver,,,3
Enermax Liqmax III 360 ARGB,165,https://cdna.pcpartpicker.com/static/forever/images/product/bf5608dbc8dfdced660474b856e224f0.256p.jpg,500 - 1600 RPM,14 - 27 dB,Black,360 mm,360 mm,4
Cooler Master Hyper 212 LED Turbo White Edition,,https://cdna.pcpartpicker.com/static/forever/images/product/96a583c2559c54b1358546e847f987d5.256p.jpg,600 - 1600 RPM,9 - 31 dB,White,,,5
ID-COOLING SE-224-XT,,700,1800,700 - 1800 RPM,15.2 - 32.5 dB,Black,,,4.5
Phanteks Glacier One 240MPH,,https://cdna.pcpartpicker.com/static/forever/images/product/3af69ce5b6bc107e2eb062f95c79efcf.256p.jpg,500 - 2200 RPM,18 - 34.2 dB,White / Black,240 mm,240 mm,5
ID-COOLING ZOOMFLOW X,,700,1500,700 - 1500 RPM,18 - 26.4 dB,White,240 mm,240 mm,4
Thermalright Frost Spirit 140 V3 BLACK,,1500,1500 RPM,25.6 dB,Black,,,4
Vetroo U6 Pro,,https://cdna.pcpartpicker.com/static/forever/images/product/02b7826b490055dc815e7e7b33446f89.256p.jpg,700 - 1500 RPM,18.1 - 30.5 dB,Black,,,4.5
Gigabyte AORUS WATERFORCE 360,,https://cdna.pcpartpicker.com/static/forever/images/product/3f6f3ab6e605c0fbe91cb09d59f3be09.256p.jpg,950 - 2150 RPM,16.9 - 31 dB,Black,360 mm,360 mm,0
ID-COOLING ZOOMFLOW 360 XT,,https://cdna.pcpartpicker.com/static/forever/images/product/ac39c7cde00facda15dd461753f4766b.256p.jpg,500 - 1500 RPM,13.8 - 30.5 dB,Black,360 mm,360 mm,5
Deepcool AG500 WH ARGB,,https://cdna.pcpartpicker.com/static/forever/images/product/05ecc3639ae7229411c6b514e9387ff7.256p.jpg,300 - 1850 RPM,29.4 dB,White,,,4.5
Thermalright Frozen Vision 240,,https://cdna.pcpartpicker.com/static/forever/images/product/3938d2aca5b291915d70950ffb5f6e70.256p.jpg,2150 - 21500 RPM,27 dB,Black,240 mm,240 mm,0
Chillblast Cryo Storm,113.94,https://cdna.pcpartpicker.com/static/forever/images/product/a40560a206611449324921aef50edfc0.256p.jpg,500 - 3000 RPM,15 - 33.1 dB,Black,240 mm,240 mm,0
Silverstone NovaPeak 240,111.51,600,2200,600 - 2200 RPM,35.1 dB,Black,240 mm,240 mm,0
Sunbeam CR-CCTF,19.22,https://cdna.pcpartpicker.com/static/forever/images/product/1e86c94eda06c9369ab0f832aa489a2e.256p.jpg,1000 - 2000 RPM,16 - 20 dB,,,,0
Fractal Design Celsius+ S28 Prisma PWM ARGB,,https://cdna.pcpartpicker.com/static/forever/images/product/c816c7ddd77dd96bfb07cc1626f70ef4.256p.jpg,500 - 1700 RPM,34.1 dB,Black,280 mm,280 mm,4
Zalman CNPS20X,28.99,https://cdna.pcpartpicker.com/static/forever/images/product/11236f9d033c7ee8802447c0dae3db55.256p.jpg,800 - 1500 RPM,29 dB,Black / Silver,,,0
Jonsbo HX6250,95.83,https://cdna.pcpartpicker.com/static/forever/images/product/635c74773b116c7eff7aa830b3a74710.256p.jpg,400 - 1800 RPM,28 - 38 dB,Black,,,5
Silverstone NT07-AM2,21.28,1500,2500,1500 - 2500 RPM,15 - 25 dB,,,,0
Asus ROG Strix LC 240,,https://cdna.pcpartpicker.com/static/forever/images/product/1e598317057912fa7cbc429221a41026.256p.jpg,800 - 2500 RPM,37.6 dB,Black,240 mm,240 mm,5
Enermax ETS-T50 AXE ARGB,,https://cdna.pcpartpicker.com/static/forever/images/product/96652f51aeefa4b98af2d67681958869.256p.jpg,500 - 1600 RPM,14 - 24 dB,White,,,4.5
Cooler Master Hyper TX3,,https://cdna.pcpartpicker.com/static/forever/images/product/cf3a72593b16cf8fda76564c62ba1d93.256p.jpg,800 - 2800 RPM,17 - 35 dB,,,,4
Cooler Master Seidon 120M,,600,2400,600 - 2400 RPM,19 - 40 dB,120,120 mm,120 mm,4.5
Corsair H90,,1500,1500 RPM,35 dB,140,140 mm,140 mm,4
Titan TTC-NC95TZ(RB),,150,1500,150 - 1500 RPM,28.6 dB,,,,4
Corsair H105,,800,2700,800 - 2700 RPM,37.7 dB,240,240 mm,240 mm,4.5
RAIJINTEK TRITON GREEN,,https://cdna.pcpartpicker.com/static/forever/images/product/9957e85a46b9417ae647428a00fe2442.256p.jpg,1000 - 2600 RPM,21.6 - 36.6 dB,240,240 mm,240 mm,3
Cooler Master Hyper 103,,800,2200,800 - 2200 RPM,17 - 30 dB,,,,4
Enermax LIQTECH TR4 II 360,,https://cdna.pcpartpicker.com/static/forever/images/product/d1755898de79fbe4a30318ed91e4d354.256p.jpg,500 - 2300 RPM,14 - 28 dB,Black,360 mm,360 mm,4
Asus ROG RYUO 120 RGB,239,https://cdna.pcpartpicker.com/static/forever/images/product/861f34a66801d528df38bac737f7d327.256p.jpg,800 - 2500 RPM,37 dB,Black,120 mm,120 mm,4
ARCTIC Freezer 34 CO,,https://cdna.pcpartpicker.com/static/forever/images/product/6c2ed7f0696b9e6b9f7accec2691f33a.256p.jpg,200 - 1800 RPM,Black / Silver,Black / Silver,,,4.5
Thermalright AXP-100 Full Copper,,900,2500,900 - 2500 RPM,Orange,Orange,,,4.5
Deepcool CASTLE 360EX WHITE,,https://cdna.pcpartpicker.com/static/forever/images/product/5f7a4f6e6b497e081b617942c5df189e.256p.jpg,500 - 1800 RPM,32.1 dB,White / Black,360 mm,360 mm,4.5
be quiet! Pure Loop 120,62.49,https://cdna.pcpartpicker.com/static/forever/images/product/8d457a5d5f306108e44f1b0fa8cfeda8.256p.jpg,18.9,36.1,18.9 - 36.1 dB,Black,120 mm,120 mm,4
Deepcool CASTLE 360EX RGB,,https://cdna.pcpartpicker.com/static/forever/images/product/43e9e7e89107e40e0f531f62bda0dc35.256p.jpg,500 - 1800 RPM,35 dB,Black,360 mm,360 mm,5
Phanteks Glacier One 360MPH,330,https://cdna.pcpartpicker.com/static/forever/images/product/f02077eb725d937ab8b105fed8c73e84.256p.jpg,500 - 2200 RPM,18 - 34.2 dB,White,360 mm,360 mm,5
Iceberg Thermal IceFLOE T65,,https://cdna.pcpartpicker.com/static/forever/images/product/54f4ec87536508efaad874110c6b4930.256p.jpg,1000 - 3000 RPM,31.5 dB,Silver / Teal,,,0
Cooler Master MasterAir MA624 Stealth,195.49,https://cdna.pcpartpicker.com/static/forever/images/product/8e7643f1b312b88f2f87384ffddb949b.256p.jpg,650 - 1400 RPM,10 - 27 dB,Black,,,0
MSI MPG CORELIQUID K240 V2,156.38,https://cdna.pcpartpicker.com/static/forever/images/product/71dd94e5068cc397e8309c6476ba6fe5.256p.jpg,39.9,39.9 dB,Black,240 mm,240 mm,0
Thermaltake TH240 ARGB Sync,83.6,"https://cdna.pcpartpicker.com/static/forever/images/product/b8acde12de94203ad5783f69b8821f14.256p.jpg",1500 RPM,28.2 dB,White,240 mm,240 mm,0
Thermalright Frozen Magic 360,,1500,1500 RPM,25.6 dB,Black,360 mm,360 mm,0
Xilence M705D,70.16,700,1600,700 - 1600 RPM,18 - 32.5 dB,Black,,,0
Enermax LIQMAXFLO SR 120,95.27,500,1800,500 - 1800 RPM,23.46 dB,Black,120 mm,120 mm,0
Silverstone IceMyst 360,149.99,https://cdna.pcpartpicker.com/static/forever/images/product/3ae398d8c04d2f6c39217d6bb7a315cc.256p.jpg,500 - 2200 RPM,12.1 - 33.1 dB,Silver / Black,360 mm,360 mm,5
Antec FrigusAir 400 RGB,105.28,https://cdna.pcpartpicker.com/static/forever/images/product/0bcd1189641b121518b8c1737eb3a538.256p.jpg,800 - 1600 RPM,20 - 36 dB,Black / Silver,,,0
Jonsbo CR-3000E ARGB,,600,1600,600 - 1600 RPM,22 - 34 dB,Black,,,0
ARCTIC Freezer 36-S A-RGB,20.69,https://cdna.pcpartpicker.com/static/forever/images/product/24473f1b8e3c911921f360dd915bb304.256p.jpg,600 - 3000 RPM,,Black,,,0
Antec A40PRO,61.79,https://cdna.pcpartpicker.com/static/forever/images/product/6c8f8675884e4c4003d5a66d8bf99faa.256p.jpg,800 - 2200 RPM,16 - 23 dB,,,,5
Dynatron R15,48.95,,,,,,,0
Thermaltake TH240 V2 Ultra EX ARGB Sync,94.61,,,Black,Black,240 mm,240 mm,0
MSI MPG CORELIQUID D240,184.99,https://cdna.pcpartpicker.com/static/forever/images/product/104ca9a1a3e9d9ca8e7f850cc825d2c4.256p.jpg,,Black,Black,240 mm,240 mm,0
Jonsbo HX6280,59.99,https://cdna.pcpartpicker.com/static/forever/images/product/0144e280615567f7cf1e30c57d7edd28.256p.jpg,800 - 2200 RPM,18.2 - 32.1 dB,Black,,,0
TEAMGROUP SIREN GD360E,,600,2200,600 - 2200 RPM,14.3 - 35.6 dB,Black,360 mm,360 mm,0
Thermaltake TOUGHLIQUID 360 EX Pro ARGB Sync,120.52,https://cdna.pcpartpicker.com/static/forever/images/product/c9079244083d5b64e2b29f70173608e5.256p.jpg,500 - 2000 RPM,22.6 dB,Black,360 mm,360 mm,0
Thermaltake Floe Riing RGB 280 TT Premium Edition,131.96,https://cdna.pcpartpicker.com/static/forever/images/product/37e681f2b6e4bb45bfa34e10ec909167.256p.jpg,500 - 1400 RPM,19.8 - 27.2 dB,280,280 mm,280 mm,4
Cooler Master MasterAir G100M RGB,,https://cdna.pcpartpicker.com/static/forever/images/product/5500b63f5ee2a70a8466fe8dae5cc81a.256p.jpg,600 - 2400 RPM,30 dB,Black / Multicolor,,,4
Cooler Master MasterLiquid ML240P Mirage,256.41,https://cdna.pcpartpicker.com/static/forever/images/product/383c36908955e3164fdc12291538c3f1.256p.jpg,2000 RPM,27 dB,Black,240 mm,240 mm,3
Noctua NH-C14,,https://cdna.pcpartpicker.com/static/forever/images/product/da11417237d9e404a5c1a71c2a616e3e.256p.jpg,750 - 1200 RPM,10.1 - 19.6 dB,,,,4.5
Cooler Master Hyper D92,,https://cdna.pcpartpicker.com/static/forever/images/product/f44957ac75c9ecd4e2e0d07be0d9642c.med.256p.jpg,800 - 2800 RPM,18 - 33 dB,,,,4
Corsair H110i GT,,2100,2100 RPM,43 dB,280,280 mm,280 mm,4
NZXT Kraken X52 Rev 2,,500,2000,500 - 2000 RPM,21 - 36 dB,240,240 mm,240 mm,4.5
Deepcool GAMMAXX GT,,https://cdna.pcpartpicker.com/static/forever/images/product/16285f8da8bcae04e8fcaba8d0d78d7c.256p.jpg,500 - 1500 RPM,17.8 - 29.5 dB,,,,4.5
ID-COOLING FROSTFLOW+ 240,,https://cdna.pcpartpicker.com/static/forever/images/product/db09b1e4a7c6a33ff799f68598c7e92f.256p.jpg,700 - 1800 RPM,18 - 35.2 dB,Black / White,240 mm,240 mm,0
Aerocool P7-L240,,600,1800,600 - 1800 RPM,10.5 - 31.8 dB,Black,240 mm,240 mm,5
SilentiumPC Spartan 3 LT HE1012,,800,2000,800 - 2000 RPM,Black / Silver,Black / Silver,,,0
Rosewill PB120,,https://cdna.pcpartpicker.com/static/forever/images/product/6b333c049d812ff8750f698fb5ec3d9f.256p.jpg,600 - 1800 RPM,34.1 dB,Black,120 mm,120 mm,0
Fractal Design Celsius+ S36 Prisma PWM ARGB,,https://cdna.pcpartpicker.com/static/forever/images/product/1ae9b0d35fc86b81d0b5d748ef46eb0f.256p.jpg,500 - 2000 RPM,32.7 dB,Black,360 mm,360 mm,5
Deepcool CASTLE 120R,,https://cdna.pcpartpicker.com/static/forever/images/product/a3aa19d6a4e092c38761686a49340014.256p.jpg,500 - 1800 RPM,32 dB,Black,120 mm,120 mm,0
Alpenföhn Glacier Water High Speed 240,109.99,https://cdna.pcpartpicker.com/static/forever/images/product/a5844314f57079cdb17fb84a707e8658.256p.jpg,500 - 2200 RPM,36.8 dB,White,240 mm,240 mm,0
Scythe Mugen 5 Rev.C,,300,1500,300 - 1500 RPM,4 - 28.6 dB,Black / Silver,,,5
ID-COOLING ZOOMFLOW 240 XT SNOW,,https://cdna.pcpartpicker.com/static/forever/images/product/46546b24730a0172b58a9b29afd0706e.256p.jpg,500 - 1500 RPM,13.8 - 30.5 dB,White,240 mm,240 mm,4
MSI MAG CORELIQUID C240 EVA e-PROJECT,,https://cdna.pcpartpicker.com/static/forever/images/product/75bd55f889fba20a3e31d24878d83ec6.256p.jpg,500 - 2000 RPM,14.3 - 34.3 dB,Black,240 mm,240 mm,0
Deepcool AS500 PLUS WH,,https://cdna.pcpartpicker.com/static/forever/images/product/d9d9fab7d14f042b5bb77b38723085fe.256p.jpg,500 - 1200 RPM,31.5 dB,White / Silver,,,5
Montech METAL DT24 PREMIUM,120.98,https://cdna.pcpartpicker.com/static/forever/images/product/34a88647085222ec46b1fb9465482576.256p.jpg,800 - 1950 RPM,26 dB,Black / Silver,,,4.5
Phanteks Glacier One 240 T30 Gen2,,https://cdna.pcpartpicker.com/static/forever/images/product/18fd64074d82b66030614ec06573f7b7.256p.jpg,1200 - 3000 RPM,11.1 - 39.7 dB,Black / Gray,240 mm,240 mm,4
Silverstone IceMyst 420,187.56,https://cdna.pcpartpicker.com/static/forever/images/product/7c6a674b7d9388645b7fda8ef7e1acd2.256p.jpg,400 - 1750 RPM,13.3 - 30.8 dB,Silver / Black,420 mm,420 mm,0
FSP Group NP5 ARGB,,800,1600,800 - 1600 RPM,28 dB,Black / Silver,,,0
FSP Group MP7 ARGB,54.99,800,1800,800 - 1800 RPM,32 dB,Black / Silver,,,0
Zalman Alpha2 DS A36,102.77,https://cdna.pcpartpicker.com/static/forever/images/product/28dbe7e804e260f2041dc2ec69ad7fac.256p.jpg,600 - 2000 RPM,29.7 dB,Black,360 mm,360 mm,0
RAIJINTEK Orcus 140 RGW,108.93,https://cdna.pcpartpicker.com/static/forever/images/product/0e033730a60548e42e49c9cbcd5d9095.256p.jpg,400 - 1800 RPM,28 dB,Black,140 mm,140 mm,0
Dynatron A49,60.28,800,1800,800 - 1800 RPM,10.8 - 21.3 dB,Silver,,,5
ARCTIC Freezer A35 CO,76.06,https://cdna.pcpartpicker.com/static/forever/images/product/078851f1ba4d5e1aaced6c65dc62c59e.256p.jpg,200 - 1800 RPM,Black / Silver,Black / Silver,,,4
Jonsbo CR-1000 EVO Color White,24.99,https://cdna.pcpartpicker.com/static/forever/images/product/38101037d0e40f4127b5baabc16d612e.256p.jpg,600 - 1500 RPM,22 - 32 dB,White,,,2
Jonsbo PISA A5,,https://cdna.pcpartpicker.com/static/forever/images/product/c93923174b3c05e7aa666b76c79817bb.256p.jpg,800 - 1850 RPM,36.8 dB,White,,,0
Sapphire NITRO+ S360-A,,https://cdna.pcpartpicker.com/static/forever/images/product/e35e1e22ff43c34d06f204f770533eab.256p.jpg,405 - 2400 RPM,17.9 - 36.2 dB,Black / Silver,360 mm,360 mm,0
Phanteks PH-TC12ST4_DBK01,,https://cdna.pcpartpicker.com/static/forever/images/product/df93ce477ce0765ece004b737758b7a7.256p.jpg,400 - 2000 RPM,35.7 dB,,,,0
Phanteks PH-TC12ST5_DBK01,,https://cdna.pcpartpicker.com/static/forever/images/product/1943879f9ed6319bade55ef6d3ad82b3.256p.jpg,400 - 2000 RPM,35.7 dB,,,,0
iTek Hydro Cube,,2000,2000 RPM,31.6 dB,White,240 mm,240 mm,0
Mars Gaming MCPU-X5,,800,2000,800 - 2000 RPM,9 - 28 dB,Black,,,0
Rosewill RCX-Z90-CP,,600,3000,600 - 3000 RPM,13.5 - 26.5 dB,,,,5
Prolimatech PRO-SAM17,,https://cdna.pcpartpicker.com/static/forever/images/product/8d5102240056afa9207856348bc9f986.256p.jpg,,,,,,4.5
RAIJINTEK TRITON,,https://cdna.pcpartpicker.com/static/forever/images/product/1cbf947a0309875dac9e80b3bd97c26c.256p.jpg,1000 - 2600 RPM,21.6 - 36.6 dB,240,240 mm,240 mm,2
Cooler Master Nepton 240M,,https://cdna.pcpartpicker.com/static/forever/images/product/31c24a72bb6d1d997d1a2442b7159c15.256p.jpg,2400 RPM,6.5 - 27 dB,240,240 mm,240 mm,4.5
Alpenföhn Brocken 3,,https://cdna.pcpartpicker.com/static/forever/images/product/1ddc39b750eb63fb5f09b750ffa1cf50.256p.jpg,400 - 1050 RPM,22 dB,Black,,,0
Deepcool Gamerstorm Captain 240 PRO,,https://cdna.pcpartpicker.com/static/forever/images/product/5927e872f1f2947b0213ab13429457c5.256p.jpg,500 - 1800 RPM,30 dB,Black,240 mm,240 mm,4.5
Zalman CNPS16X,42.76,https://cdna.pcpartpicker.com/static/forever/images/product/13800c4324866f3815fee11c23546194.256p.jpg,800 - 1500 RPM,27 dB,White,,,4
Alpenföhn Glacier Water High Speed 360,206.33,https://cdna.pcpartpicker.com/static/forever/images/product/b475b2dc6625754d4f0b764363be225d.256p.jpg,500 - 2200 RPM,36.8 dB,White,360 mm,360 mm,0
Asus TUF Gaming LC 120 RGB,,https://cdna.pcpartpicker.com/static/forever/images/product/b583e238ca990cc04e5f90d4a8b5a01f.256p.jpg,800 - 2000 RPM,Black,Black,120 mm,120 mm,5
Asus TUF Gaming LC 120 ARGB,,https://cdna.pcpartpicker.com/static/forever/images/product/bbdb46ebccbe24c69508aaad308d57aa.256p.jpg,800 - 2000 RPM,Black,Black,120 mm,120 mm,0
ID-COOLING SE-904-XT SLIM,,https://cdna.pcpartpicker.com/static/forever/images/product/97e1c2f31d70e45e6aded55332d549f2.256p.jpg,600 - 2200 RPM,14 - 25.8 dB,,,,0
Deepcool GAMMAXX 400 XT,,https://cdna.pcpartpicker.com/static/forever/images/product/5ea3289bf9685268b824cec2e7190681.256p.jpg,500 - 1500 RPM,27 dB,Black,,,0
Gelid Solutions Liquid 240,,750,1800,750 - 1800 RPM,29.6 dB,Black,240 mm,240 mm,0
ID-COOLING FX360 ARGB,,https://cdna.pcpartpicker.com/static/forever/images/product/6d0ddf4674f36d5bc37426c5bb41d4d0.256p.jpg,500 - 1800 RPM,35.2 dB,Black,360 mm,360 mm,0
Deepcool AG620 Digital,,300,1950,300 - 1950 RPM,29.4 dB,Black / Silver,,,0
MSI MAG CORELIQUID E360 MONSTER HUNTER EDITION,,https://cdna.pcpartpicker.com/static/forever/images/product/961d28810410ffec1a45000210d2797d.256p.jpg,,Black,Black,360 mm,360 mm,0
Xilence M403PRO.ARGB,33.26,https://cdna.pcpartpicker.com/static/forever/images/product/4e0f53ff9df8c182469f684a331f678d.256p.jpg,500 - 1800 RPM,14.2 - 25.6 dB,Black / Silver,,,0
Silverstone PF240-ARGB V2,,https://cdna.pcpartpicker.com/static/forever/images/product/3f90b31c9dcd5658fada0f4a2fd5ee4e.256p.jpg,600 - 2200 RPM,7.4 - 35.6 dB,Black,240 mm,240 mm,0
Silverstone PF360-ARGB V2,125.99,https://cdna.pcpartpicker.com/static/forever/images/product/906f1b88d03f6dcd12f4419710523a6e.256p.jpg,600 - 2200 RPM,7.4 - 35.6 dB,White,360 mm,360 mm,0
ALPHAGEAR AirChill PRISM 60DXD PRO,,https://cdna.pcpartpicker.com/static/forever/images/product/cb7f35e4d011ba655d517cc908bc0aa2.256p.jpg,800 - 1800 RPM,33.1 dB,Black,,,0
Dynatron R8,42.95,,,,,,,0
Mars Gaming MCPU-XU9,58.4,https://cdna.pcpartpicker.com/static/forever/images/product/1664ad2382546023da08d7de555b8745.256p.jpg,800 - 2000 RPM,9 - 23 dB,White,,,0
Phanteks GLACIER ONE 240D30,,https://cdna.pcpartpicker.com/static/forever/images/product/e0fd110486fc6aaebe99a611f158ec5b.256p.jpg,250 - 2000 RPM,30.2 dB,White,240 mm,240 mm,0
Jonsbo CR-1400 EVO ARGB White,,https://cdna.pcpartpicker.com/static/forever/images/product/449444305d5a7f3110ac9a32c188c4ff.256p.jpg,800 - 2200 RPM,22.3 - 33.8 dB,White,,,3
YEYIAN VATN ARGB 360,109.99,https://cdna.pcpartpicker.com/static/forever/images/product/5e9eb7cf9ab5e2d738ca9b3d4af0fe2d.256p.jpg,800 - 2000 RPM,25 - 32 dB,Black,360 mm,360 mm,0
Corsair H100i GTX,,https://cdna.pcpartpicker.com/static/forever/images/product/44984054ee6f3d41a7d85a8c7f05f9ee.256p.jpg,2435 RPM,37.7 dB,240,240 mm,240 mm,4.5
YEYIAN VATN 120 ARGB,,https://cdna.pcpartpicker.com/static/forever/images/product/79cc38f397c0a4856c91117fbbaa28d1.256p.jpg,800 - 2000 RPM,25 - 32 dB,Black,120 mm,120 mm,0
Xilence I404T,30.8,https://cdna.pcpartpicker.com/static/forever/images/product/77b94a2914fa6e23b2dd2f71844c594a.256p.jpg,600 - 2200 RPM,14 - 21.8 dB,Red / Black,,,0
Zalman CNPS9700 LED,,1250,2800,1250 - 2800 RPM,19.5 - 35 dB,,,,4.5
StarTech FAN7751U,,https://cdna.pcpartpicker.com/static/forever/images/product/756d8408dc9b3a79bd6034692df5e530.256p.jpg,4500 RPM,39 dB,,,,0
ARCTIC Freezer 13 Pro,,300,1350,300 - 1350 RPM,,,,,3.5
Corsair H50,,https://cdna.pcpartpicker.com/static/forever/images/product/c8f84d0425043fd2c4da9077dec838a6.256p.jpg,1700 RPM,30.32 dB,120,120 mm,120 mm,4.5
NZXT Kraken X40,,800,2000,800 - 2000 RPM,21 - 37 dB,140,140 mm,140 mm,4.5
Dynatron R25,44.95,https://cdna.pcpartpicker.com/static/forever/images/product/eee17dd08a49ec5885c3e8593b20e809.med.256p.jpg,1000 - 7000 RPM,21.5 - 59.14 dB,,,,3
Thermalright TRUE Spirit 120M(BW) Rev.A,,600,1300,600 - 1300 RPM,25.4 dB,,,,5
Cooler Master Nepton 120XL,,https://cdna.pcpartpicker.com/static/forever/images/product/c3389deb17c11def3b46f696b08c3c1e.med.256p.jpg,2400 RPM,6.5 - 27 dB,120,120 mm,120 mm,4.5
CRYORIG M9a,,https://cdna.pcpartpicker.com/static/forever/images/product/fbd814f76856756dbfeefe36e119f42a.256p.jpg,600 - 2200 RPM,26.4 dB,,,,5
Antec C400,,https://cdna.pcpartpicker.com/static/forever/images/product/effe6f5707bb2aec52589381afb577ac.256p.jpg,800 - 1900 RPM,20.3 - 34.5 dB,,,,0
Deepcool GAMMAXX 400 White,,900,1500,900 - 1500 RPM,17.8 - 30 dB,White,,,4.5
Deepcool Castle 240 RGB,,https://cdna.pcpartpicker.com/static/forever/images/product/675036636704a5532fbc94c31fbb7169.256p.jpg,500 - 1800 RPM,17.8 - 30 dB,Black,240 mm,240 mm,4.5
Deepcool GAMMAXX L120,,https://cdna.pcpartpicker.com/static/forever/images/product/4b277c56c529f7ee256fc8b5f8902f5d.256p.jpg,500 - 1800 RPM,17.8 dB,Black,120 mm,120 mm,4
Fractal Design Celsius+ S24 Dynamic X2 PWM,,https://cdna.pcpartpicker.com/static/forever/images/product/529aaa9ce6a2a5abd071e47a600170bf.256p.jpg,500 - 2000 RPM,32.2 dB,Black,240 mm,240 mm,4.5
Thermaltake Floe DX RGB 240 TT Premium Edition,189.99,https://cdna.pcpartpicker.com/static/forever/images/product/5e54f319d628a8af92c45af80289bc00.256p.jpg,500 - 1500 RPM,19 - 23.9 dB,Black / Gray,240 mm,240 mm,0
darkFlash Shadow PWM,,800,2500,800 - 2500 RPM,29.6 dB,Black,,,3
ARCTIC Freezer i13 X,29.99,https://cdna.pcpartpicker.com/static/forever/images/product/49f72b50ac4182e8db6674a76ea98cf0.256p.jpg,300 - 2000 RPM,Black / White,Black / White,,,5
SilentiumPC Fera 3 HE1224,,https://cdna.pcpartpicker.com/static/forever/images/product/7c5e60629ea55e18a1f2bb8bab87e440.256p.jpg,500 - 1600 RPM,Black / Silver,Black / Silver,,,0
be quiet! Silent Loop 2 280,289.43,https://cdna.pcpartpicker.com/static/forever/images/product/7c52aa1022b8b4a82e8c2cbf6c370edc.256p.jpg,1600 RPM,16.5 - 36.1 dB,Black,280 mm,280 mm,4.5
MSI MPG CORELIQUID K360,,https://cdna.pcpartpicker.com/static/forever/images/product/5c55574ad25a0fe19a2467f1e0341564.256p.jpg,39.9,39.9 dB,Black,360 mm,360 mm,4
Asus TUF Gaming LC RGB,,https://cdna.pcpartpicker.com/static/forever/images/product/22862a885d7c175dd9d02dc06ea9cf14.256p.jpg,800 - 2000 RPM,29 dB,Black,240 mm,240 mm,4
ARCTIC Freezer A35 A-RGB,46.96,https://cdna.pcpartpicker.com/static/forever/images/product/a094d4a8a922f6d7d87006cdb75714b9.256p.jpg,200 - 1700 RPM,Black,Black,,,4.5
Azza Blizzard SP 240,,https://cdna.pcpartpicker.com/static/forever/images/product/be9f3d57ae548efc6f079c54e2e2627c.256p.jpg,700 - 2200 RPM,36 dB,Black,240 mm,240 mm,0
Azza Blizzard SP 360,,https://cdna.pcpartpicker.com/static/forever/images/product/0587f89a8f5565cb5f8145613138626d.256p.jpg,700 - 2200 RPM,36 dB,Black,360 mm,360 mm,4
Scythe Big Shuriken 3 Rev.B,,300,1800,300 - 1800 RPM,2.58 - 27.8 dB,Black / Silver,,,4
Phanteks Glacier One 240 T30,,https://cdna.pcpartpicker.com/static/forever/images/product/7d906449016082ffd8c9a54fc4ed8b69.256p.jpg,1200 - 3000 RPM,11.1 - 39.7 dB,Gray,240 mm,240 mm,0
Thermaltake TH360 ARGB Sync,96.88,1500,1500 RPM,28.2 dB,White,360 mm,360 mm,0
ID-COOLING AURAFLOW X 240 EVO SNOW,,https://cdna.pcpartpicker.com/static/forever/images/product/3aedf07bc66d3fac93185bde831e4582.256p.jpg,700 - 1800 RPM,18 - 35.2 dB,White,240 mm,240 mm,0
Cooler Master Hyper T200,,https://cdna.pcpartpicker.com/static/forever/images/product/000eb60f92db81f64ad6522eb8c70183.256p.jpg,800 - 2200 RPM,31 dB,,,,0
Cooler Master MasterLiquid ML360 Sub-Zero EVO,656.42,https://cdna.pcpartpicker.com/static/forever/images/product/4c0ec293c4e1ca0926c920717223f084.256p.jpg,30,30 dB,Black,360 mm,360 mm,0
Enermax LIQMAXFLO SR 240,116.31,500,1800,500 - 1800 RPM,23.46 dB,Black,240 mm,240 mm,0
Iceberg Thermal IceFLOE OASIS 360,,200,2200,200 - 2200 RPM,28.9 dB,Black,360 mm,360 mm,5
ID-COOLING FX240ARGB,,https://cdna.pcpartpicker.com/static/forever/images/product/bb538b6cad60743cae30889226f5d002.256p.jpg,500 - 1800 RPM,35.2 dB,Black,240 mm,240 mm,0
Jonsbo CR-2000GT RGB,53.99,https://cdna.pcpartpicker.com/static/forever/images/product/c6c99c53b9f761231b2e91c076211bc3.256p.jpg,700 - 1500 RPM,18.1 - 29.5 dB,Black,,,3
ID-COOLING DX240 MAX,59.99,,32.5,32.5 dB,Black,240 mm,240 mm,0
Ocypus Delta L36 ARGB,,500,2000,500 - 2000 RPM,29 dB,Black,360 mm,360 mm,0
Silverstone NovaPeak 240 ARGB,98.48,500,2200,500 - 2200 RPM,12.1 - 33.1 dB,Black,240 mm,240 mm,0
ARCTIC Freezer 50 (w/Controller),97.99,https://cdna.pcpartpicker.com/static/forever/images/product/fcf272dfb9d74eec202fa495e8266a84.256p.jpg,200 - 1800 RPM,Black,Black,,,0
Xilence M504D,100,https://cdna.pcpartpicker.com/static/forever/images/product/d00d78cc83960afc712a4e8eb2d513da.256p.jpg,600 - 2200 RPM,14 - 21.8 dB,Red / Black,,,0
Xilence M704PRO.ARGB,57.95,https://cdna.pcpartpicker.com/static/forever/images/product/0c9b8baf9bdcdba4926f4a5ac8cb0b19.256p.jpg,800 - 1800 RPM,18 - 32.2 dB,,,,0
Thermaltake Water 3.0 Riing RGB 240,,800,1500,800 - 1500 RPM,26.4 dB,240,240 mm,240 mm,4
Akasa Nero 3,39.54,https://cdna.pcpartpicker.com/static/forever/images/product/938bed3b4c4176ef3c5a665ac1f5b6da.256p.jpg,500 - 1500 RPM,24.6 dB,Black / Silver,,,0
Mars Gaming MCPU-XTW,,https://cdna.pcpartpicker.com/static/forever/images/product/5e7876b67c7ac761906eaaf72f19ff55.256p.jpg,800 - 1600 RPM,9 - 26 dB,White,,,0
Cooler Master V8,,800,1800,800 - 1800 RPM,17 - 21 dB,,,,4
NZXT Kraken X60,,800,2000,800 - 2000 RPM,21 - 37 dB,280,280 mm,280 mm,4.5
Cooler Master DK9-7G52A-0L-GP,,4500,4500 RPM,35 dB,,,,4
be quiet! Shadow Rock 2,,1600,1600 RPM,15.3 - 25.4 dB,,,,4.5
Cooler Master Nepton 280L,,https://cdna.pcpartpicker.com/static/forever/images/product/1b9a80a10999f2a35d2be3cc634c8bd4.med.256p.jpg,2000 RPM,21 - 39 dB,280,280 mm,280 mm,4
CRYORIG R1 Ultimate,,https://cdna.pcpartpicker.com/static/forever/images/product/0813d0f779beeb25bcebaa55afc1e27a.256p.jpg,700 - 1300 RPM,23 dB,,,,4.5
Corsair H80i GT,,2435,2435 RPM,37.7 dB,120,120 mm,120 mm,4.5
Thermalright Le Grand Macho RT,99.99,https://cdna.pcpartpicker.com/static/forever/images/product/2deff7c3f97ff5f3eb594951aaf19721.256p.jpg,300 - 1300 RPM,14 - 20 dB,,,,4.5
Reeven Vanxie,,https://cdna.pcpartpicker.com/static/forever/images/product/92294aa11190424b93ac8d9341157a1f.256p.jpg,800 - 3300 RPM,8.2 - 32.5 dB,,,,0
Cooler Master MasterLiquid Pro 140,,https://cdna.pcpartpicker.com/static/forever/images/product/023e4d9630cd068a2b768433882f16a3.256p.jpg,650 - 2000 RPM,6 - 30 dB,140,140 mm,140 mm,0
Alpenföhn Brocken ECO,,https://cdna.pcpartpicker.com/static/forever/images/product/d91b5a02a7f04579f0ecac1ad3f45aab.256p.jpg,500 - 1500 RPM,4.6 - 27.3 dB,,,,5
be quiet! Silent Loop 360,,https://cdna.pcpartpicker.com/static/forever/images/product/eec366cb1a0b363c966fbbbcd27c1564.256p.jpg,2000 RPM,16.1 - 36.9 dB,360,360 mm,360 mm,5
Rosewill ROCC-16003,,,800 - 2200 RPM,25 dB,Black / Silver,,,0
Deepcool MAELSTROM 240 RGB,,https://cdna.pcpartpicker.com/static/forever/images/product/70c85a1a0eff5a83819a5c4c2055bb50.256p.jpg,500 - 1800 RPM,17.8 - 30 dB,Black,240 mm,240 mm,0
Corsair H75 2018,,https://cdna.pcpartpicker.com/static/forever/images/product/3a20f777c3c7b5c0aa20e7196c0d7e55.256p.jpg,1900 RPM,31 dB,Black,120 mm,120 mm,4
ARCTIC Alpine 12 LP,,100,2000,100 - 2000 RPM,Black / White,Black / White,,,4
RAIJINTEK PALLAS 120,,https://cdna.pcpartpicker.com/static/forever/images/product/a43df77db460c3521b23692f4babfc1b.256p.jpg,200 - 1400 RPM,28.43 dB,Black,,,2
ID-COOLING AURAFLOW X,,https://cdna.pcpartpicker.com/static/forever/images/product/f9e1f90986fc9145cf2093855a1e1f36.256p.jpg,700 - 1800 RPM,18 - 35.2 dB,Black,240 mm,240 mm,4
ID-COOLING SE-224-XT RGB,,900,2000,900 - 2000 RPM,16.2 - 31.5 dB,Black / White,,,5
ID-COOLING SE-234-ARGB,,900,2000,900 - 2000 RPM,16.2 - 31.5 dB,Black,,,4
Deepcool GAMMAXX GT V2,,https://cdna.pcpartpicker.com/static/forever/images/product/bf6fad26bd9dcf267bc623e1d371cc8c.256p.jpg,500 - 1650 RPM,27.8 dB,Black / Silver,,,4.5
Deepcool AS500 Plus,,https://cdna.pcpartpicker.com/static/forever/images/product/f4518033202ba3261d46b73581ea3bd4.256p.jpg,500 - 1200 RPM,31.5 dB,Black,,,4.5
ARCTIC Liquid Freezer II 360 RGB,,https://cdna.pcpartpicker.com/static/forever/images/product/deb8755fd6296e4dfcdaffb19a97a22b.256p.jpg,200 - 1800 RPM,22.5 dB,Black / Gray,360 mm,360 mm,3.5
Thermalright Frost Spirit 140 V3 ARGB,,1500,1500 RPM,25.6 dB,White,,,5
GAMDIAS BOREAS M1,,https://cdna.pcpartpicker.com/static/forever/images/product/fc5ce1b58e734e9a528363e2a71a1b42.256p.jpg,800 - 2600 RPM,10 - 32 dB,Black / Silver,,,0
ID-COOLING PINKFLOW 240 V2,,https://cdna.pcpartpicker.com/static/forever/images/product/119abcc3fd4bb0fa87dce92fa9f92edb.256p.jpg,900 - 2000 RPM,16.3 - 33.5 dB,Pink,240 mm,240 mm,0
ID-COOLING FROSTFLOW X 120 SNOW,,https://cdna.pcpartpicker.com/static/forever/images/product/4e0beed2e56a2d04e165c4b85c249633.256p.jpg,700 - 1800 RPM,18 - 35.2 dB,White,120 mm,120 mm,0
SilentiumPC Fortis 5,,https://cdna.pcpartpicker.com/static/forever/images/product/ece2ecfc5df39f8b0e0c913a90d689bf.256p.jpg,300 - 1400 RPM,Black / Silver,Black / Silver,,,0
Deepcool AG500,,300,1850,300 - 1850 RPM,29.4 dB,Black / Silver,,,0
EK EK-Nucleus AIO CR360 Vision D-RGB,,https://cdna.pcpartpicker.com/static/forever/images/product/52624065b16e8a5a7414408cb2f79737.256p.jpg,500 - 2200 RPM,33.5 dB,Black,360 mm,360 mm,0
ID-COOLING SE-207-XT SLIM SNOW,,700,1800,700 - 1800 RPM,15.2 - 35.2 dB,White,,,5
Alpenföhn Dolomit Premium,76.02,https://cdna.pcpartpicker.com/static/forever/images/product/491afba7fe601025987ba6c0985815df.256p.jpg,500 - 1600 RPM,23.5 dB,Black,,,0
Jonsbo CR-1000 GT,,https://cdna.pcpartpicker.com/static/forever/images/product/d28a12e7dd9d4d0a562427bfff59f3d8.256p.jpg,700 - 1800 RPM,20.55 - 37.2 dB,Black,,,0
Cougar Forza 50,,600,2000,600 - 2000 RPM,34.5 dB,Black,,,0
Geometric Future Eskimo Junior 36,69.9,https://cdna.pcpartpicker.com/static/forever/images/product/d7dbc0e063025774a19f72e94323c973.256p.jpg,2000 RPM,29 dB,Black,360 mm,360 mm,0
Cougar Poseidon Vistek Pro ARGB 240,107.49,,700 - 2500 RPM,38 dB,Black,240 mm,240 mm,0
Silverstone NT09-115X,25.52,https://cdna.pcpartpicker.com/static/forever/images/product/f4302cd204910bb9768a9e315b37649e.256p.jpg,550 - 2500 RPM,18.5 - 32 dB,,,,0
Silverstone IceMyst 280,133.3,400,1750,400 - 1750 RPM,13.3 - 30.8 dB,Silver / Black,280 mm,280 mm,0
SilenX EFZ-100HA2,55.43,2400,2400 RPM,8 - 24 dB,,,,3
SilenX EFZ-92HA3,73.53,2000,2000 RPM,8 - 24 dB,,,,5
Thermaltake Riing Silent 12 Red,162.56,https://cdna.pcpartpicker.com/static/forever/images/product/5fd70952959e97cad45b5e9f20a5ff78.256p.jpg,300 - 1400 RPM,13 - 18 dB,,,,4.5
ARCTIC Freezer i35 RGB,33.26,https://cdna.pcpartpicker.com/static/forever/images/product/7066dab0bc943ea0eafba7b2458ece3c.256p.jpg,200 - 1700 RPM,Black,Black,,,0
Silverstone IceMyst 240,107.99,https://cdna.pcpartpicker.com/static/forever/images/product/257f550772d67c94cbcdc1246a8b41ae.256p.jpg,500 - 2200 RPM,12.1 - 33.1 dB,Silver / Black,240 mm,240 mm,0
Thermaltake CLP0552,29.98,800,1700,800 - 1700 RPM,22 dB,,,,0
ID-COOLING DK-03,,https://cdna.pcpartpicker.com/static/forever/images/product/8cd7f429f66d5e9bb5ebac3832a1bf35.256p.jpg,1600 RPM,26.4 dB,,,,4
CRYORIG C7 Cu,104,600,2500,600 - 2500 RPM,30 dB,White / Orange,,,3.5
Alphacool Eisbaer 280,,https://cdna.pcpartpicker.com/static/forever/images/product/61c680a16f60bc39f90a138b890021de.256p.jpg,1100 RPM,29.4 dB,Black / Blue,280 mm,280 mm,5
Silverstone IceGem 280,138.22,https://cdna.pcpartpicker.com/static/forever/images/product/075bd5fca71fb4e4f4341d32e6fa6790.256p.jpg,600 - 1600 RPM,9.8 - 23.4 dB,Black,280 mm,280 mm,0
Cooler Master V10 Hybrid TEC,,800,2400,800 - 2400 RPM,17 dB,,,,5
ARCTIC Alpine 11 Pro Rev. 2,,500,2000,500 - 2000 RPM,,,,,4
Gelid Solutions Slim Silence A-Plus,,https://cdna.pcpartpicker.com/static/forever/images/product/dc82d6831d490b750e949f9584b639ec.256p.jpg,1200 - 2600 RPM,15 - 27.2 dB,,,,0
Phanteks PH-TC14PE_BK,,https://cdna.pcpartpicker.com/static/forever/images/product/fa5646a92b3363b1527e74c627539bf8.256p.jpg,900 - 1200 RPM,13.4 - 19 dB,,,,4.5
Cooler Master Seidon 120V,,2400,2400 RPM,19 - 40 dB,120,120 mm,120 mm,4
NZXT Kraken X31,,800,2000,800 - 2000 RPM,18 - 34 dB,120,120 mm,120 mm,4.5
Corsair H110i GTX,,2000,2000 RPM,40 dB,280,280 mm,280 mm,4.5
Deepcool LUCIFER K2,,600,1800,600 - 1800 RPM,18.2 - 32.4 dB,,,,1
Enermax ETS-T40F-TB,,900,1800,900 - 1800 RPM,11 - 21 dB,,,,4
Cooler Master MasterAir Maker 8,,https://cdna.pcpartpicker.com/static/forever/images/product/2908876b5ae8311b21f5b731e5af16e1.256p.jpg,600 - 1800 RPM,8 - 24 dB,,,,4.5
Thermaltake Water 3.0 Riing RGB 360,,800,1500,800 - 1500 RPM,26.4 dB,360,360 mm,360 mm,4
Cooler Master MasterLiquid Pro 240,,500,2000,500 - 2000 RPM,6 - 30 dB,240,240 mm,240 mm,4
Cooler Master MasterLiquid Pro 120,,500,2000,500 - 2000 RPM,6 - 30 dB,120,120 mm,120 mm,4
Deepcool LUCIFER V2,,https://cdna.pcpartpicker.com/static/forever/images/product/fcbfc8d4c31c80ef2710413926d62468.256p.jpg,300 - 1400 RPM,12.6 - 31.1 dB,,,,0
RAIJINTEK TISIS CORE EDITION,,,0,0 dB,,,,4
ARCTIC Freezer 33 eSports ONE (Black/Yellow),,https://cdna.pcpartpicker.com/static/forever/images/product/64d41382c07dd973eff21f2f72bdad39.256p.jpg,200 - 1800 RPM,24.4 dB,Black / Yellow,,,4.5
Dynatron K199,53.46,1000,5000,1000 - 5000 RPM,20.71 - 51.7 dB,,,,0
Fractal Design Celsius S24 Blackout,,https://cdna.pcpartpicker.com/static/forever/images/product/a24b150f0a4582cd64d283a4c827a301.256p.jpg,500 - 2000 RPM,32.2 dB,Black,240 mm,240 mm,0
Scythe Katana 5,,https://cdna.pcpartpicker.com/static/forever/images/product/291498a136f945b6331ed9b4a1205afb.256p.jpg,300 - 2300 RPM,7.3 - 28.83 dB,Black / Silver,,,0
ID-COOLING SE-224-XT Basic,,700,1800,700 - 1800 RPM,15.2 - 32.5 dB,Black / Gray,,,4.5
Deepcool GAMMAXX 400S,,https://cdna.pcpartpicker.com/static/forever/images/product/55157f50eab3db324e29aeec82ccc77d.256p.jpg,1300 RPM,14.6 dB,Black / Silver,,,4
MSI MAG CORELIQUID C280,,https://cdna.pcpartpicker.com/static/forever/images/product/35196df68554d9fe02f91ec5b48cab0b.256p.jpg,500 - 1800 RPM,14.8 - 33.28 dB,Black,280 mm,280 mm,4.5
Deepcool LE300,,https://cdna.pcpartpicker.com/static/forever/images/product/23d6e275385dd1473b465338f441c797.256p.jpg,500 - 2250 RPM,Black,Black,120 mm,120 mm,0
ARCTIC Freezer i35 CO,36.79,https://cdna.pcpartpicker.com/static/forever/images/product/e4d1f26b452d691ebbff7218f012650c.256p.jpg,200 - 1800 RPM,Black / Silver,Black / Silver,,,5
SilentiumPC Fortis 5 Dual Fan,,300,1400,300 - 1400 RPM,Black / Silver,Black / Silver,,,0
Deepcool AG500 ARGB,,https://cdna.pcpartpicker.com/static/forever/images/product/2dd09f57ca854a02530da2d22e11400c.256p.jpg,300 - 1850 RPM,29.4 dB,Black / Silver,,,0
Silverstone Hydrogon D120 ARGB,102.47,https://cdna.pcpartpicker.com/static/forever/images/product/991e346d89b9b060c47e347908ab1bae.256p.jpg,0,30.5,0 - 30.5 dB,Black / Silver,,,0
Alphacool Eisbaer Pro HPE Aurora,,,31.5,31.5 dB,Black,360 mm,360 mm,0
Sapphire NITRO+ S240-A,,405,2400,405 - 2400 RPM,17.9 - 36.2 dB,Black / Silver,240 mm,240 mm,4
Valkyrie DRAGONFANG,,800,2150,800 - 2150 RPM,29 dB,White,360 mm,360 mm,0
ID-COOLING SE-214-XT-D,,https://cdna.pcpartpicker.com/static/forever/images/product/f11845e8723b64cab2487954e57e31c1.256p.jpg,700 - 1800 RPM,32.5 dB,Gray / Black,,,0
Scythe Ninja 5 Rev. B,,300,800,300 - 800 RPM,4 - 14.5 dB,Black,,,0
YEYIAN Storm 1200,,1000,1800,1000 - 1800 RPM,26.3 dB,Black / Silver,,,0
Xilence LQ360.ARGB,140.67,https://cdna.pcpartpicker.com/static/forever/images/product/92389e35d78373ed5816ddaf6b55c829.256p.jpg,900 - 1850 RPM,18 - 28 dB,Black,360 mm,360 mm,0
Cooler Master MasterLiquid 120 Core II,,600,1750,600 - 1750 RPM,30 dB,Black,120 mm,120 mm,0
Thermalright Assassin Spirit 120,,1500,1500 RPM,25.6 dB,Gray / Silver,,,0
ABKONCORE CT408,,800,1650,800 - 1650 RPM,33 dB,Black,,,0
upHere UE2T6,,,600 - 1650 RPM,25 dB,White,,,0
upHere E240KC,,,600 - 1800 RPM,27 dB,Black,240 mm,240 mm,0
GAMDIAS CHIONE M4-360,105.23,https://cdna.pcpartpicker.com/static/forever/images/product/58a4b20defafe031f82be24fb11efeed.256p.jpg,800 - 2000 RPM,11 - 29 dB,Black,360 mm,360 mm,0
Dynatron K5,29.13,https://cdna.pcpartpicker.com/static/forever/images/product/ec0fc9bf5af7dced87511f825b5db06c.256p.jpg,1000 - 2500 RPM,14.7 - 29.8 dB,,,,3
GameMax Gamma 500 ARGB,19.98,https://cdna.pcpartpicker.com/static/forever/images/product/334e2a58d20599a9dace7390614c10b7.256p.jpg,1000 - 1800 RPM,26.3 dB,Black / Silver,,,0
Silverstone PF120-ARGB,54.99,https://cdna.pcpartpicker.com/static/forever/images/product/cd21eae373e69fe1458d3108d4d2397a.256p.jpg,600 - 2200 RPM,7.4 - 35.6 dB,Black,120 mm,120 mm,5
ARCTIC Freezer A35 RGB,39.65,https://cdna.pcpartpicker.com/static/forever/images/product/c6437674008021bee94ea1f216266917.256p.jpg,200 - 1700 RPM,Black,Black,,,0
Thermaltake UX 210 ARGB,52.72,https://cdna.pcpartpicker.com/static/forever/images/product/3437690d719d5515bfc0af985e80fde7.256p.jpg,600 - 2000 RPM,34.3 dB,Black / Silver,,,0
Montech METAL DT24 BASE,35.47,https://cdna.pcpartpicker.com/static/forever/images/product/1ce149b6cc7542e9a9ae07f1102270de.256p.jpg,800 - 1950 RPM,26 dB,Black / Silver,,,0
Antec KUHLER Box,,,,,,,,0
Titan TTC-NK54TZ,,https://cdna.pcpartpicker.com/static/forever/images/product/912140f26f5e9bce8e4c40cb0f9313f5.256p.jpg,3500 RPM,30.6 dB,,,,0
ARCTIC Alpine 64 GT,,https://cdna.pcpartpicker.com/static/forever/images/product/fb5dab7c9015b44b5bc19d52e5194cea.256p.jpg,500 - 2000 RPM,,,,,3.5
Cooler Master Seidon 240M,,600,2400,600 - 2400 RPM,19 - 40 dB,240,240 mm,240 mm,4
be quiet! Dark Rock Pro 2,,1500,1700,1500 - 1700 RPM,13.5 - 26.4 dB,,,,4.5
Zalman CNPS7000V(AL)-1-PWMB,,https://cdna.pcpartpicker.com/static/forever/images/product/4877f6b59d7897a82d27c055f1fa96c4.med.256p.jpg,800 - 2600 RPM,20 - 32 dB,,,,0
be quiet! Shadow Rock Slim,,https://cdna.pcpartpicker.com/static/forever/images/product/91e08716afd77f6e300b474fd7dd821a.256p.jpg,400 - 1400 RPM,11.5 - 23.7 dB,,,,4.5
Thermalright Silver Arrow IB-E Extreme,,https://cdna.pcpartpicker.com/static/forever/images/product/e7ab9fff15137a523ec0b6d001e53aa8.256p.jpg,600 - 2500 RPM,21 - 45 dB,,,,0
CRYORIG H5 Universal,,https://cdna.pcpartpicker.com/static/forever/images/product/36a4c87601ce494316311aab7ab236f9.256p.jpg,700 - 1300 RPM,20 - 24 dB,,,,4.5
Evercool HPS-810CP,,https://cdna.pcpartpicker.com/static/forever/images/product/da12e00e52e5b506d6ee426a130fe3d1.256p.jpg,1500 - 4000 RPM,16.2 - 37.5 dB,,,,4
ARCTIC Alpine M1,,750,750 RPM,20.5 dB,,,,4
Enermax Liqmax II 120,,500,2000,500 - 2000 RPM,16 - 35 dB,120,120 mm,120 mm,4.5
ARCTIC Liquid Freezer 120,,500,1350,500 - 1350 RPM,120,120,120 mm,120 mm,4.5
Thermalright Le Grand Macho,,,,,,,,0
Silverstone NT08-115X,,https://cdna.pcpartpicker.com/static/forever/images/product/ff4df4a489ccae32b0364b75ba04c48f.256p.jpg,1200 - 3500 RPM,21.56 - 62.88 dB,,,,0
Deepcool CAPTAIN 240 EX,,https://cdna.pcpartpicker.com/static/forever/images/product/fc578509716c8ce20bde82c1684bbab4.256p.jpg,500 - 1800 RPM,17.6 - 31.3 dB,240,240 mm,240 mm,4.5
Deepcool Maelstrom 120T RF,,https://cdna.pcpartpicker.com/static/forever/images/product/d77598e11ed721898c123e9c87ac8942.256p.jpg,600 - 1800 RPM,17.8 - 34.1 dB,120,120 mm,120 mm,0
Cooler Master MasterAir MA610P,,https://cdna.pcpartpicker.com/static/forever/images/product/3d20c6aee6d673abe16af30bf0b9fafd.256p.jpg,1800 RPM,35 dB,Black,,,4
ARCTIC Freezer 33 eSports ONE (Black/White),,https://cdna.pcpartpicker.com/static/forever/images/product/6555227ff645b6b645a64bbf470b39f6.256p.jpg,200 - 1800 RPM,24.4 dB,Black / White,,,4.5
ID-COOLING FROSTFLOW+ 240 SNOW,,https://cdna.pcpartpicker.com/static/forever/images/product/d7674359b0a1a22bc1ab4102bb2d3ac8.256p.jpg,700 - 1500 RPM,18 - 26.4 dB,White,240 mm,240 mm,4
Gigabyte AORUS ATC700,,https://cdna.pcpartpicker.com/static/forever/images/product/8f60e4bea75c58a39663b4df76104449.256p.jpg,500 - 1700 RPM,12 - 31 dB,Black / Orange,,,4
Cooler Master MasterAir MA620P,275.3,https://cdna.pcpartpicker.com/static/forever/images/product/4fac2f9b09c673af00dff70b5ce5b170.256p.jpg,600 - 1800 RPM,31 dB,Black / Silver,,,4
CRYORIG M9 Plus,,https://cdna.pcpartpicker.com/static/forever/images/product/455b8ea506d03ddac24cae2cac53fc58.256p.jpg,600 - 2200 RPM,26.4 dB,Black / Silver,,,4.5
Cooler Master MasterLiquid ML360 RGB TR4 Edition,,https://cdna.pcpartpicker.com/static/forever/images/product/5ea69b0d36b4d7129fbc007687fe8543.256p.jpg,650 - 2000 RPM,6 - 30 dB,Black,360 mm,360 mm,5
ARCTIC Alpine AM4 LP,,100,2000,100 - 2000 RPM,Black / White,Black / White,,,0
CRYORIG C7G,,https://cdna.pcpartpicker.com/static/forever/images/product/3b392ae3245ee0aed19d2fb63eb9031a.256p.jpg,600 - 2500 RPM,30 dB,Black / Silver,,,4.5
GameMax Iceberg 240 ARGB,,https://cdna.pcpartpicker.com/static/forever/images/product/9960c43c68ed6ce5d07131b66d12a5b4.256p.jpg,1100 RPM,25 dB,Black,240 mm,240 mm,0
GameMax Iceberg 120 ARGB,,https://cdna.pcpartpicker.com/static/forever/images/product/18b3e6bb806babe5dccd0be9fbfe71b5.256p.jpg,1100 RPM,25 dB,Black,120 mm,120 mm,0
Deepcool GAMERSTORM CAPTAIN 240X,,https://cdna.pcpartpicker.com/static/forever/images/product/566432fc5b87625f1e895fabd8c15cf0.256p.jpg,500 - 1800 RPM,32.1 dB,Black,240 mm,240 mm,5
Deepcool GAMERSTORM CAPTAIN 240X WHITE,,https://cdna.pcpartpicker.com/static/forever/images/product/229f88c5d1c312dac5c98b7358398556.256p.jpg,500 - 1800 RPM,32.1 dB,White / Black,240 mm,240 mm,5
Deepcool GAMERSTORM CAPTAIN 360X WHITE,,https://cdna.pcpartpicker.com/static/forever/images/product/5071b9c9c3f4127fbdf2e57c2293cf11.256p.jpg,500 - 1800 RPM,32.1 dB,White / Black,360 mm,360 mm,4.5
Silverstone PF240-ARGB,84.99,https://cdna.pcpartpicker.com/static/forever/images/product/1845ba3d7237364cf69e7ce04b662226.256p.jpg,600 - 2200 RPM,7.4 - 35.6 dB,Black,240 mm,240 mm,4
Deepcool CASTLE 240EX WHITE,,https://cdna.pcpartpicker.com/static/forever/images/product/e3beee691704929456216065b523a51f.256p.jpg,500 - 1800 RPM,32.1 dB,White / Black,240 mm,240 mm,4.5
Deepcool CASTLE 280EX,,https://cdna.pcpartpicker.com/static/forever/images/product/62a622e106743d863790f9701e3707fc.256p.jpg,400 - 1600 RPM,39.8 dB,Black,280 mm,280 mm,4.5
ID-COOLING SE-914-XT,,600,2200,600 - 2200 RPM,Black / Gray,Black / Gray,,,4.5
Akasa K25,,https://cdna.pcpartpicker.com/static/forever/images/product/d052eea1e8edf8bf3b418196e26f1212.256p.jpg,600 - 3000 RPM,28.71 dB,,,,0
Alpenföhn Glacier Water 240,Add,https://cdna.pcpartpicker.com/static/forever/images/product/d7c21aa20de7e4392ee708c573b8f38e.256p.jpg,500 - 1600 RPM,23.5 dB,Black,240 mm,240 mm,0
Alpenföhn Glacier Water 240 High Speed,200.64,https://cdna.pcpartpicker.com/static/forever/images/product/098791b98bf7459610ce1e41e4c0e88b.256p.jpg,500 - 2200 RPM,36.8 dB,Black,240 mm,240 mm,0
GAMDIAS CHIONE E2,,1800,800 - 1800 RPM,Black,Black,120 mm,120 mm,0
GAMDIAS CHIONE M3,102.17,800,2000,800 - 2000 RPM,White,White,240 mm,240 mm,0
Asus TUF GAMING LC 240 RGB ZAKU II EDITION,,800,2000,800 - 2000 RPM,29 dB,Red / Black,240 mm,240 mm,0
ID-COOLING FROSTFLOW 240 XT SNOW,,https://cdna.pcpartpicker.com/static/forever/images/product/acb112cb4df04f3b1cfd8bb3a57be134.256p.jpg,700 - 1800 RPM,15.2 - 35.2 dB,White,240 mm,240 mm,0
In Win BR36,127,400,1800,400 - 1800 RPM,35.5 dB,Black / White,360 mm,360 mm,0
ARCTIC Freezer A35,84.02,https://cdna.pcpartpicker.com/static/forever/images/product/992e3ae1ab4140931cce18dc106c2e40.256p.jpg,200 - 1800 RPM,Black / White,Black / White,,,5
Enermax AQUAFUSION ADV 360,,https://cdna.pcpartpicker.com/static/forever/images/product/522217d5a8e4f820be08aafefd8bdfa1.256p.jpg,500 - 2000 RPM,15 - 32.6 dB,Black,360 mm,360 mm,0
Alphacool Eisbaer Extreme,216.6,https://cdna.pcpartpicker.com/static/forever/images/product/5a9a5770828416da229f487e4fbecf14.256p.jpg,1000 RPM,18.8 dB,Black,280 mm,280 mm,0
GAMDIAS CHIONE P3-240U,,800,2000,800 - 2000 RPM,10 - 31 dB,Black,240 mm,240 mm,4
Jonsbo HP400S,,https://cdna.pcpartpicker.com/static/forever/images/product/2b1e288601316f8f19b888a7be6429b8.256p.jpg,900 - 2800 RPM,20.2 - 34 dB,Blue / Silver,,,0
Azza CUBE 360,,500,2000,500 - 2000 RPM,34 dB,Black,360 mm,360 mm,0
In Win SR36 PRO,142.34,500,2500,500 - 2500 RPM,23 dB,Black,360 mm,360 mm,0
Yeston zeaginal Sakura,,https://cdna.pcpartpicker.com/static/forever/images/product/35fa987929573f5d719fe47dbed32c40.256p.jpg,900 - 1800 RPM,30 dB,White,360 mm,360 mm,0
Amazon Basics,,600,2000,600 - 2000 RPM,6 - 29 dB,,,,0
ID-COOLING FROZN A410 DW,,500,2000,500 - 2000 RPM,29.85 dB,White,,,0
ID-COOLING IS-30A,,https://cdna.pcpartpicker.com/static/forever/images/product/e389f289af16e0441c2416a9461e4d53.256p.jpg,800 - 3600 RPM,17 - 35.8 dB,Black / Silver,,,0
ID-COOLING ZOOMFLOW XT V2,,https://cdna.pcpartpicker.com/static/forever/images/product/a192baeffb0cf5e5cdc05bd6ace20d7b.256p.jpg,500 - 1800 RPM,13.8 - 35.2 dB,Black,360 mm,360 mm,0
ID-COOLING SE-206-XT,,https://cdna.pcpartpicker.com/static/forever/images/product/f66e64d023f71899ee81c7a42d35c282.256p.jpg,700 - 1800 RPM,35.2 dB,Black / Silver,,,0
Xilence LQ240 ARGB,60.83,https://cdna.pcpartpicker.com/static/forever/images/product/663082d4c0550711c8cbfb8d6487fbe5.256p.jpg,500 - 1500 RPM,18 - 30.2 dB,White,240 mm,240 mm,0
Ocypus Gamma A40 ARGB Digital,,,600 - 2400 RPM,29.5 dB,Black,,,0
LevelPlay CL360 ARGB,,,,0 - 26 dB,Black,360 mm,360 mm,0
Thermaltake TH280 V2 Ultra EX ARGB Sync,,500,2000,500 - 2000 RPM,30.7 dB,Black,280 mm,280 mm,0
Evercool HPH-9525CU,26.54,1800,1800 RPM,20 dB,,,,0
Zalman CNPS5X Performa,,https://cdna.pcpartpicker.com/static/forever/images/product/3bc3595d2e2398df3c7fc2ae3dbdff55.256p.jpg,1400 - 2800 RPM,20 - 32 dB,,,,4
Cooler Master ML120L TUF Gaming Alliance Edition RGB,,https://cdna.pcpartpicker.com/static/forever/images/product/dd988b3a35f84190078903cd311e5e36.256p.jpg,650 - 2000 RPM,15 dB,120,120 mm,120 mm,4
In Win SR24,112,https://cdna.pcpartpicker.com/static/forever/images/product/bd3960d4d467d4fb9c94ff2a708aa287.256p.jpg,500 - 2500 RPM,23 dB,Black,240 mm,240 mm,0
Silverstone IceGem 360,189.99,https://cdna.pcpartpicker.com/static/forever/images/product/f87df78820366f18f06de9d6f6d8900d.256p.jpg,600 - 2200 RPM,7.3 - 36.6 dB,Black,360 mm,360 mm,0
ARCTIC Freezer 50,,200,1800,200 - 1800 RPM,Black,Black,,,4
Corsair A50,,1600,2000,1600 - 2000 RPM,26 - 31.5 dB,,,,0
Corsair A70,,1600,2000,1600 - 2000 RPM,26 - 31.5 dB,,,,5
Thermaltake Frio,,1200,2500,1200 - 2500 RPM,20 - 43 dB,,,,4
Zalman CNPS9900MAX-B,,900,1700,900 - 1700 RPM,18 - 30 dB,,,,4.5
Corsair H80,,https://cdna.pcpartpicker.com/static/forever/images/product/3fcd61ab19b202005ee4300bd45db3cb.256p.jpg,1300 - 2500 RPM,22 - 39 dB,120,120 mm,120 mm,4
be quiet! Dark Rock Advanced C1,,https://cdna.pcpartpicker.com/static/forever/images/product/2690cc69fa0d8ba8cdd8096844d1e29e.256p.jpg,1500 RPM,6.6 - 18.8 dB,,,,4
NoFan CR-80EH,74.98,,0,0 dB,,,,4.5
Cooler Master Hyper 212X Dual Fan,,https://cdna.pcpartpicker.com/static/forever/images/product/b75f409bbaad8443e9a95c200db6f91a.256p.jpg,2000 RPM,9 - 36 dB,,,,5
Deepcool CAPTAIN 120 EX,,https://cdna.pcpartpicker.com/static/forever/images/product/6fc676c8853976b9dd8c042f98133ea2.256p.jpg,500 - 1800 RPM,17.6 - 31.3 dB,120,120 mm,120 mm,4
Enermax ETS-N31-02,,https://cdna.pcpartpicker.com/static/forever/images/product/681623bad5c9610faddde99e58c921ae.256p.jpg,800 - 2000 RPM,24.5 dB,Black / Silver,,,4.5
CRYORIG H7 Plus,,300,1600,300 - 1600 RPM,25 dB,Black / Silver,,,0
Alphacool Eisbaer 420,,https://cdna.pcpartpicker.com/static/forever/images/product/a7828cfc98ebb6a363f41bf525f9a517.256p.jpg,1100 RPM,29.4 dB,Black / Blue,420 mm,420 mm,0
Cooler Master MasterLiquid ML240R RGB Phantom Gaming Edition,,https://cdna.pcpartpicker.com/static/forever/images/product/9faeeadd396c32b80afc6d4dbea7ca96.256p.jpg,650 - 2000 RPM,6 - 30 dB,Black,240 mm,240 mm,0
Deepcool GAMMAXX L240,,https://cdna.pcpartpicker.com/static/forever/images/product/21ed10cd2bb7d489fcd3092a574293ff.256p.jpg,500 - 1800 RPM,17.8 dB,Black,240 mm,240 mm,4.5
Deepcool CASTLE 240EX,,500,1800,500 - 1800 RPM,32.1 dB,Black,240 mm,240 mm,4
Jonsbo TW3-240,,https://cdna.pcpartpicker.com/static/forever/images/product/cce944da239511f84216f2c59d917afe.256p.jpg,800 - 1500 RPM,25 dB,Black,240 mm,240 mm,0
Zalman CNPS10X Optima II,,https://cdna.pcpartpicker.com/static/forever/images/product/06f6edf1636bd6dcb665706ba5f7fa9f.256p.jpg,800 - 1500 RPM,27 dB,White,,,0
Rosewill ROCC-17001,,https://cdna.pcpartpicker.com/static/forever/images/product/0df803d774d2715f2e764e861145f393.256p.jpg,1500 - 2500 RPM,13 - 25 dB,Silver,,,4.5
Alphacool Eisbaer Aurora 360,239.99,https://cdna.pcpartpicker.com/static/forever/images/product/c5068b8558a553ddf086192364c5dff4.256p.jpg,800 - 2000 RPM,Black,Black,360 mm,360 mm,0
GameMax Ice Chill 240,69.89,https://cdna.pcpartpicker.com/static/forever/images/product/c734f49f7621584a9f2913e1cc8d9965.256p.jpg,800 - 1900 RPM,28.8 dB,Black,240 mm,240 mm,0
Deepcool AS500,,https://cdna.pcpartpicker.com/static/forever/images/product/34732a6da3014a0b85403d64ed05d81f.256p.jpg,500 - 1200 RPM,29.2 dB,Black / Silver,,,5
Alpenföhn Glacier Water 360 High Speed,305.88,https://cdna.pcpartpicker.com/static/forever/images/product/6002864135f11d5f7d4a2adb9e3cc359.256p.jpg,500 - 2200 RPM,36.8 dB,Black,360 mm,360 mm,0
Cougar AQUA,,https://cdna.pcpartpicker.com/static/forever/images/product/18dc79654330364bad9b5749b7f019ed.256p.jpg,600 - 1800 RPM,35 dB,Black,240 mm,240 mm,5
MSI CORE FROZR S,,https://cdna.pcpartpicker.com/static/forever/images/product/953af754af31dceaac2b15c0df59b6d4.256p.jpg,500 - 1800 RPM,17.2 - 33.6 dB,Black / Red,,,0
ID-COOLING ICEFLOW ARGB,,900,2000,900 - 2000 RPM,16 - 31.5 dB,Black,240 mm,240 mm,0
ID-COOLING DK-03A RGB PWM,,https://cdna.pcpartpicker.com/static/forever/images/product/50a2340c04fce824e4f2c14df5665094.256p.jpg,500 - 1800 RPM,14.2 - 25.6 dB,,,,0
ID-COOLING IS-20i,,https://cdna.pcpartpicker.com/static/forever/images/product/a33a1345cbe38594d736aa9392fdba40.256p.jpg,800 - 2700 RPM,14 - 23 dB,,,,0
ID-COOLING SE-914-XT BASIC V2,,https://cdna.pcpartpicker.com/static/forever/images/product/50df609a4f5fae81d44ec5763c74e2c5.256p.jpg,600 - 2200 RPM,,,,,0
ID-COOLING SE-225-XT BLACK V2,,https://cdna.pcpartpicker.com/static/forever/images/product/0a25bb05e80899ca2e8e251935831dd5.256p.jpg,700 - 1800 RPM,15.2 - 35.2 dB,,,,0
ID-COOLING PINKFLOW 240 Diamond,,https://cdna.pcpartpicker.com/static/forever/images/product/af417d520c0d9b1de0c7ad56f94ff9bd.256p.jpg,900 - 2000 RPM,16.3 - 33.5 dB,Pink,240 mm,240 mm,0
ID-COOLING FROSTFLOW X 240 LITE SNOW,,https://cdna.pcpartpicker.com/static/forever/images/product/26bf2cb5e34b95201de6fe18169031bc.256p.jpg,700 - 1800 RPM,15.2 - 35.2 dB,White,240 mm,240 mm,0
Jonsbo HX7280,,https://cdna.pcpartpicker.com/static/forever/images/product/6e7ebfd5b34828c89568ff9c9a243643.256p.jpg,700 - 1800 RPM,28 - 38 dB,Black,,,4
Enermax ETS-F40-FS,24.79,https://cdna.pcpartpicker.com/static/forever/images/product/4b7a9723b5bf5629907a4cb1fae79cf8.256p.jpg,300 - 1200 RPM,10 - 23 dB,Black,,,4
Thermaltake TOUGHLIQUID ARGB,97.73,https://cdna.pcpartpicker.com/static/forever/images/product/ad1997fb2fbf62eaeb4a1c1583c950ba.256p.jpg,500 - 2000 RPM,22.3 dB,Teal,240 mm,240 mm,0
Jonsbo CR-1400 EVO Standard,,800,2200,800 - 2200 RPM,22.3 - 33.8 dB,Black,,,0
Thermalright Frozen Magic EX,,https://cdna.pcpartpicker.com/static/forever/images/product/89b2e226ea68ac597875b3b55b766295.256p.jpg,1850 RPM,29.6 dB,Black,360 mm,360 mm,0
ID-COOLING FROZN A610,,500,2000,500 - 2000 RPM,29.9 dB,Black,,,0
ID-COOLING FROSTFLOW X LITE,,https://cdna.pcpartpicker.com/static/forever/images/product/7d1fddc16bfe7d8846aff5d22bebc3dd.256p.jpg,700 - 1800 RPM,35.2 dB,Black,120 mm,120 mm,0
ID-COOLING SE-214-XT PRO,,https://cdna.pcpartpicker.com/static/forever/images/product/2e87b197bd18a2d50d2673bf66841308.256p.jpg,600 - 1500 RPM,28.9 dB,Black / Silver,,,5
ID-COOLING SE-214-XT-RN,,https://cdna.pcpartpicker.com/static/forever/images/product/d491f8cb03b5932342881908091d733c.256p.jpg,600 - 2200 RPM,35 dB,Black / Red,,,0
ID-COOLING SE-802-SD V3,,https://cdna.pcpartpicker.com/static/forever/images/product/ebec1457f991b91763d6accacab10072.256p.jpg,2200 RPM,23.3 dB,Black / Silver,,,0
Deepcool AG620 Digital ARGB,,300,1950,300 - 1950 RPM,29.4 dB,White,,,0
upHere E360KC,,,600 - 1800 RPM,27 dB,Black,360 mm,360 mm,0
PC Cooler RZ700D,59.99,,500 - 2400 RPM,15 - 35.9 dB,Black,,,0
Xilence M906,49.46,https://cdna.pcpartpicker.com/static/forever/images/product/b2be5dc8ac3e18c871e8b700b0151383.256p.jpg,500 - 1500 RPM,18 - 30.8 dB,Black,,,0
Fractal Design Kelvin T12,46.53,https://cdna.pcpartpicker.com/static/forever/images/product/1d416ae9749cce704682373ad2bcf14f.256p.jpg,800 - 1700 RPM,26.9 dB,120,120 mm,120 mm,4
ID-COOLING DK-03 RAINBOW,,https://cdna.pcpartpicker.com/static/forever/images/product/60928f1212341ab9f4dded1e3824fa93.256p.jpg,500 - 1800 RPM,14.2 - 25.6 dB,,,,0
ARCTIC Freezer 11 LP,,900,2000,900 - 2000 RPM,,,,,3.5
Titan TTC-NC85TZ(RB),48.89,210,2100,210 - 2100 RPM,28.8 dB,,,,0
Silverstone Argon AR09-115XS,80.88,https://cdna.pcpartpicker.com/static/forever/images/product/abefba62996132fc350b141b5e149c4d.256p.jpg,1200 - 5000 RPM,18.02 - 42.5 dB,,,,0
Zalman ALPHA2 A36,72.79,https://cdna.pcpartpicker.com/static/forever/images/product/361763ef280a9cfa0bec89b82f3ebb8b.256p.jpg,600 - 2000 RPM,29.7 dB,White,360 mm,360 mm,0
ARCTIC Alpine 64 Pro Rev 2,,https://cdna.pcpartpicker.com/static/forever/images/product/ae5768109607121fbefcaf315745b7e6.med.256p.jpg,500 - 2000 RPM,,,,,2
Corsair H70,,1600,2000,1600 - 2000 RPM,26 - 31.5 dB,120,120 mm,120 mm,4
Cooler Master Hyper N520,,,19,19 dB,,,,4
Cooler Master V6 GT,,800,2200,800 - 2200 RPM,15 - 38 dB,,,,4
Cooler Master Vortex Plus,,800,2800,800 - 2800 RPM,17 - 35 dB,,,,4
Xigmatek GAIA SD1283,,800,1500,800 - 1500 RPM,16 - 24 dB,,,,4.5
Xigmatek Cobra - D984,,1000,2800,1000 - 2800 RPM,20 - 28 dB,,,,5
Antec KUHLER H2O 620,,1450,2000,1450 - 2000 RPM,120,120,120 mm,120 mm,4
ARCTIC Alpine 64 PLUS,,https://cdna.pcpartpicker.com/static/forever/images/product/f1994aba8ecf604bb1941e9eb6cc3af6.med.256p.jpg,600 - 2000 RPM,,,,,5
Rosewill ROCC-13001,,2000,2000 RPM,19.39 - 31.05 dB,,,,0
EVGA ACX,,https://cdna.pcpartpicker.com/static/forever/images/product/e4bd497198ae6d17fe861abfa6b06bf6.256p.jpg,2800 RPM,42.5 dB,,,,0
Deepcool FROSTWIN V2.0,,https://cdna.pcpartpicker.com/static/forever/images/product/3da2ae407d520a68b4f9f6646cf2d9a7.256p.jpg,1600 RPM,17.8 - 21 dB,,,,5
Deepcool NEPTWIN V2.0,,1300,1300 RPM,26.6 dB,,,,4
Rosewill AIOLOS,,1500,1500 RPM,24.6 dB,,,,0
Scythe Kotetsu,,400,1400,400 - 1400 RPM,5.3 - 28 dB,,,,4
Phanteks PH-TC12LS_BK,,https://cdna.pcpartpicker.com/static/forever/images/product/85e53d129b8c91fc6112acd15ecd07e7.256p.jpg,500 - 1800 RPM,25 dB,,,,4.5
ID-COOLING FROSTFLOW 240L-W,,800,2000,800 - 2000 RPM,20 - 38.2 dB,240,240 mm,240 mm,4
be quiet! Silent Loop 120,,https://cdna.pcpartpicker.com/static/forever/images/product/6e3b4f00908c2674c237e721dd773938.256p.jpg,2000 RPM,16.1 - 36.9 dB,120,120 mm,120 mm,5
be quiet! Silent Loop 280,,https://cdna.pcpartpicker.com/static/forever/images/product/53abd0b6f7ae35605c98e6e1d937c8c5.256p.jpg,1600 RPM,16.1 - 37.3 dB,280,280 mm,280 mm,5
Deepcool ICE BLADE 100,,https://cdna.pcpartpicker.com/static/forever/images/product/29b2a6639d14734e1d628df52d8b6cbb.256p.jpg,2200 RPM,31.6 dB,,,,3
Thermaltake Engine 27,,https://cdna.pcpartpicker.com/static/forever/images/product/2639daf9a9f17adf4dfbad294e20f456.256p.jpg,1500 - 2500 RPM,13 - 25 dB,,,,4
Thermalright TRUE Spirit 140 Direct,,300,1300,300 - 1300 RPM,15 - 21 dB,,,,5
Antec C40,32.99,https://cdna.pcpartpicker.com/static/forever/images/product/ebcb48d5dfea438c9f8b999673d66f23.256p.jpg,800 - 2200 RPM,16 - 23 dB,,,,0
Gelid Solutions Rev. 3 Tranquillo,,https://cdna.pcpartpicker.com/static/forever/images/product/96e8851948a0c05aba9093c2df5de562.256p.jpg,750 - 1500 RPM,12 - 26.5 dB,,,,0
Scythe FUMA Rev.B,,300,1400,300 - 1400 RPM,13 - 28 dB,,,,4
ARCTIC Freezer 33 eSports ONE (Black/Green),,https://cdna.pcpartpicker.com/static/forever/images/product/ed3b0064b46676dfbb10a77e96992737.256p.jpg,200 - 1800 RPM,24.4 dB,,,,5
RAIJINTEK JUNO-X,,https://cdna.pcpartpicker.com/static/forever/images/product/50db5adec183443f6622bdfad551283c.256p.jpg,1200 - 2500 RPM,26 dB,Red / Black,,,5
Alphacool Eisbaer LT360,124.07,https://cdna.pcpartpicker.com/static/forever/images/product/e4e21101649103234521f6463933e627.256p.jpg,550 - 1700 RPM,29 dB,Black,360 mm,360 mm,0
ARCTIC Alpine 12 Passive,,,0,0 dB,Black,,,5
Cougar Helor 240,86.25,https://cdna.pcpartpicker.com/static/forever/images/product/512f831f7b5f0cc7bc41aa0b3a1abc73.256p.jpg,600 - 1800 RPM,37.1 dB,Black,240 mm,240 mm,5
Scythe Choten TUF Gaming Alliance,,https://cdna.pcpartpicker.com/static/forever/images/product/aeda36fbd621ef0e7fec8064cb126b9e.256p.jpg,300 - 1200 RPM,4 - 24.9 dB,Black / Yellow,,,0
Scythe KOTETSU Mark II TUF,,https://cdna.pcpartpicker.com/static/forever/images/product/2a9517ff801f6ed18db22598e4199ffe.256p.jpg,300 - 1200 RPM,4 - 24.9 dB,Black / Yellow,,,0
Rosewill PB240-RGB,,https://cdna.pcpartpicker.com/static/forever/images/product/fe54d04dae4bcf87352cdf4e02dbb2d0.256p.jpg,1500 RPM,26.8 dB,Black,240 mm,240 mm,4
Deepcool GAMERSTORM CAPTAIN 240PRO V2,,https://cdna.pcpartpicker.com/static/forever/images/product/489a5ce9a54af6b4984e8d0620bc95e0.256p.jpg,500 - 1800 RPM,30 dB,Black,240 mm,240 mm,4.5
upHere ACC92RGB,,600,1700,600 - 1700 RPM,16.1 - 27.7 dB,Black,,,0
Thermaltake Riing Silent 12 RGB Sync Edition,49.48,https://cdna.pcpartpicker.com/static/forever/images/product/5b493e6f868b08f742ad31e08628f160.256p.jpg,300 - 1500 RPM,13 - 22 dB,Black,,,0
SilentiumPC Fortis 3 RGB HE1425,,https://cdna.pcpartpicker.com/static/forever/images/product/72ecbcf940d1b0f96a420dac37ec5d81.256p.jpg,500 - 1400 RPM,Black / Silver,Black / Silver,,,5
Scythe Mugen 5 Black RGB Edition,,https://cdna.pcpartpicker.com/static/forever/images/product/30c4d414b88ffc7f6879e18f6e78db28.256p.jpg,300 - 1200 RPM,4 - 24.9 dB,Black / Silver,,,5
SilentiumPC Fera 3 RGB HE1224,,500,1600,500 - 1600 RPM,Black / Silver,Black / Silver,,,0
ID-COOLING SE-914-XT ARGB,,600,2200,600 - 2200 RPM,14 - 25.8 dB,Black / Gray,,,4
be quiet! Silent Loop 2 120,284.17,https://cdna.pcpartpicker.com/static/forever/images/product/8b86c7cb3f29e1b3ab9f22b44754195c.256p.jpg,2200 RPM,16.6 - 36.4 dB,Black,120 mm,120 mm,0
Tempest Subzero RGB,,https://cdna.pcpartpicker.com/static/forever/images/product/07a6c31ab040d29abe4cb869a63b5f11.256p.jpg,800 - 1650 RPM,Black / Silver,Black / Silver,,,0
Fractal Design Lumen S28,,https://cdna.pcpartpicker.com/static/forever/images/product/e27e8be8314812ed680adfcbebfeb640.256p.jpg,500 - 1700 RPM,10 - 35.5 dB,Black,280 mm,280 mm,0
Thermalright Frost Spirit 140 V3 WHITE,,1500,1500 RPM,25.6 dB,White,,,0
GAMDIAS CHIONE M2,69.98,800,1800,800 - 1800 RPM,Black,Black,240 mm,240 mm,5
ARCTIC Liquid Freezer II 240 RGB,,https://cdna.pcpartpicker.com/static/forever/images/product/2773bd3d440b52aad4dc14fae539fa78.256p.jpg,200 - 1800 RPM,22.5 dB,Black,240 mm,240 mm,0
Thermalright AXP-90i FULL Copper,,2700,2700 RPM,22.4 dB,Orange / Brown,,,0
Phanteks Glacier One 280MPH,,https://cdna.pcpartpicker.com/static/forever/images/product/dadc17f656a4dc4c4c2d0ab0fee9245b.256p.jpg,500 - 2200 RPM,18 - 39.1 dB,Black,280 mm,280 mm,4
Thermalright Assassin X,,1500,1500 RPM,25.6 dB,Black / Silver,,,0
Thermaltake Water 3.0 Riing RGB 280,149.99,https://cdna.pcpartpicker.com/static/forever/images/product/b1c96d44bfd525b54f32cd5cc377d1cc.256p.jpg,300 - 1500 RPM,18.5 - 26.4 dB,Black / Red,280 mm,280 mm,0
Thermaltake Engine 17,,1500,2500,1500 - 2500 RPM,11 - 23 dB,Silver,,,0
ID-COOLING DK-15 PWM,,https://cdna.pcpartpicker.com/static/forever/images/product/5bd73cf821fda1cdad4305118ba34381.256p.jpg,600 - 2000 RPM,14.2 - 26.5 dB,,,,0
ID-COOLING IS-27i,,https://cdna.pcpartpicker.com/static/forever/images/product/5d7fd07d97bd587bad9d17f8fa063d6e.256p.jpg,800 - 2700 RPM,14 - 25 dB,,,,0
Cooler Master Hyper 212 RGB,,650,1800,650 - 1800 RPM,8 - 27 dB,,,,0
Deepcool LS320 WH,,https://cdna.pcpartpicker.com/static/forever/images/product/43752d50554ff7d94ce5771ed1dc2e3c.256p.jpg,500 - 2250 RPM,32.9 dB,White,120 mm,120 mm,0
Enermax AQUAFUSION ADV 240,,https://cdna.pcpartpicker.com/static/forever/images/product/ed4b6a59ead82e805a602be27ab6d3e6.256p.jpg,500 - 2000 RPM,15 - 32.6 dB,Black,240 mm,240 mm,5
Enermax AQUAFUSION ADV,,https://cdna.pcpartpicker.com/static/forever/images/product/71727d73a89310b3fd5af44327c931a9.256p.jpg,500 - 2000 RPM,17 - 32.6 dB,White,240 mm,240 mm,5
Thermalright Frozen Magic 120,,1500,1500 RPM,25.6 dB,Black,120 mm,120 mm,0
Alpenföhn Dolomit Advanced,65.27,https://cdna.pcpartpicker.com/static/forever/images/product/a7e6b0ce1e7d5eeb3739c05e26fb6374.256p.jpg,500 - 1600 RPM,23.5 dB,Black,,,0
Cooler Master MasterAir MA824 Stealth 30th Anniversary Edition,,,0,24.6,0 - 24.6 dB,Black,,,0
Cougar FORZA 135,89.99,500,1500,500 - 1500 RPM,38.5 dB,Black / Silver,,,0
ID-COOLING DK-07A RAINBOW,,https://cdna.pcpartpicker.com/static/forever/images/product/b7455948780410c731d3f6cbd78b4eca.256p.jpg,500 - 1800 RPM,14.2 - 25.6 dB,Black,,,0
Zalman CNPS9X Performa,,700,1800,700 - 1800 RPM,28 dB,Black,,,5
Vetroo Shadow,,800,2500,800 - 2500 RPM,29.6 dB,Black,,,0
Deepcool AK620 ZERO DARK ZORIA,,https://cdna.pcpartpicker.com/static/forever/images/product/a77105209e6efa953658494c4d0d0757.256p.jpg,500 - 1850 RPM,28 dB,Orange / Black,,,0
Enermax LIQMAX III ARGB,,https://cdna.pcpartpicker.com/static/forever/images/product/81ec64acdea380a000fe41f1376562e0.256p.jpg,500 - 1600 RPM,14 - 27 dB,Black,120 mm,120 mm,0
ID-COOLING IS-30i BLACK,,800,3600,800 - 3600 RPM,17 - 35.8 dB,Black,,,0
ID-COOLING SE-207-XT ARGB,,https://cdna.pcpartpicker.com/static/forever/images/product/995e8e420de9d11036a721db2f1fb2d3.256p.jpg,500 - 1500 RPM,30.5 dB,Black,,,0
ID-COOLING SE-214-XT-RX,,https://cdna.pcpartpicker.com/static/forever/images/product/7759da60affe8ff2634c76fe8e9985a3.256p.jpg,700 - 1800 RPM,35.2 dB,Red / Black,,,0
YEYIAN VATN ARGB 240,,https://cdna.pcpartpicker.com/static/forever/images/product/f9c57df94144d75ef3501aa36fd21d21.256p.jpg,800 - 2000 RPM,25 - 32 dB,Black,240 mm,240 mm,0
Xilence LQ360PRO.ARGB,80.43,https://cdna.pcpartpicker.com/static/forever/images/product/0f63453df279249e95a98ea9dbc1d267.256p.jpg,500 - 1800 RPM,18 - 32 dB,Black,360 mm,360 mm,0
LevelPlay Combat Liquid 360 SE,,,800 - 2000 RPM,6 - 35 dB,Black,360 mm,360 mm,0
Thermaltake CLP0587,74.98,1200,1800,1200 - 1800 RPM,39 dB,,,,0
Zalman CNPS17X,29.95,https://cdna.pcpartpicker.com/static/forever/images/product/9f88ffca0119528a6c50388144eeae8a.256p.jpg,800 - 1500 RPM,29 dB,Black / Silver,,,0
Akasa SOHO 360 Dusk,54.26,https://cdna.pcpartpicker.com/static/forever/images/product/1c8103cdebeebd6447fbab93a3acd636.256p.jpg,500 - 2000 RPM,14.5 - 31.8 dB,Black,360 mm,360 mm,0
Thermaltake Water 3.0 Performer C + LNC,,https://cdna.pcpartpicker.com/static/forever/images/product/0cdc937d0aae92a78828def45fe64d05.256p.jpg,1200 - 2000 RPM,27.36 dB,120,120 mm,120 mm,3
Enermax Aquafusion 240,94.97,https://cdna.pcpartpicker.com/static/forever/images/product/0251dfba5ec5a140bb0f6ad7c8464c5b.256p.jpg,500 - 2000 RPM,17 - 32.6 dB,Black,240 mm,240 mm,4.5
Inter-Tech ALSEYE MAX 120,,https://cdna.pcpartpicker.com/static/forever/images/product/1e5245db805a8e84f367c4c13e18108b.256p.jpg,600 - 1800 RPM,16.5 - 32.5 dB,Black,120 mm,120 mm,0
Prolimatech PRO-ARMGD,,https://cdna.pcpartpicker.com/static/forever/images/product/1684e2f9d3a11033819461bcdc83015b.med.256p.jpg,,,,,,0
Zalman FX100,,,0,0 dB,,,,0
Alphacool Eisbaer 240,147.49,https://cdna.pcpartpicker.com/static/forever/images/product/fa97268da61cdc91b1f99b93c39f821e.256p.jpg,550 - 1700 RPM,29 dB,Black,240 mm,240 mm,5
Thermaltake Water 3.0 Riing Red 280,,https://cdna.pcpartpicker.com/static/forever/images/product/d8845bba371debfc887dce04d7e36458.256p.jpg,300 - 1500 RPM,18.5 - 26.4 dB,Black / Red,280 mm,280 mm,0
Thermalright Frozen Guardian,,https://cdna.pcpartpicker.com/static/forever/images/product/90965d139827c8da027a724e209a59cc.256p.jpg,2150 RPM,27 dB,Black,360 mm,360 mm,0
Xilence LQ240PRO,81.96,500,1500,500 - 1500 RPM,22 - 24 dB,Black,240 mm,240 mm,4
Geometric Future Prawn,70.59,2000,2000 RPM,29.8 dB,Black / Silver,,,0
Cooler Master DK9-7E52A-0L-GP,59.99,3200,3200 RPM,25.17 dB,,,,3.5
Cooler Master RR-H101-22FK-RI,,2200,2200 RPM,22 dB,,,,5
Zalman CNPS10X QUIET,,700,1400,700 - 1400 RPM,26 dB,,,,0
Scythe Shuriken Rev. B 3,,650,2200,650 - 2200 RPM,10.5 - 31.67 dB,,,,4
Thermaltake CL-P0326,,4200,4200 RPM,44 dB,,,,0
Phanteks PH-TC14PE,,700,1200,700 - 1200 RPM,13.4 - 19 dB,,,,4.5
Scythe BIG Shuriken 2 Rev. B,,https://cdna.pcpartpicker.com/static/forever/images/product/5f63b0db861dc9247f32ea3a6a389155.256p.jpg,500 - 2000 RPM,9.32 - 33.67 dB,,,,4.5
Thermaltake Water 2.0 Extreme,,1200,2000,1200 - 2000 RPM,27.36 dB,240,240 mm,240 mm,4
ARCTIC Alpine 11 Plus,,https://cdna.pcpartpicker.com/static/forever/images/product/f049e805fbdf7c5bfd0decbe246e4da4.256p.jpg,600 - 2000 RPM,14 dB,,,,4
Zalman CNPS8900 Quiet,,1000,1500,1000 - 1500 RPM,19 - 25 dB,,,,4.5
Phanteks PH-TC12DX,,600,1800,600 - 1800 RPM,21.9 - 27.6 dB,,,,4.5
Prolimatech Megahalems (No Fans),,,,,,,,5
Phanteks PH-TC12DX_BK,,https://cdna.pcpartpicker.com/static/forever/images/product/bffbf73233571731082f998b66db01ad.256p.jpg,600 - 1800 RPM,21.9 - 27.6 dB,,,,4.5
Cooler Master Seidon 120XL,,600,2400,600 - 2400 RPM,19 - 40 dB,120,120 mm,120 mm,4.5
Thermalright Silver Arrow Extreme,,600,2500,600 - 2500 RPM,21 - 45 dB,,,,4
be quiet! Dark Rock 2,,1300,1300 RPM,8.7 - 21.2 dB,,,,5
Dynatron R12,,,0,0 dB,,,,0
Dynatron R14,48.95,https://cdna.pcpartpicker.com/static/forever/images/product/7cd97fa8620cb6651daeea7d954b1822.256p.jpg,1500 - 7000 RPM,16 - 47.5 dB,,,,0
Dynatron T450,,https://cdna.pcpartpicker.com/static/forever/images/product/396b4b1ab7cef6acc3adaca819901cb0.256p.jpg,800 - 2500 RPM,16 - 27.3 dB,,,,4
Enermax ELC-LM120S-HP,,2500,2500 RPM,30 dB,120,120 mm,120 mm,0
Thermalright Silver Arrow ITX,,300,1300,300 - 1300 RPM,17 - 24.9 dB,,,,0
ARCTIC Alpine 11 GT Rev 2,,https://cdna.pcpartpicker.com/static/forever/images/product/7b0b00f4a273bb5aa186234210ef27c4.256p.jpg,2000 RPM,22.5 dB,,,,4
ARCTIC Freezer i30,,400,1350,400 - 1350 RPM,22.5 dB,,,,0
RAIJINTEK PALLAS Black,,https://cdna.pcpartpicker.com/static/forever/images/product/fc897a81c87c40edea7d556a29fffbde.256p.jpg,650 - 1400 RPM,28 dB,,,,0
CRYORIG A40,,https://cdna.pcpartpicker.com/static/forever/images/product/0ca4b00f3e8675351739581b1d5188ac.256p.jpg,600 - 2200 RPM,13 - 37 dB,240,240 mm,240 mm,4.5
Cooler Master Seidon 120V VER.2,,https://cdna.pcpartpicker.com/static/forever/images/product/db9d6640a186888a1f6fbc295b175134.256p.jpg,800 - 2400 RPM,6.5 - 27 dB,120,120 mm,120 mm,3.5
Silverstone NT01-PRO,,,0,0 dB,,,,0
ID-COOLING IS-60,,https://cdna.pcpartpicker.com/static/forever/images/product/c506257b5ccfae83959bcac13a392916.256p.jpg,600 - 1600 RPM,13.8 - 30.2 dB,,,,4.5
ID-COOLING SE-214X,,1800,1800 RPM,16.2 - 29.2 dB,,,,0
Thermalright Macho Direct,97,300,1300,300 - 1300 RPM,15 - 21 dB,,,,0
Scythe SCKDT-1000,,800,3300,800 - 3300 RPM,8.2 - 32.5 dB,,,,0
Deepcool ICE BLADE PRO V2.0,,https://cdna.pcpartpicker.com/static/forever/images/product/c1253fda21f7e18ed7ffde5e4e315e7a.256p.jpg,900 - 1500 RPM,17.8 - 30 dB,,,,0
Deepcool Maelstrom 240T RF,,https://cdna.pcpartpicker.com/static/forever/images/product/24604f1dce46d5a343b17ffc18732172.256p.jpg,600 - 1800 RPM,17.8 - 34.1 dB,240,240 mm,240 mm,0
Cooler Master MasterAir Pro 4,,https://cdna.pcpartpicker.com/static/forever/images/product/4d64dee02336c896d055933e9d2939ac.256p.jpg,650 - 2000 RPM,6 - 30 dB,,,,5
Alpenföhn Brocken 2,,1100,1100 RPM,19 dB,,,,0
Alpenföhn Brocken 2 PCGH,,https://cdna.pcpartpicker.com/static/forever/images/product/4470eae82ff0151f08788f2381d1104a.256p.jpg,700 RPM,18.5 dB,,,,0
Deepcool CAPTAIN 240EX RGB,,https://cdna.pcpartpicker.com/static/forever/images/product/41684aa225af71fcaf23f466d9c72d92.256p.jpg,500 - 1800 RPM,17.6 - 31.3 dB,240,240 mm,240 mm,4
ARCTIC Freezer 33,,,,,,,,4.5
OcUK 240mm Extreme,,https://cdna.pcpartpicker.com/static/forever/images/product/31abc1fd53b0b7a2f7b8c1f9b3682a7c.256p.jpg,,,240,240 mm,240 mm,0
Enermax LiqTech TR4 360,,https://cdna.pcpartpicker.com/static/forever/images/product/ecdcf09ce39aea1ed0c41e9b2dda41c4.256p.jpg,500 - 2300 RPM,14 - 28 dB,360,360 mm,360 mm,1
ARCTIC Freezer 33 TR (Black/Red),,https://cdna.pcpartpicker.com/static/forever/images/product/c8ab15ef7b00ffb94399e80e4885e424.256p.jpg,200 - 1800 RPM,24.4 dB,,,,4
ARCTIC Freezer 33 eSports Edition (Black/Red),,https://cdna.pcpartpicker.com/static/forever/images/product/c7c5f20e2e00ed6678df3d9bdec5ed06.256p.jpg,200 - 1800 RPM,24.4 dB,,,,5
ARCTIC Freezer 33 PENTA,,https://cdna.pcpartpicker.com/static/forever/images/product/10c02c35c3f91ebce0d46a163e464ca8.256p.jpg,120 - 1350 RPM,22.5 dB,,,,0
ARCTIC Freezer 12,,https://cdna.pcpartpicker.com/static/forever/images/product/2698a7f7ba647d76c7471420e7b87032.256p.jpg,22.5,22.5 dB,,,,4
ARCTIC Alpine 11 - Passive,,,0,0 dB,,,,5
ID-COOLING FROSTFLOW+ 120,,https://cdna.pcpartpicker.com/static/forever/images/product/6a0247a47943f1dd3cdfd535ced59ba1.256p.jpg,700 - 1800 RPM,18 - 35.2 dB,Black / White,120 mm,120 mm,4
ID-COOLING FROSTFLOW+ 120 SNOW,,https://cdna.pcpartpicker.com/static/forever/images/product/0cab8ae9f02210f44117f14bd83a5048.256p.jpg,700 - 1500 RPM,18 - 26.4 dB,White,120 mm,120 mm,0
ID-COOLING FROSTFLOW+ 280,,https://cdna.pcpartpicker.com/static/forever/images/product/e390c95d6be6023b351f82df6f5b3f87.256p.jpg,800 - 1600 RPM,16.8 - 32.6 dB,Black / White,280 mm,280 mm,0
Deepcool Castle 280 RGB,,https://cdna.pcpartpicker.com/static/forever/images/product/d09843356d720e2d9db8ff84b77fc2e3.256p.jpg,500 - 1800 RPM,19.8 - 35.4 dB,Black,280 mm,280 mm,3.5
Antec Mercury 240 RGB,,https://cdna.pcpartpicker.com/static/forever/images/product/1778669d757b711856da4ae832685d21.256p.jpg,900 - 1800 RPM,36 dB,Black / White,240 mm,240 mm,3
Antec Mercury 360,129.99,900,1800,900 - 1800 RPM,30 dB,Black / White,360 mm,360 mm,4
Cooler Master Hyper 212 RGB Phantom Gaming Edition,,https://cdna.pcpartpicker.com/static/forever/images/product/ea34116517198accfe1794c8c8bd2d0e.256p.jpg,650 - 2000 RPM,8 - 30 dB,Black,,,0
SilentiumPC Navis RGB 120,,800,2300,800 - 2300 RPM,Black,Black,120 mm,120 mm,0
SilentiumPC Navis RGB 240,,800,2300,800 - 2300 RPM,Black,Black,240 mm,240 mm,0
RAIJINTEK PALLAS 120 RGB,,https://cdna.pcpartpicker.com/static/forever/images/product/f57635b203abbe49db48a5a574cfb9d5.256p.jpg,200 - 1400 RPM,28.43 dB,Black,,,0
GameMax Gamma 500 RGB,,https://cdna.pcpartpicker.com/static/forever/images/product/948e2e326059d3c2b1a59651cdf4ba88.256p.jpg,1000 - 1800 RPM,26.3 dB,Black / Silver,,,4
Cooler Master MA410P TUF Gaming Edition,,https://cdna.pcpartpicker.com/static/forever/images/product/ce6307a0639223d80f7235087ca9d259.256p.jpg,650 - 2000 RPM,Yellow / Black,Yellow / Black,,,4
ARCTIC Freezer 50 TR,,https://cdna.pcpartpicker.com/static/forever/images/product/f5b391203751fada6ab81b3e7c4774b0.256p.jpg,200 - 1800 RPM,23.5 dB,Black,,,0
PC Cooler GI-D66A,,https://cdna.pcpartpicker.com/static/forever/images/product/12988c162b590faa2e22820cc961d3a9.256p.jpg,1000 - 2000 RPM,8 - 29.1 dB,Black,,,0
Dynatron K987,93.99,https://cdna.pcpartpicker.com/static/forever/images/product/efe88e7ce3fd8a793d8a05f522b7c25b.256p.jpg,1200 - 2800 RPM,16.08 - 34.48 dB,Black / Silver,,,0
SilentiumPC Fera 3 EVO ARGB,,https://cdna.pcpartpicker.com/static/forever/images/product/edaad12b4706f868ddec9c4a30005959.256p.jpg,250 - 1600 RPM,White / Silver,White / Silver,,,5
Phanteks Glacier One 360MP,,https://cdna.pcpartpicker.com/static/forever/images/product/390f0ac63d69d41d847c20dbf8cd74e7.256p.jpg,500 - 2200 RPM,18 - 34.2 dB,Black / White,360 mm,360 mm,0
Alpenföhn Glacier Water 360,,https://cdna.pcpartpicker.com/static/forever/images/product/6677a6677529e06eb00d6fadc60940fe.256p.jpg,500 - 1600 RPM,23.5 dB,Black,360 mm,360 mm,0
Alpenföhn Glacier Water 280,205.47,https://cdna.pcpartpicker.com/static/forever/images/product/36258f27ef65d6a6e4543c001aadaf31.256p.jpg,500 - 2000 RPM,36.4 dB,Black,280 mm,280 mm,0
Silverstone IceGem 240P,129.99,https://cdna.pcpartpicker.com/static/forever/images/product/189e44363263af9e49eac293104198aa.256p.jpg,600 - 2200 RPM,7.3 - 36.6 dB,Black,240 mm,240 mm,0
Thermalright Frost Spirit 140 RGB,,1500,1500 RPM,25.6 dB,Gray,,,0
EK AIO Elite 280 D-RGB,,https://cdna.pcpartpicker.com/static/forever/images/product/09074b9f16cd1240af2e28bd743d2578.256p.jpg,550 - 2200 RPM,36.4 dB,Black,280 mm,280 mm,2
Thermalright Assassin King 120 Plus,,1500,1500 RPM,25.6 dB,Black / Silver,,,0
Fractal Design Lumen S24,,https://cdna.pcpartpicker.com/static/forever/images/product/5cb9d46c306819519ace39f89e0fff0e.256p.jpg,500 - 2000 RPM,10 - 33.2 dB,Black,240 mm,240 mm,5
Iceberg Thermal IceSLEET G4 OC,24.99,https://cdna.pcpartpicker.com/static/forever/images/product/a191127d7c36bca25ae86e1ab31867f4.256p.jpg,600 - 1400 RPM,22.5 dB,Black / Teal,,,0
ID-COOLING DK-17 PWM,,https://cdna.pcpartpicker.com/static/forever/images/product/8b509683503a05b806f73e32cdc278a4.256p.jpg,600 - 2200 RPM,14.2 - 25.8 dB,,,,0
ID-COOLING SE-224-XT BLACK V2,,https://cdna.pcpartpicker.com/static/forever/images/product/4dd6c29de9d5ec5a58ddd265f6e17cfc.256p.jpg,700 - 1800 RPM,15.2 - 35.2 dB,,,,0
ID-COOLING SE-802-SD,,https://cdna.pcpartpicker.com/static/forever/images/product/7042adf46aa2f49f4540d78c075251e3.256p.jpg,2200 RPM,23.3 dB,,,,0
ID-COOLING ZOOMFLOW 360,,https://cdna.pcpartpicker.com/static/forever/images/product/c0f6db975518f4c895d91cbdf89999e7.256p.jpg,900 - 2000 RPM,16.3 - 33.5 dB,Black,360 mm,360 mm,0
ID-COOLING FROSTFLOW 240 XT,,https://cdna.pcpartpicker.com/static/forever/images/product/b55ee17245a425c5c46089e56ffb0aa1.256p.jpg,700 - 1800 RPM,15.2 - 35.2 dB,Black,240 mm,240 mm,0
Cooler Master Hyper 212X EU Version,,https://cdna.pcpartpicker.com/static/forever/images/product/24a2c679412f9e2ea04c34c0a96cd659.256p.jpg,600 - 1700 RPM,13 - 28.6 dB,,,,0
Thermalright Frozen Magic 240,,1500,1500 RPM,25.6 dB,Black,240 mm,240 mm,0
EK EK-Nucleus AIO CR240 Vision D-RGB,,https://cdna.pcpartpicker.com/static/forever/images/product/62174f0eb62af6e22e28bfcae7b3eeb6.256p.jpg,500 - 2200 RPM,33.5 dB,Black,240 mm,240 mm,0
Inter-Tech ALSEYE X360,,1600,1600 RPM,35.6 dB,Gray / Black,360 mm,360 mm,0
Deepcool LE300 Marrs,,https://cdna.pcpartpicker.com/static/forever/images/product/0786a9e61924dd3f252ea9aab8e8cb4f.256p.jpg,500 - 2250 RPM,32.9 dB,Black,120 mm,120 mm,0
Cougar FORZA 85,69.98,https://cdna.pcpartpicker.com/static/forever/images/product/df62bb40cebf45167cd86006972cce80.256p.jpg,600 - 2000 RPM,34.5 dB,Black,,,0
Enermax LIQMAX III RGB,,https://cdna.pcpartpicker.com/static/forever/images/product/fa36f6b31effcfb29ddb5664f3df40d0.256p.jpg,500 - 1600 RPM,14 - 27 dB,Black,240 mm,240 mm,0
ID-COOLING DASHFLOW XT,,https://cdna.pcpartpicker.com/static/forever/images/product/492b39b8dfafb503a2d2a493a85b9920.256p.jpg,900 - 2000 RPM,32.5 dB,Black,360 mm,360 mm,0
ID-COOLING FX240,,700,1800,700 - 1800 RPM,35.2 dB,White,240 mm,240 mm,0
ID-COOLING FX240 ARGB,,500,1800,500 - 1800 RPM,35.2 dB,White,240 mm,240 mm,0
ID-COOLING SE-224-XTS MINI,,https://cdna.pcpartpicker.com/static/forever/images/product/e00a4fd45521f923fe11efd5b3db7830.256p.jpg,700 - 1600 RPM,31.5 dB,Black,,,0
ID-COOLING SE-902X-B,,https://cdna.pcpartpicker.com/static/forever/images/product/3b9b3e90d70c3ea74548de370f72ac0f.256p.jpg,600 - 2200 RPM,23.8 dB,Black / Blue,,,0
upHere UP1KC4C,,,600 - 1650 RPM,25 dB,Black,,,0
SilentiumPC Spartan 3 PRO HE1024,,,800 - 2000 RPM,,Black / Silver,,,0
Thermaltake Frio Silent 14,35.74,700,1200,700 - 1200 RPM,12 - 19.3 dB,,,,4
Dynatron K17,64.79,https://cdna.pcpartpicker.com/static/forever/images/product/d681b25072bf52d53a6669fd9de8f36e.256p.jpg,1000 - 2500 RPM,17 - 31.92 dB,,,,4
Thermaltake Riing Silent 12 Pro Blue,,https://cdna.pcpartpicker.com/static/forever/images/product/6dfeff1a560e79f2a46433d45d6839c1.256p.jpg,300 - 1400 RPM,12 - 19 dB,,,,0
Silverstone AR11,73.41,https://cdna.pcpartpicker.com/static/forever/images/product/cd943951883cce4e1d8a1b96dadd762b.256p.jpg,1200 - 3000 RPM,19.3 - 44.5 dB,Black / Silver,,,0
Silverstone Krypton KR02,33.65,https://cdna.pcpartpicker.com/static/forever/images/product/e6d21ee176c0c4ad4beae8a09d62fd4f.256p.jpg,800 - 2800 RPM,13.6 - 34.8 dB,Black / Silver,,,4
In Win BR24,108.16,400,1800,400 - 1800 RPM,35.5 dB,Black / White,240 mm,240 mm,0
Mars Gaming MCPU-XT,66.36,https://cdna.pcpartpicker.com/static/forever/images/product/2ab2c632472dca35c1a38b864326fa39.256p.jpg,800 - 1600 RPM,9 - 26 dB,Black,,,0
Gelid Solutions Glacier,46.26,500,1600,500 - 1600 RPM,35 dB,Black,,,0
Chillblast Cryo Storm + Cryo Display,174.94,https://cdna.pcpartpicker.com/static/forever/images/product/be1a3d552707cd522d9a64d342bfce11.256p.jpg,500 - 3000 RPM,15 - 33.1 dB,Black,240 mm,240 mm,0
Cooler Master DP6-9EDSA-0L-GP,,https://cdna.pcpartpicker.com/static/forever/images/product/0f9dbf02c264b1b27112414a1a060ecd.256p.jpg,2600 RPM,24.5 dB,,,,4
Thermaltake A4021,46.78,2200,2200 RPM,18 dB,,,,0
Zalman CNPS9900ALED,,800,2000,800 - 2000 RPM,18 - 38 dB,,,,4.5
Noctua NH-C12P SE14,,https://cdna.pcpartpicker.com/static/forever/images/product/b10205586905fcce6d11f6fbe95ec246.256p.jpg,750 - 1200 RPM,10.1 - 19.6 dB,,,,4.5
Xigmatek Thors Hammer,,,0,0 dB,,,,4
Xigmatek Aegir SD128264,,1000,2200,1000 - 2200 RPM,20 dB,,,,4.5
Zalman CNPS8000A,,1400,2600,1400 - 2600 RPM,20 - 30 dB,,,,0
Xigmatek HDT-D1284,,https://cdna.pcpartpicker.com/static/forever/images/product/fc58322d13735b07e01db698d3850595.256p.jpg,800 - 1500 RPM,27.2 dB,,,,0
Thermaltake Frio OCK,,1200,2100,1200 - 2100 RPM,21 - 48 dB,,,,4
Thermaltake CL-P0187,,4800,4800 RPM,36 dB,,,,0
Prolimatech Megahalems Rev.B,,https://cdna.pcpartpicker.com/static/forever/images/product/0279ba9817877294bf937f587f0ce6f8.256p.jpg,,,,,,5
Corsair H40,,2000,2000 RPM,,120,120 mm,120 mm,0
Cooler Master GeminII S524,,800,1800,800 - 1800 RPM,15.1 - 31.6 dB,,,,4
Nexus LOW-7000 R2,,500,2000,500 - 2000 RPM,15 - 24 dB,,,,3
Cooler Master TPC 812,,600,2400,600 - 2400 RPM,19 - 40 dB,,,,4
Thermaltake Water 2.0 Pro,,1200,2000,1200 - 2000 RPM,10 - 27.36 dB,120,120 mm,120 mm,4.5
Xigmatek Dark Knight II SD1283,,1000,2200,1000 - 2200 RPM,30.1 dB,,,,4.5
Zalman CNPS10X OPTIMA,,1000,1700,1000 - 1700 RPM,17 - 28 dB,,,,4
Dynatron R16,112.38,1000,6000,1000 - 6000 RPM,21.5 - 55.8 dB,,,,0
Dynatron R4,,,,,,,,0
NZXT Respire T20,,1300,1800,1300 - 1800 RPM,26.5 - 34 dB,,,,4
ARCTIC Alpine 7 Pro,,500,2000,500 - 2000 RPM,,,,,0
Corsair H110,,1500,1500 RPM,35 dB,280,280 mm,280 mm,4.5
Cooler Master RR-T612-20PK-R1,,2000,2000 RPM,9 - 36 dB,,,,4.5
Zalman CNPS2X,,1500,2600,1500 - 2600 RPM,17.39 - 22.7 dB,,,,3.5
Scythe Ashura,34.99,500,1300,500 - 1300 RPM,13 - 30.7 dB,,,,4
Antec KUHLER H2O 650,,600,2400,600 - 2400 RPM,120,120,120 mm,120 mm,4
Silverstone NT06-PRO,,1000,2200,1000 - 2200 RPM,,,,,5
Cooler Master Nepton 140XL,,https://cdna.pcpartpicker.com/static/forever/images/product/e15495cf5e56cdf19edc31faf89caa53.med.256p.jpg,2000 RPM,21 - 39 dB,140,140 mm,140 mm,4
ARCTIC Freezer i11,,500,2000,500 - 2000 RPM,22.5 dB,,,,5
Cooler Master Hyper 412 Slim,,500,1600,500 - 1600 RPM,8 - 30 dB,,,,4
Thermaltake CLP0556-B,49.05,https://cdna.pcpartpicker.com/static/forever/images/product/49d109d8170b4ef7f0e7ff7d448e41dd.256p.jpg,1900 - 2300 RPM,22 dB,,,,4
CRYORIG R1 Universal,,https://cdna.pcpartpicker.com/static/forever/images/product/01fd2fbcda508889cd3c912e015d7e38.256p.jpg,700 - 1300 RPM,20 - 25 dB,,,,4.5
Thermalright MACHO 120 REV.A,,600,1300,600 - 1300 RPM,25.4 dB,,,,0
Thermalright TRUE Spirit 140 POWER,,900,1300,900 - 1300 RPM,17 - 21 dB,,,,4
Zalman FX70,,,0,0 dB,,,,0
Swiftech H220-X,,https://cdna.pcpartpicker.com/static/forever/images/product/1428b6e039fd0cc35137b03dc945883a.256p.jpg,800 - 1800 RPM,16 - 33 dB,240,240 mm,240 mm,4.5
Silverstone AR05,50.69,2500,2500 RPM,20 - 28.3 dB,,,,5
Deepcool GAMMAXX S40,,900,1600,900 - 1600 RPM,17.8 - 26.1 dB,,,,4
Prolimatech Basic 45,,https://cdna.pcpartpicker.com/static/forever/images/product/88c6f0e72333abd02db05ff6a3f03452.256p.jpg,1000 - 2000 RPM,,,,,0
Dynatron T459,28.99,,,,,,,0
Cooler Master Blizzard T2,,2200,2200 RPM,30 dB,,,,0
Akasa Nero LX,,https://cdna.pcpartpicker.com/static/forever/images/product/880bbb6f9d342e65ead8654ee7c98a9f.256p.jpg,600 - 1900 RPM,11.5 - 31.5 dB,,,,0
Thermaltake Frio Silent 12,,1400,1400 RPM,12 - 19.2 dB,,,,4
ID-COOLING IS-VC45,,600,2500,600 - 2500 RPM,14 - 33 dB,,,,0
Xigmatek Dark Knight SD1483 Night Hawk,,800,1200,800 - 1200 RPM,18 dB,,,,4
CRYORIG A80,,https://cdna.pcpartpicker.com/static/forever/images/product/e018417f40669e21dbc53ab157d17ec5.256p.jpg,600 - 1850 RPM,13 - 38 dB,280,280 mm,280 mm,4
Enermax ETS-T40F-BK,,800,1800,800 - 1800 RPM,16 - 26 dB,,,,3.5
ARCTIC Freezer i32,67,https://cdna.pcpartpicker.com/static/forever/images/product/6bd94289e8571766e89307b2dd721cc1.256p.jpg,,,,,,5
ARCTIC Freezer A32,,https://cdna.pcpartpicker.com/static/forever/images/product/04467490b25be1e97e16482040da75b0.256p.jpg,,,,,,0
ID-COOLING SE-214,,https://cdna.pcpartpicker.com/static/forever/images/product/d61942b8696388b747c55b186af8b311.256p.jpg,1800 RPM,16.2 - 29.2 dB,,,,0
Deepcool CAPTAIN360EX,,https://cdna.pcpartpicker.com/static/forever/images/product/fda7f0b6f3d2b4845c2fc6da02e3436f.256p.jpg,500 - 1800 RPM,17.6 - 31.3 dB,360,360 mm,360 mm,2.5
Reeven Brontes RC-1001b,,https://cdna.pcpartpicker.com/static/forever/images/product/4a6d7fe342d6dc50923821bb90750abc.256p.jpg,650 - 2200 RPM,10.5 - 31.67 dB,,,,0
ARCTIC Alpine 20 PLUS CO,,600,2200,600 - 2200 RPM,,,,,0
Phononic HEX 2.0,,https://cdna.pcpartpicker.com/static/forever/images/product/b54f2a48f4272b747e648f581dbe5621.256p.jpg,1000 - 2650 RPM,17 - 33 dB,,,,5
Alpenföhn Matterhorn Pure,,https://cdna.pcpartpicker.com/static/forever/images/product/7b267cac495cb6bb324c2ae9f5038635.256p.jpg,500 - 1500 RPM,8 - 24.8 dB,,,,5
ID-COOLING Auraflow 240 RGB,,https://cdna.pcpartpicker.com/static/forever/images/product/fae85926999944c19daa3405c6b04915.256p.jpg,700 - 1800 RPM,18 - 35.2 dB,240,240 mm,240 mm,4
RAIJINTEK JUNO-X RGB,,https://cdna.pcpartpicker.com/static/forever/images/product/08d1fb3859ff42caebc78a5b94aeb063.256p.jpg,1000 - 2000 RPM,28 dB,,,,0
RAIJINTEK LETO R,,https://cdna.pcpartpicker.com/static/forever/images/product/6d28c4df7ec47151c2512d4c3f96ec76.256p.jpg,800 - 1800 RPM,29 dB,Black / Red,,,0
Cooler Master MasterAir MA410M TUF Gaming Edition,,600,1800,600 - 1800 RPM,6 - 31 dB,Black / Yellow,,,4
Deepcool Fryzen,,https://cdna.pcpartpicker.com/static/forever/images/product/5f0ff99edbb1210a649751c53d8ab6b7.256p.jpg,500 - 1800 RPM,17.8 - 41.5 dB,Silver / Black,,,0
Antec Mercury 360 RGB,,https://cdna.pcpartpicker.com/static/forever/images/product/f522bfda306cffa7852042f5409d6db6.256p.jpg,900 - 1800 RPM,36 dB,Black / White,360 mm,360 mm,5
Antec Mercury 240,,https://cdna.pcpartpicker.com/static/forever/images/product/7f2fbc0c0dffd7c4255a018923028489.256p.jpg,900 - 1800 RPM,30 dB,Black / White,240 mm,240 mm,0
Rosewill PB240,,https://cdna.pcpartpicker.com/static/forever/images/product/93a77c68452f6260f0195dcd8eb7aece.256p.jpg,600 - 1800 RPM,34.1 dB,Black,240 mm,240 mm,5
Thermalright SilverArrow TR4,,https://cdna.pcpartpicker.com/static/forever/images/product/3560bdb345b2fdf76fc0e2905344b77f.256p.jpg,600 - 2500 RPM,21 - 45 dB,Silver / Red,,,0
GAMDIAS CHIONE E1A-120R,,1200,1500,1200 - 1500 RPM,Black,Black,120 mm,120 mm,3
GAMDIAS CHIONE M1A 240R,85.99,1200,1500,1200 - 1500 RPM,Black,Black,240 mm,240 mm,4
Scythe Mugen 5 TUF Gaming Alliance,,300,1200,300 - 1200 RPM,4 - 24.9 dB,Brown / Black,,,5
ID-COOLING IS-30,,800,3600,800 - 3600 RPM,17 - 35.8 dB,,,,4
CRYORIG C7 RGB,,600,2500,600 - 2500 RPM,30 dB,White,,,2
Thermalright AXP-100RH,,900,2500,900 - 2500 RPM,Black / Red,Black / Red,,,0
RAIJINTEK JUNO PRO RBW,,https://cdna.pcpartpicker.com/static/forever/images/product/2014c3fc2905a374e7fd44684b35aef8.256p.jpg,400 - 1800 RPM,28 dB,Black,,,4
Enermax Liqtech II 240,,https://cdna.pcpartpicker.com/static/forever/images/product/2532ff45594f0c5afc5909e0b5255e53.256p.jpg,500 - 2300 RPM,14 - 28 dB,Black,240 mm,240 mm,4
Enermax Aquafusion 120,,https://cdna.pcpartpicker.com/static/forever/images/product/41fe6b2ae2ae1da5ff3c8890031bb9e6.256p.jpg,500 - 2000 RPM,17 - 32.6 dB,Black,120 mm,120 mm,4
Silverstone Tundra TD02-SLIM-V2,,https://cdna.pcpartpicker.com/static/forever/images/product/89c82e2793b26b599def6f679ef0f971.256p.jpg,800 - 2200 RPM,16.5 - 27.4 dB,Black / White,240 mm,240 mm,0
Silverstone AR08,45.63,https://cdna.pcpartpicker.com/static/forever/images/product/587a7eaf4b4c87ea83501ac42e992b1a.256p.jpg,1500 - 2800 RPM,14.1 - 27.7 dB,Blue / Silver,,,0
Silverstone PF360-ARGB,,https://cdna.pcpartpicker.com/static/forever/images/product/617ce86eb8be7dde35f902b230f566bb.256p.jpg,600 - 2200 RPM,7.4 - 35.6 dB,Black,360 mm,360 mm,4.5
Deepcool Neptwin RGB,,https://cdna.pcpartpicker.com/static/forever/images/product/6a9cb081468e2a25429ea9b210024313.256p.jpg,500 - 1500 RPM,27 dB,Black / Silver,,,0
SilentiumPC Grandis 2 XE1436,,https://cdna.pcpartpicker.com/static/forever/images/product/543c6d8bf5ce1e157969eb160434c154.256p.jpg,500 - 1600 RPM,21 dB,Black / Silver,,,0
upHere ACC92RD,,600,1700,600 - 1700 RPM,16.1 - 27.7 dB,Black,,,0
Scythe Mugen 5,,https://cdna.pcpartpicker.com/static/forever/images/product/6baac6ca70069c304f7d776a163fc4f6.256p.jpg,300 - 1500 RPM,4 - 29.75 dB,,,,5
upHere C92,,800,1800,800 - 1800 RPM,15.1 - 31.6 dB,Black / Red,,,4.5
Antec Neptune 240 ARGB,,https://cdna.pcpartpicker.com/static/forever/images/product/b78050eef67476bd87bcd66bccb3c01b.256p.jpg,900 - 1600 RPM,20 - 36 dB,Black,240 mm,240 mm,5
ARCTIC Freezer A13 X,,https://cdna.pcpartpicker.com/static/forever/images/product/49f72b50ac4182e8db6674a76ea98cf0.256p.jpg,300 - 2000 RPM,Black / White,Black / White,,,5
ID-COOLING IS-60 EVO ARGB,,500,2000,500 - 2000 RPM,13.8 - 31.2 dB,Black / Silver,,,5
Akasa Vegas Chroma LG,20.47,https://cdna.pcpartpicker.com/static/forever/images/product/16f4f5c6fe6cea4e1148ed9a28f58da0.256p.jpg,500 - 1800 RPM,32.5 dB,Black,,,0
Enermax AQUAFUSION,,https://cdna.pcpartpicker.com/static/forever/images/product/b91fe51fec234c8fc182a42a5a7ce063.256p.jpg,500 - 2000 RPM,17 - 32.6 dB,White,120 mm,120 mm,5
ID-COOLING SE-224-XT ARGB V2,,900,2000,900 - 2000 RPM,16.2 - 31.5 dB,,,,0
ARESGAME RIVER 5,,600,1800,600 - 1800 RPM,26.2 dB,Black,,,0
aigo Shadow Max,,800,2500,800 - 2500 RPM,29.6 dB,Black,,,5
Iceberg Thermal IceSLEET X9 Dual TR,42.99,https://cdna.pcpartpicker.com/static/forever/images/product/70d574df78e0791836d1234830f5aeb2.256p.jpg,500 - 1850 RPM,0 - 38 dB,Teal / Silver,,,0
Iceberg Thermal IceSLEET X6,31.99,https://cdna.pcpartpicker.com/static/forever/images/product/f4cb7575ec24064ba8106eeb42baae31.256p.jpg,500 - 1850 RPM,0 - 36 dB,Teal / Silver,,,0
Iceberg Thermal IceSLEET G3,17.99,https://cdna.pcpartpicker.com/static/forever/images/product/8feb86bd17f8ef727e63c377486d6c90.256p.jpg,600 - 1200 RPM,20.5 dB,Black / Gray,,,0
GAMDIAS CHIONE P2,141.94,https://cdna.pcpartpicker.com/static/forever/images/product/a00dcf973e9ce7900ad661f1f8844cb3.256p.jpg,800 - 1800 RPM,Black,Black,360 mm,360 mm,0
MSI MAG CORELIQUID P280,,https://cdna.pcpartpicker.com/static/forever/images/product/1a82dcd243a65c4f941b64bf66e2217d.256p.jpg,500 - 1800 RPM,14.8 - 33.28 dB,Black,280 mm,280 mm,0
Scythe Mugen 5 S,,350,1800,350 - 1800 RPM,4 - 22.9 dB,Black / Silver,,,0
Thermalright AXP-90i,,https://cdna.pcpartpicker.com/static/forever/images/product/9e8c38355355bf91248b36f1694d55e0.256p.jpg,2700 RPM,22.4 dB,Gray,,,0
ID-COOLING IS-50X V2,,500,2000,500 - 2000 RPM,13.8 - 31.2 dB,Black / Gray,,,5
Thermaltake Water 3.0 Riing Red 140,,https://cdna.pcpartpicker.com/static/forever/images/product/8e540981ec47055b3740452c759fd53b.256p.jpg,400 - 1500 RPM,18.5 - 26.4 dB,Black / Red,140 mm,140 mm,0
Deepcool LS320,,https://cdna.pcpartpicker.com/static/forever/images/product/aee8f2517d5b2fe450ef7e11f217f1e9.256p.jpg,500 - 2250 RPM,32.9 dB,Black,120 mm,120 mm,3
ID-COOLING DK-15,,https://cdna.pcpartpicker.com/static/forever/images/product/5bd73cf821fda1cdad4305118ba34381.256p.jpg,2200 RPM,28.5 dB,,,,0
ID-COOLING DK-09i,,https://cdna.pcpartpicker.com/static/forever/images/product/5ffa1c57c7eed86ee50423be610452aa.256p.jpg,2200 RPM,26.8 dB,,,,0
ID-COOLING DK-03i PWM BLUE,,https://cdna.pcpartpicker.com/static/forever/images/product/be13d527f7e823d6ca3c0cd2691922c4.256p.jpg,500 - 1800 RPM,16 - 20.2 dB,,,,5
ID-COOLING DK-01S,,https://cdna.pcpartpicker.com/static/forever/images/product/f360c95bc5ab9abc10e264bb86a56f41.256p.jpg,2200 RPM,23.8 dB,,,,0
ID-COOLING IS-40X V2,,https://cdna.pcpartpicker.com/static/forever/images/product/c1dee45eea208aaf333365c5b7f3f9e1.256p.jpg,800 - 2800 RPM,14 - 35.2 dB,,,,0
ID-COOLING SE-234-ARGB V2,,https://cdna.pcpartpicker.com/static/forever/images/product/395ad52c0dd72000cbc697f5658d5659.256p.jpg,500 - 1500 RPM,13.8 - 30.5 dB,,,,0
ID-COOLING ICEFLOW 240 ARGB SNOW,,https://cdna.pcpartpicker.com/static/forever/images/product/74f8aa2b67a53af8cf96173f4cb0de2a.256p.jpg,900 - 2000 RPM,16 - 31.5 dB,White,240 mm,240 mm,0
In Win Nebula NR24,,400,1800,400 - 1800 RPM,25 dB,Black / White,240 mm,240 mm,0
Cooler Master GeminII M5 LED,,500,1600,500 - 1600 RPM,31 dB,,,,0
Cooler Master Hyper 212 LED White Edition,,600,1600,600 - 1600 RPM,9 - 31 dB,,,,0
Enermax AQUAFUSION ADV 120,,https://cdna.pcpartpicker.com/static/forever/images/product/8e1e64733471319d9ff9ece1052bd3dc.256p.jpg,500 - 2000 RPM,15 - 32.6 dB,Black,120 mm,120 mm,0
SilentiumPC Fortis 5 ARGB,,300,1400,300 - 1400 RPM,Black / Silver,Black / Silver,,,0
Alpenföhn Dolomit,,https://cdna.pcpartpicker.com/static/forever/images/product/69ad9babdb9e8397a7793c4d612e7745.256p.jpg,500 - 2200 RPM,23.8 dB,Black,,,0
Jonsbo HX4170D,,https://cdna.pcpartpicker.com/static/forever/images/product/cdd4f7569a9c9407aad9a68ba455749b.256p.jpg,600 - 3300 RPM,28.4 dB,Black,,,0
Jonsbo HX6210,,800,2300,800 - 2300 RPM,20 - 31.6 dB,Black,,,0
Jonsbo HX6240,,https://cdna.pcpartpicker.com/static/forever/images/product/f579d97653f6b8101584fd33ad039870.256p.jpg,700 - 1800 RPM,28 - 37.6 dB,Black,,,0
Jonsbo CR-1100,,600,1500,600 - 1500 RPM,18 - 31 dB,Gray / Black,,,0
Scythe Mugen 5 Black Edition Rev.C,,300,1500,300 - 1500 RPM,4 - 28.6 dB,Black,,,4
Deepcool UL551 RGB,,500,1800,500 - 1800 RPM,26.8 dB,Black,,,0
Inter-Tech ALSEYE H120,,800,2000,800 - 2000 RPM,13.5 - 35.2 dB,Black,120 mm,120 mm,0
Inter-Tech ALSEYE H240,,800,2000,800 - 2000 RPM,13.5 - 35.2 dB,Black,240 mm,240 mm,0
Inter-Tech ALSEYE H360,,800,2000,800 - 2000 RPM,13.5 - 35.2 dB,Black,360 mm,360 mm,0
Inter-Tech ALSEYE X120,,1600,1600 RPM,35.6 dB,Gray / Black,120 mm,120 mm,0
Cooler Master MasterLiquid PL360 FLUX 30TH Anniversary Edition,,,30,30 dB,Black,360 mm,360 mm,0
GAMDIAS CHIONE P3-360U,,800,2000,800 - 2000 RPM,10 - 31 dB,Black,360 mm,360 mm,0
GameMax Iceberg 120 Rainbow,,https://cdna.pcpartpicker.com/static/forever/images/product/f2d5fc5c92bd93bede20cb599bf6d867.256p.jpg,600 - 1800 RPM,25 - 32 dB,Black,120 mm,120 mm,0
ID-COOLING DK-07i RAINBOW,,500,1800,500 - 1800 RPM,14.2 - 25.6 dB,Black,,,0
Enermax LIQMAXFLO SR 360,130.58,https://cdna.pcpartpicker.com/static/forever/images/product/c1fcb2e1492d15d017f8241394e4bd2b.256p.jpg,500 - 1800 RPM,23.46 dB,Black,360 mm,360 mm,5
Valkyrie VIND SL125,,800,2150,800 - 2150 RPM,29 dB,White / Blue,,,0
Iceberg Thermal IceFLOE OASIS 240,,200,2200,200 - 2200 RPM,28.9 dB,Black,240 mm,240 mm,0
ID-COOLING IS-28i BLACK,,800,3600,800 - 3600 RPM,35.8 dB,Black,,,0
ID-COOLING FX120 ARGB,,https://cdna.pcpartpicker.com/static/forever/images/product/80917f71a3574e45d35665113a0ec73f.256p.jpg,500 - 1800 RPM,35.2 dB,Black,120 mm,120 mm,0
ID-COOLING IS-50 MAX RGB V3,,900,2000,900 - 2000 RPM,31.2 dB,Black / Silver,,,0
ID-COOLING SE-214-XT RING,,https://cdna.pcpartpicker.com/static/forever/images/product/0520f1acacbfeb24a6777a58ce1abdf2.256p.jpg,900 - 2000 RPM,33.5 dB,White / Black,,,0
ID-COOLING SE-902-SD V3,,https://cdna.pcpartpicker.com/static/forever/images/product/129e10a05c75d68795b1fdb8d414a45d.256p.jpg,2000 RPM,23.1 dB,Black / Silver,,,0
ID-COOLING SE-912i-PWM,,https://cdna.pcpartpicker.com/static/forever/images/product/9831a675155835c0e43472ab62aeec63.256p.jpg,500 - 1800 RPM,22.8 dB,Black / Silver,,,0
ID-COOLING SE-903-XT-ARGB,,https://cdna.pcpartpicker.com/static/forever/images/product/856b17e93bfa0d6c06b6c3ac897cdd57.256p.jpg,500 - 2200 RPM,25.8 dB,White,,,0
Cooler Master MasterLiquid 360L Core SF6 Luke,,650,1750,650 - 1750 RPM,27.2 dB,White / Orange,360 mm,360 mm,0
Zalman ALPHA2 A24,101.6,600,2000,600 - 2000 RPM,29.7 dB,White,240 mm,240 mm,0
Akasa SOHO 240 Dawn,46.25,https://cdna.pcpartpicker.com/static/forever/images/product/3fa71b18274058bbc09ddfa00aa92416.256p.jpg,500 - 2000 RPM,14.5 - 31.8 dB,White,240 mm,240 mm,0
Ocypus Delta L24 ARGB,,500,2000,500 - 2000 RPM,29 dB,Black,240 mm,240 mm,0
Thermalright Frost Vortex SE,,https://cdna.pcpartpicker.com/static/forever/images/product/18052740162e78566113b04d59109bef.256p.jpg,1650 RPM,29 dB,Black / Silver,,,0
Vetroo R360,,,,Black,White,360 mm,360 mm,0
GAMDIAS AURA GL360,59.99,800,2000,800 - 2000 RPM,11 - 29 dB,Black,360 mm,360 mm,0
Zalman Alpha2 DS A24,147.74,https://cdna.pcpartpicker.com/static/forever/images/product/3df7d2ba5ff513e762417de532949234.256p.jpg,600 - 2000 RPM,29.7 dB,Black,240 mm,240 mm,0
upHere UP2K6,,,600 - 1650 RPM,25 dB,Black,,,0
upHere UP2KC8,,,600 - 1650 RPM,25 dB,Black,,,0
LevelPlay Combat Liquid 240 SE,,,800 - 2000 RPM,6 - 35 dB,Black,240 mm,240 mm,0
Alphacool Eisbaer Aurora 280,154.97,https://cdna.pcpartpicker.com/static/forever/images/product/9c441856cfb62c023b5bd4b8d6841c1a.256p.jpg,600 - 1500 RPM,Black,Black,280 mm,280 mm,0
EVGA ACX mITX,36.26,800,2800,800 - 2800 RPM,33.4 dB,,,,3.5
Gelid Solutions SnowStorm,39.79,https://cdna.pcpartpicker.com/static/forever/images/product/a0602e463a7972d68046163dc21c6d46.256p.jpg,900 - 2200 RPM,10 - 24.1 dB,,,,0
Silverstone Argon AR09-115XP,74.1,https://cdna.pcpartpicker.com/static/forever/images/product/d9378602eacfc3c51e133779c7d44ba7.256p.jpg,1200 - 5000 RPM,18.02 - 42.5 dB,,,,0
Silverstone Argon AR10-115XP,61.21,https://cdna.pcpartpicker.com/static/forever/images/product/4043d6b1f82cbdead5041ec1669b6560.256p.jpg,500 - 4000 RPM,18.07 - 39.03 dB,,,,0
GAMDIAS CHIONE E1,53.99,https://cdna.pcpartpicker.com/static/forever/images/product/5d5322ab2fda030a4738d13a9e59176d.256p.jpg,1500 RPM,Black,Black,120 mm,120 mm,0
Alphacool Eisbaer Aurora 240,137.35,https://cdna.pcpartpicker.com/static/forever/images/product/bc1553239930731c6ae64c658ec3c151.256p.jpg,800 - 2000 RPM,Black,Black,240 mm,240 mm,0
Akasa SOHO 240 Dusk,49.12,https://cdna.pcpartpicker.com/static/forever/images/product/1a785ee20e5eb02879f1dc0d451035b9.256p.jpg,500 - 2000 RPM,14.5 - 31.8 dB,Black,240 mm,240 mm,0
Antec KUHLER Shelf,,,,,,,,0
Cooler Master GeminII S,,1000,2000,1000 - 2000 RPM,17 - 21 dB,,,,5
Cooler Master S2N-PLMHS-07-GP,,,0,0 dB,,,,0
Dynatron T195,,1000,5000,1000 - 5000 RPM,20.5 - 49.8 dB,,,,0
Thermaltake CL-P0466,,1000,1600,1000 - 1600 RPM,19 - 28 dB,,,,5
Zalman 9500A,,1350,2600,1350 - 2600 RPM,18 - 27 dB,,,,3.5
Zalman CNPS 7500 AlCu LED,,1150,2300,1150 - 2300 RPM,17 - 32 dB,,,,5
Zalman CNPS9900MAX-R,,900,1700,900 - 1700 RPM,18 - 30 dB,,,,4.5
Zalman CNPS 9700 NT,,1250,2800,1250 - 2800 RPM,19.5 - 35 dB,,,,0
Xion XON-HP9310P,,1000,3000,1000 - 3000 RPM,16 - 25.3 dB,,,,0
Rosewill RCX-Z1,,https://cdna.pcpartpicker.com/static/forever/images/product/97d2ea57afbe5f1d262aa7f58cc3b05d.256p.jpg,1700 - 3100 RPM,18 - 33.4 dB,,,,4.5
Rosewill RCX-Z775-LP,,600,2600,600 - 2600 RPM,16 - 24.5 dB,,,,5
Scythe SCNJ-3000,,470,1900,470 - 1900 RPM,9.8 - 27.3 dB,,,,0
Scythe SCSMZ-2000,,300,2500,300 - 2500 RPM,7.2 - 31.07 dB,,,,0
Silverstone NT06-E,,,0,0 dB,,,,3
Zalman CNPS9500 AT,,https://cdna.pcpartpicker.com/static/forever/images/product/2a1c526fc69d61537c39f6c013bd3851.256p.jpg,1300 - 2650 RPM,18 - 27.5 dB,,,,4.5
Xigmatek EP-CD901,,1200,2500,1200 - 2500 RPM,28 dB,,,,0
Zalman CNPS11X Extreme,,1000,1950,1000 - 1950 RPM,17 - 33 dB,,,,3
Cooler Master DI5-9HDSC-A1-GP,,2200,2200 RPM,23.8 dB,,,,0
Evercool NI01-9525EP,,https://cdna.pcpartpicker.com/static/forever/images/product/3fc1f1c229547a360ccce5b4a8b097bb.med.256p.jpg,2600 RPM,33 dB,,,,0
Scythe SCKZT-1000,,800,3300,800 - 3300 RPM,8.2 - 32.5 dB,,,,0
ARCTIC Freezer 13 Limited Edition,,https://cdna.pcpartpicker.com/static/forever/images/product/29cf7ce7eb49214f135b82ad9f3d5d4f.256p.jpg,600 - 2000 RPM,,,,,4.5
Xigmatek Prime SD1484,,800,1200,800 - 1200 RPM,18 dB,,,,0
Logisys MC3001IE,,900,2200,900 - 2200 RPM,17.8 - 34.6 dB,,,,5
Thermalright U120eXtrem1366RT R-C,,1600,1600 RPM,28 dB,,,,0
Scythe SCMG-3000,,300,1600,300 - 1600 RPM,26.5 dB,,,,4
Cooler Master Hyper 612 PWM,,600,2000,600 - 2000 RPM,9 - 36 dB,,,,5
ARCTIC Alpine 11 GT Rev. 2,,https://cdna.pcpartpicker.com/static/forever/images/product/0acae70c2d2415ec33b79cdf61a41b5e.256p.jpg,500 - 2000 RPM,,,,,4.5
Enermax ETS-T40-TB,,800,1800,800 - 1800 RPM,10 - 21 dB,,,,4.5
Gelid Solutions Siberian,,900,2200,900 - 2200 RPM,10 - 22.5 dB,,,,3.5
Zalman CNPS12X,,https://cdna.pcpartpicker.com/static/forever/images/product/9d435099032244ffce9b89801e730260.256p.jpg,850 - 1200 RPM,22 - 24 dB,,,,4.5
Zalman CNPS9500A-LED,34.99,1350,2600,1350 - 2600 RPM,18 - 27.5 dB,,,,4
Syba CL-CNL-EOLE802,12.7,2200,2200 RPM,25 dB,,,,0
Cooler Master Hyper 612,,https://cdna.pcpartpicker.com/static/forever/images/product/a421d54123da4bf47e6e3f59f3b1fdde.med.256p.jpg,600 - 2000 RPM,9 - 36 dB,,,,5
Cooler Master Gemin II S524,,800,1800,800 - 1800 RPM,15.1 - 31.6 dB,,,,4
SilenX EFZ-80HA3,,2200,2200 RPM,8 - 24 dB,,,,3.5
Zalman ZM-CNPS14X,,950,1350,950 - 1350 RPM,17 - 21 dB,,,,0
Thermaltake Contac 16,,https://cdna.pcpartpicker.com/static/forever/images/product/a3c07565a88fe6a95e3cda73a9d1bc13.256p.jpg,2400 RPM,30 dB,,,,4
Phanteks PH-TC14CS_RD,,1300,1300 RPM,13.4 - 19 dB,,,,0
Silverstone SST-HE01,,500,2000,500 - 2000 RPM,18 - 41 dB,,,,0
ARCTIC Alpine 11,,900,2000,900 - 2000 RPM,14 dB,,,,3
Zalman CNPS8000B,,https://cdna.pcpartpicker.com/static/forever/images/product/b05382f40234118aa199e2dc8c4dd04a.256p.jpg,1400 - 2800 RPM,20 - 32 dB,,,,0
Masscool 8W2002F1M4,,800,2800,800 - 2800 RPM,20 - 34 dB,,,,0
SilenX EFZ-120HA5,,1600,1600 RPM,8 - 24 dB,,,,5
Cooler Master GeminII M4,,500,1600,500 - 1600 RPM,8 - 30 dB,,,,4
Prolimatech PRO-MGH-B,,https://cdna.pcpartpicker.com/static/forever/images/product/fdc82b06a35b628c62ea0c4c034fae47.256p.jpg,,,,,,0
Masscool 8W5020F1M,,800,2800,800 - 2800 RPM,20 - 34 dB,,,,0
Scythe SCKC-2000,,500,1300,500 - 1300 RPM,9.6 - 24.7 dB,,,,0
Scythe SCKTN-4000,,300,2500,300 - 2500 RPM,7.2 - 31.07 dB,,,,4
Xigmatek Dark Knight SD1283,,https://cdna.pcpartpicker.com/static/forever/images/product/635184748b3bdae04838c2e25892a8a8.med.256p.jpg,1000 - 2200 RPM,30.1 dB,,,,5
Silverstone HE02,,,,,,,,0
NZXT Respire T40,,1300,1800,1300 - 1800 RPM,26.5 - 34 dB,,,,4.5
Zalman LQ-310,,900,2000,900 - 2000 RPM,120,120,120 mm,120 mm,3.5
Phanteks PH-TC12DX_BL,,600,1800,600 - 1800 RPM,21.9 - 27.6 dB,,,,5
Evercool HPO-12025,,https://cdna.pcpartpicker.com/static/forever/images/product/49bcd9cc3d8ccda4d823c4cd2091031e.med.256p.jpg,1400 - 2200 RPM,16 - 38 dB,,,,0
Evercool HPQ-12025,,https://cdna.pcpartpicker.com/static/forever/images/product/42ec493a7ae871215808e6b77b4500f6.med.256p.jpg,800 - 2200 RPM,38.1 dB,,,,0
Dynatron R24,42.95,1500,7000,1500 - 7000 RPM,16 - 47.5 dB,,,,0
Silverstone AR02,,1200,2800,1200 - 2800 RPM,16 - 24 dB,,,,4
Silverstone AR03,,1000,2200,1000 - 2200 RPM,16.39 - 33.5 dB,,,,4
Thermaltake Water 3.0 Pro,,https://cdna.pcpartpicker.com/static/forever/images/product/48239600f4d1858c7cbeb5f96f7ba113.med.256p.jpg,1000 - 2000 RPM,20 dB,120,120 mm,120 mm,4.5
Zalman CNPS80F,60.35,2500,2500 RPM,23.8 dB,,,,4
be quiet! Shadow Rock Pro SR1,,1500,1500 RPM,7.8 - 21.4 dB,,,,0
be quiet! Shadow Rock Topflow SR1,,1500,1500 RPM,9.6 - 24.4 dB,,,,0
Thermaltake CLP0606,,800,1600,800 - 1600 RPM,18 - 30.2 dB,,,,4
ARCTIC Alpine 7 GT,,https://cdna.pcpartpicker.com/static/forever/images/product/a96523301e61b84786a75d17076ea551.med.256p.jpg,2000 RPM,25 dB,,,,0
Thermaltake CLW0214,,1200,2500,1200 - 2500 RPM,20 - 43 dB,120,120 mm,120 mm,0
Enermax ETS-T40-W,,2200,2200 RPM,31.2 dB,,,,4.5
Titan TTC-NK85TZ/CS2,,https://cdna.pcpartpicker.com/static/forever/images/product/413d208b6f463cf1e1cf19ae204f312c.256p.jpg,800 - 2200 RPM,15 - 35 dB,,,,5
Swiftech H320,,800,1800,800 - 1800 RPM,16 - 33 dB,360,360 mm,360 mm,4
Gelid Solutions Slimhero,40.89,750,1600,750 - 1600 RPM,12 - 25.4 dB,,,,4
Dynatron R17,80.42,1000,2500,1000 - 2500 RPM,17 - 31.92 dB,,,,0
Thermalright TS-120M,,https://cdna.pcpartpicker.com/static/forever/images/product/8bd7d53cde3ea0e60b6bc4ea883f3dfe.256p.jpg,700 - 1500 RPM,17 - 28.5 dB,,,,0
Zalman Reserator 3 MAX,,https://cdna.pcpartpicker.com/static/forever/images/product/f7c022f7698168d13fd4db8a0095a1f7.256p.jpg,1000 - 2200 RPM,18.89 - 36.7 dB,120,120 mm,120 mm,0
Cooler Master Glacer 240L,,2400,2400 RPM,19 - 40.33 dB,240,240 mm,240 mm,4.5
Antec KUHLER H2O 1250,,600,2400,600 - 2400 RPM,16 - 38 dB,240,240 mm,240 mm,5
Thermalright Macho Rev.A.,,900,1300,900 - 1300 RPM,17 - 21 dB,,,,4
Thermalright Macho-120,,900,1300,900 - 1300 RPM,17 - 21 dB,,,,0
Intel BXRTS2011AC,,1000,3000,1000 - 3000 RPM,,,,,5
Masscool 8W2002B1M4,,800,2800,800 - 2800 RPM,20 - 34 dB,,,,0
Enermax Liqtech 120X,,600,2500,600 - 2500 RPM,15 - 30 dB,120,120 mm,120 mm,0
Enermax Liqtech 240,,2500,2500 RPM,30 dB,240,240 mm,240 mm,4.5
Enermax ETS-N30-HE,,800,2800,800 - 2800 RPM,16 - 28 dB,,,,0
Enermax ETS-N30-TAA,,800,2800,800 - 2800 RPM,16 - 27 dB,,,,0
Xigmatek Janus LD1266,,1200,1200 RPM,19.2 - 22.4 dB,,,,0
Zalman CNPS7000-AlCu,,1350,2400,1350 - 2400 RPM,17 - 24 dB,,,,2.5
CRYORIG C1,,https://cdna.pcpartpicker.com/static/forever/images/product/b656c5de128ce780f6b4b9b74b24e814.256p.jpg,700 - 1300 RPM,24 dB,,,,4.5
Thermalright SILVER ARROW IB-E,,https://cdna.pcpartpicker.com/static/forever/images/product/86b96f051c6d52b7438dabf2582a5d10.256p.jpg,900 - 1300 RPM,21 - 25 dB,,,,5
Thermalright Venomous X RT Rev.SB-E,,700,1500,700 - 1500 RPM,17 - 28.5 dB,,,,0
RAIJINTEK THEMIS,48.36,1000,1500,1000 - 1500 RPM,24.53 dB,,,,3.5
RAIJINTEK TISIS,,https://cdna.pcpartpicker.com/static/forever/images/product/9dfa5337a5e0de993bbbc2a619a00557.256p.jpg,600 - 1000 RPM,23 dB,,,,5
RAIJINTEK PALLAS Red,,https://cdna.pcpartpicker.com/static/forever/images/product/9ce0feecc4ce2e5e7ebdc7c4222f5df0.256p.jpg,650 - 1400 RPM,28 dB,,,,4
RAIJINTEK AIDOS,,1000,2200,1000 - 2200 RPM,28.87 dB,,,,4.5
Deepcool LUCIFER,,700,1400,700 - 1400 RPM,17.8 - 31.1 dB,,,,5
Deepcool CAPTAIN 120,,600,2200,600 - 2200 RPM,17.6 - 39.29 dB,120,120 mm,120 mm,3
RAIJINTEK TRITON BLUE,,https://cdna.pcpartpicker.com/static/forever/images/product/af3f7d879b471ffc4f63a4eefd5de969.256p.jpg,1000 - 2600 RPM,21.6 - 36.6 dB,240,240 mm,240 mm,5
Akasa Venom Medusa,,https://cdna.pcpartpicker.com/static/forever/images/product/fe6cbc72f3f3d95e053b44f3deac59c9.med.256p.jpg,500 - 1600 RPM,6.9 - 28.9 dB,,,,0
Gelid Solutions GX7,,750,1800,750 - 1800 RPM,12 - 28 dB,,,,0
Prolimatech Basic 48,,1000,2000,1000 - 2000 RPM,,,,,0
Fractal Design Kelvin S24,,https://cdna.pcpartpicker.com/static/forever/images/product/261f3a198b50e599a71d78a11a19f058.256p.jpg,800 - 1700 RPM,26.9 dB,240,240 mm,240 mm,0
Cooler Master Hyper 612 Ver.2,,https://cdna.pcpartpicker.com/static/forever/images/product/2edfb632035b5a04f0985003da9f3827.med.256p.jpg,800 - 1300 RPM,11 - 20 dB,,,,4
LEPA AquaChanger 120,,https://cdna.pcpartpicker.com/static/forever/images/product/ed6d2d39815d9fadbe7fab19368c65ae.256p.jpg,500 - 2300 RPM,14 - 35 dB,120,120 mm,120 mm,4
Scythe Mugen MAX,,500,1300,500 - 1300 RPM,13 - 30.7 dB,,,,4
Akasa Venom Voodoo,,https://cdna.pcpartpicker.com/static/forever/images/product/ab9ebd7ce946e451a475b9ac0378473b.256p.jpg,600 - 1900 RPM,6.9 - 28.9 dB,,,,4
Xigmatek Apache II,,1200,2500,1200 - 2500 RPM,28 dB,,,,0
Thermalright Macho Rev.A(BW),,300,1300,300 - 1300 RPM,15 - 21 dB,,,,0
SilentiumPC Grandis XE1236,,500,1500,500 - 1500 RPM,21 dB,,,,0
Silverstone TD03-LITE,,1500,2500,1500 - 2500 RPM,18 - 35 dB,120,120 mm,120 mm,0
Deepcool Maelstrom 120K,,600,1800,600 - 1800 RPM,18.2 - 32.4 dB,120,120 mm,120 mm,4.5
LEPA EXllusion 240,,500,1800,500 - 1800 RPM,14 - 30 dB,240,240 mm,240 mm,4
Thermalright TRUE Spirit 140 (BW),,300,1300,300 - 1300 RPM,15 - 21 dB,,,,0
Gelid Solutions Polar,,https://cdna.pcpartpicker.com/static/forever/images/product/83832c30c21b22e4c7bd465af158dbf7.256p.jpg,1400 - 2000 RPM,16 - 28.9 dB,,,,0
Thermalright AXP-100 Muscle,,https://cdna.pcpartpicker.com/static/forever/images/product/db6c6ae5a7cff5d070bc2f919be73833.256p.jpg,900 - 2500 RPM,22 - 30 dB,,,,4.5
Thermalright AXP-100R,,https://cdna.pcpartpicker.com/static/forever/images/product/dc2b75917090ae4dc288bef243f4d431.256p.jpg,900 - 2500 RPM,22 - 30 dB,,,,0
ID-COOLING FI-VC Twin,,800,1800,800 - 1800 RPM,16.2 - 32.6 dB,,,,0
ID-COOLING SE-204,,800,1800,800 - 1800 RPM,16.2 - 29.2 dB,,,,0
ID-COOLING SE-204K,,800,1800,800 - 1800 RPM,16.2 - 29.2 dB,,,,5
ID-COOLING SE-802,,2200,2200 RPM,23.3 dB,,,,0
Cooler Master V8 Ver.2,,1600,1600 RPM,36 dB,,,,5
Silverstone SST-AR07,,https://cdna.pcpartpicker.com/static/forever/images/product/944c3105e4132e66567adc79d9f5e53f.256p.jpg,800 - 1500 RPM,16.5 - 30.8 dB,,,,0
Thermalright Macho X2 Limited Edition,,800,800 RPM,15 dB,,,,5
Thermalright Archon IB-E X2,,https://cdna.pcpartpicker.com/static/forever/images/product/1c34e1bcb2236ab9da307d3da0f73560.256p.jpg,900 - 1300 RPM,17 - 21 dB,,,,0
Thermaltake Riing Silent 12 Blue,,https://cdna.pcpartpicker.com/static/forever/images/product/8a1a3a05f547644622d95773768d8a50.256p.jpg,300 - 1400 RPM,13 - 18 dB,,,,5
be quiet! Silent Loop 240,,https://cdna.pcpartpicker.com/static/forever/images/product/53abd0b6f7ae35605c98e6e1d937c8c5.256p.jpg,2000 RPM,16.1 - 36.9 dB,240,240 mm,240 mm,5
Alpenföhn ATLAS,,400,1800,400 - 1800 RPM,8 - 24.3 dB,,,,0
Enermax ETS-T50 AXE (Black),,https://cdna.pcpartpicker.com/static/forever/images/product/8bb56073159994057df8989670b6f7d2.256p.jpg,800 - 1800 RPM,18.9 - 25 dB,,,,5
Enermax ETS-T50 AXE (White),,800,1800,800 - 1800 RPM,18.9 - 25 dB,,,,5
Thermaltake Contac 39,,800,2000,800 - 2000 RPM,15 - 33.2 dB,,,,0
Deepcool CAPTAIN 120EX RGB,,500,1800,500 - 1800 RPM,17.6 - 31.3 dB,120,120 mm,120 mm,4
Gelid Solutions Rev. 4 Tranquillo,44.06,750,1600,750 - 1600 RPM,12 - 26.7 dB,,,,0
Gelid Solutions Rev. 2 Tranquillo,44.96,750,1500,750 - 1500 RPM,12 - 25.5 dB,,,,0
Cooltek LP53,,1000,2100,1000 - 2100 RPM,16 - 27.1 dB,,,,0
ID-COOLING IS-40V3,,600,2500,600 - 2500 RPM,14 - 33 dB,,,,0
FSP Group Windale 6,,600,1600,600 - 1600 RPM,32 dB,,,,0
ARCTIC Freezer 33 TR (Black/White),,https://cdna.pcpartpicker.com/static/forever/images/product/74d8cc40d91f50c0d4e1e0a17fba873d.256p.jpg,200 - 1800 RPM,24.4 dB,,,,5
ARCTIC Freezer 33 eSports Edition (Black/White),,200,1800,200 - 1800 RPM,24.4 dB,,,,4
ARCTIC Freezer 33 eSports Edition (Black/Green),,200,1800,200 - 1800 RPM,24.4 dB,,,,0
ARCTIC Freezer 33 CO,49,https://cdna.pcpartpicker.com/static/forever/images/product/645bf665098f3c35618e134c13dd5278.256p.jpg,22.5,22.5 dB,,,,0
Enermax ETS-N30R-TAA,,800,2800,800 - 2800 RPM,16 - 27 dB,,,,5
Deepcool CAPTAIN 360EX WHITE RGB,,500,1800,500 - 1800 RPM,17.6 - 31.3 dB,360,360 mm,360 mm,4.5
Deepcool CAPTAIN 240EX RGB WH,,https://cdna.pcpartpicker.com/static/forever/images/product/0477ab146b1be759c0d16a156356b5bd.256p.jpg,500 - 1800 RPM,17.6 - 31.3 dB,White / Black,240 mm,240 mm,4
Enermax LIQTECH TR4 280,,500,1500,500 - 1500 RPM,14 - 25 dB,Black,280 mm,280 mm,3
RAIJINTEK LETO B,,https://cdna.pcpartpicker.com/static/forever/images/product/4bb0a473eb5e5b48ba5c1b00ab970b11.256p.jpg,800 - 1800 RPM,29 dB,Black / Blue,,,0
ID-COOLING AURAFLOW 120 SNOW,,https://cdna.pcpartpicker.com/static/forever/images/product/d122b3a53f88351427c179b9a8e3aff5.256p.jpg,700 - 1800 RPM,18 - 35.2 dB,White,120 mm,120 mm,0
ID-COOLING AURAFLOW 240 SNOW,,https://cdna.pcpartpicker.com/static/forever/images/product/a136ae4cc7ffb423fbbc42b38a4f53c6.256p.jpg,700 - 1800 RPM,18 - 35.2 dB,White,240 mm,240 mm,4.5
Enermax Liqfusion 240,,https://cdna.pcpartpicker.com/static/forever/images/product/af912940c0fcb57a5e29cb4f40b0ab2b.256p.jpg,500 - 2000 RPM,14 - 28 dB,Black,240 mm,240 mm,3.5
Cooler Master MasterAir MA620P TUF Gaming Edition,,600,1800,600 - 1800 RPM,6 - 31 dB,Black / Yellow,,,0
Scythe SCIOR-1000,,https://cdna.pcpartpicker.com/static/forever/images/product/ef2c7be54e3cfec8f86de327dfd87237.256p.jpg,300 - 1800 RPM,4.5 - 26.7 dB,Black / Silver,,,0
Cooler Master MA621P TR4,,https://cdna.pcpartpicker.com/static/forever/images/product/4fac2f9b09c673af00dff70b5ce5b170.256p.jpg,600 - 1800 RPM,31 dB,Black / Silver,,,5
SilentiumPC Fera 3 HE1224 v2,,500,1600,500 - 1600 RPM,,,,,4
Scythe Kotetsu Mark II,121.13,300,1200,300 - 1200 RPM,4 - 24.9 dB,,,,0
Antec Mercury 120 RGB,,https://cdna.pcpartpicker.com/static/forever/images/product/a8cf7dfdd1f14038284955f6b00f240a.256p.jpg,900 - 1800 RPM,36 dB,Black / White,120 mm,120 mm,0
Antec Mercury 120,,900,1800,900 - 1800 RPM,30 dB,Black / White,120 mm,120 mm,0
LEPA NEOllusion-RGB M/B Sync,,400,1800,400 - 1800 RPM,14 - 33 dB,Black,,,5
Cooler Master Hyper H410R,,https://cdna.pcpartpicker.com/static/forever/images/product/dca6c2cc3412467138089478ed11141b.256p.jpg,600 - 2000 RPM,29.4 dB,Black / Red,,,0
Enermax Liqtech TR4 II 240,,https://cdna.pcpartpicker.com/static/forever/images/product/bf833592412ff4932bf6239b727170cf.256p.jpg,500 - 2300 RPM,14 - 28 dB,Black,240 mm,240 mm,3
Deepcool NEPTWIN WHITE,,https://cdna.pcpartpicker.com/static/forever/images/product/7266a70d5e42497065d3c0afe1f01b57.256p.jpg,900 - 1500 RPM,17.8 - 30 dB,White,,,4
Silverstone NT06-PRO-V2,80.34,https://cdna.pcpartpicker.com/static/forever/images/product/b7dc08bc19a0a190e0e10581bf68a77a.256p.jpg,1000 - 2200 RPM,Silver / Black,Silver / Black,,,0
Alphacool EISBAER LT120,,https://cdna.pcpartpicker.com/static/forever/images/product/bebaeb82326042fb54af975e64ed0c52.256p.jpg,550 - 1700 RPM,29 dB,Black,120 mm,120 mm,0
Enermax Liqtech II 360,,https://cdna.pcpartpicker.com/static/forever/images/product/1eda8454526ace4c217b8bc9622105b5.256p.jpg,500 - 2300 RPM,14 - 28 dB,Black,360 mm,360 mm,5
Jonsbo CR-201 HIVES (Black),,https://cdna.pcpartpicker.com/static/forever/images/product/338f35033066de11661286026b2c994b.256p.jpg,800 - 1500 RPM,18.5 - 30.8 dB,Black,,,0
Jonsbo CR-201 HIVES (White),,https://cdna.pcpartpicker.com/static/forever/images/product/5304e7f314efcd2f04b1c32b2a10c7c5.256p.jpg,800 - 1600 RPM,18 - 26.1 dB,White,,,0
CRYORIG H7 ULTRA,,https://cdna.pcpartpicker.com/static/forever/images/product/6dde616ece70021b5613bc83fe3a8bb5.256p.jpg,300 - 1600 RPM,25 dB,Black / Silver,,,0
Thermalright AXP-200 Muscle,,https://cdna.pcpartpicker.com/static/forever/images/product/91fa1bd6d2ec23749f9134742cb62011.256p.jpg,700 - 1300 RPM,Black / White,Black / White,,,0
Deepcool Captain 240 Pro,,https://cdna.pcpartpicker.com/static/forever/images/product/e4743f081b9727b5367cff06ae191686.256p.jpg,500 - 1800 RPM,30 dB,Black,240 mm,240 mm,0
Deepcool GAMMAXX GT TGA,,500,1500,500 - 1500 RPM,17.8 - 27 dB,Black / Silver,,,4
Thermalright SilverArrow T8,,600,1800,600 - 1800 RPM,19 - 25 dB,Silver / Red,,,0
Thermalright MACHO Rev.C,,600,1500,600 - 1500 RPM,19 - 23 dB,Silver / Black,,,5
GameMax Iceberg 120,,https://cdna.pcpartpicker.com/static/forever/images/product/ea0c22fc54dbbe0e984d7dd239b9a1cb.256p.jpg,600 - 1800 RPM,25 - 32 dB,Black,120 mm,120 mm,0
Cooler Master MasterLiquid ML360P Silver Edition ARGB,,https://cdna.pcpartpicker.com/static/forever/images/product/8163ebc861faa75205ff90fb3c4b4983.256p.jpg,650 - 1800 RPM,8 - 30 dB,Silver / Black,360 mm,360 mm,4
Enermax Liqfusion 360,,https://cdna.pcpartpicker.com/static/forever/images/product/0e13b4f3d26a02c59ad8f9dd991873b2.256p.jpg,500 - 2000 RPM,14 - 28 dB,Black,360 mm,360 mm,0
Jonsbo HP-400,,https://cdna.pcpartpicker.com/static/forever/images/product/37f9cebb4ae2c0e592c07f3329e85ca9.256p.jpg,800 - 3000 RPM,14 - 33 dB,Blue / White,,,0
Gelid Solutions Phantom Black,,https://cdna.pcpartpicker.com/static/forever/images/product/2130e6b54fbb3521c04699ca8feb47c5.256p.jpg,750 - 1600 RPM,12 - 26.7 dB,Black / Silver,,,4
upHere ACC92CF,,600,1700,600 - 1700 RPM,16.1 - 27.7 dB,Black,,,0
upHere CCF150CF,,600,1800,600 - 1800 RPM,16.1 - 27.7 dB,Black,,,0
upHere CCF150ARGB,,600,1800,600 - 1800 RPM,16.1 - 27.7 dB,Black,,,2
upHere AC12,,600,1750,600 - 1750 RPM,16.1 - 27.7 dB,Black,,,5
upHere AC12BE,,600,1750,600 - 1750 RPM,16.1 - 27.7 dB,Black,,,0
upHere CC1201 Red,,600,1700,600 - 1700 RPM,16.1 - 27.7 dB,Black / White,120 mm,120 mm,0
upHere CC120RGB,,600,1700,600 - 1700 RPM,16.1 - 27.7 dB,Black / White,120 mm,120 mm,0
RAIJINTEK THEMIS BLACK,,https://cdna.pcpartpicker.com/static/forever/images/product/1c4f8882e94c6bbad50ed0b5b7636c73.256p.jpg,1000 - 1500 RPM,24.53 dB,Black / Silver,,,0
Fractal Design Celsius+ S36 Dynamic X2 PWM,,https://cdna.pcpartpicker.com/static/forever/images/product/5a51bc7ba5d80afbc0a0ebc0aad3f0df.256p.jpg,500 - 2000 RPM,32.2 dB,Black,360 mm,360 mm,4
SilentiumPC Navis RGB 360,,500,1600,500 - 1600 RPM,Black / White,Black / White,360 mm,360 mm,0
ID-COOLING SE-207,,https://cdna.pcpartpicker.com/static/forever/images/product/1cad906c83a4aa59b0f9fa4b196b02e7.256p.jpg,700 - 1800 RPM,18 - 35.2 dB,Black / White,,,0
Reeven Justice II,,300,1200,300 - 1200 RPM,5.83 - 25.1 dB,Black / Silver,,,0
ARCTIC Freezer i13 X CO,,300,2000,300 - 2000 RPM,Black / White,Black / White,,,5
ARCTIC Freezer A13 X CO,,300,2000,300 - 2000 RPM,Black / White,Black / White,,,5
RAIJINTEK Orcus 120,,https://cdna.pcpartpicker.com/static/forever/images/product/5b9f2df4faa2f043cba9d07edaa60b78.256p.jpg,800 - 1800 RPM,23 dB,Black,120 mm,120 mm,0
RAIJINTEK EOS 240 RBW,,https://cdna.pcpartpicker.com/static/forever/images/product/4a381cb6c4231628a99416562e8acb43.256p.jpg,800 - 1800 RPM,28 dB,Black,240 mm,240 mm,4
RAIJINTEK EOS 360 RBW,,https://cdna.pcpartpicker.com/static/forever/images/product/300af78b12c734ca00c289d30c3d0b72.256p.jpg,800 - 1800 RPM,28 dB,Black,360 mm,360 mm,0
Phanteks Glacier One 280MP,,https://cdna.pcpartpicker.com/static/forever/images/product/6c09f29a16791499ab20a1edd15386f4.256p.jpg,500 - 2000 RPM,18 - 39.1 dB,Black / White,280 mm,280 mm,5
Akasa X4,31.95,https://cdna.pcpartpicker.com/static/forever/images/product/13faf50148c65391f7711e2d6728e9cf.256p.jpg,600 - 2500 RPM,17 - 29.5 dB,Black / Silver,,,0
ID-COOLING DK,,500,1800,500 - 1800 RPM,14.2 - 25.6 dB,Black / Silver,,,0
Enermax AQUAFUSION 360,,https://cdna.pcpartpicker.com/static/forever/images/product/6e622c098a213b6b1d36771f6436e5a0.256p.jpg,500 - 2000 RPM,17 - 32.6 dB,Black,360 mm,360 mm,0
Deepcool CASTLE 240EX RGB,,500,1800,500 - 1800 RPM,35 dB,Black,240 mm,240 mm,0
Thermalright Assassin King 120 Mini,,1500,1500 RPM,25.2 dB,Black / Silver,,,0
Fractal Design Lumen S24 RGB,,https://cdna.pcpartpicker.com/static/forever/images/product/95f86d28fc4be5a9c6a81c95ea83aec4.256p.jpg,500 - 2000 RPM,10 - 33.2 dB,Black,240 mm,240 mm,3.5
Fractal Design Lumen S28 RGB,,https://cdna.pcpartpicker.com/static/forever/images/product/d39f941cc92e63b05c7de984d287dcd3.256p.jpg,500 - 1700 RPM,10 - 35.5 dB,Black,280 mm,280 mm,4
Fractal Design Lumen S36,,https://cdna.pcpartpicker.com/static/forever/images/product/b47d07d961f359b0ef384d0ed6fdd265.256p.jpg,500 - 2000 RPM,10 - 33.2 dB,Black,360 mm,360 mm,0
Iceberg Thermal IceSLEET X7 Dual,37.99,https://cdna.pcpartpicker.com/static/forever/images/product/e1a2fd18b682b56e74cedbbe7a7a6c8a.256p.jpg,500 - 1850 RPM,0 - 38 dB,Teal / Silver,,,0
Iceberg Thermal IceSLEET X5,29.99,https://cdna.pcpartpicker.com/static/forever/images/product/d35e68c932509051f104cb19f875ed1f.256p.jpg,500 - 1850 RPM,0 - 36 dB,Teal / Silver,,,0
Iceberg Thermal IceSLEET G4 Silent,19.99,https://cdna.pcpartpicker.com/static/forever/images/product/0da681596e194b9df4cd8e43dfefc337.256p.jpg,600 - 1200 RPM,20.5 dB,Black / Gray,,,0
Thermalright TA140 EX,,1800,1800 RPM,30.2 dB,Gray,,,0
Akasa Soho H4,49.95,https://cdna.pcpartpicker.com/static/forever/images/product/d43b64e765259c103383005ccc8346f0.256p.jpg,500 - 2000 RPM,14.2 - 31.8 dB,Black,,,0
Vetroo darkstorm M2,,1600,1600 RPM,26 dB,Black,,,0
Thermalright Ultra120EX REV.4,,2150,2150 RPM,28.1 dB,White,,,0
Thermalright Assassin X Plus,,1500,1500 RPM,25.6 dB,Black / Silver,,,0
ID-COOLING IS-47S,,https://cdna.pcpartpicker.com/static/forever/images/product/19abf354b151ceddb342527c7b57c9aa.256p.jpg,800 - 3600 RPM,17 - 35.8 dB,,,,4
ID-COOLING SE-903-SD,,https://cdna.pcpartpicker.com/static/forever/images/product/213ef2e7efd70e665c18a5310748e2f4.256p.jpg,2000 RPM,23.1 dB,,,,0
ID-COOLING SE-207-XT BLACK,,https://cdna.pcpartpicker.com/static/forever/images/product/a1d9fa92f647d40e766292c24554c607.256p.jpg,700 - 1800 RPM,15.2 - 35.2 dB,,,,0
ID-COOLING SE-223 BASIC,,https://cdna.pcpartpicker.com/static/forever/images/product/6d25911c099b3d1d8d32a18ab8ca0829.256p.jpg,500 - 1600 RPM,16 - 20.2 dB,,,,0
ID-COOLING SE-224-XT-R,,https://cdna.pcpartpicker.com/static/forever/images/product/2418ddc2c726dc81293fcd6f610b5a7d.256p.jpg,700 - 1800 RPM,15.2 - 32.5 dB,,,,0
ID-COOLING SE-902-SD,,https://cdna.pcpartpicker.com/static/forever/images/product/624c1168948557b1641c1ebeded6f5c6.256p.jpg,2000 RPM,23.1 dB,,,,0
ID-COOLING AURAFLOW X 240 TGA,,https://cdna.pcpartpicker.com/static/forever/images/product/d3c8a7dc73c89b933e620c47dbd5353f.256p.jpg,900 - 2000 RPM,16 - 31.5 dB,Black,240 mm,240 mm,0
MSI MAG CORELIQUID B,,https://cdna.pcpartpicker.com/static/forever/images/product/cee3505062aa6f6aef93b0846d695360.256p.jpg,500 - 2000 RPM,14.3 - 34.3 dB,Black,240 mm,240 mm,0
Cooler Master Hyper H410R White Edition,,https://cdna.pcpartpicker.com/static/forever/images/product/96bdaa4aaf3a0c31f6250e6879dfd7e0.256p.jpg,600 - 2000 RPM,6 - 29 dB,,,,0
Thermalright TA120 EX,,1850,1850 RPM,29.6 dB,Silver / Gray,,,0
Jonsbo PISA A4,,https://cdna.pcpartpicker.com/static/forever/images/product/a9f363a8fa2c370adeacea8267341a19.256p.jpg,800 - 1850 RPM,36.8 dB,Gray,,,0
TEAMGROUP SIREN GD240E,,https://cdna.pcpartpicker.com/static/forever/images/product/a574ec9f5e4aaed332e4a0f83567c56b.256p.jpg,600 - 2200 RPM,14.3 - 35.6 dB,White,240 mm,240 mm,0
Noua Siberus Pro 120,89.01,800,1800,800 - 1800 RPM,32 dB,Black,120 mm,120 mm,0
Noua Alaska,,800,3000,800 - 3000 RPM,30.5 dB,Black,,,0
Noua Jotun,,1800,1800 RPM,23 dB,Black / Silver,,,0
Jonsbo CR-3000 Standard,,600,1500,600 - 1500 RPM,22 - 32 dB,Black / Silver,,,0
Jonsbo HX5230,,https://cdna.pcpartpicker.com/static/forever/images/product/999031e6086071eb645e5ee43f52793c.256p.jpg,700 - 1800 RPM,25.2 - 37.6 dB,Black,,,0
GameMax Iceberg 240 Rainbow,,600,1800,600 - 1800 RPM,25 - 32 dB,Black,240 mm,240 mm,0
Geometric Future Eskimo Junior 24,99.9,https://cdna.pcpartpicker.com/static/forever/images/product/c68e055cb117d6ce6f8bd1bb8b377f4f.256p.jpg,2000 RPM,29 dB,Black,240 mm,240 mm,0
Deepcool CASTLE R,,500,1800,500 - 1800 RPM,32 dB,Black,240 mm,240 mm,0
RAIJINTEK LETO RGB,28.75,https://cdna.pcpartpicker.com/static/forever/images/product/4ae74682b4971a84d588e930ea8de757.256p.jpg,800 - 1800 RPM,25 dB,Black / Silver,,,0
RAIJINTEK LETO PRO RGB,,https://cdna.pcpartpicker.com/static/forever/images/product/8f581e9f14aaa8e23cfc88c6d1f11863.256p.jpg,800 - 1800 RPM,25 dB,Black / Silver,,,0
SilentiumPC Navis Pro 120,,800,2300,800 - 2300 RPM,Black,Black,120 mm,120 mm,0
ID-COOLING DASHFLOW XT LITE,,500,2000,500 - 2000 RPM,29.85 dB,White,360 mm,360 mm,0
ID-COOLING IS-65-XT,,500,2200,500 - 2200 RPM,32.3 dB,Black,,,0
ID-COOLING SE-207-TR-AM,,700,1800,700 - 1800 RPM,15.2 - 35.2 dB,Black,,,0
ID-COOLING SE-214-XT HAFF,,800,1500,800 - 1500 RPM,30.5 dB,Black,,,0
ID-COOLING SE-214-XT-WL,,https://cdna.pcpartpicker.com/static/forever/images/product/8a3c19bcc8ad0e625c92c1e5b18a8562.256p.jpg,700 - 1800 RPM,35.2 dB,White,,,0
ID-COOLING SE-223i,,https://cdna.pcpartpicker.com/static/forever/images/product/bb6da10f1f26871b61bb9be99863140a.256p.jpg,500 - 1800 RPM,28 dB,Black,,,0
Xilence LQ360 ​​ARGB,,https://cdna.pcpartpicker.com/static/forever/images/product/92389e35d78373ed5816ddaf6b55c829.256p.jpg,500 - 1500 RPM,18 - 30.2 dB,Black,360 mm,360 mm,0
Xilence LQ360G.W.ARGB,121.99,https://cdna.pcpartpicker.com/static/forever/images/product/6bd4fe75c8522fe5084310436de26d60.256p.jpg,500 - 1500 RPM,18 - 30.2 dB,White,360 mm,360 mm,0
GAMDIAS BOREAS E2-41D,,800,1800,800 - 1800 RPM,10 - 32 dB,White,,,0
GAMDIAS CHIONE M4-420,,800,1600,800 - 1600 RPM,11 - 29 dB,Black,420 mm,420 mm,0
SilentiumPC Spartan 4 MAX,,300,1600,300 - 1600 RPM,Black / Silver,Black / Silver,,,0
SilentiumPC Spartan 4,,800,2000,800 - 2000 RPM,Black / Silver,Black / Silver,,,0
SilentiumPC Spartan 4 MAX EVO ARGB,,300,1600,300 - 1600 RPM,,,,,0
upHere UP1T4,,,600 - 1650 RPM,25 dB,White,,,0
upHere UP1TC4C,,,600 - 1650 RPM,25 dB,White,,,0
upHere UP1TC6C,,,600 - 1650 RPM,25 dB,White,,,0
upHere UP2K8,,,600 - 1650 RPM,25 dB,Black,,,0
upHere UP2KC8C,,,600 - 1650 RPM,25 dB,Black,,,0
upHere E240TC,,,600 - 1800 RPM,27 dB,White,240 mm,240 mm,0
Inter-Tech ALSEYE Star Warriors W700,,,900 - 3000 RPM,45 dB,Black,,,0
Evercool EC-NK804A-925EP,17,https://cdna.pcpartpicker.com/static/forever/images/product/dc24e5baf6d5f6010a25870a4ba2d0dc.med.256p.jpg,2750 RPM,28.2 dB,,,,0
Dynatron R27,68.95,1000,3800,1000 - 3800 RPM,16 - 43.4 dB,,,,0
Alpenföhn Silvretta,35.47,https://cdna.pcpartpicker.com/static/forever/images/product/d4e1d03c4f0d4c658c67647eea116fcc.256p.jpg,800 - 2800 RPM,,,,,0
Thermaltake CLP0534,,1200,2400,1200 - 2400 RPM,20 - 26.9 dB,,,,0
Thermaltake CLP0579,,800,2000,800 - 2000 RPM,15 - 33.2 dB,,,,0
Rosewill RCX-Z90-AL,,600,3000,600 - 3000 RPM,15 - 30 dB,,,,4
Rosewill RCX-ZAIO-92,39.95,600,2500,600 - 2500 RPM,14.5 - 25 dB,,,,4
Titan TTC-NA43TZ/CU35,,https://cdna.pcpartpicker.com/static/forever/images/product/322eaaa388ffa7310a2fd10cba3fe0c9.med.256p.jpg,900 - 2600 RPM,14 - 33 dB,,,,0
Antec KUHLER Flow,,,,,,,,0
Cooler Master DI5-8E5PA-0L-GP,,2800,2800 RPM,22 dB,,,,0
Cooler Master RR-H101-22FK-RA,,2200,2200 RPM,22 dB,,,,4
Cooler Master RR-LEE-L911-GP,29.99,2200,2200 RPM,17 dB,,,,0
Cooler Master RR-V6SV-22PR-R1,,800,2200,800 - 2200 RPM,15 - 38 dB,,,,0
Dynatron T860,,2000,6000,2000 - 6000 RPM,20.23 - 44.88 dB,,,,0
Evercool CI01-9525EP,,https://cdna.pcpartpicker.com/static/forever/images/product/027b1be13dba88898bb18edb3269ce60.256p.jpg,900 - 2600 RPM,12 - 31 dB,,,,0
Thermaltake A4012-02,,2500,2500 RPM,21 dB,,,,0
Thermaltake A4022,,1300,1300 RPM,,,,,0
Thermaltake CL-P0257,,1700,1700 RPM,17 dB,,,,0
Thermaltake CL-P0401,,1300,2000,1300 - 2000 RPM,16 - 24 dB,,,,4
Thermaltake CL-P0497,,2500,2500 RPM,27 dB,,,,3.5
Thermaltake CLP0527,,800,1700,800 - 1700 RPM,16 dB,,,,0
Thermaltake CLP0554,,1000,1600,1000 - 1600 RPM,19 - 28 dB,,,,4
Zalman CNPS 7500 Cu LED,,1150,2300,1150 - 2300 RPM,17 - 32 dB,,,,0
Zalman CNPS 8700 NT,,1150,2100,1150 - 2100 RPM,17.5 - 30 dB,,,,0
Thermaltake CL-P0508,,1300,2000,1300 - 2000 RPM,16 - 24 dB,,,,0
Thermaltake CLP0574,,800,1300,800 - 1300 RPM,16 dB,,,,0
Zalman CNPS10X Extreme,,1000,2150,1000 - 2150 RPM,20 - 39 dB,,,,4
Scythe SCBSK-1000,,650,2200,650 - 2200 RPM,,,,,0
Zalman CNPS7000C-AlCu,,1350,2400,1350 - 2400 RPM,17 - 24 dB,,,,0
Zalman CNPS7000C-Cu,,1700,2400,1700 - 2400 RPM,13.5 - 24 dB,,,,0
Zalman CNPS9900NT,,1000,2000,1000 - 2000 RPM,19.5 - 38 dB,,,,0
Evercool HPFI-10025,18,https://cdna.pcpartpicker.com/static/forever/images/product/dae168a95d8d0ed8c2f4568e8f2a2f1f.256p.jpg,1800 RPM,23 dB,,,,0
Evercool HPJ-12025,,1000,1000 RPM,21 dB,,,,0
Evercool HPK-10025EA,,1800,1800 RPM,23 dB,,,,0
Silverstone NT01-E,,,0,0 dB,,,,0
Masscool 5U1082F1M4,,2000,3600,2000 - 3600 RPM,23 - 45.9 dB,,,,0
Masscool 5W1081F1M3,,2400,2400 RPM,31 dB,,,,0
Masscool 8W501B1M3G,,2400,2400 RPM,26.2 dB,,,,0
Masscool 8W553B1M3,,2400,2400 RPM,26.2 dB,,,,0
Masscool 8WA743,,800,2800,800 - 2800 RPM,20 - 34 dB,,,,2
Masscool 8WT15-38,,2400,2400 RPM,30 dB,,,,5
Rosewill RCX-Z2,,500,3400,500 - 3400 RPM,17 - 34.2 dB,,,,0
Rosewill RCX-Z300,,,,,,,,4
Rosewill RCX-Z80-AL,,2500,2500 RPM,22.41 dB,,,,0
Scythe SCMG-2100,,,26.5,26.5 dB,,,,0
Scythe SCRT-1000,,470,1900,470 - 1900 RPM,9.8 - 27.3 dB,,,,0
Scythe SCYS-1000,,470,1900,470 - 1900 RPM,7.05 - 27.3 dB,,,,0
Silverstone NT07-1156,,1200,3000,1200 - 3000 RPM,15 - 38 dB,,,,4
Silverstone NT07-775,,1200,1800,1200 - 1800 RPM,15 - 23 dB,,,,0
StarTech FANK8AM2,,2600,2600 RPM,28 dB,,,,0
Zalman CNPS5X SZ,,1400,2800,1400 - 2800 RPM,20 - 32 dB,,,,0
Xigmatek Balder SD1283,,1000,2200,1000 - 2200 RPM,28 dB,,,,0
Xigmatek D982,,1500,2500,1500 - 2500 RPM,22 dB,,,,0
Xigmatek Dark Knight S1283V,,https://cdna.pcpartpicker.com/static/forever/images/product/635184748b3bdae04838c2e25892a8a8.med.256p.jpg,1000 - 2200 RPM,30.1 dB,,,,0
Xigmatek EP-CD903,,1200,2500,1200 - 2500 RPM,28 dB,,,,0
Xigmatek HDT-S1283,,800,1500,800 - 1500 RPM,20 - 32 dB,,,,0
Xigmatek HDT-S963,,1200,2800,1200 - 2800 RPM,23 - 35 dB,,,,0
Xigmatek HDT-SD964,,1200,2800,1200 - 2800 RPM,22 - 30 dB,,,,0
Xigmatek LOKI SD963,,1200,2800,1200 - 2800 RPM,20 - 28 dB,,,,4
ZEROtherm CF800-MK III,,900,2600,900 - 2600 RPM,30 dB,,,,0
ZEROtherm CORE92,,900,2500,900 - 2500 RPM,19.5 dB,,,,0
ZEROtherm Nirvana NV120 PWM,,900,1800,900 - 1800 RPM,30 dB,,,,0
ZEROtherm ZT-10D,,,0,0 dB,,,,0
ZEROtherm ZT-10D Smart,,,,,,,,0
ZEROtherm ZT-560D,,900,2300,900 - 2300 RPM,30 dB,,,,0
ZEROtherm ZT-570D,,900,2300,900 - 2300 RPM,30 dB,,,,0
Xigmatek HDT-S1284F,,800,1500,800 - 1500 RPM,16 - 24 dB,,,,0
Antec Performance Max,,,,,,,,0
Noctua NH-U9DX 1366,,https://cdna.pcpartpicker.com/static/forever/images/product/7d85ec976170721042371475de1c4d50.256p.jpg,1000 - 1600 RPM,7.9 - 17.6 dB,,,,0
Scythe SCMN-2000,,500,1700,500 - 1700 RPM,9.6 - 36.4 dB,,,,0
Thermaltake CLP0532,,2500,2500 RPM,34 dB,,,,0
Thermaltake CLP0550,,740,3700,740 - 3700 RPM,21 - 40 dB,,,,0
Thermaltake CLP0555,,300,2500,300 - 2500 RPM,12 - 16 dB,,,,0
Thermaltake CL-P0101,,600,3700,600 - 3700 RPM,15 - 46.5 dB,,,,0
Cooler Master CHD-00008-01-GP,71.72,2200,2200 RPM,22 dB,,,,5
EVGA M020-00-000234,,750,2500,750 - 2500 RPM,13.2 - 41.5 dB,,,,5
Enzotech Extreme-X Rev.A,,https://cdna.pcpartpicker.com/static/forever/images/product/413c2ce859f4827548886e35e3858762.256p.jpg,1000 - 2500 RPM,15.8 - 43.3 dB,,,,0
Evercool HPI-12025,,https://cdna.pcpartpicker.com/static/forever/images/product/eab0c48c0293a20ecc4f4f006b559379.256p.jpg,1200 - 1800 RPM,23 - 30 dB,,,,0
Zalman CNPS7X LED,,1250,1950,1250 - 1950 RPM,17 - 25 dB,,,,3
Gelid Solutions Rev. 1 Tranquillo,,750,1500,750 - 1500 RPM,12 - 25.5 dB,,,,4
Gelid Solutions Slim Silence 775,,https://cdna.pcpartpicker.com/static/forever/images/product/ef484f98b53425d1f382ecff2cc7c9c4.256p.jpg,1100 - 2300 RPM,15 - 24.5 dB,,,,0
Gelid Solutions Slim Silence AM2,,1200,2500,1200 - 2500 RPM,15 - 27.2 dB,,,,0
Logisys AC2200BT,,2200,2200 RPM,30.1 dB,,,,0
Logisys AC4400BT,,2200,2200 RPM,30.1 dB,,,,4
Logisys IC106,,2200,2200 RPM,25 dB,,,,0
Logisys IC207,,2500,2500 RPM,25 dB,,,,0
Logisys IC4100AST,,2200,2200 RPM,30.1 dB,,,,0
TUNIQ T-120-LFB,,1000,2000,1000 - 2000 RPM,,,,,0
TUNIQ Tower 120,,1000,2000,1000 - 2000 RPM,,,,,0
Antec KUHLER H2O 920,,700,2400,700 - 2400 RPM,27.4 dB,120,120 mm,120 mm,4
Sunbeam Twister 120,,,16,16 dB,,,,0
Sunbeam CR-CCTF92-4,,1200,2200,1200 - 2200 RPM,27 dB,,,,0
Thermalright Venomous X - RT,,1300,1300 RPM,24.1 dB,,,,0
Thermalright Silver Arrow,,https://cdna.pcpartpicker.com/static/forever/images/product/0133b572a0d14c70b8dc2a63d8edeafd.med.256p.jpg,500 - 1300 RPM,17 - 21 dB,,,,0
Corsair H70 Core,,,,,120,120 mm,120 mm,0
Enermax ETD-T60-TB,,https://cdna.pcpartpicker.com/static/forever/images/product/4b24eb9ede5dac7ba7d9de739b750f0a.256p.jpg,800 - 1800 RPM,10 - 21 dB,,,,4
Enermax ETD-T60-VD,,800,1800,800 - 1800 RPM,16 - 21 dB,,,,0
Enermax ETS-T40-TA,,800,1800,800 - 1800 RPM,16 - 21 dB,,,,4
Evercool HPKC-10025EA,,https://cdna.pcpartpicker.com/static/forever/images/product/b26932e70f8adb91b0f6682e6ec67e8c.256p.jpg,1800 RPM,23 dB,,,,5
Evercool HPM-12025,,800,2500,800 - 2500 RPM,15 - 35 dB,,,,0
Gelid Solutions Slim Silence I-Plus,,1200,2600,1200 - 2600 RPM,15 - 27.8 dB,,,,0
Gelid Solutions CC-GX7-01-A,,https://cdna.pcpartpicker.com/static/forever/images/product/26f28469a547178a810b0b0f102d419e.med.256p.jpg,600 - 1800 RPM,10 - 26.8 dB,,,,0
Zalman CNPS7700ALCULED,,1000,2000,1000 - 2000 RPM,22.7 - 37.1 dB,,,,0
ZEROtherm BTF90,,750,2500,750 - 2500 RPM,18 - 27 dB,,,,0
ZEROtherm ZT-1000D 775,,2500,2500 RPM,,,,,0
ZEROtherm ZT-1000D 1156,,3000,3000 RPM,,,,,0
SilenX EFZ-100HA1,,1000,2000,1000 - 2000 RPM,8 - 24 dB,,,,0
Enermax ETS-T40-VD,,800,1800,800 - 1800 RPM,16 - 21 dB,,,,4
Scythe SCNJ-3100,,470,1900,470 - 1900 RPM,7.05 - 37 dB,,,,0
SilenX EFZ-120HA4,,800,2000,800 - 2000 RPM,8 - 28 dB,,,,0
Prolimatech PRO-GNSS,,https://cdna.pcpartpicker.com/static/forever/images/product/ef0d39322b054ac04fcb791e85743d81.256p.jpg,800 - 1600 RPM,,,,,0
Titan TTC-NK35TZ/RPW/V2,,900,2800,900 - 2800 RPM,12 - 31 dB,,,,0
Prolimatech PRO-PNTH,,https://cdna.pcpartpicker.com/static/forever/images/product/7352d25dfbecc028d6cde3e31905f1c3.med.256p.jpg,,,,,,0
NZXT HAVIK 140,,1200,1200 RPM,25 dB,,,,4
Thermaltake CLP0533,,1000,6000,1000 - 6000 RPM,21 - 48 dB,,,,0
Prolimatech PRO-MGH-C,,,26,26 dB,,,,0
Nexus FLC-3000 R2,,900,2500,900 - 2500 RPM,15 - 24 dB,,,,0
Scythe SCBSK-2000,,,9.32,33.67,9.32 - 33.67 dB,,,,0
Logisys IC231PWM,,900,2400,900 - 2400 RPM,17.8 - 32.5 dB,,,,0
Logisys IC211HTPC,,2600,2600 RPM,28 dB,,,,0
Logisys MC4004IEXT,,https://cdna.pcpartpicker.com/static/forever/images/product/f6a25f570389b5e21c3c7de15f0384a3.med.256p.jpg,900 - 2200 RPM,17.8 - 28.1 dB,,,,0
Logisys MC106,,1500,1500 RPM,19 dB,,,,0
Logisys MC6001IM,,700,1200,700 - 1200 RPM,18.2 - 26.7 dB,,,,0
Logisys MC4005IB,,900,1500,900 - 1500 RPM,21.4 - 32.1 dB,,,,0
Logisys MC4001IM,,500,1500,500 - 1500 RPM,17.8 - 27.6 dB,,,,0
Logisys MC4002IW,,500,1500,500 - 1500 RPM,17.8 - 27.6 dB,,,,0
Logisys MC6002GS,,500,1500,500 - 1500 RPM,17.6 - 27.6 dB,,,,0
Logisys IC221PWM,,900,2400,900 - 2400 RPM,17.8 - 26.4 dB,,,,5
Logisys MC2001IE,,2200,2200 RPM,23.4 dB,,,,0
Logisys IC4300X4,,400,2800,400 - 2800 RPM,17.8 - 40.7 dB,,,,0
SilenX EFZ-120HA3,,800,2000,800 - 2000 RPM,,,,,0
Phanteks PH-TC14PE_OR,,https://cdna.pcpartpicker.com/static/forever/images/product/247d70b4b7b0c4caf5e0b9e36f3d2c52.med.256p.jpg,700 - 1200 RPM,13.4 - 19 dB,,,,5
Phanteks PH-TC14PE_RD,,700,1200,700 - 1200 RPM,13.4 - 19 dB,,,,4
Phanteks PH-TC14PE_BL,,700,1200,700 - 1200 RPM,13.4 - 19 dB,,,,4
Zalman CNPS20LQ,,900,2000,900 - 2000 RPM,17 - 36 dB,120,120 mm,120 mm,5
Cooler Master X6 Elite,,600,1800,600 - 1800 RPM,9 - 34.6 dB,,,,3
Thermaltake Water 2.0 Performer,,1200,2000,1200 - 2000 RPM,10 - 27.36 dB,120,120 mm,120 mm,4
NZXT HAVIK 120,,1200,1500,1200 - 1500 RPM,18 - 22 dB,,,,4.5
Phanteks PH-TC14CS,,700,1200,700 - 1200 RPM,13.4 - 19 dB,,,,0
Masscool 7WA868,,800,2800,800 - 2800 RPM,19 - 27 dB,,,,0
Zalman CNPS11X Performa,,1000,1600,1000 - 1600 RPM,17 - 26 dB,,,,4
Thermaltake A1964,,5500,5500 RPM,,,,,0
Scythe SCKC-2100,,500,1300,500 - 1300 RPM,9.6 - 24.7 dB,,,,0
Zalman CNPS8900 Extreme,,1250,2800,1250 - 2800 RPM,19.5 - 35 dB,,,,4
Evercool TTC-NK85TZ/V2(RB),,https://cdna.pcpartpicker.com/static/forever/images/product/bfde4ec3a6804f6a645421ea83ade9ef.med.256p.jpg,800 - 2150 RPM,17.2 - 39 dB,,,,0
Evercool NI2011E-9525EP,,https://cdna.pcpartpicker.com/static/forever/images/product/876420454812b5ddb452903bd950fb18.med.256p.jpg,1000 - 3000 RPM,28 dB,,,,0
Evercool TTC-NK35TZ/RPW/V3,,https://cdna.pcpartpicker.com/static/forever/images/product/9545b23c59b2046eac16eab6146b55d0.med.256p.jpg,900 - 2800 RPM,12 - 31 dB,,,,0
ARCTIC Freezer i30 Extreme,,400,1350,400 - 1350 RPM,,,,,5
ARCTIC Freezer A30,,400,1350,400 - 1350 RPM,,,,,5
Xigmatek ld964,,1000,2800,1000 - 2800 RPM,22 dB,,,,0
Scythe SCMG-3100,,300,1600,300 - 1600 RPM,9.6 - 32.15 dB,,,,4
Titan EC-TTC-NC05TZ,,800,1500,800 - 1500 RPM,15.3 - 29 dB,,,,0
Dynatron R9,39.95,1000,4500,1000 - 4500 RPM,13.14 - 45.9 dB,,,,0
Vantec VAF-1225,,1000,2200,1000 - 2200 RPM,20 - 32 dB,,,,0
Dynatron R22,,,,,,,,0
Scythe SCSMZ-2100,,https://cdna.pcpartpicker.com/static/forever/images/product/e880be367f0b5246c921992ed463d8e3.256p.jpg,300 - 2500 RPM,7.2 - 31.07 dB,,,,0
Dynatron R19,,,,,,,,0
Phanteks PH-TC14CS_BL,,https://cdna.pcpartpicker.com/static/forever/images/product/f8ef97f85538a19167c7d6d2df3b227d.256p.jpg,700 RPM,13.4 - 19 dB,,,,0
Thermaltake CLP0596,,800,2000,800 - 2000 RPM,21 - 44 dB,,,,0
Phanteks PH-TC14CS_BK,,700,700 RPM,13.4 - 19 dB,,,,5
Enermax ELC120-TB,,800,2200,800 - 2200 RPM,17.3 - 31.2 dB,120,120 mm,120 mm,0
Enermax ELC120-TA,,800,2200,800 - 2200 RPM,18.5 - 32.8 dB,120,120 mm,120 mm,0
Phanteks PH-TC90LS,,1000,2500,1000 - 2500 RPM,19 - 26 dB,,,,4
Phanteks PH-TC12DX_RD,,600,1800,600 - 1800 RPM,21.9 - 27.6 dB,,,,4.5
Zalman LQ-320,,900,2000,900 - 2000 RPM,120,120,120 mm,120 mm,4.5
Zalman LQ-315,,900,2000,900 - 2000 RPM,120,120,120 mm,120 mm,4.5
Zalman CNPS9900 D/F,,900,1400,900 - 1400 RPM,19 - 27 dB,,,,0
Zalman CNPS7000V(AL)-1-PWM,,800,2600,800 - 2600 RPM,20 - 32 dB,,,,3
Titan TTC-NC55TZ/RB,,https://cdna.pcpartpicker.com/static/forever/images/product/d5b8a49bacc7595c3c0df064cb01fdfb.med.256p.jpg,1800 - 2200 RPM,28.8 - 38 dB,,,,0
Gelid Solutions Silent Spirit,,900,2400,900 - 2400 RPM,10 - 25.8 dB,,,,0
ARCTIC Freezer i30 CO,,400,1350,400 - 1350 RPM,,,,,0
Swiftech H220,,1200,3000,1200 - 3000 RPM,16 - 33 dB,240,240 mm,240 mm,4
Cooler Master Eisberg 120L Prestige,,1600,1600 RPM,20.5 dB,120,120 mm,120 mm,3
Cooler Master Eisberg 240L Prestige,,1600,1600 RPM,20.5 dB,240,240 mm,240 mm,2
Cooler Master RR-T812-24PK-R2,,600,2400,600 - 2400 RPM,19 - 40 dB,,,,0
Gelid Solutions Black Edition,,750,1600,750 - 1600 RPM,25.4 - 25.5 dB,,,,0
Silverstone AR01,,1000,2200,1000 - 2200 RPM,16.39 - 33.5 dB,,,,4.5
Prolimatech PRO-GNSS-BK,,,0,0 dB,,,,5
Silverstone TD02,,1500,2500,1500 - 2500 RPM,16 - 33.5 dB,240,240 mm,240 mm,0
Silverstone TD03,,1500,2500,1500 - 2500 RPM,16 - 33.5 dB,120,120 mm,120 mm,4
Thermaltake Water 3.0 Extreme,,1000,2000,1000 - 2000 RPM,20 dB,240,240 mm,240 mm,4
Thermaltake NiC C5,,https://cdna.pcpartpicker.com/static/forever/images/product/37902f16a7bb7ba2b003008eb1f3f634.256p.jpg,1000 - 2000 RPM,20 - 39.9 dB,,,,4
Zalman CNPS90F,,2300,2300 RPM,29 dB,,,,0
Enermax ETS-T40-BK,,800,1800,800 - 1800 RPM,16 - 26 dB,,,,4.5
Thermaltake CLP0605,,800,1600,800 - 1600 RPM,18 - 30.2 dB,,,,3.5
Thermalright TS-120M(BW),,https://cdna.pcpartpicker.com/static/forever/images/product/edc2565d83dc9fb675749a360cf5c087.med.256p.jpg,600 - 1300 RPM,24.5 dB,,,,0
Thermalright TS-140,,https://cdna.pcpartpicker.com/static/forever/images/product/d34c11801ba40256b4ce5fb20c4dadc0.256p.jpg,900 - 1300 RPM,17 - 21 dB,,,,4
Scythe SCKC-3000,,500,1300,500 - 1300 RPM,13 - 30.7 dB,,,,4
Scythe Mugen 4,,400,1400,400 - 1400 RPM,5.3 - 28 dB,,,,4.5
Xigmatek Praeton LD963,,1200,2800,1200 - 2800 RPM,22 dB,,,,0
Thermalright HR-02 Rev.A(BW),,900,1300,900 - 1300 RPM,17 - 21 dB,,,,5
Gelid Solutions Siberian Pro,,900,2200,900 - 2200 RPM,10 - 23.5 dB,,,,0
Antec KUHLER H2O 950,59.13,,,,120,120 mm,120 mm,0
ARCTIC Freezer A11,68,https://cdna.pcpartpicker.com/static/forever/images/product/0996462fd90516d032c4ec2b76b97027.256p.jpg,500 - 2000 RPM,22.5 dB,,,,4
Enermax ELC-LM120S-TAA,,2500,2500 RPM,30 dB,120,120 mm,120 mm,0
Thermaltake NiC L31,,500,1800,500 - 1800 RPM,18 - 34.79 dB,,,,4
Thermaltake NiC L32,,500,1800,500 - 1800 RPM,18 - 38.4 dB,,,,0
Thermaltake CLP0604,,1200,2100,1200 - 2100 RPM,21 - 48 dB,,,,0
Thermalright HR-22,,,,,,,,0
Thermalright TRUE Spirit 90M Rev.A,,800,2000,800 - 2000 RPM,27 dB,,,,0
RAIJINTEK THEMIS Evo,51.97,1000,1500,1000 - 1500 RPM,24.53 dB,,,,0
RAIJINTEK EreBoss,,https://cdna.pcpartpicker.com/static/forever/images/product/d20c1dc50011d2ddca073a0dad28da58.256p.jpg,600 - 1400 RPM,28 dB,,,,4
RAIJINTEK ZELOS,,800,1400,800 - 1400 RPM,20 dB,,,,0
RAIJINTEK RHEA,,800,2200,800 - 2200 RPM,27.9 dB,,,,4
RAIJINTEK EREBOSS BLACK,,https://cdna.pcpartpicker.com/static/forever/images/product/88dcf6d1078500fa6e50b82df5c9a137.256p.jpg,650 - 1400 RPM,28 dB,,,,0
RAIJINTEK AIDOS BLACK,,1000,2200,1000 - 2200 RPM,28.87 dB,,,,4
Zalman Reserator 3 MAX Dual,,1000,2300,1000 - 2300 RPM,23.2 - 46.6 dB,240,240 mm,240 mm,0
LEPA LPALV12-BK,,2200,2200 RPM,23 dB,,,,0
Zero Infinity Shiva,,2200,2200 RPM,,,,,0
Scythe Ashura Shadow,,500,1300,500 - 1300 RPM,13 - 30.7 dB,,,,0
Deepcool GABRIEL,,https://cdna.pcpartpicker.com/static/forever/images/product/66e5a6152a9ea4fe9a60afce975a5aa4.256p.jpg,900 - 1800 RPM,18.2 - 32.4 dB,,,,4
Deepcool GAMMAXX 200,,900,2200,900 - 2200 RPM,17.8 - 34.6 dB,,,,4
Deepcool CAPTAIN 240,,600,2200,600 - 2200 RPM,17.6 - 39.29 dB,240,240 mm,240 mm,4
RAIJINTEK TRITON RED,,https://cdna.pcpartpicker.com/static/forever/images/product/02d822d6341f5ca03fd85be10caae09f.256p.jpg,1000 - 2600 RPM,21.6 - 36.6 dB,240,240 mm,240 mm,0
Thermaltake CL-P008-AL09WT-A,,1800,1800 RPM,21 dB,,,,0
Thermaltake Gravity A1,,1800,1800 RPM,22.3 dB,,,,0
Swiftech H240-X,,700,1800,700 - 1800 RPM,8.3 - 28.8 dB,280,280 mm,280 mm,4.5
Prolimatech Basic 65,,https://cdna.pcpartpicker.com/static/forever/images/product/eb92224f0dfa5bf101e4625ffc5acf45.256p.jpg,600 - 1600 RPM,,,,,0
Prolimatech Basic 68,,https://cdna.pcpartpicker.com/static/forever/images/product/b2159b380ae2e426103f7f2bd75f29f8.256p.jpg,600 - 1600 RPM,,,,,0
Prolimatech Basic 81,,600,1600,600 - 1600 RPM,,,,,0
Fractal Design Kelvin S36,,https://cdna.pcpartpicker.com/static/forever/images/product/6f2ebf97cac53f15df22cb1ba0be3cbd.256p.jpg,800 - 1700 RPM,26.9 dB,360,360 mm,360 mm,5
Masscool 5T568S1H3,,4200,4200 RPM,31.8 dB,,,,0
LEPA AquaChanger 240,,https://cdna.pcpartpicker.com/static/forever/images/product/981d20cbb3cc6d10ab73a0d85e352cd2.256p.jpg,500 - 2300 RPM,14 - 35 dB,240,240 mm,240 mm,4.5
Phanteks PH-TC14S_BK,,https://cdna.pcpartpicker.com/static/forever/images/product/ee58e903fe46357316a509fe71db3057.256p.jpg,500 - 1600 RPM,25.3 dB,,,,4.5
Zalman CNPS9300 AT,,1500,2400,1500 - 2400 RPM,20 - 30 dB,,,,0
Xigmatek Loki II,,1200,2800,1200 - 2800 RPM,20 - 28 dB,,,,0
Xigmatek Gaia II,,800,1500,800 - 1500 RPM,16 - 24 dB,,,,4.5
Cooler Master Glacer 240L Ver. 2,,2400,2400 RPM,19 - 40.33 dB,240,240 mm,240 mm,4
Cooler Master Blizzard T2 mini,,2200,2200 RPM,22 dB,,,,0
Evercool TRANSFORMER S,,2200,2200 RPM,20 dB,,,,0
X2 ECLIPSE IV,,800,2000,800 - 2000 RPM,10 - 24 dB,,,,0
Silverstone TD02-E,,1500,2500,1500 - 2500 RPM,18 - 35 dB,240,240 mm,240 mm,4.5
Silverstone TD03-E,,1500,2500,1500 - 2500 RPM,18 - 35 dB,120,120 mm,120 mm,4
Cooler Master TPC 812XS,,500,1600,500 - 1600 RPM,8 - 30 dB,,,,0
Thermaltake BigTyp Revo.,,800,1800,800 - 1800 RPM,20 dB,,,,0
Cooler Master GeminII S524 Ver 2,,2000,2000 RPM,22 dB,,,,4
Thermalright Macho Zero,,,0,0 dB,,,,0
Silverstone AR04,,1500,3400,1500 - 3400 RPM,18 - 26 dB,,,,0
Xigmatek Dark Knight SD1483 Frostbourne,,800,1200,800 - 1200 RPM,18 dB,,,,0
Swiftech H140-X,,700,1800,700 - 1800 RPM,8.3 - 28.8 dB,140,140 mm,140 mm,0
Enermax Liqmax II 240,,500,2000,500 - 2000 RPM,16 - 35 dB,240,240 mm,240 mm,4
Silverstone TD02-LITE,,1500,2500,1500 - 2500 RPM,18 - 35 dB,240,240 mm,240 mm,4
SilentiumPC Spartan LT HE922,,800,2000,800 - 2000 RPM,9.9 - 21.9 dB,,,,0
Scythe SCNJ-4000,,300,1500,300 - 1500 RPM,4 - 29.5 dB,,,,5
CRYORIG A40 ULTIMATE,,https://cdna.pcpartpicker.com/static/forever/images/product/d3f98197f335fa1e6e3906fa463e920d.256p.jpg,600 - 2200 RPM,13 - 37 dB,240,240 mm,240 mm,4
Deepcool ASSASSIN II,,300,1400,300 - 1400 RPM,17.8 - 27.3 dB,,,,4
Enermax ETS-T40F-RF,,500,1200,500 - 1200 RPM,10 - 19 dB,,,,0
Enermax ETS-T40F-W,,2200,2200 RPM,27 dB,,,,4.5
Cooler Master X6,,600,1900,600 - 1900 RPM,8 - 27 dB,,,,0
Silverstone TD03-SLIM,,800,2200,800 - 2200 RPM,16.5 - 27.4 dB,120,120 mm,120 mm,0
ARCTIC Freezer i32 CO,,https://cdna.pcpartpicker.com/static/forever/images/product/2369fb59319fea63d4c3ee118f2983fc.256p.jpg,,,,,,4
ID-COOLING IS-40,,300,2500,300 - 2500 RPM,14 - 33 dB,,,,0
ID-COOLING IS-40PRO,,300,2500,300 - 2500 RPM,14 - 33 dB,,,,0
ID-COOLING IS-50,,https://cdna.pcpartpicker.com/static/forever/images/product/ae8adb947ff6ab19c49dccc50f00310d.256p.jpg,600 - 1600 RPM,13.8 - 30.2 dB,,,,0
Gelid Solutions Antarctica,59.57,https://cdna.pcpartpicker.com/static/forever/images/product/dd6856f8dbeda4ba84b920ff22bcff72.256p.jpg,450 - 4500 RPM,27.8 dB,,,,0
Deepcool CAPTAIN 240 WHITE,,600,2200,600 - 2200 RPM,17.6 - 39.29 dB,240,240 mm,240 mm,4.5
ARCTIC Freezer i11 CO,,500,2000,500 - 2000 RPM,,,,,0
Scythe FUMA,,300,1400,300 - 1400 RPM,13 - 28 dB,,,,4
ID-COOLING DK-01,,800,2500,800 - 2500 RPM,12 - 28.8 dB,,,,0
ID-COOLING FI-REEX,,800,1800,800 - 1800 RPM,16.2 - 29.2 dB,,,,0
ID-COOLING FI-VC,,1600,1600 RPM,21 dB,,,,0
ID-COOLING IS-25,,https://cdna.pcpartpicker.com/static/forever/images/product/860743345c3d2ace44527be9316fec9b.256p.jpg,800 - 2700 RPM,14 - 23 dB,,,,0
ID-COOLING IS-25i,,800,2700,800 - 2700 RPM,14 - 23 dB,,,,0
ID-COOLING SE-203,,800,1800,800 - 1800 RPM,16.2 - 29.2 dB,,,,0
ID-COOLING SE-203K,,1800,1800 RPM,16.2 - 29.2 dB,,,,0
ID-COOLING SE-205,,1600,1800,1600 - 1800 RPM,16.2 - 29.2 dB,,,,0
ID-COOLING SE-213,,800,1600,800 - 1600 RPM,16 - 20.2 dB,,,,0
ID-COOLING SE-213i,,800,1600,800 - 1600 RPM,16 - 20.2 dB,,,,0
ID-COOLING SE-214i,,800,1800,800 - 1800 RPM,16.2 - 29.2 dB,,,,0
ID-COOLING SE-902,,https://cdna.pcpartpicker.com/static/forever/images/product/3b77d1a558b7309c24f09ddc701125d9.256p.jpg,600 - 2200 RPM,14 - 23.8 dB,,,,0
Antec Kühler H600 Pro,,600,2400,600 - 2400 RPM,16 - 35 dB,120,120 mm,120 mm,4
Noctua NH-U9DO A3,,1000,1600,1000 - 1600 RPM,7.9 - 17.6 dB,,,,0
Deepcool Maelstrom 120T,,600,1800,600 - 1800 RPM,17.8 - 34.1 dB,120,120 mm,120 mm,4.5
Deepcool CAPTAIN 120 WHITE,,https://cdna.pcpartpicker.com/static/forever/images/product/c9b650908371af539bd627a9f2773c81.256p.jpg,600 - 2200 RPM,17.6 - 39.29 dB,120,120 mm,120 mm,5
ID-COOLING FROSTFLOW 240L-R,,800,2000,800 - 2000 RPM,20 - 38.2 dB,240,240 mm,240 mm,4
Reeven Okeanos,,300,1800,300 - 1800 RPM,4 - 23.6 dB,,,,0
Reeven Justice,,https://cdna.pcpartpicker.com/static/forever/images/product/0c3f6cb10b5a6b6d952b3ac981772517.256p.jpg,300 - 1500 RPM,4 - 29.8 dB,,,,0
Reeven Ouranos,,300,1700,300 - 1700 RPM,5.8 - 36.4 dB,,,,0
Reeven Chrono Guard,,300,2500,300 - 2500 RPM,7.2 - 31.1 dB,,,,4
Reeven Arcziel,,300,2500,300 - 2500 RPM,7.2 - 31.1 dB,,,,0
Reeven Brontes,,650,2200,650 - 2200 RPM,10.5 - 31.67 dB,,,,0
Reeven Hans RC-1205n,,300,1500,300 - 1500 RPM,4 - 29.8 dB,,,,0
Reeven Hans,,300,1500,300 - 1500 RPM,4 - 29.8 dB,,,,0
Reeven Steropes,,500,2000,500 - 2000 RPM,9.32 - 33.67 dB,,,,0
Deepcool CAPTAIN 120EX WHITE,,https://cdna.pcpartpicker.com/static/forever/images/product/96f1bc43f12c263d080d5a8c7f17b1fa.256p.jpg,500 - 1800 RPM,17.6 - 31.3 dB,120,120 mm,120 mm,4
Thermaltake Riing Silent 12 Pro Red,,https://cdna.pcpartpicker.com/static/forever/images/product/4dcd795944f7b9c3869cfef72c926830.256p.jpg,300 - 1400 RPM,12 - 19 dB,,,,0
Deepcool Maelstrom 240,,600,2200,600 - 2200 RPM,17.6 - 39.3 dB,240,240 mm,240 mm,4.5
Deepcool Maelstrom 240T,,600,1800,600 - 1800 RPM,17.8 - 34.1 dB,240,240 mm,240 mm,0
Deepcool NEPTWIN,,900,1500,900 - 1500 RPM,17.8 - 30 dB,,,,0
RAIJINTEK EREBOSS CORE EDITION,,https://cdna.pcpartpicker.com/static/forever/images/product/029d93073a0ec374712773e24405a024.256p.jpg,0,0 dB,,,,0
ID-COOLING ICEKIMO 120W,,https://cdna.pcpartpicker.com/static/forever/images/product/f63cca05e0c729e822e2161c07a46cbc.256p.jpg,2500 RPM,18 - 26.4 dB,120,120 mm,120 mm,5
Cooler Master MasterAir Pro 3,,https://cdna.pcpartpicker.com/static/forever/images/product/bb9633d4e5d8cb913fc16b4c0bf163cb.256p.jpg,650 - 3000 RPM,6 - 30 dB,,,,0
Alpenföhn Sella,,https://cdna.pcpartpicker.com/static/forever/images/product/564b0a3f9745eb12c5efb016395cc5a0.256p.jpg,850 - 2200 RPM,14 - 29.8 dB,,,,0
Alpenföhn Olymp,,300,1400,300 - 1400 RPM,8 - 26.8 dB,,,,0
Alpenföhn Matterhorn Rev. C – White Edition,,500,1500,500 - 1500 RPM,18.2 dB,,,,5
Alpenföhn Matterhorn Rev. C – Black Edition,,https://cdna.pcpartpicker.com/static/forever/images/product/fa18a1656681c1b7d8204c6994f41ddc.256p.jpg,500 - 1500 RPM,18.2 dB,,,,0
Alpenföhn Panorama rev.B,,https://cdna.pcpartpicker.com/static/forever/images/product/2cd5c49ab3fe225b0a7cda3477d48d29.256p.jpg,900 - 2000 RPM,14 - 22.1 dB,,,,0
Silverstone Tundra TD02-SLIM,,800,2200,800 - 2200 RPM,16.5 - 27.4 dB,240,240 mm,240 mm,0
Cooler Master Seidon 240P,,800,2400,800 - 2400 RPM,12 - 35 dB,240,240 mm,240 mm,0
Cooler Master Seidon 240V,,800,2400,800 - 2400 RPM,12 - 35 dB,240,240 mm,240 mm,3
Silverstone Argon AR10-115XS,,https://cdna.pcpartpicker.com/static/forever/images/product/b396bf269eec966dcea6cb31759f9a84.256p.jpg,500 - 4000 RPM,18.07 - 39.03 dB,,,,0
RIOTORO BIFROST 240,,https://cdna.pcpartpicker.com/static/forever/images/product/3ca054d859802ac4165fa6017054bd81.256p.jpg,,,240,240 mm,240 mm,0
RIOTORO BIFROST 120TI,,https://cdna.pcpartpicker.com/static/forever/images/product/e9a1f18277e86b83483a6fa293949543.256p.jpg,,,120,120 mm,120 mm,0
Enermax LiqTech TR4 240,,https://cdna.pcpartpicker.com/static/forever/images/product/1a80e7603c87ba5c876807aa8fb5473a.256p.jpg,500 - 2300 RPM,14 - 28 dB,240,240 mm,240 mm,4
ARCTIC Freezer 33 eSports Edition (Black/Yellow),,200,1800,200 - 1800 RPM,24.4 dB,,,,0
ARCTIC Freezer 12 CO,,https://cdna.pcpartpicker.com/static/forever/images/product/0bba816a90730dfcc2a3a4953cb9d666.256p.jpg,22.5,22.5 dB,,,,0
ARCTIC Freezer 33 Plus,,https://cdna.pcpartpicker.com/static/forever/images/product/f20517310f05025d3e41e9eadd185ca2.256p.jpg,22.5,22.5 dB,,,,0
Scythe Kabuto 3,,300,1400,300 - 1400 RPM,4 - 28 dB,,,,0
Thermalright AXP-100H MUSCLE,,900,2500,900 - 2500 RPM,22 - 30 dB,,,,0
Enermax ETS-N30R-HE,,600,2800,600 - 2800 RPM,12 - 28 dB,,,,0
Zalman CNPS8X Optima,,1200,2100,1200 - 2100 RPM,18.2 - 30 dB,,,,0
RAIJINTEK LETO W,,https://cdna.pcpartpicker.com/static/forever/images/product/4d3298c89bb27650fe740b56fb7809f1.256p.jpg,800 - 1800 RPM,29 dB,Black / Blue,,,0
ID-COOLING AURAFLOW 120,,https://cdna.pcpartpicker.com/static/forever/images/product/2e9fdf1460ed127212560bb73b28863f.256p.jpg,700 - 1800 RPM,18 - 35.2 dB,Black,120 mm,120 mm,0
Scythe SCBYK-1000,,https://cdna.pcpartpicker.com/static/forever/images/product/616c03939cfb4af275e73cbf6ea0cd65.256p.jpg,300 - 2300 RPM,7.2 - 28.26 dB,Silver / Black,,,0
Enermax Liqtech TR4 II 280,,https://cdna.pcpartpicker.com/static/forever/images/product/e2fd447f4fe20642a12ea6602524ab00.256p.jpg,500 - 1500 RPM,14 - 25 dB,Black,280 mm,280 mm,0
ID-COOLING Chromaflow240,,https://cdna.pcpartpicker.com/static/forever/images/product/390540d58cbfa8f5f5d0ef3e9271d55f.256p.jpg,900 - 2000 RPM,16.3 - 33.5 dB,Black,240 mm,240 mm,4
Deepcool Castle 360 RGB,,500,1800,500 - 1800 RPM,30 dB,Black,360 mm,360 mm,5
RAIJINTEK MYA RBW,,https://cdna.pcpartpicker.com/static/forever/images/product/d615e581ebf948ffcb7be7b8be47da0c.256p.jpg,200 - 1400 RPM,28.43 dB,Black,,,0
RAIJINTEK DELOS RBW,,https://cdna.pcpartpicker.com/static/forever/images/product/af814a1331d07384f2084d1aee98a8bf.256p.jpg,650 - 2000 RPM,22.95 dB,Black,,,0
Akasa Venom,,600,1900,600 - 1900 RPM,6.9 - 28.9 dB,Yellow / Black,,,0
FSP Group Windale 4,38.1,600,1600,600 - 1600 RPM,32 dB,Black / Silver,,,0
SilentiumPC Navis RGB 280,,https://cdna.pcpartpicker.com/static/forever/images/product/b9641542525d74886b003212c60c4d6f.256p.jpg,800 - 1800 RPM,Black,Black,280 mm,280 mm,5
Thermalright ARO-M14O,,300,1300,300 - 1300 RPM,15 - 21 dB,Orange / Silver,,,0
Deepcool GAMMAXX 400R,,900,1500,900 - 1500 RPM,17.8 - 30 dB,Red / Silver,,,5
GAMDIAS CHIONE P1A-360R,116.99,https://cdna.pcpartpicker.com/static/forever/images/product/bfb150814af29e10402dbc78c064d661.256p.jpg,800 - 1500 RPM,16 - 22 dB,Black,360 mm,360 mm,0
Thermalright ARO-M14G,,300,1300,300 - 1300 RPM,15 - 21 dB,,,,5
Thermalright Macho 120 SBM,,https://cdna.pcpartpicker.com/static/forever/images/product/b9b38073b350658bc329e3462813481d.256p.jpg,300 - 1300 RPM,21 - 33 dB,Black / White,,,4
Enermax Liqtech II 280,,https://cdna.pcpartpicker.com/static/forever/images/product/1b9ef38f3dbbcbcbd95086009a3b2a42.256p.jpg,500 - 1500 RPM,14 - 25 dB,Black,280 mm,280 mm,0
Cooler Master MasterLiquid ML240 RGB (TR4 Edition),,https://cdna.pcpartpicker.com/static/forever/images/product/fcab7dc830b5e730c430a34d86626cec.256p.jpg,650 - 2000 RPM,6 - 30 dB,Black,240 mm,240 mm,0
Rosewill PB120-RGB,,https://cdna.pcpartpicker.com/static/forever/images/product/7282c9c12d7925c51b674481e600e9a9.256p.jpg,800 - 1800 RPM,27.8 dB,Black,120 mm,120 mm,4
Silverstone Tundra SST-TD02-LITE-V2,,https://cdna.pcpartpicker.com/static/forever/images/product/a7bf36022a683182eac227f42ea24546.256p.jpg,1500 - 2500 RPM,18 - 35 dB,Black / White,240 mm,240 mm,0
Silverstone HE01-V2,,https://cdna.pcpartpicker.com/static/forever/images/product/2c2d1a6132040de1d0eea4d4f332790a.256p.jpg,500 - 2000 RPM,18 - 41 dB,Silver / Black,,,0
Silverstone AR01-V2.1,,https://cdna.pcpartpicker.com/static/forever/images/product/aeb2648f3daf7ca1c7732fbefd24db32.256p.jpg,600 - 2200 RPM,15 - 38 dB,Black / White,,,0
Phanteks PH-TC12LS_RGB,,https://cdna.pcpartpicker.com/static/forever/images/product/7c54448dcab3beda74783e3beaafa8f7.256p.jpg,25,25 dB,Black / White,,,0
ID-COOLING IS-50X,,https://cdna.pcpartpicker.com/static/forever/images/product/554350238ee3ce214ae5c1b9d83b0e2e.256p.jpg,600 - 1600 RPM,13.8 - 30.2 dB,Black,,,0
Thermaltake Floe Riing RGB 360 TR4 Edition,,1000,2000,1000 - 2000 RPM,21.8 - 33 dB,Black,360 mm,360 mm,4
Gelid Solutions Phantom,,https://cdna.pcpartpicker.com/static/forever/images/product/bc9e35cc2ecc558d3d0d763be8bee2ff.256p.jpg,750 - 1600 RPM,12 - 26.7 dB,Black / Silver,,,0
upHere CCF150RD,,600,1800,600 - 1800 RPM,16.1 - 27.7 dB,Black,,,0
upHere CCF150BE,,600,1800,600 - 1800 RPM,16.1 - 27.7 dB,Black,,,0
upHere AC12RGB,,600,1700,600 - 1700 RPM,16.1 - 27.7 dB,Black,,,0
upHere CC2401-usa,,600,1700,600 - 1700 RPM,16.1 - 27.7 dB,Black,240 mm,240 mm,0
upHere CC2402-usa,,600,1700,600 - 1700 RPM,16.1 - 27.7 dB,Black,240 mm,240 mm,0
Deepcool CAPTAIN 240 RGB V2,,https://cdna.pcpartpicker.com/static/forever/images/product/b5fca8a9234761825a765886d47fa672.256p.jpg,500 - 1800 RPM,30 dB,Black,240 mm,240 mm,5
RAIJINTEK Orcus 360,,800,1800,800 - 1800 RPM,23 dB,Black,360 mm,360 mm,0
RAIJINTEK Orcus 240,,https://cdna.pcpartpicker.com/static/forever/images/product/b12e1fddf829d2b62085f83a9d68be1c.256p.jpg,800 - 1800 RPM,23 dB,Black,240 mm,240 mm,0
RAIJINTEK Orcus 120 RGW,,https://cdna.pcpartpicker.com/static/forever/images/product/bdbfe687e681f5dd3ae4b05adeecfa89.256p.jpg,400 - 1800 RPM,28 dB,Black,120 mm,120 mm,0
RAIJINTEK Orcus 240 RGW,,https://cdna.pcpartpicker.com/static/forever/images/product/5231e94cc5d0102ab612d6b6807c9270.256p.jpg,400 - 1800 RPM,28 dB,Black,240 mm,240 mm,0
RAIJINTEK Orcus 280 RGW,69.99,https://cdna.pcpartpicker.com/static/forever/images/product/384841d4c0dde62f5d8921b9ba9e7c1c.256p.jpg,400 - 1800 RPM,28 dB,Black,280 mm,280 mm,0
RAIJINTEK Orcus 360 RGW,,https://cdna.pcpartpicker.com/static/forever/images/product/1bc3171f2ec55200bd0643003b420b23.256p.jpg,400 - 1800 RPM,28 dB,Black,360 mm,360 mm,0
In Win SR36,130,https://cdna.pcpartpicker.com/static/forever/images/product/9c56ba84603d82bc42b1e399836c32ca.256p.jpg,500 - 2500 RPM,23 dB,Black,360 mm,360 mm,0
Apacer ZADAK Spark 240,,https://cdna.pcpartpicker.com/static/forever/images/product/11025420a3a7088aef86599b8c248dd9.256p.jpg,500 - 1800 RPM,18 - 25 dB,Black,240 mm,240 mm,0
Apacer ZADAK Spark Lite 240,,800,2200,800 - 2200 RPM,Black,Black,240 mm,240 mm,0
CRYORIG R5,,700,1300,700 - 1300 RPM,19 - 23 dB,Black,,,0
Thermalright Silver Arrow 130,179.39,600,1500,600 - 1500 RPM,19 - 23 dB,Silver,,,0
GameMax Ice Chill 120,,https://cdna.pcpartpicker.com/static/forever/images/product/1cc86941e495a9c2bf5f7a9a0e052549.256p.jpg,800 - 1900 RPM,28.8 dB,Black,120 mm,120 mm,0
GAMDIAS CHIONE M1,99.99,600,1200,600 - 1200 RPM,Black,Black,280 mm,280 mm,0
MSI MAG CORELIQUID RH,,500,2000,500 - 2000 RPM,14.3 - 34.3 dB,Black,240 mm,240 mm,0
Thermalright Macho Rev.C Plus,,300,1300,300 - 1300 RPM,15 - 21 dB,Silver / Black,,,0
ID-COOLING DK-19 PWM,,https://cdna.pcpartpicker.com/static/forever/images/product/e613dcee3284595b05e4741b022806d3.256p.jpg,600 - 2200 RPM,14.2 - 25.8 dB,,,,0
ID-COOLING DK-03i PWM RED,,https://cdna.pcpartpicker.com/static/forever/images/product/800d0d8b1ae15818bdbca5ce0c22097e.256p.jpg,500 - 1800 RPM,16 - 20.2 dB,,,,0
ID-COOLING DK-03 RGB PWM,,https://cdna.pcpartpicker.com/static/forever/images/product/f217f5f5677e063fbd481cf32c1fd896.256p.jpg,800 - 1600 RPM,16 - 20.2 dB,,,,0
ID-COOLING DK-01T,,https://cdna.pcpartpicker.com/static/forever/images/product/5441a5599f0aa58d5f4e73b6d907bca2.256p.jpg,2200 RPM,23.8 dB,,,,0
ID-COOLING IS-50 MAX RGB,,https://cdna.pcpartpicker.com/static/forever/images/product/a94f522774a28ff1d994c234b3e985ed.256p.jpg,900 - 2000 RPM,16 - 31.5 dB,,,,0
ID-COOLING SE-914-XT ARGB V2,,https://cdna.pcpartpicker.com/static/forever/images/product/b7932403495a3c512b01f97223e7ef0d.256p.jpg,600 - 2200 RPM,14 - 25.8 dB,,,,0
ID-COOLING SE-913-R,,https://cdna.pcpartpicker.com/static/forever/images/product/07dae76f5af96ae89ff2079e99e13314.256p.jpg,600 - 2200 RPM,23.8 dB,,,,0
ID-COOLING SE-913-B,,https://cdna.pcpartpicker.com/static/forever/images/product/c108d90d5871bc130da4e2395a20c752.256p.jpg,600 - 2200 RPM,23.8 dB,,,,0
ID-COOLING SE-904TWIN,,https://cdna.pcpartpicker.com/static/forever/images/product/4003ab7939e5632e6ef09168d1a6dbe3.256p.jpg,600 - 2200 RPM,14 - 23.8 dB,,,,0
ID-COOLING SE-903-R V2,,https://cdna.pcpartpicker.com/static/forever/images/product/4b740283c623af3629aa59c0b27e8f09.256p.jpg,2200 RPM,23.1 dB,,,,0
ID-COOLING SE-207-TRX BLACK,,https://cdna.pcpartpicker.com/static/forever/images/product/630f45b065bba1f48d8a793ef188404c.256p.jpg,700 - 1800 RPM,15.2 - 35.2 dB,,,,0
ID-COOLING SE-224-XT ARGB DUET,,https://cdna.pcpartpicker.com/static/forever/images/product/d0e69c591ec24ee41aa26482c15a2cd2.256p.jpg,500 - 1500 RPM,13.8 - 30.5 dB,,,,0
ID-COOLING SE-224-XT ARGB V3,,https://cdna.pcpartpicker.com/static/forever/images/product/8184da5034c9462c713be351ac04cbd9.256p.jpg,500 - 1500 RPM,13.8 - 30.5 dB,,,,0
ID-COOLING SE-214V3,,https://cdna.pcpartpicker.com/static/forever/images/product/8be85981e4024a5132466e020866d738.256p.jpg,600 - 2200 RPM,14 - 35 dB,,,,0
ID-COOLING SE-213V3-R,,https://cdna.pcpartpicker.com/static/forever/images/product/1012c2034a7353e284d69035ead23ab9.256p.jpg,500 - 1600 RPM,16 - 20.2 dB,,,,0
ID-COOLING SE-213V3-B,,https://cdna.pcpartpicker.com/static/forever/images/product/590f3fdd142c56d0e72ba3d14b9d796f.256p.jpg,500 - 1600 RPM,16 - 20.2 dB,,,,0
ID-COOLING SE-213V2-B Lite,,https://cdna.pcpartpicker.com/static/forever/images/product/706b8a3ee84ea920c501ddab47963f74.256p.jpg,1600 RPM,26.4 dB,,,,0
ID-COOLING SE-213V2,,https://cdna.pcpartpicker.com/static/forever/images/product/1e93a2bec8de786c475133651b72c8fe.256p.jpg,800 - 1600 RPM,16 - 20.2 dB,,,,0
ID-COOLING SE-213 RAINBOW,,https://cdna.pcpartpicker.com/static/forever/images/product/d2c1fec52ca96a3e08a597ce34d7f98f.256p.jpg,500 - 1600 RPM,16 - 20.2 dB,,,,0
ID-COOLING SE-224-XT-B,,https://cdna.pcpartpicker.com/static/forever/images/product/87957ee4ec417331b1c13db76e04f06b.256p.jpg,700 - 1800 RPM,15.2 - 32.5 dB,,,,0
ID-COOLING SE-902-SD V2,,https://cdna.pcpartpicker.com/static/forever/images/product/b3ab4879a190bb88da0a719509a5bbef.256p.jpg,2000 RPM,23.1 dB,,,,0
ID-COOLING SE-903-B V2,,https://cdna.pcpartpicker.com/static/forever/images/product/49e350717d477825367aea6742a283e2.256p.jpg,2000 RPM,23.1 dB,,,,0
ID-COOLING HUNTER VC-3D,,https://cdna.pcpartpicker.com/static/forever/images/product/e3457aaf3829b32204cfd678c1246f47.256p.jpg,800 - 1600 RPM,16.8 - 32.6 dB,,,,0
ID-COOLING HUNTER VC-TWIN,,https://cdna.pcpartpicker.com/static/forever/images/product/25061ce2ad28ea703f9e6a59d29695ff.256p.jpg,800 - 1800 RPM,16.2 - 29.2 dB,,,,0
ID-COOLING DASHFLOW 360,,https://cdna.pcpartpicker.com/static/forever/images/product/120c69d58af1b79e2421d07bfa6a40ff.256p.jpg,900 - 2000 RPM,16 - 31.5 dB,Black,360 mm,360 mm,0
ID-COOLING DASHFLOW 240,,https://cdna.pcpartpicker.com/static/forever/images/product/40a6616146623e382359f66344c39956.256p.jpg,900 - 2000 RPM,16 - 31.5 dB,Black,240 mm,240 mm,0
Cooler Master Vortex 211P,,2200,2200 RPM,,,,,0
Cooler Master Vortex 211Q,,1500,1500 RPM,,,,,0
Cooler Master X Dream L115,,2200,2200 RPM,,,,,0
Cooler Master X Dream P115,,900,4000,900 - 4000 RPM,19 - 36 dB,,,,0
Noua Siberus TR360,,800,1800,800 - 1800 RPM,25 - 32 dB,Black,360 mm,360 mm,0
Noua Siberus TR240,,800,1800,800 - 1800 RPM,25 - 32 dB,Black,240 mm,240 mm,0
Noua Siberus TR120,,800,1800,800 - 1800 RPM,18 - 30 dB,Black,120 mm,120 mm,0
Noua Siberus Pro 240,114.54,800,1800,800 - 1800 RPM,32 dB,Black,240 mm,240 mm,0
Noua Polaris LM240,,2200,2200 RPM,38 dB,Black / White,240 mm,240 mm,0
Noua Siberus TR241,111.95,800,1800,800 - 1800 RPM,25 - 32 dB,White,240 mm,240 mm,0
Noua Sub-Zero AT240,,800,2000,800 - 2000 RPM,31 dB,Black,240 mm,240 mm,0
Noua Arcade,,700,1800,700 - 1800 RPM,37.1 dB,Black,,,0
Noua Blizzard,,https://cdna.pcpartpicker.com/static/forever/images/product/545d699c3333aab7f0849a7f8929e5eb.256p.jpg,2200 RPM,23.4 dB,Silver / Black,,,0
Noua Disturbia,,https://cdna.pcpartpicker.com/static/forever/images/product/ea367cb47c953ac5a674287518b8281c.256p.jpg,800 - 1600 RPM,37.8 dB,Black / Silver,,,0
Noua Ena,,800,1800,800 - 1800 RPM,28 dB,Black / Silver,,,0
Noua Numb,,https://cdna.pcpartpicker.com/static/forever/images/product/0291cfe82eca875fa949e2d8400df90a.256p.jpg,800 - 1600 RPM,29 dB,White,,,0
Noua Numb Pro,,800,1600,800 - 1600 RPM,29 dB,Black,,,0
Noua Vex,,1500,1500 RPM,Black / Silver,Black / Silver,,,0
Inter-Tech ALSEYE X240,,1600,1600 RPM,35.6 dB,Gray / Black,240 mm,240 mm,0
Deepcool LE320,,500,2250,500 - 2250 RPM,32.9 dB,Black,120 mm,120 mm,0
Thermalright Frozen Fusion,,2150,2150 RPM,28.1 dB,Black,360 mm,360 mm,0
Thermalright Frozen Fusion ARGB,,2150,2150 RPM,28.1 dB,Black,360 mm,360 mm,0
Dynatron Q12,39.95,,16,35.98,16 - 35.98 dB,,,,0
Thermalright TA120 EX Black,,https://cdna.pcpartpicker.com/static/forever/images/product/f59470364caf9bb35927172135a218c1.256p.jpg,1850 RPM,29.6 dB,Black,,,0
Cooler Master MasterLiquid Mirror,,https://cdna.pcpartpicker.com/static/forever/images/product/221bc70ad1a1a9ac69c5345d4cdb7785.256p.jpg,650 - 1800 RPM,8 - 27 dB,360,360 mm,360 mm,0
In Win SR24 PRO,,500,2500,500 - 2500 RPM,23 dB,Black,240 mm,240 mm,0
ID-COOLING IS-30i,,800,3600,800 - 3600 RPM,17 - 35.8 dB,Black / Silver,,,0
ID-COOLING FX120,,500,1800,500 - 1800 RPM,35.2 dB,Black,120 mm,120 mm,0
ID-COOLING ZOOMFLOW XT ELITE,,900,2000,900 - 2000 RPM,16.2 - 31.5 dB,Black,240 mm,240 mm,0
ID-COOLING SE-206-XT ARGB,,700,1800,700 - 1800 RPM,35.2 dB,Black,,,0
ID-COOLING SE-213X-B,,500,1800,500 - 1800 RPM,28 dB,Black / Blue,,,0
ID-COOLING SE-213X-R,,500,1800,500 - 1800 RPM,28 dB,Black / Red,,,0
Xilence LQ120,74.81,https://cdna.pcpartpicker.com/static/forever/images/product/11d55568663463903bce4b7eb6d63cbb.256p.jpg,700 - 1600 RPM,18 - 32.5 dB,Red / Black,120 mm,120 mm,0
SilentiumPC Spartan 4 EVO ARGB,,800,2000,800 - 2000 RPM,White / Silver,White / Silver,,,0
Vetroo R240,,,,Black,Black,240 mm,240 mm,0
upHere UP1TC4,,,600 - 1650 RPM,25 dB,White,,,0
upHere UP1K6,,,600 - 1650 RPM,25 dB,Black,,,0
upHere UP1KC6,,,600 - 1650 RPM,25 dB,Black,,,0
upHere UP1KC6C,,,600 - 1650 RPM,25 dB,Black,,,0
upHere UP1T6,,,600 - 1650 RPM,25 dB,White,,,0
upHere UP1TC6,,,600 - 1650 RPM,25 dB,White,,,0
upHere UP2KC6,,,600 - 1650 RPM,25 dB,Black,,,0
upHere UP2KC6C,,,600 - 1650 RPM,25 dB,Black,,,0
upHere UP2T6,,,600 - 1650 RPM,25 dB,White,,,0
upHere UP2TC6,,,600 - 1650 RPM,25 dB,White,,,0
upHere UP2TC6C,,,600 - 1650 RPM,25 dB,White,,,0
upHere UP2T8,,,600 - 1650 RPM,25 dB,White,,,0
upHere UP2TC8,,,600 - 1650 RPM,25 dB,White,,,0
upHere UP2TC8C,,,600 - 1650 RPM,25 dB,White,,,0
upHere E360TC,,,600 - 1800 RPM,27 dB,White,360 mm,360 mm,4
Antec Kühler H2O K120 RGB,,,900 - 2000 RPM,20 - 36 dB,Black,120 mm,120 mm,0
ID-COOLING IS-77-XT,,,500 - 1850 RPM,33.9 dB,Black,,,0
Asus TUF Gaming LC III ARGB,,,650 - 2600 RPM,37.4 dB,White,360 mm,360 mm,0
NZXT Kraken Elite RGB (2025),334.99,500,2000,34.5,Black,420,,,
Thermalright Phantom Spirit,37.9,1500,25.6,Black / Silver,,,,
Thermalright Phantom Spirit SE,37.9,1500,25.6,Black,,,,
NZXT Kraken Plus,179.99,500,2000,30,Black,360,,,
NZXT Kraken Plus RGB,219.99,500,2400,31.9,White,360,,,
TRYX PANORAMA,299.99,500,2250,30.97,Black,360,,,
ROCCAT ROCC-16003,,800,2200,25,Black / Silver,,,,