name,price,image,core_count,core_clock,boost_clock,microarchitecture,tdp,graphics,rating
AMD Ryzen 7 9800X3D,339,https://cdna.pcpartpicker.com/static/forever/images/product/7e2d17b7b777f8b56e1b5119aa97be20.256p.jpg,8,4.7 GHz,5.2 GHz,Zen 5,120 W,Radeon,4.5
AMD Ryzen 7 7800X3D,284,https://cdna.pcpartpicker.com/static/forever/images/product/f0e0e59d75066ec825667b71c31e3c83.256p.jpg,8,4.2 GHz,5 GHz,Zen 4,120 W,Radeon,4.5
AMD Ryzen 5 9600X,164.99,https://cdna.pcpartpicker.com/static/forever/images/product/8a0df381931efb7323f458cfc42260f8.256p.jpg,6,3.9 GHz,5.4 GHz,Zen 5,65 W,Radeon,4.5
AMD Ryzen 5 5500,76.99,https://cdna.pcpartpicker.com/static/forever/images/product/49fca908d8863ded4df790bd3af6bc12.256p.jpg,6,3.6 GHz,4.2 GHz,Zen 3,65 W,None,4.5
AMD Ryzen 5 7600X,139.99,https://cdna.pcpartpicker.com/static/forever/images/product/fd6305088c9d16d59017b380fb9c408a.256p.jpg,6,4.7 GHz,5.3 GHz,Zen 4,105 W,Radeon,4.5
AMD Ryzen 9 9950X3D,479,https://cdna.pcpartpicker.com/static/forever/images/product/c091adac8120c424d3fcf03bec914302.256p.jpg,16,4.3 GHz,5.7 GHz,Zen 5,170 W,Radeon,4.5
AMD Ryzen 5 5600,126.92,https://cdna.pcpartpicker.com/static/forever/images/product/49fca908d8863ded4df790bd3af6bc12.256p.jpg,6,3.5 GHz,4.4 GHz,Zen 3,65 W,None,4.5
AMD Ryzen 7 7700X,199.99,https://cdna.pcpartpicker.com/static/forever/images/product/6d3fb7600f26fb1e94e8b0c1a99e0bfa.256p.jpg,8,4.5 GHz,5.4 GHz,Zen 4,105 W,Radeon,4.5
AMD Ryzen 5 5600X,139,https://cdna.pcpartpicker.com/static/forever/images/product/3ef757133d38ac40afe75da691ba7d60.256p.jpg,6,3.7 GHz,4.6 GHz,Zen 3,65 W,None,4.5
AMD Ryzen 7 9700X,234.99,https://cdna.pcpartpicker.com/static/forever/images/product/a0f5a161d8c7ff3c6b0827423537a029.256p.jpg,8,3.8 GHz,5.5 GHz,Zen 5,65 W,Radeon,4.5
AMD Ryzen 7 9850X3D,359.99,https://cdna.pcpartpicker.com/static/forever/images/product/26dbc0263d53e907355129f9e3131021.256p.jpg,8,4.7 GHz,5.6 GHz,Zen 5,120 W,Radeon,4.5
AMD Ryzen 7 5800X,184.94,https://cdna.pcpartpicker.com/static/forever/images/product/9b4cefb2e43f2c358f3a97a31e1be90b.256p.jpg,8,3.8 GHz,4.7 GHz,Zen 3,105 W,None,4.5
AMD Ryzen 9 9950X3D2,769.01,https://cdna.pcpartpicker.com/static/forever/images/product/c2478db9b5080594a0df3021f1064a52.256p.jpg,16,4.3 GHz,5.6 GHz,Zen 5,200 W,Radeon,4.5
AMD Ryzen 5 7600X3D,319.99,https://cdna.pcpartpicker.com/static/forever/images/product/b684575be6a62b1fe86628cbbbca2ac4.256p.jpg,6,4.1 GHz,4.7 GHz,Zen 4,65 W,Radeon,4.5
Intel Core Ultra 7 270K Plus,294.98,https://cdna.pcpartpicker.com/static/forever/images/product/c4b5624c89e3de4ef9eef2f2a3ae262d.256p.jpg,24,3.7 GHz,5.4 GHz,Arrow Lake,125 W,Intel Xe,3
AMD Ryzen 7 5700X,181.99,https://cdna.pcpartpicker.com/static/forever/images/product/a0931f2db7bb9c37a199429c85a0d2e1.256p.jpg,8,3.4 GHz,4.6 GHz,Zen 3,65 W,None,4.5
AMD Ryzen 5 7500F,137.99,https://cdna.pcpartpicker.com/static/forever/images/product/521c4c2de515ace1e8bb11575e797393.256p.jpg,6,3.7 GHz,5 GHz,Zen 4,65 W,None,4.5
AMD Ryzen 9 9900X,299.97,https://cdna.pcpartpicker.com/static/forever/images/product/8148c56c91723188e32a508682fa9854.256p.jpg,12,4.4 GHz,5.6 GHz,Zen 5,120 W,Radeon,4.5
Intel Core i5-12400F,139.95,https://cdna.pcpartpicker.com/static/forever/images/product/5fe3c9cc8cbaaa4aa52aed7389d2cc10.256p.jpg,6,2.5 GHz,4.4 GHz,Alder Lake,65 W,None,4.5
AMD Ryzen 7 5800X3D 10th Anniversary Edition,299.99,https://cdna.pcpartpicker.com/static/forever/images/product/6ba951057902cf10665e672f6537b501.256p.jpg,8,3.4 GHz,4.5 GHz,Zen 3,105 W,None,4.5
AMD Ryzen 5 3600,140.03,https://cdna.pcpartpicker.com/static/forever/images/product/c7baf2c9c9cc15ae23adb24c2f4316fc.256p.jpg,6,3.6 GHz,4.2 GHz,Zen 2,65 W,None,4.5
AMD Ryzen 5 7500X3D,199.99,https://cdna.pcpartpicker.com/static/forever/images/product/c9f56052bf41c1d121d4c980e91ca6ec.256p.jpg,6,4 GHz,4.5 GHz,Zen 4,65 W,Radeon,0
Intel Core i5-14400F,167.94,https://cdna.pcpartpicker.com/static/forever/images/product/1a89e55daad13315da1822c1630dc26c.256p.jpg,10,2.5 GHz,4.7 GHz,Raptor Lake Refresh,65 W,None,4.5
Intel Core i7-14700K,343.68,https://cdna.pcpartpicker.com/static/forever/images/product/c3e5d01cec2fa20b6f47fe8a400c08d6.256p.jpg,20,3.4 GHz,5.6 GHz,Raptor Lake Refresh,125 W,Intel UHD Graphics 770,4.5
AMD Ryzen 7 5800X3D,413.99,https://cdna.pcpartpicker.com/static/forever/images/product/f83c6c4ee8cb5a6801f35aae5fc5d018.256p.jpg,8,3.4 GHz,4.5 GHz,Zen 3,105 W,None,4.5
AMD Ryzen 5 7600,164.99,https://cdna.pcpartpicker.com/static/forever/images/product/f0d757d712dd7145ecf00152653e5ec1.256p.jpg,6,3.8 GHz,5.1 GHz,Zen 4,65 W,Radeon,4.5
AMD Ryzen 7 5700,163.11,https://cdna.pcpartpicker.com/static/forever/images/product/5c2e33214954959b8fe3759699e29ad2.256p.jpg,8,3.7 GHz,4.6 GHz,Zen 3,65 W,None,5
Intel Core i9-14900K,431.97,https://cdna.pcpartpicker.com/static/forever/images/product/c9117c605854e9387e57cd69ebca2415.256p.jpg,24,3.2 GHz,6 GHz,Raptor Lake Refresh,125 W,Intel UHD Graphics 770,4.5
Intel Core Ultra 9 285K,524.99,https://cdna.pcpartpicker.com/static/forever/images/product/d658fbb8695607dc4964431e6b6b9373.256p.jpg,24,3.7 GHz,5.7 GHz,Arrow Lake,125 W,Intel Xe,4
AMD Ryzen 7 5800XT,218.92,https://cdna.pcpartpicker.com/static/forever/images/product/ce5ffddc2c5a21f074f6abcc6e972249.256p.jpg,8,3.8 GHz,4.8 GHz,Zen 3,105 W,None,4.5
AMD Ryzen 9 9950X,439.99,https://cdna.pcpartpicker.com/static/forever/images/product/53669af807496f1034349a25fc685672.256p.jpg,16,4.3 GHz,5.7 GHz,Zen 5,170 W,Radeon,4.5
Intel Core Ultra 5 250K Plus,209.44,https://cdna.pcpartpicker.com/static/forever/images/product/47414c72d8bdf9fe8b6e94a257f722cb.256p.jpg,18,4.2 GHz,5.3 GHz,Arrow Lake,125 W,Intel Xe,5
AMD Ryzen 5 5600G,154.94,https://cdna.pcpartpicker.com/static/forever/images/product/1dd09dfdc581be6224a323d49d714c7f.256p.jpg,6,3.9 GHz,4.4 GHz,Zen 3,65 W,Radeon Vega 7,4.5
Intel Core i5-12600KF,163.9,https://cdna.pcpartpicker.com/static/forever/images/product/01163d618db9518d03041c9997e23bb1.256p.jpg,10,3.7 GHz,4.9 GHz,Alder Lake,125 W,None,4.5
AMD Ryzen 9 7900X,249.99,https://cdna.pcpartpicker.com/static/forever/images/product/8de723005cfc1b85071c4abf4d76bd4e.256p.jpg,12,4.7 GHz,5.6 GHz,Zen 4,170 W,Radeon,4.5
AMD Ryzen 7 5700X3D,Out of stock£298.93,https://cdna.pcpartpicker.com/static/forever/images/product/7945bbda871bfbf95a9138fd184f4a6e.256p.jpg,8,3 GHz,4.1 GHz,Zen 3,105 W,None,4.5
Intel Core i5-14600K,239.99,https://cdna.pcpartpicker.com/static/forever/images/product/c8f65245aff45313f03aaad255078883.256p.jpg,14,3.5 GHz,5.3 GHz,Raptor Lake Refresh,125 W,Intel UHD Graphics 770,4.5
AMD Ryzen 5 8500G,119.94,https://cdna.pcpartpicker.com/static/forever/images/product/2a87a9a2a5a34b013ae637285470d93a.256p.jpg,6,4.1 GHz,5 GHz,Zen 4,65 W,Radeon 740M,4.5
Intel Core i7-12700KF,237.6,https://cdna.pcpartpicker.com/static/forever/images/product/b69e4a2d3dd9f8fac9ed6bf1b631b0ce.256p.jpg,12,3.6 GHz,5 GHz,Alder Lake,125 W,None,4.5
AMD Ryzen 7 3700X,195.99,https://cdna.pcpartpicker.com/static/forever/images/product/23cd3adfd50037c1b44d6d53edb15248.256p.jpg,8,3.6 GHz,4.4 GHz,Zen 2,65 W,None,4.5
AMD Ryzen 5 8400F,131.9,https://cdna.pcpartpicker.com/static/forever/images/product/2c2a93ae222699dace151a0f718e21c0.256p.jpg,6,4.2 GHz,4.7 GHz,Zen 4,65 W,None,4
AMD Ryzen 9 5900XT,273.94,https://cdna.pcpartpicker.com/static/forever/images/product/36739b3a1511a7c493b2f987b43cd144.256p.jpg,16,3.3 GHz,4.8 GHz,Zen 3,105 W,None,5
AMD Ryzen 9 9900X3D,438.5,https://cdna.pcpartpicker.com/static/forever/images/product/990c9be284c611b84c6a33e9706b1efa.256p.jpg,12,4.4 GHz,5.5 GHz,Zen 5,120 W,Radeon,5
Intel Core Ultra 7 265KF,249.99,https://cdna.pcpartpicker.com/static/forever/images/product/fcf1376b4011b81307f2eb83fb68d582.256p.jpg,20,3.9 GHz,5.5 GHz,Arrow Lake,125 W,None,4.5
AMD Ryzen 7 5700G,179,https://cdna.pcpartpicker.com/static/forever/images/product/f599944d7bed683e57062447764ce9d9.256p.jpg,8,3.8 GHz,4.6 GHz,Zen 3,65 W,Radeon Vega 8,4.5
AMD Threadripper 3970X,1989.61,https://cdna.pcpartpicker.com/static/forever/images/product/f2cacb6e0f6003d798989357654aff3c.256p.jpg,32,3.7 GHz,4.5 GHz,Zen 2,280 W,None,5
Intel Core Ultra 5 250KF Plus,198.94,https://cdna.pcpartpicker.com/static/forever/images/product/8d6eb5478d5a47b1918d757097a5b0ed.256p.jpg,18,4.2 GHz,5.3 GHz,Arrow Lake,125 W,None,5
AMD Ryzen 9 5950X,304.99,https://cdna.pcpartpicker.com/static/forever/images/product/1d7073a2deda3bd22963a7e248bbe3e4.256p.jpg,16,3.4 GHz,4.9 GHz,Zen 3,105 W,None,4.5
AMD Ryzen 9 5900X,310,https://cdna.pcpartpicker.com/static/forever/images/product/1d7073a2deda3bd22963a7e248bbe3e4.256p.jpg,12,3.7 GHz,4.8 GHz,Zen 3,105 W,None,4.5
Intel Core i5-14600KF,220.94,https://cdna.pcpartpicker.com/static/forever/images/product/c8f65245aff45313f03aaad255078883.256p.jpg,14,3.5 GHz,5.3 GHz,Raptor Lake Refresh,125 W,None,4.5
AMD Ryzen 7 7700,230,https://cdna.pcpartpicker.com/static/forever/images/product/6e6bcad6744a6a7302394f2edf5a6e34.256p.jpg,8,3.6 GHz,5.3 GHz,Zen 4,65 W,Radeon,4.5
Intel Core Ultra 5 245K,169.99,https://cdna.pcpartpicker.com/static/forever/images/product/1e9e70d03e7edd0274691d5f49a34a50.256p.jpg,14,4.2 GHz,5.2 GHz,Arrow Lake,125 W,Intel Xe,4
Intel Xeon E5-2680 V4,89.95,https://cdna.pcpartpicker.com/static/forever/images/product/fe223eeb7f193ce69814603b89175472.256p.jpg,14,2.4 GHz,3.3 GHz,Broadwell,120 W,None,4
Intel Core i7-14700KF,345.46,https://cdna.pcpartpicker.com/static/forever/images/product/92061d6108d4c4bf0deb77943506df11.256p.jpg,20,3.4 GHz,5.6 GHz,Raptor Lake Refresh,125 W,None,4.5
AMD Ryzen 7 7700X3D,289.99,https://cdna.pcpartpicker.com/static/forever/images/product/ba34687520a6818bf9379c2caf2ff2be.256p.jpg,8,4 GHz,4.5 GHz,Zen 4,120 W,Radeon,0
AMD Ryzen 7 8700F,219.99,https://cdna.pcpartpicker.com/static/forever/images/product/b6ab2ee57b91c56a92a3da6346e47627.256p.jpg,8,4.1 GHz,5 GHz,Zen 4,65 W,None,5
AMD Ryzen 5 5600XT,139.99,https://cdna.pcpartpicker.com/static/forever/images/product/a010fc03fea2809af2c8fd966fbd483c.256p.jpg,6,3.7 GHz,4.7 GHz,Zen 3,65 W,None,4.5
Intel Core Ultra 7 265K,269.99,https://cdna.pcpartpicker.com/static/forever/images/product/19fb12d5828d3ae540e91eefa4160b79.256p.jpg,20,3.9 GHz,5.5 GHz,Arrow Lake,125 W,Intel Xe,4.5
Intel Core Ultra 5 225F,133.97,https://cdna.pcpartpicker.com/static/forever/images/product/4ac0c32ed331c672ee51af4d468f3d72.256p.jpg,10,3.3 GHz,4.9 GHz,Arrow Lake,65 W,None,5
Intel Core i3-12100F,79.99,https://cdna.pcpartpicker.com/static/forever/images/product/c67d8f42c0e57b268f068172e9a3f571.256p.jpg,4,3.3 GHz,4.3 GHz,Alder Lake,58 W,None,4.5
AMD Ryzen 7 8700G,259.99,https://cdna.pcpartpicker.com/static/forever/images/product/e5ca60dc2137886fac6e13e30aad8ed9.256p.jpg,8,4.2 GHz,5.1 GHz,Zen 4,65 W,Radeon 780M,5
Intel Core i7-12700K,258.94,https://cdna.pcpartpicker.com/static/forever/images/product/3f7037db801def4db8418df8e7498e6a.256p.jpg,12,3.6 GHz,5 GHz,Alder Lake,125 W,Intel UHD Graphics 770,4.5
AMD Ryzen 5 5600GT,144.94,https://cdna.pcpartpicker.com/static/forever/images/product/7a6babfed0885332f51c70772687fcd1.256p.jpg,6,3.6 GHz,4.6 GHz,Zen 3,65 W,Radeon Vega 7,4
Intel Core i9-14900KF,399.98,https://cdna.pcpartpicker.com/static/forever/images/product/c9117c605854e9387e57cd69ebca2415.256p.jpg,24,3.2 GHz,6 GHz,Raptor Lake Refresh,125 W,None,4.5
Intel Core i3-14100F,94.99,https://cdna.pcpartpicker.com/static/forever/images/product/874cc0e600bde06d75755309677a87e2.256p.jpg,4,3.5 GHz,4.7 GHz,Raptor Lake Refresh,58 W,None,5
Intel Core i7-14700F,309.94,https://cdna.pcpartpicker.com/static/forever/images/product/367d869b80f32e8faa3075378677e28e.256p.jpg,20,2.1 GHz,5.4 GHz,Raptor Lake Refresh,65 W,None,5
AMD Ryzen 5 8600G,144.94,https://cdna.pcpartpicker.com/static/forever/images/product/d5ae2e9f000a9c994f70e092b05c80ef.256p.jpg,6,4.3 GHz,5 GHz,Zen 4,65 W,Radeon 760M,4.5
AMD Ryzen 5 2600,128,https://cdna.pcpartpicker.com/static/forever/images/product/55aea2dd64e2e3a3e3b1d678048d8d76.256p.jpg,6,3.4 GHz,3.9 GHz,Zen+,65 W,None,4.5
AMD Ryzen 9 7950X3D,590.99,https://cdna.pcpartpicker.com/static/forever/images/product/4f8b13807b9b9e2ab921ddb6e6e81afb.256p.jpg,16,4.2 GHz,5.7 GHz,Zen 4,120 W,Radeon,4.5
Intel Core i7-9700K,162.66,https://cdna.pcpartpicker.com/static/forever/images/product/3760e89d1820da393f084e2c18a62e3b.256p.jpg,8,3.6 GHz,4.9 GHz,Coffee Lake Refresh,95 W,Intel UHD Graphics 630,4.5
Intel Core i9-12900K,364.99,https://cdna.pcpartpicker.com/static/forever/images/product/b9d3c68bbf713cdd1211f3792040ce95.256p.jpg,16,3.2 GHz,5.2 GHz,Alder Lake,125 W,Intel UHD Graphics 770,4.5
AMD Ryzen 5 4500,62.99,https://cdna.pcpartpicker.com/static/forever/images/product/e1f3bf613a5651db6f394c8dd41f0f15.256p.jpg,6,3.6 GHz,4.1 GHz,Zen 2,65 W,None,4.5
Intel Core i5-12600K,197.47,https://cdna.pcpartpicker.com/static/forever/images/product/3f727799b9fc5e83f0e8953759946bd2.256p.jpg,10,3.7 GHz,4.9 GHz,Alder Lake,125 W,Intel UHD Graphics 770,4.5
Intel Core i5-10400F,Out of stock£98.99,https://cdna.pcpartpicker.com/static/forever/images/product/e5d8c71ba7c15404b87a7fcdf7251281.256p.jpg,6,2.9 GHz,4.3 GHz,Comet Lake,65 W,None,4.5
Intel Core i5-13400F,174.95,https://cdna.pcpartpicker.com/static/forever/images/product/17d82d241bff0efdd1c32fbcf9822c14.256p.jpg,10,2.5 GHz,4.6 GHz,Raptor Lake,65 W,None,4.5
AMD Threadripper 3990X,Add,https://cdna.pcpartpicker.com/static/forever/images/product/7e2e7fecadc261c89c70cf3965a97a28.256p.jpg,64,2.9 GHz,4.3 GHz,Zen 2,280 W,None,5
Intel Core i7-13700K,526,https://cdna.pcpartpicker.com/static/forever/images/product/2f3405387f23ab827695d966ea9f9682.256p.jpg,16,3.4 GHz,5.4 GHz,Raptor Lake,125 W,Intel UHD Graphics 770,4.5
Intel Core i5-14400,187.94,https://cdna.pcpartpicker.com/static/forever/images/product/be9f67b5c1dc033e0373e28beba6a220.256p.jpg,10,2.5 GHz,4.7 GHz,Raptor Lake Refresh,65 W,Intel UHD Graphics 730,5
AMD Ryzen 3 3200G,49,https://cdna.pcpartpicker.com/static/forever/images/product/3567a863156c083a7d4c8fcb7e0dbdac.256p.jpg,4,3.6 GHz,4 GHz,Zen+,65 W,Radeon Vega 8,4.5
AMD Ryzen 5 3600X,170.99,https://cdna.pcpartpicker.com/static/forever/images/product/c7baf2c9c9cc15ae23adb24c2f4316fc.256p.jpg,6,3.8 GHz,4.4 GHz,Zen 2,95 W,None,4.5
Intel Core i9-9900K,332,https://cdna.pcpartpicker.com/static/forever/images/product/76f85d74fb4d0e2cc31f940bee5905c4.256p.jpg,8,3.6 GHz,5 GHz,Coffee Lake Refresh,95 W,Intel UHD Graphics 630,4.5
AMD Ryzen 5 5500X3D,Add,,6,3 GHz,4 GHz,Zen 3,105 W,None,5
AMD Ryzen 3 4100,51.99,https://cdna.pcpartpicker.com/static/forever/images/product/43c4d752d1441ed420dd80502e718918.256p.jpg,4,3.8 GHz,4 GHz,Zen 2,65 W,None,3.5
Intel Core i5-13600K,368.11,https://cdna.pcpartpicker.com/static/forever/images/product/535b5631a223b77657804c8144c1277e.256p.jpg,14,3.5 GHz,5.1 GHz,Raptor Lake,125 W,Intel UHD Graphics 770,4.5
Intel Core Ultra 5 245KF,139.99,https://cdna.pcpartpicker.com/static/forever/images/product/86f90b80222ce0831fa4c548b8af3df2.256p.jpg,14,4.2 GHz,5.2 GHz,Arrow Lake,125 W,None,5
AMD Ryzen 7 2700X,150,https://cdna.pcpartpicker.com/static/forever/images/product/4e84967ef18c9b42e543b58c836d73ef.256p.jpg,8,3.7 GHz,4.3 GHz,Zen+,105 W,None,4.5
AMD Ryzen 9 3900X,255,https://cdna.pcpartpicker.com/static/forever/images/product/14adcd1fc88ebf386b746037c966b6af.256p.jpg,12,3.8 GHz,4.6 GHz,Zen 2,105 W,None,4.5
Intel Core i7-4790K,123,4,4,4 GHz,4.4 GHz,Haswell Refresh,88 W,Intel HD Graphics 4600,4.5
Intel Core i7-8700K,172,https://cdna.pcpartpicker.com/static/forever/images/product/d7dea28613ac935e748d330d16ffea69.256p.jpg,6,3.7 GHz,4.7 GHz,Coffee Lake,95 W,Intel UHD Graphics 630,4.5
Intel Core i7-10700K,285.55,https://cdna.pcpartpicker.com/static/forever/images/product/6a40f9732bef504af112c33a980482b2.256p.jpg,8,3.8 GHz,5.1 GHz,Comet Lake,125 W,Intel UHD Graphics 630,4.5
Intel Core Ultra 5 225,159.99,https://cdna.pcpartpicker.com/static/forever/images/product/58a1d2f8d0a6d13c9a6bd33593b65980.256p.jpg,10,3.3 GHz,4.9 GHz,Arrow Lake,65 W,Intel Xe,0
Intel Core i7-7700K,133,https://cdna.pcpartpicker.com/static/forever/images/product/e466732c63d1d636cf13e256bb7cf5ff.256p.jpg,4,4.2 GHz,4.5 GHz,Kaby Lake,91 W,Intel HD Graphics 630,4.5
AMD Ryzen 9 7950X,448,https://cdna.pcpartpicker.com/static/forever/images/product/8de723005cfc1b85071c4abf4d76bd4e.256p.jpg,16,4.5 GHz,5.7 GHz,Zen 4,170 W,Radeon,4.5
Intel Core i9-13900K,458.99,https://cdna.pcpartpicker.com/static/forever/images/product/9ec7bf0f10e60c175e9b64c51bab7240.256p.jpg,24,3 GHz,5.8 GHz,Raptor Lake,125 W,Intel UHD Graphics 770,4.5
Intel Core i9-14900KS,598.99,https://cdna.pcpartpicker.com/static/forever/images/product/7f03744e2c593edbbf711b21d85c59b3.256p.jpg,24,3.2 GHz,6.2 GHz,Raptor Lake Refresh,150 W,Intel UHD Graphics 770,3
Intel Core i5-12400,202.6,https://cdna.pcpartpicker.com/static/forever/images/product/331bcd7f5044608c8b4e0a2437219229.256p.jpg,6,2.5 GHz,4.4 GHz,Alder Lake,65 W,Intel UHD Graphics 730,4.5
Intel Celeron G3930,31.63,https://cdna.pcpartpicker.com/static/forever/images/product/31b2666d1760c0e3ab072c0931f76f83.256p.jpg,2,2.9 GHz,Kaby Lake,Kaby Lake,51 W,Intel HD Graphics 610,0
Intel Core i7-6700K,100,https://cdna.pcpartpicker.com/static/forever/images/product/614a9c530cce56d1fafbc5ba97920ab1.256p.jpg,4,4 GHz,4.2 GHz,Skylake,91 W,Intel HD Graphics 530,4.5
AMD Ryzen 7 3800X,187.99,https://cdna.pcpartpicker.com/static/forever/images/product/23cd3adfd50037c1b44d6d53edb15248.256p.jpg,8,3.9 GHz,4.5 GHz,Zen 2,105 W,None,4.5
Intel Core i5-9400F,Add,https://cdna.pcpartpicker.com/static/forever/images/product/3b2d769c28b9890779f87a7568887dfc.256p.jpg,6,2.9 GHz,4.1 GHz,Coffee Lake Refresh,65 W,None,4
AMD Ryzen 5 3400G,105.26,https://cdna.pcpartpicker.com/static/forever/images/product/43e2914b40ccb9ab7ce39eb656db3b44.256p.jpg,4,3.7 GHz,4.2 GHz,Zen+,65 W,Radeon Vega 11,4.5
Intel Core i5-10400,149.11,https://cdna.pcpartpicker.com/static/forever/images/product/c18ee131d4d211b2ad40882e5b997371.256p.jpg,6,2.9 GHz,4.3 GHz,Comet Lake,65 W,Intel UHD Graphics 630,4.5
Intel Core i5-11400F,Out of stock£99.95,https://cdna.pcpartpicker.com/static/forever/images/product/1cd42b90d913aa4fe2338eb376fd3e2d.256p.jpg,6,2.6 GHz,4.4 GHz,Rocket Lake,65 W,None,4.5
Intel Core i3-10100F,102.27,https://cdna.pcpartpicker.com/static/forever/images/product/1b6a8775e713620ebc864fb7bcc38ce5.256p.jpg,4,3.6 GHz,4.3 GHz,Comet Lake,65 W,None,4.5
AMD Ryzen 5 5500GT,Out of stock£118.47,https://cdna.pcpartpicker.com/static/forever/images/product/65f2a2e1999cd06b510b8ee145a2c14f.256p.jpg,6,3.6 GHz,4.4 GHz,Zen 3,65 W,Radeon Vega 7,4.5
AMD Ryzen 9 7900,249.99,https://cdna.pcpartpicker.com/static/forever/images/product/119ef93ef95a60950418031082149c5b.256p.jpg,12,3.7 GHz,5.4 GHz,Zen 4,65 W,Radeon,4.5
Intel Core i9-12900KF,303.94,https://cdna.pcpartpicker.com/static/forever/images/product/c3d3a6843e0c0a5d98155e9fa68c092c.256p.jpg,16,3.2 GHz,5.2 GHz,Alder Lake,125 W,None,4.5
Intel Core i7-11700K,275,https://cdna.pcpartpicker.com/static/forever/images/product/41358d31a00cc8fb673bfa7716ea9498.256p.jpg,8,3.6 GHz,5 GHz,Rocket Lake,125 W,Intel UHD Graphics 750,4.5
Intel Core Ultra 7 265F,329.99,https://cdna.pcpartpicker.com/static/forever/images/product/c00ff53f4acdc4d3992f146486edf1ff.256p.jpg,20,2.4 GHz,5.3 GHz,Arrow Lake,65 W,None,4.5
Intel Core i7-8700,145,https://cdna.pcpartpicker.com/static/forever/images/product/f3ce94aa244dd18d676b1f63f20001cd.256p.jpg,6,3.2 GHz,4.6 GHz,Coffee Lake,65 W,Intel UHD Graphics 630,4.5
AMD Ryzen 5 2600X,145,https://cdna.pcpartpicker.com/static/forever/images/product/55aea2dd64e2e3a3e3b1d678048d8d76.256p.jpg,6,3.6 GHz,4.2 GHz,Zen+,95 W,None,4.5
Intel Core i7-12700F,253.94,https://cdna.pcpartpicker.com/static/forever/images/product/1d6c5691988047da895d68961c33fe95.256p.jpg,12,2.1 GHz,4.9 GHz,Alder Lake,65 W,None,4.5
Intel Core i5-13600KF,250,https://cdna.pcpartpicker.com/static/forever/images/product/d151778af9f52d6ab1f9475a0ae84dc0.256p.jpg,14,3.5 GHz,5.1 GHz,Raptor Lake,125 W,None,4.5
Intel Core i3-12100,178.94,https://cdna.pcpartpicker.com/static/forever/images/product/7fc9bd473f09de3bff4a5a44e832f399.256p.jpg,4,3.3 GHz,4.3 GHz,Alder Lake,60 W,Intel UHD Graphics 730,4.5
AMD Ryzen 5 4600G,Out of stock£186.42,https://cdna.pcpartpicker.com/static/forever/images/product/29ffd579cd750d1f43cba3ba1c578d8c.256p.jpg,6,3.7 GHz,4.2 GHz,Zen 2,65 W,Radeon Vega 7,4.5
Intel Core i5-6500,217.17,https://cdna.pcpartpicker.com/static/forever/images/product/68a2d7d02408cf9854c557a10603aa8b.256p.jpg,4,3.2 GHz,3.6 GHz,Skylake,65 W,Intel HD Graphics 530,0
AMD Ryzen 9 7900X3D,510,https://cdna.pcpartpicker.com/static/forever/images/product/98c4874ed550e2bbcc2d29d67177ddc8.256p.jpg,12,4.4 GHz,5.6 GHz,Zen 4,120 W,Radeon,4.5
Intel Core i5-9600K,197,https://cdna.pcpartpicker.com/static/forever/images/product/e4d23e431c0f5d2f3d2707deadd0352a.256p.jpg,6,3.7 GHz,4.6 GHz,Coffee Lake Refresh,95 W,Intel UHD Graphics 630,0
Intel Core i5-8400,173.99,https://cdna.pcpartpicker.com/static/forever/images/product/066a1b8f33dd5d26a14a4a76eb254032.256p.jpg,6,2.8 GHz,4 GHz,Coffee Lake,65 W,Intel UHD Graphics 630,4.5
Intel Core i9-10900K,Out of stock£698.46,https://cdna.pcpartpicker.com/static/forever/images/product/b501d68b041d6f48bc11c402012d59cb.256p.jpg,10,3.7 GHz,5.3 GHz,Comet Lake,125 W,Intel UHD Graphics 630,4.5
Intel Core i3-4150,55,2,2,3.5 GHz,Haswell Refresh,Haswell Refresh,54 W,Intel HD Graphics 4400,4.5
AMD Ryzen 5 9600,188.99,https://cdna.pcpartpicker.com/static/forever/images/product/27f7a8fb1bb5a1949879ec482c922757.256p.jpg,6,3.8 GHz,5.2 GHz,Zen 5,65 W,Radeon,5
AMD Ryzen 5 1600 (14nm),Add,https://cdna.pcpartpicker.com/static/forever/images/product/71be15e31e700684bc9c8fb697bd4f11.256p.jpg,6,3.2 GHz,3.6 GHz,Zen,65 W,None,4.5
Intel Core i7-10700F,195,https://cdna.pcpartpicker.com/static/forever/images/product/10ec5737be6d836dd041f66eaa76bcf4.256p.jpg,8,2.9 GHz,4.8 GHz,Comet Lake,65 W,None,4.5
Intel Core i7-7700,125,https://cdna.pcpartpicker.com/static/forever/images/product/f927492257891d8bb2daf4b33d4a764f.256p.jpg,4,3.6 GHz,4.2 GHz,Kaby Lake,65 W,Intel HD Graphics 630,4.5
Intel Core i7-13700KF,350,https://cdna.pcpartpicker.com/static/forever/images/product/b2de198020c1bb1bda375064b94e60dc.256p.jpg,16,3.4 GHz,5.4 GHz,Raptor Lake,125 W,None,4.5
Intel Core i7-6700,90.66,https://cdna.pcpartpicker.com/static/forever/images/product/771dc6ddec2978c73f3362ac4a8b540e.256p.jpg,4,3.4 GHz,4 GHz,Skylake,65 W,Intel HD Graphics 530,4.5
Intel Core Ultra 9 285,539,https://cdna.pcpartpicker.com/static/forever/images/product/a051aaa938a14c4da1beb701532ad526.256p.jpg,24,2.5 GHz,5.6 GHz,Arrow Lake,65 W,Intel Xe,0
Intel Core i5-6600K,Add,https://cdna.pcpartpicker.com/static/forever/images/product/39c7a343d00445b6e0e5d54d4b7ed561.256p.jpg,4,3.5 GHz,3.9 GHz,Skylake,91 W,Intel HD Graphics 530,4.5
Intel Core i5-4690,96,4,4,3.5 GHz,3.9 GHz,Haswell Refresh,84 W,Intel HD Graphics 4600,4.5
AMD Ryzen 3 3100,Add,https://cdna.pcpartpicker.com/static/forever/images/product/614673693f9281d17b521cbf52799c68.256p.jpg,4,3.6 GHz,3.9 GHz,Zen 2,65 W,None,4.5
Intel Core i7-12700,299.94,https://cdna.pcpartpicker.com/static/forever/images/product/c8944273cfc755a0b216001a90b9fba2.256p.jpg,12,2.1 GHz,4.9 GHz,Alder Lake,65 W,Intel UHD Graphics 770,4.5
Intel Core i7-11700F,187.99,https://cdna.pcpartpicker.com/static/forever/images/product/fd3cc64653e9040372bb3570a019e71e.256p.jpg,8,2.5 GHz,4.9 GHz,Rocket Lake,65 W,None,4.5
Intel Core i7-14700,319.97,https://cdna.pcpartpicker.com/static/forever/images/product/b9452ff8fe5558fb1c91cd979ec6ed2c.256p.jpg,20,2.1 GHz,5.4 GHz,Raptor Lake Refresh,65 W,Intel UHD Graphics 770,5
Intel Core i9-11900K,360,https://cdna.pcpartpicker.com/static/forever/images/product/eb8ef73f5460ac6ad82f634b2dcf793a.256p.jpg,8,3.5 GHz,5.3 GHz,Rocket Lake,125 W,Intel UHD Graphics 750,4
Intel Core i7-13700F,340,https://cdna.pcpartpicker.com/static/forever/images/product/e02f59843736d101374f75d18c244a30.256p.jpg,16,2.1 GHz,5.2 GHz,Raptor Lake,65 W,None,4.5
Intel Core Ultra 7 265,400.44,https://cdna.pcpartpicker.com/static/forever/images/product/c67f264d8f856369d608653e1172a492.256p.jpg,20,2.4 GHz,5.3 GHz,Arrow Lake,65 W,Intel Xe,0
Intel Core i7-10700,284.99,https://cdna.pcpartpicker.com/static/forever/images/product/6e4a9298687049841d3cb15170acc4cc.256p.jpg,8,2.9 GHz,4.8 GHz,Comet Lake,65 W,Intel UHD Graphics 630,4.5
AMD Athlon 3000G (14nm),49.13,https://cdna.pcpartpicker.com/static/forever/images/product/4cca7584d65df7a4e4b5298805e9552f.256p.jpg,2,3.5 GHz,Zen,Zen,35 W,Radeon Vega 3,4.5
AMD Ryzen 3 2200G,Add,https://cdna.pcpartpicker.com/static/forever/images/product/ad2e56d88c77de3053dcc5dada363f58.256p.jpg,4,3.5 GHz,3.7 GHz,Zen,65 W,Radeon Vega 8,4.5
AMD Athlon X2 340,29.95,2,2,3.2 GHz,Piledriver,Piledriver,65 W,None,0
Intel Xeon E5-2699 V4,£227.74Add,22,22,2.2 GHz,3.6 GHz,Broadwell,145 W,None,5
Intel Core i7-9700,148,https://cdna.pcpartpicker.com/static/forever/images/product/078cc8a672758e9b2e5314d9ab1f9244.256p.jpg,8,3 GHz,4.7 GHz,Coffee Lake Refresh,65 W,Intel HD Graphics 630,5
Intel Core i5-11400,Out of stock£139.99,https://cdna.pcpartpicker.com/static/forever/images/product/c770299ed161e4589288e53b3c315088.256p.jpg,6,2.6 GHz,4.4 GHz,Rocket Lake,65 W,Intel UHD Graphics 730,4.5
AMD EPYC 4585PX,713.04,https://cdna.pcpartpicker.com/static/forever/images/product/772d3bad6c842fdab42f871305ecac4a.256p.jpg,16,4.3 GHz,5.7 GHz,Zen 5,170 W,Radeon,0
Intel Core i5-10600K,183,https://cdna.pcpartpicker.com/static/forever/images/product/cec5ee818776737baefc9603bdbf9391.256p.jpg,6,4.1 GHz,4.8 GHz,Comet Lake,125 W,Intel UHD Graphics 630,4.5
Intel Core i3-14100,175.94,https://cdna.pcpartpicker.com/static/forever/images/product/874cc0e600bde06d75755309677a87e2.256p.jpg,4,3.5 GHz,4.7 GHz,Raptor Lake Refresh,60 W,Intel UHD Graphics 730,0
Intel Core i5-13500,290.99,https://cdna.pcpartpicker.com/static/forever/images/product/6afcbca8a6703a4c42dba3d6c4720724.256p.jpg,14,2.5 GHz,4.8 GHz,Raptor Lake,65 W,Intel UHD Graphics 770,4.5
Intel Core i7-4770,136.66,https://cdna.pcpartpicker.com/static/forever/images/product/2ee894e25a22610fb14cef95c9ce94b5.256p.jpg,4,3.4 GHz,3.9 GHz,Haswell,84 W,Intel HD Graphics 4600,4.5
AMD Ryzen 5 3500X,Add,https://cdna.pcpartpicker.com/static/forever/images/product/7f766d0fb14c24f0cd101da14ec6d0a0.256p.jpg,6,3.6 GHz,4.1 GHz,Zen 2,65 W,None,4.5
Intel Core i7-3770,Add,4,4,3.4 GHz,Ivy Bridge,Ivy Bridge,77 W,Intel HD Graphics 4000,4.5
AMD Ryzen 7 2700,Add,https://cdna.pcpartpicker.com/static/forever/images/product/fee6d8b626235a58c1cc1577e6760118.256p.jpg,8,3.2 GHz,4.1 GHz,Zen+,65 W,None,4.5
Intel Core i5-14500,241.99,https://cdna.pcpartpicker.com/static/forever/images/product/c70c79371c7131082c89348493ae7998.256p.jpg,14,2.6 GHz,5 GHz,Raptor Lake Refresh,65 W,Intel UHD Graphics 770,4.5
Intel Core i9-10850K,329.97,https://cdna.pcpartpicker.com/static/forever/images/product/16f496383b11d89632a9edf7ef503aea.256p.jpg,10,3.6 GHz,5.2 GHz,Comet Lake,125 W,Intel UHD Graphics 630,4.5
Intel Core i7-6950X,2799,10,10,3 GHz,3.5 GHz,Broadwell,140 W,None,0
Intel Core i5-7500,167,https://cdna.pcpartpicker.com/static/forever/images/product/af30c4076a25b69d6f721172010cc0ec.256p.jpg,4,3.4 GHz,3.8 GHz,Kaby Lake,65 W,Intel HD Graphics 630,4.5
AMD Threadripper 3960X,1417.87,https://cdna.pcpartpicker.com/static/forever/images/product/3ada9b0ee52763b884f3f76b681846ad.256p.jpg,24,3.8 GHz,4.5 GHz,Zen 2,280 W,None,4.5
Intel Core i9-13900KF,410,https://cdna.pcpartpicker.com/static/forever/images/product/ef583b00501fbe1d9df909c3ffe2b413.256p.jpg,24,3 GHz,5.8 GHz,Raptor Lake,125 W,None,4.5
Intel Core i5-4460,Add,4,4,3.2 GHz,3.4 GHz,Haswell Refresh,84 W,Intel HD Graphics 4600,4.5
AMD Ryzen 5 5600X3D,Add,6,6,3.3 GHz,4.4 GHz,Zen 3,105 W,None,4.5
Intel Core i5-11600K,198.98,https://cdna.pcpartpicker.com/static/forever/images/product/6881ec4618066263cbe6904e95ae9278.256p.jpg,6,3.9 GHz,4.9 GHz,Rocket Lake,125 W,Intel UHD Graphics 750,4.5
Intel Core i7-4790,172.83,https://cdna.pcpartpicker.com/static/forever/images/product/87e7981e09217ef72534460e0cf767b8.256p.jpg,4,3.6 GHz,4 GHz,Haswell Refresh,84 W,Intel HD Graphics 4600,4
Intel Core i5-8600K,216,https://cdna.pcpartpicker.com/static/forever/images/product/aa134167a714bcf301976f148b735237.256p.jpg,6,3.6 GHz,4.3 GHz,Coffee Lake,95 W,Intel UHD Graphics 630,4.5
Intel Core i7-7800X,200,https://cdna.pcpartpicker.com/static/forever/images/product/d89b878886f1e1afa45aa618a95f4136.256p.jpg,6,3.5 GHz,4 GHz,Skylake,140 W,None,4.5
AMD Ryzen 9 3950X,425,https://cdna.pcpartpicker.com/static/forever/images/product/bb4c0b72e3f78893b1e5b19ab570b2c1.256p.jpg,16,3.5 GHz,4.7 GHz,Zen 2,105 W,None,4.5
Intel Core i7-9700F,299,https://cdna.pcpartpicker.com/static/forever/images/product/7fd1b17d82ba2d66a75dd8911b3a3d1b.256p.jpg,8,3 GHz,4.7 GHz,Coffee Lake Refresh,65 W,None,5
Intel Core i5-8500,179,https://cdna.pcpartpicker.com/static/forever/images/product/028ee303e2f6aed00ffa4a750f24b033.256p.jpg,6,3 GHz,4.1 GHz,Coffee Lake,65 W,Intel UHD Graphics 630,4.5
AMD Ryzen 7 1700,£256.25Add,https://cdna.pcpartpicker.com/static/forever/images/product/d57406e2534cf5ae6cb9141e656374f4.256p.jpg,8,3 GHz,3.7 GHz,Zen,65 W,None,4.5
Intel Core i5-7400,120,https://cdna.pcpartpicker.com/static/forever/images/product/0c2441d24af10b2aff285308b4e32d03.256p.jpg,4,3 GHz,3.5 GHz,Kaby Lake,65 W,Intel HD Graphics 630,4
Intel Core i5-12500,374.25,https://cdna.pcpartpicker.com/static/forever/images/product/a2eebdda7c48c480719d4cb491f660dc.256p.jpg,6,3 GHz,4.6 GHz,Alder Lake,65 W,Intel UHD Graphics 770,4.5
Intel Core i5-9400,138.37,https://cdna.pcpartpicker.com/static/forever/images/product/64bf363daabaca441f6b8f07b54005cc.256p.jpg,6,2.9 GHz,4.1 GHz,Coffee Lake Refresh,65 W,Intel UHD Graphics 630,4.5
Intel Core i3-9100F,120.99,https://cdna.pcpartpicker.com/static/forever/images/product/0d74fb44f832ad674549787311aafa0f.256p.jpg,4,3.6 GHz,4.2 GHz,Coffee Lake Refresh,65 W,None,4.5
Intel Core i3-4130,Add,https://cdna.pcpartpicker.com/static/forever/images/product/42a54c308242991186f4f6a3fde7603d.256p.jpg,2,3.4 GHz,Haswell,Haswell,54 W,Intel HD Graphics 4400,4.5
AMD Threadripper 1920X,214.09,https://cdna.pcpartpicker.com/static/forever/images/product/dfb011931e97f85c79165ed9e97aec59.256p.jpg,12,3.5 GHz,4 GHz,Zen,180 W,None,4.5
Intel Core i9-13900KS,421.48,https://cdna.pcpartpicker.com/static/forever/images/product/4129af6f0163dfd9dad75e57aae5a99d.256p.jpg,24,3 GHz,6 GHz,Raptor Lake,150 W,Intel UHD Graphics 770,4.5
Intel Core i9-9900KF,265,https://cdna.pcpartpicker.com/static/forever/images/product/cd59447c1091b738d94fc8ea7b0629c6.256p.jpg,8,3.6 GHz,5 GHz,Coffee Lake Refresh,95 W,None,4.5
Intel Core i5-7600K,107,https://cdna.pcpartpicker.com/static/forever/images/product/02dbd0bb7cefb31a308b7f7ce6bf392e.256p.jpg,4,3.8 GHz,4.2 GHz,Kaby Lake,91 W,Intel HD Graphics 630,4.5
Intel Core 2 Duo E8400,52.42,2,2,3 GHz,Wolfdale,Wolfdale,65 W,None,4.5
Intel Core i5-4590,76.73,4,4,3.3 GHz,3.7 GHz,Haswell Refresh,84 W,Intel HD Graphics 4600,4.5
AMD Ryzen 5 2400G,Add,https://cdna.pcpartpicker.com/static/forever/images/product/320f71912f65606aa2075161dc798c3d.256p.jpg,4,3.6 GHz,3.9 GHz,Zen,65 W,Radeon Vega 11,4.5
AMD Ryzen 5 1600X,244.75,https://cdna.pcpartpicker.com/static/forever/images/product/62069eabe77fa79c55158028545484f2.256p.jpg,6,3.6 GHz,4 GHz,Zen,95 W,None,4.5
Intel Celeron G1610,Add,2,2,2.6 GHz,Ivy Bridge,Ivy Bridge,55 W,Intel HD Graphics,4.5
Intel Core i5-10500,176.89,https://cdna.pcpartpicker.com/static/forever/images/product/bc6d01e56cc2c1813982ca841d3e7ae1.256p.jpg,6,3.1 GHz,4.5 GHz,Comet Lake,65 W,Intel UHD Graphics 630,0
Intel Core i7-10700KF,240,https://cdna.pcpartpicker.com/static/forever/images/product/30a49f42fca8cbf7e1627bf13d37a6e7.256p.jpg,8,3.8 GHz,5.1 GHz,Comet Lake,125 W,None,4.5
Intel Core i7-3770K,195.91,4,4,3.5 GHz,Ivy Bridge,Ivy Bridge,77 W,Intel HD Graphics 4000,4.5
AMD Ryzen 5 9500F,184,https://cdna.pcpartpicker.com/static/forever/images/product/1f1301dedbebe86fd8f58493d87f51e2.256p.jpg,6,3.8 GHz,5 GHz,Zen 5,65 W,None,0
AMD Ryzen 5 3600XT,£195.00Add,https://cdna.pcpartpicker.com/static/forever/images/product/16ddfc2028922cd20cffaa6976165f84.256p.jpg,6,3.8 GHz,4.5 GHz,Zen 2,95 W,None,4.5
Intel Core i5-13400,232.92,https://cdna.pcpartpicker.com/static/forever/images/product/1fa41c2b4b5cf8ab078c42259685c8ed.256p.jpg,10,2.5 GHz,4.6 GHz,Raptor Lake,65 W,Intel UHD Graphics 730,4.5
Intel Core i7-11700,369,https://cdna.pcpartpicker.com/static/forever/images/product/8d5a39d0af57bddb57731195a8c1d58c.256p.jpg,8,2.5 GHz,4.9 GHz,Rocket Lake,65 W,Intel UHD Graphics 750,4.5
AMD Ryzen 5 7400F,140.99,https://cdna.pcpartpicker.com/static/forever/images/product/7160b7c08f720d19f9ae682c2f6f7563.256p.jpg,6,3.7 GHz,4.7 GHz,Zen 4,65 W,None,4
Intel Core i3-7100,106.71,https://cdna.pcpartpicker.com/static/forever/images/product/d7a161a711b90cde0fefda4bbdf15bc2.256p.jpg,2,3.9 GHz,Kaby Lake,Kaby Lake,51 W,Intel HD Graphics 630,0
AMD FX-8350,329.5,8,8,4 GHz,Piledriver,Piledriver,125 W,None,4.5
AMD Ryzen 5 3500,Add,https://cdna.pcpartpicker.com/static/forever/images/product/bb5dfda7480ef06ca08f90bc6b9e0ee2.256p.jpg,6,3.6 GHz,4.1 GHz,Zen 2,65 W,None,5
Intel Core i3-8100,125,https://cdna.pcpartpicker.com/static/forever/images/product/907d3d6fa5bcbf87be2045d806ccadd7.256p.jpg,4,3.6 GHz,Coffee Lake,Coffee Lake,65 W,Intel UHD Graphics 630,4
Intel Core i3-10100,Out of stock£110.32,https://cdna.pcpartpicker.com/static/forever/images/product/b9e5be26e6c5e8bbfccccf521c16fde2.256p.jpg,4,3.6 GHz,4.3 GHz,Comet Lake,65 W,Intel UHD Graphics 630,4.5
Intel Core i5-4570,Add,https://cdna.pcpartpicker.com/static/forever/images/product/bbcff392a5e86c2d5268cdd237f70e51.256p.jpg,4,3.2 GHz,Haswell,Haswell,84 W,Intel HD Graphics 4600,4.5
Intel Core i9-12900KS,448.94,https://cdna.pcpartpicker.com/static/forever/images/product/b3fd483f4dc6bc63faff298cdffb41d5.256p.jpg,16,3.4 GHz,5.5 GHz,Alder Lake,150 W,Intel UHD Graphics 770,4.5
AMD Ryzen 7 1700X,Add,https://cdna.pcpartpicker.com/static/forever/images/product/590d9c982550da4f2f69490c5f9c0902.256p.jpg,8,3.4 GHz,3.8 GHz,Zen,95 W,None,4.5
Intel Core i5-3470,Add,4,4,3.2 GHz,Ivy Bridge,Ivy Bridge,77 W,Intel HD Graphics 2500,4.5
Intel Core i5-9500,187.28,https://cdna.pcpartpicker.com/static/forever/images/product/f4137a480bf61e69b6d83e150a0afb01.256p.jpg,6,3 GHz,4.4 GHz,Coffee Lake Refresh,65 W,Intel UHD Graphics 630,0
Intel Core i7-11700KF,265,https://cdna.pcpartpicker.com/static/forever/images/product/965ab64fbbbf1a096201650af8b88699.256p.jpg,8,3.6 GHz,5 GHz,Rocket Lake,125 W,None,4.5
Intel Core i9-11900KF,305,https://cdna.pcpartpicker.com/static/forever/images/product/bf7178722382122f3fbf2e53d32e99f6.256p.jpg,8,3.5 GHz,5.3 GHz,Rocket Lake,125 W,None,4
Intel Core i9-10980XE,695,https://cdna.pcpartpicker.com/static/forever/images/product/31fa050d67e7b58c6e3b5a1fbdfacf34.256p.jpg,18,3 GHz,4.8 GHz,Cascade Lake,165 W,None,0
AMD FX-6300,49.99,https://cdna.pcpartpicker.com/static/forever/images/product/d665dacd8ecefc1e5338899c0052dd93.256p.jpg,6,3.5 GHz,Piledriver,Piledriver,95 W,None,4.5
Intel Core i9-10900KF,439,https://cdna.pcpartpicker.com/static/forever/images/product/02b522d67f1855b6e2916d800eb38bcf.256p.jpg,10,3.7 GHz,5.3 GHz,Comet Lake,125 W,None,4.5
Intel Core i3-13100F,133.96,https://cdna.pcpartpicker.com/static/forever/images/product/735d84f17256242adcfad88d56d590bf.256p.jpg,4,3.4 GHz,4.5 GHz,Raptor Lake,58 W,None,4
Intel Core i5-2400,97.04,4,4,3.1 GHz,Sandy Bridge,Sandy Bridge,95 W,Intel HD Graphics 2000,4.5
Intel Core i5-8500T,Add,6,6,2.1 GHz,3.5 GHz,Coffee Lake,35 W,Intel UHD Graphics 630,5
Intel Core i9-10850KA Avengers Limited Edition,Add,https://cdna.pcpartpicker.com/static/forever/images/product/8f204a977a78a6c02837f3352fe91d94.256p.jpg,10,3.6 GHz,5.2 GHz,Comet Lake,125 W,Intel UHD Graphics 630,0
Intel Core i7-4770K,124.66,https://cdna.pcpartpicker.com/static/forever/images/product/0817a8a69b3fa53b911056cd5c01262e.256p.jpg,4,3.5 GHz,3.9 GHz,Haswell,84 W,Intel HD Graphics 4600,4.5
Intel Core i5-6400,Add,https://cdna.pcpartpicker.com/static/forever/images/product/2f07bb4ae8d2d1b223130d6c177bbcc2.256p.jpg,4,2.7 GHz,3.3 GHz,Skylake,65 W,Intel HD Graphics 530,4.5
Intel Core i3-10105F,69.95,https://cdna.pcpartpicker.com/static/forever/images/product/104690dc90e6297964380eeb9204f524.256p.jpg,4,3.7 GHz,4.4 GHz,Comet Lake,65 W,None,4.5
Intel Core Ultra 5 235,232.95,https://cdna.pcpartpicker.com/static/forever/images/product/e252c9d0aba0219dcae0b0bcd3894808.256p.jpg,14,3.4 GHz,5 GHz,Arrow Lake,65 W,Intel Xe,5
AMD Ryzen 7 3800XT,407.41,https://cdna.pcpartpicker.com/static/forever/images/product/7d225094c05f3106b9e7aab3873a6631.256p.jpg,8,3.9 GHz,4.7 GHz,Zen 2,105 W,None,4.5
Intel Core i9-14900F,497.99,https://cdna.pcpartpicker.com/static/forever/images/product/9ad5851cc322799cc6c3352f6a899247.256p.jpg,24,2 GHz,5.8 GHz,Raptor Lake Refresh,65 W,None,0
Intel Core i7-2600,110,4,4,3.4 GHz,Sandy Bridge,Sandy Bridge,95 W,Intel HD Graphics 2000,4.5
Intel Core i5-9600KF,178,https://cdna.pcpartpicker.com/static/forever/images/product/658de8a85dd1c0af16b8f020ed5bb2da.256p.jpg,6,3.7 GHz,4.6 GHz,Coffee Lake Refresh,95 W,None,4.5
AMD Ryzen 9 3900XT,449.99,https://cdna.pcpartpicker.com/static/forever/images/product/bb4c0b72e3f78893b1e5b19ab570b2c1.256p.jpg,12,3.8 GHz,4.7 GHz,Zen 2,105 W,None,4.5
Intel Core i5-4690K,108.26,https://cdna.pcpartpicker.com/static/forever/images/product/93181dc9a768fc9b512a294c4f33cc91.256p.jpg,4,3.5 GHz,3.9 GHz,Haswell Refresh,88 W,Intel HD Graphics 4600,4.5
AMD Ryzen 3 1200 (14nm),121.81,https://cdna.pcpartpicker.com/static/forever/images/product/7714a4b585034b6e4a3f2e230c2806f8.256p.jpg,4,3.1 GHz,3.4 GHz,Zen,65 W,None,4.5
Intel Core i7-6850K,134,https://cdna.pcpartpicker.com/static/forever/images/product/ba02f12ee3bb9892d21a4c3e26a3790f.256p.jpg,6,3.6 GHz,3.8 GHz,Broadwell,140 W,None,4.5
Intel Pentium G4400,Add,https://cdna.pcpartpicker.com/static/forever/images/product/c96e3edad99c0ec51123f5b9c2d4a811.256p.jpg,2,3.3 GHz,Skylake,Skylake,54 W,Intel HD Graphics 510,4
Intel Core i7-13700,440,https://cdna.pcpartpicker.com/static/forever/images/product/e02f59843736d101374f75d18c244a30.256p.jpg,16,2.1 GHz,5.2 GHz,Raptor Lake,65 W,Intel UHD Graphics 770,4.5
Intel Core i5-12600,269.18,https://cdna.pcpartpicker.com/static/forever/images/product/7a8133e4d1ab12830ce867e2958bbc2b.256p.jpg,6,3.3 GHz,4.8 GHz,Alder Lake,65 W,Intel UHD Graphics 770,4.5
Intel Core i9-9980XE,1944.98,https://cdna.pcpartpicker.com/static/forever/images/product/bb03a268a7ec584613a8b46a1926a0b7.256p.jpg,18,3 GHz,4.4 GHz,Skylake,165 W,None,0
AMD Ryzen 5 1600 (12nm),162.51,https://cdna.pcpartpicker.com/static/forever/images/product/2447958ccca245b5827bf05929f870e6.256p.jpg,6,3.2 GHz,3.6 GHz,Zen+,65 W,None,4.5
AMD Ryzen 7 1800X,Add,https://cdna.pcpartpicker.com/static/forever/images/product/a12eab97aff3815b6707805450266034.256p.jpg,8,3.6 GHz,4 GHz,Zen,95 W,None,4.5
Intel Core i5-11600KF,257.99,https://cdna.pcpartpicker.com/static/forever/images/product/f9223631f303e54d9bd4aa9967c1f287.256p.jpg,6,3.9 GHz,4.9 GHz,Rocket Lake,125 W,None,4.5
Intel Core i5-4670K,162.53,https://cdna.pcpartpicker.com/static/forever/images/product/73e19374dc737ba0b428203d85c24a78.256p.jpg,4,3.4 GHz,Haswell,Haswell,84 W,Intel HD Graphics 4600,4.5
AMD Ryzen 3 3300X,171.86,https://cdna.pcpartpicker.com/static/forever/images/product/614673693f9281d17b521cbf52799c68.256p.jpg,4,3.8 GHz,4.3 GHz,Zen 2,65 W,None,4.5
Intel Core i5-10600KF,299,https://cdna.pcpartpicker.com/static/forever/images/product/d28d05f1c9972e51ef212760baca9612.256p.jpg,6,4.1 GHz,4.8 GHz,Comet Lake,125 W,None,5
AMD Ryzen 7 9700F,Add,,8,3.8 GHz,5.5 GHz,Zen 5,65 W,None,0
Intel Core i3-7100T,60.4,https://cdna.pcpartpicker.com/static/forever/images/product/6575bf30b14742cef9e7ddae7fb2ce7f.256p.jpg,2,3.4 GHz,Kaby Lake,Kaby Lake,35 W,Intel HD Graphics 630,5
AMD Threadripper 1950X,1065.17,16,16,3.4 GHz,4 GHz,Zen,180 W,None,4.5
AMD Ryzen 5 1500X,Add,https://cdna.pcpartpicker.com/static/forever/images/product/42897d7fd845792aaa6a666396777d04.256p.jpg,4,3.5 GHz,3.7 GHz,Zen,65 W,None,4.5
Intel Core i3-8100T,55.9,4,4,3.1 GHz,Coffee Lake,Coffee Lake,35 W,Intel UHD Graphics 630,0
AMD Ryzen 5 1400,£117.23Add,https://cdna.pcpartpicker.com/static/forever/images/product/42897d7fd845792aaa6a666396777d04.256p.jpg,4,3.2 GHz,3.4 GHz,Zen,65 W,None,4.5
Intel Core i5-3570K,Add,4,4,3.4 GHz,Ivy Bridge,Ivy Bridge,77 W,Intel HD Graphics 4000,4.5
Intel Core i9-9900,476.99,https://cdna.pcpartpicker.com/static/forever/images/product/da9f3c4ba2ab5a3be4a1342ab47e0afc.256p.jpg,8,3.1 GHz,5 GHz,Coffee Lake Refresh,65 W,Intel UHD Graphics 630,4.5
AMD Threadripper 2950X,£899.00Add,https://cdna.pcpartpicker.com/static/forever/images/product/09734bbf8632da3f135375bbb4ea6f94.256p.jpg,16,3.5 GHz,4.4 GHz,Zen+,180 W,None,5
Intel Core i5-11500,Add,https://cdna.pcpartpicker.com/static/forever/images/product/ed81b3f4911beef4ee212f49dec938ee.256p.jpg,6,2.7 GHz,4.6 GHz,Rocket Lake,65 W,Intel UHD Graphics 750,4.5
AMD EPYC 4545P,£546.81Add,https://cdna.pcpartpicker.com/static/forever/images/product/93d40a5558436eb5e63800c8df5956a7.256p.jpg,16,3 GHz,5.4 GHz,Zen 5,65 W,Radeon,0
Intel Core i9-14900,532.99,https://cdna.pcpartpicker.com/static/forever/images/product/6bef271d59cd2a9b4f13fe95c18e2892.256p.jpg,24,2 GHz,5.8 GHz,Raptor Lake Refresh,65 W,Intel UHD Graphics 770,0
Intel Celeron 420,145.47,1,1,1.6 GHz,Core,Core,35 W,None,0
Intel Celeron G5905,Add,https://cdna.pcpartpicker.com/static/forever/images/product/4e74ee4ede2abc74ce883111381c4462.256p.jpg,2,3.5 GHz,Comet Lake,Comet Lake,58 W,Intel UHD Graphics 610,0
Intel Core i7-9700KF,323.07,https://cdna.pcpartpicker.com/static/forever/images/product/7a187be50026e221f31b55e76c3adf73.256p.jpg,8,3.6 GHz,4.9 GHz,Coffee Lake Refresh,95 W,None,5
Intel Pentium G640,Add,2,2,2.8 GHz,Sandy Bridge,Sandy Bridge,65 W,Intel HD Graphics,4
Intel Core i9-13900,593.64,https://cdna.pcpartpicker.com/static/forever/images/product/6677778b05f29fbfd12dd49c16f2069f.256p.jpg,24,2 GHz,5.6 GHz,Raptor Lake,65 W,Intel UHD Graphics 770,4.5
Intel Core i7-5820K,39.95,6,6,3.3 GHz,3.6 GHz,Haswell,140 W,None,4
AMD FX-6350,24.9,https://cdna.pcpartpicker.com/static/forever/images/product/a00d61cff204084081cdafdb26f36d1e.256p.jpg,6,3.9 GHz,Piledriver,Piledriver,125 W,None,4
Intel Celeron G3900,69,https://cdna.pcpartpicker.com/static/forever/images/product/ff432f020170250f7de02636651e1743.256p.jpg,2,2.8 GHz,Skylake,Skylake,51 W,Intel HD Graphics 510,3.5
Intel Core i7-4960X Extreme Edition,Add,https://cdna.pcpartpicker.com/static/forever/images/product/a1466e1823404679892cb38473e6c5fd.256p.jpg,6,3.6 GHz,4 GHz,Ivy Bridge,130 W,None,5
Intel Core i3-6100,78.2,https://cdna.pcpartpicker.com/static/forever/images/product/97965106af18bd4de0b76f99d5bcb16c.256p.jpg,2,3.7 GHz,Skylake,Skylake,51 W,Intel HD Graphics 530,4.5
Intel Core i3-13100,Out of stock£137.99,https://cdna.pcpartpicker.com/static/forever/images/product/a11139b5e266b9760da436a86b407035.256p.jpg,4,3.4 GHz,4.5 GHz,Raptor Lake,60 W,Intel UHD Graphics 730,5
Intel Core i3-10105,£109.99Add,https://cdna.pcpartpicker.com/static/forever/images/product/f4e07d2c312edb86a1afe494ed5cd645.256p.jpg,4,3.7 GHz,4.4 GHz,Comet Lake,65 W,Intel UHD Graphics 630,4.5
AMD FX-8150,218.32,8,8,3.6 GHz,Bulldozer,Bulldozer,125 W,None,4.5
Intel Core i5-13500T,Add,14,14,1.6 GHz,4.6 GHz,Raptor Lake,35 W,Intel UHD Graphics 770,5
Intel Pentium Gold G7400,265.99,https://cdna.pcpartpicker.com/static/forever/images/product/eb5f4691a0ee2ac68328fbedd3956538.256p.jpg,2,3.7 GHz,Alder Lake,Alder Lake,46 W,Intel UHD Graphics 710,0
AMD Athlon II X2 240,£81.73Add,2,2,2.8 GHz,K10,K10,65 W,None,0
Intel Core i7-2600K,Add,4,4,3.4 GHz,Sandy Bridge,Sandy Bridge,95 W,Intel HD Graphics 3000,4.5
AMD Threadripper 2970WX,1300.89,https://cdna.pcpartpicker.com/static/forever/images/product/25622925b568c0fbb39f61b0383c39b4.256p.jpg,24,3 GHz,4.2 GHz,Zen+,250 W,None,0
AMD EPYC 4465P,418.75,https://cdna.pcpartpicker.com/static/forever/images/product/892aed0b32342b4ac4b69c5f1d773dcb.256p.jpg,12,3.4 GHz,5.4 GHz,Zen 5,65 W,Radeon,0
Intel Core i3-8300,132.31,https://cdna.pcpartpicker.com/static/forever/images/product/5c92fd399303b10e4c5ea8015ec47f39.256p.jpg,4,3.7 GHz,Coffee Lake,Coffee Lake,62 W,Intel UHD Graphics 630,0
Intel Core i5-6600,97,https://cdna.pcpartpicker.com/static/forever/images/product/fd51d44541807d00d4b265d071f313fa.256p.jpg,4,3.3 GHz,3.9 GHz,Skylake,65 W,Intel HD Graphics 530,0
Intel Xeon E5-2667 V3,2665.5,8,8,3.2 GHz,3.6 GHz,Haswell,135 W,None,5
Intel Core i9-9900KS,Add,https://cdna.pcpartpicker.com/static/forever/images/product/127d608f7abf20424afc8464bc416cfa.256p.jpg,8,4 GHz,5 GHz,Coffee Lake Refresh,127 W,Intel UHD Graphics 630,4.5
Intel Xeon E5-2683 V4,128.91,"https://cdna.pcpartpicker.com/static/forever/images/product/acbbf09e0391f7599810e37d7ed1f9de.256p.jpg",16,2.1 GHz,3 GHz,Broadwell,120 W,None,0
Intel Core i9-10900X,279.97,https://cdna.pcpartpicker.com/static/forever/images/product/d6ea76d2a63ade5759235829a6d63697.256p.jpg,10,3.7 GHz,4.7 GHz,Cascade Lake,165 W,None,5
Intel Xeon E5-2620,71.93,6,6,2 GHz,Sandy Bridge,Sandy Bridge,95 W,None,0
Intel Core i3-9100,£162.53Add,https://cdna.pcpartpicker.com/static/forever/images/product/46badc31f619c275800a79476709e08f.256p.jpg,4,3.6 GHz,4.2 GHz,Coffee Lake Refresh,65 W,Intel UHD Graphics 630,4.5
Intel Core i9-7980XE,Add,https://cdna.pcpartpicker.com/static/forever/images/product/86dc01a773c3d1f95ea91de2819a7848.256p.jpg,18,2.6 GHz,4.4 GHz,Skylake,165 W,None,0
Intel Pentium Gold G6600,Add,https://cdna.pcpartpicker.com/static/forever/images/product/ab31eff2865edb93498c3ab8707d4c71.256p.jpg,2,4.2 GHz,Comet Lake,Comet Lake,58 W,Intel UHD Graphics 630,0
Intel Celeron G6900,£77.22Add,https://cdna.pcpartpicker.com/static/forever/images/product/9741c4e0d5347f8b94409b0414f416db.256p.jpg,2,3.4 GHz,Alder Lake,Alder Lake,46 W,Intel UHD Graphics 710,4
AMD Ryzen 9 PRO 9945,Out of stock£463.99Add,,12,3.4 GHz,5.4 GHz,Zen 5,65 W,Radeon,0
Intel Core i7-4930K,175.55,https://cdna.pcpartpicker.com/static/forever/images/product/a1466e1823404679892cb38473e6c5fd.256p.jpg,6,3.4 GHz,3.9 GHz,Ivy Bridge,130 W,None,4.5
Intel Core i9-7900X,Add,https://cdna.pcpartpicker.com/static/forever/images/product/934aeb46f8ae9d26bed3d673b7c635c9.256p.jpg,10,3.3 GHz,4.5 GHz,Skylake,140 W,None,4.5
AMD FX-9590,363.88,https://cdna.pcpartpicker.com/static/forever/images/product/af8e6181a8d4489c8613fc076130dc06.256p.jpg,8,4.7 GHz,5 GHz,Piledriver,220 W,None,4.5
Intel Core i7-8086K,Add,https://cdna.pcpartpicker.com/static/forever/images/product/452fefc7712153b364268a36d1674efb.256p.jpg,6,4 GHz,5 GHz,Coffee Lake,95 W,Intel UHD Graphics 630,4.5
Intel Core i5-4670,94.66,https://cdna.pcpartpicker.com/static/forever/images/product/3d305a3bb3b9891d1016ccd88b084f6b.256p.jpg,4,3.4 GHz,Haswell,Haswell,84 W,Intel HD Graphics 4600,4.5
Intel Xeon E5-1650 V4,Add,https://cdna.pcpartpicker.com/static/forever/images/product/9f6b656cf6f4885666f47c2677601942.256p.jpg,6,3.6 GHz,4 GHz,Broadwell,140 W,None,0
Intel Core i5-8400T,Add,6,6,1.7 GHz,3.3 GHz,Coffee Lake,35 W,Intel UHD Graphics 630,0
Intel Xeon E5-2697 V2,Add,https://cdna.pcpartpicker.com/static/forever/images/product/e26bc40699d464c3ba4d51efadbea29b.256p.jpg,12,2.7 GHz,3.5 GHz,Ivy Bridge,130 W,None,0
Intel Core i9-9900K (Standard Folding Box),330,https://cdna.pcpartpicker.com/static/forever/images/product/d6a4bfb6fab5e161ba810775a1cfcd4e.256p.jpg,8,3.6 GHz,5 GHz,Coffee Lake Refresh,95 W,Intel UHD Graphics 630,4.5
Intel Core i5-2500K,114,4,4,3.3 GHz,Sandy Bridge,Sandy Bridge,95 W,Intel HD Graphics 3000,4.5
Intel Core i5-7600,119,https://cdna.pcpartpicker.com/static/forever/images/product/0c2441d24af10b2aff285308b4e32d03.256p.jpg,4,3.5 GHz,4.1 GHz,Kaby Lake,65 W,Intel HD Graphics 630,4.5
AMD Ryzen 5 5600T,Add,https://cdna.pcpartpicker.com/static/forever/images/product/a5984c355b088bf1632eca98efd25f8f.256p.jpg,6,3.5 GHz,4.5 GHz,Zen 3,65 W,None,0
Intel Core i7-920,114.61,4,4,2.66 GHz,Nehalem,Nehalem,130 W,None,4.5
AMD Ryzen 5 7400,134.99,,6,3.3 GHz,4.3 GHz,Zen 4,65 W,Radeon,0
Intel Core i9-10920X,349.97,https://cdna.pcpartpicker.com/static/forever/images/product/f289869a9c93444d38bf7d98fcbe2407.256p.jpg,12,3.5 GHz,4.8 GHz,Cascade Lake,165 W,None,5
Intel Core i3-2100,Add,2,2,3.1 GHz,Sandy Bridge,Sandy Bridge,65 W,Intel HD Graphics 2000,4
Intel Celeron G5900,Add,https://cdna.pcpartpicker.com/static/forever/images/product/6be6a2a6df1721fef27435a91c501521.256p.jpg,2,3.4 GHz,Comet Lake,Comet Lake,58 W,Intel UHD Graphics 610,5
Intel Core i5-8600,276.26,6,6,3.1 GHz,4.3 GHz,Coffee Lake,65 W,Intel UHD Graphics 630,0
AMD Threadripper 2990WX,Add,https://cdna.pcpartpicker.com/static/forever/images/product/376290bb9aa6669a3393dc8c0d266e5b.256p.jpg,32,3 GHz,4.2 GHz,Zen+,250 W,None,4.5
AMD Ryzen 3 1200 (12nm),Add,https://cdna.pcpartpicker.com/static/forever/images/product/2718f93893c0e844d4eb23c81d86b009.256p.jpg,4,3.1 GHz,3.4 GHz,Zen+,65 W,None,4.5
AMD Ryzen 9 3900,Add,12,12,3.1 GHz,Zen 2,Zen 2,65 W,None,0
AMD Ryzen 9 PRO 7945,413.93,https://cdna.pcpartpicker.com/static/forever/images/product/0060e87b1c0093626f67e76793e68c41.256p.jpg,12,3.7 GHz,5.4 GHz,Zen 4,65 W,Radeon,0
AMD Phenom II X4 820,Add,https://cdna.pcpartpicker.com/static/forever/images/product/d02d6ea62fae83eabde90fb02321d5ec.256p.jpg,4,2.8 GHz,K10,K10,95 W,None,0
AMD A6-7480,115.38,https://cdna.pcpartpicker.com/static/forever/images/product/35b8b19842bb8e8e104f2ce52d0fe864.256p.jpg,2,3.5 GHz,3.8 GHz,Puma+,65 W,Radeon R5 (on die),0
AMD Threadripper 1900X,313.64,https://cdna.pcpartpicker.com/static/forever/images/product/b68f29b453848519ea8bd70695cd027c.256p.jpg,8,3.8 GHz,4 GHz,Zen,180 W,None,4.5
Intel Core i3-530,84.39,2,2,2.93 GHz,Westmere,Westmere,73 W,Intel HD Graphics,3.5
Intel Core i3-540,179.98,2,2,3.06 GHz,Westmere,Westmere,73 W,Intel HD Graphics,5
Intel Core i5-10600,156.21,https://cdna.pcpartpicker.com/static/forever/images/product/22517c4002202647d4d1906d37e43b48.256p.jpg,6,3.3 GHz,4.8 GHz,Comet Lake,65 W,Intel UHD Graphics 630,4.5
Intel Core i7-7820X,523.76,https://cdna.pcpartpicker.com/static/forever/images/product/d89b878886f1e1afa45aa618a95f4136.256p.jpg,8,3.6 GHz,4.5 GHz,Skylake,140 W,None,4.5
Intel Core i9-12900,429.99,https://cdna.pcpartpicker.com/static/forever/images/product/b61a0cfda1c9f56fda7c2f91dacd9046.256p.jpg,16,2.4 GHz,5.1 GHz,Alder Lake,65 W,Intel UHD Graphics 770,0
Intel Core i7-2700K,Add,4,4,3.5 GHz,Sandy Bridge,Sandy Bridge,95 W,Intel HD Graphics 3000,4.5
Intel Core i7-6800K,248.27,https://cdna.pcpartpicker.com/static/forever/images/product/6a1373e54fbd08524d23f61ac7eb9711.256p.jpg,6,3.4 GHz,3.6 GHz,Broadwell,140 W,None,4.5
Intel Core i9-10900,Out of stock£355.87,https://cdna.pcpartpicker.com/static/forever/images/product/2c0e54afceb3b128eef552ffa7b488ee.256p.jpg,10,2.8 GHz,5.2 GHz,Comet Lake,65 W,Intel UHD Graphics 630,4.5
Intel Core i7-5960X,559,https://cdna.pcpartpicker.com/static/forever/images/product/cba263028a1b6a8e4f8960837de3c83a.256p.jpg,8,3 GHz,3.5 GHz,Haswell,140 W,None,4.5
Intel Core i5-14500T,Add,14,14,1.7 GHz,4.8 GHz,Raptor Lake Refresh,35 W,Intel UHD Graphics 770,0
Intel Core i9-13900T,Add,24,24,1.1 GHz,5.3 GHz,Raptor Lake,35 W,Intel UHD Graphics 770,5
AMD Ryzen 3 1300X,Add,https://cdna.pcpartpicker.com/static/forever/images/product/7714a4b585034b6e4a3f2e230c2806f8.256p.jpg,4,3.5 GHz,3.7 GHz,Zen,65 W,None,4.5
Intel Core i3-3220,98,2,2,3.3 GHz,Ivy Bridge,Ivy Bridge,55 W,Intel HD Graphics 2500,4.5
Intel Core i5-4440,Add,https://cdna.pcpartpicker.com/static/forever/images/product/0d6a3724134faabbccc1898c4f27c1dc.256p.jpg,4,3.1 GHz,3.3 GHz,Haswell,84 W,Intel HD Graphics 4600,4.5
Intel Core i9-9900X,642.89,"https://cdna.pcpartpicker.com/static/forever/images/product/9f4bab6ab3d6eac89876013f43df820e.256p.jpg",10,3.5 GHz,4.4 GHz,Skylake,165 W,None,0
Intel Core i5-7400T,169.95,https://cdna.pcpartpicker.com/static/forever/images/product/af30c4076a25b69d6f721172010cc0ec.256p.jpg,4,2.4 GHz,3 GHz,Kaby Lake,35 W,Intel HD Graphics 630,0
Intel Core i9-9940X,Add,https://cdna.pcpartpicker.com/static/forever/images/product/9f4bab6ab3d6eac89876013f43df820e.256p.jpg,14,3.3 GHz,4.4 GHz,Skylake,165 W,None,0
Intel Xeon E5-4620,Add,8,8,2.2 GHz,2.6 GHz,Sandy Bridge,95 W,None,0
Intel Core i9-10900F,389,10,10,2.8 GHz,5.2 GHz,Comet Lake,65 W,None,4.5
Intel Core i9-12900F,415.98,https://cdna.pcpartpicker.com/static/forever/images/product/c709a7db2862582c1870c1b399fd7499.256p.jpg,16,2.4 GHz,5.1 GHz,Alder Lake,65 W,None,0
Intel Core i5-3570,92,https://cdna.pcpartpicker.com/static/forever/images/product/bfb19b54222eade7dbbd12fb07bda3fa.256p.jpg,4,3.4 GHz,Ivy Bridge,Ivy Bridge,77 W,Intel HD Graphics 2500,4.5
AMD A8-6600K,129.97,4,4,3.9 GHz,Piledriver,Piledriver,100 W,Radeon HD 8570D,4.5
Intel Pentium Gold G6400,69.62,https://cdna.pcpartpicker.com/static/forever/images/product/ab31eff2865edb93498c3ab8707d4c71.256p.jpg,2,4 GHz,Comet Lake,Comet Lake,58 W,Intel UHD Graphics 610,5
Intel Core 2 Quad Q9300,73.06,https://cdna.pcpartpicker.com/static/forever/images/product/74d128654a0f8f6aa738094c2911bfe9.256p.jpg,4,2.5 GHz,Yorkfield,Yorkfield,95 W,None,4
Intel Core i7-5930K,Add,https://cdna.pcpartpicker.com/static/forever/images/product/c3a4d344bc087f70d7f757a933edb454.256p.jpg,6,3.5 GHz,3.7 GHz,Haswell,140 W,None,4.5
Intel Xeon E5-2687W,Add,https://cdna.pcpartpicker.com/static/forever/images/product/e722d681421475648581c166821b84ca.med.256p.jpg,8,3.1 GHz,3.8 GHz,Sandy Bridge,150 W,None,0
Intel Core i3-12100T,Add,https://cdna.pcpartpicker.com/static/forever/images/product/37a75ae4d16234910c87ae465dfc89da.256p.jpg,4,2.2 GHz,4.1 GHz,Alder Lake,35 W,Intel UHD Graphics 730,0
AMD FX-8320,Add,8,8,3.5 GHz,Piledriver,Piledriver,125 W,None,4.5
AMD Athlon II 160u,Add,1,1,1.8 GHz,K10,K10,20 W,None,0
Intel 300,158.26,https://cdna.pcpartpicker.com/static/forever/images/product/47591ba76caa6bc7d3101448ae74d04f.256p.jpg,2,3.9 GHz,Raptor Lake Refresh,Raptor Lake Refresh,46 W,Intel UHD Graphics 710,0
Intel Core i9-11900F,319.99,https://cdna.pcpartpicker.com/static/forever/images/product/4661b942055a470174e1a056c3e6c042.256p.jpg,8,2.5 GHz,5.2 GHz,Rocket Lake,65 W,None,0
Intel Xeon E3-1245 V6,190.22,4,4,3.7 GHz,4.1 GHz,Kaby Lake,73 W,Intel HD Graphics P630,5
AMD Phenom II X6 1100T Black,Add,6,6,3.3 GHz,K10,K10,125 W,None,4
Intel Core i3-10320,Add,4,4,3.8 GHz,4.6 GHz,Comet Lake,65 W,Intel UHD Graphics 630,0
Intel Xeon E5-2680,Add,8,8,2.7 GHz,3.5 GHz,Sandy Bridge,130 W,None,4.5
AMD FX-8300,Add,8,8,3.3 GHz,Piledriver,Piledriver,95 W,None,4
Intel Xeon E5-2690 V4,1098.97,https://cdna.pcpartpicker.com/static/forever/images/product/acbbf09e0391f7599810e37d7ed1f9de.256p.jpg,14,2.6 GHz,3.5 GHz,Broadwell,135 W,None,5
Intel Xeon E5-2697 V4,Add,https://cdna.pcpartpicker.com/static/forever/images/product/070c018275f6a0e4e64219169f7773ff.256p.jpg,18,2.3 GHz,3.6 GHz,Broadwell,145 W,None,5
Intel Core Ultra 5 245,Add,https://cdna.pcpartpicker.com/static/forever/images/product/a05314908d0b37259e7a2b1a5e3a4b56.256p.jpg,14,3.5 GHz,5.1 GHz,Arrow Lake,65 W,Intel Xe,0
Intel Core i3-9300,Add,https://cdna.pcpartpicker.com/static/forever/images/product/b1278728300f0159c35c67b39ea7ce46.256p.jpg,4,3.7 GHz,4.3 GHz,Coffee Lake Refresh,62 W,Intel UHD Graphics 630,0
Intel Core i7-3930K,468.39,6,6,3.2 GHz,Sandy Bridge,Sandy Bridge,130 W,None,4.5
AMD Phenom II X6 1055T,Add,6,6,2.8 GHz,K10,K10,125 W,None,4
Intel Core i9-13900F,365,https://cdna.pcpartpicker.com/static/forever/images/product/b8fab5fbdca5b7f19d806800e9d07b16.256p.jpg,24,2 GHz,5.6 GHz,Raptor Lake,65 W,None,0
Intel Xeon E3-1231 V3,Add,4,4,3.4 GHz,3.8 GHz,Haswell Refresh,80 W,None,4.5
Intel Core i5-3330,59.99,4,4,3 GHz,Ivy Bridge,Ivy Bridge,77 W,Intel HD Graphics 2500,4.5
Intel Core i7-13700T,Add,https://cdna.pcpartpicker.com/static/forever/images/product/1e486767a2ba0bdf2727648eee3aed63.256p.jpg,16,1.4 GHz,4.9 GHz,Raptor Lake,35 W,None,4.5
Intel Xeon E5-2670 V3,382.69,"https://cdna.pcpartpicker.com/static/forever/images/product/8e90ad88e4f2d243b3c98bda56c5a13f.256p.jpg",12,2.3 GHz,3.1 GHz,Haswell,120 W,None,5
Intel Core i5-2500,Add,4,4,3.3 GHz,Sandy Bridge,Sandy Bridge,95 W,Intel HD Graphics 2000,4.5
Intel Core i3-4170,72,https://cdna.pcpartpicker.com/static/forever/images/product/14c2c0e177a9537c451ecb7da2b80781.256p.jpg,2,3.7 GHz,Haswell Refresh,Haswell Refresh,54 W,Intel HD Graphics 4400,4.5
Intel Core i9-11900,428,https://cdna.pcpartpicker.com/static/forever/images/product/c9724573a84719379a3f95f469a6e636.256p.jpg,8,2.5 GHz,5.2 GHz,Rocket Lake,65 W,Intel UHD Graphics 750,5
AMD FX-4350,100.86,https://cdna.pcpartpicker.com/static/forever/images/product/47df61e58e95efb22c12e87a7ed34236.med.256p.jpg,4,4.2 GHz,Piledriver,Piledriver,125 W,None,4.5
AMD Phenom II X4 940 Black,Add,4,4,3 GHz,K10,K10,125 W,None,1
Intel Core i5-655K,Add,2,2,3.2 GHz,Westmere,Westmere,73 W,Intel HD Graphics,0
Intel Core i3-2120,Add,2,2,3.3 GHz,Sandy Bridge,Sandy Bridge,65 W,Intel HD Graphics 2000,4
Intel Core i7-860,230.04,4,4,2.8 GHz,Nehalem,Nehalem,95 W,None,4
Intel Core i5-3450,245.3,4,4,3.1 GHz,Ivy Bridge,Ivy Bridge,77 W,Intel HD Graphics 2500,4.5
Intel Pentium G4560,82,https://cdna.pcpartpicker.com/static/forever/images/product/78d5a83458df76aaff6112c60d482ff2.256p.jpg,2,3.5 GHz,Kaby Lake,Kaby Lake,54 W,Intel HD Graphics 610,0
Intel Core i5-9500T,Add,https://cdna.pcpartpicker.com/static/forever/images/product/f4137a480bf61e69b6d83e150a0afb01.256p.jpg,6,2.2 GHz,3.7 GHz,Coffee Lake Refresh,35 W,Intel UHD Graphics 630,0
Intel Xeon E5-2630 V4,Add,https://cdna.pcpartpicker.com/static/forever/images/product/fe223eeb7f193ce69814603b89175472.256p.jpg,10,2.2 GHz,3.1 GHz,Broadwell,85 W,None,0
Intel Core i7-990X Extreme Edition,899.98,6,6,3.467 GHz,Westmere,Westmere,130 W,None,4
Intel Xeon E3-1230 V2,Add,4,4,3.3 GHz,Ivy Bridge,Ivy Bridge,69 W,None,5
Intel Core i7-8700T,Add,6,6,2.4 GHz,4 GHz,Coffee Lake,35 W,Intel UHD Graphics 630,0
Intel Core i9-7920X,£681.59Add,https://cdna.pcpartpicker.com/static/forever/images/product/b4777c982f9e93e78c9726b88618ad3a.256p.jpg,12,2.9 GHz,4.4 GHz,Skylake,140 W,None,0
Intel Core 2 Quad Q9650,Add,4,4,3 GHz,Yorkfield,Yorkfield,95 W,None,5
AMD 5350,Add,4,4,2.05 GHz,Jaguar,Jaguar,25 W,Radeon HD 8400,4.5
AMD FX-8370,Add,https://cdna.pcpartpicker.com/static/forever/images/product/e5012bd035aa8d3c4088bc8fd43e8e21.256p.jpg,8,4 GHz,4.3 GHz,Piledriver,125 W,None,4.5
Intel Core i7-6900K,232.07,https://cdna.pcpartpicker.com/static/forever/images/product/8f6d753be524daf5a9c04d9131cb6f27.256p.jpg,8,3.2 GHz,3.7 GHz,Broadwell,140 W,None,4.5
AMD A10-9700,Add,https://cdna.pcpartpicker.com/static/forever/images/product/f1f3a3a9dcb445a935834152bbc64f05.256p.jpg,4,3.5 GHz,3.8 GHz,Excavator,65 W,Radeon R7 (on-die),0
Intel Core i7-4770S,164.99,https://cdna.pcpartpicker.com/static/forever/images/product/07676ad3db15c1249435755181587c11.256p.jpg,4,3.1 GHz,Haswell,Haswell,65 W,Intel HD Graphics 4600,4.5
Intel Core i7-10700K Avengers Collector's Edition,Add,https://cdna.pcpartpicker.com/static/forever/images/product/1b202264105e2883c973d93a072aeaf9.256p.jpg,8,3.8 GHz,5.1 GHz,Comet Lake,125 W,Intel UHD Graphics 630,0
Intel Core i7-7700T,251.12,https://cdna.pcpartpicker.com/static/forever/images/product/193949e9182e432fc45535b8a557b977.256p.jpg,4,2.9 GHz,3.8 GHz,Kaby Lake,35 W,Intel HD Graphics 630,0
Intel Core 2 Extreme QX9770,Add,4,4,3.2 GHz,Yorkfield,Yorkfield,136 W,None,5
Intel Core i7-4790S,Add,4,4,3.2 GHz,4 GHz,Haswell Refresh,65 W,Intel HD Graphics 4000,5
AMD Athlon X4 860K,Add,https://cdna.pcpartpicker.com/static/forever/images/product/985d3ca5a71ef4ef46809b54d5cf0602.256p.jpg,4,3.7 GHz,4 GHz,Steamroller,95 W,None,4.5
AMD Ryzen 7 PRO 7745,326.36,https://cdna.pcpartpicker.com/static/forever/images/product/0060e87b1c0093626f67e76793e68c41.256p.jpg,8,3.8 GHz,5.3 GHz,Zen 4,65 W,Radeon,0
Intel Core i3-4160,59.95,https://cdna.pcpartpicker.com/static/forever/images/product/b86fb1715f889d15c0a8f54f27cb9ecf.256p.jpg,2,3.6 GHz,Haswell Refresh,Haswell Refresh,54 W,Intel HD Graphics 4400,3
Intel Xeon E5-2699 V3,Add,18,18,2.3 GHz,3.6 GHz,Haswell,145 W,None,0
Intel Xeon E5-2650 V4,350,https://cdna.pcpartpicker.com/static/forever/images/product/fe223eeb7f193ce69814603b89175472.256p.jpg,12,2.2 GHz,2.9 GHz,Broadwell,105 W,None,0
Intel Core i5-9600,214,"https://cdna.pcpartpicker.com/static/forever/images/product/f4137a480bf61e69b6d83e150a0afb01.256p.jpg",6,3.1 GHz,4.6 GHz,Coffee Lake Refresh,65 W,Intel UHD Graphics 630,0
Intel Core i5-11600,Add,https://cdna.pcpartpicker.com/static/forever/images/product/c770299ed161e4589288e53b3c315088.256p.jpg,6,2.8 GHz,4.8 GHz,Rocket Lake,65 W,Intel UHD Graphics 750,5
AMD A10-7700K,197.31,4,4,3.4 GHz,3.8 GHz,Steamroller,95 W,Radeon R7 (on-die),4.5
AMD Athlon 200GE,125.38,https://cdna.pcpartpicker.com/static/forever/images/product/f55fe8a2443698085e9d8d2997cc3173.256p.jpg,2,3.2 GHz,Zen,Zen,35 W,Radeon Vega 3,4.5
Intel Xeon E5-2630 V3,Add,https://cdna.pcpartpicker.com/static/forever/images/product/054650de7676839361cb9121e8c87189.med.256p.jpg,8,2.4 GHz,3.2 GHz,Haswell,85 W,None,5
Intel Core i9-10940X,Out of stock£959.12,https://cdna.pcpartpicker.com/static/forever/images/product/665a1e6d9fce6e709588d6546b503b73.256p.jpg,14,3.3 GHz,4.8 GHz,Cascade Lake,165 W,None,0
Intel Core i7-5775C,Add,https://cdna.pcpartpicker.com/static/forever/images/product/6ea02853bf07bde9e6cfb8ce729954b2.256p.jpg,4,3.3 GHz,3.7 GHz,Broadwell,65 W,Iris Pro Graphics 6200,5
Intel Xeon E3-1270 V3,Add,4,4,3.5 GHz,3.9 GHz,Haswell,80 W,None,0
Intel Core i7-3970X Extreme Edition,Add,6,6,3.5 GHz,Sandy Bridge,Sandy Bridge,150 W,None,5
Intel Core i7-6700T,Add,https://cdna.pcpartpicker.com/static/forever/images/product/6323d10cd851cd5dcd9b4fe10b77247e.256p.jpg,4,2.8 GHz,3.6 GHz,Skylake,35 W,Intel HD Graphics 530,0
Intel Xeon E5-2687W V4,Add,https://cdna.pcpartpicker.com/static/forever/images/product/acbbf09e0391f7599810e37d7ed1f9de.256p.jpg,12,3 GHz,3.5 GHz,Broadwell,160 W,None,0
Intel Xeon E5-1630 V4,89.95,4,4,3.7 GHz,4 GHz,Broadwell,140 W,None,0
Intel Core i9-9960X,1318.2,https://cdna.pcpartpicker.com/static/forever/images/product/c30188135bf5f40e24fb3daa3fc225a1.256p.jpg,16,3.1 GHz,4.4 GHz,Skylake,165 W,None,0
Intel Core i7-3770S,Add,4,4,3.1 GHz,Ivy Bridge,Ivy Bridge,65 W,Intel HD Graphics 4000,4.5
Intel Core i7-3820,Add,4,4,3.6 GHz,Sandy Bridge,Sandy Bridge,130 W,None,4.5
Intel Core i5-4590S,Add,4,4,3 GHz,3.7 GHz,Haswell Refresh,65 W,Intel HD Graphics 4000,4.5
AMD EPYC 4565P,Add,https://cdna.pcpartpicker.com/static/forever/images/product/93d40a5558436eb5e63800c8df5956a7.256p.jpg,16,4.3 GHz,5.7 GHz,Zen 5,170 W,Radeon,0
Intel Core i7-7740X,358,https://cdna.pcpartpicker.com/static/forever/images/product/691467fd1a461dd708186f4dc35d71c5.256p.jpg,4,4.3 GHz,4.5 GHz,Kaby Lake,112 W,None,0
Intel Xeon E3-1285 V6,Add,4,4,4.1 GHz,4.5 GHz,Kaby Lake,79 W,Intel HD Graphics 630,0
Intel Core i5-13600,Add,14,14,2.7 GHz,5 GHz,Raptor Lake,65 W,Intel UHD Graphics 770,0
AMD Ryzen 5 5600F,Add,,6,3 GHz,4 GHz,Zen 3,65 W,None,0
Intel Core 2 Quad Q9550,235.71,https://cdna.pcpartpicker.com/static/forever/images/product/6a3727718e7949d5e55d2d4964d8e276.256p.jpg,4,2.83 GHz,Yorkfield,Yorkfield,95 W,None,4.5
AMD EPYC 4464P,497.89,https://cdna.pcpartpicker.com/static/forever/images/product/bd024a4feb6bc64debca06eba27ce0c7.256p.jpg,12,3.7 GHz,5.4 GHz,Zen 4,65 W,Radeon,0
Intel Pentium G3258,Add,2,2,3.2 GHz,Haswell Refresh,Haswell Refresh,53 W,Intel HD Graphics,4.5
AMD FX-8320E,Add,8,8,3.2 GHz,4 GHz,Piledriver,95 W,None,4.5
AMD EPYC 4564P,Out of stock£708.37,https://cdna.pcpartpicker.com/static/forever/images/product/bd024a4feb6bc64debca06eba27ce0c7.256p.jpg,16,4.5 GHz,5.7 GHz,Zen 4,170 W,Radeon,0
Intel Core i7-9700T,Add,8,8,2 GHz,4.3 GHz,Coffee Lake Refresh,35 W,Intel HD Graphics 630,0
Intel Celeron 440,Add,1,1,2 GHz,Core,Core,35 W,None,0
Intel Core i7-980X Extreme Edition,699.98,6,6,3.33 GHz,Westmere,Westmere,130 W,None,5
Intel Core 2 Extreme QX9775,Add,4,4,3.2 GHz,Yorkfield,Yorkfield,150 W,None,0
AMD A4-6300B,Add,2,2,3.7 GHz,3.9 GHz,Piledriver,65 W,Radeon HD 8370D,0
Intel Celeron G4900,75.36,https://cdna.pcpartpicker.com/static/forever/images/product/67d6c57eae5170d56282ab69bf97d70b.256p.jpg,2,3.1 GHz,Coffee Lake,Coffee Lake,65 W,Intel UHD Graphics 610,0
Intel Pentium E6500,55.57,2,2,2.93 GHz,Wolfdale,Wolfdale,65 W,None,0
AMD A10-7800,Add,https://cdna.pcpartpicker.com/static/forever/images/product/cf52b6b0bae3d150a6f5c9552d07c08f.256p.jpg,4,3.5 GHz,3.9 GHz,Steamroller,65 W,Radeon R7 (on-die),0
AMD A10-7850K,Add,4,4,3.7 GHz,4 GHz,Steamroller,95 W,Radeon R7 (on-die),4.5
Intel Core 2 Quad Q6600,89.15,4,4,2.4 GHz,Core,Core,100 W,None,3.5
AMD Threadripper 2920X,601.59,https://cdna.pcpartpicker.com/static/forever/images/product/e5ec30e5856001c1f713bc38ef99b588.256p.jpg,12,3.5 GHz,4.3 GHz,Zen+,180 W,None,5
AMD 2650,Add,2,2,1.45 GHz,Jaguar,Jaguar,25 W,Radeon HD 8240,4.5
Intel Xeon E5-2697 V3,Add,14,14,2.6 GHz,3.6 GHz,Haswell,145 W,None,5
Intel Xeon E3-1230 V3,Add,4,4,3.3 GHz,3.7 GHz,Haswell,80 W,None,4.5
Intel Xeon E5-2698 V4,£760.29Add,20,20,2.2 GHz,3.6 GHz,Broadwell,135 W,None,0
AMD Phenom II X6 1090T Black,299,6,6,3.2 GHz,K10,K10,125 W,None,4
AMD Ryzen 5 PRO 7645,233.31,https://cdna.pcpartpicker.com/static/forever/images/product/0060e87b1c0093626f67e76793e68c41.256p.jpg,6,3.8 GHz,5.1 GHz,Zen 4,65 W,Radeon,0
AMD Athlon II X4 640,Add,https://cdna.pcpartpicker.com/static/forever/images/product/fed605487451ec984fce040e4cca5b06.med.256p.jpg,4,3 GHz,K10,K10,95 W,None,5
Intel Core i5-4430,Add,https://cdna.pcpartpicker.com/static/forever/images/product/b168a00cadc83cafea72c7f5ab676985.256p.jpg,4,3 GHz,Haswell,Haswell,84 W,Intel HD Graphics 4600,4.5
Intel Core i7-4820K,244.46,4,4,3.7 GHz,3.9 GHz,Ivy Bridge,130 W,None,4.5
Intel Xeon E5-1620 V3,Add,https://cdna.pcpartpicker.com/static/forever/images/product/8e90ad88e4f2d243b3c98bda56c5a13f.256p.jpg,4,3.5 GHz,3.6 GHz,Haswell,140 W,None,0
Intel Core i5-4570T,158.01,2,2,2.9 GHz,Haswell,Haswell,35 W,Intel HD Graphics 4600,3
Intel Xeon E5-1620 V4,39.97,https://cdna.pcpartpicker.com/static/forever/images/product/dc56d2a380288a2495a1b9abfc15fb65.256p.jpg,4,3.5 GHz,3.8 GHz,Broadwell,140 W,None,0
AMD A6-9500E,39.95,https://cdna.pcpartpicker.com/static/forever/images/product/2627e6e427983455c065cc3fcafe6704.256p.jpg,2,3 GHz,3.4 GHz,Excavator,35 W,Radeon R5 (on die),0
Intel Core i5-3450S,Add,4,4,2.8 GHz,Ivy Bridge,Ivy Bridge,65 W,Intel HD Graphics 2500,5
Intel Xeon E5-2690 V2,Add,https://cdna.pcpartpicker.com/static/forever/images/product/1977e519fd300ff7da2282bf2ecd8c71.256p.jpg,10,3 GHz,3.6 GHz,Ivy Bridge,130 W,None,5
AMD 3850,Add,4,4,1.3 GHz,Jaguar,Jaguar,25 W,Radeon HD 8280,3
Intel Xeon E5-2640 V4,Add,https://cdna.pcpartpicker.com/static/forever/images/product/fe223eeb7f193ce69814603b89175472.256p.jpg,10,2.4 GHz,3.4 GHz,Broadwell,90 W,None,4
Intel Core i5-2300,Add,4,4,2.8 GHz,Sandy Bridge,Sandy Bridge,95 W,Intel HD Graphics 2000,4.5
Intel Core i5-3550,Add,4,4,3.3 GHz,Ivy Bridge,Ivy Bridge,77 W,Intel HD Graphics 2500,4
AMD A4-3300,Add,2,2,2.5 GHz,Lynx,Lynx,65 W,Radeon HD 6410D,0
Intel Core i5-7500T,216.39,"https://cdna.pcpartpicker.com/static/forever/images/product/af30c4076a25b69d6f721172010cc0ec.256p.jpg",4,2.7 GHz,3.3 GHz,Kaby Lake,35 W,Intel HD Graphics 630,0
Intel Core i3-3240,58,2,2,3.4 GHz,Ivy Bridge,Ivy Bridge,55 W,Intel HD Graphics 2500,4
Intel Pentium Gold G5400,Add,2,2,3.7 GHz,Coffee Lake,Coffee Lake,58 W,Intel UHD Graphics 610,4.5
Intel Core i7-9800X,Add,https://cdna.pcpartpicker.com/static/forever/images/product/a773894fac49c9de7556159e453d4a37.256p.jpg,8,3.8 GHz,4.5 GHz,Skylake,165 W,None,0
Intel Core i7-4790T,Add,https://cdna.pcpartpicker.com/static/forever/images/product/f53e90b3f33e8d929fca92876591539b.256p.jpg,4,2.7 GHz,3.9 GHz,Haswell Refresh,45 W,None,0
Intel Core 2 Duo E7500,Add,2,2,2.93 GHz,Wolfdale,Wolfdale,65 W,None,4.5
Intel Core i7-870,Add,4,4,2.93 GHz,Nehalem,Nehalem,95 W,None,4
Intel Xeon E5-2680 V2,Add,https://cdna.pcpartpicker.com/static/forever/images/product/1977e519fd300ff7da2282bf2ecd8c71.256p.jpg,10,2.8 GHz,3.6 GHz,Ivy Bridge,115 W,None,5
AMD A8-7600,Add,4,4,3.1 GHz,3.8 GHz,Steamroller,65 W,Radeon R7 (on-die),4.5
AMD A8-9600,Add,https://cdna.pcpartpicker.com/static/forever/images/product/a7ec5caa9d29563e0a61282a46758a91.256p.jpg,4,3.1 GHz,3.4 GHz,Excavator,65 W,Radeon R7 (on-die),0
AMD EPYC 4244P,Add,https://cdna.pcpartpicker.com/static/forever/images/product/23358390bd85e80ecf4477806ba88e46.256p.jpg,6,3.8 GHz,5.1 GHz,Zen 4,65 W,Radeon,0
Intel Xeon E5-2643 V4,Add,6,6,3.4 GHz,3.7 GHz,Broadwell,135 W,None,0
Intel Celeron G440,Add,1,1,1.6 GHz,Sandy Bridge,Sandy Bridge,35 W,Intel HD Graphics,0
AMD FX-4300,Add,4,4,3.8 GHz,Piledriver,Piledriver,95 W,None,4
Intel Xeon E5-2690 V3,1644.8,12,12,2.6 GHz,3.5 GHz,Haswell,135 W,None,5
Intel Core i3-10100T,Add,4,4,3 GHz,3.8 GHz,Comet Lake,35 W,Intel UHD Graphics 630,0
Intel Core i3-13100T,Add,4,4,2.5 GHz,4.2 GHz,Raptor Lake,35 W,Intel UHD Graphics 730,4
AMD A12-9800E,236.04,4,4,3.1 GHz,3.8 GHz,Excavator,35 W,Radeon R7 (on-die),0
Intel Core i3-8350K,188,https://cdna.pcpartpicker.com/static/forever/images/product/c96f59d30a42a70cb371b93507d7eea1.256p.jpg,4,4 GHz,Coffee Lake,Coffee Lake,91 W,Intel UHD Graphics 630,4.5
Intel Core i7-3960X Extreme Edition,1049.98,6,6,3.3 GHz,Sandy Bridge,Sandy Bridge,130 W,None,5
Intel Pentium G2020,Add,2,2,2.9 GHz,Ivy Bridge,Ivy Bridge,55 W,Intel HD Graphics,4.5
Intel Celeron G3920,Add,2,2,2.6 GHz,Skylake,Skylake,35 W,Intel HD Graphics 510,0
Intel Core i5-760,383,https://cdna.pcpartpicker.com/static/forever/images/product/f7b07148337e7ce06429682d5c2c24d1.256p.jpg,4,2.8 GHz,Nehalem,Nehalem,95 W,None,5
Intel Pentium E5700,30.99,2,2,3 GHz,Wolfdale,Wolfdale,65 W,None,0
Intel Pentium Gold G5420,230.62,https://cdna.pcpartpicker.com/static/forever/images/product/680eb809ab070a6d9d121a37ffac13bb.256p.jpg,2,3.8 GHz,Coffee Lake,Coffee Lake,54 W,Intel UHD Graphics 610,0
Intel Xeon E5-2670 V2,Add,10,10,2.5 GHz,3.3 GHz,Ivy Bridge,115 W,None,4
Intel Core i5-650,218.05,2,2,3.2 GHz,Westmere,Westmere,73 W,Intel HD Graphics,4
Intel Xeon E3-1240 V3,Add,4,4,3.4 GHz,3.8 GHz,Haswell,80 W,None,4.5
Intel Xeon E5-2687W V2,Add,https://cdna.pcpartpicker.com/static/forever/images/product/3566a2b4f938d244ff5555cc5ad8fd52.256p.jpg,8,3.4 GHz,4 GHz,Ivy Bridge,150 W,None,0
Intel Xeon E5-2667 V2,Add,8,8,3.3 GHz,4 GHz,Ivy Bridge,130 W,None,0
Intel Core i5-6500T,Add,4,4,2.5 GHz,3.1 GHz,Skylake,35 W,Intel HD Graphics 530,5
Intel Xeon E5-2630,Add,6,6,2.3 GHz,Sandy Bridge,Sandy Bridge,95 W,None,0
Intel Core i7-960,223.31,4,4,3.2 GHz,Nehalem,Nehalem,130 W,None,5
Intel Core i7-875K,643.21,https://cdna.pcpartpicker.com/static/forever/images/product/27657366995fc2ffda0f5121efe94284.256p.jpg,4,2.93 GHz,Nehalem,Nehalem,95 W,None,5
AMD A10-6700,184.9,4,4,3.7 GHz,Piledriver,Piledriver,65 W,Radeon HD 8670D,4.5
Intel Core i5-9500F,166,https://cdna.pcpartpicker.com/static/forever/images/product/49771d14d439cdcb225dcf97e3e4cb20.256p.jpg,6,3 GHz,4.4 GHz,Coffee Lake Refresh,65 W,None,0
Intel Celeron 430,Add,1,1,1.8 GHz,Core,Core,35 W,None,0
Intel Core 2 Duo E8600,Add,2,2,3.33 GHz,Wolfdale,Wolfdale,65 W,None,4.5
Intel Core i5-2320,Add,4,4,3 GHz,Sandy Bridge,Sandy Bridge,95 W,Intel HD Graphics 2000,4
Intel Pentium G3220,Add,2,2,3 GHz,Haswell,Haswell,54 W,Intel HD Graphics,4.5
AMD A8-7650K,Add,https://cdna.pcpartpicker.com/static/forever/images/product/8b2d16abe67a58f7d015fc08189b9f11.256p.jpg,4,3.3 GHz,3.7 GHz,Steamroller,95 W,Radeon R7 (on-die),5
Intel Xeon E3-1240 V2,Add,4,4,3.4 GHz,Ivy Bridge,Ivy Bridge,69 W,None,4
AMD Athlon 5370,Add,4,4,2.2 GHz,Jaguar,Jaguar,25 W,Radeon R3 (on die),0
Intel Core i5-6402P,Add,https://cdna.pcpartpicker.com/static/forever/images/product/97965106af18bd4de0b76f99d5bcb16c.256p.jpg,4,2.8 GHz,3.4 GHz,Skylake,65 W,Intel HD Graphics 510,3.5
Intel Core i3-7350K,Add,https://cdna.pcpartpicker.com/static/forever/images/product/f08ed44a8570ef813099b9b298a84d38.256p.jpg,2,4.2 GHz,Kaby Lake,Kaby Lake,60 W,Intel HD Graphics 630,4.5
AMD A6-7400K,Add,2,2,3.5 GHz,3.9 GHz,Steamroller,65 W,Radeon R5 (on die),4
Intel Pentium E2160,95.42,2,2,1.8 GHz,Core,Core,65 W,None,0
Intel Xeon E-2276G,800,https://cdna.pcpartpicker.com/static/forever/images/product/d487244031c8650aa28b1bd94389f83e.256p.jpg,6,3.8 GHz,4.9 GHz,Coffee Lake Refresh,80 W,Intel HD Graphics P630,4
AMD Ryzen 5 PRO 7445,Out of stock£154.00Add,,6,3.3 GHz,4.3 GHz,Zen 4,65 W,Radeon,0
AMD Ryzen 7 PRO 9745,Out of stock£383.99Add,,8,3.8 GHz,5.4 GHz,Zen 5,65 W,Radeon,0
Intel Xeon E5-1650 V2,366.89,6,6,3.5 GHz,3.9 GHz,Ivy Bridge,130 W,None,4
AMD FX-9370,260.56,https://cdna.pcpartpicker.com/static/forever/images/product/eb5b7bb7afe60da16bd99b1aeabfab09.256p.jpg,8,4.4 GHz,4.7 GHz,Piledriver,220 W,None,4
Intel Xeon E5-1660 V3,Add,8,8,3 GHz,3.5 GHz,Haswell,140 W,None,5
Intel Core i5-661,135.19,2,2,3.33 GHz,Westmere,Westmere,87 W,Intel HD Graphics,0
AMD Athlon II X2 270,Add,2,2,3.4 GHz,K10,K10,65 W,None,4
Intel Core i7-2600S,Add,4,4,2.8 GHz,Sandy Bridge,Sandy Bridge,65 W,Intel HD Graphics 2000,5
Intel Xeon E3-1245 V2,399.68,4,4,3.4 GHz,Ivy Bridge,Ivy Bridge,77 W,Intel HD Graphics P4000,4
Intel Xeon E5-2660,Add,https://cdna.pcpartpicker.com/static/forever/images/product/accc58caa6173a9dac85cc85c5aeebb0.256p.jpg,8,2.2 GHz,3 GHz,Sandy Bridge,95 W,None,0
Intel Xeon E-2274G,349.95,https://cdna.pcpartpicker.com/static/forever/images/product/d1df1dafc93f1ad357491c85e86bfde5.256p.jpg,4,4 GHz,4.9 GHz,Coffee Lake Refresh,83 W,Intel HD Graphics P630,0
Intel Core i7-930,361.42,https://cdna.pcpartpicker.com/static/forever/images/product/e3558f634d35b516a162c2ca1c28ac1f.med.256p.jpg,4,2.8 GHz,Nehalem,Nehalem,130 W,None,4.5
Intel Core i5-2400S,Add,https://cdna.pcpartpicker.com/static/forever/images/product/6423051221542ab9daa999922c7ca709.256p.jpg,4,2.5 GHz,Sandy Bridge,Sandy Bridge,65 W,Intel HD Graphics 2000,0
Intel Core i5-3350P,Add,4,4,3.1 GHz,Ivy Bridge,Ivy Bridge,69 W,None,4.5
AMD A10-6800K,Add,https://cdna.pcpartpicker.com/static/forever/images/product/feb25f2864357fc11abb16e3baff8c19.med.256p.jpg,4,4.1 GHz,Piledriver,Piledriver,100 W,Radeon HD 8670D,0
Intel Xeon E3-1220 V3,Add,4,4,3.1 GHz,3.5 GHz,Haswell,80 W,None,4.5
Intel Xeon E5-2640 V3,Add,https://cdna.pcpartpicker.com/static/forever/images/product/52fbf7ca63dceaa1c3c05d2d1181b933.med.256p.jpg,8,2.6 GHz,3.4 GHz,Haswell,90 W,None,0
Intel Core i3-6100T,Add,https://cdna.pcpartpicker.com/static/forever/images/product/21c42783caec96041a16f90517a85bca.256p.jpg,2,3.2 GHz,Skylake,Skylake,35 W,Intel HD Graphics 530,0
Intel Xeon E3-1240L V5,Add,https://cdna.pcpartpicker.com/static/forever/images/product/916728df8af047fc330df9c3679d1ef1.256p.jpg,4,2.1 GHz,3.2 GHz,Skylake,25 W,None,0
Intel Celeron G530,69.4,2,2,2.4 GHz,Sandy Bridge,Sandy Bridge,65 W,Intel HD Graphics,4
Intel Core i5-750,198.99,https://cdna.pcpartpicker.com/static/forever/images/product/81283e72ef71a981049b8a1b7dc9c50e.256p.jpg,4,2.66 GHz,Nehalem,Nehalem,95 W,None,4.5
Intel Xeon E3-1271 V3,Add,4,4,3.6 GHz,4 GHz,Haswell Refresh,80 W,None,5
AMD Athlon X4 880K,Add,4,4,4 GHz,4.2 GHz,Steamroller,95 W,None,4
Intel Xeon E5-2695 V4,Add,18,18,2.1 GHz,3.3 GHz,Broadwell,120 W,None,0
Intel Xeon E5-2650L V4,334.43,14,14,1.7 GHz,2.5 GHz,Broadwell,65 W,None,0
AMD Ryzen 5 PRO 9645,Out of stock£296.99Add,,6,3.9 GHz,5.4 GHz,Zen 5,65 W,Radeon,0
Intel Xeon E5-2660 V4,Add,https://cdna.pcpartpicker.com/static/forever/images/product/fe223eeb7f193ce69814603b89175472.256p.jpg,14,2 GHz,3.2 GHz,Broadwell,105 W,None,5
Intel Xeon E5-2670,132.99,"https://cdna.pcpartpicker.com/static/forever/images/product/5b209b0848c2290be714708c55924582.256p.jpg",8,2.6 GHz,3.3 GHz,Sandy Bridge,115 W,None,0
Intel Xeon E5-2620 V4,Add,https://cdna.pcpartpicker.com/static/forever/images/product/a2c6bbe0c6f6bb7b6bc3eb2468410321.256p.jpg,8,2.1 GHz,3 GHz,Broadwell,85 W,None,5
Intel Core i7-950,£200.89Add,4,4,3.06 GHz,Nehalem,Nehalem,130 W,None,4.5
AMD Phenom II X4 955 Black,Add,4,4,3.2 GHz,K10,K10,125 W,None,4
Intel Core i7-880,Add,4,4,3.06 GHz,Nehalem,Nehalem,95 W,None,0
Intel Core i3-4130T,Add,2,2,2.9 GHz,Haswell,Haswell,35 W,Intel HD Graphics 4400,4.5
Intel Core i3-3245,Add,2,2,3.4 GHz,Ivy Bridge,Ivy Bridge,55 W,Intel HD Graphics 4000,5
Intel Xeon E5-2680 V3,Add,12,12,2.5 GHz,3.3 GHz,Haswell,120 W,None,0
Intel Core i9-9820X,500.43,https://cdna.pcpartpicker.com/static/forever/images/product/9f4bab6ab3d6eac89876013f43df820e.256p.jpg,10,3.3 GHz,4.1 GHz,Skylake,165 W,None,4.5
Intel Core i9-9900T,Add,https://cdna.pcpartpicker.com/static/forever/images/product/b043dd430eacdc1b24c0fe0f0bf6afc6.256p.jpg,8,2.1 GHz,4.4 GHz,Coffee Lake Refresh,35 W,Intel UHD Graphics 630,0
Intel Xeon E-2288G,Add,https://cdna.pcpartpicker.com/static/forever/images/product/2e430718e139eef491d7ee29cb0423dd.256p.jpg,8,3.7 GHz,5 GHz,Coffee Lake Refresh,95 W,Intel HD Graphics P630,0
Intel Xeon E5-2660 V3,Add,10,10,2.6 GHz,3.3 GHz,Haswell,105 W,None,0
Intel Pentium Gold G6405,81.73,https://cdna.pcpartpicker.com/static/forever/images/product/237702d691e3004dfd1b5c6c752db1af.256p.jpg,2,4.1 GHz,Comet Lake,Comet Lake,58 W,Intel UHD Graphics 610,0
Intel Core i3-9100T,£162.98Add,https://cdna.pcpartpicker.com/static/forever/images/product/f62f18577936ae8113c27a7a9c44a83e.256p.jpg,4,3.1 GHz,3.7 GHz,Coffee Lake Refresh,35 W,Intel UHD Graphics 630,0
AMD Athlon X4 950,Add,4,4,3.5 GHz,3.8 GHz,Excavator,65 W,None,3.5
AMD Athlon 220GE,Add,https://cdna.pcpartpicker.com/static/forever/images/product/900cddd78a7e0b4ab21a6e80f65fd9d0.256p.jpg,2,3.4 GHz,Zen,Zen,35 W,Radeon Vega 3,4.5
AMD Sempron 140,Add,1,1,2.7 GHz,K10,K10,45 W,None,0
AMD A8-5500,Add,4,4,3.2 GHz,Piledriver,Piledriver,65 W,Radeon HD 7560D,4
Intel Core i5-3470S,Add,4,4,2.9 GHz,Ivy Bridge,Ivy Bridge,65 W,Intel HD Graphics 2500,0
Intel Xeon E5-2650L V2,Add,https://cdna.pcpartpicker.com/static/forever/images/product/804af63db07f9e7824da7f7fe6e92734.256p.jpg,10,1.7 GHz,2.1 GHz,Ivy Bridge,70 W,None,0
Intel Core i5-4460S,Add,4,4,2.9 GHz,3.4 GHz,Haswell Refresh,65 W,Intel HD Graphics 4000,0
Intel Core i9-7940X,Add,https://cdna.pcpartpicker.com/static/forever/images/product/0c4f4756421e42c4211a76f1e1219a22.256p.jpg,14,3.1 GHz,4.4 GHz,Skylake,165 W,None,5
Intel Celeron G5925,Add,https://cdna.pcpartpicker.com/static/forever/images/product/c314096631c5cce658b1bf1cb252bf4c.256p.jpg,2,3.6 GHz,Comet Lake,Comet Lake,58 W,Intel UHD Graphics 610,0
Intel Xeon E3-1241 V3,333.49,4,4,3.5 GHz,3.9 GHz,Haswell Refresh,80 W,None,4.5
Intel Core i3-3250,Add,2,2,3.5 GHz,Ivy Bridge,Ivy Bridge,55 W,Intel HD Graphics 2500,5
Intel Core i3-4340,Add,https://cdna.pcpartpicker.com/static/forever/images/product/bff61fde968cce54eb76e286260959ca.256p.jpg,2,3.6 GHz,Haswell,Haswell,54 W,Intel HD Graphics 4600,4.5
Intel Xeon E-2124,308.13,https://cdna.pcpartpicker.com/static/forever/images/product/f9ef16852c818a0bb0bba04c406222a7.256p.jpg,4,3.3 GHz,4.3 GHz,Coffee Lake,71 W,None,0
Intel Pentium G6950,474.24,https://cdna.pcpartpicker.com/static/forever/images/product/ec3e95c4fd47e7d4b05fc51d59f845c4.256p.jpg,2,2.8 GHz,Westmere,Westmere,73 W,Intel HD Graphics,0
AMD FX-4100,Add,4,4,3.6 GHz,Bulldozer,Bulldozer,95 W,None,4
Intel Pentium G2120,Add,2,2,3.1 GHz,Ivy Bridge,Ivy Bridge,55 W,Intel HD Graphics,4
Intel Xeon E5-1660 V2,Add,https://cdna.pcpartpicker.com/static/forever/images/product/3cd79f999974af41d86ba08aeaec1f27.256p.jpg,6,3.7 GHz,4 GHz,Ivy Bridge,130 W,None,5
Intel Xeon E5-2650 V3,Add,10,10,2.3 GHz,3 GHz,Haswell,105 W,None,0
Intel Core i5-3330S,193.43,4,4,2.7 GHz,3.2 GHz,Ivy Bridge,65 W,Intel HD Graphics 2500,0
AMD EPYC 4245P,Add,https://cdna.pcpartpicker.com/static/forever/images/product/93d40a5558436eb5e63800c8df5956a7.256p.jpg,6,3.9 GHz,5.4 GHz,Zen 5,65 W,Radeon,0
AMD Opteron 6320,349.99,8,8,2.8 GHz,3.3 GHz,Piledriver,115 W,None,0
Intel Core i5-6600T,Add,4,4,2.7 GHz,3.5 GHz,Skylake,35 W,Intel HD Graphics 530,0
AMD Athlon II X2 250,Add,2,2,3 GHz,K10,K10,65 W,None,0
Intel Pentium E2220,130.6,https://cdna.pcpartpicker.com/static/forever/images/product/993d07abdb25b9894ec0ee66f4e25873.256p.jpg,2,2.4 GHz,Core,Core,65 W,None,0
Intel Celeron E3400,134.9,2,2,2.6 GHz,Wolfdale,Wolfdale,65 W,None,0
Intel Xeon E5-1680 V3,Add,8,8,3.2 GHz,3.8 GHz,Haswell,140 W,None,5
Intel Xeon E5-2620 V3,Add,https://cdna.pcpartpicker.com/static/forever/images/product/644c341041d9cc7e3bb67239fbcebba6.256p.jpg,6,2.4 GHz,3.2 GHz,Haswell,85 W,None,0
AMD Opteron 6378,Add,16,16,2.4 GHz,3.3 GHz,Piledriver,115 W,None,0
Intel Core i3-10305,Add,https://cdna.pcpartpicker.com/static/forever/images/product/f4e07d2c312edb86a1afe494ed5cd645.256p.jpg,4,3.8 GHz,4.5 GHz,Comet Lake,65 W,Intel UHD Graphics 630,0
AMD A8-6500,Add,4,4,3.5 GHz,Piledriver,Piledriver,65 W,Radeon HD 8570D,0
Intel Core 2 Extreme X6800,Add,2,2,2.93 GHz,Core,Core,75 W,None,0
Intel Core i3-2100T,Add,2,2,2.5 GHz,Sandy Bridge,Sandy Bridge,35 W,Intel HD Graphics 2000,4
Intel Core i5-2310,206.29,4,4,2.9 GHz,Sandy Bridge,Sandy Bridge,95 W,Intel HD Graphics 2000,5
AMD FX-6100,Add,6,6,3.3 GHz,Bulldozer,Bulldozer,95 W,None,4.5
AMD A8-5600K,Add,4,4,3.6 GHz,Piledriver,Piledriver,100 W,Radeon HD 7560D,4
Intel Core i5-4570S,Add,https://cdna.pcpartpicker.com/static/forever/images/product/879dbd9928ddf663a836cc30e55a887d.256p.jpg,4,2.9 GHz,Haswell,Haswell,65 W,Intel HD Graphics 4600,4.5
AMD Athlon X4 760K,Add,4,4,3.8 GHz,4.1 GHz,Piledriver,100 W,None,4
Intel Core i5-4690S,Add,https://cdna.pcpartpicker.com/static/forever/images/product/f559728dc8fcea8175a97f6e47443856.256p.jpg,4,3.2 GHz,3.9 GHz,Haswell Refresh,65 W,Intel HD Graphics 4600,5
Intel Core i5-5675C,183.07,https://cdna.pcpartpicker.com/static/forever/images/product/4192e6c58c52b27d9ccc428c0a16cae4.256p.jpg,4,3.1 GHz,3.6 GHz,Broadwell,65 W,Iris Pro Graphics 6200,5
AMD A10-7860k,Add,https://cdna.pcpartpicker.com/static/forever/images/product/53c132f7ad43d938736056861975dd21.256p.jpg,4,3.6 GHz,4 GHz,Steamroller,65 W,Radeon R7 (on-die),4.5
AMD A10-7890K,Add,4,4,4.1 GHz,4.3 GHz,Steamroller,95 W,Radeon R7 (on-die),4.5
AMD A12-9800,Add,4,4,3.8 GHz,4.2 GHz,Excavator,65 W,Radeon R7 (on-die),0
AMD A10-9700E,170.79,4,4,3 GHz,3.5 GHz,Excavator,35 W,Radeon R7 (on-die),0
Intel Core i5-7600T,285.41,"https://cdna.pcpartpicker.com/static/forever/images/product/af30c4076a25b69d6f721172010cc0ec.256p.jpg",4,2.8 GHz,3.7 GHz,Kaby Lake,35 W,Intel HD Graphics 630,0
AMD EPYC 4345P,Add,https://cdna.pcpartpicker.com/static/forever/images/product/772d3bad6c842fdab42f871305ecac4a.256p.jpg,8,3.8 GHz,5.5 GHz,Zen 5,65 W,Radeon,0
Intel Core i7-980,639.98,6,6,3.333 GHz,Westmere,Westmere,130 W,None,5
Intel Pentium G620,Add,2,2,2.6 GHz,Sandy Bridge,Sandy Bridge,65 W,Intel HD Graphics,4.5
AMD A4-5300,Add,2,2,3.4 GHz,Piledriver,Piledriver,65 W,Radeon HD 7480D,4
Intel Xeon E3-1220 V2,Add,4,4,3.1 GHz,Ivy Bridge,Ivy Bridge,69 W,None,0
Intel Xeon E3-1246 V3,Add,https://cdna.pcpartpicker.com/static/forever/images/product/6c4eb234ad0953fd5f15c589847fe511.256p.jpg,4,3.5 GHz,3.9 GHz,Haswell Refresh,84 W,Intel HD Graphics P4600,5
Intel Xeon E5-1650 V3,Add,https://cdna.pcpartpicker.com/static/forever/images/product/e47254edd79fc9d677062587f98daef5.256p.jpg,6,3.5 GHz,3.8 GHz,Haswell,140 W,None,0
Intel Pentium G4600,79.95,2,2,3.6 GHz,Kaby Lake,Kaby Lake,51 W,Intel HD Graphics 630,0
AMD A6-9500,Add,https://cdna.pcpartpicker.com/static/forever/images/product/dff68b0a86d4d27b43b39812d448529c.256p.jpg,2,3.5 GHz,3.8 GHz,Excavator,65 W,Radeon R5 (on die),4
AMD A8-7680,Add,https://cdna.pcpartpicker.com/static/forever/images/product/6b7886562440b9a107f6c1b68f47d41b.256p.jpg,4,3.5 GHz,3.8 GHz,Puma+,65 W,Radeon R7 (on-die),0
Intel Xeon E-2286G,670.93,https://cdna.pcpartpicker.com/static/forever/images/product/04f08a1dee17429cdf0a6021ebe5351d.256p.jpg,6,4 GHz,4.9 GHz,Coffee Lake Refresh,95 W,Intel HD Graphics P630,0
Intel Core i3-10300,Add,4,4,3.7 GHz,4.4 GHz,Comet Lake,65 W,Intel UHD Graphics 630,5
Intel Core i9-7960X,506,https://cdna.pcpartpicker.com/static/forever/images/product/b4777c982f9e93e78c9726b88618ad3a.256p.jpg,16,2.8 GHz,4.4 GHz,Skylake,165 W,None,0
Intel Core i3-6098P,Add,https://cdna.pcpartpicker.com/static/forever/images/product/97965106af18bd4de0b76f99d5bcb16c.256p.jpg,2,3.6 GHz,Skylake,Skylake,54 W,Intel HD Graphics 510,4
Intel Pentium G3240,Add,https://cdna.pcpartpicker.com/static/forever/images/product/af0ccff8c065777cd0c6a02cc05574c1.med.256p.jpg,2,3.1 GHz,Haswell Refresh,Haswell Refresh,53 W,Intel HD Graphics,4
AMD Athlon II X3 440,Add,3,3,3 GHz,K10,K10,95 W,None,0
AMD Phenom II X4 965 Black,Add,4,4,3.4 GHz,K10,K10,125 W,None,4.5
Intel Core 2 Duo E4300,132.47,2,2,1.8 GHz,Core,Core,65 W,None,0
Intel Core i7-975 Extreme Edition,599.98,https://cdna.pcpartpicker.com/static/forever/images/product/3365e8f40d1a425178189ad44d5049ca.256p.jpg,4,3.33 GHz,Nehalem,Nehalem,130 W,None,4.5
Intel Core 2 Extreme QX9650,Add,4,4,3 GHz,Yorkfield,Yorkfield,130 W,None,0
AMD FX-8120,Add,8,8,3.1 GHz,Bulldozer,Bulldozer,125 W,None,4.5
Intel Xeon E3-1225 V2,Add,4,4,3.2 GHz,Ivy Bridge,Ivy Bridge,77 W,Intel HD Graphics P4000,0
Intel Core i3-3210,Add,2,2,3.2 GHz,Ivy Bridge,Ivy Bridge,55 W,Intel HD Graphics 2500,0
AMD Athlon X4 740,Add,4,4,3.2 GHz,Piledriver,Piledriver,65 W,None,4
Intel Xeon E3-1245 V3,Add,4,4,3.4 GHz,3.8 GHz,Haswell,84 W,Intel HD Graphics P4600,5
Intel Celeron G1840,Add,2,2,2.8 GHz,Haswell Refresh,Haswell Refresh,53 W,Intel HD Graphics,4.5
Intel Core i3-4370,Add,2,2,3.8 GHz,Haswell Refresh,Haswell Refresh,54 W,Intel HD Graphics 4600,4.5
Intel Xeon E5-2637 V3,94.95,4,4,3.5 GHz,3.7 GHz,Haswell,135 W,None,0
Intel Xeon E3-1265L V3,Add,https://cdna.pcpartpicker.com/static/forever/images/product/94cc664d82a261d747453c29da5a9130.256p.jpg,4,2.5 GHz,3.7 GHz,Haswell,45 W,Intel HD Graphics,5
Intel Core i3-6300,Add,https://cdna.pcpartpicker.com/static/forever/images/product/658d653a249ceebe43a5968afb50ad77.256p.jpg,2,3.8 GHz,Skylake,Skylake,51 W,Intel HD Graphics 530,4.5
Intel Celeron G4900T,Add,https://cdna.pcpartpicker.com/static/forever/images/product/67d6c57eae5170d56282ab69bf97d70b.256p.jpg,2,1.8 GHz,Coffee Lake,Coffee Lake,35 W,Intel UHD Graphics 610,0
Intel Core i5-9400T,Add,https://cdna.pcpartpicker.com/static/forever/images/product/f4137a480bf61e69b6d83e150a0afb01.256p.jpg,6,1.8 GHz,3.4 GHz,Coffee Lake Refresh,35 W,Intel UHD Graphics 630,0
Intel Xeon E-2176G,Add,https://cdna.pcpartpicker.com/static/forever/images/product/13a83017f8e2dafceb43a1c53bbde026.256p.jpg,6,3.7 GHz,4.7 GHz,Coffee Lake,80 W,Intel HD Graphics P630,0
Intel Pentium G4620,115,https://cdna.pcpartpicker.com/static/forever/images/product/aa7e318a860c7f26410937fe62eda9e7.256p.jpg,2,3.7 GHz,Kaby Lake,Kaby Lake,51 W,Intel HD Graphics 630,0
Intel Pentium Gold G5400T,Add,2,2,3.1 GHz,Coffee Lake,Coffee Lake,35 W,Intel UHD Graphics 610,4
AMD Phenom II X4 920,Add,4,4,2.8 GHz,K10,K10,125 W,None,0
Intel Pentium E2140,Add,https://cdna.pcpartpicker.com/static/forever/images/product/2eededa63f045e6557649f6991f740e1.256p.jpg,2,1.6 GHz,Core,Core,65 W,None,0
Intel Core i3-550,207.5,2,2,3.2 GHz,Westmere,Westmere,73 W,Intel HD Graphics,5
AMD Athlon II X4 645,Add,4,4,3.1 GHz,K10,K10,95 W,None,4
AMD Phenom II X4 980 Black,Add,4,4,3.7 GHz,K10,K10,125 W,None,5
Intel Xeon E3-1275 V2,1007.29,4,4,3.5 GHz,Ivy Bridge,Ivy Bridge,77 W,Intel HD Graphics P4000,0
AMD 5150,Add,https://cdna.pcpartpicker.com/static/forever/images/product/2d81a20184546d4a6dffa15dd2fbf47d.256p.jpg,4,1.6 GHz,Jaguar,Jaguar,25 W,Radeon HD 8400,0
AMD Sempron 150,Add,1,1,2.9 GHz,K10,K10,45 W,None,0
Intel Celeron G470,Add,1,1,2 GHz,Sandy Bridge,Sandy Bridge,35 W,Intel HD Graphics,0
Intel Xeon E3-1230 V6,588.9,"https://cdna.pcpartpicker.com/static/forever/images/product/11c79d9584e1486da16c8eaf018ee463.256p.jpg",4,3.5 GHz,3.9 GHz,Kaby Lake,72 W,None,0
Intel Core i5-3570S,Add,4,4,3.1 GHz,3.8 GHz,Ivy Bridge,65 W,Intel HD Graphics 2500,0
Intel Core i5-4590T,Add,4,4,2 GHz,Haswell Refresh,Haswell Refresh,35 W,Intel HD Graphics 4000,0
AMD EPYC 4364P,Add,https://cdna.pcpartpicker.com/static/forever/images/product/bd024a4feb6bc64debca06eba27ce0c7.256p.jpg,8,4.5 GHz,5.4 GHz,Zen 4,105 W,Radeon,0
Intel Xeon E5-2650,Add,8,8,2 GHz,2.8 GHz,Sandy Bridge,95 W,None,5
Intel Core i3-2130,Add,2,2,3.4 GHz,Sandy Bridge,Sandy Bridge,65 W,Intel HD Graphics 2000,5
Intel Xeon E5-2630L V3,Add,8,8,1.8 GHz,2.9 GHz,Haswell,55 W,None,0
Intel Xeon E5-2630 V2,208.24,https://cdna.pcpartpicker.com/static/forever/images/product/65188e49df5c3ebfc1241e53da8cae4d.256p.jpg,6,2.6 GHz,3.1 GHz,Ivy Bridge,80 W,None,0
Intel Core 2 Duo E6700,114.5,2,2,2.66 GHz,Core,Core,65 W,None,0
AMD Athlon II X3 460,Add,3,3,3.4 GHz,K10,K10,95 W,None,0
Intel Core i3-2120T,Add,2,2,2.6 GHz,Sandy Bridge,Sandy Bridge,35 W,Intel HD Graphics 2000,5
AMD FX-8100,Add,8,8,2.8 GHz,Bulldozer,Bulldozer,95 W,None,0
Intel Pentium G640T,137.5,2,2,2.4 GHz,Sandy Bridge,Sandy Bridge,35 W,Intel HD Graphics,0
AMD A10-5800K,Add,4,4,3.8 GHz,Piledriver,Piledriver,100 W,Radeon HD 7660D,4.5
AMD A6-5400K,Add,2,2,3.6 GHz,Piledriver,Piledriver,65 W,Radeon HD 7540D,4
AMD Athlon X4 750K,Add,4,4,3.4 GHz,Piledriver,Piledriver,100 W,None,4.5
AMD A6-6400K,Add,2,2,3.9 GHz,Piledriver,Piledriver,65 W,Radeon HD 8470D,4.5
Intel Xeon E5-4650,Add,8,8,2.7 GHz,3.3 GHz,Sandy Bridge,130 W,None,0
Intel Xeon E5-1620 V2,112.97,4,4,3.7 GHz,3.9 GHz,Ivy Bridge,130 W,None,5
Intel Xeon E5-2630L V2,230.19,https://cdna.pcpartpicker.com/static/forever/images/product/8942c3d749703ea115f6ebcfe602d33e.med.256p.jpg,6,2.4 GHz,Ivy Bridge,Ivy Bridge,60 W,None,0
Intel Xeon E5-2695 V3,Add,14,14,2.3 GHz,3.3 GHz,Haswell,120 W,None,0
Intel Xeon E3-1270 V2,Add,4,4,3.5 GHz,Ivy Bridge,Ivy Bridge,69 W,None,0
Intel Core i5-6400T,Add,https://cdna.pcpartpicker.com/static/forever/images/product/027de953813aee57e61b9d7a184656ea.256p.jpg,4,2.2 GHz,2.8 GHz,Skylake,35 W,Intel HD Graphics 530,0
Intel Xeon E3-1220 V5,78.86,https://cdna.pcpartpicker.com/static/forever/images/product/fa758db172c0ba420d298c86656ed6f7.256p.jpg,4,3 GHz,3.5 GHz,Skylake,80 W,None,0
Intel Core i3-9350KF,Add,https://cdna.pcpartpicker.com/static/forever/images/product/b832802a56c229f75ef6adf54fad250c.256p.jpg,4,4 GHz,4.6 GHz,Coffee Lake Refresh,91 W,None,4
Intel Xeon E-2236,542,https://cdna.pcpartpicker.com/static/forever/images/product/04f08a1dee17429cdf0a6021ebe5351d.256p.jpg,6,3.4 GHz,4.8 GHz,Coffee Lake Refresh,80 W,None,0
Intel Core i3-7320,Add,2,2,4.1 GHz,Kaby Lake,Kaby Lake,51 W,Intel HD Graphics 630,0
Intel Xeon E5-2603 V3,Add,6,6,1.6 GHz,Haswell,Haswell,85 W,None,0
Intel Core i5-7640X,630.19,https://cdna.pcpartpicker.com/static/forever/images/product/691467fd1a461dd708186f4dc35d71c5.256p.jpg,4,4 GHz,4.2 GHz,Kaby Lake,112 W,None,0
Intel Core i7-965 Extreme Edition,589.98,4,4,3.2 GHz,Nehalem,Nehalem,130 W,None,0
Intel Core 2 Quad Q8400,Add,https://cdna.pcpartpicker.com/static/forever/images/product/a471625ee0e5f14e052dbf01c1a8b241.256p.jpg,4,2.66 GHz,Yorkfield,Yorkfield,95 W,None,0
Intel Core 2 Quad Q9400,Add,4,4,2.66 GHz,Yorkfield,Yorkfield,95 W,None,4
Intel Core 2 Extreme QX6850,Add,4,4,3 GHz,Core,Core,130 W,None,0
Intel Pentium E6800,Add,2,2,3.333 GHz,Wolfdale,Wolfdale,65 W,None,0
AMD A8-3850,Add,https://cdna.pcpartpicker.com/static/forever/images/product/9bd975f098c655f7d9fa93738d1f0ef6.med.256p.jpg,4,2.9 GHz,Lynx,Lynx,100 W,Radeon HD 6550D,0
Intel Core i5-2550K,Add,4,4,3.4 GHz,Sandy Bridge,Sandy Bridge,95 W,None,0
AMD FX-4130,Add,4,4,3.8 GHz,Bulldozer,Bulldozer,125 W,None,4
Intel Core i7-4771,Add,4,4,3.5 GHz,3.9 GHz,Haswell,84 W,Intel HD Graphics 4600,4.5
Intel Core i5-4440S,Add,4,4,2.8 GHz,3.3 GHz,Haswell,65 W,Intel HD Graphics 4600,0
Intel Xeon E5-1620,Add,4,4,3.6 GHz,3.8 GHz,Sandy Bridge,130 W,None,5
Intel Xeon E5-2450V2,Add,8,8,2.5 GHz,3.3 GHz,Ivy Bridge,95 W,None,0
Intel Celeron G4920,85,https://cdna.pcpartpicker.com/static/forever/images/product/f5a45cd5b3a3c4364da8141e7ba9dec4.256p.jpg,2,3.2 GHz,Coffee Lake,Coffee Lake,65 W,Intel UHD Graphics 610,0
Intel Core i5-8600T,Add,https://cdna.pcpartpicker.com/static/forever/images/product/67d6c57eae5170d56282ab69bf97d70b.256p.jpg,6,2.3 GHz,3.7 GHz,Coffee Lake,35 W,Intel UHD Graphics 630,4
Intel Core i9-9920X,408.94,https://cdna.pcpartpicker.com/static/forever/images/product/9f4bab6ab3d6eac89876013f43df820e.256p.jpg,12,3.5 GHz,4.4 GHz,Skylake,165 W,None,0
Intel Celeron G3930T,Add,https://cdna.pcpartpicker.com/static/forever/images/product/ad787aceaab3adb2ec81d6af338de9ae.256p.jpg,2,2.7 GHz,Kaby Lake,Kaby Lake,35 W,Intel HD Graphics 610,0
Intel Xeon E5-2665,Add,8,8,2.4 GHz,3.1 GHz,Sandy Bridge,115 W,None,0
Intel Xeon E-2136,849.28,https://cdna.pcpartpicker.com/static/forever/images/product/bdebd1b3f1514e9d09a5308cd6d2232d.256p.jpg,6,3.3 GHz,4.5 GHz,Coffee Lake,80 W,None,0
Intel Xeon E-2174G,829.75,4,4,3.8 GHz,4.7 GHz,Coffee Lake,71 W,Intel HD Graphics P630,0
AMD EPYC 4344P,Add,https://cdna.pcpartpicker.com/static/forever/images/product/bd024a4feb6bc64debca06eba27ce0c7.256p.jpg,8,3.8 GHz,5.3 GHz,Zen 4,65 W,Radeon,0
AMD Phenom II X2 545,Add,2,2,3 GHz,K10,K10,80 W,None,0
AMD Phenom II X3 705e,Add,3,3,2.5 GHz,K10,K10,65 W,None,0
Intel Core 2 Duo E4500,Add,2,2,2.2 GHz,Core,Core,65 W,None,0
Intel Core i7-970,Add,6,6,3.2 GHz,Westmere,Westmere,130 W,None,0
Intel Core i3-560,150.33,2,2,3.333 GHz,Westmere,Westmere,73 W,Intel HD Graphics,4
AMD Athlon II X3 455,Add,3,3,3.3 GHz,K10,K10,95 W,None,4
AMD Phenom II X2 565 Black,Add,2,2,3.4 GHz,K10,K10,80 W,None,0
AMD Sempron 145,Add,1,1,2.8 GHz,K10,K10,45 W,None,4
Intel Pentium G860,Add,2,2,3 GHz,Sandy Bridge,Sandy Bridge,65 W,Intel HD Graphics,4.5
Intel Pentium G630,Add,2,2,2.7 GHz,Sandy Bridge,Sandy Bridge,65 W,Intel HD Graphics,0
AMD Phenom II X6 1045T,Add,6,6,2.7 GHz,K10,K10,95 W,None,4
AMD Athlon II X4 651K,Add,4,4,3 GHz,Lynx,Lynx,100 W,None,0
Intel Xeon E5-2695 V2,Add,12,12,2.4 GHz,3.2 GHz,Ivy Bridge,115 W,None,0
Intel Pentium G3440,35.47,2,2,3.3 GHz,Haswell Refresh,Haswell Refresh,53 W,Intel HD Graphics,0
AMD Sempron X2 190,Add,2,2,2.5 GHz,K10,K10,45 W,None,0
AMD FX-6120,Add,6,6,3.5 GHz,4.1 GHz,Bulldozer,95 W,None,0
Intel Xeon E5-2698 V3,Add,16,16,2.3 GHz,3.6 GHz,Haswell,135 W,None,0
Intel Xeon E3-1245 V5,Add,https://cdna.pcpartpicker.com/static/forever/images/product/2a632529a950e5b3707bc97f75ca14a9.256p.jpg,4,3.5 GHz,3.9 GHz,Skylake,80 W,Intel HD Graphics P530,0
Intel Xeon E3-1280 V6,754.97,4,4,3.9 GHz,4.2 GHz,Kaby Lake,72 W,None,0
Intel Pentium Gold G5600,Add,https://cdna.pcpartpicker.com/static/forever/images/product/72d64a0b25612d0bcd8bdaf3add84069.256p.jpg,2,3.9 GHz,Coffee Lake,Coffee Lake,54 W,Intel UHD Graphics 630,5
Intel Xeon E-2146G,Add,https://cdna.pcpartpicker.com/static/forever/images/product/f4138acb3babe657e1fd405447ce8233.256p.jpg,6,3.5 GHz,4.5 GHz,Coffee Lake,80 W,Intel HD Graphics P630,0
Intel Celeron G5920,Add,https://cdna.pcpartpicker.com/static/forever/images/product/2d6ef3b24084f8f33ac723e29d3b1df4.256p.jpg,2,3.5 GHz,Comet Lake,Comet Lake,58 W,Intel UHD Graphics 610,0
Intel Pentium G645,143.12,2,2,2.9 GHz,Sandy Bridge,Sandy Bridge,65 W,Intel HD Graphics 2500,0
Intel Xeon E3-1270 V6,408.84,"https://cdna.pcpartpicker.com/static/forever/images/product/527689a6c15ca46365a5c1fa0804c613.256p.jpg",4,3.8 GHz,4.2 GHz,Kaby Lake,72 W,None,0
Intel Core i3-4360,Add,2,2,3.7 GHz,Haswell Refresh,Haswell Refresh,54 W,Intel HD Graphics 4600,4.5
AMD Athlon II X2 220,Add,2,2,2.8 GHz,K10,K10,65 W,None,3
AMD Athlon II X4 620,Add,4,4,2.6 GHz,K10,K10,95 W,None,3.5
Intel Celeron E1500,Add,2,2,2.2 GHz,Core,Core,65 W,None,0
Intel Core 2 Duo E6850,152.11,2,2,3 GHz,Core,Core,65 W,None,0
Intel Core 2 Quad Q8400S,Add,4,4,2.66 GHz,Yorkfield,Yorkfield,65 W,None,0
AMD Phenom II X4 975,Add,4,4,3.6 GHz,K10,K10,125 W,None,5
AMD Phenom II X4 840,162.51,4,4,3.2 GHz,K10,K10,95 W,None,0
Intel Xeon E3-1245,Add,4,4,3.3 GHz,Sandy Bridge,Sandy Bridge,95 W,Intel HD Graphics,5
Intel Core i3-4330,Add,https://cdna.pcpartpicker.com/static/forever/images/product/6f2d6549675bef642a64f73eba890bd4.256p.jpg,2,3.5 GHz,Haswell,Haswell,54 W,Intel HD Graphics 4600,4.5
Intel Pentium G3420,Add,2,2,3.2 GHz,Haswell,Haswell,54 W,Intel HD Graphics,4.5
AMD A4-6300,Add,2,2,3.7 GHz,3.9 GHz,Piledriver,65 W,Radeon HD 8370D,4
Intel Xeon E5-2690,Add,8,8,2.9 GHz,3.8 GHz,Sandy Bridge,135 W,None,0
Intel Xeon E5-2650 V2,Add,https://cdna.pcpartpicker.com/static/forever/images/product/3566a2b4f938d244ff5555cc5ad8fd52.256p.jpg,8,2.6 GHz,3.4 GHz,Ivy Bridge,95 W,None,5
Intel Xeon E5-2643 V2,463.73,6,6,3.5 GHz,3.8 GHz,Ivy Bridge,130 W,None,0
Intel Pentium G3250,Add,2,2,3.2 GHz,Haswell Refresh,Haswell Refresh,53 W,Intel HD Graphics,4.5
Intel Pentium G3460,Add,2,2,3.5 GHz,Haswell Refresh,Haswell Refresh,53 W,Intel HD Graphics,0
Intel Core i7-3770T,Add,4,4,2.5 GHz,3.7 GHz,Ivy Bridge,45 W,Intel HD Graphics 4000,0
Intel Core i5-4670S,Add,4,4,3.1 GHz,3.8 GHz,Haswell,65 W,Intel HD Graphics 4600,5
AMD A10-7870K,Add,https://cdna.pcpartpicker.com/static/forever/images/product/cf52b6b0bae3d150a6f5c9552d07c08f.256p.jpg,4,3.9 GHz,4.1 GHz,Steamroller,95 W,Radeon R7 (on-die),4.5
Intel Pentium G3470,Add,2,2,3.6 GHz,Haswell Refresh,Haswell Refresh,53 W,Intel HD Graphics,5
Intel Xeon E3-1270 V5,Add,https://cdna.pcpartpicker.com/static/forever/images/product/2a632529a950e5b3707bc97f75ca14a9.256p.jpg,4,3.6 GHz,4 GHz,Skylake,80 W,None,0
AMD Athlon X4 870K,Add,https://cdna.pcpartpicker.com/static/forever/images/product/3a57398776bd40ee7febd04618eda23c.256p.jpg,4,3.9 GHz,4.1 GHz,Steamroller,95 W,None,4
Intel Celeron G3950,Add,https://cdna.pcpartpicker.com/static/forever/images/product/e33e41fbf747b90cbdeb7457b9dde058.256p.jpg,2,3 GHz,Kaby Lake,Kaby Lake,51 W,Intel HD Graphics 610,0
Intel Xeon E5-2470V2,Add,https://cdna.pcpartpicker.com/static/forever/images/product/bb81f0415a7b561ba807b31df6651e53.256p.jpg,10,2.4 GHz,3.2 GHz,Ivy Bridge,95 W,None,0
AMD Athlon X4 970,Add,4,4,3.8 GHz,4 GHz,Excavator,65 W,None,0
Intel Pentium Gold G5500,295,https://cdna.pcpartpicker.com/static/forever/images/product/5c00d1b71d5bdf6ca365a8118ac603d5.256p.jpg,2,3.8 GHz,Coffee Lake,Coffee Lake,54 W,Intel UHD Graphics 630,0
Intel Core i3-9350K,Add,https://cdna.pcpartpicker.com/static/forever/images/product/f50b7e267212207b24b39b85ec8e5b47.256p.jpg,4,4 GHz,4.6 GHz,Coffee Lake Refresh,91 W,Intel HD Graphics 630,0
Intel Xeon E-2246G,Add,https://cdna.pcpartpicker.com/static/forever/images/product/04f08a1dee17429cdf0a6021ebe5351d.256p.jpg,6,3.6 GHz,4.8 GHz,Coffee Lake Refresh,80 W,Intel HD Graphics P630,0
Intel Xeon E-2278G,Add,https://cdna.pcpartpicker.com/static/forever/images/product/ecfb3f0796c1b19602849d9e4e622552.256p.jpg,8,3.4 GHz,5 GHz,Coffee Lake Refresh,80 W,Intel HD Graphics P630,0
Intel Celeron G4930,97,https://cdna.pcpartpicker.com/static/forever/images/product/823a8232a5aa4f5706c0d28b5c69a9c9.256p.jpg,2,3.2 GHz,Coffee Lake,Coffee Lake,54 W,Intel UHD Graphics 610,0
Intel Core i3-10325,Add,https://cdna.pcpartpicker.com/static/forever/images/product/13e22d5b7111a75185affdbee13d6646.256p.jpg,4,3.9 GHz,4.7 GHz,Comet Lake,65 W,Intel UHD Graphics 630,0
Intel Pentium G4400T,182.46,2,2,2.9 GHz,Skylake,Skylake,35 W,Intel HD Graphics 510,0
Intel Pentium E5300,98.98,2,2,2.6 GHz,Wolfdale,Wolfdale,65 W,None,3.5
Intel Xeon E5-2609,Add,4,4,2.4 GHz,Sandy Bridge,Sandy Bridge,80 W,None,0
Intel Xeon E5-2650L V3,Add,12,12,1.8 GHz,2.5 GHz,Haswell,65 W,None,0
Intel Xeon E-2124G,283.43,https://cdna.pcpartpicker.com/static/forever/images/product/3cee72da93fed40030f03f05d445452b.256p.jpg,4,3.4 GHz,4.5 GHz,Coffee Lake,71 W,Intel HD Graphics P630,0
AMD Athlon II X2 260,Add,https://cdna.pcpartpicker.com/static/forever/images/product/354edccd6a72338e6ea9ae3e2c4b7ce1.256p.jpg,2,3.2 GHz,K10,K10,65 W,None,0
Intel Celeron 450,Add,1,1,2.2 GHz,Core,Core,35 W,None,0
AMD Phenom II X4 925,Add,4,4,2.8 GHz,K10,K10,95 W,None,5
AMD Phenom II X3 740 Black,Add,3,3,3 GHz,K10,K10,95 W,None,5
Intel Core 2 Duo E4600,161.63,2,2,2.4 GHz,Core,Core,65 W,None,0
Intel Pentium E5200,Add,2,2,2.5 GHz,Wolfdale,Wolfdale,65 W,None,4
Intel Pentium E5400,Add,2,2,2.7 GHz,Wolfdale,Wolfdale,65 W,None,4
Intel Core 2 Duo E8500,199.95,2,2,3.16 GHz,Wolfdale,Wolfdale,65 W,None,0
Intel Core i5-670,173.42,https://cdna.pcpartpicker.com/static/forever/images/product/6f846335e0d9ffac6f183d9cc9c6f2ca.256p.jpg,2,3.46 GHz,Westmere,Westmere,73 W,Intel HD Graphics,0
Intel Core i7-940,264.64,4,4,2.93 GHz,Nehalem,Nehalem,130 W,None,4
Intel Core 2 Quad Q8300,158.11,https://cdna.pcpartpicker.com/static/forever/images/product/46576a634e3895137a1f38d8487c7336.med.256p.jpg,4,2.5 GHz,Yorkfield,Yorkfield,95 W,None,0
Intel Core 2 Extreme QX6700,Add,https://cdna.pcpartpicker.com/static/forever/images/product/ee0a5eb38dc2b3707fe18515819580eb.256p.jpg,4,2.66 GHz,Core,Core,100 W,None,0
AMD Phenom II X4 970 Black,238.39,4,4,3.5 GHz,K10,K10,125 W,None,4.5
AMD Phenom II X2 560 Black,Add,2,2,3.3 GHz,K10,K10,80 W,None,0
AMD A4-3400,Add,2,2,2.7 GHz,Lynx,Lynx,65 W,Radeon HD 6410D,0
AMD FX-6200,Add,6,6,3.8 GHz,Bulldozer,Bulldozer,125 W,None,4.5
Intel Core i3-3220T,Add,2,2,2.8 GHz,Ivy Bridge,Ivy Bridge,35 W,Intel HD Graphics 2500,0
Intel Xeon E3-1220,Add,4,4,3.1 GHz,Sandy Bridge,Sandy Bridge,80 W,None,0
Intel Core i5-3340,Add,4,4,3.1 GHz,3.3 GHz,Ivy Bridge,77 W,Intel HD Graphics 2500,4
Intel Xeon E5-1660,Add,6,6,3.3 GHz,3.9 GHz,Sandy Bridge,130 W,None,5
Intel Pentium G3450,Add,2,2,3.4 GHz,Haswell Refresh,Haswell Refresh,53 W,Intel HD Graphics,5
AMD FX-4150,Add,4,4,4 GHz,4.1 GHz,Bulldozer,125 W,None,0
AMD Athlon X4 550,Add,4,4,2.2 GHz,Jaguar,Jaguar,25 W,None,0
AMD Sempron X2 250,Add,2,2,3.2 GHz,3.6 GHz,Piledriver,65 W,None,0
Intel Xeon E5-2623 V3,Add,4,4,3 GHz,3.5 GHz,Haswell,105 W,None,5
Intel Xeon E5-2643 V3,Add,6,6,3.4 GHz,3.7 GHz,Haswell,135 W,None,0
Intel Xeon E5-2687W V3,2455.73,10,10,3.1 GHz,3.5 GHz,Haswell,160 W,None,0
AMD FX-8310,Add,8,8,3.4 GHz,4.3 GHz,Piledriver,95 W,None,4
Intel Pentium G4500,Add,2,2,3.5 GHz,Skylake,Skylake,51 W,Intel HD Graphics 530,4.5
Intel Pentium G4520,Add,2,2,3.6 GHz,Skylake,Skylake,51 W,Intel HD Graphics 530,0
AMD Opteron 6328,Add,8,8,3.2 GHz,3.8 GHz,Piledriver,115 W,None,0
Intel Xeon E5-2420V2,Add,6,6,2.2 GHz,2.7 GHz,Ivy Bridge,80 W,None,0
Intel Xeon E5-2430V2,Add,6,6,2.5 GHz,3 GHz,Ivy Bridge,80 W,None,5
Intel Xeon E3-1220 V6,350.41,https://cdna.pcpartpicker.com/static/forever/images/product/50f8ba1bfc679fa124102fc246db40d3.256p.jpg,4,3 GHz,3.5 GHz,Kaby Lake,72 W,None,0
AMD EPYC 4484PX,Add,12,12,4.4 GHz,5.6 GHz,Zen 4,120 W,Radeon,0
AMD Athlon 240GE,Add,https://cdna.pcpartpicker.com/static/forever/images/product/900cddd78a7e0b4ab21a6e80f65fd9d0.256p.jpg,2,3.5 GHz,Zen,Zen,35 W,Radeon Vega 3,0
AMD Phenom II X4 905e,Add,4,4,2.5 GHz,K10,K10,65 W,None,0
Intel Core 2 Duo E6320,148.21,2,2,1.86 GHz,Core,Core,65 W,None,0
Intel Core 2 Duo E6400,207.99,https://cdna.pcpartpicker.com/static/forever/images/product/0354bc5818ac58069358e5324d7b4cc1.256p.jpg,2,2.13 GHz,Core,Core,65 W,None,4
Intel Pentium E6600,Add,2,2,3.06 GHz,Wolfdale,Wolfdale,65 W,None,0
Intel Core 2 Duo E6750,148.41,https://cdna.pcpartpicker.com/static/forever/images/product/0354bc5818ac58069358e5324d7b4cc1.256p.jpg,2,2.66 GHz,Core,Core,65 W,None,0
Intel Core 2 Duo E8300,156.41,2,2,2.83 GHz,Wolfdale,Wolfdale,65 W,None,0
Intel Core 2 Quad Q8200,199.89,4,4,2.33 GHz,Yorkfield,Yorkfield,95 W,None,4
Intel Core 2 Quad Q9450,285.98,4,4,2.66 GHz,Yorkfield,Yorkfield,95 W,None,5
Intel Core 2 Quad Q9505,Add,4,4,2.83 GHz,Yorkfield,Yorkfield,95 W,None,0
AMD Phenom II X6 1075T,Add,6,6,3 GHz,K10,K10,95 W,None,4.5
AMD Phenom II X4 955,Add,https://cdna.pcpartpicker.com/static/forever/images/product/fb7d5b0c9f096ff23c67cff86bceba0e.med.256p.jpg,4,3.2 GHz,K10,K10,125 W,None,4.5
Intel Pentium E5800,Add,2,2,3.2 GHz,Wolfdale,Wolfdale,65 W,None,0
AMD Athlon II X2 245,Add,https://cdna.pcpartpicker.com/static/forever/images/product/a4c53d2bd4a21902db8d56a6b15639db.256p.jpg,2,2.9 GHz,K10,K10,65 W,None,0
AMD A6-3500,Add,3,3,2.1 GHz,Lynx,Lynx,65 W,Radeon HD 6530D,3
AMD A8-3870K,Add,4,4,3 GHz,Lynx,Lynx,100 W,Radeon HD 6550D,3
AMD A10-5700,Add,4,4,3.4 GHz,Piledriver,Piledriver,65 W,Radeon HD 7660D,5
Intel Xeon E3-1225,Add,4,4,3.1 GHz,Sandy Bridge,Sandy Bridge,95 W,Intel HD Graphics,0
Intel Xeon E3-1270,Add,4,4,3.4 GHz,Sandy Bridge,Sandy Bridge,80 W,None,0
Intel Celeron G1620,Add,2,2,2.7 GHz,Ivy Bridge,Ivy Bridge,55 W,Intel HD Graphics,5
Intel Pentium G2130,Add,2,2,3.2 GHz,Ivy Bridge,Ivy Bridge,55 W,Intel HD Graphics,0
Intel Xeon E3-1225 V3,Add,4,4,3.2 GHz,3.6 GHz,Haswell,84 W,Intel HD Graphics P4600,0
AMD A10-6790K,Add,4,4,4 GHz,4.3 GHz,Piledriver,100 W,Radeon HD 8670D,4.5
Intel Celeron G1820,Add,2,2,2.7 GHz,Haswell,Haswell,53 W,Intel HD Graphics,5
Intel Xeon E5-2603,Add,4,4,1.8 GHz,Sandy Bridge,Sandy Bridge,80 W,None,0
AMD A6-6420K,Add,2,2,4 GHz,4.2 GHz,Piledriver,65 W,Radeon HD 8000 Series,5
AMD A4-6320,Add,2,2,3.8 GHz,4 GHz,Piledriver,65 W,Radeon HD 8370D,5
AMD E2-3200,Add,2,2,2.4 GHz,Lynx,Lynx,65 W,Radeon HD 6370D,0
Intel Core i3-4360T,Add,2,2,3.2 GHz,Haswell Refresh,Haswell Refresh,35 W,Intel HD Graphics 4600,0
Intel Xeon E5-1650,Add,6,6,3.2 GHz,3.8 GHz,Sandy Bridge,130 W,None,4
Intel Xeon E5-2637 V2,Add,https://cdna.pcpartpicker.com/static/forever/images/product/fbdd6ae8942991f3c7f4501eb290999a.med.256p.jpg,4,3.5 GHz,3.8 GHz,Ivy Bridge,130 W,None,0
Intel Xeon E5-1630 V3,Add,4,4,3.7 GHz,3.8 GHz,Haswell,140 W,None,5
AMD Athlon X2 350,Add,2,2,3.5 GHz,3.9 GHz,Piledriver,65 W,None,0
Intel Xeon E5-2609 V3,Add,https://cdna.pcpartpicker.com/static/forever/images/product/8b68971691ae53aa31a7eb5ca831aead.256p.jpg,6,1.9 GHz,Haswell,Haswell,85 W,None,0
Intel Core i7-4770T,Add,4,4,2.5 GHz,Haswell,Haswell,45 W,Intel HD Graphics 4600,0
Intel Xeon E3-1230 V5,Add,https://cdna.pcpartpicker.com/static/forever/images/product/2a632529a950e5b3707bc97f75ca14a9.256p.jpg,4,3.4 GHz,3.8 GHz,Skylake,80 W,None,5
Intel Pentium G3260,Add,https://cdna.pcpartpicker.com/static/forever/images/product/4392c80cfcac08275cd037bdc7f1a91b.256p.jpg,2,3.3 GHz,Haswell Refresh,Haswell Refresh,53 W,Intel HD Graphics,0
AMD Athlon X4 845,Add,4,4,3.5 GHz,3.8 GHz,Puma+,65 W,None,4
Intel Xeon E5-2609 V4,Add,https://cdna.pcpartpicker.com/static/forever/images/product/644fdf832bb1cdf8d7d313e357abda26.256p.jpg,8,1.7 GHz,Broadwell,Broadwell,85 W,None,0
Intel Core i3-7300,118,2,2,4 GHz,Kaby Lake,Kaby Lake,51 W,Intel HD Graphics 630,4
Intel Xeon E3-1225 V6,451.24,https://cdna.pcpartpicker.com/static/forever/images/product/fa3cfa8408aca56a083f09d198f03e4d.256p.jpg,4,3.3 GHz,3.7 GHz,Kaby Lake,73 W,Intel HD Graphics P630,0
Intel Core i7-870S,Add,4,4,2.667 GHz,Nehalem,Nehalem,82 W,None,0
Intel Core i5-9600T,Add,https://cdna.pcpartpicker.com/static/forever/images/product/f4137a480bf61e69b6d83e150a0afb01.256p.jpg,6,2.3 GHz,3.9 GHz,Coffee Lake Refresh,35 W,Intel UHD Graphics 630,0
Intel Xeon E-2134,Add,https://cdna.pcpartpicker.com/static/forever/images/product/08c4542f1b78a386869cb860d8122e7e.256p.jpg,4,3.5 GHz,4.5 GHz,Coffee Lake,71 W,None,0
Intel Xeon E-2104G,746.85,https://cdna.pcpartpicker.com/static/forever/images/product/9e4c9cf1a501c1721f5bdd971ea2c851.256p.jpg,4,3.2 GHz,Coffee Lake,Coffee Lake,65 W,Intel HD Graphics P630,0
Intel Core i5-4670T,Add,4,4,2.3 GHz,Haswell,Haswell,45 W,Intel HD Graphics 4600,0
Intel Xeon E3-1275 V6,670.94,4,4,3.8 GHz,4.2 GHz,Kaby Lake,73 W,Intel HD Graphics P630,0
Intel Pentium G840,Add,2,2,2.8 GHz,Sandy Bridge,Sandy Bridge,65 W,Intel HD Graphics,0
Intel Xeon E3-1226 V3,Add,4,4,3.3 GHz,3.7 GHz,Haswell Refresh,84 W,Intel HD Graphics P4600,0
AMD Athlon II X3 425,Add,3,3,2.7 GHz,K10,K10,95 W,None,0
AMD Athlon II X3 435,Add,3,3,2.9 GHz,K10,K10,95 W,None,0
AMD Athlon II X3 445,Add,3,3,3.1 GHz,K10,K10,95 W,None,0
AMD Phenom II X4 945,189.98,4,4,3 GHz,K10,K10,125 W,None,0
AMD Athlon II X4 600e,Add,4,4,2.2 GHz,K10,K10,45 W,None,0
AMD Phenom II X3 720 Black,Add,3,3,2.8 GHz,K10,K10,95 W,None,0
AMD Phenom II X4 910e,Add,4,4,2.6 GHz,K10,K10,65 W,None,0
Intel Pentium E2180,Add,2,2,2 GHz,Core,Core,65 W,None,0
Intel Core 2 Duo E4400,Add,https://cdna.pcpartpicker.com/static/forever/images/product/cf5b12a7ff32834e615329189af10831.256p.jpg,2,2 GHz,Core,Core,65 W,None,0
Intel Pentium E5500,119.98,2,2,2.8 GHz,Wolfdale,Wolfdale,65 W,None,0
Intel Core 2 Duo E6550,Add,https://cdna.pcpartpicker.com/static/forever/images/product/0354bc5818ac58069358e5324d7b4cc1.256p.jpg,2,2.33 GHz,Core,Core,65 W,None,0
Intel Core 2 Duo E7300,Add,https://cdna.pcpartpicker.com/static/forever/images/product/0ce96ac1818c47c739db32a18461ef4f.256p.jpg,2,2.66 GHz,Wolfdale,Wolfdale,65 W,None,0
Intel Core 2 Duo E8200,122.36,2,2,2.66 GHz,Wolfdale,Wolfdale,65 W,None,0
Intel Core 2 Quad Q6700,Add,4,4,2.66 GHz,Core,Core,100 W,None,4.5
AMD Athlon II X3 450,Add,3,3,3.2 GHz,K10,K10,95 W,None,4.5
AMD Phenom II X4 965,Add,4,4,3.4 GHz,K10,K10,125 W,None,4
AMD A6-3650,Add,4,4,2.6 GHz,Lynx,Lynx,100 W,Radeon HD 6530D,4
AMD Phenom II X6 1035T,Add,6,6,2.6 GHz,K10,K10,95 W,None,5
Intel Core i3-2105,Add,2,2,3.1 GHz,Sandy Bridge,Sandy Bridge,65 W,Intel HD Graphics 3000,0
Intel Core i5-2405S,Add,4,4,2.5 GHz,Sandy Bridge,Sandy Bridge,65 W,Intel HD Graphics 3000,0
Intel Core i3-2125,Add,2,2,3.3 GHz,Sandy Bridge,Sandy Bridge,65 W,Intel HD Graphics 3000,0
AMD A6-3670K,Add,4,4,2.7 GHz,Lynx,Lynx,100 W,Radeon HD 6530D,0
AMD Phenom II X4 970,Add,4,4,3.5 GHz,K10,K10,125 W,None,0
AMD FX-4170,Add,4,4,4.2 GHz,Bulldozer,Bulldozer,125 W,None,4.5
Intel Pentium G870,Add,2,2,3.1 GHz,Sandy Bridge,Sandy Bridge,65 W,Intel HD Graphics,0
Intel Core i3-3225,Add,2,2,3.3 GHz,Ivy Bridge,Ivy Bridge,55 W,Intel HD Graphics 4000,4.5
Intel Xeon E3-1230,Add,4,4,3.2 GHz,Sandy Bridge,Sandy Bridge,80 W,None,4
Intel Xeon E3-1240,Add,4,4,3.3 GHz,Sandy Bridge,Sandy Bridge,80 W,None,0
Intel Xeon E3-1275,Add,4,4,3.4 GHz,Sandy Bridge,Sandy Bridge,95 W,Intel HD Graphics,0
Intel Xeon E3-1265L V2,Add,4,4,2.5 GHz,Ivy Bridge,Ivy Bridge,45 W,Intel HD Graphics 2500,0
Intel Xeon E3-1275 V3,Add,4,4,3.5 GHz,3.9 GHz,Haswell,84 W,Intel HD Graphics P4600,0
Intel Xeon E5-2640,Add,6,6,2.5 GHz,3 GHz,Sandy Bridge,95 W,None,0
Intel Xeon E5-2640 V2,Add,https://cdna.pcpartpicker.com/static/forever/images/product/3566a2b4f938d244ff5555cc5ad8fd52.256p.jpg,8,2 GHz,2.5 GHz,Ivy Bridge,95 W,None,0
Intel Xeon E5-2660 V2,239.56,10,10,2.2 GHz,3 GHz,Ivy Bridge,95 W,None,0
Intel Celeron G1850,Add,2,2,2.9 GHz,Haswell Refresh,Haswell Refresh,53 W,Intel HD Graphics,0
Intel Core i3-4160T,99,2,2,3.1 GHz,Haswell Refresh,Haswell Refresh,35 W,Intel HD Graphics 4400,0
Intel Xeon E5-2650L,125.47,8,8,1.8 GHz,2.3 GHz,Sandy Bridge,70 W,None,0
AMD FX-8370E,Add,8,8,3.3 GHz,4.3 GHz,Piledriver,95 W,None,0
AMD Athlon X4 530,Add,4,4,2 GHz,Jaguar,Jaguar,25 W,None,0
AMD Pro A10-7850B,Add,4,4,3.7 GHz,4 GHz,Steamroller,95 W,Radeon R7 (on-die),0
AMD Athlon X4 840,Add,4,4,3.1 GHz,3.8 GHz,Steamroller,65 W,None,0
AMD Athlon X2 450,Add,2,2,3.5 GHz,3.9 GHz,Steamroller,65 W,None,0
Intel Core i3-6300T,Add,https://cdna.pcpartpicker.com/static/forever/images/product/658d653a249ceebe43a5968afb50ad77.256p.jpg,2,3.3 GHz,Skylake,Skylake,35 W,Intel HD Graphics 530,0
Intel Core i3-6320,Add,2,2,3.9 GHz,Skylake,Skylake,51 W,Intel HD Graphics 530,5
Intel Pentium G4500T,Add,2,2,3 GHz,Skylake,Skylake,35 W,Intel HD Graphics 530,0
Intel Xeon E3-1225 V5,542.1,https://cdna.pcpartpicker.com/static/forever/images/product/2a632529a950e5b3707bc97f75ca14a9.256p.jpg,4,3.3 GHz,3.7 GHz,Skylake,80 W,Intel HD Graphics P530,0
Intel Xeon E3-1240 V5,Add,https://cdna.pcpartpicker.com/static/forever/images/product/2a632529a950e5b3707bc97f75ca14a9.256p.jpg,4,3.5 GHz,3.9 GHz,Skylake,80 W,None,0
Intel Xeon E3-1235L V5,Add,4,4,2 GHz,3 GHz,Skylake,25 W,Intel HD Graphics P530,0
AMD Opteron 6344,Add,12,12,2.6 GHz,3.2 GHz,Piledriver,115 W,None,0
Intel Xeon E5-2683 V3,Add,https://cdna.pcpartpicker.com/static/forever/images/product/0b3a121c822d28cd551b7b66c79e49a9.256p.jpg,14,2 GHz,3 GHz,Haswell,120 W,None,0
Intel Core i3-7300T,Add,https://cdna.pcpartpicker.com/static/forever/images/product/6575bf30b14742cef9e7ddae7fb2ce7f.256p.jpg,2,3.5 GHz,Kaby Lake,Kaby Lake,35 W,Intel HD Graphics 630,0
Intel Xeon E5-2440V2,Add,8,8,1.9 GHz,2.4 GHz,Ivy Bridge,95 W,None,0
Intel Xeon E3-1240 V6,540.15,https://cdna.pcpartpicker.com/static/forever/images/product/2be1f13408e22ee3994b0ad7ece20b2d.256p.jpg,4,3.7 GHz,4.1 GHz,Kaby Lake,72 W,None,0
AMD A6-9550,Add,2,2,3.8 GHz,4 GHz,Excavator,65 W,Radeon R5 (on die),0
Intel Core i3-9320,Add,https://cdna.pcpartpicker.com/static/forever/images/product/877c0eccd6e14982bb378fd9cf884f1f.256p.jpg,4,3.7 GHz,4.4 GHz,Coffee Lake Refresh,62 W,None,0
Intel Xeon E-2144G,Add,4,4,3.6 GHz,4.5 GHz,Coffee Lake,71 W,Intel HD Graphics P630,0
Intel Xeon E-2126G,Add,https://cdna.pcpartpicker.com/static/forever/images/product/87897f5a63ef928433ed7665b5b1e87e.256p.jpg,6,3.3 GHz,4.5 GHz,Coffee Lake,80 W,Intel HD Graphics P630,0
Intel Pentium Gold G6500,Add,https://cdna.pcpartpicker.com/static/forever/images/product/4cf62d8a026ed7e57bd7e62c4dcc1de9.256p.jpg,2,4.1 GHz,Comet Lake,Comet Lake,58 W,Intel UHD Graphics 630,0
Intel Celeron G5905T,Add,2,2,3.3 GHz,Comet Lake,Comet Lake,35 W,Intel UHD Graphics 610,0
AMD EPYC 4584PX,Add,16,16,4.2 GHz,5.7 GHz,Zen 4,120 W,Radeon,0
Intel Xeon E3-1275 V5,Add,https://cdna.pcpartpicker.com/static/forever/images/product/2a632529a950e5b3707bc97f75ca14a9.256p.jpg,4,3.6 GHz,4 GHz,Skylake,80 W,Intel HD Graphics P530,0
AMD Phenom II X2 550 Black,Add,2,2,3.1 GHz,K10,K10,80 W,None,5
AMD Phenom II X2 555 Black,Add,2,2,3.2 GHz,K10,K10,80 W,None,5
AMD Athlon II X4 630,Add,4,4,2.8 GHz,K10,K10,95 W,None,5
AMD Athlon II X4 635,Add,4,4,2.9 GHz,K10,K10,95 W,None,0
AMD Phenom II X3 720,Add,3,3,2.8 GHz,K10,K10,95 W,None,5
AMD Phenom II X4 805,Add,4,4,2.5 GHz,K10,K10,95 W,None,0
AMD Phenom II X4 810,189.98,4,4,2.6 GHz,K10,K10,95 W,None,5
AMD Athlon II X3 400e,Add,3,3,2.2 GHz,K10,K10,45 W,None,0
AMD Athlon II X3 415e,Add,3,3,2.5 GHz,K10,K10,45 W,None,0
Intel Celeron E1200,182.43,2,2,1.6 GHz,Core,Core,65 W,None,0
Intel Celeron E1600,Add,2,2,2.4 GHz,Core,Core,65 W,None,0
Intel Celeron E3300,109,2,2,2.5 GHz,Wolfdale,Wolfdale,65 W,None,0
Intel Pentium E6300,Add,2,2,2.8 GHz,Wolfdale,Wolfdale,65 W,None,0
Intel Core 2 Duo E6420,129.26,2,2,2.13 GHz,Core,Core,65 W,None,0
Intel Core 2 Duo E7600,Add,2,2,3.06 GHz,Wolfdale,Wolfdale,65 W,None,0
Intel Core i5-680,259.49,https://cdna.pcpartpicker.com/static/forever/images/product/860f8b3185aee8d9cc615780942afd58.256p.jpg,2,3.6 GHz,Westmere,Westmere,73 W,Intel HD Graphics,0
Intel Core i5-750S,Add,4,4,2.4 GHz,Nehalem,Nehalem,82 W,None,0
Intel Core 2 Quad Q8200S,Add,4,4,2.33 GHz,Yorkfield,Yorkfield,65 W,None,0
Intel Core 2 Quad Q9400S,Add,https://cdna.pcpartpicker.com/static/forever/images/product/87e3f1d731eea64ce1d510a430193342.256p.jpg,4,2.66 GHz,Yorkfield,Yorkfield,65 W,None,0
Intel Core 2 Quad Q9550S,Add,4,4,2.83 GHz,Yorkfield,Yorkfield,65 W,None,4
Intel Core 2 Extreme QX6800,Add,4,4,2.93 GHz,Core,Core,100 W,None,4
AMD Athlon II X2 255,Add,2,2,3.1 GHz,K10,K10,65 W,None,0
AMD Athlon II X2 265,Add,2,2,3.2 GHz,K10,K10,65 W,None,0
AMD Athlon II X4 610e,Add,4,4,2.4 GHz,K10,K10,45 W,None,0
Intel Pentium E6700,Add,2,2,3.2 GHz,Wolfdale,Wolfdale,65 W,None,0
AMD Phenom II X4 830,Add,4,4,2.8 GHz,K10,K10,95 W,None,3.5
AMD Sempron 130,Add,1,1,2.6 GHz,K10,K10,45 W,None,0
Intel Pentium G620T,Add,2,2,2.2 GHz,Sandy Bridge,Sandy Bridge,35 W,Intel HD Graphics,0
Intel Pentium G850,Add,2,2,2.9 GHz,Sandy Bridge,Sandy Bridge,65 W,Intel HD Graphics,5
AMD Phenom II X4 960T Black,Add,4,4,3 GHz,K10,K10,95 W,None,4.5
AMD Athlon II X4 641,Add,4,4,2.8 GHz,Lynx,Lynx,100 W,None,0
Intel Xeon E3-1280,Add,4,4,3.5 GHz,Sandy Bridge,Sandy Bridge,95 W,None,0
AMD A4-4000,Add,2,2,3 GHz,Piledriver,Piledriver,65 W,Radeon HD 7480D,4
AMD Athlon X2 370K,Add,2,2,4.2 GHz,Piledriver,Piledriver,65 W,None,0
Intel Pentium G3430,Add,2,2,3.3 GHz,Haswell,Haswell,54 W,Intel HD Graphics,0
Intel Celeron G1630,Add,2,2,2.8 GHz,Ivy Bridge,Ivy Bridge,55 W,Intel HD Graphics,0
Intel Pentium G2140,Add,2,2,3.3 GHz,Ivy Bridge,Ivy Bridge,55 W,Intel HD Graphics,0
Intel Core i5-3340S,Add,4,4,2.8 GHz,3.3 GHz,Ivy Bridge,65 W,Intel HD Graphics 2500,0
Intel Xeon E5-2609 V2,Add,https://cdna.pcpartpicker.com/static/forever/images/product/3566a2b4f938d244ff5555cc5ad8fd52.256p.jpg,4,2.5 GHz,Ivy Bridge,Ivy Bridge,80 W,None,0
Intel Xeon E5-2620 V2,Add,https://cdna.pcpartpicker.com/static/forever/images/product/3566a2b4f938d244ff5555cc5ad8fd52.256p.jpg,6,2.1 GHz,2.6 GHz,Ivy Bridge,80 W,None,0
Intel Core i3-4350,Add,2,2,3.6 GHz,Haswell Refresh,Haswell Refresh,54 W,Intel HD Graphics 4600,5
Intel Pentium G2030,Add,2,2,3 GHz,Ivy Bridge,Ivy Bridge,55 W,Intel HD Graphics,5
AMD Sempron X2 198,Add,2,2,2.5 GHz,Lynx,Lynx,65 W,None,0
AMD A10-6700T,Add,4,4,2.5 GHz,3.5 GHz,Piledriver,45 W,Radeon HD 8650D,0
AMD A4-3420,Add,2,2,2.8 GHz,Lynx,Lynx,65 W,Radeon HD 6410D,0
AMD FX-4200,Add,4,4,3.3 GHz,Bulldozer,Bulldozer,125 W,None,3.5
AMD FX-4320,Add,4,4,4 GHz,4.2 GHz,Piledriver,95 W,None,0
AMD FX-8140,Add,8,8,3.2 GHz,4.1 GHz,Bulldozer,95 W,None,0
AMD Athlon II X4 651,Add,4,4,3 GHz,Lynx,Lynx,100 W,None,4
Intel Xeon E3-1276 V3,Add,4,4,3.6 GHz,4 GHz,Haswell Refresh,84 W,Intel HD Graphics P4600,0
AMD Pro A8-7600B,Add,4,4,3.1 GHz,3.8 GHz,Steamroller,65 W,Radeon R7 (on-die),0
AMD Pro A6-7400B,Add,https://cdna.pcpartpicker.com/static/forever/images/product/84f585f7daf664ce32ad1c0ad0f87063.256p.jpg,2,3.5 GHz,3.9 GHz,Steamroller,65 W,Radeon R5 (on die),0
AMD Pro A10-7800B,Add,4,4,3.5 GHz,3.9 GHz,Steamroller,65 W,Radeon R7 (on-die),0
AMD Phenom II X2 B59,Add,2,2,3.4 GHz,K10,K10,80 W,None,3
AMD Phenom II X4 B99,Add,4,4,3.3 GHz,K10,K10,95 W,None,0
Intel Pentium G3250T,Add,2,2,2.8 GHz,Haswell Refresh,Haswell Refresh,35 W,Intel HD Graphics,0
Intel Xeon E5-2685 V3,Add,12,12,2.6 GHz,3.3 GHz,Haswell,120 W,None,0
AMD Phenom II X6 1065T,Add,6,6,2.7 GHz,K10,K10,95 W,None,0
AMD A4-7300,Add,2,2,3.8 GHz,4 GHz,Piledriver,65 W,Radeon HD 8470D,0
Intel Xeon E3-1280 V5,491.18,https://cdna.pcpartpicker.com/static/forever/images/product/eebdb4ae111a91526f78c386fcbd04f2.256p.jpg,4,3.7 GHz,4 GHz,Skylake,80 W,None,0
Intel Xeon E3-1260L V5,80.45,4,4,2.9 GHz,3.9 GHz,Skylake,45 W,None,0
AMD A6-7470K,Add,2,2,3.7 GHz,4 GHz,Steamroller,65 W,Radeon R5 (on die),0
Intel Xeon E5-2603 V4,549.22,https://cdna.pcpartpicker.com/static/forever/images/product/ced2928f0412783f6314a70692c976b0.256p.jpg,6,1.7 GHz,Broadwell,Broadwell,85 W,None,0
Intel Xeon E5-2658 V3,Add,12,12,2.2 GHz,2.9 GHz,Haswell,105 W,None,5
Intel Pentium G4560T,Add,https://cdna.pcpartpicker.com/static/forever/images/product/16c61bbd0b29eb900a2de515a15a5695.256p.jpg,2,2.9 GHz,Kaby Lake,Kaby Lake,35 W,Intel HD Graphics 610,0
Intel Pentium G4600T,Add,https://cdna.pcpartpicker.com/static/forever/images/product/16c61bbd0b29eb900a2de515a15a5695.256p.jpg,2,3 GHz,Kaby Lake,Kaby Lake,35 W,Intel HD Graphics 630,0
Intel Core i3-7101TE,Add,2,2,3.4 GHz,Kaby Lake,Kaby Lake,35 W,Intel HD Graphics 610,0
AMD Athlon X4 940,Add,4,4,3.2 GHz,3.6 GHz,Excavator,65 W,None,0
Intel Core i5-3550S,Add,4,4,3 GHz,3.7 GHz,Ivy Bridge,65 W,Intel HD Graphics 2500,0
Intel Core i3-8300T,Add,https://cdna.pcpartpicker.com/static/forever/images/product/67d6c57eae5170d56282ab69bf97d70b.256p.jpg,4,3.2 GHz,Coffee Lake,Coffee Lake,35 W,Intel UHD Graphics 630,0
Intel Pentium Gold G5500T,Add,2,2,3.2 GHz,Coffee Lake,Coffee Lake,35 W,Intel UHD Graphics 630,0
Intel Xeon E-2244G,Add,https://cdna.pcpartpicker.com/static/forever/images/product/04f08a1dee17429cdf0a6021ebe5351d.256p.jpg,4,3.8 GHz,4.8 GHz,Coffee Lake Refresh,71 W,Intel HD Graphics P630,0
Intel Pentium Gold G6605,Out of stock£109.99,https://cdna.pcpartpicker.com/static/forever/images/product/237702d691e3004dfd1b5c6c752db1af.256p.jpg,2,4.3 GHz,Comet Lake,Comet Lake,58 W,Intel UHD Graphics 630,0
Intel Core i3-3240T,Add,2,2,2.9 GHz,Ivy Bridge,Ivy Bridge,35 W,Intel HD Graphics 2500,0
Intel Core 2 Duo E7200,Add,2,2,2.53 GHz,Wolfdale,Wolfdale,65 W,None,0
AMD Athlon II X2 215,Add,2,2,2.7 GHz,K10,K10,65 W,None,0
AMD Phenom II X2 550,Add,2,2,3.1 GHz,K10,K10,80 W,None,3.5
AMD Phenom II X3 710,Add,3,3,2.6 GHz,K10,K10,95 W,None,0
AMD Phenom II X4 910,Add,4,4,2.6 GHz,K10,K10,95 W,None,4
AMD Athlon II X2 235e,Add,2,2,2.7 GHz,K10,K10,45 W,None,3
AMD Athlon II X2 240e,129,2,2,2.8 GHz,K10,K10,45 W,None,0
AMD Athlon II X2 245e,Add,2,2,2.9 GHz,K10,K10,45 W,None,0
AMD Athlon II X2 250u,Add,2,2,1.6 GHz,K10,K10,25 W,None,0
AMD Athlon II X2 260u,Add,2,2,1.8 GHz,K10,K10,25 W,None,0
AMD Athlon II X3 405e,Add,3,3,2.3 GHz,K10,K10,45 W,None,0
AMD Athlon II X4 605e,Add,4,4,2.3 GHz,K10,K10,45 W,None,0
AMD Phenom II X4 965 Black (140W),199.49,4,4,3.4 GHz,K10,K10,140 W,None,0
Intel Celeron E1400,Add,2,2,2 GHz,Core,Core,65 W,None,0
Intel Pentium E2200,Add,2,2,2.2 GHz,Core,Core,65 W,None,0
Intel Celeron E3200,89.98,2,2,2.4 GHz,Wolfdale,Wolfdale,65 W,None,0
Intel Core 2 Duo E6540,Add,2,2,2.33 GHz,Core,Core,65 W,None,0
Intel Core 2 Duo E7400,Add,https://cdna.pcpartpicker.com/static/forever/images/product/0354bc5818ac58069358e5324d7b4cc1.256p.jpg,2,2.8 GHz,Wolfdale,Wolfdale,65 W,None,0
Intel Core 2 Duo E8190,Add,2,2,2.66 GHz,Wolfdale,Wolfdale,65 W,None,0
Intel Core i5-660,Add,2,2,3.33 GHz,Westmere,Westmere,73 W,Intel HD Graphics,0
Intel Core i7-860S,Add,4,4,2.53 GHz,Nehalem,Nehalem,82 W,None,0
Intel Core 2 Quad Q9505S,Add,4,4,2.83 GHz,Yorkfield,Yorkfield,65 W,None,0
AMD Phenom II X3 715 Black,Add,3,3,2.8 GHz,K10,K10,95 W,None,0
Intel Celeron E3500,Add,https://cdna.pcpartpicker.com/static/forever/images/product/46a03879a29ca865286a09055ba2f4c1.256p.jpg,2,2.7 GHz,Wolfdale,Wolfdale,65 W,None,0
Intel Celeron G540,Add,2,2,2.5 GHz,Sandy Bridge,Sandy Bridge,65 W,Intel HD Graphics,4
AMD Athlon II X4 631,Add,https://cdna.pcpartpicker.com/static/forever/images/product/945a6af1d95431a9e19ea89901fac7d2.256p.jpg,4,2.6 GHz,Lynx,Lynx,100 W,None,0
Intel Pentium G630T,Add,2,2,2.3 GHz,Sandy Bridge,Sandy Bridge,35 W,Intel HD Graphics,0
Intel Core i5-2380P,Add,4,4,3.1 GHz,Sandy Bridge,Sandy Bridge,95 W,None,0
Intel Core i5-2450P,Add,4,4,3.2 GHz,Sandy Bridge,Sandy Bridge,95 W,None,0
Intel Pentium G550,Add,2,2,2.6 GHz,Sandy Bridge,Sandy Bridge,65 W,Intel HD Graphics,3.5
Intel Celeron G555,Add,2,2,2.7 GHz,Sandy Bridge,Sandy Bridge,65 W,Intel HD Graphics,0
Intel Celeron G465,Add,2,2,1.9 GHz,Sandy Bridge,Sandy Bridge,35 W,Intel HD Graphics,0
Intel Xeon E3-1235,Add,4,4,3.2 GHz,Sandy Bridge,Sandy Bridge,95 W,Intel HD Graphics,0
Intel Pentium G2010,Add,2,2,2.8 GHz,Ivy Bridge,Ivy Bridge,55 W,Intel HD Graphics,0
Intel Celeron G1830,Add,2,2,2.8 GHz,Haswell,Haswell,53 W,Intel HD Graphics,0
Intel Xeon E5-2603 V2,Add,https://cdna.pcpartpicker.com/static/forever/images/product/2b777979af92e83492d829d47cbb6368.256p.jpg,4,1.8 GHz,Ivy Bridge,Ivy Bridge,80 W,None,0
AMD A4-4020,Add,2,2,3.2 GHz,3.4 GHz,Piledriver,65 W,Radeon HD 7480D,0
AMD A10-6790B,Add,4,4,4 GHz,Piledriver,Piledriver,100 W,Radeon HD 8670D,0
AMD A10-6800B,Add,4,4,4.1 GHz,4.4 GHz,Piledriver,100 W,Radeon HD 8670D,0
AMD A4-3450,Add,2,2,2.9 GHz,Lynx,Lynx,65 W,None,0
AMD FX-6130,Add,6,6,3.6 GHz,3.9 GHz,Bulldozer,125 W,None,0
AMD Athlon II X2 221,Add,2,2,2.8 GHz,Lynx,Lynx,65 W,None,0
AMD Athlon II X4 638,Add,4,4,2.7 GHz,Lynx,Lynx,65 W,None,0
AMD Pro A4-7300B,Add,2,2,3.8 GHz,4 GHz,Piledriver,65 W,Radeon HD 8470D,0
Intel Xeon E5-2622 V3,Add,8,8,2.4 GHz,Haswell,Haswell,85 W,None,0
AMD A8-7670K,Add,https://cdna.pcpartpicker.com/static/forever/images/product/fab40664f5f2cefbf2612c234817e3e8.256p.jpg,4,3.6 GHz,3.9 GHz,Steamroller,95 W,Radeon R7 (on-die),0