name,price,image,type,frequency_response,microphone,wireless,enclosure_type,color,rating
HP HyperX Cloud II,61.99,https://cdna.pcpartpicker.com/static/forever/images/product/72a586f112591cd7b43f4b0dc244ba29.256p.jpg,Circumaural,15 Hz - 25 kHz,Yes,No,Closed,Black / Red,4.5
Bang &amp; Olufsen Beoplay H100,,,Circumaural,10 Hz - 40 kHz,Yes,Yes,Closed,Black / Silver,0
Razer BlackShark V2 X,39.97,https://cdna.pcpartpicker.com/static/forever/images/product/6bfd83b70242125dd19a098b04deb9e1.256p.jpg,Circumaural,12 Hz - 28 kHz,Yes,No,Closed,Black / Green,4.5
Corsair VOID WIRELESS v2,86.34,https://cdna.pcpartpicker.com/static/forever/images/product/8ab652b2c883c6c10c203145a938372c.256p.jpg,Circumaural,20 Hz - 20 kHz,Yes,Yes,Closed,Black,5
Logitech PRO X 2 LIGHTSPEED,124.99,https://cdna.pcpartpicker.com/static/forever/images/product/0654c2062080ded169e6bdc820f168eb.256p.jpg,Circumaural,20 Hz - 20 kHz,Yes,Yes,Closed,Black,4
"SteelSeries Arctis Nova Pro Wireless for PC, PS5, and PS4",241,https://cdna.pcpartpicker.com/static/forever/images/product/58e020a3f5cb57cf060804a8a9d1fd2f.256p.jpg,Circumaural,10 Hz - 40 kHz,Yes,Yes,Closed,Black,4
Razer BlackShark V3 Pro,209.97,https://cdna.pcpartpicker.com/static/forever/images/product/b715cf31b5b10d2220d46eee95b618ce.256p.jpg,Circumaural,20 Hz - 20 kHz,Yes,Yes,Closed,White,0
SteelSeries Arctis Nova Elite,569,https://cdna.pcpartpicker.com/static/forever/images/product/bb368c788e16ad879d59b7e89a42d30c.256p.jpg,Circumaural,10 Hz - 40 kHz,Yes,Yes,Closed,Black,0
Logitech Pro X,125.63,https://cdna.pcpartpicker.com/static/forever/images/product/98c362f214b36c4839d78dbdd517435f.256p.jpg,Circumaural,20 Hz - 20 kHz,Yes,Yes,Closed,Black,4.5
Logitech ASTRO A50 X,309.99,Circumaural,Circumaural,20 Hz - 20 kHz,Yes,Yes,Closed,Black,0
Beyerdynamic DT990 Pro Black Edition,175,https://cdna.pcpartpicker.com/static/forever/images/product/9a214c7e19a6b471989dcc8fdbb446f6.256p.jpg,Circumaural,5 Hz - 35 kHz,No,No,Open,Black,4.5
SteelSeries Arctis Nova 1,49.99,https://cdna.pcpartpicker.com/static/forever/images/product/fcdc7e701e4a83bfa2e0a2c208fcc4fa.256p.jpg,Circumaural,20 Hz - 22 kHz,Yes,No,Closed,Black,5
Sennheiser HD 560S,99,Circumaural,Circumaural,6 Hz - 38 kHz,No,No,Open,Black,4.5
Beyerdynamic DT 770 PRO,169.99,https://cdna.pcpartpicker.com/static/forever/images/product/5c8923ca7708bee1844feee595dfa13e.256p.jpg,Circumaural,5 Hz - 35 kHz,No,No,Closed,Gray,4.5
Sennheiser HD 820,2199.94,https://cdna.pcpartpicker.com/static/forever/images/product/b3204b6469f27f1d492ccae40feeaa3b.256p.jpg,Circumaural,6 Hz - 48 kHz,No,No,Closed,Black,0
HP HyperX Cloud Stinger 2,48.65,https://cdna.pcpartpicker.com/static/forever/images/product/7bf94380d643588f7a1fe55bd534d7ce.256p.jpg,Circumaural,10 Hz - 28 kHz,Yes,No,Closed,Black,0
Corsair Virtuoso RGB,119.99,https://cdna.pcpartpicker.com/static/forever/images/product/614f3f2375ec5c13f691e5176fb4c9d9.256p.jpg,Circumaural,20 Hz - 40 kHz,Yes,Yes,Closed,White,4.5
SteelSeries Arctis Nova 5,118.8,Circumaural,Circumaural,20 Hz - 22 kHz,Yes,Yes,Closed,Black,4.5
Audio-Technica ATH-AD2000X,849,Circumaural,Circumaural,5 Hz - 45 kHz,No,No,Open,Black,5
HP HyperX Cloud III,135.1,https://cdna.pcpartpicker.com/static/forever/images/product/576d5c1a4ebf8e3c3257b80942b772e9.256p.jpg,Circumaural,10 Hz - 21 kHz,Yes,Yes,Closed,Black / Red,5
Sennheiser HD 800 S,1999.95,https://cdna.pcpartpicker.com/static/forever/images/product/1db438a9e4b045ddb1efc5765b5c6c43.256p.jpg,Circumaural,4 Hz - 51 kHz,No,No,Open,Black / Silver,5
Asus ROG Delta II,210.99,https://cdna.pcpartpicker.com/static/forever/images/product/3769299d0d7af1ecfaf5ff3331e92601.256p.jpg,Circumaural,20 Hz - 20 kHz,Yes,Yes,Closed,Black,4
Sony WH-1000XM6,448,https://cdna.pcpartpicker.com/static/forever/images/product/b51e99887db4bbc9fb873f8e88257ddb.256p.jpg,Circumaural,4 Hz - 40 kHz,Yes,Yes,Closed,Black,0
Razer BlackShark V2 Pro (2023),134.99,https://cdna.pcpartpicker.com/static/forever/images/product/618882d7efe9284c652d8009ef9ae80c.256p.jpg,Circumaural,12 Hz - 28 kHz,Yes,Yes,Closed,Black,4.5
Turtle Beach EAR FORCE Recon 50X,14.99,https://cdna.pcpartpicker.com/static/forever/images/product/d23f5e4dfc957bc58b1e5e9113125484.256p.jpg,Circumaural,20 Hz - 20 kHz,Yes,No,Closed,Black / Green,4.5
Razer Kraken V4 Pro,496.42,Circumaural,Circumaural,20 Hz - 28 kHz,Yes,Yes,Closed,Black,0
Razer Barracuda X,121.51,https://cdna.pcpartpicker.com/static/forever/images/product/5452c917d17c34b61054780a08beae68.256p.jpg,Circumaural,20 Hz - 20 kHz,Yes,Yes,Closed,Pink / Gray,0
Asus ROG Kithara,,,Circumaural,8 Hz - 55 Hz,Yes,No,Open,Black,0
SteelSeries Arctis Nova 7 Gen 2,149.99,https://cdna.pcpartpicker.com/static/forever/images/product/1d5532f62b56bd019adae951bdebab7a.256p.jpg,Circumaural,20 Hz - 22 kHz,Yes,Yes,Closed,Black,0
Audeze Maxwell 2 (PlayStation),329,https://cdna.pcpartpicker.com/static/forever/images/product/5ea83ceb0a1ea4a4dbbad1598aadfe0a.256p.jpg,Circumaural,10 Hz - 50 kHz,Yes,Yes,Closed,Black,0
Logitech G733,159.99,https://cdna.pcpartpicker.com/static/forever/images/product/fbb0aa9d62adce35ae4d252cdd813a9d.256p.jpg,Circumaural,20 Hz - 20 kHz,Yes,Yes,Closed,Black,4
HP HyperX Cloud Alpha,124.08,https://cdna.pcpartpicker.com/static/forever/images/product/8390e7ddd98558ab65c9c309cc32a782.256p.jpg,Circumaural,15 Hz - 21 kHz,Yes,Yes,Closed,Black / Red,5
HP HyperX Cloud III S,148.99,https://cdna.pcpartpicker.com/static/forever/images/product/f8a0e9b5e5ef2f3b0f33c0b8de86af93.256p.jpg,Circumaural,20 Hz - 20 kHz,Yes,Yes,Closed,Black / Red,0
Audio-Technica ATH-M50x,127,https://cdna.pcpartpicker.com/static/forever/images/product/e9b556548ad05b9909370c276326973e.med.256p.jpg,Circumaural,15 Hz - 28 kHz,No,No,Closed,Black / Silver,4.5
Corsair VIRTUOSO MAX,198.44,https://cdna.pcpartpicker.com/static/forever/images/product/31933cbf2768de52ba6e06b90df10741.256p.jpg,Circumaural,20 Hz - 40 kHz,Yes,Yes,Closed,Black,5
Audeze Maxwell 2 (Xbox),,,Circumaural,10 Hz - 50 kHz,Yes,Yes,Closed,Black,0
Beyerdynamic DT 990 Pro 250,,Circumaural,Circumaural,5 Hz - 35 kHz,No,No,Open,Black / Gray,4.5
Logitech ASTRO A50 (GEN 5),179.54,https://cdna.pcpartpicker.com/static/forever/images/product/16e41f259c2ceadd5db8ef6dc48adda7.256p.jpg,Circumaural,20 Hz - 20 kHz,Yes,Yes,Closed,Black / Red,5
Koss KPH7W,31.9,Supra-aural,Supra-aural,false,No,No,Closed,White / Black,0
Logitech G435,49.88,https://cdna.pcpartpicker.com/static/forever/images/product/a0f67686009b268eb9b537dfbbc3a4e0.256p.jpg,Circumaural,20 Hz - 20 kHz,Yes,Yes,Closed,Black / Yellow,4
Logitech G432,48.2,https://cdna.pcpartpicker.com/static/forever/images/product/9d0f1a5952e8d74d6590bdd46e0e4f07.256p.jpg,Circumaural,20 Hz - 20 kHz,Yes,No,Closed,Black / Blue,4
SteelSeries Arctis Nova Pro Omni,349,https://cdna.pcpartpicker.com/static/forever/images/product/6fa0c76ab861605851975f23c281ecb6.256p.jpg,Circumaural,10 Hz - 40 kHz,Yes,Yes,Closed,White,0
Beyerdynamic DT 900 Pro X,205,https://cdna.pcpartpicker.com/static/forever/images/product/7126cf8620353f97e6ae65b97aa44023.256p.jpg,Circumaural,5 Hz - 40 kHz,No,No,Open,Black / Gray,4.5
Sony XM5,229,https://cdna.pcpartpicker.com/static/forever/images/product/5b141c21cb9624a2129f3a5a192c7792.256p.jpg,Circumaural,4 Hz - 40 kHz,Yes,Yes,Closed,Black,4.5
Razer Kraken Kitty V2 Pro,159.94,https://cdna.pcpartpicker.com/static/forever/images/product/0d92983d812ea50020a300f9c0e8132a.256p.jpg,Circumaural,20 Hz - 20 kHz,Yes,No,Closed,Pink / Gray,0
Razer Kraken V3 X,39.99,https://cdna.pcpartpicker.com/static/forever/images/product/3dc024b446b8f01940cbab1b2e9f854a.256p.jpg,Circumaural,12 Hz - 28 kHz,Yes,No,Closed,Black,4
Sennheiser HD 660S2,470.06,https://cdna.pcpartpicker.com/static/forever/images/product/d3e3bd38e0195a188578421160519d07.256p.jpg,Circumaural,8 Hz - 41.5 kHz,No,No,Open,Black,5
Sennheiser HD600,296,https://cdna.pcpartpicker.com/static/forever/images/product/7cc8cd810692a5bf53692c7cf9de7cab.256p.jpg,Circumaural,12 Hz - 39 kHz,No,No,Open,Black,4.5
Logitech G735,155.75,https://cdna.pcpartpicker.com/static/forever/images/product/9003bb2dbbf630570187994920ed0bff.256p.jpg,Circumaural,20 Hz - 20 kHz,Yes,Yes,Closed,White,4.5
HP HyperX Cloud Alpha 2,116.99,https://cdna.pcpartpicker.com/static/forever/images/product/e7e47e9cac1d47ae1f98bde5db270600.256p.jpg,Circumaural,20 Hz - 20 kHz,Yes,Yes,Closed,Black,0
Apple MD827LL/A,25.48,Earbud,Earbud,true,Yes,No,Closed,White,4.5
Logitech G535 LIGHTSPEED,67.73,https://cdna.pcpartpicker.com/static/forever/images/product/9aef883b5b47ec2d14ef06f7cf0a3b03.256p.jpg,Circumaural,20 Hz - 20 kHz,Yes,Yes,Closed,Black / Blue,4
Logitech ASTRO A10,39.99,https://cdna.pcpartpicker.com/static/forever/images/product/df983525ee0450c6c3e5cd732e82757c.256p.jpg,Circumaural,20 Hz - 20 kHz,Yes,No,Closed,Black,4.5
Asus TUF Gaming H1 Gen II Hatsune Miku Edition,84.25,https://cdna.pcpartpicker.com/static/forever/images/product/85449ccbc982488361fe51a67bfd845a.256p.jpg,Circumaural,20 Hz - 20 kHz,Yes,No,Closed,White / Teal,3
Corsair VOID RGB ELITE,119.99,https://cdna.pcpartpicker.com/static/forever/images/product/2e483f6f283c4606e4c82654ca8a2a03.256p.jpg,Circumaural,20 Hz - 30 kHz,Yes,Yes,Closed,White,4.5
"SteelSeries Arctis Nova Pro Wireless for Xbox X|S, and Xbox One",237,https://cdna.pcpartpicker.com/static/forever/images/product/d67777a48054e86dfe750f9a9bcf2871.256p.jpg,Circumaural,10 Hz - 40 kHz,Yes,Yes,Closed,Black,4.5
Corsair HS80 MAX WIRELESS,139,https://cdna.pcpartpicker.com/static/forever/images/product/74e15dd13c60c87065c3114a50474dfa.256p.jpg,Circumaural,20 Hz - 40 kHz,Yes,Yes,Closed,Gray / Black,5
Beyerdynamic MMX 300 (2nd Generation),249.92,https://cdna.pcpartpicker.com/static/forever/images/product/15a63e1a025be4f594a44c134d3d4c3a.256p.jpg,Circumaural,5 Hz - 35 kHz,Yes,No,Closed,Black,4.5
HiFiMAN Susvara,5999,https://cdna.pcpartpicker.com/static/forever/images/product/54fe0ca737c04afc856fa32912993f25.256p.jpg,Circumaural,6 Hz - 75 kHz,No,No,Open,Silver / Brown,0
Asus TUF Gaming H1 Wireless,67.94,https://cdna.pcpartpicker.com/static/forever/images/product/f3c2a3a1a568cb13fe746db2c5e70c7f.256p.jpg,Circumaural,20 Hz - 20 kHz,Yes,Yes,Closed,,0
Razer Barracuda Pro,261.94,https://cdna.pcpartpicker.com/static/forever/images/product/c343a585d5d9741717533eae847c48d6.256p.jpg,Circumaural,20 Hz - 20 kHz,Yes,Yes,Closed,Black,0
Razer Barracuda X Chroma,126.48,https://cdna.pcpartpicker.com/static/forever/images/product/07ac0aecee45730cd17c31b91beae543.256p.jpg,Circumaural,20 Hz - 20 kHz,Yes,Yes,Closed,Black,0
Sennheiser HDB 630,,https://cdna.pcpartpicker.com/static/forever/images/product/300840c82e9832bcdf54e172172f6665.256p.jpg,Circumaural,6 Hz - 40 kHz,No,Yes,Closed,Black,0
Corsair HS80 RGB,139.98,https://cdna.pcpartpicker.com/static/forever/images/product/606675de5d3a4bafa83ae58470a421a0.256p.jpg,Circumaural,20 Hz - 40 kHz,Yes,Yes,Closed,Black,4
SteelSeries Arctis Nova 7,167.01,https://cdna.pcpartpicker.com/static/forever/images/product/ec2c00c27ba9c62b94b536e94d970ace.256p.jpg,Circumaural,20 Hz - 22 kHz,Yes,Yes,Closed,Black,4.5
Turtle Beach Stealth 700 Gen 2 MAX,118.97,Circumaural,Circumaural,20 Hz - 22 kHz,Yes,Yes,Closed,Black / Silver,5
Sennheiser HD 599,189.95,https://cdna.pcpartpicker.com/static/forever/images/product/fef5c4aa6e302fe648bb9b5d9aa02968.256p.jpg,Circumaural,12 Hz - 38.5 kHz,No,No,Open,White / Brown,4.5
JBL Quantum 100,39.95,https://cdna.pcpartpicker.com/static/forever/images/product/27407d33fe0ca6a7b81178845be2eb3c.256p.jpg,Circumaural,20 Hz - 20 kHz,Yes,No,Closed,Black,4
SteelSeries Arctis Pro,161.16,https://cdna.pcpartpicker.com/static/forever/images/product/6254ffa40ba39f7430a0bac0ed9685f9.256p.jpg,Circumaural,10 Hz - 40 kHz,Yes,No,Closed,Black,4
Philips SHP9500,84.99,https://cdna.pcpartpicker.com/static/forever/images/product/0c13d11c5340b0f9046a76d52c32bf02.256p.jpg,Circumaural,12 Hz - 35 kHz,No,No,Open,Black,4.5
Corsair HS65 SURROUND,69.98,https://cdna.pcpartpicker.com/static/forever/images/product/71173beea73b5395cf2cdd22451dabb2.256p.jpg,Circumaural,20 Hz - 20 kHz,Yes,No,Closed,Black,5
Razer BlackShark V2 HyperSpeed,119.6,https://cdna.pcpartpicker.com/static/forever/images/product/9954979109fc80e014ebec85a4dfeaf7.256p.jpg,Circumaural,12 Hz - 28 kHz,Yes,No,Closed,Black,4
SteelSeries Arctis Nova 1P,42.99,https://cdna.pcpartpicker.com/static/forever/images/product/8d9ba0f11f962eca6a4607acc0b307a3.256p.jpg,Circumaural,20 Hz - 22 kHz,Yes,No,Closed,White,5
MCHOSE V9 Pro,,https://cdna.pcpartpicker.com/static/forever/images/product/09a82e31f712a29784d27a946c1656aa.256p.jpg,Circumaural,true,Yes,Yes,Closed,Black,0
Fractal Design Scape,158.99,https://cdna.pcpartpicker.com/static/forever/images/product/9691b77d1f528454619818050d275ade.256p.jpg,Circumaural,20 Hz - 20 kHz,Yes,Yes,Closed,Black,0
Skullcandy Crusher,74.99,https://cdna.pcpartpicker.com/static/forever/images/product/ed6ccd6c7e88b57362655bf30272acbc.256p.jpg,Circumaural,20 Hz - 20 kHz,No,Yes,Closed,Black,5
Razer Kraken V4 X,64.87,https://cdna.pcpartpicker.com/static/forever/images/product/1487a18041e36567019f5f44c1e9fdba.256p.jpg,Circumaural,20 Hz - 20 kHz,Yes,No,Open,Black,0
SteelSeries Arctis Nova Pro,215.47,https://cdna.pcpartpicker.com/static/forever/images/product/23c658e3073d979515398f4726b2f3b5.256p.jpg,Circumaural,10 Hz - 40 kHz,Yes,No,Closed,Black,0
Anker Soundcore Life Q30,44.99,https://cdna.pcpartpicker.com/static/forever/images/product/fda9bb6f85d16e99070ead70d1fe5405.256p.jpg,Circumaural,16 Hz - 40 kHz,Yes,Yes,Closed,Black,0
Audio-Technica ATH-M40x,93.9,https://cdna.pcpartpicker.com/static/forever/images/product/e8e574f4ca94818a6bb8e5ad4bdf2963.256p.jpg,Circumaural,15 Hz - 24 kHz,No,No,Closed,Black / Silver,4.5
HiFiMAN SUNDARA,,Circumaural,Circumaural,6 Hz - 75 kHz,No,No,Open,Black,5
HP HyperX Cloud Stinger 2 Core,28.49,Circumaural,Circumaural,10 Hz - 25 kHz,Yes,No,Closed,Black,0
Creative Labs Zen Air,39.99,https://cdna.pcpartpicker.com/static/forever/images/product/2bc82914d17c63f855023b6ae2081c55.256p.jpg,In Ear,20 Hz - 20 kHz,Yes,Yes,Closed,White,0
HiFiMAN Arya,599,Circumaural,Circumaural,8 Hz - 65 kHz,No,No,Open,Black,5
Sennheiser HD 599 SE,,Circumaural,Circumaural,12 Hz - 38.5 kHz,No,No,Open,Black / Silver,3.5
Corsair HS55 WIRELESS CORE,,https://cdna.pcpartpicker.com/static/forever/images/product/3101af29b649f4673d2944053c534c9c.256p.jpg,Circumaural,20 Hz - 20 kHz,Yes,Yes,Closed,Black,4
SteelSeries Arctis Nova 3,89.99,https://cdna.pcpartpicker.com/static/forever/images/product/0fdfe858d8a990e91377d94b3071bb16.256p.jpg,Circumaural,20 Hz - 22 kHz,Yes,No,Closed,Black,5
Bose QuietComfort Ultra,299.93,https://cdna.pcpartpicker.com/static/forever/images/product/00b02640c942ffef6448571d621c8c68.256p.jpg,Circumaural,20 Hz - 20 kHz,Yes,Yes,Closed,Black,0
Turtle Beach Atlas Air,159.99,Circumaural,Circumaural,20 Hz - 40 kHz,Yes,Yes,Closed,Black,5
Sennheiser HD 490 PRO,377.02,https://cdna.pcpartpicker.com/static/forever/images/product/6bbb2b83fb25abcbacfa5b06d1fe7bd5.256p.jpg,Circumaural,false,No,No,Open,Black,0
Sennheiser HD 650,280,https://cdna.pcpartpicker.com/static/forever/images/product/3aabf4afad26ef129b33dd00d22ff4b1.256p.jpg,Circumaural,10 Hz - 39.5 kHz,No,No,Open,Black,5
Asus ROG Theta 7.1,293.82,https://cdna.pcpartpicker.com/static/forever/images/product/897f5159c73818f5198306187f019f90.256p.jpg,Circumaural,20 Hz - 40 kHz,Yes,No,Closed,Black,0
Beyerdynamic DT 700 PRO X,205,Circumaural,Circumaural,5 Hz - 40 kHz,No,No,Closed,Black,3.5
Corsair HS55,97.99,https://cdna.pcpartpicker.com/static/forever/images/product/891ce0e552bf1b796374c47c94d1ce9f.256p.jpg,Circumaural,20 Hz - 20 kHz,Yes,Yes,Closed,Black,0
Corsair VIRTUOSO RGB Wireless XT,189.95,https://cdna.pcpartpicker.com/static/forever/images/product/9d283c90ff0f0ca80335e51fc4ceef78.256p.jpg,Circumaural,20 Hz - 40 kHz,Yes,Yes,Closed,Black / Silver,4
JBL Quantum One,329.95,https://cdna.pcpartpicker.com/static/forever/images/product/a866eecc5ceed959481a79ea37833731.256p.jpg,Circumaural,20 Hz - 20 kHz,Yes,No,Closed,Black,5
Panasonic RP-HJE125-A,7.89,Earbud,Earbud,false,No,No,Closed,Blue,0
Adesso Xtream H4,12.96,https://cdna.pcpartpicker.com/static/forever/images/product/51f44127847a56fddc6476ff901979c5.256p.jpg,Supra-aural,20 Hz - 20 kHz,Yes,No,Closed,Black,0
Logitech G PRO,119.98,https://cdna.pcpartpicker.com/static/forever/images/product/ca8f01da70a5aa07c7f910759378da67.256p.jpg,Circumaural,20 Hz - 20 kHz,Yes,No,Closed,Black,4
Beyerdynamic DT 770 PRO X Limited Edition,,https://cdna.pcpartpicker.com/static/forever/images/product/134ca7608cf0063dd0498dfeb0a03508.256p.jpg,Circumaural,5 Hz - 40 kHz,No,No,Closed,Black / Gray,5
Razer Kraken Kitty,279.99,https://cdna.pcpartpicker.com/static/forever/images/product/590df3876fa2f75521f718e26036d99e.256p.jpg,Circumaural,20 Hz - 20 kHz,Yes,No,Closed,Pink,3
Sony WH1000XM4,278,https://cdna.pcpartpicker.com/static/forever/images/product/2af4e7c8c1307a160dc0a2ac3a837e63.256p.jpg,Circumaural,20 Hz - 20 kHz,Yes,Yes,Closed,Black,5
Audio-Technica ATH-M50xWH,179,https://cdna.pcpartpicker.com/static/forever/images/product/0326f36a5f3d138b2bcad1c38462d359.256p.jpg,Circumaural,15 Hz - 28 kHz,No,No,Closed,White,5
Audio-Technica ATH-M20X,45,Circumaural,Circumaural,15 Hz - 20 kHz,No,No,Closed,Black / Silver,4
Sony INZONE H9,259.98,https://cdna.pcpartpicker.com/static/forever/images/product/fcad025507e2390073f4a077c464cb59.256p.jpg,Circumaural,5 Hz - 20 kHz,Yes,Yes,Closed,,4
Genius HS-02B,18.17,https://cdna.pcpartpicker.com/static/forever/images/product/25c754ca083c8fe55ac0e573496edf41.256p.jpg,Supra-aural,20 Hz - 20 kHz,Yes,No,Closed,Black / Silver,0
Sennheiser HD 598,498.88,Circumaural,Circumaural,12 Hz - 38.5 kHz,No,No,Open,Brown,4.5
Beyerdynamic DT1990 Pro,399.95,Circumaural,Circumaural,5 Hz - 40 kHz,No,No,Open,Black,5
Sennheiser MOMENTUM 4,179,https://cdna.pcpartpicker.com/static/forever/images/product/89c198b84f1a88ba658303ddc36db373.256p.jpg,Circumaural,6 Hz - 22 kHz,Yes,Yes,Closed,White,0
Razer Kraken V3 Pro,235.97,https://cdna.pcpartpicker.com/static/forever/images/product/f37538fee88baa3ffbb73c14b7d98ac3.256p.jpg,Circumaural,20 Hz - 20 kHz,Yes,Yes,Closed,Black,5
Logitech H110,13.94,Supra-aural,Supra-aural,20 Hz - 20 kHz,Yes,No,Closed,Black / Silver,5
Asus TUF Gaming H1,39.95,https://cdna.pcpartpicker.com/static/forever/images/product/bdeb6db19ea1a3540c8d321accf0c517.256p.jpg,Circumaural,20 Hz - 20 kHz,Yes,No,Closed,Black,0
Adesso Xtream H5,17.89,https://cdna.pcpartpicker.com/static/forever/images/product/3db0ff7625db91b792b461747e5a38a7.256p.jpg,Circumaural,20 Hz - 20 kHz,Yes,No,Closed,Black,0
Corsair HS35 v3,45.46,https://cdna.pcpartpicker.com/static/forever/images/product/bef0575578cad0287fbdb842ea9d32f3.256p.jpg,Circumaural,20 Hz - 20 kHz,Yes,No,Closed,White,0
Logitech G335,69.98,https://cdna.pcpartpicker.com/static/forever/images/product/fc97a7e957d48182c8685ab9dde51dcd.256p.jpg,Circumaural,20 Hz - 20 kHz,Yes,No,Closed,Black / Blue,3.5
Audeze LCD-GX,899,Circumaural,Circumaural,10 Hz - 50 kHz,Yes,No,Open,Black / Red,0
SteelSeries Arctis Nova 7X,153.22,https://cdna.pcpartpicker.com/static/forever/images/product/7c5583823c6e919356c609ec9cee2778.256p.jpg,Circumaural,20 Hz - 22 kHz,Yes,Yes,Closed,Black / Green,5
HP HyperX Cloud Stinger Core - Wireless,59.99,https://cdna.pcpartpicker.com/static/forever/images/product/9f7728301d548a8120f16f708c55e6ad.256p.jpg,Circumaural,10 Hz - 21 kHz,Yes,Yes,Closed,Black,0
Audeze Maxwell for Xbox Series X|S,329,https://cdna.pcpartpicker.com/static/forever/images/product/1df40b8e7169afdba5d4f75aef3123c5.256p.jpg,Circumaural,10 Hz - 50 kHz,Yes,Yes,Closed,Black / Green,4.5
Audio-Technica ATH-M50xSTS StreamSet USB,165,https://cdna.pcpartpicker.com/static/forever/images/product/632358a823f2a125bd815ed135360af8.256p.jpg,Circumaural,15 Hz - 28 kHz,Yes,No,Closed,Black / Silver,5
Sony MDR-7506,79.98,https://cdna.pcpartpicker.com/static/forever/images/product/b19c00df130eb0f0e7e90f4878feec46.256p.jpg,Circumaural,10 Hz - 20 kHz,No,No,Closed,Black,4.5
Razer Kraken X,38.99,https://cdna.pcpartpicker.com/static/forever/images/product/73bbeea43dd6ff8d8356991684fa1a8d.256p.jpg,Circumaural,12 Hz - 28 kHz,Yes,No,Closed,Black,4
Razer BlackShark V2 Pro,199,https://cdna.pcpartpicker.com/static/forever/images/product/19d7c4ecc7524512e8878280132ab426.256p.jpg,Circumaural,12 Hz - 28 kHz,Yes,Yes,Closed,Black,4.5
DROP Drop + Sennheiser PC38X,,Circumaural,Circumaural,10 Hz - 30 kHz,Yes,No,Open,Black,4
Apple AirPods Max (2024),449.99,https://cdna.pcpartpicker.com/static/forever/images/product/a88c0382f2005f36be989f72013b3cc4.256p.jpg,Circumaural,true,Yes,Yes,Closed,Black,0
Logitech G935,110.21,https://cdna.pcpartpicker.com/static/forever/images/product/153b223886e6e0bd0e9a89c1dbbc66be.256p.jpg,Circumaural,20 Hz - 20 kHz,Yes,Yes,Closed,Black / Blue,4.5
SteelSeries Arctis Nova 5x,99.98,https://cdna.pcpartpicker.com/static/forever/images/product/c9185f697633256768eab61ce930f412.256p.jpg,Circumaural,20 Hz - 22 kHz,Yes,Yes,Closed,Black / Green,0
Turtle Beach Recon 50P,14.99,https://cdna.pcpartpicker.com/static/forever/images/product/0fc335e47c1779d11edf69836f6669a5.256p.jpg,Circumaural,20 Hz - 20 kHz,Yes,No,Closed,Black / Blue,0
Adesso Xtream G1,33.24,https://cdna.pcpartpicker.com/static/forever/images/product/f9bb8dba931c7c5bb9c7112599edda19.256p.jpg,Circumaural,20 Hz - 20 kHz,Yes,No,Closed,Black / Blue,0
Rosewill Audiowave H9000,52.73,https://cdna.pcpartpicker.com/static/forever/images/product/de5d39d0f32ba113881a39bc5fc1d1e9.256p.jpg,Circumaural,20 Hz - 40 kHz,Yes,Yes,Closed,Black,0
HP HyperX CloudX,49.99,Circumaural,Circumaural,15 Hz - 25 kHz,Yes,No,Closed,Black / Silver,4.5
Sennheiser HD 569,107,https://cdna.pcpartpicker.com/static/forever/images/product/a274cf778375dd8b2f17f1e5e941b561.256p.jpg,Circumaural,10 Hz - 28 kHz,Yes,No,Closed,Black,4.5
Corsair HS35 v3 Wireless,69.98,https://cdna.pcpartpicker.com/static/forever/images/product/fa9d06564f4ca4b15449d47e1d09c78c.256p.jpg,Circumaural,20 Hz - 20 kHz,Yes,Yes,Closed,Black,0
Philips SHP9600/00,74.98,https://cdna.pcpartpicker.com/static/forever/images/product/fdfab88c9ef04adbeede51205bcf79e1.256p.jpg,Circumaural,12 Hz - 35 kHz,No,No,Open,Black / Copper,3.5
Razer Kraken V4,156.99,https://cdna.pcpartpicker.com/static/forever/images/product/fadad12f6562b7fd2552822ce3770471.256p.jpg,Circumaural,20 Hz - 28 kHz,Yes,Yes,Open,Black,0
JBL Quantum 910,299.95,https://cdna.pcpartpicker.com/static/forever/images/product/621d19a498d3ccd2201da25c845132d9.256p.jpg,Circumaural,20 Hz - 20 kHz,Yes,Yes,Closed,Black,0
Asus ROG Delta White Edition,,https://cdna.pcpartpicker.com/static/forever/images/product/3cf63f873a3972057a8d9dcb202fa5a8.256p.jpg,Circumaural,20 Hz - 40 kHz,Yes,No,Closed,White,0
Moondrop ARIA,,In Ear,In Ear,5 Hz - 36 kHz,No,No,Closed,Black,4.5
Sennheiser GAME ZERO,,Circumaural,Circumaural,10 Hz - 26 kHz,Yes,No,Closed,Black / Red,5
Corsair HS35 v2,29.99,https://cdna.pcpartpicker.com/static/forever/images/product/140c6373f8302e30a7a655787fe1aaa7.256p.jpg,Circumaural,true,Yes,No,Closed,Black,0
Syba CM-5023,9.99,Supra-aural,Supra-aural,20 Hz - 20 kHz,Yes,No,Closed,Black / Silver,0
MSI MAESTRO 300,40.82,https://cdna.pcpartpicker.com/static/forever/images/product/7e701112895caada4fb4121743cdb21f.256p.jpg,Circumaural,20 Hz - 40 kHz,Yes,No,Closed,Black,0
HP HyperX Cloud Flight,,Circumaural,Circumaural,15 Hz - 23 kHz,Yes,Yes,Closed,Black / Red,4
NZXT Relay,45.46,https://cdna.pcpartpicker.com/static/forever/images/product/6c75d13bdfb810b3f9bf8b64259bd515.256p.jpg,Circumaural,20 Hz - 40 kHz,Yes,No,Closed,Black / Purple,0
SteelSeries Arctis Pro + GameDAC,178.99,https://cdna.pcpartpicker.com/static/forever/images/product/47c3a9f54069d7ea8dc1cb13e84d4a42.256p.jpg,Circumaural,10 Hz - 40 kHz,Yes,No,Closed,Black,4.5
Cyber Acoustics ACM-70B,12.99,https://cdna.pcpartpicker.com/static/forever/images/product/1455b7ea402a06403cec5b9c3aaf63bb.256p.jpg,Supra-aural,20 Hz - 20 kHz,No,No,Closed,Black,0
Sennheiser HD 280 PRO,89.9,https://cdna.pcpartpicker.com/static/forever/images/product/91cfa8c71ec5eeaa4f4454908c7f78fa.256p.jpg,Circumaural,8 Hz - 25 kHz,No,No,Closed,Black,4.5
Asus ROG Delta,179.5,https://cdna.pcpartpicker.com/static/forever/images/product/87756208e58e43f3ecaf05d68f911a9f.256p.jpg,Circumaural,20 Hz - 40 kHz,Yes,No,Closed,Black / Silver,5
Astro Gaming A40 TR + MixAmp Pro TR,349,https://cdna.pcpartpicker.com/static/forever/images/product/63b5586f9515b362c7ff2bd8d0390f35.256p.jpg,Circumaural,20 Hz - 20 kHz,Yes,No,Closed,Black / Gold,5
Razer Kraken BT - Hello Kitty and Friends Edition,72.98,https://cdna.pcpartpicker.com/static/forever/images/product/82395c7aa315d8987440ba8ca39a1df9.256p.jpg,Circumaural,20 Hz - 20 kHz,Yes,Yes,Closed,Pink / White,0
HiFiMAN HE1000 Stealth,839,Circumaural,Circumaural,8 Hz - 65 kHz,No,No,Open,Silver / Brown,0
Sennheiser HD 490 PRO Plus,479,https://cdna.pcpartpicker.com/static/forever/images/product/850669cf70ab20f013120e0ee4779ed4.256p.jpg,Circumaural,false,No,No,Open,Black,0
MSI DS501,51.43,https://cdna.pcpartpicker.com/static/forever/images/product/df4f5b246212eadb4b0fa33ededdc43d.256p.jpg,Circumaural,20 Hz - 20 kHz,Yes,No,Closed,Black / Red,0
Astro A50 + Base Station,219.99,https://cdna.pcpartpicker.com/static/forever/images/product/06af9bef17d27f922a4c2b6cd80776ba.256p.jpg,Circumaural,20 Hz - 20 kHz,Yes,Yes,Closed,Black / Gray,0
Sony ZX110 (Black),22.19,https://cdna.pcpartpicker.com/static/forever/images/product/9ea3286e4f33c5270702d290140ba0dc.256p.jpg,Supra-aural,12 Hz - 22 kHz,Yes,No,Closed,Black,0
Adesso Xtream P500,29.14,https://cdna.pcpartpicker.com/static/forever/images/product/75b7ba2300ccad9b513cc8e7e5316764.256p.jpg,Circumaural,20 Hz - 20 kHz,Yes,Yes,Closed,Black,0
HiFiMAN HE1000,,Circumaural,Circumaural,8 Hz - 65 kHz,No,No,Open,Silver / Brown,0
Corsair Virtuoso Pro,210.5,https://cdna.pcpartpicker.com/static/forever/images/product/38551f28137cd3041f452ec0b6efebb6.256p.jpg,Circumaural,20 Hz - 40 kHz,Yes,No,Open,Black,0
SteelSeries Arctis Nova 7P,168.61,https://cdna.pcpartpicker.com/static/forever/images/product/9824083e9313ff8b8587ce09b2d9a514.256p.jpg,Circumaural,20 Hz - 22 kHz,Yes,Yes,Closed,White / Blue,0
Apple AirPods Pro 3,,https://cdna.pcpartpicker.com/static/forever/images/product/3fb45a8942c4b39a775037d51b0e8d91.256p.jpg,In Ear,,Yes,Yes,Closed,White,0
SteelSeries Arctis Prime,44.66,https://cdna.pcpartpicker.com/static/forever/images/product/1ff377814b9acb6f60ed087538ad40db.256p.jpg,Circumaural,10 Hz - 40 kHz,Yes,No,Closed,Black,3
Asus TUF Gaming H3,49.99,https://cdna.pcpartpicker.com/static/forever/images/product/3ec0480dc0e8ee0a28328df7adab77bb.256p.jpg,Circumaural,20 Hz - 20 kHz,Yes,No,Closed,Black / Gray,4
Final B1,754.7,In Ear,In Ear,false,No,No,Closed,Copper / Black,0
HiFiMAN HE1000se,1699,Circumaural,Circumaural,8 Hz - 65 kHz,No,No,Open,Silver / Brown,0
Asus ROG CETRA II,97.99,https://cdna.pcpartpicker.com/static/forever/images/product/208804dbc26e238e46c9113f8e24cc3e.256p.jpg,In Ear,20 Hz - 40 kHz,Yes,No,Closed,Black,0
Asus ROG Strix Go Core,72,https://cdna.pcpartpicker.com/static/forever/images/product/a13bf58168168f79ac77ff3a03448086.256p.jpg,Circumaural,20 Hz - 40 kHz,Yes,No,Closed,Black,0
Audeze Maxwell for PlayStation 5,298.89,https://cdna.pcpartpicker.com/static/forever/images/product/1df40b8e7169afdba5d4f75aef3123c5.256p.jpg,Circumaural,10 Hz - 50 kHz,Yes,Yes,Closed,Black / Blue,4.5
EPOS H6PRO,125.28,https://cdna.pcpartpicker.com/static/forever/images/product/ea0711b93990cbd30566d4e5f6da000c.256p.jpg,Circumaural,20 Hz - 20 kHz,Yes,No,Closed,Black / Blue,5
Corsair Virtuoso RGB SE,249.07,https://cdna.pcpartpicker.com/static/forever/images/product/479ae9e9a1a2ebd36345213cd0b3620a.256p.jpg,Circumaural,20 Hz - 40 kHz,Yes,Yes,Closed,Black,3.5
Corsair VOID v2 MAX WIRELESS,119.99,https://cdna.pcpartpicker.com/static/forever/images/product/3b88e393ae5dee85461f47e312fc2a9e.256p.jpg,Circumaural,20 Hz - 20 kHz,Yes,Yes,Closed,Black,0
Final B2,308.24,In Ear,In Ear,false,No,No,Closed,Black,0
EKSA E900 PRO,46.99,https://cdna.pcpartpicker.com/static/forever/images/product/5b3750a6ff09ddf9225211bd97353c4e.256p.jpg,Circumaural,20 Hz - 20 kHz,Yes,No,Closed,Black / Red,5
Beyerdynamic DT 880 Pro,162,https://cdna.pcpartpicker.com/static/forever/images/product/7f34af7f696f38487b48982534343002.256p.jpg,Circumaural,5 Hz - 35 kHz,No,No,Semi-open,Gray,4.5
Razer Kaira for Xbox,79.52,https://cdna.pcpartpicker.com/static/forever/images/product/b31e6d159eb68f5ee258ed2d12b1361e.256p.jpg,Circumaural,20 Hz - 20 kHz,Yes,Yes,Closed,Black / Green,0
HiFiMAN RE2000 Silver,799,In Ear,In Ear,5 Hz - 20 kHz,No,No,Closed,Black / Silver,0
Sennheiser HD 660 S,,Circumaural,Circumaural,10 Hz - 41 kHz,No,No,Open,Black,5
Creative Labs Zen Hybrid 2,44,https://cdna.pcpartpicker.com/static/forever/images/product/b62336c70a89b8a7db677479926c1972.256p.jpg,Circumaural,20 Hz - 20 kHz,Yes,Yes,Closed,White,0
SteelSeries Arctis Nova 7X Gen 2,149.99,https://cdna.pcpartpicker.com/static/forever/images/product/90cb3fecbd6f82b34649be209f90052f.256p.jpg,Circumaural,20 Hz - 22 kHz,Yes,Yes,Closed,Black,0
Philips SHL3000WT/28,19.95,Circumaural,Circumaural,20 Hz - 20 kHz,No,No,Closed,Black / White,5
Sony MDR-XB800,102.31,Supra-aural,Supra-aural,3 Hz - 28 kHz,No,No,Closed,Black / Silver,0
Syba CM-502,5.99,Circumaural,Circumaural,20 Hz - 20 kHz,Yes,No,Closed,Black / Silver,0
SteelSeries ARCTIS 7 2019 Edition,133.76,https://cdna.pcpartpicker.com/static/forever/images/product/c45317732f544e97bce6f30a237bf2b6.256p.jpg,Circumaural,20 Hz - 20 kHz,Yes,Yes,Closed,White / Black,4
Beyerdynamic DT 1770 PRO,369.99,Circumaural,Circumaural,5 Hz - 40 kHz,No,No,Closed,Black,4.5
DROP Massdrop Plus Universal IEM,,In Ear,In Ear,5 Hz - 18 kHz,No,No,Closed,Black,0
Philips Fidelio X2HR/00,199.99,https://cdna.pcpartpicker.com/static/forever/images/product/2c3d2564e4da8b748237506fa4e6e027.256p.jpg,Circumaural,5 Hz - 40 kHz,No,No,Open,Black,5
Logitech ASTRO A30 LIGHTSPEED (Xbox/PC),159.51,https://cdna.pcpartpicker.com/static/forever/images/product/549779a4532070fba1bdb0356b977824.256p.jpg,Circumaural,20 Hz - 20 kHz,Yes,Yes,Closed,White,4
Sony WH-CH710N,,https://cdna.pcpartpicker.com/static/forever/images/product/6bd22b6c8a81488ac6d86840944b3b50.256p.jpg,Circumaural,20 Hz - 20 kHz,Yes,Yes,Closed,Blue,0
SteelSeries TUSQ,42.24,https://cdna.pcpartpicker.com/static/forever/images/product/aa0068e35bfcf38ec11e03905e3f0959.256p.jpg,In Ear,20 Hz - 20 kHz,Yes,No,Closed,,0
Logitech H390,29.95,https://cdna.pcpartpicker.com/static/forever/images/product/946c43c9b14c4beb80cf52e624049f7f.256p.jpg,Supra-aural,20 Hz - 20 kHz,Yes,No,Closed,Black / Silver,4
Sony MDRE9LP/BLU,13.98,https://cdna.pcpartpicker.com/static/forever/images/product/a9a5dba8a16451243b40e21edf1f34d7.256p.jpg,Earbud,18 Hz - 22 kHz,No,No,Closed,Blue / White,0
Razer Kraken Ultimate,148,Circumaural,Circumaural,20 Hz - 20 kHz,Yes,No,Closed,Black,4
Razer Kraken BT - Kitty Edition,79.98,https://cdna.pcpartpicker.com/static/forever/images/product/e698c6f5cf1e1cfbc4ade325a2853368.256p.jpg,Circumaural,20 Hz - 20 kHz,Yes,Yes,Closed,Pink / White,0
Audio-Technica ATH-TWX7,148,https://cdna.pcpartpicker.com/static/forever/images/product/8621ff70bf17ceb1c04728371ab57e8f.256p.jpg,Earbud,10 Hz - 40 kHz,Yes,Yes,Closed,Black,0
Logitech G35,489,Circumaural,Circumaural,20 Hz - 20 kHz,Yes,No,Closed,Black,4
Sennheiser HD 598 CS,418.88,Circumaural,Circumaural,10 Hz - 28 kHz,No,No,Closed,Black / Silver,4.5
Razer NARI ULTIMATE,,Circumaural,Circumaural,20 Hz - 20 kHz,Yes,Yes,Closed,Black / Green,4
HP HyperX Cloud Alpha S,,https://cdna.pcpartpicker.com/static/forever/images/product/8a531fb4382f28846d649846b059b9ce.256p.jpg,Circumaural,13 Hz - 27 kHz,Yes,No,Closed,Black,4.5
Koss KSC75,25,https://cdna.pcpartpicker.com/static/forever/images/product/dd3cada5ed84335f8a2c6c630185bddd.med.256p.jpg,Supra-aural,false,No,No,Closed,Black / Silver,4.5
Superlux HD668B,36.95,Circumaural,Circumaural,10 Hz - 30 kHz,No,No,Semi-open,Black,4.5
Audio-Technica ATH-E40,78,https://cdna.pcpartpicker.com/static/forever/images/product/f88e3e8cab0e57ee17ca47306a976dcb.256p.jpg,In Ear,20 Hz - 20 kHz,No,No,Closed,Black,5
Creative Labs Zen Hybrid Pro,79.98,https://cdna.pcpartpicker.com/static/forever/images/product/aabd57d4f9fa284b30cdb8e67db32a9f.256p.jpg,Circumaural,20 Hz - 20 kHz,Yes,Yes,Closed,Black,0
Astro Gaming A10,39.99,https://cdna.pcpartpicker.com/static/forever/images/product/c3e40af65e17420ae3c1ebbd3392d210.256p.jpg,Circumaural,20 Hz - 20 kHz,Yes,No,Closed,Black / Blue,4
Sony MDRE9LP/WHI,13.98,https://cdna.pcpartpicker.com/static/forever/images/product/2883f033dcfa89b66436a326928ff0c0.med.256p.jpg,Earbud,18 Hz - 22 kHz,No,No,Closed,White,0
Audio-Technica ATH-M30x,64,https://cdna.pcpartpicker.com/static/forever/images/product/3fe133ed983b7fa8ef5b2fff1cc9d935.med.256p.jpg,Circumaural,15 Hz - 22 kHz,No,No,Closed,Black / Silver,4
JBL Quantum 300,87.76,https://cdna.pcpartpicker.com/static/forever/images/product/e8ec73e95ec995191fa5774b266d6645.256p.jpg,Circumaural,20 Hz - 20 kHz,Yes,No,Closed,Black,5
SteelSeries Arctis Nova 5p,99,https://cdna.pcpartpicker.com/static/forever/images/product/6dc05b029c9302a3451b9728d8645a82.256p.jpg,Circumaural,20 Hz - 22 kHz,Yes,Yes,Closed,Black / Blue,0
Shure SE535CLEAR,494,https://cdna.pcpartpicker.com/static/forever/images/product/2fefb3398d564765ba646640cdf362f4.med.256p.jpg,In Ear,18 Hz - 19 kHz,No,No,Closed,Brown / Black,0
Bose QC35,,https://cdna.pcpartpicker.com/static/forever/images/product/94328c63cb01023e7a8199deb798d1ca.256p.jpg,Circumaural,true,Yes,Yes,Closed,Black,4.5
Asus ROG CENTURION,,Circumaural,Circumaural,true,Yes,No,Closed,Black,4.5
Plantronics Rig 800HD,,Circumaural,Circumaural,20 Hz - 20 kHz,Yes,Yes,Open,Black / Gold,4
Razer BlackShark V2,109.95,https://cdna.pcpartpicker.com/static/forever/images/product/b2a30f7ab28e58540fe93525e21fc54a.256p.jpg,Circumaural,12 Hz - 28 kHz,Yes,No,Closed,Black / Green,4.5
HP HyperX Cloud Core w/7.1 Dongle,,Circumaural,Circumaural,15 Hz - 25 kHz,Yes,No,Closed,,5
SteelSeries Arctis Pro Wireless,,Circumaural,Circumaural,10 Hz - 40 kHz,Yes,Yes,Closed,White,4
HP HyperX Cloud Stinger Core - Wireless PS5/PS4,96.77,https://cdna.pcpartpicker.com/static/forever/images/product/6e85207b414f28e97794d5503f95179b.256p.jpg,Circumaural,10 Hz - 21 kHz,Yes,Yes,Closed,White / Blue,4
Philips Performance PH805BK,69.98,Circumaural,Circumaural,true,Yes,Yes,Closed,Black,0
Beyerdynamic DT 990,169,https://cdna.pcpartpicker.com/static/forever/images/product/de329adeb48e7ef6121a3cc0edbb46fe.256p.jpg,Circumaural,5 Hz - 35 kHz,No,No,Open,Black / Silver,5
Syba CL-AUD63033,9.99,Circumaural,Circumaural,20 Hz - 20 kHz,Yes,No,Closed,White / Silver,0
HP HyperX Cloud Stinger,42,https://cdna.pcpartpicker.com/static/forever/images/product/06a48e9bc4124772d33a0945324d14b0.256p.jpg,Circumaural,18 Hz - 23 kHz,Yes,No,Closed,Black / Red,4
Razer Kaira for PlayStation,50.9,https://cdna.pcpartpicker.com/static/forever/images/product/3160287b88bda634eeb84d69b2ad00df.256p.jpg,Circumaural,20 Hz - 20 kHz,Yes,Yes,Closed,White / Black,0
Audio-Technica ATH-R70xa,379,Circumaural,Circumaural,5 Hz - 40 kHz,No,No,Open,Black,0
Sony MDRE9LP/BLK,13.98,https://cdna.pcpartpicker.com/static/forever/images/product/4c9e56cc7fd38abe75b656ef192bb161.256p.jpg,Earbud,18 Hz - 22 kHz,Yes,No,Closed,Black,0
FiiO FT1,,,Circumaural,7 Hz - 40 kHz,No,No,Closed,Black / Brown,0
Mad Catz F.R.E.Q. 5,26.99,Circumaural,Circumaural,true,Yes,No,Closed,Black,3.5
SteelSeries Arctis 7,,https://cdna.pcpartpicker.com/static/forever/images/product/bdb3916323d5db4d6349200782f3f0ba.256p.jpg,Circumaural,20 Hz - 20 kHz,Yes,Yes,Closed,Black,4
SteelSeries Arctis 1,104.99,https://cdna.pcpartpicker.com/static/forever/images/product/44ec0b598a332c50160a24e3800f6027.256p.jpg,Circumaural,20 Hz - 20 kHz,Yes,Yes,Closed,Black,4.5
Sennheiser HD6XX,378,Circumaural,Circumaural,10 Hz - 41 kHz,No,No,Open,Black,5
Sony INZONE H3,84.98,https://cdna.pcpartpicker.com/static/forever/images/product/10c40befb19db5add153935e6ac71e47.256p.jpg,Circumaural,10 Hz - 20 kHz,Yes,No,Closed,White / Black,0
Turtle Beach Recon 50,19.95,https://cdna.pcpartpicker.com/static/forever/images/product/edab0f1c6ea601832ae8f550fd9e277d.256p.jpg,Circumaural,true,Yes,No,Closed,Black / Red,4
Creative Labs Zen Hybrid SXFI,88,https://cdna.pcpartpicker.com/static/forever/images/product/3d4ee7c80e5f32fd5974446020819d38.256p.jpg,Circumaural,20 Hz - 20 kHz,Yes,Yes,Closed,White,0
AKG K240 MKII,93.99,Circumaural,Circumaural,15 Hz - 25 kHz,No,No,Semi-open,Black,5
Sony WH-1000XM3,348.7,https://cdna.pcpartpicker.com/static/forever/images/product/2f667bc4808551b616b1ebc32c396f6b.256p.jpg,Circumaural,4 Hz - 40 kHz,Yes,Yes,Closed,Black,4.5
AKG K701,177.95,https://cdna.pcpartpicker.com/static/forever/images/product/c29c845dac693a8f3d3a545330054060.256p.jpg,Circumaural,10 Hz - 39.8 kHz,No,No,Open,White,5
HiFiMAN HE400SE,109.75,Circumaural,Circumaural,20 Hz - 20 kHz,No,No,Open,Black / Silver,5
Bose QuietComfort 35 Series II,399.95,https://cdna.pcpartpicker.com/static/forever/images/product/be6e522d7d5760ce20b8e4058fbb16bf.256p.jpg,Circumaural,true,Yes,Yes,Closed,Black,4
Razer Barracuda,148.79,https://cdna.pcpartpicker.com/static/forever/images/product/286270a0d118353478a8367171f35aa4.256p.jpg,Circumaural,20 Hz - 20 kHz,Yes,Yes,Closed,Black,0
Logitech G930,191.19,Circumaural,Circumaural,20 Hz - 20 kHz,Yes,Yes,Closed,Black / Red,4
Razer NARI ESSENTIAL,168.99,https://cdna.pcpartpicker.com/static/forever/images/product/e691d23e2759216da9072c107d5207c0.256p.jpg,Circumaural,20 Hz - 20 kHz,Yes,Yes,Closed,Black,4.5
MSI Immerse GH50,178.86,https://cdna.pcpartpicker.com/static/forever/images/product/16a8c42fc6f1ff048b7cf27491219a33.256p.jpg,Circumaural,20 Hz - 20 kHz,Yes,No,Closed,Black,0
Asus ROG Strix Fusion Wireless,,Circumaural,Circumaural,20 Hz - 20 kHz,Yes,Yes,Closed,Black,5
Gigabyte Aorus H5,114.9,Circumaural,Circumaural,20 Hz - 20 kHz,Yes,No,Closed,Black / Orange,0
Bose QuietComfort Ultra 60th Anniversary Edition,,https://cdna.pcpartpicker.com/static/forever/images/product/2d629935eb4940e8ff20b9902379d81e.256p.jpg,Circumaural,20 Hz - 20 kHz,Yes,Yes,Closed,White / Silver,0
Cooler Master MH670,158.63,https://cdna.pcpartpicker.com/static/forever/images/product/591c90b56e7637b49553bf935cbd879a.256p.jpg,Circumaural,15 Hz - 25 kHz,Yes,Yes,Closed,Black,4.5
Beyerdynamic DT990 Premium 32,169,Circumaural,Circumaural,5 Hz - 35 kHz,No,No,Open,Black / Silver,5
Superlux HD681,36.99,https://cdna.pcpartpicker.com/static/forever/images/product/e105d4cb2d59bd3c8b159822c8ae1e88.256p.jpg,Circumaural,10 Hz - 30 kHz,No,No,Semi-open,Black / Red,4
AKG K712 PRO,287,Circumaural,Circumaural,10 Hz - 39.8 kHz,No,No,Open,Black / Orange,5
SteelSeries ARCTIS 5 (2019),96.7,https://cdna.pcpartpicker.com/static/forever/images/product/f0ba11a26a198900d220eca4a8232a64.256p.jpg,Circumaural,20 Hz - 22 kHz,Yes,No,Closed,Black,4.5
Meze Audio 99 Neo,169,Circumaural,Circumaural,15 Hz - 25 kHz,No,No,Closed,Black,4
HP HyperX Cloud,,https://cdna.pcpartpicker.com/static/forever/images/product/d50aa27717b083a1b1aa77c0754f43b3.256p.jpg,Circumaural,15 Hz - 25 kHz,Yes,No,Closed,Black / White,4.5
SteelSeries Arctis 5,186.88,https://cdna.pcpartpicker.com/static/forever/images/product/99564e56cdd927355e951de7951792c2.256p.jpg,Circumaural,20 Hz - 22 kHz,Yes,No,Closed,Black,4.5
Corsair VOID PRO RGB (Black),,Circumaural,Circumaural,20 Hz - 20 kHz,Yes,Yes,Closed,Black,4
Razer Kraken 7.1 V2,210,https://cdna.pcpartpicker.com/static/forever/images/product/4fe7ed051beebdba5d42424cf4b12a78.256p.jpg,Circumaural,12 Hz - 28 kHz,Yes,No,Closed,Black / Green,4.5
HiFiMAN RE2000 24k Gold Edition,2000,In Ear,In Ear,5 Hz - 20 kHz,No,No,Closed,Black / Gold,0
Asus ROG Strix Go Electro Punk,84.99,https://cdna.pcpartpicker.com/static/forever/images/product/daed2109893d3cfe728544b3efdea23e.256p.jpg,Circumaural,20 Hz - 40 kHz,Yes,No,Closed,Black / Pink,0
Logitech ASTRO A40 TR,129.99,https://cdna.pcpartpicker.com/static/forever/images/product/374af82c6c633c7aa3afa6d2ebd2ac83.256p.jpg,Circumaural,20 Hz - 20 kHz,Yes,No,Closed,Black / Blue,0
JVC HARX900,33.12,https://cdna.pcpartpicker.com/static/forever/images/product/5d5779e9f310fa3499db7ca6bae6b29d.256p.jpg,Circumaural,7 Hz - 26 kHz,No,No,Closed,Black,5
Corsair HS70 PRO,104.36,https://cdna.pcpartpicker.com/static/forever/images/product/fda66c899e5c5841b0ded374d31f1f8f.256p.jpg,Circumaural,20 Hz - 20 kHz,Yes,Yes,Closed,Black,4
Cyber Acoustics AC-204,14.99,https://cdna.pcpartpicker.com/static/forever/images/product/e99f9b3dbde4e95008dc08e929771629.256p.jpg,Supra-aural,true,Yes,No,Closed,Black,0
Logitech G635,,https://cdna.pcpartpicker.com/static/forever/images/product/71c2c83eeea42b336f21d932e036a6af.256p.jpg,Circumaural,20 Hz - 20 kHz,Yes,No,Closed,Black / Blue,4
Anker Soundcore Life Q20,54.99,Circumaural,Circumaural,16 Hz - 40 kHz,Yes,Yes,Closed,Silver,5
Razer Kraken V3 HyperSense,125.67,https://cdna.pcpartpicker.com/static/forever/images/product/c0aead1f15a712ef177e0a674d545a4d.256p.jpg,Circumaural,20 Hz - 20 kHz,Yes,No,Closed,Black,4
Astro A38,25.02,Supra-aural,Supra-aural,15 Hz - 20 kHz,Yes,Yes,Closed,White,0
Sony INZONE H7,229.99,https://cdna.pcpartpicker.com/static/forever/images/product/56978745db9ad2af64f37c63d84cd6f7.256p.jpg,Circumaural,5 Hz - 20 kHz,Yes,Yes,Open,,4
SteelSeries Arctis Nova 1X,48,https://cdna.pcpartpicker.com/static/forever/images/product/8b6af911612f137f986a846239e663d2.256p.jpg,Circumaural,20 Hz - 22 kHz,Yes,No,Closed,Black,0
FiiO FT3,289,Circumaural,Circumaural,7 Hz - 4 kHz,No,No,Open,Black,0
HP HyperX Cloud Revolver S,399,https://cdna.pcpartpicker.com/static/forever/images/product/1dd52318bc8a652b3c1ccc8e9115166a.256p.jpg,Circumaural,12 Hz - 28 kHz,Yes,No,Closed,Silver,4.5
Apple AirPods Pro,237.99,Earbud,Earbud,true,Yes,Yes,Closed,White,4
HiFiMAN Ananda-BT,799,Circumaural,Circumaural,8 Hz - 55 kHz,Yes,Yes,Open,Black / Silver,0
Astro A20 Gen 2,99.99,https://cdna.pcpartpicker.com/static/forever/images/product/febfcdcfcfc62234740f76df27eaec86.256p.jpg,Circumaural,20 Hz - 20 kHz,Yes,Yes,Closed,Black / Green,0
Audio-Technica ATH-S220BT,35.94,https://cdna.pcpartpicker.com/static/forever/images/product/f5be430919088c1185d2ec3f5e1285a9.256p.jpg,Circumaural,5 Hz - 32 kHz,Yes,Yes,Closed,Black,0
Beyerdynamic MMX 150,,https://cdna.pcpartpicker.com/static/forever/images/product/390dcd5d87c8df143c2ddf3d4bfa7246.256p.jpg,Circumaural,5 Hz - 30 kHz,Yes,No,Closed,Gray,0
Logitech 600vi,13.29,https://cdna.pcpartpicker.com/static/forever/images/product/147dca839a3408c178fae20269c974b7.med.256p.jpg,Earbud,20 Hz - 20 kHz,Yes,No,Closed,Red / Silver,0
Panasonic RP-HJE125-W,9.18,https://cdna.pcpartpicker.com/static/forever/images/product/3cf26d7e572da9e0aa557c00162633d8.256p.jpg,Earbud,10 Hz - 24 kHz,No,No,Closed,,0
Logitech G332,79.98,https://cdna.pcpartpicker.com/static/forever/images/product/0f4fa9b0ddad7ab1a19826fa9037121c.256p.jpg,Circumaural,20 Hz - 20 kHz,Yes,No,Closed,Black / Red,4
Astro A50 Xbox 4th Gen + Base Station,255.37,https://cdna.pcpartpicker.com/static/forever/images/product/4e7e8935d0144fffecdc73cde282dbe1.256p.jpg,Circumaural,20 Hz - 20 kHz,Yes,Yes,Closed,Black,5
DROP MASSDROP X KOSS KSC75X,,Supra-aural,Supra-aural,15 Hz - 25 kHz,No,No,Open,Black,5
JBL Quantum 400,109.95,https://cdna.pcpartpicker.com/static/forever/images/product/01d8224c24668b2ab76a6c7b51a3d624.256p.jpg,Circumaural,20 Hz - 20 kHz,Yes,No,Closed,Black,3
JBL Quantum 600,149.95,https://cdna.pcpartpicker.com/static/forever/images/product/b671dd786943deedf408f3655ca5c937.256p.jpg,Circumaural,20 Hz - 20 kHz,Yes,Yes,Closed,Black,4
Anker Soundcore Life Q35,119.99,Circumaural,Circumaural,16 Hz - 40 kHz,Yes,Yes,Closed,Blue,5
Apple AirPods Max,539,https://cdna.pcpartpicker.com/static/forever/images/product/2585cf3a0c21fd7677ac97f210153637.256p.jpg,Circumaural,true,Yes,Yes,Closed,Black,5
Razer Kraken (2019),107.58,Circumaural,Circumaural,12 Hz - 28 kHz,Yes,No,Closed,Black / Blue,0
SHARKOON SGH10,,Circumaural,Circumaural,20 Hz - 20 kHz,Yes,No,Open,Black,0
Denon AH-D9200EM,1799,Circumaural,Circumaural,5 Hz - 56 kHz,No,No,Closed,Brown / Black,0
Beyerdynamic TYGR 300 R,139,Circumaural,Circumaural,5 Hz - 35 kHz,No,No,Open,Black,4
Sony INZONE H5,129.98,Circumaural,Circumaural,5 Hz - 20 kHz,Yes,Yes,Closed,Black,0
Razer Kraken V3,52.99,https://cdna.pcpartpicker.com/static/forever/images/product/7f92d08adbe2241737bd0c9d127b702b.256p.jpg,Circumaural,20 Hz - 20 kHz,Yes,No,Closed,Black,0
ADATA XPG Precog,134.26,https://cdna.pcpartpicker.com/static/forever/images/product/76802c65a7e51d2204d54ee2f4af497d.256p.jpg,Supra-aural,5 Hz - 50 kHz,Yes,No,Closed,Black / Red,5
Sennheiser RS 175,284.89,https://cdna.pcpartpicker.com/static/forever/images/product/ed677761fa6b16e7fbca7330afaece47.256p.jpg,Circumaural,17 Hz - 22 kHz,No,Yes,Closed,Black / Silver,3
Logitech H340,51.11,https://cdna.pcpartpicker.com/static/forever/images/product/7c66f25961af5a42f2e4f34741cbb5f1.256p.jpg,Supra-aural,20 Hz - 20 kHz,Yes,No,Closed,Black,0
Sennheiser ‎‎‎HD 450BT Black,97.49,Circumaural,Circumaural,18 Hz - 22 kHz,Yes,Yes,Closed,Black / Gray,4
Audio-Technica ATH-GDL3,112.96,https://cdna.pcpartpicker.com/static/forever/images/product/cdf015088fe2f52a168d3e6b8ec367e0.256p.jpg,Circumaural,10 Hz - 35 kHz,Yes,No,Open,White / Black,0
Sennheiser HD 300 PRO,169,https://cdna.pcpartpicker.com/static/forever/images/product/74503a7d87579fe96d80d3f464c58413.256p.jpg,Circumaural,6 Hz - 25 kHz,No,No,Closed,Black,0
Sennheiser HD 558,179.95,Circumaural,Circumaural,15 Hz - 28 kHz,No,No,Open,Black / Silver,5
Sony MDR-RF985RK,,Circumaural,Circumaural,10 Hz - 220 kHz,No,Yes,Closed,Black,4
Shure SE425-CL,296,https://cdna.pcpartpicker.com/static/forever/images/product/5fc656c1d25a0ba6e7e60e053ae1176d.256p.jpg,In Ear,20 Hz - 19 kHz,No,No,Closed,Transparent,0
Philips SHL3000/28,17.95,Supra-aural,Supra-aural,true,Yes,No,Closed,Black,0
Philips SHL5305BK/28,,Supra-aural,Supra-aural,18 kHz - 21.6 kHz,Yes,No,Closed,Black,0
Sennheiser GAME ONE,179.99,Circumaural,Circumaural,15 Hz - 28 kHz,Yes,No,Open,Black / White,4.5
Logitech G933 Artemis Spectrum,298.99,Circumaural,Circumaural,20 Hz - 20 kHz,Yes,Yes,Closed,Black / Blue,4
Sennheiser PC 373D,,https://cdna.pcpartpicker.com/static/forever/images/product/81b8d5c9d53ce5b42b75df95a481c4d8.256p.jpg,Circumaural,15 Hz - 28 kHz,Yes,No,Open,Black / Red,5
Logitech G533,,Circumaural,Circumaural,true,Yes,Yes,Closed,Black,4
Audio-Technica ATH-E70,439,In Ear,In Ear,20 Hz - 19 kHz,No,No,Closed,Black / Red,0
1MORE Triple Driver (Silver),59.49,In Ear,In Ear,20 Hz - 40 kHz,Yes,No,Closed,Silver,5
Audio-Technica ATH-R70X,369.99,https://cdna.pcpartpicker.com/static/forever/images/product/6da63ae7a26ae1b12b90cfaa68af7f87.256p.jpg,Circumaural,5 Hz - 40 kHz,No,No,Open,Black,5
Sennheiser DROP Massdrop x Sennheiser PC37X,,Circumaural,Circumaural,15 Hz - 28 kHz,Yes,No,Open,Black,4.5
DROP Massdrop x MEE Audio Planamic,,In Ear,In Ear,20 Hz - 20 kHz,Yes,No,Closed,Blue,0
SteelSeries Arctis 7X,219.99,Circumaural,Circumaural,20 Hz - 20 kHz,Yes,Yes,Closed,Black / Green,0
SteelSeries Arctis 9X,,https://cdna.pcpartpicker.com/static/forever/images/product/fb48a5b31411e4aed0d8bcb202a429ac.256p.jpg,Circumaural,20 Hz - 20 kHz,Yes,Yes,Closed,Black / Green,0
Razer Barracuda X (2021),99.88,Circumaural,Circumaural,20 Hz - 20 kHz,Yes,Yes,Closed,Black,4
Corsair HS55 STEREO,31.24,https://cdna.pcpartpicker.com/static/forever/images/product/f06a76a65c2c08436efb934ebfe8422d.256p.jpg,Circumaural,20 Hz - 20 kHz,Yes,No,Closed,Black,0
Final VR3000 for Gaming,78.8,In Ear,In Ear,false,No,No,Closed,Black,0
HP HyperX Cloud Stinger - PS5/PS4,,https://cdna.pcpartpicker.com/static/forever/images/product/0e555e27a023c6eebaf16cceeeadd23f.256p.jpg,Circumaural,18 Hz - 23 kHz,Yes,No,Closed,Black / Blue,0
Asus ROG Delta S EVA Edition,239.99,https://cdna.pcpartpicker.com/static/forever/images/product/eec8972ca4c3c3b0e5b5f976c26f70e7.256p.jpg,Circumaural,20 Hz - 40 kHz,Yes,No,Closed,Purple / Green,0
Corsair HS60 HAPTIC,121.74,https://cdna.pcpartpicker.com/static/forever/images/product/a83f5e8e2e2189c363b5b74804958be9.256p.jpg,Circumaural,20 Hz - 20 kHz,Yes,No,Closed,Black / Gray,5
Creative Labs Sound Blaster JAM V2,47.49,https://cdna.pcpartpicker.com/static/forever/images/product/c7ed3c385fd305d80f7c68a3289eb558.256p.jpg,Supra-aural,20 Hz - 20 kHz,Yes,Yes,Closed,Black,0
AKG K702,179.95,https://cdna.pcpartpicker.com/static/forever/images/product/d473ae7889bde420cbf5eecc9096e0c5.med.256p.jpg,Circumaural,10 Hz - 39.8 kHz,No,No,Open,Black / Silver,4.5
EPOS H3PRO Hybrid,216.77,https://cdna.pcpartpicker.com/static/forever/images/product/0b55c76691a4813da397b3fc0b6bb82c.256p.jpg,Circumaural,20 Hz - 20 kHz,Yes,Yes,Closed,Green / Gold,5
Audio-Technica ATH-AD500X,139.99,https://cdna.pcpartpicker.com/static/forever/images/product/bbe049d353593cbc16f51d641273be38.256p.jpg,Circumaural,5 Hz - 25 kHz,No,No,Open,Black,4.5
SteelSeries Arctis Nova 7P Gen 2,149.99,https://cdna.pcpartpicker.com/static/forever/images/product/9c2a01d7cb66c03322b18ac7c8eeaf47.256p.jpg,Circumaural,20 Hz - 22 kHz,Yes,Yes,Closed,Black,0
Creative Labs HITZ MA200 Green,19.19,In Ear,In Ear,8 Hz - 22 kHz,Yes,No,Closed,Green / White,0
Logitech ASTRO A30 LIGHTSPEED (Playstation/PC),161.58,https://cdna.pcpartpicker.com/static/forever/images/product/549779a4532070fba1bdb0356b977824.256p.jpg,Circumaural,20 Hz - 20 kHz,Yes,Yes,Closed,White,0
Cooler Master CH351,105.82,Circumaural,Circumaural,20 Hz - 20 kHz,Yes,Yes,Closed,Green / Pink,0
HP HyperX Cloud Orbit S,179.99,https://cdna.pcpartpicker.com/static/forever/images/product/4c96b14214a9935e035cfe406119f8d9.256p.jpg,Circumaural,10 Hz - 50 kHz,Yes,No,Closed,Black / Gray,5
SteelSeries Arctis Nova Pro X,234.99,https://cdna.pcpartpicker.com/static/forever/images/product/2c7c91f7ac58d2ef89e47097006d06fe.256p.jpg,Circumaural,10 Hz - 40 kHz,Yes,No,Closed,Black,5
Audio-Technica ATH-AD900x,269.99,https://cdna.pcpartpicker.com/static/forever/images/product/f433176e1ff66662a4be945431c458cd.256p.jpg,Circumaural,5 Hz - 35 kHz,No,No,Open,Black,4.5
Sennheiser HD 800,,Circumaural,Circumaural,6 Hz - 51 kHz,No,No,Open,Black / Silver,4
Beyerdynamic Custom One Pro (White),,https://cdna.pcpartpicker.com/static/forever/images/product/d93f2c94fbd7b76470dc6f511798568b.med.256p.jpg,Circumaural,5 Hz - 35 kHz,No,No,Closed,White,4.5
Sony DR-EX12iP/BLU,,In Ear,In Ear,8 Hz - 22 kHz,No,No,Closed,Blue / White,0
Beyerdynamic DT 880 Premium 250 Ohm,,https://cdna.pcpartpicker.com/static/forever/images/product/9b02df21a93c3f7b9403bf00497c6c39.256p.jpg,Circumaural,5 Hz - 35 kHz,No,No,Semi-open,Black / White,5
Syba CL-AUD63062,,Circumaural,Circumaural,20 Hz - 20 kHz,Yes,No,Closed,Brown / Black,3
Astro A40 TR,,https://cdna.pcpartpicker.com/static/forever/images/product/11d682e16275249588cbc63a8f02349e.256p.jpg,Circumaural,20 Hz - 24 kHz,Yes,No,Open,Black,4.5
JVC HA-RX500,26.56,Circumaural,Circumaural,10 Hz - 22 kHz,No,No,Closed,Black / White,0
Razer ManO'War,,Circumaural,Circumaural,20 Hz - 20 kHz,Yes,Yes,Closed,Black,4.5
SteelSeries Arctis 3,,https://cdna.pcpartpicker.com/static/forever/images/product/784c22b0267f6740fad85481112b6b34.256p.jpg,Circumaural,20 Hz - 22 kHz,Yes,No,Closed,Black,4
Sennheiser Momentum 2.0,399.99,Circumaural,Circumaural,16 Hz - 22 kHz,Yes,No,Closed,Black,0
Corsair VOID PRO RGB USB (Black),,Circumaural,Circumaural,20 Hz - 20 kHz,Yes,No,Closed,Black,4.5
Audio-Technica ATH-M50xBT,,Circumaural,Circumaural,15 Hz - 28 kHz,Yes,Yes,Closed,Black / Silver,4.5
HP HyperX Cloud Revolver,,https://cdna.pcpartpicker.com/static/forever/images/product/c959159d940bba1c2aafe952d41af02d.256p.jpg,Circumaural,12 Hz - 28 kHz,Yes,No,Closed,Silver,0
Asus ROG Delta Core,,https://cdna.pcpartpicker.com/static/forever/images/product/6baf0129c9fb718064eb5f1a882c2a2f.256p.jpg,Circumaural,20 Hz - 40 kHz,Yes,No,Closed,Black,0
Acer Predator Galea 311,79.98,https://cdna.pcpartpicker.com/static/forever/images/product/8b30af21f94817bafbb37da2ba61490d.256p.jpg,Circumaural,20 Hz - 20 kHz,Yes,No,Closed,Black,0
DROP Massdrop X MEE Audio Pinnacle Px,,In Ear,In Ear,20 Hz - 20 kHz,Yes,No,Closed,Black,0
Skullcandy Hesh 3,119.99,https://cdna.pcpartpicker.com/static/forever/images/product/58e6b22858e2341c916694010c54560e.256p.jpg,Circumaural,20 Hz - 20 kHz,Yes,Yes,Closed,Black,4.5
SteelSeries Arctis 7P,194.99,Circumaural,Circumaural,20 Hz - 20 kHz,Yes,Yes,Closed,White / Blue,4.5
Corsair HS55 SURROUND,59.98,https://cdna.pcpartpicker.com/static/forever/images/product/56f2a25e77cca140fdec495ba28fdab2.256p.jpg,Circumaural,20 Hz - 20 kHz,Yes,No,Closed,White / Gray,0
HP HyperX Cloud Stinger - Xbox,,https://cdna.pcpartpicker.com/static/forever/images/product/b2aa31039307f58cf4bfa4180faacb82.256p.jpg,Circumaural,18 Hz - 23 kHz,Yes,No,Closed,Black / Green,0
Razer Kaira Pro for PlayStation,69.98,Circumaural,Circumaural,20 Hz - 20 kHz,Yes,Yes,Closed,White / Black,0
Corsair HS80 RGB Pink Elixir,,https://cdna.pcpartpicker.com/static/forever/images/product/644032aa604e8f7a6ea8f57c0e7035f5.256p.jpg,Circumaural,20 Hz - 40 kHz,Yes,Yes,Closed,White / Pink,0
Beyerdynamic MMX 100,,https://cdna.pcpartpicker.com/static/forever/images/product/54c41c7b0747c54c1687ecf42de41830.256p.jpg,Circumaural,5 Hz - 30 kHz,Yes,No,Closed,Gray,0
Corsair Nuka-Cola HS80 RGB,137.83,https://cdna.pcpartpicker.com/static/forever/images/product/26f9a38678729e002131f46d62aaf528.256p.jpg,Circumaural,20 Hz - 40 kHz,Yes,Yes,Closed,White / Red,0
JBL JBLQ350WLBLK,,https://cdna.pcpartpicker.com/static/forever/images/product/85a982b1196564720e13b560dd0ee042.256p.jpg,Circumaural,20 Hz - 20 kHz,Yes,Yes,Closed,Black,0
HP HyperX Cloud MIX,69,https://cdna.pcpartpicker.com/static/forever/images/product/7bfde42f6902612898c2472c37aeecca.256p.jpg,Circumaural,10 Hz - 40 kHz,Yes,Yes,Closed,Black / Silver,4
1MORE EHD9001TA,49.99,https://cdna.pcpartpicker.com/static/forever/images/product/f5bea41b278f5d08781960b47c3e6923.256p.jpg,In Ear,false,No,Yes,Closed,Black / Red,0
Logitech H150,15.12,Supra-aural,Supra-aural,true,Yes,No,Closed,Black / White,5
Mad Catz F.R.E.Q.4D,19,Circumaural,Circumaural,20 Hz - 20 kHz,No,No,Closed,Black / Silver,0
Turtle Beach Heroes of the Storm,,https://cdna.pcpartpicker.com/static/forever/images/product/e2db90bac8c713b05f9900dcc4bb1653.256p.jpg,Circumaural,20 Hz - 20 kHz,Yes,No,Closed,Black / Blue,0
Audio-Technica ATH-E50,190.79,https://cdna.pcpartpicker.com/static/forever/images/product/465b1c3d435d386ef8c51742951eaf97.256p.jpg,In Ear,20 Hz - 18 kHz,No,No,Closed,Black,0
HP HyperX CloudX Flight,107.62,https://cdna.pcpartpicker.com/static/forever/images/product/556dda1c74e67514d1f2c296d8f8b23f.256p.jpg,Circumaural,20 Hz - 20 kHz,Yes,Yes,Closed,Black / Green,0
Shure SRH440A,109,https://cdna.pcpartpicker.com/static/forever/images/product/0d363f036b90548818b659c54a6b78bb.256p.jpg,Circumaural,10 Hz - 22 kHz,No,No,Closed,Black,0
Creative Labs Sound Blaster Blaze V2,44.46,https://cdna.pcpartpicker.com/static/forever/images/product/7117c937852e1a139449b3e6c1bd4f4c.256p.jpg,Circumaural,20 Hz - 20 kHz,Yes,No,Closed,Black,0
Sennheiser SC260,87.94,Supra-aural,Supra-aural,150 Hz - 6.8 kHz,Yes,No,Closed,Black / Silver,0
Panasonic RPHJX5-S,19.98,In Ear,In Ear,false,No,No,Closed,Black / Silver,0
Koss Porta Pro Mic/Remote,60.74,Supra-aural,Supra-aural,15 Hz - 25 kHz,Yes,No,Open,Black / Silver,0
Sony MDR-V6,,Circumaural,Circumaural,5 Hz - 30 kHz,No,No,Closed,Black,4.5
Astro A40 + MixAmp Pro - White,,Circumaural,Circumaural,15 Hz - 28 kHz,Yes,No,Closed,Black / White,4.5
SteelSeries Siberia V2,157.88,https://cdna.pcpartpicker.com/static/forever/images/product/b05cdba5c219816917a682d53f8f2bba.256p.jpg,Circumaural,18 Hz - 28 kHz,Yes,No,Closed,Black,4.5
Ingram Micro Jabra UC Voice 550 MS Duo,,https://cdna.pcpartpicker.com/static/forever/images/product/3e9a92d9f3eabffef054e190a3ab16b2.256p.jpg,Supra-aural,true,Yes,No,Closed,Black / Silver,0
Microsoft L2 LifeChat LX-3000,58.99,https://cdna.pcpartpicker.com/static/forever/images/product/0fd334ef459fbb18c2e9f114717b8eaa.256p.jpg,Circumaural,true,Yes,No,Closed,Black / Silver,4
Panasonic RP-HJE120-K,,Earbud,Earbud,20 Hz - 20 kHz,No,No,Closed,Black,0
Panasonic RP-HT21,11.98,https://cdna.pcpartpicker.com/static/forever/images/product/d3ce26a6b06f428a612152c8b484542e.med.256p.jpg,Supra-aural,16 Hz - 22 kHz,No,No,Closed,Black / Silver,0
Samsung EHS60ANNBE,,https://cdna.pcpartpicker.com/static/forever/images/product/cca75024023802bdeabcd5dbc6d62af7.256p.jpg,Earbud,false,No,No,Closed,Black / Silver,0
Logitech G430,,Circumaural,Circumaural,20 Hz - 20 kHz,Yes,No,Closed,Black / Blue,4
Shure SE215,,https://cdna.pcpartpicker.com/static/forever/images/product/99265778b05649578ddba5c00a3a0eb6.med.256p.jpg,In Ear,22 Hz - 17.5 kHz,No,No,Closed,Translucent Black,0
Turtle Beach Ear Force PX3,,Circumaural,Circumaural,true,Yes,No,Closed,Black / Silver,4
Philips X2/27 Fidelio,,Circumaural,Circumaural,5 Hz - 40 kHz,No,No,Open,Black,5
Audio-Technica ATH-PDG1,164.92,https://cdna.pcpartpicker.com/static/forever/images/product/92b1e62ca4b4f2bf3229ea5afc7e018c.256p.jpg,Circumaural,20 Hz - 20 kHz,Yes,No,Open,Black / Red,0
Sennheiser HD 598 SE,,Circumaural,Circumaural,12 Hz - 38.5 kHz,No,No,Open,Black,4.5
Asus STRIX 7.1,,https://cdna.pcpartpicker.com/static/forever/images/product/5e6314695972865984bf1b61346862c7.256p.jpg,Circumaural,20 Hz - 20 kHz,Yes,No,Closed,Black / Orange,4
iDeaUSA S409,,Circumaural,Circumaural,20 Hz - 20 kHz,Yes,No,Closed,Black / Blue,0
Marshall Major II (Black),,https://cdna.pcpartpicker.com/static/forever/images/product/fe0d1b2958175a2b002d93203e45e2c6.256p.jpg,Supra-aural,true,Yes,No,Closed,Black,4.5
Etymotic Research ER4 Extended Response,241.2,In Ear,In Ear,20 Hz - 16 kHz,No,No,Closed,,0
Audio-Technica SonicFuel CLR100iS,22.56,https://cdna.pcpartpicker.com/static/forever/images/product/a86520c05a4810ace1fb26a9699e2030.256p.jpg,In Ear,20 Hz - 25 kHz,Yes,No,Closed,Black,0
HP HyperX Cloud Flight S,,Circumaural,Circumaural,10 Hz - 22 kHz,Yes,Yes,Closed,Black / Silver,4
HiFiMAN Edition X,,Circumaural,Circumaural,8 Hz - 50 kHz,No,No,Open,Black / Silver,5
Microsoft Xbox WH,,Circumaural,Circumaural,20 Hz - 20 kHz,Yes,Yes,Closed,Black / Green,4
Anker Soundcore Life Q20+,,Circumaural,Circumaural,16 Hz - 40 kHz,Yes,Yes,Closed,Black,0
SteelSeries Arctis 9,,https://cdna.pcpartpicker.com/static/forever/images/product/f462499136794fb899bb04af549311d0.256p.jpg,Circumaural,20 Hz - 20 kHz,Yes,Yes,Closed,Black,4
AOC GH300,,Circumaural,Circumaural,20 Hz - 20 kHz,Yes,No,Closed,Red / Black,0
HP HyperX Cloud Stinger Core - Wireless Xbox,113.99,https://cdna.pcpartpicker.com/static/forever/images/product/d2648b48c1cdd0f9d37afc409bb44e9b.256p.jpg,Circumaural,10 Hz - 21 kHz,Yes,Yes,Closed,Gray / Green,0
Corsair HS80 RGB Purple Rune,,https://cdna.pcpartpicker.com/static/forever/images/product/d6ba207250e993d14904a4ff11b8dd74.256p.jpg,Circumaural,20 Hz - 40 kHz,Yes,Yes,Closed,White / Purple,0
Samsung Buds2 Pro,152.86,https://cdna.pcpartpicker.com/static/forever/images/product/1fd0462c3d2ebefe120828af21233b6f.256p.jpg,In Ear,true,Yes,Yes,Closed,Purple,0
Apple AirPods Pro 2nd Gen MagSafe,229.49,https://cdna.pcpartpicker.com/static/forever/images/product/3b8446ac198293be2c3a49813d0fa91e.256p.jpg,In Ear,true,Yes,Yes,Closed,White,0
Razer Kraken Tournament Edition,,Circumaural,Circumaural,12 Hz - 28 kHz,Yes,No,Closed,Black,3
Neumann NDH 20,489,https://cdna.pcpartpicker.com/static/forever/images/product/fd861f885fa612566726faf2eead5062.256p.jpg,Circumaural,5 Hz - 30 kHz,No,No,Open,Silver / Black,0
Neumann NDH 30,569,Circumaural,Circumaural,12 Hz - 34 kHz,No,No,Open,Silver / Black,0
Asus ROG Cetra RGB,,In Ear,In Ear,20 Hz - 40 kHz,Yes,No,Closed,Black,0
Creative Labs Zen Hybrid,44.99,https://cdna.pcpartpicker.com/static/forever/images/product/edefa9c5aa136331759b9c66c5b3603a.256p.jpg,Circumaural,20 Hz - 20 kHz,Yes,Yes,Closed,Black,0
Logitech ASTRO A50 + Base Station,249.99,https://cdna.pcpartpicker.com/static/forever/images/product/b9c9c5a037c9415e02a6fe024b292456.256p.jpg,Circumaural,20 Hz - 20 kHz,Yes,Yes,Closed,Black / Gray,0
Mad Catz F.R.E.Q. 4,43.28,https://cdna.pcpartpicker.com/static/forever/images/product/94a654de9605f68a36431ba3225bfec4.256p.jpg,Circumaural,20 Hz - 20 kHz,Yes,No,Closed,Black / Red,0
AKG K92,79,https://cdna.pcpartpicker.com/static/forever/images/product/5447217a2205514817a9af793dda9783.256p.jpg,Circumaural,16 Hz - 22 kHz,No,No,Closed,Black / Gold,0
ADATA XPG Precog Studio,51.28,Circumaural,Circumaural,20 Hz - 20 kHz,Yes,No,Closed,Black / Red,0
Cyber Acoustics AC-104,14.99,https://cdna.pcpartpicker.com/static/forever/images/product/298a7dfe74d663bf6dc9d92a82b55a3a.256p.jpg,Supra-aural,true,Yes,No,Closed,Black,0
JVC HARX700,46.79,Circumaural,Circumaural,8 Hz - 25 kHz,No,No,Closed,Black,4
Razer Kraken Forged,229.6,Circumaural,Circumaural,20 Hz - 20 kHz,Yes,No,Closed,Black / Silver,5
Koss QZ9922,53.99,https://cdna.pcpartpicker.com/static/forever/images/product/9d9deb61671e3ebea55620041b5c1e4d.med.256p.jpg,Circumaural,40 Hz - 20 kHz,No,No,Closed,Black / Silver,0
Logitech 981-000574,41.99,https://cdna.pcpartpicker.com/static/forever/images/product/46da272e0a27a71c0db776fee2926292.256p.jpg,Supra-aural,true,Yes,No,Closed,Black,0
GameMax G200,16.8,https://cdna.pcpartpicker.com/static/forever/images/product/d2b6f748f155a3159cefc407080ebe63.256p.jpg,Circumaural,20 Hz - 20 kHz,Yes,No,Closed,Black,0
Audio-Technica ATH-AD700X,169.99,https://cdna.pcpartpicker.com/static/forever/images/product/0761642acc630f76d49f60acd0a0ef6c.256p.jpg,Circumaural,5 Hz - 30 kHz,No,No,Open,Black,4.5
Audio-Technica ATH-M50,,Circumaural,Circumaural,15 Hz - 28 kHz,No,No,Closed,Black,4.5
Yamaha RH1C,40.52,https://cdna.pcpartpicker.com/static/forever/images/product/024f4b91ab8c7b69c41927416d8d5c79.256p.jpg,Supra-aural,20 Hz - 20 kHz,No,No,Open,Black,0
Audio-Technica ATH-M70x,249,https://cdna.pcpartpicker.com/static/forever/images/product/b2cc2446cbbb746f52d7c9e983c1a846.256p.jpg,Circumaural,5 Hz - 40 kHz,No,No,Closed,Black / Silver,0
Audio-Technica ATH-MSR7BK,249.95,https://cdna.pcpartpicker.com/static/forever/images/product/6c22aa90d41915eeb55cd13c96c233cf.256p.jpg,Circumaural,5 Hz - 40 kHz,Yes,No,Closed,Black / Silver,4.5
Monoprice Monolith M1060,259.24,https://cdna.pcpartpicker.com/static/forever/images/product/6118a7ecfcf85d143dcf7d51db6d8435.256p.jpg,Circumaural,10 Hz - 50 kHz,No,No,Open,Black / Brown,0
MSI IMMERSE GH,76.54,https://cdna.pcpartpicker.com/static/forever/images/product/f265bcb688c10ccd945a87d1ce007345.256p.jpg,Circumaural,20 Hz - 20 kHz,Yes,No,Closed,Black / Red,4
Sennheiser M3AEBTXL,392,Circumaural,Circumaural,6 Hz - 22 kHz,No,Yes,Closed,Black / Silver,0
Sony MDR-ZX310L,24.98,https://cdna.pcpartpicker.com/static/forever/images/product/9146e6bcb96b0ff32c55922067bdbd1f.256p.jpg,Supra-aural,10 Hz - 24 kHz,No,No,Closed,Blue,0
Astro A10 COD:CW,99.99,https://cdna.pcpartpicker.com/static/forever/images/product/58fd5cbda7dbf556114da3a0fdce6116.256p.jpg,Circumaural,20 Hz - 20 kHz,Yes,Yes,Closed,Black / Red,0
Logitech FITS,229,https://cdna.pcpartpicker.com/static/forever/images/product/42f7e8b8a8cd49a1dd7b20bfdeb79817.256p.jpg,In Ear,20 Hz - 20 Hz,Yes,Yes,Closed,Black,0
Corsair VOID v2 MAX WIRELESS (Xbox),105.88,https://cdna.pcpartpicker.com/static/forever/images/product/3b88e393ae5dee85461f47e312fc2a9e.256p.jpg,Circumaural,20 Hz - 20 kHz,Yes,Yes,Closed,Black,0
Denon AH-D600,,Circumaural,Circumaural,5 Hz - 45 kHz,No,No,Closed,Black / Silver,0
Sennheiser HD 201,,https://cdna.pcpartpicker.com/static/forever/images/product/e66a7839c2905fad92424e034d9c8449.256p.jpg,Circumaural,21 Hz - 18 kHz,No,No,Closed,Black / Silver,4
Sony MDREX37B/RED,,Earbud,Earbud,6 Hz - 23 kHz,No,No,Closed,Black / Blue,0
Sony MDRZX100/WHI,,https://cdna.pcpartpicker.com/static/forever/images/product/321b8d7d0753783377f5b30a92659c14.256p.jpg,Supra-aural,12 Hz - 22 kHz,No,No,Closed,White,0
Logitech G230,,Circumaural,Circumaural,20 Hz - 20 kHz,Yes,No,Closed,Black / Red,4
Sennheiser PC 350 SE,,Circumaural,Circumaural,true,Yes,No,Closed,Black,5
Logitech BH320,,Earbud,Earbud,false,No,No,Closed,Black / Silver,0
Sony MDR-EX10LP/BLK,,In Ear,In Ear,8 Hz - 22 kHz,No,No,Closed,Black,0
Cyber Acoustics AC-202B,16.98,Supra-aural,Supra-aural,20 Hz - 20 kHz,Yes,No,Closed,Black / Silver,4
Cyber Acoustics AC-840,16.98,https://cdna.pcpartpicker.com/static/forever/images/product/f91d78d014cae045f36600ccc05bd6f4.256p.jpg,Supra-aural,20 Hz - 20 kHz,Yes,No,Closed,Black / Silver,0
Pioneer SE-MJ751I,24.95,Supra-aural,Supra-aural,8 Hz - 28 kHz,No,No,Closed,Black,0
Philips SHQ1200/28,17.98,Earbud,Earbud,30 Hz - 20 kHz,Yes,No,Closed,Orange,0
Syba CL-AUD63035,14.69,Circumaural,Circumaural,20 Hz - 20 kHz,Yes,No,Closed,Blue / White,0
Beyerdynamic DT440,,Circumaural,Circumaural,10 Hz - 35 kHz,No,No,Open,Black / Silver,0
Beyerdynamic T1,,Circumaural,Circumaural,5 Hz - 50 kHz,No,No,Semi-open,Black / Silver,0
Shure SE425,,https://cdna.pcpartpicker.com/static/forever/images/product/822bc569ecce2502578b57d1793f9d9b.med.256p.jpg,In Ear,17 Hz - 18 kHz,No,No,Closed,Clear,0
Sony CZ-DRBTN200W,,https://cdna.pcpartpicker.com/static/forever/images/product/26737fff4f3797d96c9de17cb9d5c9ee.med.256p.jpg,Supra-aural,false,No,Yes,Closed,White,0
Razer Adaro,,Circumaural,Circumaural,20 Hz - 20 kHz,No,No,Closed,Black / Green,0
Razer Kraken Pro Neon,,Circumaural,Circumaural,20 Hz - 20 kHz,Yes,No,Closed,Black / Orange,5
Sennheiser MX 686G,104.99,https://cdna.pcpartpicker.com/static/forever/images/product/5f7a35fe5ed3f5b172d5afb8d13e48f3.256p.jpg,Earbud,18 Hz - 22 kHz,No,No,Closed,Green,0
SteelSeries Siberia v3,,Circumaural,Circumaural,20 Hz - 20 kHz,Yes,No,Closed,Black,5
Syba CL-AUD63089,20.99,Circumaural,Circumaural,20 Hz - 20 kHz,Yes,No,Closed,White / Black,0
Astro A50,,Circumaural,Circumaural,20 Hz - 21 kHz,Yes,Yes,Closed,Black / Blue,4.5
MSI DS502,59.94,https://cdna.pcpartpicker.com/static/forever/images/product/41a48b6304291d916e4a7058ff10eb8c.256p.jpg,Circumaural,20 Hz - 20 kHz,Yes,No,Closed,Black / Red,4
Sennheiser RS 185,,Circumaural,Circumaural,17 Hz - 22 kHz,No,Yes,Closed,Black / Silver,5
Thermaltake ISURUS PRO,34.98,In Ear,In Ear,20 Hz - 20 kHz,Yes,No,Closed,Black / Red,0
Superlux HD-681EVO,40.99,https://cdna.pcpartpicker.com/static/forever/images/product/b2b87585656bb2457a2818a03198336e.256p.jpg,Circumaural,10 Hz - 30 kHz,No,No,Semi-open,Black,5
Razer Kraken Pro 2015,188.06,https://cdna.pcpartpicker.com/static/forever/images/product/56a533bb29a1ea409b5f64a72e8b0ec7.256p.jpg,Circumaural,20 Hz - 20 kHz,Yes,No,Closed,White,4
Sennheiser HD 559,,Circumaural,Circumaural,14 Hz - 26 kHz,No,No,Open,Black,4.5
Corsair VOID PRO RGB (White/Black),,Circumaural,Circumaural,20 Hz - 20 kHz,Yes,Yes,Closed,White / Black,4.5
Corsair HS50,,Circumaural,Circumaural,20 Hz - 20 kHz,Yes,No,Closed,Black / Green,5
Logitech G933 Artemis Spectrum Snow,,Circumaural,Circumaural,20 Hz - 20 kHz,Yes,Yes,Closed,White / Blue,3
LyxPro HAS-30,56.6,Circumaural,Circumaural,15 Hz - 26 kHz,No,No,Closed,Black,0
Sennheiser GSP 500,,Circumaural,Circumaural,10 Hz - 30 kHz,Yes,No,Semi-open,Black / Red,4.5
Logitech G433 (Black),,https://cdna.pcpartpicker.com/static/forever/images/product/55987fa1cc3a42a4cb80c81d54180b1e.256p.jpg,Circumaural,20 Hz - 20 kHz,Yes,No,Open,Black,4.5
Asus ROG STRIX FUSION 700,,https://cdna.pcpartpicker.com/static/forever/images/product/94d99967278fd9f639a0fde957cc355e.256p.jpg,Circumaural,20 Hz - 40 kHz,Yes,Yes,Closed,Black,0
Corsair HS60 PRO SURROUND,,Circumaural,Circumaural,20 Hz - 20 kHz,Yes,No,Closed,Black,4
Corsair HS50 PRO STEREO,,https://cdna.pcpartpicker.com/static/forever/images/product/99283d087055a2684282f6b7993bb30c.256p.jpg,Circumaural,20 Hz - 20 kHz,Yes,No,Closed,Black / Blue,0
SteelSeries Arctis 3 Bluetooth (2019 Edition),,https://cdna.pcpartpicker.com/static/forever/images/product/9c7d8e48520b99da3ce51207ca2d6fd3.256p.jpg,Circumaural,20 Hz - 22 kHz,Yes,No,Closed,Black,4.5
Plantronics EncorePro 520D Duo,12.86,https://cdna.pcpartpicker.com/static/forever/images/product/f5384c124e2790bec7879c2c7ae6c82d.256p.jpg,Supra-aural,true,Yes,No,Closed,Black,0
Audio-Technica ATH-G1WL,249,https://cdna.pcpartpicker.com/static/forever/images/product/ae057538a825e052a0d44d4ad169cff7.256p.jpg,Circumaural,5 Hz - 40 kHz,Yes,Yes,Closed,Black,5
Beyerdynamic Amiron Home Tesla,492.99,https://cdna.pcpartpicker.com/static/forever/images/product/c6310d4807398a31ac90804bccd315c4.256p.jpg,Circumaural,5 Hz - 40 kHz,No,No,Open,Black / Silver,0
JBL Quantum 800,,https://cdna.pcpartpicker.com/static/forever/images/product/8cfc2870158d7dfc198ccd551b6fdc55.256p.jpg,Circumaural,20 Hz - 20 kHz,Yes,Yes,Closed,Black,4
Final E2000C,64.37,Earbud,Earbud,false,No,No,Closed,Silver / Black,0
Final E2000,47.21,Earbud,Earbud,false,No,No,Closed,Silver / Black,0
Final E5000,279,Earbud,Earbud,false,No,No,Closed,Silver / Black,0
Corsair HS35,,https://cdna.pcpartpicker.com/static/forever/images/product/d5676b6f5ea468e475340c22bd2c2768.256p.jpg,Circumaural,20 Hz - 20 kHz,Yes,No,Closed,Black / Red,0
Lenovo Legion H500 Pro,63.02,https://cdna.pcpartpicker.com/static/forever/images/product/c91a864ee695301c5cf4a1b03c981192.256p.jpg,Circumaural,20 Hz - 20 kHz,Yes,No,Closed,Black / Blue,0
Razer BlackShark V2 Pro - Six Siege Special Edition,,https://cdna.pcpartpicker.com/static/forever/images/product/bc8b4da5c16a44586ac3783a3ae016cf.256p.jpg,Circumaural,12 Hz - 28 kHz,Yes,Yes,Closed,White / Black,5
Gigabyte Aorus H1,,Circumaural,Circumaural,20 Hz - 20 kHz,Yes,No,Closed,Black / White,0
HP HyperX Cloud Stinger Core - PS5/PS4,65.51,https://cdna.pcpartpicker.com/static/forever/images/product/6755b3c4e3fb0f04dd8218383e7b7c49.256p.jpg,Circumaural,20 Hz - 20 kHz,Yes,No,Closed,Black / Blue,5
Razer Thresher Ultimate For PS4,412.96,Circumaural,Circumaural,12 Hz - 28 kHz,Yes,Yes,Closed,Blue / Black,0
ROCCAT Elo Air,118.99,Circumaural,Circumaural,20 Hz - 20 kHz,Yes,Yes,Closed,White,0
Shure SRH840A,169,https://cdna.pcpartpicker.com/static/forever/images/product/02b37e63e937afd0a8aa369485c42654.256p.jpg,Circumaural,5 Hz - 25 kHz,No,No,Closed,Black / Gold,0
Focal Clear,,Circumaural,Circumaural,5 Hz - 28 kHz,No,No,Open,Gray,0
Apple AirPods Pro 2nd Gen MagSafe USB-C,239,https://cdna.pcpartpicker.com/static/forever/images/product/46632dbf7d4840e538ed4bebef93a348.256p.jpg,In Ear,true,Yes,Yes,Closed,White,0
Asus ROG Strix Go,205.81,https://cdna.pcpartpicker.com/static/forever/images/product/7525e43eb61a91a44f1794b907c9aec5.256p.jpg,Circumaural,20 Hz - 40 kHz,Yes,Yes,Closed,Black,0
Thermaltake Argent H5,61.93,https://cdna.pcpartpicker.com/static/forever/images/product/3e8e0d1e3364aaf696f925e498739592.256p.jpg,Circumaural,20 Hz - 40 kHz,Yes,No,Closed,Black,0
JVC HA-A6T,26.99,https://cdna.pcpartpicker.com/static/forever/images/product/2e4c7190ab78d19ebb83baa871370abe.256p.jpg,Earbud,20 Hz - 20 kHz,Yes,Yes,Closed,Black,0
MSI IMMERSE GH40 ENC,,https://cdna.pcpartpicker.com/static/forever/images/product/dc433ff838ee8ac60ef4faec89f248fa.256p.jpg,Circumaural,20 Hz - 20 kHz,Yes,No,Closed,Black,0
DROP DROP + EPOS H3X,,,Circumaural,20 Hz - 20 kHz,Yes,No,Closed,Black,0
Apple AirPods 4,,https://cdna.pcpartpicker.com/static/forever/images/product/208bd5cbbcc3bb2858f143a8e610e774.256p.jpg,Earbud,,Yes,Yes,Closed,White,0
FiiO FT1 Pro,,,Circumaural,10 Hz - 40 kHz,No,No,Open,Black / Silver,0
HYTE eclipse HG10,99,https://cdna.pcpartpicker.com/static/forever/images/product/c2838ab2cb11d1dedede65477f02d538.256p.jpg,Circumaural,20 Hz - 20 kHz,Yes,Yes,Closed,Gray / Silver,0
Thermaltake Level 10 M,54.98,https://cdna.pcpartpicker.com/static/forever/images/product/a76f630929f51c5255aae1e09fcd6da5.256p.jpg,Circumaural,10 Hz - 22 kHz,Yes,No,Closed,Black / Red,4
Sony MDRE9LP/GRAY,,Earbud,Earbud,18 Hz - 22 kHz,No,No,Closed,Translucent Black,0
Koss 184515,14.95,https://cdna.pcpartpicker.com/static/forever/images/product/307a562d3fdff055ead7a11b5d0ef03d.256p.jpg,Supra-aural,false,No,No,Closed,Black,0
Sennheiser PC 5 CHAT,16.48,Supra-aural,Supra-aural,42 Hz - 17 kHz,Yes,No,Closed,Black,0
Yenkee YHP 3035 SHADOW,,Circumaural,Circumaural,20 Hz - 20 kHz,Yes,No,Closed,Black,0
Acer Nitro,22.23,https://cdna.pcpartpicker.com/static/forever/images/product/658bb236705d78d8fce88fb3acb5d3ac.256p.jpg,Circumaural,20 Hz - 20 kHz,Yes,No,Closed,Black / Red,0
Razer Opus X,122.82,https://cdna.pcpartpicker.com/static/forever/images/product/6b875f5902289d0dafbf36fe0f5e043a.256p.jpg,Circumaural,20 Hz - 20 kHz,Yes,Yes,Closed,White / Black,0
MCHOSE S9,,Circumaural,Circumaural,true,Yes,Yes,Closed,Black / Red,0
Behringer HPX4000,15.9,https://cdna.pcpartpicker.com/static/forever/images/product/41930a4eddf3506fc2c47a7784cca95d.256p.jpg,Circumaural,false,No,No,Closed,Black,0
Logitech H540,34.99,https://cdna.pcpartpicker.com/static/forever/images/product/6a44cc848a2ed560354c09ab7f651396.256p.jpg,Supra-aural,true,Yes,No,Closed,Black / Blue,3
Koss CS100 USB,30.77,https://cdna.pcpartpicker.com/static/forever/images/product/d41961a48f64f43e0b1fbb11ce9faefb.256p.jpg,Supra-aural,30 Hz - 16 kHz,Yes,No,Closed,Black / Silver,0
Koss PortaPro,39,https://cdna.pcpartpicker.com/static/forever/images/product/056198eb39cb106bed97cb3416aeba2a.256p.jpg,Supra-aural,15 Hz - 25 kHz,No,No,Open,Black / Blue,0
Panasonic RP-HJE120-S,9.99,https://cdna.pcpartpicker.com/static/forever/images/product/92a74bfdb0e407375a59cd1956d0476c.256p.jpg,Earbud,20 Hz - 20 kHz,No,No,Closed,Silver / White,0
Creative Labs MA200,19.3,In Ear,In Ear,8 Hz - 22 kHz,No,No,Closed,Red / White,0
SteelSeries 5Hv3,119,Circumaural,Circumaural,16 Hz - 28 kHz,Yes,No,Closed,Black / Red,0
Cooler Master MH751,97.98,https://cdna.pcpartpicker.com/static/forever/images/product/492c7a205f5943b5e278f67b28f4264d.256p.jpg,Circumaural,20 Hz - 20 kHz,Yes,No,Closed,Black / Silver,4.5
JBL Quantum 200,59.95,https://cdna.pcpartpicker.com/static/forever/images/product/afe1c0855776d26e6b1d26b8cdd923d6.256p.jpg,Circumaural,20 Hz - 20 kHz,Yes,No,Closed,Black,3
AKG K371,201,https://cdna.pcpartpicker.com/static/forever/images/product/8d114f341e38d0b92e26b09d84672ec0.256p.jpg,Circumaural,5 Hz - 40 kHz,Yes,Yes,Closed,Black,3
HP HyperX CloudX Stinger Core - Xbox,52.56,https://cdna.pcpartpicker.com/static/forever/images/product/feef54e6291d844ef9f4c22dee89ce8c.256p.jpg,Circumaural,20 Hz - 20 kHz,Yes,No,Closed,Black / Green,0
Razer Kaira Pro for Xbox,59.99,https://cdna.pcpartpicker.com/static/forever/images/product/1a8a1c7e6b081647b8e66279f2c9e524.256p.jpg,Circumaural,20 Hz - 20 kHz,Yes,Yes,Closed,White / Black,0
Audio-Technica ATH-AD700,,Circumaural,Circumaural,5 Hz - 30 kHz,No,No,Open,Purple,5
Sennheiser 502029,,Circumaural,Circumaural,16 Hz - 22 kHz,No,Yes,Open,Black,0
Sennheiser HD 25-1 II,,https://cdna.pcpartpicker.com/static/forever/images/product/f665ad2c50d9b4370b845a87c39fa8c4.med.256p.jpg,Supra-aural,16 Hz - 22 kHz,No,No,Closed,Black,5
Sennheiser CC550,49,Supra-aural,Supra-aural,300 Hz - 3.4 kHz,Yes,No,Closed,Black,0
Sennheiser CX 300-II,24.12,In Ear,In Ear,19 Hz - 21 kHz,No,No,Closed,Black,4
Sennheiser HD 380 Pro,199.95,Circumaural,Circumaural,8 Hz - 27 kHz,No,No,Closed,Black,5
Sennheiser HD700,,Circumaural,Circumaural,8 Hz - 44 kHz,No,No,Open,Black / Silver,5
Sennheiser PXC 450,,Circumaural,Circumaural,8 Hz - 28 kHz,No,No,Closed,Black / Silver,0
Skullcandy S2IKDY-010,,In Ear,In Ear,5 Hz - 22 kHz,Yes,No,Closed,Black / Red,0
Skullcandy S2INCZ-058,,In Ear,In Ear,20 Hz - 20 kHz,No,No,Closed,Pink / Black,0
Sony MDR-X05/WS,,Supra-aural,Supra-aural,4 Hz - 24 kHz,No,No,Closed,White,0
Sony MDR1R,,Circumaural,Circumaural,4 Hz - 80 kHz,No,No,Closed,Black,0
Sony MDRAS200W,,Earbud,Earbud,17 Hz - 22 kHz,No,No,Closed,White,0
Sony MDR-XB500,,Supra-aural,Supra-aural,4 Hz - 24 kHz,No,No,Closed,Black / Silver,4
Sony MDRX10BLK,,Supra-aural,Supra-aural,3 Hz - 29 kHz,No,No,Closed,Black / Silver,0
Sony MDRXB400IP,,Supra-aural,Supra-aural,5 Hz - 22 kHz,No,No,Closed,Black / Blue,0
Turtle Beach TBS- 5200-01,,Circumaural,Circumaural,20 Hz - 20 kHz,No,No,Closed,Black,0
Fostex T50RP,,Circumaural,Circumaural,15 Hz - 35 kHz,No,No,Semi-open,Black,0
Astro A40 + MixAmp Pro - Black,,Circumaural,Circumaural,15 Hz - 28 kHz,Yes,No,Closed,Black / White,4.5
Astro A50 - Black,,Circumaural,Circumaural,20 Hz - 20 kHz,Yes,Yes,Closed,Black,4
Logitech B530,,Supra-aural,Supra-aural,20 Hz - 20 kHz,Yes,No,Closed,Black,0
Logitech H800,,Supra-aural,Supra-aural,30 Hz - 15 kHz,Yes,No,Closed,Black,3.5
Razer Banshee StarCraft II Heart of the Swarm,,Circumaural,Circumaural,20 Hz - 20 kHz,Yes,No,Closed,Black / Silver,4
Razer Tiamat 7.1,,Circumaural,Circumaural,20 Hz - 20 kHz,Yes,No,Closed,Black / Green,3
Sennheiser CC 510,,Supra-aural,Supra-aural,300 Hz - 3.4 kHz,Yes,No,Closed,Black,0
Sennheiser PC 363D,,Circumaural,Circumaural,15 Hz - 28 kHz,Yes,No,Open,Black,5
Koss KEB6K,11.44,In Ear,In Ear,false,No,No,Closed,Black / Silver,0
Harman Kardon TMG21W,,In Ear,In Ear,13 Hz - 22.5 kHz,No,No,Closed,Brown,0
Sony DR-EX12iP/RED,,In Ear,In Ear,8 Hz - 22 kHz,No,No,Closed,Red / White,0
Sony MDRNC100D,,In Ear,In Ear,8 Hz - 23 kHz,No,No,Closed,Black,0
Shure SRH840,177.6,https://cdna.pcpartpicker.com/static/forever/images/product/a062e392dc902af7fe59d0cc1f0069ad.256p.jpg,Circumaural,5 Hz - 25 kHz,No,No,Closed,Black,5
Yamaha RH5MA,65.54,Supra-aural,Supra-aural,20 Hz - 20 kHz,No,No,Closed,Black,0
Yamaha HPH-200BL,,Supra-aural,Supra-aural,20 Hz - 20 kHz,No,No,Closed,White,0
Monoprice 8323,,Circumaural,Circumaural,20 Hz - 20 kHz,No,No,Closed,Black,4
Panasonic RP-HJE190-K,,In Ear,In Ear,6 Hz - 24 kHz,Yes,No,Closed,Black,0
Panasonic RP-HJE190-S,,In Ear,In Ear,6 Hz - 24 kHz,No,No,Closed,Black / Silver,0
Shure SE535-CL,494,https://cdna.pcpartpicker.com/static/forever/images/product/1e41d1e73917ad51e021af23d89c7454.256p.jpg,In Ear,18 Hz - 19 kHz,No,No,Closed,Brown,0
Shure SRH440,109.95,https://cdna.pcpartpicker.com/static/forever/images/product/dfd65b90d2cc33096ac4ef0c090e6926.med.256p.jpg,Circumaural,10 Hz - 22 kHz,No,No,Closed,Black,0
Pioneer SE-MJ721I-T,134.91,Supra-aural,Supra-aural,6 Hz - 28 kHz,No,No,Closed,Brown,0
Skullcandy SLYR,,Circumaural,Circumaural,true,Yes,No,Closed,Black / White,0
Koss PLUG,21.99,https://cdna.pcpartpicker.com/static/forever/images/product/9d4d6cbbda576caa4bd3bf036271992d.256p.jpg,In Ear,false,No,No,Closed,Black / Silver,0
Koss SB40,57.54,https://cdna.pcpartpicker.com/static/forever/images/product/7a0882769058d3689f03667d21ce0c2c.256p.jpg,Circumaural,20 Hz - 20 kHz,Yes,No,Closed,Black,0
Koss SB45,37.4,https://cdna.pcpartpicker.com/static/forever/images/product/9bc8b8ac3ee68101e05b16eb2f78754c.256p.jpg,Circumaural,18 Hz - 20 kHz,Yes,No,Closed,Black / White,3
Samsung 395859009169,,https://cdna.pcpartpicker.com/static/forever/images/product/65bad816a5ccd25c7b2fca643f0b26d7.med.256p.jpg,In Ear,false,No,No,Closed,Black,0
Syba CM-5008-U,38.7,https://cdna.pcpartpicker.com/static/forever/images/product/11573525c86869f97c3ce37b92686276.med.256p.jpg,Supra-aural,20 Hz - 20 kHz,Yes,No,Closed,Black / Silver,0
RCA HP5041,11.82,Supra-aural,Supra-aural,20 Hz - 20 kHz,No,No,Semi-open,Red / White,0
Gigabyte GP-H11,,In Ear,In Ear,150 Hz - 20 kHz,No,No,Closed,White,0
Hercules DJ-Adv G501,,Supra-aural,Supra-aural,10 Hz - 25 kHz,No,No,Closed,Black / Green,0
Corsair Vengeance 1500 v2,,Circumaural,Circumaural,20 Hz - 20 kHz,Yes,No,Closed,Black / Blue,4.5
Beyerdynamic DT 1350,,Supra-aural,Supra-aural,5 Hz - 30 kHz,No,No,Closed,Black / Silver,0
Razer Battlefield 4 BlackShark,,Circumaural,Circumaural,20 Hz - 20 kHz,Yes,No,Closed,Multicolor,4.5
SteelSeries Siberia v2 CS:GO,,Circumaural,Circumaural,18 Hz - 28 kHz,Yes,No,Closed,Camo,0
Panasonic RP-HJE280-R,,In Ear,In Ear,6 Hz - 24 kHz,No,No,Closed,Black / Red,0
Sennheiser Momentum Brown,,Circumaural,Supra-aural,16 Hz - 22 kHz,No,No,Closed,Black / Silver,0
Shure SRH1440,,https://cdna.pcpartpicker.com/static/forever/images/product/3d93ec97b0cca20df823334e653f476a.med.256p.jpg,Circumaural,15 Hz - 27 kHz,No,No,Open,Black / Silver,0
Shure SRH1840,,https://cdna.pcpartpicker.com/static/forever/images/product/c5406cabee5225e92fd3676490e3cb7d.med.256p.jpg,Circumaural,10 Hz - 30 kHz,No,No,Open,Black / Silver,0
Audio-Technica ATH-P1,,Supra-aural,Supra-aural,30 Hz - 20 kHz,No,No,Semi-open,Black,0
Corsair Vengeance 2100,,Circumaural,Circumaural,20 Hz - 20 kHz,Yes,Yes,Closed,Black / Blue,4
Creative Labs EVO Wireless,,Circumaural,Circumaural,true,Yes,Yes,Closed,Black / Red,0
Philips SHE7005A/28,,In Ear,In Ear,false,No,No,Closed,Black,0
Skullcandy SLYR- Assassins Creed 4,,https://cdna.pcpartpicker.com/static/forever/images/product/68bec11dd3f886b5d4241ab12db3f9f9.med.256p.jpg,Circumaural,true,Yes,No,Closed,Green / White,0
Sony MDR10RBLK,217.57,Circumaural,Circumaural,5 Hz - 40 kHz,Yes,No,Closed,Black / Silver,4.5
Polk UltraFocus 8000,,https://cdna.pcpartpicker.com/static/forever/images/product/bc96570427bbbbdb021582dfd3b5b38a.med.256p.jpg,Circumaural,8 Hz - 28 kHz,No,No,Closed,Black / Silver,0
GAMDIAS HEBE,,Circumaural,Circumaural,20 Hz - 20 kHz,Yes,No,Closed,Red / Silver,0
Adesso Xtream H3W,,Circumaural,Circumaural,100 Hz - 20 kHz,No,Yes,Closed,Black / White,0
V-MODA CROSSFADE M-100 SHADOW,,Circumaural,Circumaural,5 Hz - 30 kHz,No,No,Closed,Black / Silver,5
Sennheiser IE 80,,In Ear,In Ear,10 Hz - 20 kHz,No,No,Closed,Black / Silver,0
Razer KRAKEN 7.1 CHROMA,,Circumaural,Circumaural,20 Hz - 20 kHz,Yes,No,Closed,Multicolor,4
Philips SHP3000,,Circumaural,Circumaural,20 Hz - 20 kHz,No,No,Closed,Black,0
Sennheiser CX 2.00G Black,,Earbud,Earbud,true,Yes,No,Closed,Black / Silver,0
Sennheiser M2 IEG,,https://cdna.pcpartpicker.com/static/forever/images/product/358914ff2edc06e0d335c79975637108.256p.jpg,In Ear,15 Hz - 22 kHz,Yes,No,Closed,Black / Red,0
Razer BlackShark,,Circumaural,Circumaural,true,Yes,No,Closed,Black / Green,4
Thermaltake DRACCO Funky Pink,,Circumaural,Circumaural,false,No,No,Closed,Black / Pink,0
Turtle Beach X12,,Circumaural,Circumaural,true,Yes,No,Closed,Black / Green,4
AKG K553 PRO,195.16,https://cdna.pcpartpicker.com/static/forever/images/product/d04a219c05f7d4437f0231d63e7a9f96.256p.jpg,Circumaural,20 Hz - 20 kHz,No,No,Closed,Black,4
Corsair VOID,,https://cdna.pcpartpicker.com/static/forever/images/product/e0d3075e402b8698498070ef9cbf1704.256p.jpg,Circumaural,20 Hz - 20 kHz,Yes,Yes,Closed,Black,3.5
Logitech H111,,https://cdna.pcpartpicker.com/static/forever/images/product/fa175656dc76deb950b995a48546c073.256p.jpg,Supra-aural,20 Hz - 20 kHz,Yes,No,Closed,Black,0
Skullcandy Hesh 2 Unleashed,,https://cdna.pcpartpicker.com/static/forever/images/product/17aefa1e13b30039883b60ef2b6c24c6.256p.jpg,Circumaural,true,Yes,Yes,Closed,Black / Silver,4.5
SteelSeries Siberia P800,,Circumaural,Circumaural,true,Yes,Yes,Closed,Black / Orange,0
Sades SA-902-B,,Circumaural,Circumaural,20 Hz - 20 kHz,Yes,No,Closed,Black / Red,3.5
Audio-Technica ATH-ADG1X,,https://cdna.pcpartpicker.com/static/forever/images/product/0010e610431a044f45d3705f1c0d66ec.256p.jpg,Circumaural,5 Hz - 35 kHz,Yes,No,Open,Black / Blue,0
Asus ROG Strix Wireless,,https://cdna.pcpartpicker.com/static/forever/images/product/5ba3e2086709cfdb736c1b788bd3f429.256p.jpg,Circumaural,20 Hz - 20 kHz,Yes,Yes,Closed,Black / Red,3
Plantronics RIG 600,,Circumaural,Circumaural,20 Hz - 20 kHz,Yes,No,Closed,Black / Gold,0
Trust GXT 363 (FF Packaging),,Circumaural,Circumaural,20 Hz - 2 kHz,Yes,No,Closed,Black / Blue,0
Astro A50 + Base Station XB1,,https://cdna.pcpartpicker.com/static/forever/images/product/46b8e38615efbe752fd8891555a43758.256p.jpg,Circumaural,20 Hz - 20 kHz,Yes,Yes,Closed,Black / Blue,4
Sennheiser HD 598SR,,Circumaural,Circumaural,12 Hz - 38.5 kHz,Yes,No,Open,Black,5
Turtle Beach XP510,,Circumaural,Circumaural,20 Hz - 20 kHz,Yes,Yes,Closed,Black / Green,0
Sennheiser GSP 300,,Circumaural,Circumaural,15 Hz - 26 kHz,Yes,No,Closed,Black / Blue,4.5
Sennheiser HD 4.50 BTNC,,Circumaural,Circumaural,18 Hz - 22 kHz,Yes,Yes,Closed,,5
Panasonic RP-HJE125-K,,https://cdna.pcpartpicker.com/static/forever/images/product/bc92955a4c1b1ebbd280d66c390b7b1e.256p.jpg,Earbud,false,No,No,Closed,Black,0
Panasonic RP-HJE125-P,8.99,Earbud,Earbud,false,No,No,Closed,Pink,0
Sennheiser GSP 600,,https://cdna.pcpartpicker.com/static/forever/images/product/8d552fe19ab0fe6d61e817fad1aed4d7.256p.jpg,Circumaural,10 Hz - 30 kHz,Yes,No,Closed,Black / Red,5
Razer Kraken 7.1 V2 Mercury Edition,,Circumaural,Circumaural,12 Hz - 28 kHz,Yes,No,Closed,White,4.5
Turtle Beach Stealth 420X,,Circumaural,Circumaural,20 Hz - 20 kHz,Yes,Yes,Closed,Black / Green,0
Corsair HS70,169.99,Circumaural,Circumaural,true,Yes,Yes,Closed,White / Black,4
Sony WHH900N/L,,https://cdna.pcpartpicker.com/static/forever/images/product/c1dcfe9207bc4227d223abdda2e78007.256p.jpg,Circumaural,false,No,Yes,Closed,Gray,0
Sony WHH900N/B,,https://cdna.pcpartpicker.com/static/forever/images/product/c1458659a114850f78efe26585e608e1.256p.jpg,Circumaural,false,No,Yes,Closed,Black,4
Razer Electra V2,,Circumaural,Circumaural,20 Hz - 20 kHz,Yes,No,Closed,Black / Green,3
Astro A40 + MIXAMP Pro,349,https://cdna.pcpartpicker.com/static/forever/images/product/885e23583e2ba2262ae136d004ab4a21.256p.jpg,Circumaural,20 Hz - 20 kHz,Yes,No,Closed,Black,4.5
Logitech G433 (Blue),,https://cdna.pcpartpicker.com/static/forever/images/product/84ee65ccaca38142027f285f1a32ee72.256p.jpg,Circumaural,20 Hz - 20 kHz,Yes,No,Open,Blue,0
Logitech G433 (Camo Blue),,Circumaural,Circumaural,20 Hz - 20 kHz,Yes,No,Open,Black,0
HP HyperX Cloud Alpha Cloud 9 Edition,,Circumaural,Circumaural,13 Hz - 27 kHz,Yes,No,Closed,Black / Blue,0
Corsair HS70 WIRELESS,,https://cdna.pcpartpicker.com/static/forever/images/product/df35ab01843d3e535d1982e4b019f087.256p.jpg,Circumaural,20 Hz - 20 kHz,Yes,Yes,Closed,Black,3
Cougar Phontum,,https://cdna.pcpartpicker.com/static/forever/images/product/afd6836171f7eca06243a0fcd582cc74.256p.jpg,Circumaural,20 Hz - 20 kHz,Yes,No,Closed,Black / Orange,0
Razer Tiamat 7.1 V2,,https://cdna.pcpartpicker.com/static/forever/images/product/53e547c2dbe1d3d6a00bdb9651d5c61d.256p.jpg,Circumaural,20 Hz - 20 kHz,Yes,No,Closed,Black / Silver,4
Aula SI-G91V,,https://cdna.pcpartpicker.com/static/forever/images/product/303c6ee672f5e3aad9a99d32d0cc3db3.256p.jpg,Circumaural,true,Yes,No,Closed,Black / Blue,0
JVC HA-ENR15-B-K,16.03,https://cdna.pcpartpicker.com/static/forever/images/product/e93f8d8cc4657e7310d01a591627aff9.256p.jpg,Earbud,true,Yes,No,Closed,Black / Red,0
Corsair HS45 SURROUND,,Circumaural,Circumaural,20 Hz - 20 kHz,Yes,No,Closed,Black,4
Cyber Acoustics ACM-6005,17.98,https://cdna.pcpartpicker.com/static/forever/images/product/313dda61cc019e96fb99c37cd150ecd7.256p.jpg,Supra-aural,false,No,No,Closed,Black,0
Acer Predator Galea 300,,https://cdna.pcpartpicker.com/static/forever/images/product/ca01ab921144f0957d404bec561e5c22.256p.jpg,Circumaural,20 Hz - 20 kHz,Yes,No,Closed,Black,0
Sennheiser GSP 670,179.99,https://cdna.pcpartpicker.com/static/forever/images/product/101ea70858b943ad3aa0a1b474aba50d.256p.jpg,Circumaural,10 Hz - 23 kHz,Yes,Yes,Closed,Black,4
Razer Hammerhead Pro v2,,https://cdna.pcpartpicker.com/static/forever/images/product/d9d896b309f2415a57c0ba8be1b91f51.256p.jpg,In Ear,50 Hz - 10 kHz,Yes,No,Closed,Black / Green,0
Cooler Master MH650,99.99,https://cdna.pcpartpicker.com/static/forever/images/product/7eaa2e5ab68315f179241e875bd44db1.256p.jpg,Circumaural,20 Hz - 20 kHz,Yes,No,Closed,Black,0
FNATIC REACT,,https://cdna.pcpartpicker.com/static/forever/images/product/d9ac20d5c4f5671286da5d207f664d73.256p.jpg,Circumaural,20 Hz - 40 kHz,No,No,Closed,Black / Silver,4
Plantronics Blackwire 7225,103.54,https://cdna.pcpartpicker.com/static/forever/images/product/40458b32ca447aa1b25ee5368867b8f5.256p.jpg,Supra-aural,20 Hz - 20 kHz,Yes,No,Closed,Black,0
ADATA EMIX I30,,https://cdna.pcpartpicker.com/static/forever/images/product/8d88f8136139f96d7c814414a82b84c6.256p.jpg,In Ear,20 Hz - 20 kHz,Yes,No,Closed,Black / Red,0
DROP Massdrop x HiFiMAN Edition XX,,Circumaural,Circumaural,8 Hz - 50 kHz,No,No,Open,Black / Silver,0
DROP MASSDROP X AKG K7XX,,Circumaural,Circumaural,10 Hz - 39.8 kHz,No,No,Open,Black,5
Sennheiser GSP 550,,https://cdna.pcpartpicker.com/static/forever/images/product/97d511a4c6856a4828e68f711478e402.256p.jpg,Circumaural,10 Hz - 30 kHz,Yes,No,Semi-open,Green / Black,0
Final E1000,29.99,Earbud,Earbud,false,No,No,Closed,Black,0
Final E1000C,42.37,Earbud,Earbud,false,No,No,Closed,Black,0
Final E3000,56.77,Earbud,Earbud,false,No,No,Closed,Silver / Black,0
Final E3000C,54,Earbud,Earbud,false,No,No,Closed,Silver / Black,0
Astro Gaming A50 + Base Station,,https://cdna.pcpartpicker.com/static/forever/images/product/21e7a401f4806eb3c3d5ead46e00ffb9.256p.jpg,Circumaural,20 Hz - 20 kHz,Yes,Yes,Closed,Green / Black,4
Philips X3/00,149.99,https://cdna.pcpartpicker.com/static/forever/images/product/0cb34fac2a4d8314ba6c66250c2c1078.256p.jpg,Circumaural,5 Hz - 40 kHz,No,No,Open,Black,0
Thermaltake Pulse G100,39.99,https://cdna.pcpartpicker.com/static/forever/images/product/2eec37b2928f0639c038747007629c8f.256p.jpg,Circumaural,20 Hz - 20 kHz,Yes,No,Closed,Black,0
Sony MDR-ZX310R,23.47,https://cdna.pcpartpicker.com/static/forever/images/product/5ca37b8377db4039947f716055f79c3e.256p.jpg,Supra-aural,10 Hz - 24 kHz,No,No,Closed,Red,0
HiFiMAN HE400i Ver.2020,,Circumaural,Circumaural,20 Hz - 35 kHz,No,No,Open,Black,0
Tempest GHS300 RGB,,https://cdna.pcpartpicker.com/static/forever/images/product/74614f604f151552105549fd159383b8.256p.jpg,Circumaural,100 Hz - 10 kHz,Yes,No,Closed,Black,0
Tempest Caesar RGB,,https://cdna.pcpartpicker.com/static/forever/images/product/b2ce2a9e3c1c097fa3d965aaf253a09b.256p.jpg,Circumaural,true,Yes,Yes,Closed,Black,0
Astro A10,42.9,https://cdna.pcpartpicker.com/static/forever/images/product/2210d7443ce7970943d4f9d7b373186f.256p.jpg,Circumaural,20 Hz - 20 kHz,Yes,No,Closed,White / Green,0
MSI Immerse GH30 V2,39.95,https://cdna.pcpartpicker.com/static/forever/images/product/47878ba050fe617d4d3cff833039d6e4.256p.jpg,Circumaural,29 Hz - 20 kHz,Yes,No,Closed,Black,0
MSI Immerse GH61,,https://cdna.pcpartpicker.com/static/forever/images/product/d6e7be9181cda19fdacd730e133cf24c.256p.jpg,Circumaural,29 Hz - 40 kHz,Yes,No,Closed,Black,0
SteelSeries Arctis 3 (2019),,https://cdna.pcpartpicker.com/static/forever/images/product/e71e4e043ee6392cb1929dd684f4b880.256p.jpg,Circumaural,20 Hz - 22 kHz,Yes,No,Closed,Black,4.5
AKG K612 PRO,163.92,https://cdna.pcpartpicker.com/static/forever/images/product/f695b349cf2d24089aa41504ec280f64.256p.jpg,Circumaural,12 Hz - 39.5 kHz,No,No,Open,Black / Silver,0
SteelSeries Arctis Nova Pro Wireless for PS5 and PS4,372.39,https://cdna.pcpartpicker.com/static/forever/images/product/8db1bf9cd6435160ddf902e4c6491f0d.256p.jpg,Circumaural,10 Hz - 40 kHz,Yes,Yes,Closed,Black,0
HP HyperX Cloud Core,,https://cdna.pcpartpicker.com/static/forever/images/product/e783eff0b2ec2df04a4458f9189005e8.256p.jpg,Circumaural,10 Hz - 21 kHz,Yes,Yes,Closed,Black / Red,5
HP HyperX Cloud Stinger Core,,https://cdna.pcpartpicker.com/static/forever/images/product/7b4ec31172d0cf4d5f0e74b1df79d6bb.256p.jpg,Circumaural,20 Hz - 20 kHz,Yes,No,Closed,Black,0
Asus TUF Gaming H7,94.95,https://cdna.pcpartpicker.com/static/forever/images/product/8409d30b81666c7aa7a6015bb05fef21.256p.jpg,Circumaural,20 Hz - 20 kHz,Yes,No,Closed,Black / Gray,0
Asus TUF Gaming H7 Wireless,,https://cdna.pcpartpicker.com/static/forever/images/product/648aad7f4e6d432ff357309bf8a4bfed.256p.jpg,Circumaural,20 Hz - 20 kHz,Yes,Yes,Closed,Black,0
TAKSTAR Sprint,6.99,In Ear,In Ear,20 Hz - 2 kHz,Yes,No,Closed,Black / Red,0
Philips SHP9600MB/00,,Supra-aural,Supra-aural,12 Hz - 35 kHz,Yes,No,Open,Black,0
Koss Porta Pro Limited Edition,,Supra-aural,Supra-aural,15 Hz - 25 kHz,Yes,No,Open,Gold / Black,0
Asus TUF GAMING x Demon Slayer L.E. Nezuko Kamado,,https://cdna.pcpartpicker.com/static/forever/images/product/938dd74546c74250d8e1be7db8370d7a.256p.jpg,Circumaural,true,Yes,No,Closed,Pink / White,0
ROCCAT Syn Pro Air,94.65,https://cdna.pcpartpicker.com/static/forever/images/product/d2664a14a481a6066a0fe2875dd20dc3.256p.jpg,Circumaural,20 Hz - 20 kHz,Yes,Yes,Closed,Black,0
ROCCAT Syn Max Air,159.99,Circumaural,Circumaural,20 Hz - 20 kHz,Yes,Yes,Closed,Black,0
Samsung Buds2,129.99,https://cdna.pcpartpicker.com/static/forever/images/product/0a2f92ebc90671e640610807dc753513.256p.jpg,In Ear,true,Yes,Yes,Closed,Black,0
Corsair HS65,,https://cdna.pcpartpicker.com/static/forever/images/product/f87e499474383ae9b70b551ef3c13d20.256p.jpg,Circumaural,20 Hz - 20 kHz,Yes,Yes,Closed,White,0
Apple AirPods 3rd Gen Lightning,129,https://cdna.pcpartpicker.com/static/forever/images/product/28c49ec5345a2a1604f396b854e038ce.256p.jpg,In Ear,true,Yes,Yes,Closed,White,0
Creative Labs SXFI Gamer,,Circumaural,Circumaural,20 Hz - 20 kHz,Yes,No,Closed,Black,0
HP OMEN Blast,,Circumaural,Circumaural,20 Hz - 20 kHz,Yes,No,Closed,Black,0
Sennheiser EPOS Game Zero,,Circumaural,Circumaural,15 Hz - 28 kHz,Yes,No,Closed,Black / Red,0
YEYIAN Force 3000,24.99,https://cdna.pcpartpicker.com/static/forever/images/product/fffe11cf4503a600a64006509f9e52dc.256p.jpg,Circumaural,20 Hz - 20 kHz,Yes,No,Closed,Camo / White,0
YEYIAN Wicked 3000,24.99,https://cdna.pcpartpicker.com/static/forever/images/product/6aa576afb8f478f27355444be551cc19.256p.jpg,Circumaural,20 Hz - 20 kHz,Yes,No,Closed,Black / Red,0
Koss KPH30i,,Supra-aural,Supra-aural,15 Hz - 25 kHz,Yes,No,Open,Beige,0
GameStop RGB Pro,45.98,https://cdna.pcpartpicker.com/static/forever/images/product/5bbb100db33ec9bf44de3ec250ce676b.256p.jpg,Circumaural,true,Yes,No,Closed,Black,0
ENDORFY Viro,71.17,https://cdna.pcpartpicker.com/static/forever/images/product/0e37a764d67104eed7ad394171bcb9e6.256p.jpg,Circumaural,20 Hz - 2 kHz,Yes,No,Closed,Black,0
ENDORFY Viro Infra,,https://cdna.pcpartpicker.com/static/forever/images/product/cca9e1bcc8d75731511457f538239f37.256p.jpg,Circumaural,20 Hz - 2 kHz,Yes,No,Closed,Black,0
ENDORFY Viro Plus USB,54.95,https://cdna.pcpartpicker.com/static/forever/images/product/32210d49eb3e8c6eeaa983c9c9db57d3.256p.jpg,Circumaural,20 Hz - 2 kHz,Yes,No,Closed,Black,0
Apple AirPods 4 ANC,,,Earbud,,Yes,Yes,Closed,White,0
Sony DR-ZX701IP,99.95,Circumaural,Circumaural,false,No,No,Closed,Black,0
Sony MDR-W08L,122.51,Earbud,Earbud,20 Hz - 20 kHz,No,No,Closed,Black,0
Koss CS95,17.98,https://cdna.pcpartpicker.com/static/forever/images/product/8aa63e5b1aad1db89f79b139216d6b73.256p.jpg,Supra-aural,30 Hz - 16 kHz,Yes,No,Closed,Black / Silver,0
Panasonic RP-HJE290-P,,In Ear,In Ear,6 Hz - 24 kHz,No,No,Closed,Pink,0
AKG K361-BT,133.88,https://cdna.pcpartpicker.com/static/forever/images/product/79bdbd46e1a1ad2b46d16f9cf8897ffd.256p.jpg,Circumaural,15 Hz - 28 kHz,Yes,Yes,Closed,Black,0
GameStop GS101,30.98,https://cdna.pcpartpicker.com/static/forever/images/product/9bb684bfae6b85d1677f6744b926c8b4.256p.jpg,Circumaural,true,Yes,No,Closed,Black,0
Sony MDRNC8/BLK,,Supra-aural,Supra-aural,30 Hz - 20 kHz,No,No,Closed,Black,0
Thermaltake HT-DRS007OEWH,29.99,Circumaural,Circumaural,10 Hz - 22 kHz,No,No,Closed,Multicolor,0
Turtle Beach Ear Force Z1,25.7,Circumaural,Circumaural,true,Yes,No,Closed,Black / Silver,0
Coby 716829222331,,https://cdna.pcpartpicker.com/static/forever/images/product/9356828fa279b1fc509d2a22da1305f0.med.256p.jpg,Supra-aural,false,No,No,Closed,Black / Silver,0
Yamaha CM500,121.1,https://cdna.pcpartpicker.com/static/forever/images/product/67dd61fd0d826e72d5dca0f74c178616.256p.jpg,Circumaural,20 Hz - 20 kHz,Yes,No,Closed,Black,0
Panasonic RP-HJE120-G,,Earbud,Earbud,20 Hz - 20 kHz,No,No,Closed,Green / White,0
Panasonic RP-HSC200-K,,Earbud,Earbud,10 Hz - 22 kHz,No,No,Closed,Black / Silver,0
Panasonic RPHJE120R,,https://cdna.pcpartpicker.com/static/forever/images/product/e80e8f75820d88967eec657954cbfc7b.med.256p.jpg,In Ear,20 Hz - 20 kHz,No,No,Closed,Red / White,0
Pyle Audio PWPE10W,14.21,https://cdna.pcpartpicker.com/static/forever/images/product/75e0ab63053ea29f0df94f4c405dbe1b.256p.jpg,In Ear,20 Hz - 20 kHz,No,No,Closed,Transparent,0
Beyerdynamic DT 880 Premium 600 Ohm,179,Circumaural,Circumaural,5 Hz - 35 kHz,No,No,Semi-open,Black / Silver,5
Etymotic Research Ety Kids 3,,In Ear,In Ear,true,Yes,No,Closed,Black / Silver,0
Koss UR/10,16.99,https://cdna.pcpartpicker.com/static/forever/images/product/bea6a3614d56d7448d79ee0f3f12ba49.256p.jpg,Supra-aural,60 Hz - 20 kHz,No,No,Closed,Black / Silver,0
Panasonic RP-TCM125-W,,https://cdna.pcpartpicker.com/static/forever/images/product/703ee6472a87aad22a9f2e294a699060.med.256p.jpg,In Ear,10 Hz - 24 kHz,No,No,Closed,White,0
SteelSeries 61023,24.99,Circumaural,Circumaural,true,Yes,No,Closed,Black / Orange,2
Creative Labs 70GH030000000,,https://cdna.pcpartpicker.com/static/forever/images/product/fc8d4267dfbef775128170e3a25b1cf3.256p.jpg,Supra-aural,20 Hz - 20 kHz,No,Yes,Closed,Black,0
Razer Kraken,148.13,https://cdna.pcpartpicker.com/static/forever/images/product/894997bbb41cb1ae9bfe2f8b650a2fe0.256p.jpg,Circumaural,20 Hz - 20 kHz,Yes,No,Closed,Black,3.5
Sennheiser RS 195,284.35,Circumaural,Circumaural,17 Hz - 22 kHz,No,Yes,Closed,Black / Silver,0
Panasonic RP-HJE125-V,9.18,https://cdna.pcpartpicker.com/static/forever/images/product/558c2ab8d04b89049fdcbaaaea721646.256p.jpg,Earbud,10 Hz - 24 kHz,No,No,Closed,Purple,0
Sennheiser HD 4.40BT,129.99,https://cdna.pcpartpicker.com/static/forever/images/product/fcd7ff688f95524cd438ac33d93614b9.256p.jpg,Circumaural,18 Hz - 22 kHz,Yes,Yes,Closed,Black,4.5
Lenovo Legion H300,26.51,https://cdna.pcpartpicker.com/static/forever/images/product/64024dbb5c46cc581a24f759989dc59a.256p.jpg,Circumaural,20 Hz - 20 kHz,Yes,No,Closed,Black / Blue,0
Razer Thresher For Xbox One,140.41,https://cdna.pcpartpicker.com/static/forever/images/product/8b5189d3758b98c1317a5cea79dc9dfb.256p.jpg,Circumaural,12 Hz - 28 kHz,Yes,Yes,Closed,Black / Green,0
SHARKOON SKILLER SGH50,69.98,https://cdna.pcpartpicker.com/static/forever/images/product/f6e987a43e746cb2a1d77e30e7f890f8.256p.jpg,Circumaural,10 Hz - 40 kHz,Yes,No,Closed,Black,0
GameStop TWS,45.98,https://cdna.pcpartpicker.com/static/forever/images/product/e4858cd990aba79a8cad4d3f02851118.256p.jpg,Earbud,20 Hz - 20 kHz,Yes,Yes,Closed,Black,0
ENDORFY Viro Plus USB Onyx White,51.82,https://cdna.pcpartpicker.com/static/forever/images/product/57bbd752614486aef544aac529361f6c.256p.jpg,Circumaural,20 Hz - 2 kHz,Yes,No,Closed,White,0
Audio-Technica ATH-ANC23BK,,https://cdna.pcpartpicker.com/static/forever/images/product/007ac4d798a3fc84b94f5df569401dba.256p.jpg,In Ear,20 Hz - 20 kHz,Yes,No,Closed,Black / Gray,0
Audio-Technica ATH-ANC25,,https://cdna.pcpartpicker.com/static/forever/images/product/0495d7094acc3211a153d5aff07a5ea6.med.256p.jpg,Supra-aural,false,No,No,Closed,Black / Gray,0
Audio-Technica ATH-ANC27,,Circumaural,Circumaural,false,No,No,Closed,Black,0
Audio-Technica ATH-CKF300PL,,In Ear,In Ear,18 Hz - 23 kHz,No,No,Closed,Purple,0
Audio-Technica 42005169863,,Earbud,Earbud,16 Hz - 23 kHz,No,No,Closed,Brown / Black,0
Thermaltake eSPORTS SHOCK Battle Edition,,Circumaural,Circumaural,20 Hz - 20 kHz,Yes,No,Closed,Black / Green,4
Genius Lychas HS G550,,Circumaural,Circumaural,20 Hz - 20 kHz,Yes,No,Closed,Black,0
Genius 31710043101,,Circumaural,Circumaural,20 Hz - 20 kHz,Yes,No,Closed,Black / Red,0
Genius Mordax HS G600,,Circumaural,Circumaural,20 Hz - 20 kHz,Yes,No,Closed,Black / Green,0
Genius GHP-400S-Blue,,Supra-aural,Supra-aural,20 Hz - 20 kHz,No,No,Closed,White / Blue,0
Genius GHP-400S-Pink,,Supra-aural,Supra-aural,20 Hz - 20 kHz,No,No,Closed,White / Pink,0
Audio-Technica ATHM50s/LE,,Circumaural,Circumaural,15 Hz - 28 kHz,No,No,Closed,White / Black,0
Audio-Technica ATH-M50s,,https://cdna.pcpartpicker.com/static/forever/images/product/97992f421021e36d3bdc40536e82790b.med.256p.jpg,Circumaural,15 Hz - 28 kHz,No,No,Closed,Black,0
Altec Lansing 021986802631,14.95,Earbud,Earbud,20 Hz - 20 kHz,No,No,Closed,Gray / White,0
Altec Lansing 021986802662,14.95,Earbud,Earbud,20 Hz - 20 kHz,No,No,Closed,Black / Gray,0
Altec Lansing MZX106W,14.95,In Ear,In Ear,20 Hz - 20 kHz,No,No,Closed,White / Black,0
Altec Lansing MZX2051S,,https://cdna.pcpartpicker.com/static/forever/images/product/0f8727817a56bcb2ea74288e4824bfc9.256p.jpg,In Ear,100 Hz - 5 kHz,Yes,No,Closed,Black,0
Altec Lansing MZX436P,,In Ear,In Ear,false,No,No,Closed,Pink,0
Altec Lansing MZX436R,66.66,In Ear,In Ear,false,No,No,Closed,Pink / Black,0
Altec Lansing MZX736B,,In Ear,In Ear,20 Hz - 20 kHz,Yes,No,Closed,Blue / Black,0
Altec Lansing MZX736W,,In Ear,In Ear,20 Hz - 20 kHz,Yes,No,Closed,Blue / Black,0
Antec 761345740005,,In Ear,In Ear,false,No,No,Closed,Black,0
Antec 761345740012,,In Ear,In Ear,false,No,No,Closed,White / Pink,0
Antec 761345740029,,In Ear,In Ear,false,No,No,Closed,Silver,0
Antec 761345740036,,In Ear,In Ear,false,No,No,Closed,Green,0
Antec 761345740043,,In Ear,In Ear,false,No,No,Closed,Gray,0
ARCTIC P402,,Supra-aural,Supra-aural,20 Hz - 20 kHz,Yes,No,Closed,Black / Silver,0
ARCTIC P402 BT,,Supra-aural,Supra-aural,20 Hz - 20 kHz,Yes,Yes,Closed,Black / Silver,0
Audio-Technica ATH-A500X,,Circumaural,Circumaural,5 Hz - 30 kHz,No,No,Closed,Black,0
Audio-Technica ATH-A700X,,Circumaural,Circumaural,5 Hz - 35 kHz,Yes,No,Closed,Black / Blue,5
Audio-Technica ATH-ANC23,,https://cdna.pcpartpicker.com/static/forever/images/product/6bffbb5285ff6ff1fabd0ee5f387a720.256p.jpg,In Ear,20 Hz - 20 kHz,No,No,Closed,Black / Silver,0
Audio-Technica ATH-ANC27X,,Circumaural,Circumaural,20 Hz - 20 kHz,No,No,Closed,Black,0
Audio-Technica ATH-ANC7B,,Circumaural,Circumaural,10 Hz - 25 kHz,No,No,Closed,Black,0
Audio-Technica ATH-ANC9,,https://cdna.pcpartpicker.com/static/forever/images/product/b87e6df4a7fa9a80589e4baf24e93fb1.256p.jpg,Circumaural,10 Hz - 25 kHz,No,No,Closed,Black,4
Audio-Technica ATH-CK313IBGR,,In Ear,In Ear,20 Hz - 23 kHz,Yes,No,Closed,Multicolor,0
Audio-Technica ATH-CK313IBK,,In Ear,In Ear,20 Hz - 23 kHz,Yes,No,Closed,Black,0
Audio-Technica ATH-CK313IBL,,In Ear,In Ear,20 Hz - 23 kHz,Yes,No,Closed,Black / Blue,0
Audio-Technica ATH-CK313IRD,,In Ear,In Ear,20 Hz - 23 kHz,Yes,No,Closed,Black / Blue,0
Audio-Technica ATH-CK313IWH,,In Ear,In Ear,20 Hz - 23 kHz,Yes,No,Closed,White / Black,0
Audio-Technica ATH-CK313MBGR,,In Ear,In Ear,20 Hz - 23 kHz,Yes,No,Closed,Black / Green,0
Audio-Technica ATH-CK313MBGK,,In Ear,In Ear,20 Hz - 23 kHz,Yes,No,Closed,Black,0
Audio-Technica ATH-CK313MBL,,In Ear,In Ear,20 Hz - 23 kHz,Yes,No,Closed,Black,0
Audio-Technica ATH-CK313MBPK,19.95,In Ear,In Ear,20 Hz - 23 kHz,Yes,No,Closed,Pink / Black,0
Audio-Technica ATH-CK313MBRD,,In Ear,In Ear,20 Hz - 23 kHz,Yes,No,Closed,Black / Red,0
Audio-Technica ATH-CK313MBW,,In Ear,In Ear,20 Hz - 23 kHz,Yes,No,Closed,Brown / Black,0
Audio-Technica ATH-CK313MPK,16.95,In Ear,In Ear,20 Hz - 23 kHz,Yes,No,Closed,Pink / Black,0
Audio-Technica ATH-CK313MRD,,In Ear,In Ear,20 Hz - 23 kHz,Yes,No,Closed,Red / Black,0
Audio-Technica ATH-CK313MSV,,In Ear,In Ear,20 Hz - 23 kHz,Yes,No,Closed,Silver / Black,0
Audio-Technica ATH-CK313MWH,,In Ear,In Ear,20 Hz - 23 kHz,Yes,No,Closed,White,0
Audio-Technica ATH-CK323IBK,,In Ear,In Ear,20 Hz - 23 kHz,Yes,No,Closed,Black,0
Audio-Technica ATH-CK323IBL,,In Ear,In Ear,20 Hz - 23 kHz,Yes,No,Closed,Black / Blue,0
Audio-Technica ATH-CK323IRD,,In Ear,In Ear,20 Hz - 23 kHz,Yes,No,Closed,Black / Red,0
Audio-Technica ATH-CK323ISBK,,In Ear,In Ear,20 Hz - 23 kHz,Yes,No,Closed,Black,0
Audio-Technica ATH-CK323IWH,,In Ear,In Ear,20 Hz - 23 kHz,Yes,No,Closed,White,0
Audio-Technica ATH-CKF300GD,,In Ear,In Ear,18 Hz - 23 kHz,No,No,Closed,Yellow,0
Audio-Technica ATH-CKF300LGR,,In Ear,In Ear,18 Hz - 23 kHz,No,No,Closed,Yellow,0
Audio-Technica ATH-CKF300MGR,,In Ear,In Ear,18 Hz - 23 kHz,No,No,Closed,White,0
Audio-Technica ATH-CKF300WH,,In Ear,In Ear,18 Hz - 23 kHz,No,No,Closed,White,0
Audio-Technica ATH-CKF500LPK,,In Ear,In Ear,16 Hz - 23 kHz,No,No,Closed,Pink,0
Audio-Technica ATH-CKF500WH,,In Ear,In Ear,16 Hz - 23 kHz,No,No,Closed,White,0
Audio-Technica ATH-CKL202iSBK,19.98,In Ear,In Ear,20 Hz - 23 kHz,Yes,No,Closed,Black,0
Audio-Technica ATH-CKL202iSBL,,In Ear,In Ear,20 Hz - 23 kHz,Yes,No,Closed,Blue,0
Audio-Technica ATH-CKL202iSPK,,In Ear,In Ear,20 Hz - 23 kHz,Yes,No,Closed,Pink,0
Audio-Technica ATH-CKL202iSRD,,In Ear,In Ear,20 Hz - 23 kHz,Yes,No,Closed,Red,0
Audio-Technica ATH-CKL202iSWH,,In Ear,In Ear,20 Hz - 23 kHz,Yes,No,Closed,White,0
Audio-Technica ATH-CKM500ISBK,,In Ear,In Ear,5 Hz - 25 kHz,Yes,No,Closed,Black,0
Audio-Technica ATH-CKM500ISRD,,In Ear,In Ear,5 Hz - 25 kHz,Yes,No,Closed,Black / Red,0
Audio-Technica ATH-CKM500ISWH,,In Ear,In Ear,5 Hz - 25 kHz,Yes,No,Closed,White,0
Audio-Technica ATH-CKP200BK,,Earbud,Earbud,20 Hz - 23 kHz,No,No,Closed,Black,0
Audio-Technica ATH-CKP200BL,33.29,Earbud,Earbud,20 Hz - 23 kHz,No,No,Closed,Blue / Black,0
Audio-Technica ATH-CKP200RD,19.98,Earbud,Earbud,20 Hz - 23 kHz,No,No,Closed,Black / Red,0
Audio-Technica ATH-CKP200WH,,Earbud,Earbud,20 Hz - 23 kHz,No,No,Closed,White,0
Audio-Technica ATH-CKP500BK,,In Ear,In Ear,20 Hz - 23 kHz,No,No,Closed,Black,0
Audio-Technica ATH-CKP500BL,,In Ear,In Ear,20 Hz - 23 kHz,No,No,Closed,Black / Blue,0
Audio-Technica ATH-CKP500RD,,In Ear,In Ear,20 Hz - 23 kHz,No,No,Closed,Black / Red,0
Audio-Technica ATH-CKP500WH,,In Ear,In Ear,20 Hz - 23 kHz,No,No,Closed,White,0
Audio-Technica ATH-CKS1000,,In Ear,In Ear,5 Hz - 26 kHz,Yes,No,Closed,Black,0
Audio-Technica ATH-CKS55BK,,In Ear,In Ear,5 Hz - 24 kHz,Yes,No,Closed,Black,0
Audio-Technica ATH-CKS55iBK,,In Ear,In Ear,5 Hz - 24 kHz,Yes,No,Closed,Black,0
Audio-Technica ATH-CKS77BK,,In Ear,In Ear,5 Hz - 25 kHz,Yes,No,Closed,Black,0
Audio-Technica ATH-CKS99,,In Ear,In Ear,5 Hz - 25 kHz,Yes,No,Closed,Black,0
Audio-Technica ATH-CKS99I,,In Ear,In Ear,5 Hz - 25 kHz,Yes,No,Closed,Black,0
Audio-Technica ATH-CLR100BK,,In Ear,In Ear,20 Hz - 25 kHz,No,No,Closed,Black,0
Audio-Technica ATH-CLR100BL,,In Ear,In Ear,20 Hz - 25 kHz,No,No,Closed,Blue,0
Audio-Technica ATH-CLR100LG,,In Ear,In Ear,20 Hz - 25 kHz,No,No,Closed,Green,0
Audio-Technica ATH-CLR100OR,,In Ear,In Ear,20 Hz - 25 kHz,No,No,Closed,Orange,0
Audio-Technica ATH-CLR100PK,,In Ear,In Ear,20 Hz - 25 kHz,No,No,Closed,Pink,0
Audio-Technica ATH-CLR100PL,,In Ear,In Ear,20 Hz - 25 kHz,No,No,Closed,Purple,0
Audio-Technica ATH-CLR100RD,,In Ear,In Ear,20 Hz - 25 kHz,No,No,Closed,Red,0
Audio-Technica ATH-CLR100WH,,In Ear,In Ear,20 Hz - 25 kHz,No,No,Closed,White,0
Audio-Technica ATH-COR150BK,,In Ear,In Ear,20 Hz - 25 kHz,No,No,Closed,Black,0
Audio-Technica ATH-COR150BL,,In Ear,In Ear,20 Hz - 25 kHz,No,No,Closed,Blue,0
Audio-Technica ATH-COR150LG,,In Ear,In Ear,20 Hz - 25 kHz,No,No,Closed,Green,0
Audio-Technica ATH-COR150OR,,In Ear,In Ear,20 Hz - 25 kHz,No,No,Closed,Orange,0
Audio-Technica ATH-COR150PK,,In Ear,In Ear,20 Hz - 25 kHz,No,No,Closed,Pink,0
Audio-Technica ATH-COR150PL,,In Ear,In Ear,20 Hz - 25 kHz,No,No,Closed,Purple,0
Audio-Technica ATH-COR150RD,,In Ear,In Ear,20 Hz - 25 kHz,No,No,Closed,Red,0
Audio-Technica ATH-COR150WH,,In Ear,In Ear,20 Hz - 25 kHz,No,No,Closed,White,0
Audio-Technica ATH-CP700BK,,In Ear,In Ear,20 Hz - 22 kHz,Yes,No,Closed,Black,0
Audio-Technica ATH-M10,124.49,Circumaural,Circumaural,30 Hz - 20 kHz,No,No,Closed,Black,0
Audio-Technica ATH-M35,,Circumaural,Circumaural,20 Hz - 20 kHz,No,No,Closed,Black,3
Audio-Technica ATH-M40fs,,Circumaural,Circumaural,5 Hz - 28 kHz,No,No,Closed,Multicolor,4
Audio-Technica ATH-PRO500MK2BK,,Circumaural,Circumaural,10 Hz - 30 kHz,No,No,Closed,Black,0
Audio-Technica ATH-PRO500MK2RD,,https://cdna.pcpartpicker.com/static/forever/images/product/9cc1c4de52ad509dd9be5895d7fecf61.med.256p.jpg,Circumaural,10 Hz - 30 kHz,No,No,Closed,Black,0
Audio-Technica ATH-T300,,Circumaural,Circumaural,18 Hz - 22 kHz,No,No,Closed,Black,0
Audio-Technica ATH-WS55BK,,Circumaural,Circumaural,10 Hz - 24 kHz,No,No,Closed,Black,0
Audio-Technica ATH-WS55BRD,,Circumaural,Circumaural,10 Hz - 24 kHz,No,No,Closed,Black / Red,4
Audio-Technica ATH-WS55IBK,,Circumaural,Circumaural,10 Hz - 24 kHz,No,No,Closed,Black,0
Audio-Technica ATH-WS77,,Circumaural,Circumaural,10 Hz - 25 kHz,No,No,Closed,Black,0
Audio-Technica ATH-WS99,,Circumaural,Circumaural,8 Hz - 25 kHz,Yes,No,Closed,Black,0
Audio-Technica ATHCKF500BK,,In Ear,In Ear,16 Hz - 23 kHz,No,No,Closed,Black,0
Audio-Technica ATHHCLR100PK,,https://cdna.pcpartpicker.com/static/forever/images/product/f11a8d9b18510964ad9c623b0eeb3e76.med.256p.jpg,In Ear,20 Hz - 25 kHz,No,No,Closed,Pink,0
Audio-Technica ATHM50RD,,Circumaural,Circumaural,10 Hz - 30 kHz,No,No,Closed,Black / Red,5
Audio-Technica ATHM50S,,Circumaural,Circumaural,15 Hz - 28 kHz,No,No,Closed,Black,5
Audio-Technica ATH-M50WH,,https://cdna.pcpartpicker.com/static/forever/images/product/efb8bbc77d1820f802d7cc062dac27f4.med.256p.jpg,Circumaural,15 Hz - 28 kHz,No,No,Closed,White,4
Audio-Technica ATR5200,,Supra-aural,Supra-aural,30 Hz - 20 kHz,Yes,No,Open,Black,0
Audio-Technica PRO-ATH-M2X,,https://cdna.pcpartpicker.com/static/forever/images/product/dee51e76c3407f0ba7c7d30ec2e29a23.256p.jpg,Supra-aural,20 Hz - 20 kHz,No,No,Semi-open,Black,0
Denon AH-C400,,Earbud,Earbud,4 Hz - 20 kHz,No,No,Closed,Black / Silver,0
Denon AH-C100BU,,In Ear,In Ear,5 Hz - 24 kHz,No,No,Closed,Black / Blue,0
Denon AH-D320BU,,Supra-aural,Supra-aural,6 Hz - 37 kHz,No,No,Closed,Black / Blue,0
Denon AH-D 340,,Supra-aural,Supra-aural,7 Hz - 37 kHz,No,No,Closed,Black / Silver,0
Denon AH-D400,,Circumaural,Circumaural,5 Hz - 37 kHz,No,No,Closed,Black / Blue,0
Denon AH-D7100,,Circumaural,Circumaural,5 Hz - 45 kHz,No,No,Closed,Multicolor,5
Denon AH-NCW500BK,,https://cdna.pcpartpicker.com/static/forever/images/product/a736f409a174f2a9bb7851402ce03cc9.256p.jpg,Supra-aural,5 Hz - 37 kHz,No,No,Closed,Black,0
Denon AH-NCW500SR,,Supra-aural,Supra-aural,5 Hz - 37 kHz,No,No,Closed,Silver / Beige,0
Denon AH-W150PK,,Earbud,Earbud,5 Hz - 25 kHz,No,Yes,Closed,Pink,0
Denon AH-W200,,In Ear,In Ear,5 Hz - 25 kHz,No,Yes,Closed,Black / Silver,0
Denon AHC260R,,In Ear,In Ear,20 Hz - 23 kHz,No,No,Closed,Black / Silver,0
Denon AHD310R,,Circumaural,Circumaural,false,No,No,Closed,Black,0
Denon AHD510R,,Circumaural,Circumaural,false,No,No,Closed,Black,0
Denon AHW150BK,,In Ear,In Ear,5 Hz - 25 kHz,No,Yes,Closed,Black / Silver,0
Denon AH-W150BU,,In Ear,In Ear,5 Hz - 25 kHz,No,Yes,Closed,Blue / Silver,0
Denon AHW150YW,,In Ear,In Ear,5 Hz - 25 kHz,No,Yes,Closed,Yellow / Gray,0
Denon DEN-HP1000,,Circumaural,Circumaural,5 Hz - 33 kHz,No,No,Closed,Black / Silver,0
Sennheiser 502875,,Circumaural,Circumaural,18 Hz - 21 kHz,No,Yes,Open,Black / Silver,0
Sennheiser 505665,,https://cdna.pcpartpicker.com/static/forever/images/product/9b778b4f22315db457b8b931cd1d0577.med.256p.jpg,Circumaural,15 Hz - 22 kHz,No,No,Closed,Black,0
Sennheiser MX 365,,Earbud,Earbud,20 Hz - 20 kHz,No,No,Closed,Black / Blue,0
Sennheiser AMPERIOR-BL,,https://cdna.pcpartpicker.com/static/forever/images/product/348e31738fc509572693bc18aadf587e.256p.jpg,Supra-aural,16 Hz - 22 kHz,No,No,Closed,Black / Silver,0
Sennheiser HD419,,Circumaural,Circumaural,20 Hz - 20 kHz,No,No,Closed,Black,0
Sennheiser PX100 II,,https://cdna.pcpartpicker.com/static/forever/images/product/f5795c1f9717f880a885c0705a722067.med.256p.jpg,Supra-aural,15 Hz - 27 kHz,No,No,Open,Black,4
Sennheiser CX 215,,In Ear,In Ear,20 Hz - 20 kHz,No,No,Closed,Black / Blue,0
Sennheiser CX 275s,,In Ear,In Ear,17 Hz - 23 kHz,Yes,No,Closed,Black,0
Sennheiser CX-215-RED,,In Ear,In Ear,22 Hz - 20 kHz,No,No,Closed,Black / Blue,0
Sennheiser CX150,,https://cdna.pcpartpicker.com/static/forever/images/product/48b93cd8884e9bcab4d709c14a2d2719.med.256p.jpg,Earbud,20 Hz - 20 kHz,No,No,Closed,Black,0
Sennheiser CX200,,In Ear,In Ear,20 Hz - 20 kHz,No,No,Closed,Black / Silver,0
Sennheiser CX280,,In Ear,In Ear,19 Hz - 20.5 kHz,No,No,Closed,Black / Silver,0
Sennheiser CX301,24.99,In Ear,In Ear,19 Hz - 21 kHz,No,No,Closed,Black / Silver,0
Sennheiser CX55,,In Ear,In Ear,17 Hz - 21 kHz,No,No,Closed,Black / Silver,0
Sennheiser CX890I,,In Ear,In Ear,17 Hz - 23 kHz,Yes,No,Closed,Black,0
Sennheiser CX985,,In Ear,In Ear,16 Hz - 24 kHz,No,No,Closed,Black / Silver,0
Sennheiser CXC 700,,In Ear,In Ear,20 Hz - 21 kHz,No,No,Closed,Black,0
Sennheiser DW10-US,,https://cdna.pcpartpicker.com/static/forever/images/product/ec5cec6a66564c8729effcab32f11450.med.256p.jpg,Supra-aural,true,Yes,No,Closed,Black / Silver,0
Sennheiser DW30-HS,,Supra-aural,Supra-aural,false,No,No,Closed,Black,0
Sennheiser HD 202 II,,Circumaural,Circumaural,18 Hz - 18 kHz,No,No,Closed,Black,4
Sennheiser HD 219s,99,Supra-aural,Supra-aural,19 Hz - 21 kHz,Yes,No,Closed,Black,0
Sennheiser HD 229 (White),,Supra-aural,Supra-aural,18 Hz - 22 kHz,No,No,Closed,Orange / White,0
Sennheiser HD 239,,Supra-aural,Supra-aural,16 Hz - 23 kHz,No,No,Closed,Black / Red,0
Sennheiser HD 25-SP II,,Supra-aural,Supra-aural,30 Hz - 16 kHz,No,No,Closed,Black,0
Sennheiser HD 419,,Circumaural,Circumaural,20 Hz - 20 kHz,No,No,Closed,Black,0
Sennheiser HD 428 SC,,Circumaural,Circumaural,18 Hz - 22 kHz,No,No,Closed,Black,5
Sennheiser HD 429,,Circumaural,Circumaural,18 Hz - 22 kHz,No,No,Closed,Black,0
Sennheiser HD 429s,,Circumaural,Circumaural,18 Hz - 22 kHz,Yes,No,Closed,Black,4
Sennheiser HD 449,,Circumaural,Circumaural,16 Hz - 24 kHz,No,No,Closed,Black / Silver,4
Sennheiser HD201S,,https://cdna.pcpartpicker.com/static/forever/images/product/6a790f1e7c13c338666620f6d2fb41b2.med.256p.jpg,Circumaural,21 Hz - 18 kHz,No,No,Closed,Black / Silver,0
Sennheiser HD 203,,Circumaural,Circumaural,18 Hz - 18 kHz,No,No,Closed,Black / Silver,0
Sennheiser HD205-II,,Circumaural,Circumaural,14 Hz - 20 kHz,No,No,Closed,Black / Silver,0
Sennheiser HD 218,,Supra-aural,Supra-aural,19 Hz - 21 kHz,No,No,Closed,Black / Silver,0
Sennheiser HD25-1 II,,Supra-aural,Supra-aural,16 Hz - 22 kHz,No,No,Closed,Black,0
Sennheiser HD 518,,Circumaural,Circumaural,14 Hz - 26 kHz,No,No,Open,Black / Silver,4.5
Sennheiser HMD280-PRO,,Circumaural,Circumaural,8 Hz - 25 kHz,Yes,No,Closed,Black,0
Sennheiser HMD280-XQ,,Circumaural,Circumaural,8 Hz - 25 kHz,Yes,No,Closed,Black,0
Sennheiser HME280I,,https://cdna.pcpartpicker.com/static/forever/images/product/0fcdc1f799ddbeb8bc0bf866caa8d035.256p.jpg,Circumaural,300 Hz - 4 kHz,Yes,No,Closed,Black,0
Sennheiser IE60,,https://cdna.pcpartpicker.com/static/forever/images/product/6a35a62f3ae41ca2c19973ff91abbd23.256p.jpg,In Ear,10 Hz - 18 kHz,No,No,Closed,Black / Gold,0
Sennheiser MM 400-X,,Supra-aural,Supra-aural,15 Hz - 22 kHz,Yes,Yes,Closed,Black / Blue,0
Sennheiser MM 450-X,,Supra-aural,Supra-aural,15 Hz - 22 kHz,Yes,Yes,Closed,Black / Blue,0
Sennheiser MM 500-X,,Circumaural,Circumaural,15 Hz - 22 kHz,Yes,Yes,Closed,Black / Blue,0
Sennheiser MM 550,,https://cdna.pcpartpicker.com/static/forever/images/product/04f127cbc6e23928e889d6eea09b966c.med.256p.jpg,Circumaural,15 Hz - 22 kHz,Yes,Yes,Closed,Black / Blue,0
Sennheiser MM 550-X,,Circumaural,Circumaural,15 Hz - 22 kHz,Yes,Yes,Closed,Black / Blue,5
Sennheiser MM30i,,In Ear,In Ear,17 Hz - 20 kHz,Yes,No,Closed,Black / Silver,0
Sennheiser MM70I,,Earbud,Earbud,18 Hz - 22 kHz,Yes,No,Closed,Black / Silver,0
Sennheiser MM70S,,In Ear,In Ear,18 Hz - 22 kHz,Yes,No,Closed,Black / Silver,0
Sennheiser Momentum Black,498.88,Supra-aural,Circumaural,16 Hz - 22 kHz,No,No,Closed,Black,0
Sennheiser Momentum Green,,Circumaural,Circumaural,16 Hz - 22 kHz,No,No,Closed,Black,0
Sennheiser Momentum Ivory,,Circumaural,Circumaural,16 Hz - 22 kHz,No,No,Closed,Black,0
Sennheiser Momentum Pink,,Circumaural,Circumaural,16 Hz - 22 kHz,No,No,Closed,Black,0
Sennheiser MX 365 Blue,,Earbud,Earbud,20 Hz - 20 kHz,No,No,Closed,Blue / Silver,0
Sennheiser MX 365 Bronze,,Earbud,Earbud,20 Hz - 20 kHz,No,No,Closed,Brown,0
Sennheiser MX 365 Red,,Earbud,Earbud,20 Hz - 20 kHz,No,No,Closed,Red / Black,0
Sennheiser MX 365 White,,Earbud,Earbud,20 Hz - 20 kHz,No,No,Closed,White,0
Sennheiser MX 680i,,Earbud,Earbud,18 Hz - 20 kHz,No,No,Closed,Black / Yellow,0
Sennheiser MX 365 Brown,,Earbud,Earbud,20 Hz - 20 kHz,No,No,Closed,Brown,0
Sennheiser MX 365 Orange,,Earbud,Earbud,20 Hz - 20 kHz,No,No,Closed,Orange,0
Sennheiser MX680,,Earbud,Earbud,18 Hz - 20 kHz,No,No,Closed,Black / Yellow,0
Sennheiser MX685,,Earbud,Earbud,18 Hz - 20 kHz,No,No,Closed,Black / Silver,0
Sennheiser OCX685I,,In Ear,In Ear,18 Hz - 20 kHz,No,No,Closed,Black / Blue,0
Sennheiser OCX685IW,,In Ear,In Ear,18 Hz - 20 kHz,No,No,Closed,White,0
Sennheiser OCX880,,In Ear,In Ear,19 Hz - 21 kHz,No,No,Closed,Black,0
Sennheiser OMX 680i,,Earbud,Earbud,18 Hz - 20 kHz,No,No,Closed,Black / Yellow,0
Sennheiser OMX180,,Earbud,Earbud,18 Hz - 20 kHz,No,No,Closed,Black / Silver,0
Sennheiser PC 31-II,,Supra-aural,Supra-aural,40 Hz - 18 kHz,Yes,No,Closed,Black,0
Sennheiser PMX680,,Earbud,Earbud,18 Hz - 20 kHz,No,No,Closed,Black / Yellow,0
Sennheiser PMX685I,,In Ear,In Ear,18 Hz - 20 kHz,No,No,Closed,Black / Blue,0
Sennheiser PX 100-IIi,,Supra-aural,Supra-aural,15 Hz - 27 kHz,Yes,No,Closed,Black,0
Sennheiser PX 200 II,,Supra-aural,Supra-aural,10 Hz - 21 kHz,No,No,Closed,Black / Silver,0
Sennheiser PX100-II,,Supra-aural,Supra-aural,15 Hz - 27 kHz,No,No,Closed,Black / Silver,0
Sennheiser PX200-III,,https://cdna.pcpartpicker.com/static/forever/images/product/8f66b384feeb8b579526cb7632712009.256p.jpg,Supra-aural,10 Hz - 21 kHz,No,No,Closed,Black / Silver,0
Sennheiser PX360,169,Circumaural,Circumaural,15 Hz - 22 kHz,No,No,Closed,Black,0
Sennheiser PX685I,,In Ear,In Ear,18 Hz - 20 kHz,No,No,Closed,Black / Blue,0
Sennheiser PX685IW,,In Ear,In Ear,18 Hz - 20 kHz,No,No,Closed,Black / Blue,0
Sennheiser PXC 310,,Supra-aural,Supra-aural,15 Hz - 22 kHz,No,No,Closed,Black / Red,0
Sennheiser PXC250 II,,Supra-aural,Supra-aural,10 Hz - 21 kHz,No,No,Closed,Black / Silver,0
Sennheiser RS 160,,Circumaural,Circumaural,18 Hz - 21 kHz,No,Yes,Closed,Black,0
Sennheiser RS 170,,Circumaural,Circumaural,18 Hz - 21 kHz,No,No,Closed,Black / Silver,5
Sennheiser RS 180,,Circumaural,Circumaural,18 Hz - 21 kHz,No,No,Open,Black / Silver,5
Sennheiser RS110,,Supra-aural,Supra-aural,22 Hz - 19.5 kHz,No,No,Open,Black / Silver,0
Sennheiser RS 120,,Supra-aural,Supra-aural,22 Hz - 19.5 kHz,No,Yes,Open,Black / Silver,0
Sennheiser SH350IP,,Supra-aural,Supra-aural,150 Hz - 6.8 kHz,Yes,No,Closed,Black / Silver,0
Sennheiser U 320,,https://cdna.pcpartpicker.com/static/forever/images/product/269ffedda7a06007055a643f5f788122.med.256p.jpg,Circumaural,70 Hz - 15 kHz,Yes,No,Closed,Black / Blue,4
Skullcandy S2FFCM-065,,In Ear,In Ear,20 Hz - 20 kHz,Yes,No,Closed,Black / Red,0
Skullcandy S2FFDM-042,,In Ear,In Ear,20 Hz - 20 kHz,Yes,No,Closed,Black / Orange,0
Skullcandy S2FFDM-083,,https://cdna.pcpartpicker.com/static/forever/images/product/009870e800bddf8624997335b77607f9.med.256p.jpg,In Ear,20 Hz - 20 kHz,Yes,No,Closed,Black / Yellow,0
Skullcandy S2FFDM-145,,In Ear,In Ear,20 Hz - 20 kHz,Yes,No,Closed,Black / Gold,0
Skullcandy S2FFFA-003,,In Ear,In Ear,20 Hz - 20 kHz,Yes,No,Closed,Black / Silver,0
Skullcandy S2FFFA-075,,In Ear,In Ear,20 Hz - 20 kHz,Yes,No,Closed,Black / White,0
Skullcandy S2FFFM-034,,In Ear,In Ear,20 Hz - 20 kHz,Yes,No,Closed,Black / Red,0
Skullcandy S2FFFM-059,,In Ear,In Ear,20 Hz - 20 kHz,Yes,No,Closed,Black / Red,0
Skullcandy S2FFFM-074,,In Ear,In Ear,20 Hz - 20 kHz,Yes,No,Closed,Black / Silver,0
Skullcandy S2FFFM-075,,In Ear,In Ear,20 Hz - 20 kHz,Yes,No,Closed,Black / Silver,0
Skullcandy S2FFFM-256,,In Ear,In Ear,20 Hz - 20 kHz,Yes,No,Closed,Black / Silver,0
Skullcandy S2FFFM-259,,In Ear,In Ear,20 Hz - 20 kHz,Yes,No,Closed,Black / Blue,0
Skullcandy S2FFFM-289,,In Ear,In Ear,20 Hz - 20 kHz,Yes,No,Closed,Blue / White,0
Skullcandy S2FFFM-319,,In Ear,In Ear,20 Hz - 20 kHz,Yes,No,Closed,Black / Green,0
Skullcandy S2FXDM-008,,In Ear,In Ear,20 Hz - 20 kHz,Yes,No,Closed,Black / Silver,0
Skullcandy S2FXDM-075,,https://cdna.pcpartpicker.com/static/forever/images/product/c02f1424a395b3953b87b5db6b811325.med.256p.jpg,In Ear,20 Hz - 20 kHz,Yes,No,Closed,Black / Silver,0
Skullcandy S2FXDM-161,,In Ear,In Ear,20 Hz - 20 kHz,Yes,No,Closed,Black / Red,0
Skullcandy S2FXFM-312,,In Ear,In Ear,20 Hz - 20 kHz,Yes,No,Closed,Black / Blue,0
Skullcandy S2HMCY-003,,In Ear,In Ear,5 Hz - 22 kHz,Yes,No,Closed,Black,0
Skullcandy S2HMCY-016-1,,In Ear,In Ear,5 Hz - 22 kHz,Yes,No,Closed,Black,0
Skullcandy S2IKDY-003,,In Ear,In Ear,5 Hz - 22 kHz,Yes,No,Closed,Black,0
Skullcandy S2IKDZ-058,,In Ear,In Ear,5 Hz - 22 kHz,Yes,No,Closed,Multicolor,0
Skullcandy S2IKFY-074,,In Ear,In Ear,5 Hz - 22 kHz,Yes,No,Closed,Black / White,0
Skullcandy S2INCZ-036,,In Ear,In Ear,20 Hz - 20 kHz,No,No,Closed,Pink / Black,0
Skullcandy S2INCZ-040,,In Ear,In Ear,20 Hz - 20 kHz,No,No,Closed,Pink / Black,0
Skullcandy S2INCZ-045,,In Ear,In Ear,20 Hz - 20 kHz,No,No,Closed,Pink / Black,4
Skullcandy S2INCZ-049,,In Ear,In Ear,20 Hz - 20 kHz,No,No,Closed,Pink / Black,0
Skullcandy S2INDY-045,,In Ear,In Ear,true,Yes,No,Closed,Black / Silver,0
Skullcandy S2INDY-134,,In Ear,In Ear,true,Yes,No,Closed,Black / Pink,0
Sony MW600,,https://cdna.pcpartpicker.com/static/forever/images/product/a19fd1d0a8d4cd54211fb63ce2425a16.med.256p.jpg,Earbud,true,Yes,Yes,Closed,Black / White,0
Sony 162219,,Circumaural,Circumaural,false,No,No,Closed,Black,0
Sony 163120478651,,https://cdna.pcpartpicker.com/static/forever/images/product/71ceec5f0bf7d2fc7c9d293bfa27de5f.med.256p.jpg,Supra-aural,false,No,No,Closed,Black,0
Sony 777786204211,,Supra-aural,Supra-aural,false,No,No,Closed,Black,0
Sony ASONMDRNC100K1,,Earbud,Earbud,false,No,No,Closed,Black,0
Sony DRNC201IP,,Supra-aural,Supra-aural,8 Hz - 23 kHz,No,No,Closed,Black,0
Sony MDR-110LP,,Supra-aural,Supra-aural,18 Hz - 20 kHz,No,No,Closed,Black,0
Sony MDR-222KD/BLK,,Supra-aural,Supra-aural,14 Hz - 20 kHz,No,No,Closed,Black,0
Sony MDR-AS200 BK,,Earbud,Earbud,17 Hz - 22 kHz,No,No,Closed,Black,0
Sony MDR-AS20J,,Earbud,Earbud,18 Hz - 22 kHz,No,No,Closed,Black,0
Sony MDR-E828LP/SLV,,Earbud,Earbud,12 Hz - 22 kHz,No,No,Closed,Black / Silver,0
Sony MDR-EX10LP/DPK,,In Ear,In Ear,8 Hz - 22 kHz,No,No,Closed,Pink,0
Sony MDR-IF245RK,,Supra-aural,Supra-aural,10 Hz - 24 kHz,No,No,Closed,Black,0
Sony MDR-J10/BLUE,,Earbud,Earbud,20 Hz - 20 kHz,No,No,Closed,Blue,0
Sony MDR-MA300,,Supra-aural,Supra-aural,10 Hz - 24 kHz,No,No,Open,Black,0
Sony MDR-NC22/BLK,,https://cdna.pcpartpicker.com/static/forever/images/product/ec44f1f314d4e306f293560b6c35aff8.med.256p.jpg,Earbud,8 Hz - 22 kHz,No,No,Closed,Black / Silver,0
Sony MDR-NC7/BLK,,Supra-aural,Supra-aural,30 Hz - 20 kHz,No,No,Open,Black / Silver,0
Sony MDR-Q68LW,,Supra-aural,Supra-aural,16 Hz - 24 kHz,No,No,Closed,Black,0
Sony MDR-RF810RK,,Circumaural,Circumaural,20 Hz - 20 kHz,No,Yes,Closed,Black,3
Sony MDR-V250V,,Supra-aural,Supra-aural,18 Hz - 22 kHz,No,No,Closed,Black,0
Sony MDR-V55/WHI,,Supra-aural,Supra-aural,5 Hz - 25 kHz,No,No,Closed,White,5
Sony MDR-X05/BR,,Supra-aural,Supra-aural,4 Hz - 24 kHz,No,No,Closed,Red / Black,4
Sony MDR-X05/RB,,Supra-aural,Supra-aural,4 Hz - 24 kHz,No,No,Closed,Black / Red,0
Sony MDR-X10/RED,,Supra-aural,Supra-aural,3 Hz - 29 kHz,No,No,Closed,White / Red,0
Sony MDR-XD100,,Circumaural,Circumaural,12 Hz - 22 kHz,No,No,Closed,Black / Silver,0
Sony MDR-XD200,,https://cdna.pcpartpicker.com/static/forever/images/product/3e105d9cdcf8ab98ec46ef88eadac50a.256p.jpg,Supra-aural,10 Hz - 22 kHz,No,No,Closed,Black / Silver,3
Sony MDR-ZX100/BLK,,Supra-aural,Supra-aural,12 Hz - 22 kHz,No,No,Closed,Black,5
Sony MDR-ZX100/WHT,,https://cdna.pcpartpicker.com/static/forever/images/product/321b8d7d0753783377f5b30a92659c14.256p.jpg,Supra-aural,12 Hz - 22 kHz,No,No,Closed,White,5
Sony MDR-ZX300/BLK,,Supra-aural,Supra-aural,10 Hz - 24 kHz,No,No,Closed,Black,0
Sony MDR-ZX500,,Circumaural,Circumaural,8 Hz - 25 kHz,No,No,Closed,Black,0
Sony MDR-ZX600/WHI,,Supra-aural,Supra-aural,6 Hz - 25 kHz,No,No,Closed,White,0
Sony MDR-ZX700,,Supra-aural,Supra-aural,5 Hz - 40 kHz,No,No,Closed,Black,0
Sony MDR210LP,,Supra-aural,Supra-aural,14 Hz - 20 kHz,No,No,Closed,Black,0
Sony MDR222KD/PIN,,Supra-aural,Supra-aural,14 Hz - 20 kHz,No,No,Closed,Pink / Black,0
Sony MDR-570LP/BLK,,Supra-aural,Supra-aural,12 Hz - 22 kHz,No,No,Closed,Black,0
Sony MDR-770LP,,Supra-aural,Supra-aural,12 Hz - 24 kHz,No,No,Closed,Black,0
Sony MDRAS200/ORG,,Earbud,Earbud,17 Hz - 22 kHz,No,No,Closed,Black / Orange,0
Sony MDRAS200B,,Earbud,Earbud,17 Hz - 22 kHz,No,No,Closed,Black,0
Sony MDRAS200BL,,https://cdna.pcpartpicker.com/static/forever/images/product/9fc80d4e072031584cbc3cf2c03642e6.256p.jpg,Earbud,17 Hz - 22 kHz,No,No,Closed,Black / Blue,0
Sony MDRAS200G,,Earbud,Earbud,17 Hz - 22 kHz,No,No,Closed,Black / Green,0
Sony MDRAS200O,,Earbud,Earbud,17 Hz - 22 kHz,No,No,Closed,Black / Orange,0
Sony MDRAS200PK,,Earbud,Earbud,17 Hz - 22 kHz,No,No,Closed,Pink / Black,0
Sony MDRAS20J/WHI,,Earbud,Earbud,false,No,No,Closed,White,0
Sony MDRAS30G,,Supra-aural,Supra-aural,14 Hz - 23 kHz,No,No,Closed,Black / Silver,0
Sony MDRAS35W,,In Ear,In Ear,18 Hz - 22 kHz,No,No,Closed,Black / Silver,0
Sony MDRDS6500,,Circumaural,Circumaural,12 Hz - 22 kHz,No,Yes,Closed,Black / Silver,0
Sony MDR-ED12LP/RED,,In Ear,In Ear,8 Hz - 22 kHz,No,No,Closed,Black / Red,0
Sony MDREX37B/BLU,,Earbud,Earbud,6 Hz - 23 kHz,No,No,Closed,Black / Blue,0
Sony MDR-G45LP,,https://cdna.pcpartpicker.com/static/forever/images/product/bed03ec980ae79c8cac0358ecc20f2ab.256p.jpg,Supra-aural,16 Hz - 20 kHz,No,No,Closed,Black,0
Sony MDRJ10/WHITE,,Earbud,Earbud,20 Hz - 20 kHz,No,No,Closed,White,0
Sony MDR-J10/BLACK,,Earbud,Earbud,20 Hz - 20 kHz,No,No,Closed,Black,0
Sony MDRMA100,,Supra-aural,Supra-aural,12 Hz - 22 kHz,No,No,Closed,Black,0
Sony MDRMA900,,Circumaural,Circumaural,5 Hz - 40 kHz,No,No,Open,Black,0
Sony MDRNC200D,,Supra-aural,Supra-aural,8 Hz - 23 kHz,No,No,Closed,Black,0
Sony MDRNC40,,Supra-aural,Supra-aural,14 Hz - 22 kHz,No,No,Closed,Black,0
Sony MDRNC500D,,Circumaural,Circumaural,5 Hz - 24 kHz,No,No,Closed,Black,0
Sony MDRNC8WHI,,Supra-aural,Supra-aural,30 Hz - 20 kHz,No,No,Closed,White,0
Sony MDRV55BR,,Circumaural,Circumaural,5 Hz - 25 kHz,No,No,Closed,Black / Red,0
Sony MDRX05BS,,Supra-aural,Supra-aural,4 Hz - 24 kHz,No,No,Closed,Black / Silver,0
Sony MDRX05RS,,Supra-aural,Supra-aural,4 Hz - 24 kHz,No,No,Closed,Red / Silver,0
Sony MDR-XB600,,Supra-aural,Supra-aural,4 Hz - 24 kHz,No,No,Closed,Brown / Black,0
Sony MDRZX100BLU,,Supra-aural,Supra-aural,12 Hz - 22 kHz,No,No,Closed,Black / Blue,0
Sony MDRZX100RD,,Supra-aural,Supra-aural,12 Hz - 22 kHz,No,No,Closed,Black / Red,0
Sony MDRZX100RED,,Supra-aural,Supra-aural,12 Hz - 22 kHz,No,No,Closed,Black / Red,0
Sony MDRZX300/RED,,Supra-aural,Supra-aural,10 Hz - 24 kHz,No,No,Closed,Black / Red,0
Sony MDRZX300APB,,Supra-aural,Supra-aural,10 Hz - 24 kHz,No,No,Closed,Black,0
Sony MDRZX300APL,,Supra-aural,Supra-aural,10 Hz - 24 kHz,No,No,Closed,Black / Blue,0
Sony MDRZX300IPB,,Supra-aural,Supra-aural,10 Hz - 24 kHz,No,No,Closed,Black,0
Sony MDRZX300IPW,,Supra-aural,Supra-aural,10 Hz - 24 kHz,No,No,Closed,White,0
Sony MDRZX600/BLK,,Supra-aural,Supra-aural,6 Hz - 25 kHz,No,No,Closed,Black / Red,5
Sony MDRZX600/GRAY,,Supra-aural,Supra-aural,6 Hz - 25 kHz,No,No,Closed,Red / Silver,5
Sony SY-MDR-DS6500,,Circumaural,Circumaural,12 Hz - 22 kHz,No,Yes,Closed,Black / Silver,0
Sony XBA-2,,In Ear,In Ear,4 Hz - 25 kHz,No,No,Closed,Black / Silver,0
Sony XBA1VP,,In Ear,In Ear,5 Hz - 25 kHz,Yes,No,Closed,Black / Silver,0
Sony XBA2VP,,In Ear,In Ear,4 Hz - 25 kHz,Yes,No,Closed,Black / Silver,0
Sony XBA3,,In Ear,In Ear,4 Hz - 28 kHz,Yes,No,Closed,Black / Silver,0
Sony XBA4,,In Ear,In Ear,3 Hz - 28 kHz,No,No,Closed,Black / Silver,0
Turtle Beach M3,,Supra-aural,Supra-aural,30 Hz - 20 kHz,No,No,Closed,Black,0
Coby CV-320,,https://cdna.pcpartpicker.com/static/forever/images/product/d7819d6da9c8e513a7705ccf85687bb9.med.256p.jpg,Circumaural,false,No,No,Closed,Silver / Black,0
KRK KNS-6400,,Circumaural,Circumaural,10 Hz - 22 kHz,No,No,Closed,Black,5
KRK KNS-8400,,https://cdna.pcpartpicker.com/static/forever/images/product/704e64281a92fa763093af880da8bb59.med.256p.jpg,Circumaural,5 Hz - 23 kHz,No,No,Closed,Black,5
M-Audio Studiophile Q40,,https://cdna.pcpartpicker.com/static/forever/images/product/33e1514298e9d18bfca099cd001d5df6.med.256p.jpg,Circumaural,10 Hz - 20 kHz,No,No,Closed,Black,0
Creative Labs 51EF0480AA002,,https://cdna.pcpartpicker.com/static/forever/images/product/167e86c4902ae07762a09ff80d52ce47.med.256p.jpg,Earbud,20 Hz - 20 kHz,No,Yes,Closed,Black / Silver,0
Creative Labs WP-250,,https://cdna.pcpartpicker.com/static/forever/images/product/713c356fbef4c468d7e8f3dbc7359937.256p.jpg,Earbud,20 Hz - 20 kHz,Yes,No,Closed,Black / Silver,0
Creative Labs HITZ MA200 Black,,In Ear,In Ear,8 Hz - 22 kHz,Yes,No,Closed,Black,0
Creative Labs HITZ MA350 Green,,In Ear,In Ear,6 Hz - 23 kHz,Yes,No,Closed,Green / White,0
Creative Labs HITZ MA350 Red,,In Ear,In Ear,6 Hz - 23 kHz,Yes,No,Closed,Black / Red,0
Creative Labs 51MZ0210AA007,,Supra-aural,Supra-aural,20 Hz - 20 kHz,No,No,Closed,Black / Silver,0
Zalman ZM-DS4FBlack,,Circumaural,Circumaural,50 Hz - 20 kHz,No,No,Closed,Black,0
Zalman ZM-DS4FWhite,,Circumaural,Circumaural,50 Hz - 20 kHz,No,No,Closed,White / Black,0
Zalman ZM-RS6F,,Circumaural,Circumaural,50 Hz - 20 kHz,No,No,Closed,Black,0
Ziotek 190 0282,,Supra-aural,Supra-aural,false,No,No,Closed,Black,0
Audiovox 808-HPA88BKG,,https://cdna.pcpartpicker.com/static/forever/images/product/fd818cadd234281291b001ea4efd0dc5.med.256p.jpg,Circumaural,20 Hz - 20 kHz,No,No,Closed,Black,0
Audiovox 808-HPA88BKM,,https://cdna.pcpartpicker.com/static/forever/images/product/57d08398ae4d935a4207f16d7dc570ac.med.256p.jpg,Circumaural,20 Hz - 20 kHz,No,No,Closed,Black,0
Audiovox 808-HPA88WHG,,https://cdna.pcpartpicker.com/static/forever/images/product/6ddcbe58ca4e875f1bce7fd37bd6fc28.med.256p.jpg,Circumaural,20 Hz - 20 kHz,No,No,Closed,White,0
Audiovox ARW300,,https://cdna.pcpartpicker.com/static/forever/images/product/d69816ef3ee3ef245e011d86572e1067.med.256p.jpg,Circumaural,20 Hz - 20 kHz,No,No,Closed,Black / Silver,0
Audiovox HP335N,,https://cdna.pcpartpicker.com/static/forever/images/product/88bd05f921c023835bc7421b8058035f.med.256p.jpg,Supra-aural,20 Hz - 20 kHz,No,No,Closed,Black,0
Audiovox HP56BK,,Earbud,Earbud,false,No,No,Closed,Black,0
Audiovox IR1CFF,,https://cdna.pcpartpicker.com/static/forever/images/product/4519d6f54fc52f86244f3eaa356455a7.med.256p.jpg,Supra-aural,false,No,Yes,Closed,Black,0
Audiovox WHP141B,,Circumaural,Circumaural,30 Hz - 12.5 kHz,No,Yes,Closed,Black,0
Avid Technology DX-992,,In Ear,In Ear,false,No,No,Closed,White,0
Chester Creek Technologies HP 001 VC,,https://cdna.pcpartpicker.com/static/forever/images/product/802d8f347435c961bf05f2cbea3c0ca0.256p.jpg,Circumaural,false,No,No,Closed,Black,0
Chester Creek Technologies HP002VC,,Circumaural,Circumaural,true,Yes,No,Closed,Black,0
Creative Labs HQ-1600,,Circumaural,Circumaural,20 Hz - 20 kHz,No,No,Closed,Black / Beige,0
Creative Labs WP-300,,Circumaural,Circumaural,18 Hz - 22 kHz,No,Yes,Closed,Black,0
Creative Labs Hn-900,,Circumaural,Circumaural,20 Hz - 20 kHz,No,Yes,Closed,Black / Silver,0
Ergoguys 2800-BL,29.57,Supra-aural,Supra-aural,20 Hz - 19 kHz,No,No,Closed,Black / Blue,0
Ergoguys 2800-RD,29.57,https://cdna.pcpartpicker.com/static/forever/images/product/fbb210c352922a981130917068be9708.256p.jpg,Supra-aural,20 Hz - 20 kHz,No,No,Closed,Black / Red,0
Ergoguys 2810-PA,,Circumaural,Circumaural,20 Hz - 19 kHz,No,No,Closed,Multicolor,0
Ergoguys 2924AVPS,,Circumaural,Circumaural,40 Hz - 18 kHz,No,No,Closed,Black / White,0
Ergoguys 3068A-V,55.38,Circumaural,Circumaural,false,No,No,Closed,Black,0
Etymotic Research ER7-MC3-BLACK-I,,In Ear,In Ear,20 Hz - 15 kHz,No,No,Closed,Black / Silver,0
Harman Kardon HARKAR-BT,,Circumaural,Circumaural,16 Hz - 20 kHz,No,Yes,Closed,Black,0
Harman Kardon HARKARAE,,In Ear,In Ear,false,No,No,Closed,Black / Silver,0
Harman Kardon HARKARCL,,Circumaural,Circumaural,16 Hz - 20 kHz,No,No,Closed,Black / Silver,0
Harman Kardon HARKARNC,,Circumaural,Circumaural,16 Hz - 20 kHz,No,No,Closed,Black / Silver,0
Harman Kardon HARKARNI,,In Ear,In Ear,20 Hz - 20 kHz,Yes,No,Closed,Black / Silver,0
Harman Kardon J22BLK,,In Ear,In Ear,18 Hz - 20 kHz,No,No,Closed,Black / Silver,0
Harman Kardon J22WHT,,In Ear,In Ear,18 Hz - 20 kHz,No,No,Closed,White,0
Harman Kardon J33BLK,,In Ear,In Ear,10 Hz - 24 kHz,No,No,Closed,Black / Silver,0
Harman Kardon J55BLK,,https://cdna.pcpartpicker.com/static/forever/images/product/ee99aecced8c95dab764c15fd08abce7.med.256p.jpg,Supra-aural,10 Hz - 24 kHz,No,No,Closed,Black / Silver,0
Harman Kardon J55IWHT,,Supra-aural,Supra-aural,10 Hz - 24 kHz,No,No,Closed,White,0
Harman Kardon J55IWOR,,Supra-aural,Supra-aural,10 Hz - 24 kHz,No,No,Closed,Orange / White,0
Harman Kardon J55WHT,,Supra-aural,Supra-aural,10 Hz - 24 kHz,No,No,Closed,White,0
Harman Kardon J88IBLK,99,https://cdna.pcpartpicker.com/static/forever/images/product/fa1950d63811a39bf76e00f0536ed527.256p.jpg,Circumaural,8 Hz - 24 kHz,Yes,No,Closed,Black / Silver,0
Harman Kardon J88IWHT,,Circumaural,Circumaural,8 Hz - 24 kHz,Yes,No,Closed,White,0
Harman Kardon J88IWOR,,Circumaural,Circumaural,8 Hz - 24 kHz,Yes,No,Closed,Orange / White,0
Harman Kardon J88WHT,,Circumaural,Circumaural,8 Hz - 24 kHz,No,No,Closed,White,0
Harman Kardon J88WOR,,Circumaural,Circumaural,8 Hz - 24 kHz,No,No,Closed,Orange / White,0
Logitech 981-000415,,Supra-aural,Supra-aural,true,Yes,No,Closed,Black / Silver,0
Logitech H650e,83.03,https://cdna.pcpartpicker.com/static/forever/images/product/79914520263bc572c583dedcbf301abe.256p.jpg,Supra-aural,50 Hz - 10 kHz,Yes,No,Closed,Black / Silver,0
Logitech Ultimate Ears 350vm,,In Ear,In Ear,true,Yes,No,Closed,Black / Silver,4
Logitech Ultimate ears 500vm,,Earbud,Earbud,20 Hz - 20 kHz,Yes,No,Closed,Black / Silver,0
Logitech 200vi,19.98,In Ear,Earbud,20 Hz - 20 kHz,Yes,No,Closed,Purple,0
Astro A30,,Supra-aural,Supra-aural,15 Hz - 28 kHz,Yes,No,Closed,Black / Red,4
Astro A40,,Circumaural,Circumaural,15 Hz - 28 kHz,Yes,No,Closed,Black,4.5
Asus Orion,79.99,https://cdna.pcpartpicker.com/static/forever/images/product/67b8155f40ba9f02dcb5ae79cb999aeb.256p.jpg,Circumaural,20 Hz - 20 kHz,Yes,No,Closed,Black / Red,0
Asus Orion Pro,,Circumaural,Circumaural,20 Hz - 20 kHz,Yes,No,Closed,Black / Red,5
Asus Vulcan Pro,,https://cdna.pcpartpicker.com/static/forever/images/product/214f32fe8ef9de6da7f907b72b8bac21.256p.jpg,Circumaural,20 Hz - 20 kHz,Yes,No,Closed,Black / Red,0
Corsair Vengeance 1300,,Circumaural,Circumaural,20 Hz - 20 kHz,Yes,No,Closed,Black / Blue,0
Corsair Vengeance 1500,,Circumaural,Circumaural,20 Hz - 20 kHz,Yes,No,Closed,Black / Blue,4.5
Corsair Vengeance 2000,,Circumaural,Circumaural,20 Hz - 20 kHz,Yes,Yes,Closed,Black / Blue,4
Creative Labs ChatMax HS-620,86.24,https://cdna.pcpartpicker.com/static/forever/images/product/cba788b9535c42313925b94b71172dcf.256p.jpg,Circumaural,20 Hz - 20 kHz,Yes,No,Closed,Black / Silver,0
Creative Labs ChatMax HS-420,,Supra-aural,Supra-aural,20 Hz - 20 kHz,Yes,No,Closed,Black / Silver,0
Creative Labs ChatMax HS-720,,Circumaural,Circumaural,20 Hz - 20 kHz,Yes,No,Closed,Black / Silver,3
Creative Labs Creative Fatal1ty,,Circumaural,Circumaural,20 Hz - 20 kHz,Yes,No,Closed,Black / Red,4
Creative Labs Sound Blaster Tactic 3D Alpha,,Circumaural,Circumaural,true,Yes,No,Closed,Black,2.5
Creative Labs Sound Blaster Tactic 3D Sigma,,Circumaural,Circumaural,20 Hz - 20 kHz,Yes,No,Closed,Black,5
Creative Labs Tactic3D Wrath Wireless,,Circumaural,Circumaural,20 Hz - 20 kHz,Yes,Yes,Closed,Black / Red,3
Creative Labs Tactic3D Rage Wireless,,Circumaural,Circumaural,20 Hz - 20 kHz,Yes,Yes,Closed,Black / Red,4
Creative Labs Tactic3D Rage,,Circumaural,Circumaural,20 Hz - 20 kHz,Yes,No,Closed,Black / Red,4
Creative Labs Sound Blaster EVO,,Circumaural,Circumaural,false,No,No,Closed,Black / Red,0
Logitech H600,,https://cdna.pcpartpicker.com/static/forever/images/product/c64eeefd7d0ea0dddaa8debf24ccfff1.256p.jpg,Supra-aural,true,Yes,Yes,Closed,Black / Blue,0
Mad Catz F.R.E.Q. 7,,Circumaural,Circumaural,true,Yes,No,Closed,Black,5
Mad Catz MCB434040002/02/1,,Supra-aural,Supra-aural,20 Hz - 20 kHz,Yes,No,Closed,Black,0
Mad Catz Kunai,,Supra-aural,Supra-aural,20 Hz - 20 kHz,Yes,Yes,Closed,Black,0
Mad Catz TRIAX180,,Circumaural,Circumaural,25 Hz - 22 kHz,Yes,No,Closed,Black,0
ROCCAT Kulo,,Supra-aural,Supra-aural,20 Hz - 20 kHz,Yes,No,Closed,Black,0
ROCCAT Kulo - Virtual 7.1 Gaming Headset,,Supra-aural,Supra-aural,20 Hz - 20 kHz,Yes,No,Closed,Black,0
Razer Megalodon,,Circumaural,Circumaural,20 Hz - 20 kHz,Yes,No,Closed,Black,5
Razer Carcharias,,Circumaural,Circumaural,20 Hz - 20 kHz,Yes,No,Closed,Black,4.5
Razer Tiamat 2.2,,https://cdna.pcpartpicker.com/static/forever/images/product/b2cc6fb7840a7e6a61e90ea49fbdade7.256p.jpg,Circumaural,20 Hz - 20 kHz,Yes,No,Closed,Black,3.5
Razer Electra Essential Gaming &amp; Music Headset,,,Circumaural,25 Hz - 16 kHz,Yes,No,Closed,Black / Green,4
Razer Kraken Pro,,https://cdna.pcpartpicker.com/static/forever/images/product/8399affe2f3fec07bc67f52960972c31.256p.jpg,Circumaural,20 Hz - 20 kHz,Yes,No,Closed,Black / Green,4
Sennheiser PC360,,Circumaural,Circumaural,15 Hz - 28 kHz,Yes,No,Closed,Black,5
Sennheiser PC333D,,Circumaural,Circumaural,14 Hz - 22 kHz,Yes,No,Closed,Black / Silver,4.5
Sennheiser CC520 IP,,Supra-aural,Supra-aural,150 Hz - 6.8 kHz,No,No,Closed,Black / Silver,0
Sennheiser CC550 IP,,Supra-aural,Supra-aural,150 Hz - 6.8 kHz,No,No,Closed,Black,0
Sennheiser DW Pro2,,Supra-aural,Supra-aural,true,Yes,No,Closed,Black / Silver,0
Sennheiser PC131,,https://cdna.pcpartpicker.com/static/forever/images/product/b83d8439e9f6da5026e60d01a74f18cf.256p.jpg,Supra-aural,80 Hz - 18 kHz,Yes,No,Closed,Black / Silver,0
Sennheiser PC141,,https://cdna.pcpartpicker.com/static/forever/images/product/a076520bb8fed3f2d071515519e808bc.med.256p.jpg,Supra-aural,40 Hz - 20 kHz,Yes,No,Closed,Black / Silver,0
Sennheiser PC 310,,Supra-aural,Supra-aural,17 Hz - 22 kHz,Yes,No,Closed,Black,0
Sennheiser PC 320,,Circumaural,Circumaural,15 Hz - 230 kHz,Yes,No,Closed,Black,3.5
SteelSeries 61-053,,Circumaural,Circumaural,18 Hz - 28 kHz,Yes,No,Closed,Black / Yellow,0
SteelSeries Flux,,Supra-aural,Supra-aural,18 Hz - 28 kHz,Yes,No,Closed,Black,0
SteelSeries 7H,,Circumaural,Circumaural,18 Hz - 28 kHz,Yes,No,Closed,Black,0
SteelSeries 5H v2,,Circumaural,Circumaural,16 Hz - 28 kHz,Yes,No,Closed,Black / White,0
SteelSeries 3H,,Circumaural,Circumaural,10 Hz - 27 kHz,Yes,No,Closed,Black,4
SteelSeries 3H VR,,Circumaural,Circumaural,10 Hz - 27 kHz,Yes,No,Closed,Black,4
SteelSeries Guild Wars 2,,Supra-aural,Supra-aural,18 Hz - 28 kHz,Yes,No,Closed,White / Red,5
SteelSeries GH-100,,https://cdna.pcpartpicker.com/static/forever/images/product/495880916134a66637143eed18259441.med.256p.jpg,Supra-aural,true,Yes,No,Closed,Black / Silver,0
Thermaltake Cronos,64.98,Circumaural,Circumaural,20 Hz - 20 kHz,Yes,No,Closed,Black / Red,3.5
Thermaltake eSPORTS DRACCO Captain,,Circumaural,Circumaural,10 Hz - 22 kHz,Yes,No,Closed,Black / Red,4
Thermaltake CONSOLE,,Circumaural,Circumaural,true,Yes,No,Closed,Black / Green,0
Thermaltake LHA0049-B,44.98,Supra-aural,Supra-aural,false,No,No,Closed,White,0
Turtle Beach EarForce Z SEVEN,,Circumaural,Circumaural,true,Yes,No,Closed,Black / White,3
Turtle Beach EarForce Z2,,https://cdna.pcpartpicker.com/static/forever/images/product/144b4bbda975d4d2e76feb09b7cc4001.med.256p.jpg,Circumaural,true,Yes,No,Closed,Black / White,4
Turtle Beach Ear Force DP11,189.95,Circumaural,Circumaural,20 Hz - 20 kHz,Yes,No,Closed,Black / Red,3.5
Turtle Beach Ear Force Z11,,Circumaural,Circumaural,20 Hz - 20 kHz,Yes,No,Closed,Black,3.5
Turtle Beach Ear Force XP300,219.95,Circumaural,Circumaural,20 Hz - 20 kHz,Yes,Yes,Closed,Black / Green,3
Turtle Beach M5,,Circumaural,Circumaural,20 Hz - 20 kHz,Yes,No,Closed,Black / Silver,0
Turtle Beach Ear Force ZLa,,Supra-aural,Supra-aural,20 Hz - 20 kHz,Yes,No,Closed,Black,0
Turtle Beach Z22,,https://cdna.pcpartpicker.com/static/forever/images/product/9e6d0e5e309e185ab9ddeeda00511795.med.256p.jpg,Circumaural,true,Yes,No,Closed,Black / Red,3
Cooler Master Ceres -400,93.45,Circumaural,Circumaural,20 Hz - 20 kHz,Yes,No,Closed,Black / Red,0
Cooler Master CM Storm Sirus S,,Circumaural,Circumaural,10 Hz - 20 kHz,Yes,No,Closed,Black / Red,3
Cooler Master CM Storm Sonuz,,Circumaural,Circumaural,10 Hz - 20 kHz,Yes,No,Closed,Black / Red,0
Cooler Master CM Storm Pulse-R,,Circumaural,Circumaural,20 Hz - 20 kHz,Yes,No,Closed,Black / White,3
Cooler Master CM Storm Sirus 5.1 w/ Tactical Mixing Console,,Circumaural,Circumaural,10 Hz - 20 kHz,Yes,No,Closed,Black / Silver,4
Beyerdynamic Custom One Pro,,https://cdna.pcpartpicker.com/static/forever/images/product/0980f1bbd6c3dead057d6e34d0cb0843.med.256p.jpg,Circumaural,5 Hz - 35 kHz,No,No,Closed,Black,5
Beyerdynamic Tesla T50p,,https://cdna.pcpartpicker.com/static/forever/images/product/9037616f94b5bfe92287b434722261f7.256p.jpg,Supra-aural,10 Hz - 23 kHz,No,No,Closed,Black / Silver,0
Beyerdynamic Trendline Virginia Rose MMX 41 iE,,In Ear,In Ear,15 Hz - 20 kHz,No,No,Closed,Purple / Black,0
Beyerdynamic Trendline Racing Green MMX 41 iE,,https://cdna.pcpartpicker.com/static/forever/images/product/f239907933932dbe0eb01fe21c9713a7.med.256p.jpg,In Ear,15 Hz - 20 kHz,No,No,Closed,Green / Black,0
Beyerdynamic DT 770 PRO HT,,https://cdna.pcpartpicker.com/static/forever/images/product/35988c5ff813dc16d42fb041de7ec02b.med.256p.jpg,Circumaural,5 Hz - 35 kHz,No,No,Closed,Black / Silver,5
Beyerdynamic MMX 101 iE,,In Ear,In Ear,10 Hz - 23 kHz,No,No,Closed,Black,0
AKG K271 MK II,93.95,Circumaural,Circumaural,16 Hz - 28 kHz,No,No,Closed,Black / Silver,5
AKG IP2,,In Ear,In Ear,12 Hz - 23.5 kHz,No,No,Closed,Black / Silver,0
AKG K-495NC,,https://cdna.pcpartpicker.com/static/forever/images/product/d2d953a43f9725c641557bbd0ea68d03.med.256p.jpg,Circumaural,20 Hz - 20 kHz,No,No,Closed,Black / Silver,0
AKG K142HD,,https://cdna.pcpartpicker.com/static/forever/images/product/8345327ae8ec32ec1338b58da21ecf58.med.256p.jpg,Circumaural,18 Hz - 24 kHz,No,No,Closed,Black / Silver,0
AKG K242HD,,https://cdna.pcpartpicker.com/static/forever/images/product/b1597475015a82a8b78ab4dd3043b37d.med.256p.jpg,Circumaural,15 Hz - 25 kHz,No,No,Semi-open,Black / Silver,0
AKG K267 TIESTO,,Circumaural,Circumaural,5 Hz - 30 kHz,No,No,Closed,Black / Silver,0
AKG K272 HD,,https://cdna.pcpartpicker.com/static/forever/images/product/b686d5e7cfe4921fb14f0eec581451a6.med.256p.jpg,Circumaural,16 Hz - 28 kHz,No,No,Closed,Black / Silver,0
AKG K326BLK,,https://cdna.pcpartpicker.com/static/forever/images/product/89247bc9c8c9cc570274f55dfba85406.med.256p.jpg,Earbud,17 Hz - 23 kHz,Yes,No,Closed,Black,0
AKG K326RED,,https://cdna.pcpartpicker.com/static/forever/images/product/704c75f086cf8e7bc89200c7983eedda.med.256p.jpg,Earbud,17 Hz - 23 kHz,Yes,No,Closed,Black / Red,0
AKG K326SNY,,Earbud,Earbud,17 Hz - 23 kHz,Yes,No,Closed,Black / Yellow,0
AKG K328SBP,,https://cdna.pcpartpicker.com/static/forever/images/product/898c7b46c1d2f5fdaaacc3ce330660bf.med.256p.jpg,Earbud,13 Hz - 22.5 kHz,Yes,No,Closed,Black / Purple,0
AKG K328SBR,,https://cdna.pcpartpicker.com/static/forever/images/product/44a2ba92f995ffca0bf1f9e4302d7262.med.256p.jpg,Earbud,13 Hz - 22.5 kHz,Yes,No,Closed,Black / Red,0
AKG K350 CRM,,https://cdna.pcpartpicker.com/static/forever/images/product/fa7201ffa5a46b3af1e5cb8a5fb3cc46.med.256p.jpg,In Ear,12 Hz - 23.5 kHz,Yes,No,Closed,Black / Silver,0
AKG K350 WHT,,https://cdna.pcpartpicker.com/static/forever/images/product/2460713cc5225dcaa1926d2542596341.med.256p.jpg,In Ear,12 Hz - 23.5 kHz,Yes,No,Closed,White,0
AKG K374SLV,,https://cdna.pcpartpicker.com/static/forever/images/product/615e873af5896ac04ce8b609958ad03b.med.256p.jpg,In Ear,10 Hz - 24 kHz,No,No,Closed,Black / Silver,0
AKG K420BLU,,https://cdna.pcpartpicker.com/static/forever/images/product/4e0828db191f5631fbf6dcc23c8addab.med.256p.jpg,Circumaural,13 Hz - 27 kHz,No,No,Semi-open,Black / Blue,0
AKG K430WHT,,https://cdna.pcpartpicker.com/static/forever/images/product/15ffea60b178f23182abc8a831c5124e.med.256p.jpg,Circumaural,12 Hz - 28 kHz,No,No,Closed,White,0
AKG K451BLK,,https://cdna.pcpartpicker.com/static/forever/images/product/9a3338741cd26982352214d351e1b825.med.256p.jpg,Supra-aural,11 Hz - 29.5 kHz,No,No,Closed,Black / Silver,0
AKG K490 NC,,https://cdna.pcpartpicker.com/static/forever/images/product/ba3507cb6007ac7714672fc6a40e47f9.med.256p.jpg,Circumaural,20 Hz - 20 kHz,No,No,Closed,Black / Silver,0
AKG K512 MKII,,https://cdna.pcpartpicker.com/static/forever/images/product/f4136a141b2573da85df552d2a5f8c8e.med.256p.jpg,Circumaural,16 Hz - 20 kHz,No,No,Closed,Black / Silver,0
AKG K518LERED,,https://cdna.pcpartpicker.com/static/forever/images/product/7570602a1e5d52905df678216ad8e8df.med.256p.jpg,Circumaural,16 Hz - 24 kHz,No,No,Closed,Black / Red,0
AKG K518LEWHT,,https://cdna.pcpartpicker.com/static/forever/images/product/45ace2d7193cdbfe122892631112e834.med.256p.jpg,Circumaural,16 Hz - 24 kHz,No,No,Closed,Black / White,0
AKG K518LE,,https://cdna.pcpartpicker.com/static/forever/images/product/3e4b410ff07fc3469480b8fead7a2580.med.256p.jpg,Circumaural,16 Hz - 24 kHz,No,No,Closed,Black / Yellow,4
AKG K550,,https://cdna.pcpartpicker.com/static/forever/images/product/0c71d3f764f8d5539decd7a869190f8e.med.256p.jpg,Circumaural,12 Hz - 28 kHz,No,No,Closed,Black,5
AKG K551WHT,209.99,Circumaural,Circumaural,12 Hz - 28 kHz,Yes,No,Closed,White,5
AKG K551SLV,,https://cdna.pcpartpicker.com/static/forever/images/product/cbee3e03e2968d4a5bb1d6cd7e89c97e.med.256p.jpg,Circumaural,12 Hz - 28 kHz,Yes,No,Closed,Black / Silver,5
AKG K619BLK,,Circumaural,Circumaural,16 Hz - 24 kHz,Yes,No,Closed,Black,0
AKG K619BLU,,Circumaural,Circumaural,16 Hz - 24 kHz,Yes,No,Closed,Black / Blue,0
AKG K619RED,,Circumaural,Circumaural,16 Hz - 24 kHz,Yes,No,Closed,Black / Red,0
AKG K830BT,,https://cdna.pcpartpicker.com/static/forever/images/product/d1b7811999bb21472354d546d9f99036.med.256p.jpg,Supra-aural,18 Hz - 20 kHz,No,No,Closed,Black,0
AKG K840 KL,,https://cdna.pcpartpicker.com/static/forever/images/product/a1182816768fce9f69ab51c8d75089a5.med.256p.jpg,Supra-aural,10 Hz - 31 kHz,No,No,Closed,Black / Silver,0
AKG Q701B,,https://cdna.pcpartpicker.com/static/forever/images/product/f336eb8932f844587d4dbbc4ae10b21a.med.256p.jpg,Circumaural,10 Hz - 39.8 kHz,No,No,Open,Black / Green,0
AKG Q701WHT,,https://cdna.pcpartpicker.com/static/forever/images/product/3ad0a99e7a2d68edd8fdadf9b1e8fdd1.med.256p.jpg,Circumaural,10 Hz - 39.8 kHz,No,No,Open,Black / White,0
AKG K391NC,,In Ear,In Ear,12 Hz - 24 kHz,Yes,No,Closed,Black / Silver,0
Mad Catz F.R.E.Q. M,,Circumaural,Circumaural,20 Hz - 20 kHz,Yes,No,Closed,Black / Red,0
Mad Catz MOV471060002/04/1,,Circumaural,Circumaural,true,Yes,No,Closed,Black,0
Etymotic Research HF2,,In Ear,In Ear,20 Hz - 15 kHz,Yes,No,Closed,Black / White,0
Gear Head BN2450NC,,Supra-aural,Supra-aural,20 Hz - 15 kHz,Yes,No,Closed,Black,0
Gigabyte GP-FLY,,Supra-aural,Supra-aural,15 Hz - 20 kHz,No,No,Closed,Black / Silver,0
Hercules 4780507,,https://cdna.pcpartpicker.com/static/forever/images/product/c6fa8e8465e3dfa0cfa3350cfcf00714.256p.jpg,Circumaural,20 Hz - 20 kHz,No,No,Closed,Black / Silver,0
Koss 154328,,Circumaural,Circumaural,30 Hz - 20 kHz,No,No,Closed,Black,0
Koss SB49,,https://cdna.pcpartpicker.com/static/forever/images/product/b4d9628f4620f531e6f3a0c3dcf91b7c.256p.jpg,Circumaural,18 Hz - 20 kHz,Yes,No,Closed,Black / White,0
Koss 178203,74.62,https://cdna.pcpartpicker.com/static/forever/images/product/851dd48a2573de913b1862c925064cd1.256p.jpg,Circumaural,true,Yes,No,Closed,Black / Silver,0
Koss CS95USB,29.39,https://cdna.pcpartpicker.com/static/forever/images/product/c110e608a0f68dda7a11986f115fb58a.256p.jpg,Supra-aural,30 Hz - 16 kHz,Yes,No,Closed,Black / Silver,0
Koss KEB6W,11.44,In Ear,In Ear,false,No,No,Closed,White,0
Koss KMO10G,,Earbud,Earbud,60 Hz - 20 kHz,No,No,Closed,Camo,0
Koss KMO10P,,Earbud,Earbud,60 Hz - 20 kHz,No,No,Closed,Pink,0
Koss KMO5G,,Earbud,Earbud,60 Hz - 20 kHz,No,No,Closed,Green,0
Koss SB49 07,,Circumaural,Circumaural,18 Hz - 20 kHz,Yes,No,Closed,Black / Silver,0
Koss UR22V,,Circumaural,Circumaural,20 Hz - 20 kHz,No,No,Closed,Black,0
Philips SHS4150,,Earbud,Earbud,false,No,No,Closed,White,0
Philips HS430,,https://cdna.pcpartpicker.com/static/forever/images/product/fe76a171a0bcbd74757feab976755c8b.med.256p.jpg,Supra-aural,12 Hz - 20 kHz,No,No,Closed,Black / Blue,0
Philips LFH2236/00,32,https://cdna.pcpartpicker.com/static/forever/images/product/ea040b8b6e3e37b944993d6c82f06c67.256p.jpg,Supra-aural,18 Hz - 20 kHz,No,No,Closed,Black / Silver,0
Philips SHL1601,,https://cdna.pcpartpicker.com/static/forever/images/product/76e84e072ea04a485355321fb011083d.med.256p.jpg,Supra-aural,false,No,No,Closed,Pink,0
Philips SHE2100BK28,27.86,https://cdna.pcpartpicker.com/static/forever/images/product/9a8718856b66bb64edd649faa33b444e.med.256p.jpg,Earbud,12 Hz - 22 kHz,No,No,Closed,Black,0
Philips SHE2100BL28,14.99,Earbud,Earbud,12 Hz - 22 kHz,No,No,Closed,White / Blue,0
Philips SHE2100GY28,,Earbud,Earbud,12 Hz - 22 kHz,No,No,Closed,Black / Silver,0
Philips SHE2100PK28,,https://cdna.pcpartpicker.com/static/forever/images/product/6221817826888e4d388152a0192007d1.med.256p.jpg,Earbud,12 Hz - 22 kHz,No,No,Closed,Pink / White,0
Philips SHE2100PP28,,Earbud,Earbud,12 Hz - 22 kHz,No,No,Closed,Purple,0
Philips SHE2100WT28,,Earbud,Earbud,12 Hz - 22 kHz,No,No,Closed,Silver,0
Asus NC1/BLK/ALW/AS,,Supra-aural,Supra-aural,16 Hz - 22 kHz,No,No,Closed,Black,0
Audiovox RCA-WHP141B,,Circumaural,Circumaural,false,No,Yes,Closed,Black,0
Cobra EHH007BK,,Circumaural,Circumaural,20 Hz - 20 kHz,Yes,No,Closed,Black / Silver,0
Coby CV-121,,Circumaural,Circumaural,false,No,No,Closed,Black / Silver,0
Coby CV195,,Circumaural,Circumaural,false,No,No,Closed,Black,0
Coby CV400GRN,,https://cdna.pcpartpicker.com/static/forever/images/product/753e39fefabb00f4cdf2345f94a33d1d.med.256p.jpg,Supra-aural,false,No,No,Closed,Black / Red,0
Coby CVH32,,Supra-aural,Supra-aural,false,No,No,Closed,Black,0
Coby CV-H32,,Supra-aural,Supra-aural,false,No,No,Closed,Black,0
Coby CV-H42,,https://cdna.pcpartpicker.com/static/forever/images/product/e587e8172c115952f7c046dccfde3a4f.med.256p.jpg,Supra-aural,false,No,No,Closed,Black,0
Coby CV135,,https://cdna.pcpartpicker.com/static/forever/images/product/2779f85ed92fdf895066d6311577a021.med.256p.jpg,Supra-aural,false,No,No,Closed,Black / Red,0
Coby CV135BLU,,https://cdna.pcpartpicker.com/static/forever/images/product/4d469e19bbed00cf4fe2955aab6b2836.med.256p.jpg,Supra-aural,false,No,No,Closed,Black / Blue,0
Coby CV135SVR,,Supra-aural,Supra-aural,false,No,No,Closed,Black / Silver,0
Coby CV140BLK,,Supra-aural,Supra-aural,false,No,No,Closed,Black / Red,0
Coby CV140SVR,,Supra-aural,Supra-aural,false,No,No,Closed,Black / Silver,0
Coby CV145BLK,,Supra-aural,Supra-aural,false,No,No,Closed,Black,0
Coby CV145BLU,,Supra-aural,Supra-aural,false,No,No,Closed,Black,0
Coby CV145RED,,Supra-aural,Supra-aural,false,No,No,Closed,Black / Red,0
Coby CV145SVR,,Supra-aural,Supra-aural,false,No,No,Closed,Black / Silver,0
Coby CV18523BLK,,https://cdna.pcpartpicker.com/static/forever/images/product/e91556f8eb146e8249ceb3f1bb5b388a.med.256p.jpg,Supra-aural,false,No,No,Closed,Black,0
Coby CV18523RED,,Circumaural,Circumaural,false,No,No,Closed,Black / Red,0
Corsair Raptor H3,,Circumaural,Circumaural,20 Hz - 20 kHz,Yes,No,Closed,Black,0
Corsair Raptor H5,,Circumaural,Circumaural,20 Hz - 20 kHz,Yes,No,Closed,Black,0
Yapster TM-YB100A,,Circumaural,Circumaural,20 Hz - 20 kHz,Yes,No,Closed,Black / Silver,0
AKG K3003i,,https://cdna.pcpartpicker.com/static/forever/images/product/28f1a5723a823954bc82dc66078c79ea.med.256p.jpg,In Ear,10 Hz - 30 kHz,No,No,Closed,Black / Silver,0
AKG K618 DJ,,https://cdna.pcpartpicker.com/static/forever/images/product/46af9e76c67e78c1294ae208fe2d4a17.med.256p.jpg,Supra-aural,false,No,No,Closed,Black,0
Beyerdynamic T70P,,Circumaural,Circumaural,5 Hz - 40 kHz,No,No,Closed,Black / Silver,0
Harman Kardon J22IBLK,,https://cdna.pcpartpicker.com/static/forever/images/product/50ecc97ad9bd0d0d30c381e21060b7f2.med.256p.jpg,In Ear,18 Hz - 20 kHz,Yes,No,Closed,Black / Red,0
Harman Kardon J33IWHT,39,In Ear,In Ear,10 Hz - 24 kHz,Yes,No,Closed,Black / White,0
Harman Kardon JBLQSINBLK,,In Ear,In Ear,true,Yes,No,Closed,Black / Red,0
Harman Kardon JBLQSONBLK,,Supra-aural,Supra-aural,true,Yes,No,Closed,Black / Red,0
Harman Kardon JBLQSONWHT,,Supra-aural,Supra-aural,true,Yes,No,Closed,White / Red,0
Harman Kardon JBLRXONSUN,,Supra-aural,Supra-aural,true,Yes,No,Closed,Multicolor,0
Harman Kardon JBLRXONWHT,,https://cdna.pcpartpicker.com/static/forever/images/product/f50fa7f91be31324e8d8a3eac5a251c9.med.256p.jpg,Supra-aural,true,Yes,No,Closed,Black / White,0
Harman Kardon TMG81W,,Supra-aural,Supra-aural,18 Hz - 24 kHz,No,No,Closed,White,0
Logitech UE 500,,https://cdna.pcpartpicker.com/static/forever/images/product/8f0310a46f3d70f4c555a612785af958.med.256p.jpg,In Ear,20 Hz - 20 kHz,No,No,Closed,Black / Silver,0
Logitech 500vi,,In Ear,In Ear,20 Hz - 20 kHz,Yes,No,Closed,Black / Silver,0
Logitech UE 200,,https://cdna.pcpartpicker.com/static/forever/images/product/0082558d7040238e6aeb6b2a09588c81.256p.jpg,In Ear,false,No,No,Closed,Black / Silver,0
Logitech UE200,,In Ear,In Ear,false,No,No,Closed,Black / Purple,0
Logitech UE 100,,In Ear,In Ear,20 Hz - 20 kHz,No,No,Closed,Multicolor,0
Logitech UE 900,,In Ear,In Ear,20 Hz - 20 kHz,No,No,Closed,Black / Blue,0
Logitech Ultimate Ears 200vi,,In Ear,In Ear,20 Hz - 20 kHz,Yes,No,Closed,Blue,0
Logitech UE 500vi,,In Ear,In Ear,20 Hz - 20 kHz,Yes,No,Closed,Black / Silver,0
Sony DR-EX14VP/BLK,,In Ear,In Ear,8 Hz - 22 kHz,No,No,Closed,Black,0
Sony DR-EX14VP/PNK,,https://cdna.pcpartpicker.com/static/forever/images/product/138d4b8adf086051a0047b84a252bf78.med.256p.jpg,In Ear,8 Hz - 22 kHz,No,No,Closed,White / Purple,0
Sony DRBTN200B,,Supra-aural,Supra-aural,10 Hz - 24 kHz,No,No,Closed,Black,0
Sony DRBTN200W,,Supra-aural,Supra-aural,20 Hz - 20 kHz,No,No,Closed,White,0
Sony DREX12IP/BLK,,In Ear,In Ear,8 Hz - 22 kHz,No,No,Closed,Black,0
Sony DREX61IP,,In Ear,In Ear,5 Hz - 23 kHz,Yes,No,Closed,Black,0
Sony DRPQ7IP/RED,,In Ear,In Ear,8 Hz - 22 kHz,No,No,Closed,Black / Red,0
Sony MDR-AS200 BLU,,Earbud,Earbud,17 Hz - 22 kHz,No,No,Closed,Black / Blue,0
Sony MDR-EX10LP/DBL,,In Ear,In Ear,8 Hz - 22 kHz,No,No,Closed,Blue / White,0
Sony MDR-EX58V/BLK,,In Ear,In Ear,5 Hz - 23 kHz,No,No,Closed,Black / Silver,0
Sony MDR-EX58V/BLU,,In Ear,In Ear,5 Hz - 23 kHz,No,No,Closed,Black / Blue,0
Sony MDR-EX58V/RED,,In Ear,In Ear,5 Hz - 23 kHz,No,No,Closed,Black / Red,0
Sony MDR-EX58V/VLT,,In Ear,In Ear,5 Hz - 23 kHz,No,No,Closed,Black / Purple,0
Sony MDR-EX58V/WHI,,In Ear,In Ear,5 Hz - 23 kHz,No,No,Closed,White,0
Sony MDR-NC13,,In Ear,In Ear,10 Hz - 22 kHz,No,No,Closed,Black,0
Sony MDRAS400IPB,,In Ear,In Ear,true,Yes,No,Closed,Black,0
Sony MDRAS400IPW,,In Ear,In Ear,true,Yes,No,Closed,White,0
Sony MDRAS40EX,,In Ear,In Ear,10 Hz - 23 kHz,No,No,Closed,Black / Silver,0
Sony MDRE9LP/GRN,,Earbud,Earbud,18 Hz - 22 kHz,No,No,Closed,Green / White,0
Sony MDRE9LP/PNK,,Earbud,Earbud,18 Hz - 22 kHz,No,No,Closed,Green / White,0
Sony MDRE9LP/RED,,Earbud,Earbud,18 Hz - 22 kHz,No,No,Closed,Red / White,0
Sony MDRE9LP/VLT,,Earbud,Earbud,18 Hz - 22 kHz,No,No,Closed,White / Purple,0
Sony MDR-ED12LP/BLU,,In Ear,In Ear,8 Hz - 22 kHz,No,No,Closed,Black / Blue,0
Sony MDRED12LP/SLV,,In Ear,In Ear,8 Hz - 22 kHz,No,No,Closed,Black / Silver,0
Sony MDREX100IPB,,In Ear,In Ear,5 Hz - 24 kHz,No,No,Closed,Black / Silver,0
Sony MDREX100IPW,,In Ear,In Ear,5 Hz - 24 kHz,No,No,Closed,White,0
Sony MDREX10LP/RED,,In Ear,In Ear,8 Hz - 22 kHz,No,No,Closed,Red / White,0
Sony MDREX10LP/VLT,,In Ear,In Ear,8 Hz - 22 kHz,No,No,Closed,White / Purple,0
Sony MDREX10LP/WHI,,In Ear,In Ear,8 Hz - 22 kHz,No,No,Closed,White,0
Sony MDR-EX38iP/BLK,,In Ear,In Ear,6 Hz - 23 kHz,No,No,Closed,Black,0
Sony MDR-EX38iP/WHI,,https://cdna.pcpartpicker.com/static/forever/images/product/c2c2f4b66f16e05019b79f643efad179.med.256p.jpg,In Ear,6 Hz - 23 kHz,No,No,Closed,White,0
Sony MDREX40LP/BLU,,In Ear,In Ear,6 Hz - 23 kHz,No,No,Closed,Blue / White,0
Sony MDREX40LP/PNK,,In Ear,In Ear,6 Hz - 23 kHz,No,No,Closed,Pink,0
Sony MDREX40LP/VLT,,In Ear,In Ear,6 Hz - 23 kHz,No,No,Closed,Purple,0
Sony MDREX40LP/WHI,,In Ear,In Ear,6 Hz - 23 kHz,No,No,Closed,White,0
Sony MDRXB21EX,,In Ear,In Ear,5 Hz - 23 kHz,No,No,Closed,Black,0
Sony XBA-3iP,,In Ear,In Ear,4 Hz - 28 kHz,No,No,Closed,Black / Silver,0
Sony MDREX38iP/BLK EX,,https://cdna.pcpartpicker.com/static/forever/images/product/d95469bb5f37cfa1d3413492b72b6c5e.med.256p.jpg,In Ear,false,No,No,Closed,Black,0
Sony MDR-EX40LP,,In Ear,In Ear,false,No,No,Closed,Black,0
Sony DR-310DP/WHI,,Supra-aural,Supra-aural,false,No,No,Closed,White,0
Sony DR-AS22IP,,Earbud,Earbud,18 Hz - 22 kHz,No,No,Closed,Black,0
Sony DRPQ7IP/VLT,,In Ear,In Ear,true,Yes,No,Closed,Black / Purple,0
Sony DRXB23VP,,In Ear,In Ear,5 Hz - 23 kHz,Yes,No,Closed,Black,0
Sony MDR-E818LP,,Earbud,Earbud,12 Hz - 22 kHz,No,No,Open,Black / Silver,0
Sony MDR-EX210B/BLU,,In Ear,In Ear,5 Hz - 24 kHz,No,No,Closed,Black / Blue,0
Sony MDR-EX37B/BLK,,In Ear,In Ear,6 Hz - 23 kHz,No,No,Closed,Black / Silver,0
Sony MDR-EX37B/YLW,,In Ear,In Ear,6 Hz - 23 kHz,No,No,Closed,Black / Yellow,0
Sony MDRED12LP/SILVER,,https://cdna.pcpartpicker.com/static/forever/images/product/5f22ce7f4931126187a629b3302b4182.med.256p.jpg,In Ear,false,No,No,Closed,Black / Silver,0
Sony MDREX100APL,,In Ear,In Ear,5 Hz - 24 kHz,No,No,Closed,Black / Blue,0
Sony MDREX100APP,,In Ear,In Ear,5 Hz - 24 kHz,No,No,Closed,Black / Pink,0
Sony MDREX25LPBLU,,https://cdna.pcpartpicker.com/static/forever/images/product/f42528ea2d80f4c08a8d0a15de2d31d6.med.256p.jpg,In Ear,6 Hz - 23 kHz,No,No,Closed,Blue / White,0
Sony MDREX25LPPNK,,https://cdna.pcpartpicker.com/static/forever/images/product/9999e3742b54f6602355c50d14104d99.med.256p.jpg,In Ear,6 Hz - 23 kHz,No,No,Closed,Pink,0
Sony MDREX25LPVLT,,In Ear,In Ear,6 Hz - 23 kHz,No,No,Closed,Purple,0
Sony MDREX38IP/BQ(U),,In Ear,In Ear,false,No,No,Closed,Black,0
Sony MDREX38IP/WQ(U),,https://cdna.pcpartpicker.com/static/forever/images/product/28103bf1672c54c526b4cfc3a98d08ab.256p.jpg,In Ear,false,No,No,Closed,White,0
Sony XBA-1,,In Ear,In Ear,5 Hz - 25 kHz,No,No,Closed,Black / Silver,0
Sony XBAC10IPBL,,In Ear,In Ear,5 Hz - 25 kHz,Yes,No,Closed,Black,0
Sony XBAC10IPWH,,In Ear,In Ear,5 Hz - 25 kHz,Yes,No,Closed,White,0
A4Tech HU-111,24.99,https://cdna.pcpartpicker.com/static/forever/images/product/5b0d585f98ee8b273bddd0741f8ba68f.med.256p.jpg,Circumaural,20 Hz - 20 kHz,Yes,No,Closed,Black,0
A4Tech L-610-1,,https://cdna.pcpartpicker.com/static/forever/images/product/81acdd7587d00d37b2efaa5d985e99bd.med.256p.jpg,Circumaural,20 Hz - 20 kHz,Yes,No,Closed,Black / Silver,0
A4Tech MK-630P,,https://cdna.pcpartpicker.com/static/forever/images/product/418d913b8794c32508d0a739b39d155b.med.256p.jpg,In Ear,20 Hz - 20 kHz,No,No,Closed,Pink / White,0
A4Tech MK-650P,,https://cdna.pcpartpicker.com/static/forever/images/product/758e3669595a52ae46e008a9ebec0ec2.med.256p.jpg,In Ear,20 Hz - 20 kHz,No,No,Closed,Pink / Silver,0
Creative Labs Aurvana In-Ear2,,In Ear,In Ear,15 Hz - 16 kHz,No,No,Closed,Black / Silver,0
Creative Labs HQ-1450,,Supra-aural,Supra-aural,20 Hz - 20 kHz,No,No,Closed,Black / Silver,0
Creative Labs Aurvana In-Ear3,,In Ear,In Ear,10 Hz - 17 kHz,No,No,Closed,Black / Silver,0
Creative Labs EP-660,,In Ear,In Ear,6 Hz - 23 kHz,No,No,Closed,Black / Silver,0
Creative Labs Hs-430,,Supra-aural,Supra-aural,20 Hz - 20 kHz,Yes,No,Closed,Black / Red,0
Creative Labs ZEN AURVANA,,In Ear,In Ear,20 Hz - 20 kHz,No,No,Closed,Black,0
Creative Labs EP-830,,In Ear,In Ear,6 Hz - 23 kHz,No,No,Closed,Black / Silver,0
Cyber Acoustics AC-100B,,https://cdna.pcpartpicker.com/static/forever/images/product/1b7eef2ef9f56c1c951d1de93e5ec37a.256p.jpg,Supra-aural,20 Hz - 20 kHz,Yes,No,Closed,Black,0
Cyber Acoustics AC-200B,,Supra-aural,Supra-aural,20 Hz - 20 kHz,Yes,No,Closed,Black,0
Cyber Acoustics AC-744,,https://cdna.pcpartpicker.com/static/forever/images/product/9c8e0ea539db31683de94cfec7bf0517.med.256p.jpg,Supra-aural,20 Hz - 20 kHz,Yes,No,Closed,Black / Silver,0
Cyber Acoustics ACM-940,24.95,https://cdna.pcpartpicker.com/static/forever/images/product/d003a6c518e0b9d002317828b2cd6a48.256p.jpg,Circumaural,20 Hz - 20 kHz,Yes,No,Closed,Black,0
Cyber Acoustics AC-201,50.19,https://cdna.pcpartpicker.com/static/forever/images/product/ada4cb27d97a01670d71c9d00750b5f1.256p.jpg,Supra-aural,20 Hz - 20 kHz,Yes,No,Closed,Black / Silver,0
Cyber Acoustics AC-400MV,,Supra-aural,Supra-aural,20 Hz - 20 kHz,Yes,No,Closed,Black,0
Cyber Acoustics AC-401,,Circumaural,Circumaural,20 Hz - 20 kHz,Yes,No,Closed,Black,0
Cyber Acoustics AC-404,,Supra-aural,Supra-aural,20 Hz - 20 kHz,Yes,No,Closed,Black / Silver,0
Cyber Acoustics AC-648,,Supra-aural,Supra-aural,20 Hz - 20 kHz,Yes,No,Closed,Black / Silver,0
Cyber Acoustics AC-740,26.79,https://cdna.pcpartpicker.com/static/forever/images/product/4c0fa0e3f916f3d4ee0c6a22d30ffaa5.med.256p.jpg,Supra-aural,20 Hz - 20 kHz,Yes,No,Closed,Black / Silver,0
Cyber Acoustics AC-850,42.5,Circumaural,Circumaural,20 Hz - 20 kHz,Yes,No,Closed,Black / Silver,0
Cyber Acoustics AC-94,,Earbud,Earbud,20 Hz - 20 kHz,Yes,No,Closed,Black / Silver,0
Cyber Acoustics AC-960,,https://cdna.pcpartpicker.com/static/forever/images/product/767b10702a0f2440011133691692f26f.256p.jpg,Circumaural,20 Hz - 20 kHz,Yes,No,Closed,Black,0
Cyber Acoustics AC-9648,,Circumaural,Circumaural,true,Yes,No,Closed,Black / Silver,0
Cyber Acoustics AC-96I,,In Ear,In Ear,true,Yes,No,Closed,Black / Silver,0
Cyber Acoustics AC851B,,https://cdna.pcpartpicker.com/static/forever/images/product/61f8fcb1e081c3f33265f260a46fcfb4.256p.jpg,Circumaural,20 Hz - 20 kHz,Yes,No,Closed,Black / Silver,0
Cyber Acoustics ACM-500RB,24.99,https://cdna.pcpartpicker.com/static/forever/images/product/9a25ac2df912bab02f7a8a50f4fa867d.256p.jpg,Circumaural,false,No,No,Closed,Black,0
Cyber Acoustics ACM-62,10.99,Supra-aural,Supra-aural,false,No,No,Closed,Black,0
Cyber Acoustics ACM-62B,,https://cdna.pcpartpicker.com/static/forever/images/product/ca31d2c2bcb8af499c08cd647b29bea8.256p.jpg,Supra-aural,20 Hz - 18 kHz,No,No,Closed,Black,0
Cyber Acoustics ACM-7002,,Circumaural,Circumaural,20 Hz - 20 kHz,Yes,No,Closed,Black / Silver,0
Cyber Acoustics HE200RB,,https://cdna.pcpartpicker.com/static/forever/images/product/856c10f1b4b0df82ac42e32f7200dd4a.med.256p.jpg,Supra-aural,false,No,No,Closed,Black / Silver,0
Altec Lansing MZX736,,In Ear,In Ear,20 Hz - 20 kHz,No,No,Closed,Blue / White,0
Antec BXH-100 BLK,,In Ear,In Ear,20 Hz - 20 kHz,No,No,Closed,Black / Red,0
Antec BXH-100 GRN,,In Ear,In Ear,20 Hz - 20 kHz,No,No,Closed,Green / White,0
Antec BXH-100 GRY,,In Ear,In Ear,20 Hz - 20 kHz,No,No,Closed,Black / Gray,0
Antec BXH-100 SIL,,In Ear,In Ear,20 Hz - 20 kHz,No,No,Closed,Silver,0
Antec BXH-100 WHI,,In Ear,In Ear,20 Hz - 20 kHz,No,No,Closed,White / Purple,0
Apple MB770G,,Earbud,Earbud,true,Yes,No,Closed,White,0
ARCTIC P301,,Circumaural,Circumaural,12 Hz - 24 kHz,Yes,No,Closed,Black / Silver,0
Panasonic RP-HT227,23.98,https://cdna.pcpartpicker.com/static/forever/images/product/32c0a7926a711cf794c1bb9d0fb149d6.med.256p.jpg,Circumaural,false,No,No,Closed,Black / Silver,0
Panasonic RP-DJS400-K,,Circumaural,Circumaural,10 Hz - 27 kHz,No,No,Closed,Black / Orange,0
Panasonic RP-DJS400-R,,Supra-aural,Supra-aural,10 Hz - 27 kHz,No,No,Closed,Black / Red,0
Panasonic RP-DJS400-W,,Circumaural,Circumaural,10 Hz - 27 kHz,No,No,Closed,White,0
Panasonic RP-DJS400-Z,,Supra-aural,Supra-aural,10 Hz - 27 kHz,No,No,Closed,White / Pink,0
Panasonic RP-HTF295,,https://cdna.pcpartpicker.com/static/forever/images/product/b9ff1c573ad87c63fe3b5236decacf78.med.256p.jpg,Circumaural,false,No,No,Closed,Black,0
Panasonic RP-HTF600-S,,https://cdna.pcpartpicker.com/static/forever/images/product/c5b426c03da98169e42e8721fc7c5b55.med.256p.jpg,Circumaural,10 Hz - 28 kHz,No,No,Closed,Black / Silver,4
Panasonic RP-HTF890-S,,https://cdna.pcpartpicker.com/static/forever/images/product/7ab610cdba3e250ea612806972505d45.med.256p.jpg,Circumaural,5 Hz - 30 kHz,No,No,Open,Black / Silver,0
Panasonic RP-HTX7-A1,,https://cdna.pcpartpicker.com/static/forever/images/product/11e26a7b2029417b2418d2082d4562c4.256p.jpg,Circumaural,false,No,No,Closed,Black / Blue,0
Panasonic RP-HTX7-C1,,Circumaural,Circumaural,false,No,No,Closed,Black / White,0
Panasonic RP-HTX7-G1,,Circumaural,Circumaural,7 Hz - 22 kHz,No,No,Closed,Black / Green,0
Panasonic RP-HTX7-K1,,https://cdna.pcpartpicker.com/static/forever/images/product/5e7de5398376c79a0001ff20fa859f99.med.256p.jpg,Circumaural,7 Hz - 22 kHz,No,No,Closed,Black / Silver,0
Panasonic RP-HTX7-W1,,Circumaural,Circumaural,7 Hz - 22 kHz,No,No,Closed,Black / White,0
Panasonic RP-HTX7P1,,https://cdna.pcpartpicker.com/static/forever/images/product/7db6c886f28ec550c76df5412f22602a.256p.jpg,Circumaural,7 Hz - 22 kHz,No,No,Closed,Black / Pink,0
Panasonic RP-HTX7R1,,https://cdna.pcpartpicker.com/static/forever/images/product/1d6cbecb349e60ff18164db9f4c7e215.med.256p.jpg,Circumaural,7 Hz - 22 kHz,No,No,Closed,Black / Red,0
Panasonic RP-HX35-R,,Supra-aural,Supra-aural,10 Hz - 25 kHz,No,No,Closed,Black / Red,0
Panasonic RPHT360,,Circumaural,Circumaural,10 Hz - 27 kHz,No,No,Closed,Black / Silver,0
Shure SE215CLR,,In Ear,In Ear,false,No,No,Closed,Translucent Black,0
Razer Star Wars: The Old Republic Gaming Headset,,Circumaural,Circumaural,true,Yes,No,Closed,Black / White,0
Razer Hammerhead Pro,,In Ear,In Ear,true,Yes,No,Closed,Black / Green,4
SteelSeries 51006,,Circumaural,Circumaural,true,Yes,No,Closed,Black / White,0
SteelSeries Siberia,,In Ear,In Ear,30 Hz - 24 kHz,No,No,Closed,White,0
SteelSeries SS-61001,,Circumaural,Circumaural,16 Hz - 28 kHz,Yes,No,Closed,Black / Silver,0
Yamaha EPH-100,,In Ear,In Ear,20 Hz - 20 kHz,No,No,Closed,Black / Silver,4
Yamaha EPH-20 Black,,https://cdna.pcpartpicker.com/static/forever/images/product/574b35fab33459beba738dbada1cab1b.med.256p.jpg,In Ear,20 Hz - 21 kHz,No,No,Closed,Black,0
Yamaha EPH-20 Indigo,,In Ear,In Ear,20 Hz - 21 kHz,No,No,Closed,Black / Purple,0
Yamaha EPH-20 Pink,9.99,In Ear,In Ear,20 Hz - 21 kHz,No,No,Closed,Black / Pink,0
Yamaha EPH-20BR,,In Ear,In Ear,20 Hz - 21 kHz,No,No,Closed,Black / Red,0
Yamaha EPH-20BU,,In Ear,In Ear,20 Hz - 21 kHz,No,No,Closed,Black / Purple,0
Yamaha EPH-20GN,,In Ear,In Ear,20 Hz - 21 kHz,No,No,Closed,White / Green,0
Yamaha EPH-20PI,9.99,https://cdna.pcpartpicker.com/static/forever/images/product/b3774a81d56e080e4efe2856026fe6bc.med.256p.jpg,In Ear,20 Hz - 21 kHz,No,No,Closed,Black / Pink,0
Yamaha EPH-30BL,,In Ear,In Ear,20 Hz - 21 kHz,No,No,Closed,Black / Silver,0
Yamaha EPH-30WH,,In Ear,In Ear,20 Hz - 21 kHz,No,No,Closed,White,0
Yamaha EPH-50,,https://cdna.pcpartpicker.com/static/forever/images/product/b7bd9cab0e2401d37020d7922c7d08a9.256p.jpg,In Ear,20 Hz - 21 kHz,No,No,Closed,Black,0
Yamaha EPH-50 White,,https://cdna.pcpartpicker.com/static/forever/images/product/556bc804acca74c37bd9f4909752b382.med.256p.jpg,In Ear,20 Hz - 21 kHz,No,No,Closed,White,0
Yamaha EPH-50WH,,https://cdna.pcpartpicker.com/static/forever/images/product/11cde82d83f847f89f8e1aa2c8e749e0.med.256p.jpg,In Ear,20 Hz - 21 kHz,No,No,Closed,White,0
Yamaha EPH-C500-BL,,In Ear,In Ear,false,No,No,Closed,Black / Silver,0
Yamaha EPH-C500-WH,,In Ear,In Ear,false,No,No,Closed,White,0
Yamaha HPH-PRO300BL,,Supra-aural,Supra-aural,20 Hz - 20 kHz,No,No,Closed,Black / White,0
Yamaha HPH-PRO300BU,,Supra-aural,Supra-aural,20 Hz - 20 kHz,No,No,Closed,Black / Blue,0
Yamaha HPH-PRO300WH,,Supra-aural,Supra-aural,20 Hz - 20 kHz,No,No,Closed,Black / White,0
Yamaha HPH-PRO400BL,,Supra-aural,Supra-aural,20 Hz - 20 kHz,No,No,Closed,Black / White,0
Yamaha HPH-PRO400WH,,https://cdna.pcpartpicker.com/static/forever/images/product/f90d8ad32ee31c7f99746f2b7577e913.256p.jpg,Supra-aural,20 Hz - 20 kHz,No,No,Closed,White / Black,0
Yamaha HPH-PRO500BL,,Supra-aural,Supra-aural,20 Hz - 20 kHz,No,No,Closed,Black / Silver,0
Yamaha RH2C,,Circumaural,Circumaural,25 Hz - 15 kHz,No,No,Semi-open,Black,0
Creative Labs Aurvana Live!,,Circumaural,Circumaural,10 Hz - 30 kHz,No,No,Closed,Black,0
Gear Head HS2750S,,Circumaural,Circumaural,false,No,No,Closed,Black / Silver,0
Gear Head HQ4750BLU,,Supra-aural,Supra-aural,false,No,No,Closed,Black / Blue,0
Gear Head HQ4750RED,,Supra-aural,Supra-aural,false,No,No,Closed,Black / Red,0
Gear Head HQ4750GRN,,Supra-aural,Supra-aural,false,No,No,Closed,Black / Green,0
Gear Head HQ4750BCM,,Supra-aural,Supra-aural,false,No,No,Closed,Black / Gray,0
Gear Head AU1200M,8,Supra-aural,Supra-aural,true,Yes,No,Closed,Black,0
Gear Head AU3700S,,Supra-aural,Supra-aural,true,Yes,No,Closed,Black,5
Gear Head BT9850M,,Supra-aural,Supra-aural,true,Yes,Yes,Closed,Black / Silver,0
AZIO GH808,,Circumaural,Circumaural,true,Yes,No,Closed,Black / Red,0
Cobra HS707,,https://cdna.pcpartpicker.com/static/forever/images/product/bad0a8e90f7b7b21b292f2aec2538448.med.256p.jpg,Circumaural,20 Hz - 20 kHz,Yes,No,Closed,Black / Blue,0
Ergoguys 3064AV-USB,,Supra-aural,Supra-aural,20 Hz - 20 kHz,Yes,No,Closed,Black / Silver,0
Ergoguys 3066AV,,Circumaural,Circumaural,20 Hz - 19 kHz,Yes,No,Closed,Black / White,0
Etymotic Research ER23-HF3-BLACK-I,,In Ear,In Ear,20 Hz - 15 kHz,No,No,Closed,Black / Silver,0
Imation St550,,Circumaural,Circumaural,20 Hz - 20 kHz,No,No,Closed,Black / Silver,0
Imation EB50-PNK,,https://cdna.pcpartpicker.com/static/forever/images/product/dab23f00bbbca227c834d7636b077d7e.med.256p.jpg,In Ear,20 Hz - 20 kHz,No,No,Closed,Pink / White,0
Imation EB50,,In Ear,In Ear,20 Hz - 20 kHz,No,No,Closed,Pink / White,0
Imation 99154,,In Ear,In Ear,false,No,No,Closed,Black,0
Koss CS-100,39.56,https://cdna.pcpartpicker.com/static/forever/images/product/0e443dbe549b0101e67b23616755c9a5.256p.jpg,Supra-aural,true,Yes,No,Closed,Black / Silver,0
Lenovo P950,,Circumaural,Circumaural,125 Hz - 20 kHz,Yes,No,Closed,Black,0
Microsoft L2 LifeChat LX-2000,,https://cdna.pcpartpicker.com/static/forever/images/product/35c7e9c8233df04f1ee217fb2f0d9773.256p.jpg,Supra-aural,true,Yes,No,Closed,Black,0
Microsoft LifeChat LX-6000,69.08,https://cdna.pcpartpicker.com/static/forever/images/product/e34f82914229a2ec18ead7b918466e42.256p.jpg,Supra-aural,75 Hz - 20 kHz,Yes,No,Closed,Black / Silver,0
Microsoft LifeChat LX-4000,,https://cdna.pcpartpicker.com/static/forever/images/product/1ed99335326dba5edb4b8882d1e1fc16.256p.jpg,Supra-aural,75 Hz - 20 kHz,Yes,No,Closed,Black / Silver,0
Microsoft L2 LifeChat LX-1000,,Supra-aural,Supra-aural,80 Hz - 20 kHz,Yes,No,Closed,Black,0
Panasonic 777780526821,,https://cdna.pcpartpicker.com/static/forever/images/product/b39b6f038b2fa179a43c73df21fca26f.med.256p.jpg,Supra-aural,true,Yes,No,Closed,Black,0
Panasonic KX-TCA400,,https://cdna.pcpartpicker.com/static/forever/images/product/4ee1adc32091aa1d313434e9356192a5.med.256p.jpg,Supra-aural,true,Yes,No,Closed,Black,0
Panasonic RP-HC200-W,,Circumaural,Circumaural,true,Yes,No,Closed,White / Black,0
Panasonic RP-HJE190-A,,In Ear,In Ear,6 Hz - 24 kHz,No,No,Closed,Black / Blue,0
Panasonic RP-HJE190-N,,In Ear,In Ear,6 Hz - 24 kHz,No,No,Closed,Black / Gold,0
Panasonic RP-HJE190-R,,In Ear,In Ear,6 Hz - 24 kHz,No,No,Closed,Black / Red,0
Panasonic RP-HJE190-V,,In Ear,In Ear,6 Hz - 24 kHz,No,No,Closed,Black / Purple,0
Panasonic RP-HJE190-W,,In Ear,In Ear,6 Hz - 24 kHz,No,No,Closed,White,0
Panasonic RP-HV21-G,,Earbud,Earbud,10 Hz - 25 kHz,Yes,No,Closed,Green / White,0
Panasonic RP-HV21-P,,Earbud,Earbud,10 Hz - 25 kHz,No,No,Closed,Pink / White,0
Panasonic RP-HV21-W,,https://cdna.pcpartpicker.com/static/forever/images/product/602f9a26771fcedfa3d914a009298461.med.256p.jpg,Earbud,10 Hz - 25 kHz,Yes,No,Closed,White,0
Panasonic RP-HV21-v,,https://cdna.pcpartpicker.com/static/forever/images/product/f918e6245c3ba3353361db25daf4bc42.med.256p.jpg,In Ear,10 Hz - 25 kHz,No,No,Closed,White / Purple,0
Panasonic RP-HV41-D,,In Ear,In Ear,10 Hz - 25 kHz,No,No,Closed,Orange,0
Panasonic RP-HV41-G,,In Ear,In Ear,10 Hz - 25 kHz,No,No,Closed,Green,0
Panasonic RP-HV41-K,,In Ear,In Ear,10 Hz - 25 kHz,No,No,Closed,Black / Gray,0
Panasonic RP-HV41-P,,In Ear,In Ear,10 Hz - 25 kHz,No,No,Closed,Pink,0
Panasonic RP-HV41-PB,,In Ear,In Ear,10 Hz - 25 kHz,No,No,Closed,Red,0
Panasonic RP-HV41-V,,In Ear,In Ear,10 Hz - 25 kHz,No,No,Closed,Purple,0
Panasonic RP-HV41-W,,In Ear,In Ear,10 Hz - 25 kHz,No,No,Closed,White,0
Panasonic RP-HV41A,,https://cdna.pcpartpicker.com/static/forever/images/product/946d7043711427845ff89ad434ccd152.256p.jpg,In Ear,10 Hz - 25 kHz,No,No,Closed,Blue,0
Panasonic RP-HX35-K,21.25,Supra-aural,Supra-aural,false,No,No,Closed,Black / Silver,0
Panasonic RP-HX650-K,,Circumaural,Circumaural,10 Hz - 30 kHz,No,No,Closed,Black,0
Philips SHE2105BK/28,,Earbud,Earbud,12 Hz - 22 kHz,No,No,Closed,Black,0
Philips SHE2105PK/28,,Earbud,Earbud,12 Hz - 22 kHz,No,No,Closed,Pink / White,0
Philips SHE2105WT/28,9.99,Earbud,Earbud,12 Hz - 22 kHz,No,No,Closed,White,0
Philips SHE3575BB/28,19.98,In Ear,In Ear,12 Hz - 23.5 kHz,Yes,No,Closed,Blue,0
Philips SHE3590BK/10,,In Ear,In Ear,12 Hz - 23.5 kHz,Yes,No,Closed,Black / Silver,0
Philips SHE3590BL/10,,In Ear,In Ear,12 Hz - 23.5 kHz,Yes,No,Closed,Blue / White,0
Philips SHE3590GY/10,,In Ear,In Ear,12 Hz - 23.5 kHz,Yes,No,Closed,Gray / White,0
Philips SHE3590PK/10,,In Ear,In Ear,12 Hz - 23.5 kHz,Yes,No,Closed,Pink / White,0
Philips SHE3590PP/10,,In Ear,In Ear,12 Hz - 23.5 kHz,Yes,No,Closed,White / Purple,0
Philips SHE3590WT/10,,In Ear,In Ear,12 Hz - 23.5 kHz,No,No,Closed,White,0
Shure SE315-CL,,In Ear,In Ear,22 Hz - 18.5 kHz,No,No,Closed,Transparent,0
Shure SE315-K,248.75,https://cdna.pcpartpicker.com/static/forever/images/product/fb3a36e8bbe405b18b0e5cac02d9c41b.256p.jpg,In Ear,22 Hz - 18.5 kHz,No,No,Closed,Black,0
Shure SRH750DJ,,https://cdna.pcpartpicker.com/static/forever/images/product/5ea52975c58e1ffdc3367c201026552c.med.256p.jpg,Circumaural,5 Hz - 30 kHz,No,No,Closed,Blue / Silver,0
Rosewill RH-189,,In Ear,In Ear,10 Hz - 22 kHz,No,No,Closed,Black / Silver,0
Rosewill RHM-556,,Circumaural,Circumaural,10 Hz - 25 kHz,Yes,No,Closed,Black / Silver,0
Rosewill RHM-6308,,Circumaural,Circumaural,10 Hz - 25 kHz,Yes,No,Closed,Black / Silver,2
Rosewill RHTS-11002,,In Ear,In Ear,18 Hz - 24 kHz,No,No,Closed,Black / Gold,0
Rosewill RHTS-11004,,Circumaural,Circumaural,20 Hz - 20 kHz,No,No,Closed,Black / Silver,4
Rosewill RHTS-12002,,Circumaural,Circumaural,20 Hz - 20 kHz,No,No,Closed,Black / Silver,0
Rosewill RHTS-12004,,In Ear,In Ear,18 Hz - 20 kHz,No,No,Closed,Brown / Black,0
Rosewill RHTS-12005,,Supra-aural,Supra-aural,8 Hz - 21 kHz,No,No,Closed,Black / Silver,0
Rosewill RHTS-12006,,In Ear,In Ear,18 Hz - 24 kHz,No,No,Closed,Brown / Black,0
Rosewill RHTS-12007,,In Ear,In Ear,18 Hz - 20 kHz,No,No,Closed,Black / Silver,0
Rosewill RHTS-12008,,In Ear,In Ear,18 Hz - 20 kHz,No,No,Closed,Black / Silver,0
Rosewill RHTS-8206,,Circumaural,Circumaural,20 Hz - 20 kHz,Yes,No,Closed,Black / Red,5
Panasonic RP-DH1250-S,,Circumaural,Circumaural,5 Hz - 30 kHz,No,No,Closed,Black / Silver,0
Panasonic RP-DJ1205-S,,Supra-aural,Supra-aural,5 Hz - 30 kHz,No,No,Closed,Black / Silver,0
Panasonic RP-DJS200-K,,Supra-aural,Supra-aural,12 Hz - 25 kHz,No,No,Closed,Black,0
Panasonic RP-DJS400-A,,Supra-aural,Supra-aural,10 Hz - 27 kHz,No,No,Closed,Black / Blue,0
Panasonic RP-DJS400-D,,Supra-aural,Supra-aural,10 Hz - 27 kHz,No,No,Closed,Orange / White,0
Panasonic RP-DJS400-G,,Supra-aural,Supra-aural,10 Hz - 27 kHz,No,No,Closed,Green / White,0
Panasonic RP-HC101-K,,Supra-aural,Supra-aural,18 Hz - 24 kHz,No,No,Closed,Black / Silver,0
Panasonic RP-HC200-G,,https://cdna.pcpartpicker.com/static/forever/images/product/f626e5befb21ffacf7498c7a669db570.med.256p.jpg,Circumaural,10 Hz - 24 kHz,No,No,Closed,Black / Green,0
Panasonic RP-HC200-K,,Circumaural,Circumaural,false,No,No,Closed,Black,0
Panasonic RP-HC56-K,,Earbud,Earbud,10 Hz - 20 kHz,No,No,Closed,Black / Silver,0
Panasonic RP-HC720-K,,Circumaural,Circumaural,10 Hz - 30 kHz,No,No,Closed,Black,0
Panasonic RP-HJC120-W,,Earbud,Earbud,20 Hz - 20 kHz,No,No,Closed,White,0
Panasonic RP-HJE120-A,,Earbud,Earbud,20 Hz - 20 kHz,No,No,Closed,Blue / White,0
Panasonic RP-HJE120-D,,Earbud,Earbud,20 Hz - 20 kHz,No,No,Closed,Orange / White,0
Panasonic RP-HJE120-P,,Earbud,Earbud,20 Hz - 20 kHz,No,No,Closed,Pink / White,0
Panasonic RP-HJE120-V,11.49,https://cdna.pcpartpicker.com/static/forever/images/product/3e5a27ce8f3d70915013a1b53926361d.256p.jpg,Earbud,20 Hz - 20 kHz,No,No,Closed,White / Purple,0
Panasonic RP-HJE140-A,,Earbud,Earbud,6 Hz - 25 kHz,No,No,Closed,Blue,0
Panasonic RP-HJE140-D,,https://cdna.pcpartpicker.com/static/forever/images/product/0965fcc4403c3d50d3d40abb57527aeb.med.256p.jpg,Earbud,6 Hz - 25 kHz,No,No,Closed,Orange / White,0
Panasonic RP-HJE140-G,,Earbud,Earbud,6 Hz - 25 kHz,No,No,Closed,Green,0
Panasonic RP-HJE140-K,,Earbud,Earbud,6 Hz - 25 kHz,No,No,Closed,Black,0
Panasonic RP-HJE140-R,,Earbud,Earbud,6 Hz - 25 kHz,No,No,Closed,Red,0
Panasonic RP-HJE280-D,,Earbud,Earbud,6 Hz - 25 kHz,No,No,Closed,Orange,0
Panasonic RP-HJE280-G,,Earbud,Earbud,6 Hz - 25 kHz,No,No,Closed,Green,0
Panasonic RP-HJE290-A,,In Ear,In Ear,6 Hz - 24 kHz,No,No,Closed,Green / Black,0
Panasonic RP-HJE290-K,,https://cdna.pcpartpicker.com/static/forever/images/product/99cedae1cd13223f1b20b6d812e9a914.med.256p.jpg,In Ear,6 Hz - 24 kHz,No,No,Closed,Black,0
Panasonic RP-HJE290-R,,In Ear,In Ear,6 Hz - 24 kHz,No,No,Closed,Red,0
Panasonic RP-HJE290-W,,In Ear,In Ear,6 Hz - 24 kHz,No,No,Closed,White,0
Panasonic RP-HJE355-A,,https://cdna.pcpartpicker.com/static/forever/images/product/73bafe5ddf40f41edcad25e153817c4f.256p.jpg,In Ear,6 Hz - 24 kHz,No,No,Closed,Black / Silver,0
Panasonic RP-HJE355-K,,In Ear,In Ear,6 Hz - 24 kHz,No,No,Closed,Black,0
Panasonic RP-HJE355-R,,In Ear,In Ear,6 Hz - 24 kHz,No,No,Closed,Red,0
Panasonic RP-HJE355-W,,In Ear,In Ear,6 Hz - 24 kHz,No,No,Closed,White,0
Panasonic RP-HJE450-K,,https://cdna.pcpartpicker.com/static/forever/images/product/8515dbd2600a404bf9f04ed4d5baf482.med.256p.jpg,In Ear,6 Hz - 26 kHz,No,No,Closed,Black,0
Panasonic RP-HJE450-R,,Earbud,Earbud,6 Hz - 26 kHz,No,No,Closed,Black / Red,0
Panasonic RP-HJE450-W,27.63,In Ear,In Ear,6 Hz - 26 kHz,No,No,Closed,White,0
Panasonic RP-HJE450P-R,,In Ear,In Ear,6 Hz - 26 kHz,No,No,Closed,Red / Black,0
Panasonic RP-HJE450P-W,,In Ear,In Ear,6 Hz - 26 kHz,No,No,Closed,White,0
Panasonic RP-HS220-A,,Earbud,Earbud,10 Hz - 22 kHz,No,No,Closed,Black / Blue,0
Panasonic RP-HS220-D,22.52,Earbud,Earbud,10 Hz - 22 kHz,No,No,Closed,Black / Orange,0
Panasonic RP-HS220-G,,Earbud,Earbud,10 Hz - 22 kHz,No,No,Closed,Black / Green,0
Panasonic RP-HS220-K,,Earbud,Earbud,10 Hz - 22 kHz,No,No,Closed,Black,0
Panasonic RP-HS220-P,,Earbud,Earbud,10 Hz - 22 kHz,No,No,Closed,Black / Pink,0
Panasonic RP-HS220-R,,Earbud,Earbud,10 Hz - 22 kHz,No,No,Closed,Black / Red,0
Panasonic RP-HS220-S,,Earbud,Earbud,10 Hz - 22 kHz,No,No,Closed,Black / Silver,0
Panasonic RP-HS33-D,,Earbud,Earbud,14 Hz - 24 kHz,No,No,Closed,Black / Orange,0
Panasonic RP-HS33G,,Earbud,Earbud,14 Hz - 24 kHz,No,No,Closed,Black / Green,0
Panasonic RP-HSC200-W,,Earbud,Earbud,10 Hz - 22 kHz,Yes,No,Closed,White / Silver,0
Panasonic RP-HV096-K,14.99,https://cdna.pcpartpicker.com/static/forever/images/product/311c768bc0575210e4ddadcc8aef8111.256p.jpg,Earbud,false,No,No,Closed,Black,0
Panasonic RP-HV154-K,,Earbud,Earbud,10 Hz - 25 kHz,No,No,Closed,Black,0
Panasonic RP-HV21-A,,https://cdna.pcpartpicker.com/static/forever/images/product/731c0319de13dc88d0abfb19c42b7713.med.256p.jpg,Earbud,10 Hz - 25 kHz,No,No,Closed,Blue / White,0
Panasonic RP-HX35-V,,Supra-aural,Supra-aural,10 Hz - 25 kHz,No,No,Closed,Black / Purple,0
Panasonic RP-HX35-W,,Supra-aural,Supra-aural,10 Hz - 25 kHz,No,No,Closed,White,0
Panasonic RP-HX40-A,,Supra-aural,Supra-aural,10 Hz - 25 kHz,No,No,Closed,Blue / White,0
Panasonic RP-HX40-G,,Supra-aural,Supra-aural,10 Hz - 25 kHz,No,No,Closed,Green / White,0
Panasonic RP-HX40-PK,,Supra-aural,Supra-aural,10 Hz - 25 kHz,No,No,Closed,Pink / Black,0
Panasonic RP-HX40-PW,,Supra-aural,Supra-aural,10 Hz - 25 kHz,No,No,Closed,Pink / White,0
Panasonic RP-HX40-W,,Supra-aural,Supra-aural,10 Hz - 25 kHz,No,No,Closed,White,0
Panasonic RP-HXC40-K,,Supra-aural,Supra-aural,10 Hz - 25 kHz,No,No,Closed,Black / Silver,0
Panasonic RP-HXD3W-K,,Supra-aural,Supra-aural,10 Hz - 25 kHz,No,No,Closed,Black / Silver,0
Panasonic RP-HXD5C-K,,Supra-aural,Supra-aural,8 Hz - 26 kHz,No,No,Closed,Black / Red,0
Panasonic RP-HXD5C-W,,Supra-aural,Supra-aural,8 Hz - 26 kHz,No,No,Closed,White,0
Panasonic RPDJS200W,,Supra-aural,Supra-aural,false,No,No,Closed,White,0
Panasonic RPHV108W,,Earbud,Earbud,false,No,No,Closed,White,0
Pioneer HDJ500R,,Circumaural,Circumaural,false,No,No,Closed,Black / Red,4
Pioneer SE-CL07-L,,In Ear,In Ear,20 Hz - 20 kHz,No,No,Closed,Black / Blue,0
Pioneer SE-CL07-P,,In Ear,In Ear,20 Hz - 20 kHz,No,No,Closed,Black / Pink,0
Pioneer SE-CL331-H,,In Ear,In Ear,10 Hz - 20 kHz,No,No,Closed,White,0
Pioneer SE-CL331-L,,In Ear,In Ear,10 Hz - 20 kHz,No,No,Closed,Black,0
Pioneer SE-CL331-P,,In Ear,In Ear,10 Hz - 20 kHz,No,No,Closed,Pink / White,0
Pioneer SE-CL331-Y,,In Ear,In Ear,10 Hz - 20 kHz,No,No,Closed,Black / Yellow,0
Pioneer SE-CLX40-K,,In Ear,In Ear,10 Hz - 24 kHz,No,No,Closed,Black / Silver,0
Pioneer SE-CS15V,,In Ear,In Ear,false,No,No,Open,Black,0
Pioneer SE-D10MT-W,,Supra-aural,Supra-aural,8 Hz - 28 kHz,No,No,Closed,White,0
Pioneer SE-MJ591,,Supra-aural,Supra-aural,5 Hz - 40 kHz,No,No,Closed,Black / Silver,0
Pioneer SE-MJ721I-K,,Supra-aural,Supra-aural,6 Hz - 28 kHz,No,No,Closed,Black,0
Pioneer SE-MJ721I-R,,Supra-aural,Supra-aural,6 Hz - 28 kHz,No,No,Closed,Black / Red,0
Pioneer SE-MJ721I-W,26.95,Supra-aural,Supra-aural,6 Hz - 28 kHz,No,No,Closed,White,0
Pioneer SE-NC21M,,Supra-aural,Supra-aural,10 Hz - 22 kHz,No,No,Closed,Black,0
Pyle Audio PIEHWD80LT,,https://cdna.pcpartpicker.com/static/forever/images/product/8ac43a6cce586fb5f18573fac9520fb7.med.256p.jpg,In Ear,false,No,No,Closed,Brown / Black,0
Pyle Audio PIEH10W,,In Ear,In Ear,false,No,No,Closed,White,0
Pyle Audio 068888904803,,In Ear,In Ear,false,No,No,Closed,Black / White,0
Pyle Audio PIEH40T,,In Ear,In Ear,false,No,No,Closed,Black / White,0
Pyle Audio PEBH25WT,,Earbud,Earbud,false,No,No,Closed,Black / White,0
Pyle Audio PHPDJ2,,Supra-aural,Supra-aural,20 Hz - 22 kHz,No,No,Closed,Black / Silver,0
Pyle Audio PHPNC45,,Circumaural,Circumaural,30 Hz - 20 kHz,No,No,Closed,Black,0
Pyle Audio PIEH30W,,In Ear,In Ear,20 Hz - 20 kHz,No,No,Closed,Translucent Black,0
Pyle Audio PIEH40B,,In Ear,In Ear,20 Hz - 20 kHz,No,No,Closed,Black / Silver,0
Pyle Audio PIEH40W,,In Ear,In Ear,20 Hz - 20 kHz,No,No,Closed,White,0
Pyle Audio PIEHIP20P,,In Ear,In Ear,20 Hz - 20 kHz,No,No,Closed,Pink,0
Pyle Audio PIEHWD80DK,,In Ear,In Ear,20 Hz - 20 kHz,No,No,Closed,Black / Red,0
Pyle Audio PWPE10B,,https://cdna.pcpartpicker.com/static/forever/images/product/b1d5b5f7c446b458eaba54f4a43a5e04.256p.jpg,In Ear,20 Hz - 20 kHz,No,No,Closed,Black,0
Pyle Audio PHPNC15,,Supra-aural,Supra-aural,20 Hz - 20 kHz,No,No,Closed,Black,0
Sennheiser PC230,,Supra-aural,Supra-aural,18 Hz - 22 kHz,Yes,No,Closed,Black,0
Sennheiser MOMENTUM - Green,,Supra-aural,Supra-aural,16 Hz - 22 kHz,No,No,Closed,Green,0
Sennheiser Momentum Blue,,Supra-aural,Supra-aural,16 Hz - 22 kHz,No,No,Closed,Blue,0
Sennheiser PC121,,Supra-aural,Supra-aural,45 Hz - 18 kHz,Yes,No,Closed,Black / Silver,0
Sennheiser PC21-II,,Supra-aural,Supra-aural,true,Yes,No,Closed,Black,0
Skullcandy S2SBDY-101,,In Ear,In Ear,false,No,No,Closed,Black / Blue,0
Skullcandy S2SBDY-134,,In Ear,In Ear,false,No,No,Closed,Black / Pink,0
Skullcandy S2SBDY-209,,In Ear,In Ear,18 Hz - 20 kHz,No,No,Closed,White / Purple,0
Skullcandy S2SBDY-210,,In Ear,In Ear,18 Hz - 20 kHz,Yes,No,Closed,White / Purple,0
Skullcandy S2SBDZ-036,,In Ear,In Ear,20 Hz - 20 kHz,No,No,Closed,Black / Green,4
Skullcandy S2SBDZ-134,,In Ear,In Ear,false,No,No,Closed,Black / Pink,0
Skullcandy S2SBFY-033,,In Ear,In Ear,18 Hz - 20 kHz,Yes,No,Closed,Black,0
Skullcandy S2SBFY-058,,In Ear,In Ear,18 Hz - 20 kHz,Yes,No,Closed,Multicolor,0
Skullcandy S2SBFY-129,,In Ear,In Ear,18 Hz - 20 kHz,Yes,No,Closed,Black / Green,0
Skullcandy S2SBFY-130,,In Ear,In Ear,18 Hz - 20 kHz,Yes,No,Closed,Blue / White,0
Skullcandy S2TTDY-016,,https://cdna.pcpartpicker.com/static/forever/images/product/a0e2443d4f5480e6be9899ee4b98b345.med.256p.jpg,In Ear,20 Hz - 20 kHz,No,No,Closed,Black / Silver,0
Skullcandy S2TTDY-033,,In Ear,In Ear,20 Hz - 20 kHz,Yes,No,Closed,Black,0
Skullcandy S2TTDY-206,,In Ear,In Ear,20 Hz - 20 kHz,Yes,No,Closed,Black / Red,0
Skullcandy S3FXDM-033,,Earbud,Earbud,true,Yes,No,Closed,Black,0
Skullcandy S3FXDM-159,,Earbud,Earbud,true,Yes,No,Closed,Black / Blue,0
Skullcandy S3FXDM-160,,Earbud,Earbud,true,Yes,No,Closed,Black / Red,0
Skullcandy S4CHDM-082,,Earbud,Earbud,false,No,No,Closed,Purple,0
Skullcandy S5AVDM-161,29.99,Supra-aural,Supra-aural,false,Yes,No,Closed,Black / Silver,0
Skullcandy S5AVFM-289,,Supra-aural,Supra-aural,true,Yes,No,Closed,Black / Blue,0
Skullcandy S5URDZ-074,,Supra-aural,Supra-aural,20 Hz - 20 kHz,No,No,Closed,Black / White,2
Skullcandy S5URDZ-083,,Supra-aural,Supra-aural,false,No,No,Closed,Black / Yellow,0
Skullcandy S5URFZ-033,,Supra-aural,Supra-aural,20 Hz - 20 kHz,No,No,Closed,Black,5
Skullcandy S5URFZ-101,,Supra-aural,Supra-aural,20 Hz - 20 kHz,No,No,Closed,Black / Blue,4
Skullcandy S6AVFM-156,,Circumaural,Circumaural,true,Yes,No,Closed,Black / Silver,0
Skullcandy S6AVFM-157,,Circumaural,Circumaural,true,Yes,No,Closed,Brown,0
Skullcandy S6AVFM-158,,Circumaural,Circumaural,true,Yes,No,Closed,Black / White,0
Skullcandy S6AVFM-289,,Circumaural,Circumaural,true,Yes,No,Closed,Black / Blue,0
Skullcandy S6HSDY-210,,Circumaural,Circumaural,20 Hz - 22 kHz,Yes,No,Closed,Purple / Black,0
Skullcandy S6HSDZ-058,,Circumaural,Circumaural,20 Hz - 20 kHz,Yes,No,Closed,Multicolor,0
Skullcandy S6HSDZ-072,,Circumaural,Circumaural,20 Hz - 20 kHz,Yes,No,Closed,Black / White,5
Skullcandy S6HSDZ-161,,Circumaural,Circumaural,20 Hz - 20 kHz,Yes,No,Closed,Black,0
Skullcandy Hesh 2,,Circumaural,Circumaural,false,No,No,Closed,Gray,5
Skullcandy Uprock Non Micd,32.99,Supra-aural,Supra-aural,false,No,No,Closed,Black / Red,0
Skullcandy PLYR 2,,Circumaural,Circumaural,true,Yes,No,Closed,Black / White,5
Skullcandy PLYR 1,,Circumaural,Circumaural,true,Yes,No,Closed,Black / White,4.5
Koss HB79,,Supra-aural,Supra-aural,30 Hz - 15 kHz,No,Yes,Closed,Black,0
Koss KDE250,,Earbud,Earbud,40 Hz - 20 kHz,No,No,Closed,Black / Silver,0
Koss KEB30K,,In Ear,In Ear,15 Hz - 20 kHz,No,No,Closed,Black / Silver,0
Koss PRODJ100,,Circumaural,Circumaural,false,No,No,Closed,Black / Silver,1
Koss QZ5,,https://cdna.pcpartpicker.com/static/forever/images/product/69a2d093198d8c50225c18e7eeb58636.256p.jpg,Circumaural,40 Hz - 20 kHz,No,No,Closed,Black / Silver,0
Koss R/80,39.99,https://cdna.pcpartpicker.com/static/forever/images/product/e1339a112fb354162f41c5cdbed5dfe9.256p.jpg,Circumaural,false,No,No,Closed,Black,0
Koss UR/29,25.78,Circumaural,Circumaural,18 Hz - 20 kHz,No,No,Closed,Black / Silver,0
Philips SHE3595BK/28,,In Ear,In Ear,true,Yes,No,Closed,Black / Silver,0
Philips SHE3595BL/28,,In Ear,In Ear,true,Yes,No,Closed,Blue / White,0
Philips SHE3595PK/28,,In Ear,In Ear,true,Yes,No,Closed,Pink / White,0
Philips SHE3595WT28,,In Ear,In Ear,true,Yes,No,Closed,White,0
Philips SHH4506-28,39.99,Earbud,Earbud,true,Yes,No,Closed,Black,0
Philips SHQ3200/28,,In Ear,In Ear,15 Hz - 22 kHz,No,No,Closed,Orange,0
Philips SHQ3205/28,,In Ear,In Ear,false,No,No,Closed,Orange,0
Pyle Audio PHPMC2,,Circumaural,Circumaural,20 Hz - 22 kHz,Yes,No,Closed,Black / White,0
Rude Gamewear RUDE-100,,Supra-aural,Supra-aural,20 Hz - 20 kHz,Yes,No,Closed,Black,0
Syba CL-AUD23029,,Supra-aural,Supra-aural,true,Yes,No,Closed,Black / White,0
Syba CL-AUD23030,,Supra-aural,Supra-aural,true,Yes,No,Closed,Black / Red,0
Syba CL-AUD23039,,Supra-aural,Supra-aural,true,Yes,No,Closed,Brown,0
Syba CL-AUD63032,19.95,Circumaural,Circumaural,20 Hz - 20 kHz,Yes,No,Closed,White / Purple,0
Syba CL-AUD63074,,Supra-aural,Supra-aural,20 Hz - 20 kHz,Yes,No,Closed,Black / Silver,0
Syba U.F.O. 5.1,,Circumaural,Circumaural,20 Hz - 20 kHz,Yes,No,Closed,Black / Yellow,0
Syba OG-AUD63075,,Circumaural,Circumaural,20 Hz - 20 kHz,Yes,No,Closed,Black / Blue,0
Syba OG-AUD63076,,Circumaural,Circumaural,20 Hz - 20 kHz,Yes,No,Closed,Black / Blue,0
Syba OG-AUD63077,,https://cdna.pcpartpicker.com/static/forever/images/product/70293092c3d33200c9043dbe250f31b6.med.256p.jpg,Circumaural,20 Hz - 20 kHz,Yes,No,Closed,Black / Green,0
Syba OG-AUD63078,,Circumaural,Circumaural,20 Hz - 20 kHz,Yes,No,Closed,Black / Green,0
Memorex 61991,,In Ear,In Ear,false,No,No,Closed,Brown,0
Memorex EB50-GRN,,In Ear,In Ear,false,No,No,Closed,Green / White,0
Memorex 98161,,https://cdna.pcpartpicker.com/static/forever/images/product/e5287005fe1f3ae224497d28dea96d92.med.256p.jpg,In Ear,20 Hz - 20 kHz,No,No,Closed,Pink / White,0
Memorex 98162,,https://cdna.pcpartpicker.com/static/forever/images/product/56fa90fc10eecc4b04f704ed3fec1b2f.med.256p.jpg,In Ear,20 Hz - 20 kHz,No,No,Closed,Blue / White,0
Memorex EB300A,,In Ear,In Ear,20 Hz - 20 kHz,No,No,Closed,Black / Silver,0
Memorex CB25,,In Ear,In Ear,20 Hz - 20 kHz,No,No,Closed,Pink / White,0
Memorex 98843,,In Ear,In Ear,false,No,No,Closed,Silver / Black,0
Philips 609585114050,,Earbud,Earbud,false,No,No,Closed,White,0
Philips SHE2640,,Earbud,Earbud,false,No,No,Closed,Black / Silver,0
Philips SHE2640/27,,https://cdna.pcpartpicker.com/static/forever/images/product/79038d5a4484615065a19490834c8940.256p.jpg,Earbud,12 Hz - 22 kHz,No,No,Closed,Black / Silver,0
Philips SHE2641/27,,https://cdna.pcpartpicker.com/static/forever/images/product/f0f41edacf9d3706923ec88f63148cf3.med.256p.jpg,Earbud,12 Hz - 22 kHz,No,No,Closed,Black / Silver,0
Philips SHE2648/27,,https://cdna.pcpartpicker.com/static/forever/images/product/ef765b4526c2beba21e6e82dab2d62b0.med.256p.jpg,Earbud,12 Hz - 22 kHz,No,No,Closed,Pink / White,0
Philips SHE2650/28,,Earbud,Earbud,false,No,No,Closed,Black,0
Philips SHE7000WT/28,5.99,In Ear,In Ear,8 Hz - 23.5 kHz,No,No,Closed,Pink / White,0
Philips SHE9550/28,,In Ear,In Ear,6 Hz - 23.5 kHz,No,No,Closed,Black / Yellow,0
Philips SHQ-5200,,Supra-aural,Supra-aural,18 Hz - 21 kHz,No,No,Closed,Black / Orange,0
Philips SHQ1000/28,,Earbud,Earbud,30 Hz - 20 kHz,No,No,Closed,Red / White,0
Philips SHQ3200BK/28,,In Ear,In Ear,false,No,No,Closed,Black,0
Philips SHS3212,,Earbud,Earbud,false,No,No,Closed,Red / White,0
Philips SHS390/37,,Supra-aural,Supra-aural,false,No,No,Closed,Black / Silver,0
Philips SHS4700/28,,Supra-aural,Supra-aural,12 Hz - 24 kHz,No,No,Closed,Black / Silver,0
Philips SHS4843/28,,Earbud,Earbud,12 Hz - 23.5 kHz,No,No,Closed,Blue / White,0
Philips SHS5200/28,,Supra-aural,Supra-aural,12 Hz - 24 kHz,No,No,Closed,Black / Silver,0
Philips SJM2604,,Earbud,Earbud,false,No,No,Closed,White,0
RCA HP5042,17.17,Supra-aural,Supra-aural,20 Hz - 20 kHz,No,No,Semi-open,Black / Gray,0
RCA HP5043,19.98,Supra-aural,Supra-aural,20 Hz - 20 kHz,No,No,Semi-open,Black / Silver,0
RCA HP57N,,Earbud,Earbud,20 Hz - 20 kHz,No,No,Closed,Black / Silver,0
RCA HP59MIC,,In Ear,In Ear,true,Yes,No,Closed,Black,0
RCA HP59MICWH,,In Ear,In Ear,false,No,No,Closed,White,0
RCA HP59WH,,In Ear,In Ear,false,No,No,Closed,White,0
RCA HP60A,,In Ear,In Ear,false,No,No,Closed,White,0
RCA RCAHP5042,17.17,Circumaural,Circumaural,false,No,No,Semi-open,Black / Gray,0
RCA RCAHP5043,19.98,Circumaural,Circumaural,false,No,No,Semi-open,Black / Silver,0
RCA RCAHP59MICWH,,https://cdna.pcpartpicker.com/static/forever/images/product/7d0012f8e45379b46cc9f14ff592b099.med.256p.jpg,In Ear,false,No,No,Closed,White,0
RCA RCAHP60A,,In Ear,In Ear,false,No,No,Closed,White,0
Kensington 33084,70.59,Circumaural,Circumaural,false,No,No,Closed,Black / Blue,0
I/O Magic NE9782,,Supra-aural,Supra-aural,false,No,No,Closed,Black,0
Kensington 951010,,https://cdna.pcpartpicker.com/static/forever/images/product/d056424379011136a203ae0575537f12.med.256p.jpg,Supra-aural,false,No,No,Closed,Black,0
Kensington K33084,,Supra-aural,Supra-aural,false,No,No,Closed,Black / Blue,0
Motorola Sf200,,https://cdna.pcpartpicker.com/static/forever/images/product/ecbf6f33d6db6abfb48f502d2d31969b.med.256p.jpg,In Ear,false,No,No,Closed,Black / Red,0
Panasonic RP-HX40-K,,Supra-aural,Supra-aural,10 Hz - 25 kHz,No,No,Closed,Black / Silver,0
Pyle Audio PHPDJ1,,Circumaural,Circumaural,20 Hz - 22 kHz,No,No,Closed,Black / Silver,0
Syba CL-AUD63028,,In Ear,In Ear,true,Yes,No,Closed,Black / Red,0
Syba CL-AUD63030,,In Ear,In Ear,true,Yes,No,Closed,Black / Blue,0
Syba CL-AUD63036,,Supra-aural,Supra-aural,20 Hz - 20 kHz,No,No,Closed,Black / Silver,0
Syba CL-AUD63037,,Supra-aural,Supra-aural,20 Hz - 20 kHz,No,No,Closed,Black / Silver,0
Syba OG-AUD23033,,Circumaural,Circumaural,20 Hz - 20 kHz,No,No,Semi-open,Black / White,0
Syba OG-AUD23036,,Circumaural,Circumaural,20 Hz - 20 kHz,Yes,No,Closed,Black,0
Syba OG-AUD23042,,Circumaural,Circumaural,20 Hz - 20 kHz,Yes,No,Closed,Black,0
Syba OG-AUD23047,,Circumaural,Circumaural,20 Hz - 20 kHz,Yes,No,Closed,Black / Red,0
Syba OG-AUD63038-2,,Circumaural,Circumaural,20 Hz - 20 kHz,Yes,No,Closed,Black,0
Syba COBRA,,Circumaural,Circumaural,20 Hz - 20 kHz,Yes,No,Closed,Black / White,0
Syba SHELL,89,Circumaural,Circumaural,20 Hz - 20 kHz,Yes,No,Closed,Orange / White,0
Syba Oblanc U.F.O.,,Circumaural,Circumaural,20 Hz - 20 kHz,Yes,No,Closed,Black / Silver,0
Syba OG-AUD63059,,Circumaural,Circumaural,true,Yes,No,Closed,Black / White,0
Syba OG-AUD63065,,Circumaural,Circumaural,true,Yes,No,Closed,Black,0
Syba OG-AUD63067,,Circumaural,Circumaural,true,Yes,No,Closed,Black / Silver,0
Syba OG-AUD63070,,Circumaural,Circumaural,20 Hz - 20 kHz,Yes,No,Closed,Black / Yellow,0
Syba OG-AUD63072,,Circumaural,Circumaural,20 Hz - 20 kHz,Yes,No,Closed,Black / Red,0
Audio-Technica ATH-T200,,Circumaural,Circumaural,20 Hz - 22 kHz,No,No,Closed,Black / Silver,5
Audio-Technica ATH-T400,,Circumaural,Circumaural,15 Hz - 23 kHz,No,No,Closed,Black,0
Audio-Technica ATH-A900X,,Circumaural,Circumaural,5 Hz - 40 kHz,No,No,Closed,Black,5
Audio-Technica ATH-CKM55BK,,https://cdna.pcpartpicker.com/static/forever/images/product/62780ebd59a1510945e48ec0ec14fc0c.med.256p.jpg,In Ear,5 Hz - 24 kHz,No,No,Closed,Black,0
Audio-Technica ATH-ES33BK,,Supra-aural,Supra-aural,10 Hz - 25 kHz,No,No,Closed,Black,0
Audio-Technica ATH-RE70BK,,Supra-aural,Supra-aural,10 Hz - 24 kHz,No,No,Semi-open,Black / Silver,0
Audio-Technica ATH-RE70WH,,Supra-aural,Supra-aural,10 Hz - 24 kHz,No,No,Semi-open,Black / Silver,0
Audio-Technica ATH-SJ11BK,,Supra-aural,Supra-aural,15 Hz - 22 kHz,No,No,Closed,Black / Silver,0
Audio-Technica ATH-PRO700MK2,,Circumaural,Circumaural,5 Hz - 35 kHz,No,No,Closed,Black,0
Asus HS-W1,,Supra-aural,Supra-aural,true,Yes,Yes,Closed,Black,0
Imation 61825,,In Ear,In Ear,20 Hz - 20 kHz,No,No,Closed,Red / White,0
Imation MCB300,,In Ear,In Ear,20 Hz - 20 kHz,No,No,Closed,Blue / White,0
Imation 61865,,In Ear,In Ear,false,No,No,Closed,Black,0
SIIG CE-EP0012-S1,,https://cdna.pcpartpicker.com/static/forever/images/product/c7fbee92f2874be67ba60e100f68951c.256p.jpg,In Ear,10 Hz - 20 kHz,No,No,Closed,Black / Silver,0
SIIG CE-EP0112-S1,,https://cdna.pcpartpicker.com/static/forever/images/product/1036159e3eecadf98f1e455391c55c24.256p.jpg,In Ear,10 Hz - 20 kHz,No,No,Closed,Black / White,0
SIIG CE-EP0212-S1,,In Ear,In Ear,10 Hz - 20 kHz,No,No,Closed,Black / Silver,0
Shure SE425-V,,In Ear,In Ear,20 Hz - 19 kHz,No,No,Closed,Black / Silver,0
V7 HA100-2NP,,In Ear,In Ear,20 Hz - 20 kHz,No,No,Closed,Black / Silver,0
Corsair Vengeance 1400,,Circumaural,Circumaural,20 Hz - 20 kHz,Yes,No,Closed,Black / Blue,3.5
Beyerdynamic DT 660,,Circumaural,Circumaural,5 Hz - 35 kHz,No,No,Closed,Black / Silver,0
Beyerdynamic DT 860,,Circumaural,Circumaural,5 Hz - 35 kHz,No,No,Open,Black / Silver,5
Beyerdynamic MMX 2,,https://cdna.pcpartpicker.com/static/forever/images/product/2174ff4e85f50ffc588670ba34009c7d.256p.jpg,Supra-aural,18 Hz - 22 kHz,Yes,No,Closed,Black,0
Beyerdynamic DT235,,Supra-aural,Supra-aural,18 Hz - 22 kHz,No,No,Closed,Black / White,5
Beyerdynamic DTX 910,,Circumaural,Circumaural,15 Hz - 23 kHz,No,No,Open,Silver,0
Beyerdynamic DTX 41 iE,,In Ear,In Ear,15 Hz - 20 kHz,No,No,Closed,Black / Purple,0
Beyerdynamic DTX 101 iE,,In Ear,In Ear,10 Hz - 23 kHz,No,No,Closed,Black / Silver,0
Beyerdynamic DTX 71 iE,,In Ear,In Ear,20 Hz - 22 kHz,No,No,Closed,Gray,0
Beyerdynamic T 70,,Circumaural,Circumaural,5 Hz - 40 kHz,No,No,Closed,Black / Silver,0
Beyerdynamic DTX 501 p,,Supra-aural,Supra-aural,20 Hz - 20 kHz,No,No,Closed,Black / Silver,0
Beyerdynamic MMX 300,,Circumaural,Circumaural,5 Hz - 30 kHz,Yes,No,Closed,Black,5
Beyerdynamic T 5 p,,Circumaural,Circumaural,5 Hz - 50 kHz,No,No,Closed,Black / Silver,0
Beyerdynamic T 90,,Circumaural,Circumaural,5 Hz - 40 kHz,No,No,Open,Black / Silver,5
AKG K514 MKII,,https://cdna.pcpartpicker.com/static/forever/images/product/28e1d4569eaf5d3661ca0cd0e1010bde.med.256p.jpg,Supra-aural,16 Hz - 22 kHz,No,No,Closed,Gray / White,0
AKG K271MKII,93.95,Circumaural,Circumaural,16 Hz - 28 kHz,No,No,Closed,Black / Silver,0
Etymotic Research hf3,,In Ear,In Ear,20 Hz - 15 kHz,Yes,No,Closed,Blue / White,0
Etymotic Research mc5,,In Ear,In Ear,20 Hz - 15 kHz,No,No,Closed,Black / Silver,0
Etymotic Research mc3,,In Ear,In Ear,20 Hz - 15 kHz,Yes,No,Closed,Black / Silver,0
Etymotic Research ER4P,,In Ear,In Ear,20 Hz - 16 kHz,No,No,Closed,Black / White,0
Audio-Technica ATH-M30,,https://cdna.pcpartpicker.com/static/forever/images/product/0e6a8c9f1e9a5d4c7b7dbc4b72a2f8cd.med.256p.jpg,Circumaural,20 Hz - 20 kHz,No,No,Closed,Black,5
Koss 159617,,https://cdna.pcpartpicker.com/static/forever/images/product/dcfb608e42c7f2a8ee2adad5bb6bfa44.med.256p.jpg,Supra-aural,30 Hz - 16 kHz,Yes,No,Closed,Black / Silver,0
Koss 164260,,https://cdna.pcpartpicker.com/static/forever/images/product/01afdbdbb2cab7fb9102e8b14e0d1d97.med.256p.jpg,In Ear,10 Hz - 20 kHz,No,No,Closed,Black,0
Koss HQ2,,Circumaural,Circumaural,20 Hz - 20 kHz,Yes,No,Closed,Black,0
Koss Cs100,,https://cdna.pcpartpicker.com/static/forever/images/product/f07c8054283aef74b22e21edfcc0543a.med.256p.jpg,Supra-aural,false,No,No,Closed,Black / Silver,0
Koss Ktxpro1,,https://cdna.pcpartpicker.com/static/forever/images/product/855a89da30de1ea2c360ce24e18c5dc6.med.256p.jpg,Supra-aural,false,No,No,Closed,Blue / Silver,0
Koss Mix Jockey Dj,,https://cdna.pcpartpicker.com/static/forever/images/product/530df804747c0fea6b031197017504aa.med.256p.jpg,Circumaural,false,No,No,Closed,Black / Silver,0
Koss Pathfinder,,https://cdna.pcpartpicker.com/static/forever/images/product/ab586f8d2be491a7e5a12c322a2a1365.med.256p.jpg,In Ear,false,No,No,Closed,Black / White,0
Koss KC25,,Circumaural,Circumaural,20 Hz - 18 kHz,No,No,Closed,Black,0
Koss KE8Z,,https://cdna.pcpartpicker.com/static/forever/images/product/51fedd7c62a5c2406fe204edb64dddec.med.256p.jpg,In Ear,60 Hz - 20 kHz,No,No,Closed,Black,0
Koss KSC21,16.98,Supra-aural,Supra-aural,50 Hz - 18 kHz,No,No,Closed,Black / Silver,0
Koss SB45 07,83.26,https://cdna.pcpartpicker.com/static/forever/images/product/cc124090f2047f8193917c2ce17ee7f5.256p.jpg,Circumaural,18 Hz - 20 kHz,Yes,No,Closed,Black / White,0
Koss SB45 USB,74.62,https://cdna.pcpartpicker.com/static/forever/images/product/851dd48a2573de913b1862c925064cd1.256p.jpg,Circumaural,18 Hz - 20 kHz,Yes,No,Closed,Black / Silver,0
Koss TD85 07,,https://cdna.pcpartpicker.com/static/forever/images/product/fcffc3298c9ecd5386ad3d9652935698.256p.jpg,Circumaural,20 Hz - 17 kHz,Yes,No,Closed,Black / Silver,0
Logitech Ultimate Ears 4000,,Supra-aural,Supra-aural,20 Hz - 20 kHz,No,No,Closed,Black / White,0
Logitech Ultimate Ears 350,,In Ear,In Ear,20 Hz - 20 kHz,No,No,Closed,Black / Silver,0
Logitech Ultimate Ears 200,,https://cdna.pcpartpicker.com/static/forever/images/product/d1edd3e751364dd403bfd4d404228d24.256p.jpg,In Ear,20 Hz - 15 kHz,No,No,Closed,Black / Silver,0
Mad Catz TRITTON Kunai,,https://cdna.pcpartpicker.com/static/forever/images/product/9af7be7cb8c913a604551ab345a43a4d.med.256p.jpg,Supra-aural,20 Hz - 20 kHz,Yes,No,Closed,Black / White,4
ARCTIC P311,,https://cdna.pcpartpicker.com/static/forever/images/product/193d5eafb7a3236a35e1e46fc1814c67.256p.jpg,Supra-aural,18 Hz - 22 kHz,No,Yes,Closed,Black,0
Creative Labs MA2600,,Circumaural,Circumaural,10 Hz - 20 kHz,Yes,No,Closed,Black,0
Gear Head AU2200BN,,Supra-aural,Supra-aural,50 Hz - 20 kHz,Yes,No,Closed,Black / Silver,0
HP HyperX Edition Steelseries Siberia v2,,Circumaural,Circumaural,18 Hz - 28 kHz,Yes,No,Closed,Black / Blue,5
Perixx AX-2000B,,Circumaural,Circumaural,true,Yes,No,Closed,Black / Red,0
Perixx AX-5000,,Circumaural,Circumaural,true,Yes,No,Closed,Black / White,4
Plantronics Audio 626,,https://cdna.pcpartpicker.com/static/forever/images/product/bdb2f314f4c29b114891472ca8241ffd.med.256p.jpg,Supra-aural,true,Yes,No,Closed,Black / Blue,0
Plantronics SupraPlus H261,,https://cdna.pcpartpicker.com/static/forever/images/product/60a89b6d0d8ecc1e3a65fc924be1d4e8.med.256p.jpg,Supra-aural,true,Yes,No,Closed,Black / Silver,0
Plantronics Gamecom 307,,https://cdna.pcpartpicker.com/static/forever/images/product/646348ce265706a574955a3634a0c85d.med.256p.jpg,Supra-aural,true,Yes,No,Closed,Black,4
Plantronics Blackwire C520,,https://cdna.pcpartpicker.com/static/forever/images/product/4fe134302009c20f86ce1dca86cd9640.med.256p.jpg,Supra-aural,true,Yes,No,Closed,Black / Silver,0
Plantronics Blackwire C510,,https://cdna.pcpartpicker.com/static/forever/images/product/5ffb4563f0d7c685c08b7b03d2568b9e.med.256p.jpg,Supra-aural,true,Yes,No,Closed,Black / Silver,0
Plantronics Blackwire C720,,https://cdna.pcpartpicker.com/static/forever/images/product/eb8d66f52939ecc5fb21d81e930987a5.med.256p.jpg,Supra-aural,true,Yes,No,Closed,Black / Silver,0
Pyle Audio PHPMCU10,23.47,Supra-aural,Supra-aural,true,Yes,No,Closed,Black / Silver,0
ROCCAT ROC-14-200,,Earbud,Earbud,18 Hz - 22 kHz,Yes,No,Closed,Black / Silver,0
ROCCAT Kave,,Circumaural,Circumaural,true,Yes,No,Closed,Black,3.5
Razer Hammerhead,,In Ear,In Ear,20 Hz - 20 kHz,No,No,Closed,Black / Green,0
Turtle Beach Z300,,https://cdna.pcpartpicker.com/static/forever/images/product/f512ebc2c42d9af4da57020b085cf105.med.256p.jpg,Circumaural,true,Yes,No,Closed,Black / Red,5
SteelSeries Diablo III 57002,,Circumaural,Circumaural,18 Hz - 28 kHz,Yes,No,Closed,Black / Red,3.5
SteelSeries Flux In-Ear Mobile,,In Ear,In Ear,20 Hz - 20 kHz,Yes,No,Closed,Black / White,0
Syba CL-AUD23028,,Supra-aural,Supra-aural,true,Yes,Yes,Closed,Black / White,2
Syba CL-AUD23031,,Supra-aural,Supra-aural,true,Yes,Yes,Closed,White / Pink,0
Syba CL-AUD23040,,Supra-aural,Supra-aural,true,Yes,Yes,Closed,Black / White,0
Syba OG-AUD63044-2,,Circumaural,Circumaural,true,Yes,No,Closed,Black / Silver,0
Syba U.F.O.,,Circumaural,Circumaural,20 Hz - 20 kHz,Yes,No,Closed,Black / Yellow,0
Syba GamesterGear PC200,,Circumaural,Circumaural,20 Hz - 20 kHz,Yes,No,Closed,Black / Red,3
Panasonic RP-HTF295-K,,https://cdna.pcpartpicker.com/static/forever/images/product/19d8b4f7f1b60a3a4488c19ab0ee71d3.med.256p.jpg,Circumaural,10 Hz - 27 kHz,No,No,Semi-open,Black,0
Panasonic RP-HC55-S,,https://cdna.pcpartpicker.com/static/forever/images/product/bed20b42b252ea47d7b2bc45e3f2f894.med.256p.jpg,In Ear,10 Hz - 20 kHz,No,No,Closed,Black / Silver,0
Panasonic RP-HJE180-W,,In Ear,In Ear,6 Hz - 25 kHz,No,No,Closed,White,0
Panasonic RP-HJE280-A,,In Ear,In Ear,6 Hz - 24 kHz,No,No,Closed,Black / Blue,0
Panasonic RP-HJE280-K,,In Ear,In Ear,6 Hz - 24 kHz,No,No,Closed,Black,0
Panasonic RP-HJE280-P,,In Ear,In Ear,6 Hz - 24 kHz,No,No,Closed,White / Pink,0
Panasonic RP-HJE280-S,,In Ear,In Ear,6 Hz - 24 kHz,No,No,Closed,Black / Silver,0
Panasonic RP-HV094-B,,https://cdna.pcpartpicker.com/static/forever/images/product/4aad8201a854192f83b0b59bc2d92c48.med.256p.jpg,Earbud,false,No,No,Closed,Black,0
Panasonic RP-HV21K,,Earbud,Earbud,10 Hz - 25 kHz,No,No,Closed,Black,0
Panasonic RP-HV21R,,https://cdna.pcpartpicker.com/static/forever/images/product/b5cb161f19b4d8923b246f22701b8676.med.256p.jpg,Earbud,10 Hz - 25 kHz,No,No,Closed,Red / White,0
Panasonic RP-TCM125-A,13.99,https://cdna.pcpartpicker.com/static/forever/images/product/09750327049e7b254cb4d9e18b2dcc3d.med.256p.jpg,In Ear,10 Hz - 24 kHz,No,No,Closed,Blue,0
Panasonic RP-TCM125-K,13.99,https://cdna.pcpartpicker.com/static/forever/images/product/bc6688a33774d3263ae8b237afdd1216.med.256p.jpg,In Ear,10 Hz - 24 kHz,No,No,Closed,Black / Silver,0
Panasonic RP-TCM125-P,,https://cdna.pcpartpicker.com/static/forever/images/product/7175ed7139df3eb33b61ff5513364124.med.256p.jpg,In Ear,10 Hz - 24 kHz,No,No,Closed,Pink,0
Sennheiser CX 380,,In Ear,In Ear,17 Hz - 21 kHz,No,No,Closed,Black / Yellow,0
Sennheiser PC 8,21.49,https://cdna.pcpartpicker.com/static/forever/images/product/0233fee848ed2f4b661635a506f3897f.256p.jpg,Supra-aural,true,Yes,No,Closed,Black,0
Sennheiser SC 260 USB ML,,Supra-aural,Supra-aural,true,Yes,No,Closed,Black / Silver,0
Sennheiser HD238,,Supra-aural,Supra-aural,16 Hz - 23 kHz,No,No,Closed,Black / Silver,5
Sennheiser HD25ALUM,,Supra-aural,Supra-aural,false,No,No,Closed,Black / Silver,0
Sennheiser HD515,,Circumaural,Circumaural,14 Hz - 26 kHz,No,No,Open,Black / Silver,0
Sennheiser HD558v3,,https://cdna.pcpartpicker.com/static/forever/images/product/8f85500674f0d5c787c7dcb05dcdf51a.med.256p.jpg,Circumaural,15 Hz - 28 kHz,No,No,Open,Black / Silver,0
Sennheiser MX270,,Earbud,Earbud,19 Hz - 20 kHz,No,No,Closed,Black,0
Sennheiser MX580,,Earbud,Earbud,18 Hz - 21 kHz,No,No,Closed,Black / Silver,0
Sennheiser Momentum Red,,Supra-aural,Supra-aural,16 Hz - 22 kHz,No,No,Closed,Red / Silver,0
Sennheiser PCX95,,In Ear,In Ear,17 Hz - 22.5 kHz,No,No,Closed,Black,0
Sennheiser PMX 680i,,Earbud,Earbud,18 Hz - 20 kHz,No,No,Closed,Black / Yellow,0
Sennheiser PMX95,,Supra-aural,Supra-aural,false,No,No,Closed,Black,0
Sennheiser PX95,,Supra-aural,Supra-aural,false,No,No,Closed,Black / Silver,0
Plantronics RIG,,https://cdna.pcpartpicker.com/static/forever/images/product/6ba02c249e317de9cafb7e395681d96d.256p.jpg,Supra-aural,true,Yes,No,Closed,Black / Red,5
Ergoguys HPK-1550,,Circumaural,Circumaural,20 Hz - 20 kHz,No,No,Closed,Black / Silver,0
HiFiMAN HE500,,Circumaural,Circumaural,15 Hz - 50 kHz,No,No,Open,Black / Silver,5
Kensington IVG-KMW33084,,https://cdna.pcpartpicker.com/static/forever/images/product/64bc1ee23cde9c50fa86dd2cea46b344.med.256p.jpg,Supra-aural,false,No,No,Closed,Black / Blue,0
Kensington IVG-KMW33137,,https://cdna.pcpartpicker.com/static/forever/images/product/c7d1671d340b1eabdbaa0be7ec8c223e.med.256p.jpg,Supra-aural,false,No,No,Closed,Black,0
Philips She9000/28,,https://cdna.pcpartpicker.com/static/forever/images/product/daa53eb17170dd75626ecd6a0a27eeb8.med.256p.jpg,In Ear,6 Hz - 23.5 kHz,No,No,Closed,Black,0
Philips SHB4000,,Supra-aural,Supra-aural,20 Hz - 20 kHz,Yes,Yes,Closed,Black,0
Philips SHB4000WT,,Supra-aural,Supra-aural,20 Hz - 20 kHz,Yes,Yes,Closed,Black / Silver,0
Philips SHB9100BK,,https://cdna.pcpartpicker.com/static/forever/images/product/3777bb0ee00c0770c0ee5d64975f2dd8.med.256p.jpg,Supra-aural,18 Hz - 21 kHz,No,Yes,Closed,Black / Silver,0
Philips SHB9100RD,,Supra-aural,Supra-aural,18 Hz - 21 kHz,No,Yes,Closed,Black / Red,0
Philips SHB9100WT,,Supra-aural,Supra-aural,18 Hz - 21 kHz,No,Yes,Closed,Black / White,3
Philips SHS4841/28,,Earbud,Earbud,12 Hz - 23.5 kHz,No,No,Closed,Black,0
Pioneer SE-CE11-H,,Earbud,Earbud,20 Hz - 20 kHz,No,No,Closed,White,0
Pioneer SE-CE11K,,Earbud,Earbud,20 Hz - 20 kHz,No,No,Closed,Black,0
Pioneer SE-CL721-K,,In Ear,In Ear,5 Hz - 22 kHz,No,No,Closed,Black / Red,0
Pioneer SE-NC31C-K,,In Ear,In Ear,5 Hz - 16 kHz,No,No,Closed,Black / Red,0
RCA IVG-RCAHP60A,,https://cdna.pcpartpicker.com/static/forever/images/product/2001084af8801da50068a228aec15c47.med.256p.jpg,In Ear,false,No,No,Closed,White,0
Rosewill RH-001,,Supra-aural,Supra-aural,20 Hz - 20 kHz,Yes,No,Closed,Black,0
Shure SRH240,,https://cdna.pcpartpicker.com/static/forever/images/product/ac91e38dfebcdfd869a3e0f44b30c634.med.256p.jpg,Circumaural,20 Hz - 22 kHz,No,No,Closed,Black,5
Shure SRH940,,https://cdna.pcpartpicker.com/static/forever/images/product/7021e1ceeaa8fbc70e78af561db85826.med.256p.jpg,Circumaural,5 Hz - 30 kHz,No,No,Closed,Black / Silver,0
Shure SRH550DJ,,https://cdna.pcpartpicker.com/static/forever/images/product/ee4127a6f648e45fb49c2c51a0951314.med.256p.jpg,Supra-aural,5 Hz - 22 kHz,No,No,Closed,Black / Gray,0
Skullcandy S5URDZ-072,,Supra-aural,Supra-aural,20 Hz - 20 kHz,No,No,Closed,White / Purple,0
Skullcandy S6HEDY-049,,Circumaural,Circumaural,20 Hz - 20 kHz,No,No,Closed,Red / Blue,0
Sony DR-BTN200/BLK,,Supra-aural,Supra-aural,20 Hz - 20 kHz,No,Yes,Closed,Black / Silver,0
Sony DR-BTN200M,,Supra-aural,Supra-aural,false,No,Yes,Closed,White,0
Sony MDR-AS200/GRN,,In Ear,In Ear,false,No,No,Closed,Black / Green,0
Sony MDR-E829V,,Earbud,Earbud,12 Hz - 22 kHz,No,No,Closed,Black,0
Sony MDR-IF240RK,,Supra-aural,Supra-aural,18 Hz - 22 kHz,No,Yes,Closed,Black / Silver,0
Sony MDR-J10,,Earbud,Earbud,false,No,No,Closed,Pink,0
Sony MDR-PQ1,,Circumaural,Circumaural,8 Hz - 25 kHz,No,No,Closed,Pink / Black,0
Sony MDR-RF925RK,,Circumaural,Circumaural,20 Hz - 20 kHz,No,Yes,Closed,Black / White,0
Sony MDR-XB200,,https://cdna.pcpartpicker.com/static/forever/images/product/90d14ea173fafd30b5cbfc7704965487.256p.jpg,Supra-aural,5 Hz - 22 kHz,No,No,Closed,Pink / Black,0
Sony MDR-XB300,,Supra-aural,Supra-aural,5 Hz - 22 kHz,No,No,Closed,Black / Silver,0
Sony MDR-XB400/BLK,,Supra-aural,Supra-aural,5 Hz - 22 kHz,No,No,Closed,Black,0
Sony MDR-XB400/BLU,,Supra-aural,Supra-aural,5 Hz - 22 kHz,No,No,Closed,Blue,0
Sony MDR-XB400/PNK,,https://cdna.pcpartpicker.com/static/forever/images/product/0e4fdeebce640bc001dfb84259c6256b.med.256p.jpg,Supra-aural,5 Hz - 22 kHz,No,No,Closed,Pink / Black,0
Sony MDR-XB920/B,,Supra-aural,Supra-aural,3 Hz - 28 kHz,No,No,Closed,Black / Silver,0
Sony MDR-ZX300/BLUE,,Supra-aural,Supra-aural,10 Hz - 24 kHz,No,No,Closed,Black / Blue,0
Sony MDR7520,,Supra-aural,Supra-aural,5 Hz - 80 kHz,No,No,Closed,Black,0
Sony MDRAS200/WHI,55,Earbud,Earbud,17 Hz - 22 kHz,No,No,Closed,White,0
Sony MDRNC8/B,,Supra-aural,Supra-aural,30 Hz - 20 kHz,No,No,Closed,Black,0
Sony MDRXB200/D,,Supra-aural,Supra-aural,5 Hz - 22 kHz,No,No,Closed,Black / Orange,0
Sony MDRXB200/L,,Circumaural,Circumaural,5 Hz - 22 kHz,No,No,Closed,Black / Blue,0
Sony MDRXB200/V,,Supra-aural,Supra-aural,5 Hz - 22 kHz,No,No,Closed,White / Purple,0
Sony MDRXB400VL,,Supra-aural,Supra-aural,false,No,No,Closed,White / Purple,0
Sony MDRXB920/R,,Circumaural,Circumaural,false,No,No,Closed,Red / White,0
Sony MH410C/W,,Earbud,Earbud,100 Hz - 16 kHz,No,No,Closed,White,0
Sony XBA-1iP,,In Ear,In Ear,5 Hz - 25 kHz,No,No,Closed,Black,0
Syba CL-AUD23038,,Supra-aural,Supra-aural,true,Yes,Yes,Closed,Black / Yellow,0
Syba OG-AUD23043,,Circumaural,Circumaural,20 Hz - 20 kHz,Yes,Yes,Closed,Black / White,0
Tek Republic TH Pro,,Circumaural,Circumaural,10 Hz - 20 kHz,Yes,No,Closed,Black,5
Yamaha HPH-PRO500BU,,Circumaural,Circumaural,20 Hz - 20 kHz,No,No,Closed,Blue / Silver,0
Shure SE315,,https://cdna.pcpartpicker.com/static/forever/images/product/46868584afa55d30ba54c5a61d1a9ec1.med.256p.jpg,In Ear,20 Hz - 20 kHz,No,No,Closed,Black / Silver,0
Shure SE535,,https://cdna.pcpartpicker.com/static/forever/images/product/0049f7ecf0071b7929f6959f7e9b4577.med.256p.jpg,In Ear,18 Hz - 19 kHz,No,No,Closed,Brown / Black,0
Shure SE535V,,In Ear,In Ear,false,No,No,Closed,Brown / Black,0
Audio-Technica ATH-A700,,Circumaural,Circumaural,5 Hz - 35 kHz,No,No,Closed,Black,0
Audio-Technica ATH-M50 RED,,https://cdna.pcpartpicker.com/static/forever/images/product/039d5383ae10067d6d347d21fcb9d6d0.256p.jpg,Circumaural,15 Hz - 28 kHz,No,No,Closed,Black / Red,0
Audio-Technica ATH-D40fs,,Circumaural,Circumaural,20 Hz - 28 kHz,No,No,Closed,Black,0
Sony 1262-3331,,https://cdna.pcpartpicker.com/static/forever/images/product/600456b21211524f34938b1c1f1238dc.med.256p.jpg,In Ear,false,No,No,Closed,White,0
Sony CZ-DRBTN200B,,https://cdna.pcpartpicker.com/static/forever/images/product/817a87f2499199dacbe2f72e4555386d.med.256p.jpg,Supra-aural,false,No,Yes,Closed,Black,0
Sony CZ-MDR222KD/BLK,,https://cdna.pcpartpicker.com/static/forever/images/product/9ffd1f1cec9cb8657c726de3498c71ef.med.256p.jpg,Supra-aural,14 Hz - 20 kHz,No,No,Closed,Black,0
Sony CZ-MDR222KD/PIN,,https://cdna.pcpartpicker.com/static/forever/images/product/0e6b62ed53ae78ec99eb6e1531801ee7.med.256p.jpg,Supra-aural,14 Hz - 20 kHz,No,No,Closed,Black / Pink,0
Sony CZ-MDRAS200B,,https://cdna.pcpartpicker.com/static/forever/images/product/999d08c3fff905b96bf9c8b88b22d065.med.256p.jpg,In Ear,false,No,No,Closed,Black,0
Sony CZ-MDRAS200BL,,https://cdna.pcpartpicker.com/static/forever/images/product/466834e9ed2ccf91be9476c50b63e393.med.256p.jpg,Earbud,false,No,No,Closed,Black / Blue,0
Sony CZ-MDRAS200G,,https://cdna.pcpartpicker.com/static/forever/images/product/0044e34d9f70d21dc6649599573c63af.med.256p.jpg,Earbud,false,No,No,Closed,Black / Green,0
Sony CZ-MDRAS200O,,https://cdna.pcpartpicker.com/static/forever/images/product/a1c3f5394026356b627036c746343805.med.256p.jpg,Earbud,false,No,No,Closed,Black / Orange,0
Sony CZ-MDRAS200PK,,https://cdna.pcpartpicker.com/static/forever/images/product/dea82a221453f35f367b72851f1d3bea.med.256p.jpg,Earbud,false,No,No,Closed,Black / Pink,0
Sony CZ-MDRAS200W,,https://cdna.pcpartpicker.com/static/forever/images/product/e388270d60b4d5f671a1235cdffdbff8.med.256p.jpg,Earbud,false,No,No,Closed,White,0
Sony CZ-MDRAS400IPB,,https://cdna.pcpartpicker.com/static/forever/images/product/1b2bfd97fd40c1a4635f1559f68c3588.med.256p.jpg,In Ear,true,Yes,No,Closed,Black,0
Sony CZ-MDRAS400IPW,,https://cdna.pcpartpicker.com/static/forever/images/product/db391a4a5215908b742d5ac62849d390.med.256p.jpg,In Ear,true,Yes,No,Closed,White,0
Sony CZ-MDRE9LP/BLK,,https://cdna.pcpartpicker.com/static/forever/images/product/ccc75d0eac71c49914f7ec25d9dbe0f5.med.256p.jpg,Earbud,false,No,No,Closed,Black,0
Sony CZ-MDRE9LP/GRAY,,https://cdna.pcpartpicker.com/static/forever/images/product/e6b034604410d6da11158696c80601e2.med.256p.jpg,Earbud,18 Hz - 22 kHz,No,No,Closed,White / Gray,0
Sony CZ-MDRE9LP/GRN,,https://cdna.pcpartpicker.com/static/forever/images/product/0c1e66ac841d4e1f4b04b9c82c9b5f31.med.256p.jpg,Earbud,18 Hz - 22 kHz,No,No,Closed,Green / White,0
Sony CZ-MDRE9LP/PNK,,https://cdna.pcpartpicker.com/static/forever/images/product/aa1243e10e4a3d5881ac758e7349cecd.med.256p.jpg,Earbud,18 Hz - 22 kHz,No,No,Closed,Pink / White,0
Sony CZ-MDRE9LP/RED,,https://cdna.pcpartpicker.com/static/forever/images/product/c74744dd4799695aa6ff5701bb3e9798.med.256p.jpg,Earbud,18 Hz - 22 kHz,No,No,Closed,Red / White,0
Sony CZ-MDRE9LP/VLT,,https://cdna.pcpartpicker.com/static/forever/images/product/c5110a347b6fab410d231241b1046df1.med.256p.jpg,Earbud,18 Hz - 22 kHz,No,No,Closed,White / Purple,0
Sony CZ-MDRE9LP/WHI,,https://cdna.pcpartpicker.com/static/forever/images/product/28c6c7c0493fc62c74aad44554884ab3.med.256p.jpg,Earbud,18 Hz - 22 kHz,No,No,Closed,White,0
Sony CZ-MDREX100APL,,https://cdna.pcpartpicker.com/static/forever/images/product/01f9c64fe1005e32c473a54acce68bb4.med.256p.jpg,In Ear,false,No,No,Closed,Black / Blue,0
Sony CZ-MDREX100APP,,https://cdna.pcpartpicker.com/static/forever/images/product/c41fc1cf4525b0b5bda25eabeb699605.med.256p.jpg,In Ear,false,No,No,Closed,Pink / Black,0
Sony CZ-MDREX100IPB,,https://cdna.pcpartpicker.com/static/forever/images/product/1db9341442adfb0d9471f5d42a8f9006.med.256p.jpg,In Ear,false,No,No,Closed,Black,0
Sony CZ-MDREX100IPW,,https://cdna.pcpartpicker.com/static/forever/images/product/e2add9bb207a6fd55a69ebd074c6d98e.med.256p.jpg,In Ear,false,No,No,Closed,White,0
Sony CZ-MDREX10LP/BLK,,https://cdna.pcpartpicker.com/static/forever/images/product/9f6f49bd11683a7b4bdb01cdb3ce11eb.med.256p.jpg,In Ear,false,No,No,Closed,Black,0
Sony CZ-MDREX10LP/DBL,,https://cdna.pcpartpicker.com/static/forever/images/product/335491cec5803fe0807723b197efe1ca.med.256p.jpg,In Ear,false,No,No,Closed,Blue / White,0
Sony CZ-MDREX10LP/DPK,,https://cdna.pcpartpicker.com/static/forever/images/product/87938765d148f7ff1b69091212974441.med.256p.jpg,In Ear,false,No,No,Closed,Pink / White,0
Sony CZ-MDREX10LP/RED,,https://cdna.pcpartpicker.com/static/forever/images/product/d4fe7be0d4778ad371e22b7e2ae6da69.med.256p.jpg,In Ear,false,No,No,Closed,Red / White,0
Sony CZ-MDREX10LP/VLT,,https://cdna.pcpartpicker.com/static/forever/images/product/01a75366804397d808c09bb4ab8a8d0c.med.256p.jpg,In Ear,false,No,No,Closed,Purple,0
Sony CZ-MDREX10LP/WHI,,https://cdna.pcpartpicker.com/static/forever/images/product/967d96a7e6991262366290fbf8261186.med.256p.jpg,In Ear,false,No,No,Closed,White,0
Sony CZ-MDREX25LPBLU,,https://cdna.pcpartpicker.com/static/forever/images/product/869a168eb765626273734cf3a5219283.med.256p.jpg,In Ear,false,No,No,Closed,Blue / White,0
Sony CZ-MDREX25LPPNK,,https://cdna.pcpartpicker.com/static/forever/images/product/38811e52c13da1df2cdb1c444a96e71f.med.256p.jpg,In Ear,false,No,No,Closed,White / Pink,0
Sony CZ-MDREX25LPVLT,,https://cdna.pcpartpicker.com/static/forever/images/product/ab245e45fcaaa018bf043f9e97eac689.med.256p.jpg,In Ear,false,No,No,Closed,White / Purple,0
Sony CZ-MDREX37B/BLK,,https://cdna.pcpartpicker.com/static/forever/images/product/a65a5b50f0864f3df83aa51914bca9f4.med.256p.jpg,In Ear,false,No,No,Closed,Black / White,0
Sony CZ-MDREX37B/BLU,,https://cdna.pcpartpicker.com/static/forever/images/product/4c82a860ca6aae56707b0e197cff2ac1.med.256p.jpg,In Ear,false,No,No,Closed,Blue,0
Sony CZ-MDREX37B/RED,,https://cdna.pcpartpicker.com/static/forever/images/product/c3b54816eb0cd4f92c22643180278818.med.256p.jpg,In Ear,false,No,No,Closed,Red / Black,0
Sony CZ-MDREX37B/YLW,,https://cdna.pcpartpicker.com/static/forever/images/product/557100f3229f862d4d72147d56711600.med.256p.jpg,In Ear,false,No,No,Closed,Black / Yellow,0
Sony CZ-MDRMA300,,Circumaural,Circumaural,false,No,No,Closed,Black,0
Sony MDR-J20/SILVER,,Earbud,Earbud,16 Hz - 24 kHz,No,No,Closed,Black / Silver,0
Sony MDR-PQ2/Z,,Supra-aural,Supra-aural,10 Hz - 24 kHz,No,No,Closed,Brown,0
Sony MDR-V150,,https://cdna.pcpartpicker.com/static/forever/images/product/c82c24a21c562bae3f8001df6f81a96c.256p.jpg,Supra-aural,18 Hz - 22 kHz,No,No,Closed,Black,0
Sony MDR-XB400/GRN,,Supra-aural,Supra-aural,5 Hz - 22 kHz,No,No,Closed,Green,0
Sony XBA-S65,,In Ear,In Ear,6 Hz - 24 kHz,No,No,Closed,Black,0
HiFiMAN RE400,,In Ear,In Ear,false,No,No,Closed,Black / Silver,0
Sony MDRZX100WHITE,,https://cdna.pcpartpicker.com/static/forever/images/product/f2351397b4e74418dc81f5aa637de9cb.med.256p.jpg,Supra-aural,12 Hz - 22 kHz,No,No,Closed,White,0
Koss 168866/176869,,https://cdna.pcpartpicker.com/static/forever/images/product/46f1dba897bac35cf9abc96cdd1b2f35.256p.jpg,Supra-aural,60 Hz - 20 kHz,No,No,Closed,Black / Silver,0
Koss CL3N,,In Ear,In Ear,60 Hz - 20 kHz,No,No,Closed,White,0
Koss CLIPPERS,,https://cdna.pcpartpicker.com/static/forever/images/product/3005d7bdb5a36de5eb799878e2b060e7.med.256p.jpg,Supra-aural,60 Hz - 20 kHz,No,No,Closed,Black / Silver,0
Koss CZ-163684,,https://cdna.pcpartpicker.com/static/forever/images/product/84dad52ddd0069aa5f7bce119adaf2a8.med.256p.jpg,Supra-aural,15 Hz - 25 kHz,No,No,Closed,Black / Silver,0
Koss CZ-164020,,https://cdna.pcpartpicker.com/static/forever/images/product/a4b97ff85234dba05c1fb7ac80db10b7.med.256p.jpg,Supra-aural,5 Hz - 25 kHz,No,No,Closed,Black,0
Koss CZ-168486,,https://cdna.pcpartpicker.com/static/forever/images/product/dadebb0daec0c67797ccf638298a81b8.med.256p.jpg,In Ear,10 Hz - 20 kHz,No,No,Closed,Black / Silver,0
Koss CZ-168990,,https://cdna.pcpartpicker.com/static/forever/images/product/3fef56d0206698c1e5fdc0276c53c6e1.med.256p.jpg,In Ear,10 Hz - 20 kHz,No,No,Closed,Black,0
Koss CZ-175481,,https://cdna.pcpartpicker.com/static/forever/images/product/04af07972b4946f22a3ffe072ea4b86a.med.256p.jpg,Earbud,70 Hz - 20 kHz,No,No,Closed,Black,0
Koss CZ-176801,,Earbud,Earbud,70 Hz - 20 kHz,No,No,Closed,White,0
Koss CZ-178295,,https://cdna.pcpartpicker.com/static/forever/images/product/b89934bb943a3be7baedd00d29b1a90f.med.256p.jpg,Circumaural,18 Hz - 20 kHz,No,No,Closed,Black / Silver,0
Koss PORTAPROKTC,,Supra-aural,Supra-aural,15 Hz - 25 kHz,No,No,Closed,Black / Silver,0
Koss KEB40,,In Ear,In Ear,false,No,No,Closed,Black / Silver,0
Astro 3AS50-EAW9F-319,,Circumaural,Circumaural,true,Yes,Yes,Closed,Black / Orange,0
Cooler Master Storm Ceres400,,Circumaural,Circumaural,20 Hz - 20 kHz,Yes,No,Closed,Black / Red,0
Corsair Raptor HS30,,Circumaural,Circumaural,20 Hz - 20 kHz,Yes,No,Closed,Black / Red,2
Corsair Raptor HS40,,https://cdna.pcpartpicker.com/static/forever/images/product/c82b1eb14c227500cda489b5f990c3e8.256p.jpg,Circumaural,20 Hz - 20 kHz,Yes,No,Closed,Black / Red,3.5
Creative Labs 51EF0610AA010,,In Ear,In Ear,6 Hz - 23 kHz,No,No,Closed,Black / Blue,0
Creative Labs EP-630,,In Ear,In Ear,6 Hz - 23 kHz,No,No,Closed,Black / Silver,0
Creative Labs Sound Blaster Tactic3D Fury,,Circumaural,Circumaural,20 Hz - 20 kHz,Yes,No,Closed,Black / Red,0
Creative Labs EVO ZxR,,Circumaural,Circumaural,true,Yes,Yes,Closed,Black / Red,0
Denon AH-C300,,In Ear,In Ear,5 Hz - 25 kHz,Yes,No,Closed,Black / Silver,0
AKG K350AMA,,https://cdna.pcpartpicker.com/static/forever/images/product/c1a71ed8bae36f615078310d4ab0f498.med.256p.jpg,In Ear,false,No,No,Closed,Purple,0
Cobra EARPHONE001,,https://cdna.pcpartpicker.com/static/forever/images/product/a063d440b1334c58e467aef3f3a44de5.med.256p.jpg,Circumaural,20 Hz - 20 kHz,Yes,No,Closed,Black / Blue,0
Cobra EHH007ORANGE,,https://cdna.pcpartpicker.com/static/forever/images/product/f43c185215aa9e2547af9488289882a9.med.256p.jpg,Circumaural,20 Hz - 20 kHz,Yes,No,Closed,Black / Orange,0
Cobra e-3luered,,https://cdna.pcpartpicker.com/static/forever/images/product/72068fcf66c4acb3f1f453d5973098ff.med.256p.jpg,Circumaural,20 Hz - 20 kHz,Yes,No,Closed,Red,0
Cobra e-3luewhiteearphone,,https://cdna.pcpartpicker.com/static/forever/images/product/58e29e58844430e8a4a8d33ad6ddd64e.med.256p.jpg,Supra-aural,20 Hz - 20 kHz,Yes,No,Closed,White,0
Cobra e3lueblack,,https://cdna.pcpartpicker.com/static/forever/images/product/de50d66f799b1a7b592446ca1b38c917.med.256p.jpg,Supra-aural,20 Hz - 20 kHz,Yes,No,Closed,Black / Silver,0
Cobra ehh007red,,https://cdna.pcpartpicker.com/static/forever/images/product/a1b997bbe57cd947b388d2156f860b78.med.256p.jpg,Circumaural,20 Hz - 20 kHz,Yes,No,Closed,Black / Red,0
Cobra E-Blue Cobra Limited Edition Pro,,https://cdna.pcpartpicker.com/static/forever/images/product/0a0b1a44e75e0a864cbf18b7f5658c07.med.256p.jpg,Circumaural,20 Hz - 20 kHz,Yes,No,Closed,Black / Green,4
Creative Labs EF0330AA001,,https://cdna.pcpartpicker.com/static/forever/images/product/d62204ae4e173ef203a8e92acebcc0ff.med.256p.jpg,Supra-aural,false,No,No,Closed,Black / Silver,0
Creative Labs HS-620,,Circumaural,Circumaural,true,Yes,No,Closed,Black / Silver,0
Creative Labs HS-420,,https://cdna.pcpartpicker.com/static/forever/images/product/c1b348fd7f5249e2de245220101f479c.med.256p.jpg,Supra-aural,true,Yes,No,Closed,Black / Silver,0
Creative Labs HS-720,,https://cdna.pcpartpicker.com/static/forever/images/product/1ebcfcf78f083b3ef8fcc7597b73484b.med.256p.jpg,Supra-aural,true,Yes,No,Closed,Black / Silver,0
Creative Labs HS-800 Fatal1ty,,https://cdna.pcpartpicker.com/static/forever/images/product/47fd8ae11fc1e753ce7dc89f893eaa90.med.256p.jpg,Circumaural,true,Yes,No,Closed,Black / Red,4.5
Ergoguys 2810-TI,,https://cdna.pcpartpicker.com/static/forever/images/product/99e8b99771512c71cca7f18447d258e7.256p.jpg,Circumaural,20 Hz - 20 kHz,No,No,Closed,Black / Orange,0
HiFiMAN HE300,,Circumaural,Circumaural,15 Hz - 22 kHz,No,No,Closed,Black / Silver,0
HiFiMAN HE400,,Circumaural,Circumaural,20 Hz - 35 kHz,No,No,Closed,Black / Blue,3
HiFiMAN HE6,,Circumaural,Circumaural,8 Hz - 65 kHz,No,No,Closed,Black,0
Labtec Axis-311,,Supra-aural,Supra-aural,true,Yes,No,Closed,Black,0
Labtec Go-420,,Supra-aural,Supra-aural,false,No,No,Closed,Black,0
Labtec LT215REXW,,Earbud,Earbud,false,No,No,Closed,Black,0
Logitech 960,,https://cdna.pcpartpicker.com/static/forever/images/product/97fb2523fc6a96ee0b56e58c176642bf.med.256p.jpg,Supra-aural,true,Yes,No,Closed,Black,0
Mad Catz TRI903590003/02/1,,Supra-aural,Supra-aural,20 Hz - 20 kHz,Yes,No,Closed,Black / Red,0
Panasonic RP-HJE295-K,,In Ear,In Ear,false,No,No,Closed,Black,0
Panasonic RP-HS200-D,,In Ear,In Ear,10 Hz - 22 kHz,No,No,Closed,Black / Orange,0
Perixx AX-1000B,,Circumaural,Circumaural,false,No,No,Closed,Black / Red,0
Philips SHE3575BK/28,,In Ear,In Ear,false,No,No,Closed,Pink,0
Philips SHL5200WT/28,49.99,Supra-aural,Supra-aural,20 Hz - 20 kHz,No,No,Closed,White,0
Philips SHO4200BG,,https://cdna.pcpartpicker.com/static/forever/images/product/73d9a26105de917983737274430d5ee2.med.256p.jpg,Supra-aural,false,No,No,Closed,Green / Blue,0
Philips SHO7205/BK,,Supra-aural,Supra-aural,12 Hz - 24 kHz,No,No,Closed,Black / Red,0
Philips SHO7205/WT,,Supra-aural,Supra-aural,12 Hz - 24 kHz,No,No,Closed,White / Blue,0
Philips SHS390,,Supra-aural,Supra-aural,false,No,No,Closed,Black / Silver,0
Pioneer HDJ-500G,,Supra-aural,Supra-aural,5 Hz - 28 kHz,No,No,Closed,Black / Green,0
Pioneer HDJ-500V,,https://cdna.pcpartpicker.com/static/forever/images/product/525f39a42b9c0d3ef6081dd24d8a64d4.med.256p.jpg,Supra-aural,5 Hz - 28 kHz,No,No,Closed,Black / Purple,0
Pioneer SE-CL721-H,,In Ear,In Ear,5 Hz - 22 kHz,No,No,Closed,Red / Silver,0
Plantronics GameCom 780 (Dota 2 badged),,https://cdna.pcpartpicker.com/static/forever/images/product/6c9ab518547001b0870440a176a85ef9.med.256p.jpg,Circumaural,true,Yes,No,Closed,Black / Red,0
Plantronics AUDIO628,,https://cdna.pcpartpicker.com/static/forever/images/product/9cf94092c657ea69c8ff871007104c7b.med.256p.jpg,Supra-aural,true,Yes,No,Closed,Black / Blue,2
Pyle Audio PIEHIP20W,,In Ear,In Ear,false,No,No,Closed,White,0
Sennheiser HD360PRO,,Circumaural,Circumaural,15 Hz - 22 kHz,No,No,Closed,Black,0
Sennheiser Momentum BRV2,,Circumaural,Circumaural,false,No,No,Closed,Brown,0
Sennheiser Momentum BRV3,,Circumaural,Circumaural,false,No,No,Closed,Brown,0
Sony CZ-MDRMA900,,https://cdna.pcpartpicker.com/static/forever/images/product/90df74d0e51a40c3086c1dda9cbbaddf.med.256p.jpg,Supra-aural,5 Hz - 40 kHz,No,No,Closed,Black,0
Sony CZ-MDRV55/BR,,Supra-aural,Supra-aural,5 Hz - 25 kHz,No,No,Closed,Black / Red,0
Sony CZ-MDRV55/WHI,,https://cdna.pcpartpicker.com/static/forever/images/product/19e1860e83a37393f578c6346b06916c.med.256p.jpg,Supra-aural,5 Hz - 25 kHz,No,No,Closed,White,0
Sony CZ-MDRZX600/BLK,,Supra-aural,Supra-aural,6 Hz - 25 kHz,No,No,Closed,Black / Red,0
Sony CZ-MDRZX600/GRAY,,https://cdna.pcpartpicker.com/static/forever/images/product/895458193a41b789323b52a7ae5aba03.med.256p.jpg,Supra-aural,6 Hz - 25 kHz,No,No,Closed,Black / Gray,0
Sony IVG-YMDRG45LP,,https://cdna.pcpartpicker.com/static/forever/images/product/d654e4a46436079dda3db775985da09a.med.256p.jpg,Supra-aural,false,No,No,Closed,Black / Silver,0
Sony MDR-ZX300A L,,https://cdna.pcpartpicker.com/static/forever/images/product/1c419489a3fe481a3bc8983b65575adc.med.256p.jpg,Supra-aural,true,Yes,No,Closed,Black / Blue,0
Sony MDRAS200BLK,,Earbud,Earbud,false,No,No,Closed,Black,0
Sony MDRAS200PNK,,Earbud,Earbud,false,No,No,Closed,Pink,0
Sony MDREX10LP/PNK,,In Ear,In Ear,false,No,No,Closed,Pink / White,0
Sony MDRJ10/LTPNK,,In Ear,In Ear,false,No,No,Closed,Pink,0
Sony MDRPQ2/GRAY,,Circumaural,Circumaural,10 Hz - 24 kHz,No,No,Closed,Gray,0
Sony MDRPQ2/GRN,,Circumaural,Circumaural,10 Hz - 24 kHz,No,No,Closed,Green,0
Turtle Beach EARFORCEZ11,,Circumaural,Circumaural,true,Yes,No,Closed,Black,5
Sennheiser PC 350,,Circumaural,Circumaural,10 Hz - 26 kHz,Yes,No,Closed,Black / Silver,4
TekNmotion PulseWave • V2,,Circumaural,Circumaural,true,Yes,No,Closed,Black / Blue,0
Sakar International Teenage Mutant Ninja Turtles Kids Friendly,,https://cdna.pcpartpicker.com/static/forever/images/product/dfd81696deefd654ca66f8ed8c161369.med.256p.jpg,Circumaural,false,No,No,Closed,Green / Blue,0
Biostar iDEQ N10,,https://cdna.pcpartpicker.com/static/forever/images/product/dc45a800d1bd060f9e29b1404d2d7689.med.256p.jpg,Circumaural,20 Hz - 20 kHz,Yes,No,Closed,Black / Red,0
Cobra Cobra Pro,,Circumaural,Circumaural,20 Hz - 20 kHz,Yes,No,Closed,Black / Silver,0
Cobra Cobra II 705,,Circumaural,Circumaural,20 Hz - 20 kHz,Yes,No,Closed,Black / Blue,0
Creative Labs HITZ MA2400,,Supra-aural,Supra-aural,15 Hz - 20 kHz,Yes,No,Closed,Black,0
Creative Labs 51EF0650AA005,,Supra-aural,Supra-aural,10 Hz - 20 kHz,Yes,No,Closed,White,0
Creative Labs Recon3D Omega,,Circumaural,Circumaural,20 Hz - 20 kHz,Yes,Yes,Closed,Black,2
Genius HS-905BT,,In Ear,In Ear,20 Hz - 20 kHz,Yes,Yes,Closed,Black / Blue,0
Koss KMO15G,,Supra-aural,Supra-aural,80 Hz - 20 kHz,No,No,Closed,Camo,0
Koss KMO15P,,Supra-aural,Supra-aural,80 Hz - 20 kHz,No,No,Closed,Camo,0
Koss KMO20G,,Circumaural,Circumaural,false,No,No,Closed,Camo,0
Koss KMO5P,,Earbud,Earbud,false,No,No,Closed,Camo,0
Logitech H820e,229.99,Supra-aural,Supra-aural,150 Hz - 7 kHz,Yes,No,Closed,Black / Silver,0
Philips SHS3200/37,,Earbud,Earbud,20 Hz - 20 kHz,Yes,No,Closed,Black,0
Plantronics 86051-11,,https://cdna.pcpartpicker.com/static/forever/images/product/97b7720cb51e5319a565821eb03305f7.med.256p.jpg,Circumaural,true,Yes,No,Closed,Black / Red,4
Sennheiser PC330,,https://cdna.pcpartpicker.com/static/forever/images/product/4bf323a36d1d3b24f28aac3d979efb94.256p.jpg,Circumaural,14 Hz - 22 kHz,Yes,No,Closed,Black / Silver,4
Sennheiser PC 323D,,Circumaural,Circumaural,15 Hz - 23 kHz,Yes,No,Closed,Black / Silver,0
SteelSeries Siberia Elite,,Circumaural,Circumaural,16 Hz - 28 kHz,Yes,No,Closed,Orange / White,4
SteelSeries 9H,,Circumaural,Circumaural,10 Hz - 28 kHz,Yes,No,Closed,Black,4
SteelSeries Flux In-Ear Pro,,In Ear,In Ear,15 Hz - 22 kHz,Yes,No,Closed,Black,0
Syba CL-AUD23049,,Circumaural,Circumaural,false,No,Yes,Closed,White / Gray,0
TekNmotion TM-AIR100BT,,Supra-aural,Supra-aural,false,No,Yes,Closed,Black / Silver,0
TekNmotion TM-LOND,,Circumaural,Circumaural,false,No,No,Closed,Red / Blue,0
TekNmotion TM-YB100A,,Circumaural,Circumaural,20 Hz - 20 kHz,Yes,No,Closed,Black / Silver,5
Plantronics Gamecom 380,,Circumaural,Circumaural,true,Yes,No,Closed,Black / Silver,4
Sennheiser HD 439,,Circumaural,Circumaural,17 Hz - 22.5 kHz,No,No,Closed,Black / Silver,5
Func HS-260,,https://cdna.pcpartpicker.com/static/forever/images/product/866e981c248ddbf70d1f315475fbe66a.med.256p.jpg,Circumaural,20 Hz - 20 kHz,Yes,No,Closed,Black / Silver,0
Bose AE2 White,,https://cdna.pcpartpicker.com/static/forever/images/product/f400edffb8810c0caa3f714719e84d32.med.256p.jpg,Circumaural,false,No,No,Closed,Black / Silver,4
Bose AE2i White,,https://cdna.pcpartpicker.com/static/forever/images/product/5bbef3f9ac7303b0604678f5f42f9aa9.med.256p.jpg,Circumaural,true,Yes,No,Closed,White / Gray,0
Bose SIE2i Orange,,https://cdna.pcpartpicker.com/static/forever/images/product/8f8c20a62c28f0a22707bc42994f6cda.med.256p.jpg,Earbud,false,No,No,Closed,Orange / White,0
Bose OE2 (Black),,Supra-aural,Supra-aural,false,No,No,Closed,Black / Silver,0
Bose OE2i (Black),,Supra-aural,Supra-aural,true,Yes,No,Closed,Black / Silver,5
Bose OE2i (White),,Supra-aural,Supra-aural,true,Yes,No,Closed,White / Gray,0
Bose SIE2i Blue,,https://cdna.pcpartpicker.com/static/forever/images/product/5b4ba37e4b5fba198f82588466059cbf.med.256p.jpg,In Ear,false,No,No,Closed,Blue / White,0
Bose SIE2i Purple,,In Ear,In Ear,false,No,No,Closed,White / Purple,0
Hercules 4780514,,https://cdna.pcpartpicker.com/static/forever/images/product/b05526ff9c5c6e70769923ad9742bbc0.256p.jpg,Supra-aural,10 Hz - 25 kHz,No,No,Closed,Black / Green,0
Klipsch Image S4i,,https://cdna.pcpartpicker.com/static/forever/images/product/d5428c225310be186a7bfe04e98eeb40.med.256p.jpg,In Ear,10 Hz - 19 kHz,No,No,Closed,Black / Silver,0
Klipsch Image S3,,https://cdna.pcpartpicker.com/static/forever/images/product/8e61a3c2453ae8e5fca2bbbb9a3ed69e.med.256p.jpg,In Ear,12 Hz - 18 kHz,No,No,Closed,Black / Red,0
Koss CLIPPER GREEN,,Supra-aural,Supra-aural,60 Hz - 20 kHz,No,No,Closed,Green / White,0
Koss JAMS AA,,Earbud,Earbud,40 Hz - 20 kHz,No,No,Closed,Green / White,0
Koss MIRAGE PINK,,In Ear,In Ear,15 Hz - 20 kHz,No,No,Closed,Pink / White,0
Monoprice 8320,,In Ear,In Ear,false,No,No,Closed,Black / Silver,0
Philips SHS3201/28,,https://cdna.pcpartpicker.com/static/forever/images/product/9b856b9c176f332da871691d9e13b06e.med.256p.jpg,Earbud,20 Hz - 20 kHz,No,No,Closed,White,0
Philips SHS4848/28,,https://cdna.pcpartpicker.com/static/forever/images/product/58fc7d076163733b65d15915849931b7.med.256p.jpg,Earbud,12 Hz - 23.5 kHz,No,No,Closed,Pink / White,0
Skullcandy S2TTCB-047,,In Ear,In Ear,20 Hz - 20 kHz,No,No,Closed,Black / Silver,0
Sony XBA-4iP,,https://cdna.pcpartpicker.com/static/forever/images/product/c2307e1dda1329d47c15c37224bcadd5.256p.jpg,In Ear,3 Hz - 28 kHz,No,No,Closed,Black,0
Klipsch Mode M40,,Circumaural,Circumaural,20 Hz - 20 kHz,No,No,Closed,Black / Red,0
Koss KSC17,,https://cdna.pcpartpicker.com/static/forever/images/product/fbc1e186e541a9bb3c3cd0a93b356b39.256p.jpg,Supra-aural,40 Hz - 20 kHz,No,No,Closed,Black / Silver,0
Polk UltraFit 500,,In Ear,In Ear,18 Hz - 23 kHz,No,No,Closed,White,0
Polk UltraFit 1000,,In Ear,In Ear,18 Hz - 23 kHz,No,No,Closed,White,0
Polk UltraFit 2000,,Supra-aural,Supra-aural,20 Hz - 23 kHz,No,No,Closed,Black / Red,0
Polk UltraFit 3000,,Earbud,Earbud,8 Hz - 24 kHz,No,No,Closed,Black / Red,0
Rosewill RS-OW813-BK,,Circumaural,Circumaural,5 Hz - 25 kHz,No,No,Closed,Black / Silver,0
Sennheiser AMPERIOR-BLU,,https://cdna.pcpartpicker.com/static/forever/images/product/73a328fa2c7aaacb76c7683c80e56d6d.256p.jpg,Supra-aural,16 Hz - 22 kHz,No,No,Closed,Black / Blue,0
Sennheiser CX175,,In Ear,In Ear,17 Hz - 23 kHz,No,No,Closed,Black / Silver,0
Sony MDREX58V/BQ,,In Ear,In Ear,5 Hz - 23 kHz,No,No,Closed,Black,0
Adesso Xtream H3B,,Circumaural,Circumaural,false,No,No,Closed,Black / Gray,0
SteelSeries H,,Circumaural,Circumaural,20 Hz - 20 kHz,Yes,Yes,Closed,Black / Orange,4.5
Creative Labs Aurvana Live! 2,,Circumaural,Circumaural,10 Hz - 30 kHz,Yes,No,Closed,Black / Silver,0
ROCCAT Kave XTD 5.1 Premium,,Circumaural,Circumaural,20 Hz - 20 kHz,Yes,No,Closed,Black / Blue,4
BitFenix Flo,,https://cdna.pcpartpicker.com/static/forever/images/product/d5334973ff23d95ff5de9d24f9bcabfc.med.256p.jpg,Circumaural,20 Hz - 20 kHz,Yes,No,Closed,Black / Blue,0
Plantronics GameCom 780,,Circumaural,Circumaural,true,Yes,No,Closed,Black / Red,4
GAMDIAS HEPHAESTUS,,Circumaural,Circumaural,20 Hz - 20 kHz,Yes,No,Closed,White / Gray,3
GAMDIAS EROS,,Circumaural,Circumaural,20 Hz - 20 kHz,Yes,No,Closed,Black / Red,0
Bose Ae2i,,https://cdna.pcpartpicker.com/static/forever/images/product/893df0ad075cb67018c6a1be08741590.256p.jpg,Circumaural,true,Yes,No,Closed,Black / Silver,0
Koss QZPRO,88.88,Circumaural,Circumaural,40 Hz - 20 kHz,No,No,Closed,Black / Silver,0
Philips SHL3100BLK,,Circumaural,Circumaural,18 Hz - 20 kHz,No,No,Closed,Black / Red,0
Philips SHL5305RD/28,,Supra-aural,Supra-aural,18 kHz - 21.6 kHz,Yes,No,Closed,Black / Red,0
Philips SHL5305TL/28,,Supra-aural,Supra-aural,18 kHz - 21.6 kHz,Yes,No,Closed,Black / Green,0
Philips SHL5305WT/28,,Supra-aural,Supra-aural,18 kHz - 21.6 kHz,No,No,Closed,Black / White,0
Philips SHO9207,,https://cdna.pcpartpicker.com/static/forever/images/product/56ec62d0d0c03b31fba1f3d9a0ed2edf.256p.jpg,Circumaural,12 Hz - 24 kHz,No,No,Closed,Black / Red,0
Razer RZ12-01110100-R3U1,,Circumaural,Circumaural,20 Hz - 20 kHz,No,No,Closed,Black / Silver,0
Sennheiser HD335S,,Circumaural,Circumaural,14 Hz - 20 kHz,No,No,Closed,Black / Silver,0
V-MODA CROSSFADE M-100 BLACK,,https://cdna.pcpartpicker.com/static/forever/images/product/67d98d9f65e87f527dc544686126715c.256p.jpg,Circumaural,5 Hz - 30 kHz,No,No,Closed,Black,4.5
V-MODA CROSSFADE M-100 SILVER,,Circumaural,Circumaural,5 Hz - 30 kHz,No,No,Closed,Silver,3
V-MODA CROSSFADE M-80 SHADOW,,Supra-aural,Supra-aural,5 Hz - 30 kHz,No,No,Closed,Black,4
V-MODA CROSSFADE M-80,,Supra-aural,Supra-aural,5 Hz - 30 kHz,No,No,Closed,Black / Silver,0
Ozone Gaming OZONDA3HX,,Circumaural,Circumaural,20 Hz - 20 kHz,Yes,No,Closed,Black / Red,0
Ozone Gaming OZONDAST,,Circumaural,Circumaural,20 Hz - 20 kHz,Yes,No,Closed,Black / Red,0
Ozone Gaming OZRAGESTR,,Circumaural,Circumaural,20 Hz - 20 kHz,Yes,No,Closed,Black / Red,0
Ozone Gaming OZRAGESTW,,Circumaural,Circumaural,20 Hz - 20 kHz,Yes,No,Closed,Black / White,0
Ozone Gaming OZRAGESTY,,Circumaural,Circumaural,20 Hz - 20 kHz,Yes,No,Closed,Black / Yellow,0
Ozone Gaming OZSPARK,,Circumaural,Circumaural,20 Hz - 20 kHz,Yes,No,Closed,Black / Red,0
Sennheiser HD 8 DJ,,Circumaural,Circumaural,8 Hz - 30 kHz,No,No,Closed,Black / Blue,5
Audio-Technica ATH-ADG1,,Circumaural,Circumaural,5 Hz - 30 kHz,Yes,No,Open,Black / Red,4.5
Razer Chimaera,,Circumaural,Circumaural,20 Hz - 20 kHz,Yes,Yes,Closed,Black / Green,0
Razer Kraken Neon,,Circumaural,Circumaural,20 Hz - 20 kHz,No,No,Closed,Black / Green,0
Razer Kraken E-Panda,,Circumaural,Circumaural,20 Hz - 20 kHz,No,No,Closed,Black / Gold,0
Corsair Raptor LH2,,Supra-aural,Supra-aural,20 Hz - 20 kHz,Yes,No,Closed,Black / Silver,0
Corsair H2100,,Circumaural,Circumaural,20 Hz - 20 kHz,Yes,Yes,Closed,Black / Yellow,4.5
Corsair H1500,,Circumaural,Circumaural,20 Hz - 20 kHz,Yes,No,Closed,Black / Yellow,4.5
Cooler Master Ceres 300,,https://cdna.pcpartpicker.com/static/forever/images/product/2c4fc9e055e883ecedb83b673a1e3570.256p.jpg,Circumaural,20 Hz - 20 kHz,Yes,No,Semi-open,Black / White,0
Audio-Technica ATH-CHX5ISBK,21.91,Earbud,Earbud,20 Hz - 22 kHz,Yes,No,Closed,Black,0
Audio-Technica ATH-CHX5ISBL,32.38,Earbud,Earbud,20 Hz - 22 kHz,Yes,No,Closed,Blue,0
Audio-Technica ATH-CHX5ISRD,,https://cdna.pcpartpicker.com/static/forever/images/product/945fcba4b81f4b55494ca7ebd049fb20.med.256p.jpg,Earbud,20 Hz - 22 kHz,Yes,No,Closed,Red,0
Audio-Technica ATH-CHX5ISWH,,https://cdna.pcpartpicker.com/static/forever/images/product/6631356d2d52e85b657e1d3a63cbcd31.256p.jpg,Earbud,20 Hz - 22 kHz,Yes,No,Closed,White,0
Audio-Technica ATH-CHX7ISBK,,Earbud,Earbud,15 Hz - 22 kHz,Yes,No,Closed,Black,0
Audio-Technica ATH-CHX7ISRD,,Earbud,Earbud,15 Hz - 22 kHz,Yes,No,Closed,Red,0
Audio-Technica ATH-CHX7ISWH,,Earbud,Earbud,15 Hz - 22 kHz,Yes,No,Closed,White,0
Audio-Technica ATH-CKP200ISBK,,Earbud,Earbud,20 Hz - 23 kHz,Yes,No,Closed,Black,0
Audio-Technica ATH-CKP200ISBL,,Earbud,Earbud,20 Hz - 23 kHz,Yes,No,Closed,Blue,0
Audio-Technica ATH-CKP200ISRD,,Earbud,Earbud,20 Hz - 23 kHz,Yes,No,Closed,Red,0
Audio-Technica ATH-CKR10,,https://cdna.pcpartpicker.com/static/forever/images/product/dc39d6f502bd91f9c85024d3dbc5d41d.256p.jpg,In Ear,5 Hz - 40 kHz,No,No,Closed,Black / Silver,0
Audio-Technica ATH-CKR3ISBK,,In Ear,In Ear,5 Hz - 24 kHz,Yes,No,Closed,Black,0
Audio-Technica ATH-CKR3ISBL,,In Ear,In Ear,5 Hz - 24 kHz,Yes,No,Closed,Blue,0
Audio-Technica ATH-CKR3ISRD,,In Ear,In Ear,5 Hz - 24 kHz,Yes,No,Closed,Red,0
Audio-Technica ATH-CKR3ISWH,,In Ear,In Ear,5 Hz - 24 kHz,Yes,No,Closed,White,0
ARCTIC P253 BT,,https://cdna.pcpartpicker.com/static/forever/images/product/70e69687197b154c8dfbfb6cbf5508a2.med.256p.jpg,Supra-aural,18 Hz - 22 kHz,Yes,Yes,Closed,Black / Silver,0
Bose 715593-0010,,https://cdna.pcpartpicker.com/static/forever/images/product/c4c0c847bf20bff99b9fd7843694790c.med.256p.jpg,In Ear,false,No,No,Closed,Black / Clear,0
Bose 715593-0020,,https://cdna.pcpartpicker.com/static/forever/images/product/9d141f556bca5571dde6ea8411021612.med.256p.jpg,In Ear,false,No,No,Closed,White,0
Bose 715593-0030,,https://cdna.pcpartpicker.com/static/forever/images/product/db41c66d0161d6308e2b15015a76f1ff.med.256p.jpg,In Ear,false,No,No,Closed,Red,0
Bose 715593-0040,,https://cdna.pcpartpicker.com/static/forever/images/product/633b25b3d251b624b4d3b83db50beb85.med.256p.jpg,In Ear,false,No,No,Closed,Black / Clear,0
Bose 715593-0050,,https://cdna.pcpartpicker.com/static/forever/images/product/78c2452e67549111aa721db5a3f93b55.med.256p.jpg,In Ear,false,No,No,Closed,White,0
Bose 715593-0060,,https://cdna.pcpartpicker.com/static/forever/images/product/418618205c7b32faa512cc87f8ef349f.med.256p.jpg,In Ear,false,No,No,Closed,Red,0
Bose 715593-0070,,https://cdna.pcpartpicker.com/static/forever/images/product/633b25b3d251b624b4d3b83db50beb85.med.256p.jpg,In Ear,false,No,No,Closed,Black / Clear,0
Bose 717534-0010,,https://cdna.pcpartpicker.com/static/forever/images/product/a6b7ba07ad97c94a1bbcc70011ed2a6c.med.256p.jpg,In Ear,true,Yes,No,Closed,Black / Blue,0
Bose 717534-0020,,https://cdna.pcpartpicker.com/static/forever/images/product/10cd4cadfd93223dea720af563906a67.med.256p.jpg,In Ear,true,Yes,No,Closed,Orange / White,0
Bose 717534-0030,,https://cdna.pcpartpicker.com/static/forever/images/product/0b3599bece5ab99abd1cf22e68dee259.med.256p.jpg,In Ear,true,Yes,No,Closed,Green,0
Bose 717534-0040,,https://cdna.pcpartpicker.com/static/forever/images/product/5fc066b0d562a74f085f1d3fee4a581c.med.256p.jpg,In Ear,true,Yes,No,Closed,Green,0
Hercules 4780548,,Circumaural,Circumaural,10 Hz - 25 kHz,No,No,Closed,Black / Silver,0
I/O Magic NE9783,,Earbud,Earbud,false,No,No,Closed,Black / Red,0
Philips X1/28,,Circumaural,Circumaural,true,Yes,No,Open,Black / Silver,0
Plantronics 20045001P,,https://cdna.pcpartpicker.com/static/forever/images/product/11d1ef191af04798c82567b79674fc0d.256p.jpg,In Ear,false,No,No,Closed,Black / Blue,0
Plantronics 20046001,,https://cdna.pcpartpicker.com/static/forever/images/product/fd522c59eb8352a6dfd0fe85e6ba45ce.med.256p.jpg,In Ear,false,No,No,Closed,Black / Green,0
Sennheiser CX 1.00 Black,,https://cdna.pcpartpicker.com/static/forever/images/product/8b92bd6a3e098bd0d20750559dd04cad.256p.jpg,Earbud,17 Hz - 20 kHz,No,No,Closed,Black / Silver,0
Sennheiser CX 1.00 White,,Earbud,Earbud,17 Hz - 20 kHz,No,No,Closed,White,0
Sennheiser CX 2.00G White,,Earbud,Earbud,true,Yes,No,Closed,White,0
Sennheiser CX 2.00i Black,,Earbud,Earbud,true,Yes,No,Closed,Black / Silver,0
Sennheiser CX 2.00i White,,Earbud,Earbud,true,Yes,No,Closed,White,0
Sennheiser CX 3.00 Black,,Earbud,Earbud,false,No,No,Closed,Black,0
Sennheiser CX 3.00 Red,,Earbud,Earbud,false,No,No,Closed,Black / Red,0
Sennheiser CX 5.00G Black,,https://cdna.pcpartpicker.com/static/forever/images/product/ba31e0925688b332d91f29bb97522d0e.256p.jpg,Earbud,true,Yes,No,Closed,Black / Silver,0
Sennheiser CX 5.00i Black,,Earbud,Earbud,true,Yes,No,Closed,Black / Silver,0
Sennheiser CX 5.00i White,,Earbud,Earbud,true,Yes,No,Closed,White,0
Sennheiser M2 IEi,,In Ear,In Ear,15 Hz - 22 kHz,Yes,No,Closed,Black / Red,5
Sennheiser URBANITEBLACKG,,Supra-aural,Supra-aural,false,No,No,Closed,Black / White,0
Thermaltake HT-DRA007OEWH,,Circumaural,Circumaural,10 Hz - 22 kHz,No,No,Closed,White,0
Thermaltake DRACCO,,Circumaural,Circumaural,10 Hz - 22 kHz,No,No,Closed,Multicolor,0
Yamaha EPH-50BL,,https://cdna.pcpartpicker.com/static/forever/images/product/6ffdb3c082758ddbdb6806b2666360bc.med.256p.jpg,Earbud,20 Hz - 21 kHz,No,No,Closed,Black,0
Adesso Xtream H2B,,Supra-aural,Supra-aural,140 Hz - 20 kHz,No,Yes,Closed,Black / Red,0
Adesso Xtream H2W,,Supra-aural,Supra-aural,140 Hz - 20 kHz,No,Yes,Closed,Green / White,0
Altec Lansing Foldable OTH,,Supra-aural,Supra-aural,false,No,Yes,Closed,Red / White,0
Asus CINEVIBE/BLK,,https://cdna.pcpartpicker.com/static/forever/images/product/2035d2e0ff4bc2d9284ed39ad52c1c13.256p.jpg,Supra-aural,20 Hz - 20 kHz,Yes,No,Closed,Black / Red,0
Asus STRIX PRO,,Circumaural,Circumaural,20 Hz - 20 kHz,Yes,No,Closed,Black / Orange,0
Creative Labs Tactic3D Rage Wireless V2.0,,Circumaural,Circumaural,20 Hz - 20 kHz,Yes,Yes,Closed,Black / Red,0
Creative Labs Tactic3D Rage V2.0,,Circumaural,Circumaural,20 Hz - 20 kHz,Yes,No,Closed,Black / Red,0
Creative Labs Sound Blaster Inferno,,Circumaural,Circumaural,20 Hz - 20 kHz,Yes,No,Closed,Black / Red,0
Creative Labs Wireless V2.0,,https://cdna.pcpartpicker.com/static/forever/images/product/33cf661100effdee8de11b1119b1229d.256p.jpg,Circumaural,20 Hz - 20 kHz,Yes,Yes,Closed,Black / Red,0
Genius 31710188100,,https://cdna.pcpartpicker.com/static/forever/images/product/8598ebe306613d422d1d9fe205830ef9.256p.jpg,Circumaural,false,No,Yes,Closed,White,0
Genius 31710188101,,Circumaural,Circumaural,false,No,Yes,Closed,Black,0
Genius 31710188102,,Circumaural,Circumaural,false,No,Yes,Closed,Pink,0
Genius 31710188103,,Circumaural,Circumaural,false,No,Yes,Closed,Blue,0
Gigabyte FORCE H3X,,Circumaural,Circumaural,20 Hz - 20 kHz,Yes,No,Closed,Black,0
Klipsch KG-300,,Circumaural,Circumaural,16 Hz - 23 kHz,Yes,Yes,Closed,Black,0
Mad Catz F.R.E.Q. 3,,Circumaural,Circumaural,20 Hz - 20 kHz,No,No,Closed,Black / White,0
Mad Catz TRI903570A04/02/1,,Circumaural,Circumaural,true,Yes,No,Closed,Black / Blue,0
Mad Catz Titanfall F.R.E.Q.4D,,https://cdna.pcpartpicker.com/static/forever/images/product/53fbe1ac5daa0df87d458feae69673e3.256p.jpg,Circumaural,20 Hz - 20 kHz,No,No,Closed,Orange / White,0
Mionix NASH 20,,https://cdna.pcpartpicker.com/static/forever/images/product/28cd1d9d88000e86139781629c9516de.256p.jpg,Circumaural,20 Hz - 20 kHz,Yes,No,Closed,Black,0
Philips SHB7000/BK,,Circumaural,Circumaural,true,Yes,Yes,Closed,Black / Red,0
Philips SHB7000/WT,,Circumaural,Circumaural,true,Yes,Yes,Closed,Blue / White,0
Philips SHG7980,,Circumaural,Circumaural,true,Yes,No,Closed,Black / Red,0
Plantronics GAMECOM 308,,Supra-aural,Supra-aural,20 Hz - 20 kHz,Yes,No,Closed,Black,0
Plantronics GAMECOM 388,,Circumaural,Circumaural,20 Hz - 20 kHz,Yes,No,Closed,Black,5
Plantronics Blackwire C320-M,,https://cdna.pcpartpicker.com/static/forever/images/product/618ed80e0dc30f3f7da25300464f8234.256p.jpg,Supra-aural,true,Yes,No,Closed,Black,5
Plantronics GAMECOM COMMANDER,,Circumaural,Circumaural,true,Yes,No,Closed,Black,0
Plantronics .Audio 355,75.98,Circumaural,Circumaural,20 Hz - 20 kHz,Yes,No,Closed,Black,0
Plantronics RIG 7.1,,https://cdna.pcpartpicker.com/static/forever/images/product/ba71438dbea16ad7cfdd5207892b62b3.256p.jpg,Circumaural,true,Yes,No,Closed,Black / Red,0
PNY AUD-E-202-WH-A-RB,,https://cdna.pcpartpicker.com/static/forever/images/product/7ec007f55903558ec5ff1d25907840f3.256p.jpg,In Ear,false,No,No,Closed,White,0
Razer RZ04-00470100-R3U1,,Circumaural,Circumaural,true,Yes,Yes,Closed,Black,0
ROCCAT SYVA,,Earbud,Earbud,20 Hz - 20 kHz,Yes,No,Closed,Black / Blue,0
ROCCAT Kave XTD Stereo,,https://cdna.pcpartpicker.com/static/forever/images/product/5697f4b3a1d3bbcec97a201d4a7174e5.256p.jpg,Circumaural,20 Hz - 20 kHz,Yes,No,Closed,Black / Blue,5
ROCCAT Kave XTD Stereo Camo Charge,,Circumaural,Circumaural,20 Hz - 20 kHz,Yes,No,Closed,Camo,0
ROCCAT Kave XTD Stereo Naval Storm,,Circumaural,Circumaural,20 Hz - 20 kHz,Yes,No,Closed,Black / Gray,0
ROCCAT Kave XTD Stereo Desert Strike,,Circumaural,Circumaural,20 Hz - 20 kHz,Yes,No,Closed,Black / Green,0
Sennheiser CX 686G,,https://cdna.pcpartpicker.com/static/forever/images/product/759400b85b31d0db6530093125590d21.256p.jpg,Earbud,18 Hz - 20 kHz,No,No,Closed,Green,0
Sennheiser M2 AEG Ivory,,Circumaural,Circumaural,16 Hz - 22 kHz,Yes,No,Closed,Black / White,0
Sennheiser M2 OEG Ivory,,Circumaural,Circumaural,16 Hz - 22 kHz,Yes,No,Closed,Black / White,0
Sennheiser OCX 686G,,Earbud,Earbud,18 Hz - 20 kHz,No,No,Closed,Green,0
Sennheiser PMX 686G,,Earbud,Earbud,18 Hz - 20 kHz,No,No,Closed,Green,0
Sennheiser RS 165,249.99,Circumaural,Circumaural,18 Hz - 21 kHz,No,Yes,Closed,Black / Silver,0
Skullcandy S5URDY-003,,https://cdna.pcpartpicker.com/static/forever/images/product/f086d546d2b732e9bf64a787c4394248.256p.jpg,Supra-aural,false,No,No,Closed,Black,0
SteelSeries Elite World of Warcraft,,Circumaural,Circumaural,true,Yes,No,Closed,Black / Silver,0
SteelSeries Sims 4,,Supra-aural,Supra-aural,20 Hz - 20 kHz,Yes,No,Closed,White,3
SteelSeries Elite Prism,,Circumaural,Circumaural,16 Hz - 28 kHz,Yes,No,Closed,Black / White,0
SteelSeries v3,133.3,Circumaural,Circumaural,20 Hz - 20 kHz,Yes,No,Closed,Black / Orange,0
SteelSeries Siberia RAW,,Circumaural,Circumaural,20 Hz - 20 kHz,Yes,No,Closed,White,0
Syba SHELL210,,https://cdna.pcpartpicker.com/static/forever/images/product/a9429fc937bcacb61bd47b9c0d53c8a9.256p.jpg,Circumaural,20 Hz - 20 kHz,Yes,No,Closed,Black / Red,0
Syba BT210,,Circumaural,Circumaural,20 Hz - 20 kHz,Yes,Yes,Closed,Black / Red,0
Syba PC210-I,,Circumaural,Circumaural,20 Hz - 20 kHz,Yes,No,Closed,Black,0
TekNmotion Yapster Plus,,Circumaural,Circumaural,true,Yes,No,Closed,Black,0
Thermaltake Cronos Team DK Edition,49.12,Circumaural,Circumaural,true,Yes,No,Closed,White,0
Thermaltake SHOCK,,Circumaural,Circumaural,20 Hz - 20 kHz,Yes,No,Closed,Black / Red,0
Thermaltake SHOCK SPIN,,Circumaural,Circumaural,15 Hz - 20 kHz,Yes,No,Closed,Black,0
Thermaltake SYBARIS,,Circumaural,Circumaural,20 Hz - 20 kHz,Yes,Yes,Closed,Black / Red,0
Thermaltake VERTO,,Circumaural,Circumaural,10 Hz - 22 kHz,Yes,No,Closed,Black / Red,0
Turtle Beach DP11,,Circumaural,Circumaural,true,Yes,No,Closed,Black / Red,0
Turtle Beach Titanfall Ear Force Atlas,,https://cdna.pcpartpicker.com/static/forever/images/product/622497a39155a3a815c634128be73b05.256p.jpg,Circumaural,true,Yes,No,Closed,Black / White,0
Turtle Beach Z11,,Circumaural,Circumaural,20 Hz - 20 kHz,Yes,No,Closed,Black,0
Turtle Beach Ear Force XP Seven,,Circumaural,Circumaural,true,Yes,No,Closed,Black / White,0
Turtle Beach PX22,,Circumaural,Circumaural,true,Yes,No,Closed,Black / Blue,4.5
Turtle Beach P4C,,Circumaural,Circumaural,true,Yes,No,Closed,Black / Blue,0
Turtle Beach Star Wars,219.95,Circumaural,Circumaural,true,Yes,No,Closed,Black / Red,0
Turtle Beach Call of Duty: Ghosts Ear Force Spectre,,Circumaural,Circumaural,true,Yes,No,Closed,Black / White,0
Turtle Beach TBS-4256-01,,Circumaural,Circumaural,true,Yes,No,Closed,Black / Blue,0
Turtle Beach Z60,,Circumaural,Circumaural,true,Yes,No,Closed,Black / Red,0
Turtle Beach Recon 320,,https://cdna.pcpartpicker.com/static/forever/images/product/aa6b9fdd2ecbcc5ae9b5a7980224da8c.256p.jpg,Circumaural,20 Hz - 20 kHz,Yes,No,Closed,Black / Red,0
V7 HS2000-35-BLK-9NC,,Supra-aural,Supra-aural,20 Hz - 20 kHz,Yes,No,Closed,Black,0
V7 HS2000-35-WHT-9NC,,Circumaural,Circumaural,20 Hz - 20 kHz,Yes,No,Closed,White,0
V7 HS6000-BT-BLK-9NC,,Supra-aural,Supra-aural,20 Hz - 20 kHz,Yes,Yes,Closed,Black / Silver,0
V7 HS6000-BT-WHT-9NC,,Supra-aural,Supra-aural,20 Hz - 20 kHz,Yes,Yes,Closed,White,0
Zalman ZM-HPS10BT,,https://cdna.pcpartpicker.com/static/forever/images/product/baa8e346529ff248ca87e20a567aa599.256p.jpg,Supra-aural,100 Hz - 20 kHz,Yes,No,Closed,Black,0
Zalman HPS200,219.96,Circumaural,Circumaural,20 Hz - 20 kHz,Yes,No,Closed,Black,0
Klipsch Image X5,,https://cdna.pcpartpicker.com/static/forever/images/product/fd407ed88f2669ed44b8ccd7d7e59ee4.256p.jpg,Earbud,10 Hz - 19 kHz,No,No,Closed,Black / Silver,0
Klipsch R6i White,,In Ear,In Ear,false,No,No,Closed,White,0
Klipsch R6m,,https://cdna.pcpartpicker.com/static/forever/images/product/47930575a7b0825dcc9a313958579300.256p.jpg,In Ear,10 Hz - 19 kHz,Yes,No,Closed,Black / Silver,0
Klipsch R6 White,,In Ear,In Ear,false,No,No,Closed,White,0
Sennheiser CX 3.00 White,,Earbud,Earbud,false,No,No,Closed,White,0
Sennheiser CX 5.00G White,,In Ear,In Ear,true,Yes,No,Closed,White,0
Sennheiser M2 AEG Black,,Circumaural,Circumaural,16 Hz - 22 kHz,Yes,No,Closed,Black / Silver,0
Sennheiser M2 OEG Black,,Supra-aural,Supra-aural,16 Hz - 22 kHz,Yes,No,Closed,Black / Silver,0
Sennheiser URBANITE XL WIRELESS,,Circumaural,Circumaural,true,Yes,Yes,Closed,Black / White,0
Bose 625946-0010,,https://cdna.pcpartpicker.com/static/forever/images/product/5ba55af1e829a5badfb3ce59496be68e.256p.jpg,In Ear,true,Yes,No,Closed,Blue / White,0
Bose 625946-0020,,https://cdna.pcpartpicker.com/static/forever/images/product/4cb76a1b2b4fd12342d877d4246295a4.256p.jpg,In Ear,true,Yes,No,Closed,Green,0
Rosewill E-210-VL,6.99,Earbud,Earbud,10 Hz - 22 kHz,Yes,No,Closed,Silver,0
Rosewill E-210-WH,,Earbud,Earbud,10 Hz - 22 kHz,Yes,No,Closed,White,0
Rosewill E-340,,Earbud,Earbud,12 Hz - 22 kHz,No,No,Closed,Black,0
Rosewill E-360-BKR,,Earbud,Earbud,10 Hz - 22 kHz,No,No,Closed,Black / Red,0
Rosewill E-360-BLE,,Earbud,Earbud,10 Hz - 22 kHz,No,No,Closed,Blue,0
Rosewill E-550,,In Ear,In Ear,12 Hz - 22 kHz,No,No,Closed,Gunmetal,0
Rosewill E-860,,Earbud,Earbud,12 Hz - 22 kHz,No,No,Closed,Black / Silver,0
PDP AFTERGLOW PRISMATIC,,Circumaural,Circumaural,true,Yes,Yes,Closed,Black,3.5
TAKSTAR HI-2050,,Circumaural,Circumaural,15 Hz - 25 kHz,No,No,Open,Black / Silver,4.5
JayBird BlueBuds X Sport,,https://cdna.pcpartpicker.com/static/forever/images/product/56751435cc3ca19d13d8673eb47ee006.256p.jpg,In Ear,20 Hz - 20 kHz,No,Yes,Closed,Black / Silver,0
Corsair VOID Stereo,,https://cdna.pcpartpicker.com/static/forever/images/product/98a2d50ebcdf2838e173978ec95ab378.256p.jpg,Circumaural,20 Hz - 20 kHz,Yes,No,Closed,Black,5
Corsair VOID Special Edition Yellowjacket,,https://cdna.pcpartpicker.com/static/forever/images/product/370a8825061a30333639ebb4f9810361.256p.jpg,Circumaural,20 Hz - 20 kHz,Yes,Yes,Closed,Black / Yellow,4.5
Asus STRIX DSP,,Circumaural,Circumaural,20 Hz - 20 kHz,Yes,No,Closed,Black / Orange,0
Audio-Technica ATH-AG1,,Circumaural,Circumaural,5 Hz - 35 kHz,Yes,No,Closed,Black / Gold,0
Audio-Technica ATH-PG1,,https://cdna.pcpartpicker.com/static/forever/images/product/01920ba2208447aee4e7ecb217865186.256p.jpg,Circumaural,20 Hz - 20 kHz,Yes,No,Closed,Black / Gold,0
Corsair Gaming H2100,,https://cdna.pcpartpicker.com/static/forever/images/product/5dd0c6c37ad9cbdd269cf74f77eefdd7.256p.jpg,Circumaural,20 Hz - 20 kHz,Yes,Yes,Closed,Black / Yellow,5
Creative Labs EVO Zx,,Supra-aural,Supra-aural,20 Hz - 20 kHz,Yes,Yes,Closed,Black / Red,0
Creative Labs DRACO HS880,,https://cdna.pcpartpicker.com/static/forever/images/product/5535e04fbd0702e570ff683ebc8dd795.256p.jpg,Circumaural,20 Hz - 20 kHz,Yes,No,Closed,Black / Red,0
CTA Digital US-UGH,,https://cdna.pcpartpicker.com/static/forever/images/product/d7d537b1c299620dc19905c37bfcebf6.256p.jpg,Circumaural,20 Hz - 20 kHz,Yes,No,Closed,Black,0
Cyber Acoustics AC-8001,,Circumaural,Circumaural,20 Hz - 20 kHz,Yes,No,Closed,Black / Silver,0
Cyber Acoustics AC-8003,,Supra-aural,Supra-aural,20 Hz - 20 kHz,Yes,No,Closed,Black / Silver,0
Genius Junceus HS-G650,,https://cdna.pcpartpicker.com/static/forever/images/product/e1dbe86104804cedac344dc005ca109b.256p.jpg,Circumaural,20 Hz - 20 kHz,Yes,No,Closed,Black / Blue,0
Logitech G633 Artemis Spectrum,,Circumaural,Circumaural,20 Hz - 20 kHz,Yes,No,Closed,Black / Blue,4
Mad Catz F.R.E.Q.9,,Circumaural,Circumaural,true,Yes,Yes,Closed,Black / Red,0
Mad Catz F.R.E.Q.TE,,Circumaural,Circumaural,true,Yes,No,Closed,Black / Blue,0
Panasonic RP-DJS150M-K,,Supra-aural,Supra-aural,true,Yes,No,Closed,Black,0
Panasonic RP-DJS150M-W,31.98,Supra-aural,Supra-aural,true,Yes,No,Closed,White,0
Plantronics 202239-01,,Supra-aural,Supra-aural,true,Yes,No,Closed,Black / Silver,0
Plantronics GAMECOM 818,,Circumaural,Circumaural,true,Yes,Yes,Closed,Black / Orange,0
Plantronics 89918-79,,Supra-aural,Supra-aural,true,Yes,No,Closed,Black,0
Plantronics .AUDIO 646 DSP,,Supra-aural,Supra-aural,true,Yes,No,Closed,Black / Blue,0
ROCCAT ANALOG,,https://cdna.pcpartpicker.com/static/forever/images/product/b697d973e9a73aeff45ab0c5c393c176.256p.jpg,Circumaural,20 Hz - 20 kHz,Yes,No,Closed,Black / Blue,5
Sennheiser M2 AEi Ivory,,Circumaural,Circumaural,16 Hz - 22 kHz,Yes,No,Closed,Brown,0
Sennheiser M2 OEi Ivory,,Circumaural,Circumaural,16 Hz - 22 kHz,Yes,No,Closed,Brown,0
Sony 3000398,,Supra-aural,Supra-aural,true,Yes,No,Closed,Black / Blue,0
SteelSeries Siberia v2 DOTA 2,,Circumaural,Circumaural,18 Hz - 28 kHz,Yes,No,Closed,Black / Red,3
SteelSeries Siberia X300,,Circumaural,Circumaural,true,Yes,No,Open,Black,0
SteelSeries Siberia P300,,Circumaural,Circumaural,true,Yes,No,Open,Black,0
SteelSeries Siberia P100,,https://cdna.pcpartpicker.com/static/forever/images/product/3a0d8ad92b18ae0933a8b3a61730380a.256p.jpg,Circumaural,true,Yes,No,Closed,Black,2
Thermaltake SHOCK 3D 7.1,49.99,Circumaural,Circumaural,20 Hz - 20 kHz,Yes,No,Closed,Black / Red,5
Turtle Beach TBS232001,,https://cdna.pcpartpicker.com/static/forever/images/product/53b6cc9c47248ec3a7ce3a9a8ca1a4c9.256p.jpg,Circumaural,20 Hz - 20 kHz,Yes,No,Semi-open,Black / Green,0
Turtle Beach STEALTH 450,,https://cdna.pcpartpicker.com/static/forever/images/product/ab1e3e6be5ddecdaf7a6bd9724f805f6.256p.jpg,Circumaural,true,Yes,No,Closed,Black / Red,3.5
Bose AE2,,Circumaural,Circumaural,false,No,No,Closed,Black / Silver,0
Feenix Aria,,https://cdna.pcpartpicker.com/static/forever/images/product/fbab5865a95074abf627289c91feec7b.256p.jpg,Circumaural,false,Yes,No,Closed,Brown / Black,0
A4Tech G500,,https://cdna.pcpartpicker.com/static/forever/images/product/68af1733d0685f2ea91f50bd2787a18d.256p.jpg,Circumaural,20 Hz - 20 kHz,Yes,No,Closed,Black / Red,0
Creative Labs H5,,Circumaural,Circumaural,20 Hz - 20 kHz,Yes,No,Closed,Black / Red,0
Creative Labs H3,,https://cdna.pcpartpicker.com/static/forever/images/product/d717cca3c6304d88aec0e84acbeb43a4.256p.jpg,Circumaural,20 Hz - 20 kHz,Yes,No,Closed,Black / Red,0
Creative Labs P5,,https://cdna.pcpartpicker.com/static/forever/images/product/68a3681fed372bdf8bedfde81ba78b22.256p.jpg,Earbud,true,Yes,No,Closed,Black / Red,0
G.Skill RIPJAWS SR910,,Circumaural,Circumaural,20 Hz - 20 kHz,Yes,No,Closed,Black / Red,0
G.Skill RIPJAWS SV710,,Circumaural,Circumaural,20 Hz - 20 kHz,Yes,No,Closed,Black,0
IOGEAR GHG700,,Circumaural,Circumaural,20 Hz - 20 kHz,Yes,No,Closed,Black / White,0
Kensington k33323ww,,Supra-aural,Supra-aural,true,Yes,No,Closed,Black,0
HP Cloud Freestyle,,Circumaural,Circumaural,15 Hz - 25 kHz,Yes,No,Closed,Black / White,0
HP Cloud II,,Circumaural,Circumaural,15 Hz - 25 kHz,Yes,No,Closed,Black / Red,3
Patriot V360,13.99,Circumaural,Circumaural,true,Yes,No,Closed,Black / Red,4
Plantronics RIG 500E,,https://cdna.pcpartpicker.com/static/forever/images/product/7efd2d8ce37e38973c83c5f838a9113e.256p.jpg,Circumaural,20 Hz - 20 kHz,Yes,No,Closed,Black / Blue,0
Plantronics RIG 500HD,,Circumaural,Circumaural,20 Hz - 20 kHz,Yes,No,Closed,Black,4.5
ROCCAT ALUMA,,Earbud,Earbud,20 Hz - 20 kHz,Yes,No,Closed,Black / Blue,0
SteelSeries Siberia 650,,https://cdna.pcpartpicker.com/static/forever/images/product/5318e9ef7cc25468183adf04a8223137.256p.jpg,Circumaural,16 Hz - 28 kHz,Yes,No,Closed,Black / Orange,0
SteelSeries Siberia X800,,Circumaural,Circumaural,true,Yes,Yes,Closed,Black / Orange,0
SteelSeries Siberia 150,,https://cdna.pcpartpicker.com/static/forever/images/product/61c9099bcc47e39805eba67e14b89fbc.256p.jpg,Circumaural,true,Yes,No,Closed,Black / Orange,4
SteelSeries Siberia 200,55,https://cdna.pcpartpicker.com/static/forever/images/product/cbb3d52a6419d15695be468f1643f451.256p.jpg,Circumaural,10 Hz - 28 kHz,Yes,No,Closed,White / Black,0
SteelSeries Siberia 800,,https://cdna.pcpartpicker.com/static/forever/images/product/4f558449f7d8dfbeb0172f159727fd4a.256p.jpg,Circumaural,20 Hz - 20 kHz,Yes,Yes,Closed,Black / Orange,4
Thermaltake CRONOS AD,,Circumaural,Circumaural,20 Hz - 22 kHz,Yes,No,Closed,Black / Red,0
Koss UR55,,Circumaural,Circumaural,18 Hz - 22 kHz,No,No,Open,Brown / Black,0
JVC HA-RX300,,Circumaural,Circumaural,12 Hz - 22 kHz,No,No,Closed,Black,0
Sentey GS-4731,,Circumaural,Circumaural,20 Hz - 20 kHz,Yes,No,Open,Black / White,4
Polk Striker P1,59,Circumaural,Circumaural,20 Hz - 20 kHz,Yes,No,Closed,Black,0
Audio-Technica ATH-MSR7GM,,Circumaural,Circumaural,5 Hz - 40 kHz,Yes,No,Closed,Brown,0
Pioneer SE-A1000,,Circumaural,Circumaural,10 Hz - 30 kHz,No,No,Closed,Black / Silver,0
Naztech i9BT,,Circumaural,Circumaural,true,Yes,Yes,Closed,Black / Silver,0
Philips Fidelio L2,,Circumaural,Circumaural,true,Yes,No,Open,Black / Red,0
Status Audio CB-1,,Circumaural,Circumaural,15 Hz - 30 kHz,No,No,Closed,Black / Gold,5
Status Audio OB-1,,Circumaural,Circumaural,15 Hz - 30 kHz,No,No,Open,Black / Red,5
Plantronics BackBeat PRO,,https://cdna.pcpartpicker.com/static/forever/images/product/431726e3679aebb08c4d5ac205de075f.256p.jpg,Circumaural,true,Yes,Yes,Closed,Black,0
Smartaudios E1,,Circumaural,Circumaural,20 Hz - 20 kHz,Yes,No,Closed,Brown / Black,4
Logitech G231 PRODIGY,,https://cdna.pcpartpicker.com/static/forever/images/product/72b4645b71ff7e7b7d3b2b07df6ce6e0.256p.jpg,Circumaural,20 Hz - 20 kHz,Yes,No,Closed,Black / Orange,3.5
SteelSeries Siberia 840,,https://cdna.pcpartpicker.com/static/forever/images/product/a67a3f2ab7d4ad75350a23a731e36660.256p.jpg,Circumaural,20 Hz - 20 kHz,Yes,Yes,Closed,Black,4
Sades SA-708,24.47,Circumaural,Circumaural,true,Yes,No,Closed,Black / Green,0
Sennheiser HD 579,,Circumaural,Circumaural,15 Hz - 28 kHz,No,No,Open,Gray,4
Audio-Technica ATH-IM01,241.47,In Ear,In Ear,20 Hz - 15 kHz,No,No,Closed,Transparent,0
Audio-Technica ATH-IM02,,In Ear,In Ear,20 Hz - 16 kHz,No,No,Closed,Transparent,0
Audio-Technica ATH-IM03,,In Ear,In Ear,18 Hz - 18 kHz,No,No,Closed,Transparent,0
Audio-Technica ATH-IM04,,In Ear,In Ear,15 Hz - 20 kHz,No,No,Closed,Black,0
Audio-Technica ATH-IM50,,In Ear,In Ear,5 Hz - 25 kHz,No,No,Closed,White / Black,0
Audio-Technica ATH-IM70,,https://cdna.pcpartpicker.com/static/forever/images/product/1705b77fdde9f1814e9bdeb938f40aea.256p.jpg,In Ear,5 Hz - 26 kHz,No,No,Closed,Red / Black,0
NOX Krom Kyus,,Circumaural,Circumaural,16 Hz - 20 kHz,Yes,No,Closed,Black / Orange,0
Philips SHL3095BK/94,,Supra-aural,Supra-aural,10 Hz - 22 kHz,Yes,No,Closed,Black,0
Fostex TH-900,,https://cdna.pcpartpicker.com/static/forever/images/product/47c59698a634a1171cb4d634eb877c95.256p.jpg,Circumaural,5 Hz - 45 kHz,No,No,Closed,Red / Black,0
SoundMAGIC HP150,,Circumaural,Circumaural,10 Hz - 35 kHz,No,No,Closed,Black,0
Astro A50 + Base Station PS4,,https://cdna.pcpartpicker.com/static/forever/images/product/8794019d05e9784efcc76c4fb63e6e42.256p.jpg,Circumaural,20 Hz - 20 kHz,Yes,Yes,Closed,Black / Green,4.5
SteelSeries Siberia 350 (Black/Orange),,https://cdna.pcpartpicker.com/static/forever/images/product/8d56aa5a18e4b1fee21b1219a5d3408f.256p.jpg,Circumaural,20 Hz - 28 kHz,Yes,No,Closed,Black / Orange,0
SteelSeries Siberia 350 (White/Black),,https://cdna.pcpartpicker.com/static/forever/images/product/642a7120b58c5ea1e5ff5d7766520298.256p.jpg,Circumaural,20 Hz - 28 kHz,Yes,No,Closed,White / Black,0
1MORE Triple Driver (Black/Gold),69.98,In Ear,In Ear,20 Hz - 40 kHz,Yes,No,Closed,Black / Gold,0
1MORE Triple Driver Lightning (Silver),,In Ear,In Ear,20 Hz - 40 kHz,Yes,No,Closed,Silver,0
1MORE Quad Driver,118.68,https://cdna.pcpartpicker.com/static/forever/images/product/e10cb4d88bcc5356e55eb8beb4f181f3.256p.jpg,In Ear,20 Hz - 40 kHz,Yes,No,Closed,Black / Red,0
Avantree Audition,,Circumaural,Circumaural,20 Hz - 20 kHz,No,Yes,Closed,Black / Red,0
Avantree BTHS-AS9P-BLK,,Circumaural,Circumaural,20 Hz - 20 kHz,Yes,Yes,Closed,Black / Brown,0
Sunbeam SEB-2014,,In Ear,In Ear,true,Yes,No,Closed,Purple,0
Panasonic RPHJX20-K,,In Ear,In Ear,false,No,No,Closed,Black,0
Panasonic RPHJX5-R,,In Ear,In Ear,false,No,No,Closed,Black / Red,0
ARCTIC P533 PENTA,,https://cdna.pcpartpicker.com/static/forever/images/product/f43c231111d949197119ff24cee413f3.256p.jpg,Circumaural,20 Hz - 20 kHz,Yes,No,Closed,Black / Orange,0
Creative Labs Sound Blaster Tactic3D Alpha,,Circumaural,Circumaural,true,Yes,No,Closed,Black,0
Creative Labs Sound Blaster Tactic3D Sigma,,Circumaural,Circumaural,true,Yes,No,Closed,Black,0
Creative Labs Sound BlasterX H3,,Circumaural,Circumaural,20 Hz - 20 kHz,Yes,No,Closed,Black / Red,0
Corsair VOID PRO RGB USB (White/Black),,Circumaural,Circumaural,20 Hz - 20 kHz,Yes,No,Closed,White / Black,4.5
Corsair VOID PRO Surround (Black),,https://cdna.pcpartpicker.com/static/forever/images/product/df3cd808b9d540bf92ec2136ed1b568b.256p.jpg,Circumaural,20 Hz - 20 kHz,Yes,No,Closed,Black,4.5
Corsair VOID PRO Surround (Black/Red),,Circumaural,Circumaural,20 Hz - 20 kHz,Yes,No,Closed,Black / Red,1
Hercules HDP DJ-Pro M1001,,Circumaural,Circumaural,5 Hz - 30 kHz,No,No,Closed,Black / Blue,0
Cyber Acoustics AC-968,,Circumaural,Circumaural,20 Hz - 20 kHz,Yes,No,Closed,Black,0
Sennheiser M2 OEi Black,,Supra-aural,Supra-aural,16 Hz - 22 kHz,Yes,No,Closed,Black / Silver,0
Sennheiser M2 OEi Brown,,Supra-aural,Supra-aural,16 Hz - 22 kHz,Yes,No,Closed,Brown / Black,0
Sennheiser M2 AEi Black,,Supra-aural,Supra-aural,16 Hz - 22 kHz,Yes,No,Closed,Black / Silver,0
Sennheiser M2 OEBT Black,,Supra-aural,Supra-aural,false,No,Yes,Closed,Black / Silver,0
Sony XBA-NC85D,,https://cdna.pcpartpicker.com/static/forever/images/product/0f0898dc4d0fd4686f24f38cd041101d.256p.jpg,In Ear,5 Hz - 20 kHz,No,No,Closed,Black,0
Skullcandy S6HSGY-378,,Circumaural,Circumaural,false,No,No,Closed,White / Black,0
Skullcandy S6HSGY-384,,Circumaural,Circumaural,false,No,No,Closed,White / Black,0
Skullcandy S6AGDZ-150,,Circumaural,Circumaural,18 Hz - 20 kHz,No,No,Closed,Red / Amber,0
Turtle Beach P11,,Circumaural,Circumaural,20 Hz - 20 kHz,Yes,No,Closed,Black / Red,0
Sony MDRXB450AP/B,,Supra-aural,Supra-aural,5 Hz - 22 kHz,Yes,No,Closed,Black,0
Sennheiser M2 AEBT Black,,Circumaural,Circumaural,16 Hz - 22 kHz,Yes,Yes,Closed,Black / Silver,0
Skullcandy S6HSGY-367,,Circumaural,Circumaural,false,No,No,Closed,Camo,0
Sennheiser GSP 350,,Circumaural,Circumaural,15 Hz - 26 kHz,Yes,No,Closed,Black / Red,4
Sennheiser GSP 303,,Circumaural,Circumaural,15 Hz - 26 kHz,Yes,No,Closed,Black / Red,0
Sennheiser GSP 301,,https://cdna.pcpartpicker.com/static/forever/images/product/d2b4f43df093ae242b7389f8c3fe1ca9.256p.jpg,Circumaural,15 Hz - 26 kHz,Yes,No,Closed,Black / White,0
Sennheiser GSP 302,,https://cdna.pcpartpicker.com/static/forever/images/product/33ddbe3fc24df0750587051e283700f8.256p.jpg,Circumaural,15 Hz - 26 kHz,Yes,No,Closed,Black,5
Etymotic Research ER3 Studio Edition,169,In Ear,In Ear,20 Hz - 16 kHz,No,No,Closed,,0
Etymotic Research ER3 Extended Response,129.88,https://cdna.pcpartpicker.com/static/forever/images/product/e5ca3d052e3f31b8f63d0302a1256eba.256p.jpg,In Ear,20 Hz - 16 kHz,No,No,Closed,,0
Etymotic Research ER4 Studio Reference,276.17,In Ear,In Ear,20 Hz - 16 kHz,No,No,Closed,,0
Cougar MEGARA,,Earbud,Earbud,20 Hz - 20 kHz,Yes,No,Closed,Black / Orange,0
Cougar IMMERSA,,Circumaural,Circumaural,20 Hz - 20 kHz,Yes,No,Closed,Black / Orange,0
HiFiMAN HE-400i,,Circumaural,Circumaural,20 Hz - 35 kHz,No,No,Open,Black,0
Audio-Technica ATH-AD1000X,,https://cdna.pcpartpicker.com/static/forever/images/product/df7f93415da3e67910338839d0ff12ee.256p.jpg,Circumaural,5 Hz - 40 kHz,No,No,Open,Black,0
Monoprice Monolith M560,,Circumaural,Circumaural,16 Hz - 40 kHz,No,No,Closed,Black / Brown,0
Monoprice Monolith M565,,https://cdna.pcpartpicker.com/static/forever/images/product/463dda3bc0e37dc031780d6586173774.256p.jpg,Circumaural,10 Hz - 45 kHz,No,No,Open,Black / Brown,0
Panasonic RP-HJE125-D,11.99,https://cdna.pcpartpicker.com/static/forever/images/product/c3f90abc83b9f89a85116b4ad998b0e4.256p.jpg,Earbud,false,No,No,Closed,Orange,0
Panasonic RP-HJE125-Y,,Earbud,Earbud,false,No,No,Closed,Yellow,0
Panasonic RP-HJE125-Z,10.99,https://cdna.pcpartpicker.com/static/forever/images/product/c4960dc161be030fd19729d1e36bf222.256p.jpg,Earbud,false,No,No,Closed,Blue,0
Etekcity Scroll H5GX,,Circumaural,Circumaural,20 Hz - 20 kHz,Yes,No,Closed,Black / Red,5
Sades A70,,Circumaural,Circumaural,20 Hz - 20 kHz,Yes,No,Closed,White / Blue,0
Audio-Technica ATH-WS1100IS,,https://cdna.pcpartpicker.com/static/forever/images/product/6a0545baaa099749a19b5d08ecba4042.256p.jpg,Circumaural,5 Hz - 40 kHz,Yes,No,Semi-open,,5
Logitech G933 Artemis Spectrum Andromeda,,Circumaural,Circumaural,20 Hz - 20 kHz,Yes,Yes,Closed,White / Blue,0
Corsair HS60 Surround (Black),,Circumaural,Circumaural,20 Hz - 20 kHz,Yes,No,Closed,Black,4.5
Corsair HS70 SE,,Circumaural,Circumaural,true,Yes,Yes,Closed,Black / Beige,5
Sony WHH900N/R,,https://cdna.pcpartpicker.com/static/forever/images/product/e9f988088cda425f0513e0fc16248969.256p.jpg,Circumaural,false,No,Yes,Closed,Red,0
Razer Electra V2 USB,105.21,https://cdna.pcpartpicker.com/static/forever/images/product/45c232d34ce68f760427952edfeca758.256p.jpg,Circumaural,20 Hz - 20 kHz,Yes,No,Closed,Black / Green,0
SIVGA SVIGA SV007,,Circumaural,Circumaural,20 Hz - 20 kHz,No,No,Closed,Brown / Black,0
Sony MDRXB550AP/L,,https://cdna.pcpartpicker.com/static/forever/images/product/eb69419454912db3e3d6413553c0094c.256p.jpg,Supra-aural,5 Hz - 22 kHz,Yes,No,Closed,Blue,0
Logitech G233 PRODIGY,,https://cdna.pcpartpicker.com/static/forever/images/product/bdd87ffbc575f08ccf47ba601069e6eb.256p.jpg,Circumaural,20 Hz - 20 kHz,Yes,No,Closed,Black / Blue,5
Logitech G433 (Red),,https://cdna.pcpartpicker.com/static/forever/images/product/09ec7607e2091b32e3231b82f9421527.256p.jpg,Circumaural,20 Hz - 20 kHz,Yes,No,Open,Red,0
Cooler Master MH752,,https://cdna.pcpartpicker.com/static/forever/images/product/acabcb97b73c9fc1dca448bf059d2ace.256p.jpg,Circumaural,20 Hz - 20 kHz,Yes,No,Closed,Black / Silver,4.5
Corsair HS60,,https://cdna.pcpartpicker.com/static/forever/images/product/024bca1cdd4d9663de95dc51489d00b0.256p.jpg,Circumaural,20 Hz - 20 kHz,Yes,No,Closed,Black / White,5
Razer NARI,229.99,https://cdna.pcpartpicker.com/static/forever/images/product/69d1ad753937c579ed19ef2e8719fa09.256p.jpg,Circumaural,20 Hz - 20 kHz,Yes,Yes,Closed,Black / Green,3.5
SHARKOON SKILLER SGH1,,Circumaural,Circumaural,20 Hz - 20 kHz,Yes,No,Closed,Black / Blue,0
Audeze Mobius,,https://cdna.pcpartpicker.com/static/forever/images/product/7a0d3457072f07c4a49ba2c231ad83b6.256p.jpg,Circumaural,10 Hz - 50 kHz,Yes,Yes,Closed,Blue / Black,0
House of Marley Buffalo Soldier,,Supra-aural,Supra-aural,true,Yes,Yes,Closed,Beige / Black,0
LucidSound LS31,,Circumaural,Circumaural,20 Hz - 20 kHz,Yes,Yes,Closed,Gray,0
LucidSound LS25,,https://cdna.pcpartpicker.com/static/forever/images/product/0f62c2b266c0dd8614383a77b8b2c4b0.256p.jpg,Circumaural,20 Hz - 20 kHz,Yes,No,Closed,Black / Red,0
LucidSound LS35X,,Circumaural,Circumaural,20 Hz - 20 kHz,Yes,Yes,Closed,Black,5
LucidSound LS41,199.99,Circumaural,Circumaural,20 Hz - 20 kHz,Yes,Yes,Closed,Black,0
Adesso Xtream G2,29.85,https://cdna.pcpartpicker.com/static/forever/images/product/9577c11cccc9a1fd293aec1a399c17ac.256p.jpg,Circumaural,20 Hz - 20 kHz,Yes,No,Closed,Black / Silver,4
Adesso Xtream G3,,https://cdna.pcpartpicker.com/static/forever/images/product/8b00b04e873712eb784ed6c7d781d857.256p.jpg,Circumaural,15 Hz - 20 kHz,Yes,No,Closed,Black / Blue,0
Adesso Xtream G4,153.27,https://cdna.pcpartpicker.com/static/forever/images/product/a470febaec3d4b83358a5e319623bdc0.256p.jpg,Circumaural,20 Hz - 2 kHz,Yes,No,Closed,Black / Silver,0
ADATA XPG EMIX H20,,https://cdna.pcpartpicker.com/static/forever/images/product/0e05605e2cc657b881f686524a7603ee.256p.jpg,Circumaural,20 Hz - 20 kHz,Yes,No,Closed,Black / Red,0
Inland 6000,,Circumaural,Circumaural,20 Hz - 20 kHz,Yes,No,Closed,Silver / Black,0
Avermedia SonicWave GH335,,https://cdna.pcpartpicker.com/static/forever/images/product/72615a200a590fee519cd52a49962e02.256p.jpg,Circumaural,20 Hz - 20 kHz,Yes,No,Closed,Black,0
Avermedia SonicWave 7.1 GH337,,https://cdna.pcpartpicker.com/static/forever/images/product/990682032e578f79e59fba71a7ad4fb2.256p.jpg,Circumaural,20 Hz - 20 kHz,Yes,No,Closed,Black / Red,0
IOGEAR Kaliber Gaming NUKLEUS,35.94,https://cdna.pcpartpicker.com/static/forever/images/product/d771f234d799ac32973c5cf5170a9013.256p.jpg,Circumaural,20 Hz - 20 kHz,Yes,No,Closed,Black,0
Cougar PHONTUM ESSENTIAL,,https://cdna.pcpartpicker.com/static/forever/images/product/f2284214b72b5ce60c1b42f108562701.256p.jpg,Circumaural,20 Hz - 20 kHz,Yes,No,Closed,Black,0
Koss SB42,59.99,https://cdna.pcpartpicker.com/static/forever/images/product/01745ce8701d1b563b1bb389d1ef7274.256p.jpg,Circumaural,20 Hz - 20 kHz,Yes,No,Closed,Black,0
Asus TUF Gaming H5,,https://cdna.pcpartpicker.com/static/forever/images/product/118764ca8d3bf1092c330a3535650a74.256p.jpg,Circumaural,20 Hz - 20 kHz,Yes,No,Closed,Black / Gold,0
Creative Labs SUPER X-FI AIR C,,Circumaural,Circumaural,20 Hz - 20 kHz,Yes,No,Closed,Black / Blue,0
Creative Labs SUPER X-FI AIR,,https://cdna.pcpartpicker.com/static/forever/images/product/ee1307b5f0d30309d9291245fbdf4f77.256p.jpg,Circumaural,20 Hz - 20 kHz,Yes,Yes,Closed,White / Black,0
Cougar IMMERSA TI,,https://cdna.pcpartpicker.com/static/forever/images/product/01acb92b77b569b115290fba04954dea.256p.jpg,Circumaural,true,Yes,No,Closed,Black / Orange,0
Inland 87070,,https://cdna.pcpartpicker.com/static/forever/images/product/255755946851f4056a34973639cf193f.256p.jpg,Supra-aural,20 Hz - 20 kHz,Yes,No,Closed,Black,0
Asus ROG Strix Fusion 300,,Circumaural,Circumaural,20 Hz - 20 kHz,Yes,No,Closed,Pink / White,0
HP OMEN 800,,https://cdna.pcpartpicker.com/static/forever/images/product/85476aaaf994bbae9feeca6788114c7f.256p.jpg,Circumaural,20 Hz - 20 kHz,Yes,No,Open,Black / Red,0
HP OMEN Mindframe,,https://cdna.pcpartpicker.com/static/forever/images/product/a94f09f773328c3b4436fb44aaeb7430.256p.jpg,Circumaural,true,Yes,No,Closed,Black / Red,5
HP OMEN Mindframe Prime,,https://cdna.pcpartpicker.com/static/forever/images/product/89f017a9d7075677cf7739ce1ef2eebc.256p.jpg,Circumaural,true,Yes,No,Closed,Black / Red,0
Kensington 33323,,https://cdna.pcpartpicker.com/static/forever/images/product/eb6fc6e7c48e98354358089fd7e361e5.256p.jpg,Supra-aural,true,Yes,No,Closed,Black,0
Audio-Technica ATH-SR30BTGY,,https://cdna.pcpartpicker.com/static/forever/images/product/86c858434c08062479773c314a3e1b1c.256p.jpg,Circumaural,5 Hz - 35 kHz,Yes,Yes,Closed,White / Silver,0
Audio-Technica ATH-SR50BTBW,,https://cdna.pcpartpicker.com/static/forever/images/product/43b0b75fc313f531efa825c8878fe644.256p.jpg,Circumaural,5 Hz - 40 kHz,Yes,Yes,Closed,White / Silver,0
Audio-Technica ATH-SR50BTBK,,https://cdna.pcpartpicker.com/static/forever/images/product/f3c628f0d4ec4f37a13884d187ba3047.256p.jpg,Circumaural,5 Hz - 40 kHz,Yes,Yes,Closed,Black,0
Corsair VOID ELITE SURROUND,,https://cdna.pcpartpicker.com/static/forever/images/product/69031ec06bb320f1a5f38d1343b70903.256p.jpg,Circumaural,20 Hz - 30 kHz,Yes,No,Closed,Black,4
Audio-Technica SonicFuel CKR30iS,55.79,https://cdna.pcpartpicker.com/static/forever/images/product/1f12cb6b167d5a72e04cec2abe704160.256p.jpg,In Ear,5 Hz - 24 kHz,Yes,No,Closed,White,0
Audio-Technica Solid Bass CKS550iS,,https://cdna.pcpartpicker.com/static/forever/images/product/9cad7fdec6cb60582de697ab4c4a2e58.256p.jpg,In Ear,5 Hz - 24 kHz,Yes,No,Closed,Blue,0
Audio-Technica Sound Reality CKR90iS,,https://cdna.pcpartpicker.com/static/forever/images/product/c991d90dfef0b51a9d0dee2527f931b5.256p.jpg,In Ear,5 Hz - 42 kHz,Yes,No,Closed,Black,0
Plantronics Plantronics Voyager Focus UC,164.99,https://cdna.pcpartpicker.com/static/forever/images/product/4e55d2e39aefb1f926d567d1ee81530e.256p.jpg,Supra-aural,true,Yes,Yes,Closed,Black,5
Sony PS4 PLATINUM,249.99,https://cdna.pcpartpicker.com/static/forever/images/product/7f13554f83abed90ba10abb331715419.256p.jpg,Circumaural,true,Yes,Yes,Closed,Black / Blue,0
Turtle Beach Earforce Stealth 450 USB,,Circumaural,Circumaural,20 Hz - 20 kHz,Yes,Yes,Closed,Black / Red,0
Sennheiser SC 260 USB CTRL II,,https://cdna.pcpartpicker.com/static/forever/images/product/c911f15dcc63a7332dedea389fef48bd.256p.jpg,Supra-aural,50 Hz - 18 kHz,Yes,No,Closed,,0
Sennheiser SC 75 USB CTRL,,https://cdna.pcpartpicker.com/static/forever/images/product/13a117abad3cf35b308bbbd01bb643e9.256p.jpg,Supra-aural,60 Hz - 16 kHz,Yes,No,Closed,Black,0
Plantronics Blackwire 5220,,https://cdna.pcpartpicker.com/static/forever/images/product/656d6cc072a11c05fa2ea742f50e608a.256p.jpg,Supra-aural,20 Hz - 20 kHz,Yes,No,Closed,Red / Black,0
Plantronics EncorePro 720D Duo,123.77,https://cdna.pcpartpicker.com/static/forever/images/product/c53810c422b566b22129d92f893eb1eb.256p.jpg,Supra-aural,true,Yes,No,Closed,Black / Silver,0
ROCCAT Cross Headset + Modulok Modular Headset Stand,,Circumaural,Circumaural,20 Hz - 20 kHz,Yes,No,Closed,Black,0
Syba GamesterGear Cruiser,,Circumaural,Circumaural,20 Hz - 20 kHz,Yes,No,Closed,Black / Silver,0
Trust GXT 322 CARUS,,Circumaural,Circumaural,20 Hz - 20 kHz,Yes,No,Closed,Black / Red,4
Trust GXT 322D Carus,,Circumaural,Circumaural,20 Hz - 20 kHz,Yes,No,Closed,Camo,0
Trust GXT 333 GOIYA,,Circumaural,Circumaural,20 Hz - 20 kHz,Yes,No,Closed,Black,0
Trust GXT 393 MAGNA,,Circumaural,Circumaural,20 Hz - 20 kHz,Yes,Yes,Closed,Black / Blue,0
Microsoft Surface Headset,,https://cdna.pcpartpicker.com/static/forever/images/product/1ae182dfe38e6aa53c06b7b7eeec71c3.256p.jpg,Circumaural,20 Hz - 20 kHz,Yes,Yes,Closed,Gray,0
Mionix NASH-20,,https://cdna.pcpartpicker.com/static/forever/images/product/193164d76b78bf388cee38013cb031b2.256p.jpg,Circumaural,true,Yes,No,Semi-open,Black,0
Razer Thresher Ultimate,,Circumaural,Circumaural,12 Hz - 28 kHz,Yes,Yes,Closed,Black / Green,0
Sennheiser SC 70 USB CTRL,,https://cdna.pcpartpicker.com/static/forever/images/product/c1ee3e20e6c9f199b16d4b9fe1108bdd.256p.jpg,Supra-aural,60 Hz - 16 kHz,Yes,No,Closed,Black / Silver,0
ROCCAT Renga Boost,,https://cdna.pcpartpicker.com/static/forever/images/product/4546c2d42c1475a96db595fd4612a293.256p.jpg,Circumaural,20 Hz - 20 kHz,Yes,No,Semi-open,Black,0
Sennheiser Century SC 660,,Supra-aural,Supra-aural,true,Yes,No,Closed,Silver / Black,0
ROCCAT Khan Aimo,,https://cdna.pcpartpicker.com/static/forever/images/product/6f766100ff27885bf1ab1d8c01902b54.256p.jpg,Circumaural,10 Hz - 40 kHz,Yes,No,Closed,White / Black,0
Rosewill NEBULA GX51,,https://cdna.pcpartpicker.com/static/forever/images/product/43646b90b565adb71a88a789a38fc75d.256p.jpg,Circumaural,20 Hz - 20 kHz,Yes,No,Closed,Black,0
HP HyperX Cloud Orbit,,Circumaural,Circumaural,10 Hz - 50 kHz,Yes,No,Closed,Black / Gray,0
Sennheiser MB 360 UC,,https://cdna.pcpartpicker.com/static/forever/images/product/4da4debc4ea95a16a4208ec0ba398fe5.256p.jpg,Circumaural,18 Hz - 22 kHz,Yes,Yes,Closed,Black,0
Sennheiser GSP 370,150.68,Circumaural,Circumaural,20 Hz - 20 kHz,Yes,Yes,Closed,Black,5
Turtle Beach Elite Atlas Aero,,https://cdna.pcpartpicker.com/static/forever/images/product/819f23a50d9c6ec00686f83c8dc2ba9a.256p.jpg,Circumaural,12 Hz - 20 kHz,Yes,No,Closed,Black,4
Cooler Master MH630,,https://cdna.pcpartpicker.com/static/forever/images/product/1e504bf02b041f37fdbee3857072f8a7.256p.jpg,Circumaural,15 Hz - 25 kHz,Yes,No,Closed,Black,5
Hunterspider V1,,Circumaural,Circumaural,20 Hz - 20 kHz,Yes,Yes,Closed,Red / Black,0
Philips ActionFit,174.45,https://cdna.pcpartpicker.com/static/forever/images/product/9ebc2c98c9967f60dc1c2df5420b2944.256p.jpg,In Ear,20 Hz - 20 kHz,No,Yes,Closed,,0
HiFiMAN TWS600,,In Ear,In Ear,20 Hz - 20 kHz,No,Yes,Closed,Black,0
Plantronics B825 Voyager Focus UC Bluetooth,472.53,https://cdna.pcpartpicker.com/static/forever/images/product/acd008fce7779d613ca51e8d2a239dc7.256p.jpg,Supra-aural,true,Yes,Yes,Closed,Black,0
Thermaltake Tt eSPORTS Shock V2,,https://cdna.pcpartpicker.com/static/forever/images/product/16c8c28d40911f7e67e359c4de1ab98e.256p.jpg,Circumaural,20 Hz - 20 kHz,Yes,No,Closed,Black / Red,0
ADATA SOLOX F30+EMIX H30,222.33,https://cdna.pcpartpicker.com/static/forever/images/product/ff2b991abcc53394dd75604edd27948d.256p.jpg,Circumaural,20 Hz - 20 kHz,Yes,No,Closed,Black / Red,0
ADATA EMIX H30 SE,,Circumaural,Circumaural,20 Hz - 20 kHz,Yes,No,Closed,Black / Red,0
Acer Predator Gaming,,Circumaural,Circumaural,10 Hz - 28 kHz,Yes,No,Open,Black,0
Acer Predator Galea 350,,Circumaural,Circumaural,20 Hz - 20 kHz,Yes,No,Closed,Black,0
Acer Predator Galea 500,297.64,https://cdna.pcpartpicker.com/static/forever/images/product/368e50b67af0b32fee5e43ac72a82560.256p.jpg,Circumaural,20 Hz - 20 kHz,Yes,No,Closed,Black,0
DROP DROP + HIFIMAN HE-35X,,Circumaural,Circumaural,20 Hz - 20 kHz,No,No,Open,Black,0
DROP DROP + HiFiMAN HE4XX,,Circumaural,Circumaural,20 Hz - 35 kHz,No,No,Open,Black,0
DROP MASSDROP X BEYERDYNAMIC DT 177X GO,,Circumaural,Circumaural,5 Hz - 40 kHz,No,No,Closed,Black,0
DROP Drop + MrSpeakers Ether CX,,Circumaural,Circumaural,30 Hz - 5 kHz,No,No,Closed,Black,0
DROP DROP + KOSS GMR-54X-ISO,,Circumaural,Circumaural,15 Hz - 22 kHz,Yes,No,Closed,Black,0
DROP MASSDROP X KOSS ESP/95X ELECTROSTATIC SYSTEM,,Circumaural,Circumaural,8 Hz - 35 kHz,No,No,Open,Black,0
DROP Massdrop x NuForce EDC,,In Ear,In Ear,20 Hz - 40 kHz,No,No,Closed,Translucent Blue,0
DROP Massdrop x NuForce EDC3,,In Ear,In Ear,20 Hz - 40 kHz,No,No,Closed,Translucent Blue,0
DROP Massdrop x NuForce Stride,,In Ear,In Ear,20 Hz - 20 kHz,Yes,Yes,Closed,Black,0
Biostar iDEQ N20,19.98,Supra-aural,Supra-aural,false,No,No,Closed,Blue / Black,0
Final A8000,,In Ear,In Ear,false,No,No,Closed,Silver / Black,0
Final Adagio II,,Earbud,Earbud,false,No,No,Closed,Black,0
Final Adagio III,,Earbud,Earbud,false,No,No,Closed,Black,0
Final Adagio V,,Earbud,Earbud,false,No,No,Closed,Silver / Black,0
Final B3,,In Ear,In Ear,false,No,No,Closed,Silver / Black,0
Final D8000,4773.96,Circumaural,Circumaural,false,No,No,Closed,Black / Silver,0
Final E4000,159,Earbud,Earbud,false,No,No,Closed,Black,0
Final F3100,,Earbud,Earbud,false,No,No,Closed,Black,0
Final F4100,,Earbud,Earbud,false,No,No,Closed,Black,0
Final F7200,,Earbud,Earbud,false,No,No,Closed,Silver / Black,0
Final FI-BA-SS,,Earbud,Earbud,false,No,No,Closed,Silver / Black,0
Final FI-BA-SST,,Earbud,Earbud,false,No,No,Closed,Silver / White,0
Final Heaven II,,Earbud,Earbud,false,No,No,Closed,Silver / Black,0
Final Heaven IV,,Earbud,Earbud,false,No,No,Closed,Silver / Black,0
Final Heaven V aging,,Earbud,Earbud,false,No,No,Closed,Copper / Black,0
Final Heaven V,,Earbud,Earbud,false,No,No,Closed,Silver / Black,0
Final Heaven VI,,Earbud,Earbud,false,No,No,Closed,Gold / Black,0
Final Heaven VII,,Earbud,Earbud,false,No,No,Closed,Black,0
Final Heaven VIII,,Earbud,Earbud,false,No,No,Closed,Gold / Black,0
Final Piano Forte II,,Earbud,Earbud,false,No,No,Closed,Brown / Beige,0
Final Piano Forte VIII,,In Ear,In Ear,false,No,No,Closed,Gold,0
Final Piano Forte IX,,In Ear,In Ear,false,No,No,Closed,Silver,0
Final Piano Forte X,,In Ear,In Ear,false,No,No,Closed,Gold,0
Final SONOROUS II,,Circumaural,Circumaural,false,No,No,Closed,Black / Silver,0
Final SONOROUS III,,Circumaural,Circumaural,false,No,No,Closed,Black / Silver,0
Final SONOROUS IV,,Circumaural,Circumaural,false,No,No,Closed,Black / Silver,0
Final SONOROUS VI,,Circumaural,Circumaural,false,No,No,Closed,Black / Silver,0
Final SONOROUS VIII,,Circumaural,Circumaural,false,No,No,Closed,Gold / Black,0
Final SONOROUS X,,Circumaural,Circumaural,false,No,No,Closed,Gold / Silver,0
Astro Gaming A20 Call of Duty,,https://cdna.pcpartpicker.com/static/forever/images/product/e6e861dc79767ffe24c792ce30b6cea6.256p.jpg,Circumaural,20 Hz - 20 kHz,Yes,Yes,Closed,Silver / Black,0
Sony Gold,,Circumaural,Circumaural,true,Yes,Yes,Closed,Black,5
Corsair HS70 Bluetooth,,Circumaural,Circumaural,20 Hz - 20 kHz,Yes,Yes,Closed,Black,5
Logitech Pro X Shroud,229.99,https://cdna.pcpartpicker.com/static/forever/images/product/5b774e8009cfbb01240ccce119646c26.256p.jpg,Circumaural,20 Hz - 20 kHz,Yes,Yes,Closed,Black / Blue,4
Audeze Penrose PS,239,https://cdna.pcpartpicker.com/static/forever/images/product/1885e4c7ba325bc1a485906b2f2181aa.256p.jpg,Circumaural,10 Hz - 50 kHz,Yes,Yes,Closed,Black / Blue,4
Audeze Penrose X,399.99,https://cdna.pcpartpicker.com/static/forever/images/product/00a0f1daa8d97f84dcea8a36a2815a4f.256p.jpg,Circumaural,10 Hz - 50 kHz,Yes,Yes,Closed,Black / Green,0
Razer Opus,,https://cdna.pcpartpicker.com/static/forever/images/product/16fe6e685950759edc88d2c8e6cf841d.256p.jpg,Circumaural,20 Hz - 20 kHz,Yes,Yes,Closed,Blue,0
Razer A Bathing Ape Opus,,https://cdna.pcpartpicker.com/static/forever/images/product/810901e75f1cd1246cfc04cf066460ba.256p.jpg,Circumaural,20 Hz - 20 kHz,Yes,Yes,Closed,Black / Green,0
Beyerdynamic DT 880 CHROME SPECIAL EDITION,,Circumaural,Circumaural,5 Hz - 35 kHz,No,No,Semi-open,Silver / Black,5
Sony MDR-ZX310W,43.47,Supra-aural,Supra-aural,10 Hz - 24 kHz,No,No,Closed,White / Silver,0
Sony MDR-ZX310B,,https://cdna.pcpartpicker.com/static/forever/images/product/5f1a008af97e8b53ff9a58b3116a1630.256p.jpg,Supra-aural,10 Hz - 24 kHz,No,No,Closed,Black,0
HiFiMAN Deva,,Circumaural,Circumaural,20 Hz - 20 kHz,No,Yes,Open,Silver / Brown,0
HiFiMAN HE400S,,Circumaural,Circumaural,20 Hz - 35 kHz,No,No,Open,Silver / Black,0
HiFiMAN HE560,,Circumaural,Circumaural,15 Hz - 50 kHz,No,No,Open,Black / Brown,0
HiFiMAN Edition X V2,,Circumaural,Circumaural,8 Hz - 50 kHz,No,No,Open,Black / Silver,0
HiFiMAN HE5se,,Circumaural,Circumaural,20 Hz - 35 kHz,No,No,Open,Black,0
HiFiMAN HE6se,,Circumaural,Circumaural,8 Hz - 65 kHz,No,No,Open,Black,0
HiFiMAN RE-600 V2 Songbird,,In Ear,In Ear,15 Hz - 22 kHz,No,No,Closed,Black,0
HiFiMAN RE600S V2 Songbird,74.9,In Ear,In Ear,15 Hz - 22 kHz,No,No,Closed,Black,0
HiFiMAN HE1000 V2,,https://cdna.pcpartpicker.com/static/forever/images/product/88b7781536c5f8af93910a72edecb9c6.256p.jpg,Circumaural,8 Hz - 65 kHz,No,No,Open,Silver / Brown,0
HiFiMAN RE300i,,Earbud,Earbud,20 Hz - 20 kHz,No,No,Closed,White,0
HiFiMAN Jade II,,Circumaural,Circumaural,7 Hz - 90 kHz,No,No,Open,Black / Green,0
HiFiMAN RE400a,,Earbud,Earbud,15 Hz - 22 kHz,No,No,Closed,Silver / Black,0
HiFiMAN RE300a,,Earbud,Earbud,20 Hz - 20 kHz,No,No,Closed,Black,0
HiFiMAN RE800,99,Earbud,Earbud,5 Hz - 20 kHz,No,No,Closed,Gold,0
HiFiMAN Edition S,,Circumaural,Circumaural,15 Hz - 22 kHz,Yes,No,Closed,Black,0
HiFiMAN ES100,,Earbud,Earbud,15 Hz - 20 kHz,No,No,Closed,Blue / Black,0
HiFiMAN RE400i,,Earbud,Earbud,15 Hz - 22 kHz,No,No,Closed,Silver / Black,0
HiFiMAN RE300h,42.1,Earbud,Earbud,15 Hz - 22 kHz,No,No,Closed,Black,0
HiFiMAN SHANGRI-LA jr,,Circumaural,Circumaural,7 Hz - 120 kHz,No,No,Open,Silver / Black,0
Periodic Audio Carbon,,In Ear,In Ear,12 Hz - 38 kHz,No,No,Closed,Black,0
Periodic Audio Beryllium,,In Ear,In Ear,12 Hz - 45 kHz,No,No,Closed,Gold / Silver,0
Periodic Audio Titanium,,In Ear,In Ear,16 Hz - 30 kHz,No,No,Closed,Black,0
Periodic Audio Magnesium,,In Ear,In Ear,20 Hz - 30 kHz,No,No,Closed,Silver,0
Tempest GHS201 RGB,,https://cdna.pcpartpicker.com/static/forever/images/product/e421493960cc72909349ec6f088a6b77.256p.jpg,Circumaural,20 Hz - 20 kHz,Yes,No,Closed,Black,0
Tempest GHS301 Barbarian RGB,,https://cdna.pcpartpicker.com/static/forever/images/product/3749f87e04451524a57062079e2b740c.256p.jpg,Circumaural,20 Hz - 20 kHz,Yes,No,Closed,Black,0
Tempest Warrior RGB,,https://cdna.pcpartpicker.com/static/forever/images/product/c761195abc8fbf7cea79bc740970a1a0.256p.jpg,Circumaural,20 Hz - 20 kHz,Yes,No,Closed,Red / Black,0
Philips SHP9600MB/27,,Circumaural,Circumaural,12 Hz - 35 kHz,No,No,Open,Black / Gold,0
AOC GH200,,https://cdna.pcpartpicker.com/static/forever/images/product/8aea94159fac24c01d8db1db3f439e25.256p.jpg,Circumaural,20 Hz - 20 kHz,Yes,No,Closed,Black / Silver,0
Astro A03,,https://cdna.pcpartpicker.com/static/forever/images/product/a1b73ee6958090c4054404b13bda51ef.256p.jpg,In Ear,20 Hz - 20 kHz,Yes,No,Closed,White / Purple,0
Creative Labs Aurvana Live! SE,81.39,Circumaural,Circumaural,10 Hz - 30 kHz,No,No,Closed,Black,4
MSI Immerse GH20,60,https://cdna.pcpartpicker.com/static/forever/images/product/0d1b3e04eccb165be37993a3c73ecbc8.256p.jpg,Circumaural,29 Hz - 20 kHz,Yes,No,Closed,Black,3
AKG K361,85,https://cdna.pcpartpicker.com/static/forever/images/product/ecda53d475702ad1f62ed1fcdfeec84d.256p.jpg,Circumaural,15 Hz - 28 kHz,No,No,Closed,Black,5
AOC GH401,,Circumaural,Circumaural,20 Hz - 20 kHz,Yes,Yes,Closed,Red / Black,0
Sennheiser ‎‎‎HD 450BT White,,Circumaural,Circumaural,18 Hz - 22 kHz,Yes,Yes,Closed,White / Beige,0
SteelSeries Arctis 1 Destiny Edition,,Circumaural,Circumaural,20 Hz - 20 kHz,Yes,No,Closed,White / Gray,0
Koss GMR-545-AIR,,Circumaural,Circumaural,15 Hz - 22 kHz,Yes,No,Open,Black / Red,0
Koss GMR-545-AIR USB,74.99,https://cdna.pcpartpicker.com/static/forever/images/product/4f915a05abe5830cf96523f00952de14.256p.jpg,Circumaural,15 Hz - 22 kHz,Yes,No,Open,Black / Red,0
Koss GMR-540-ISO,101.24,Circumaural,Circumaural,15 Hz - 22 kHz,Yes,No,Closed,Black / Red,0
Koss GMR-540-ISO USB,74.99,https://cdna.pcpartpicker.com/static/forever/images/product/4f915a05abe5830cf96523f00952de14.256p.jpg,Circumaural,15 Hz - 22 kHz,Yes,No,Closed,Black / Red,0
Anker H700,,https://cdna.pcpartpicker.com/static/forever/images/product/e7fe6161a0f19839dc0266df04503b72.256p.jpg,Supra-aural,true,Yes,Yes,Closed,Black,0
AKG N700NC,,Circumaural,Circumaural,10 Hz - 20 kHz,Yes,Yes,Closed,Silver,0
AKG N700NC M2,,Circumaural,Circumaural,10 Hz - 20 kHz,Yes,Yes,Closed,Black,0
HP HyperX Cloud Alpha - TimTheTatman Edition,,https://cdna.pcpartpicker.com/static/forever/images/product/c6a9f6501bc75af8e59ebed481909eb0.256p.jpg,Circumaural,13 Hz - 27 kHz,Yes,No,Closed,Black / Yellow,0
TAKSTAR Forge,,Circumaural,Circumaural,20 Hz - 20 kHz,Yes,No,Closed,Black / Red,0
TAKSTAR SHADE,,Circumaural,Circumaural,10 Hz - 20 kHz,Yes,No,Closed,Black / Red,0
TAKSTAR TS-2260,,In Ear,In Ear,20 Hz - 20 kHz,No,No,Closed,Black,0
TAKSTAR HF580,,Circumaural,Circumaural,15 Hz - 25 kHz,No,No,Open,Black / Silver,0
Razer Kaira Pro for Xbox- Halo Infinite,,https://cdna.pcpartpicker.com/static/forever/images/product/78f6d511274eefe0225f1bddaf1ad86c.256p.jpg,Circumaural,20 Hz - 20 kHz,Yes,Yes,Closed,Green / Black,0
Koss Porta Pro Communication,,https://cdna.pcpartpicker.com/static/forever/images/product/dfc715f26900c219409f0844bd250d7a.256p.jpg,Supra-aural,15 Hz - 25 kHz,Yes,No,Open,Black / Silver,5
Koss Porta Pro Headset,,https://cdna.pcpartpicker.com/static/forever/images/product/1731b0f6212348903c6506ecedcecd45.256p.jpg,Supra-aural,15 Hz - 25 kHz,Yes,Yes,Open,Black / Silver,0
DROP DROP Massdrop x Koss Porta Pro X,,Supra-aural,Supra-aural,15 Hz - 25 kHz,Yes,No,Open,Black / Blue,0
Koss Porta Pro,,Supra-aural,Supra-aural,15 Hz - 25 kHz,No,No,Open,Black / Silver,0
Asus TUF GAMING x Demon Slayer L.E. Tanjiro Kamado,,Circumaural,Circumaural,true,Yes,No,Closed,Black / Green,0
TAKSTAR FLIT,,Circumaural,Circumaural,20 Hz - 20 kHz,Yes,No,Closed,Black / Red,0
TAKSTAR TS-451M,,Circumaural,Circumaural,20 Hz - 20 kHz,Yes,No,Closed,Black,0
TAKSTAR HD2000,,Circumaural,Circumaural,10 Hz - 25 kHz,No,No,Closed,Black,0
Corsair HS80 RGB Ethereal Blue,,https://cdna.pcpartpicker.com/static/forever/images/product/4a8fc18cbfdfdb287f99e9646a25a4c7.256p.jpg,Circumaural,20 Hz - 40 kHz,Yes,Yes,Closed,White / Blue,5
Razer Thresher Gears 5 Edition,,Circumaural,Circumaural,12 Hz - 28 kHz,Yes,Yes,Closed,Gray / Black,0
Razer Thresher For PS4,182.21,https://cdna.pcpartpicker.com/static/forever/images/product/7e62d84c326751d350dc8932680e32ae.256p.jpg,Circumaural,12 Hz - 28 kHz,Yes,Yes,Closed,Blue / Black,0
Apple Airpods 2nd Gen,199,https://cdna.pcpartpicker.com/static/forever/images/product/ab96d7caf4298a3b3f230a5f5499e27f.256p.jpg,In Ear,true,Yes,Yes,Closed,White,0
Apple AirPods 3rd Gen MagSafe,149.99,https://cdna.pcpartpicker.com/static/forever/images/product/a3f27f747694bb57ce5cbe2926d06869.256p.jpg,In Ear,true,Yes,Yes,Closed,White,0
ADATA XPG PRECOG S,,https://cdna.pcpartpicker.com/static/forever/images/product/21d518ce4349afe5b15ff724356694de.256p.jpg,Circumaural,20 Hz - 20 kHz,Yes,No,Closed,Black,0
Adesso Xtream P600,69.98,https://cdna.pcpartpicker.com/static/forever/images/product/18b5633447a4ac6a02d329f83a3620d3.256p.jpg,Circumaural,20 Hz - 20 kHz,Yes,Yes,Closed,Black,0
Audio-Technica ATH-102USB,43.25,https://cdna.pcpartpicker.com/static/forever/images/product/24c54aeb56c587d07301f0a0416fa90e.256p.jpg,Supra-aural,20 Hz - 20 kHz,Yes,No,Closed,Black,0
Belkin SOUNDFORM Mini,,https://cdna.pcpartpicker.com/static/forever/images/product/12ab7530efdbf35e5171dde7ed7934b2.256p.jpg,Circumaural,true,Yes,Yes,Closed,Black,0
Creative Labs Sensemore Air,79.98,https://cdna.pcpartpicker.com/static/forever/images/product/3e95d9d2f5d19d1b363f24d1eb1f5b7e.256p.jpg,In Ear,20 Hz - 20 kHz,Yes,Yes,Closed,Black / Blue,0
Creative Labs Sound Blaster Blaze,,https://cdna.pcpartpicker.com/static/forever/images/product/ca0de6a6c186db9a6d4115d1e922842c.256p.jpg,Circumaural,20 Hz - 20 kHz,Yes,No,Closed,Black / Red,0
Targus iStore Classic Fit,22.65,https://cdna.pcpartpicker.com/static/forever/images/product/580887001519f4adccd793a3323b206a.256p.jpg,Earbud,true,Yes,No,Closed,Black,0
Kensington H1000,27.99,https://cdna.pcpartpicker.com/static/forever/images/product/07ce82febea5bb66c42ca7f343d361ab.256p.jpg,Supra-aural,20 Hz - 2 kHz,Yes,No,Closed,Black,0
Kensington H2000,98.99,https://cdna.pcpartpicker.com/static/forever/images/product/63ab9d8d3b2fad73a1ee1f3c206a469e.256p.jpg,Circumaural,20 Hz - 20 kHz,Yes,No,Closed,Black,0
Lenovo 4XD1K18260,37.92,https://cdna.pcpartpicker.com/static/forever/images/product/5d2f4686a9479b7a052a553b727496ae.256p.jpg,Supra-aural,20 Hz - 20 kHz,Yes,No,Closed,Black,0
Sennheiser MB 660 UC MS,,Circumaural,Circumaural,true,Yes,Yes,Closed,Black / Silver,0
Mad Catz F.R.E.Q. 2,35.34,https://cdna.pcpartpicker.com/static/forever/images/product/df90ee0f287781378aa0c3b4c9b805f9.256p.jpg,Circumaural,20 Hz - 20 kHz,Yes,No,Closed,Black,0
Rosewill SAROS C740S,29.99,https://cdna.pcpartpicker.com/static/forever/images/product/c869df385c1930f5b95e17b75ed468a6.256p.jpg,Circumaural,20 Hz - 20 kHz,Yes,Yes,Closed,Black / Silver,0
ROCCAT Khan Pro,202.11,Circumaural,Circumaural,10 Hz - 40 kHz,Yes,No,Closed,Black,0
Mad Catz E.S. Pro+,,Earbud,Earbud,20 Hz - 20 kHz,Yes,No,Closed,Black,0
YEYIAN Tempest 2000,,Circumaural,Circumaural,20 Hz - 20 kHz,Yes,No,Closed,Black / Red,0
YEYIAN Vicious 3000,,https://cdna.pcpartpicker.com/static/forever/images/product/6840f5ce354edae1d8741002a3160f68.256p.jpg,Circumaural,20 Hz - 20 kHz,Yes,No,Closed,Black / Red,0
YEYIAN Proud 3500,39.99,https://cdna.pcpartpicker.com/static/forever/images/product/bab9f17d7348413296b5b33ed7fb5497.256p.jpg,Circumaural,20 Hz - 20 kHz,Yes,No,Closed,Black,0
YEYIAN YDG-33406,39.99,Circumaural,Circumaural,20 Hz - 20 kHz,Yes,No,Closed,White / Gray,0
GameStop GS100,,Circumaural,Circumaural,true,Yes,No,Closed,Black,0
GameStop GS220,41.96,https://cdna.pcpartpicker.com/static/forever/images/product/fc7d228b914109dbc02132138045cfd0.256p.jpg,Circumaural,true,Yes,No,Closed,Gray / Silver,0
GALAX HOF Maestro Matte,34.99,https://cdna.pcpartpicker.com/static/forever/images/product/3ac362c6d48640aada50df04864cdb11.256p.jpg,Circumaural,20 Hz - 20 kHz,Yes,No,Closed,Black,0
GALAX HOF Maestro Gloss,,https://cdna.pcpartpicker.com/static/forever/images/product/7ab810efec5e97127a269b9d31b89855.256p.jpg,Circumaural,20 Hz - 20 kHz,Yes,No,Closed,Black,0
Lenovo Legion H200,38.99,https://cdna.pcpartpicker.com/static/forever/images/product/b740ff553044b92d45abf1e53bd6f14a.256p.jpg,Circumaural,20 Hz - 20 kHz,Yes,No,Closed,Black,0
MCHOSE S9 Pro,,Circumaural,Circumaural,true,Yes,Yes,Closed,Black / Red,0
MCHOSE G9,,Circumaural,Circumaural,true,Yes,No,Closed,Black,0
MCHOSE G9 Pro,,Circumaural,Circumaural,true,Yes,Yes,Closed,Black,0
MCHOSE V9,,https://cdna.pcpartpicker.com/static/forever/images/product/5e715173b97d701e7ff855cefb2097a8.256p.jpg,Circumaural,true,Yes,Yes,Closed,Black / Red,0
Audeze LCD-S20,,,Circumaural,10 Hz - 40 kHz,No,No,Closed,Silver / Black,0
ROCCAT Elo X Stereo,,,Circumaural,20 Hz - 2 kHz,Yes,No,Closed,Black,0
ENDORFY Viro Onyx White,45.05,https://cdna.pcpartpicker.com/static/forever/images/product/4ec0c50b0ed0001a686478238245087c.256p.jpg,Circumaural,20 Hz - 2 kHz,Yes,No,Closed,White,0
Bang & Olufsen Beoplay H100,2200,Circumaural,10,40,true,true,Closed,Beige / Gold,,
Razer Electra Essential Gaming & Music Headset,,Circumaural,25,16,true,false,Closed,Black,,