name,price,image,style,backlit,connection_type,color,switch_type,tenkeyless,rating
Redragon K552,49.1,Gaming,Gaming,Red,Wired,Black,Outemu Blue,Yes,4.5
Logitech K120,24.42,https://cdna.pcpartpicker.com/static/forever/images/product/acaf1664d5bee7d6eaca0eeab94a3aff.256p.jpg,Standard,None,Wired,Black,Black,No,4
Redragon K582 SURARA,49.99,Gaming,Gaming,RGB,Wired,Black,Outemu Red,No,4.5
Razer Huntsman V3 Pro,172.56,https://cdna.pcpartpicker.com/static/forever/images/product/cd5579d337b2519193ac2930a6641c32.256p.jpg,Gaming,RGB,Wired,Black,Razer Analog Optical Switch Gen-2,Yes,5
Asus ROG Azoth Extreme,540.41,Gaming,Gaming,RGB,Wired, Wireless, Bluetooth Wireless,Black,ROG NX Snow,Yes,0
Razer Huntsman Mini,78.94,https://cdna.pcpartpicker.com/static/forever/images/product/1411d2ffe69ca84f0c740ee5d0df4a0e.256p.jpg,Mini,RGB,Wired,White,Razer Purple Optical Clicky,Yes,4.5
Corsair K65 PLUS,173.26,https://cdna.pcpartpicker.com/static/forever/images/product/b034fa9668fb7ffb8938abb5cb026afd.256p.jpg,Gaming,RGB,"Wired, Wireless",Black,Corsair MLX Red Linear,Yes,4.5
SteelSeries Apex 3 TKL RGB,55.62,Gaming,Gaming,RGB,Wired,Black,Black,Yes,4
Microsoft WTA-00001,909.36,Ergonomic,Ergonomic,None,Wireless,Black / Silver,Black / Silver,No,0
Logitech G413 SE,62.77,https://cdna.pcpartpicker.com/static/forever/images/product/d0d7c6853ed9714b67e0f139164be210.256p.jpg,Gaming,White,Wired,Black,Kailh LT Brown,Yes,4.5
Asus ROG Strix Scope II 96,173.39,https://cdna.pcpartpicker.com/static/forever/images/product/3feedf17fef852f22241b1f3797e5404.256p.jpg,Gaming,RGB,"Wired, Wireless, Bluetooth Wireless",Black,ROG NX Snow,No,5
SteelSeries Apex Pro Gen 3,279,https://cdna.pcpartpicker.com/static/forever/images/product/fdc5104860be52547f35e4fdc377061a.256p.jpg,Gaming,RGB,"Wired, Wireless, Bluetooth Wireless",Black,OmniPoint 3.0,Yes,0
Wooting Two HE,,Gaming,Gaming,RGB,Wired,Black,Lekker linear60,No,4
Corsair Galleon 100 SD,310.27,https://cdna.pcpartpicker.com/static/forever/images/product/3628e7432efec4a3fd9804055027620d.256p.jpg,Gaming,RGB,Wired,Black,Corsair MLX PULSE,No,5
Logitech PRO X,179.95,https://cdna.pcpartpicker.com/static/forever/images/product/129d4f938d97bffb7d520cb07439e29c.256p.jpg,Gaming,RGB,Wired, Wireless, Bluetooth Wireless,White,Logitech GX Brown Tactile,Yes,5
HP HyperX Alloy Core,61.97,https://cdna.pcpartpicker.com/static/forever/images/product/bf808ec87400505de7245845b3131047.256p.jpg,Gaming,RGB,Wired,Black,Black,No,4.5
G.Skill KM360,64.01,https://cdna.pcpartpicker.com/static/forever/images/product/ae92350f8cd861ba22f97c0e5ae81594.256p.jpg,Standard,White,Wired,White,Cherry MX Red,Yes,4.5
Logitech G19,,Standard,Standard,Multicolor,Wired,Black,Black,No,4
Logitech G915 X LIGHTSPEED,228.46,https://cdna.pcpartpicker.com/static/forever/images/product/29b6a8a9fb71ca7312be089a2dec4b90.256p.jpg,Gaming,RGB,"Wired, Wireless, Bluetooth Wireless",Black,Logitech Low-Profile GL Linear,No,0
Keychron K2 HE,129.99,https://cdna.pcpartpicker.com/static/forever/images/product/57eab280789039bba751310b8a4ed755.256p.jpg,Standard,RGB,Wired, Wireless, Bluetooth Wireless,Black / Green,Gateron Magnetic Nebula,Yes,5
Razer DeathStalker V2 Pro,215.12,https://cdna.pcpartpicker.com/static/forever/images/product/9c9ea69b519af6bcf2921e2a58c0bd3e.256p.jpg,Gaming,RGB,Wireless,Black,Razer Purple Low-Profile Optical Clicky,No,0
Razer BlackWidow V4 Pro,225.99,https://cdna.pcpartpicker.com/static/forever/images/product/30cbafebd33206576dd6767d027b2904.256p.jpg,Gaming,RGB,Wired,Black,Razer Green,No,5
Asus ROG Azoth,194.99,https://cdna.pcpartpicker.com/static/forever/images/product/ebe9d8b33716a401bcf7262dfa2c443a.256p.jpg,Mini,RGB,"Wired, Wireless, Bluetooth Wireless",Black,ROG NX Red,Yes,4
Razer Huntsman V3 Pro Mini,129,https://cdna.pcpartpicker.com/static/forever/images/product/7389c960da44c9bbaf75d605af7ced5a.256p.jpg,Mini,RGB,Wired,Black,Razer Analog Optical Switch Gen-2,Yes,4.5
Corsair K55 RGB PRO,53.99,https://cdna.pcpartpicker.com/static/forever/images/product/f66216029324d857133e02628d00820c.256p.jpg,Gaming,Multicolor,Wired,Black,Black,No,4
Logitech G515 LIGHTSPEED,126.54,https://cdna.pcpartpicker.com/static/forever/images/product/e770353e55eb0fa57fa58c29787216e9.256p.jpg,Gaming,RGB,"Wired, Wireless, Bluetooth Wireless",Black,GL Tactile V2,Yes,4
Logitech G PRO,117.9,https://cdna.pcpartpicker.com/static/forever/images/product/96e3def1b7fcf2eb901c7dd3206b4e09.256p.jpg,Gaming,RGB,Wired,Black,GX Blue,Yes,4.5
Corsair K70 CORE,87.64,https://cdna.pcpartpicker.com/static/forever/images/product/ecf2021ea3d3aeef34e51e3a4916f8d6.256p.jpg,Gaming,RGB,Wired,Black,Corsair MLX Red Linear,No,4
RK Royal Kludge RK61,69.4,Mini,Mini,White,Wired, Wireless, Bluetooth Wireless,White,RK Blue,Yes,4.5
SteelSeries Apex 3,34.99,https://cdna.pcpartpicker.com/static/forever/images/product/69b68ff30cef663ce7b853c96897bcc9.256p.jpg,Gaming,RGB,Wired,Black,Black,Yes,0
Keychron K2 HE Special Edition,,https://cdna.pcpartpicker.com/static/forever/images/product/24f25a06069fbf812c3a5772793feb05.256p.jpg,Standard,RGB,"Wired, Wireless, Bluetooth Wireless",Black / Brown,Gateron Magnetic Nebula,Yes,4
MSI FORGE GK110,19.99,https://cdna.pcpartpicker.com/static/forever/images/product/cf7945af1de589f03cf393bbe845d519.256p.jpg,Gaming,RGB,Wired,Black / Gray,,No,0
Corsair K100 RGB,179.99,https://cdna.pcpartpicker.com/static/forever/images/product/ae1d907d41a3e8795673075ec18e30b8.256p.jpg,Gaming,RGB,Wired,Black,Corsair OPX,No,4.5
Keychron V1 Max,99.99,https://cdna.pcpartpicker.com/static/forever/images/product/09e2f4d8830109aac43862dac86507d3.256p.jpg,Mini,None,Wired, Wireless, Bluetooth Wireless,Black / Blue,Gateron Jupiter Red,Yes,0
Logitech G213 PRODIGY,47.97,https://cdna.pcpartpicker.com/static/forever/images/product/803e0625e74ef91fa969fb1592b6d276.256p.jpg,Gaming,RGB,Wired,Black,Black,No,4
Asus ROG Azoth 96 HE,,https://cdna.pcpartpicker.com/static/forever/images/product/616e2160056322efa8af067158ce5711.256p.jpg,Gaming,RGB,"Wired, Wireless, Bluetooth Wireless",Black,ROG HFX V2,No,5
SteelSeries Apex Pro,210.3,https://cdna.pcpartpicker.com/static/forever/images/product/0376b9aea4f29549508d1c1eadbc7478.256p.jpg,Gaming,RGB,Wired,Black,OmniPoint Adjustable,No,4.5
8BitDo Retro N,89.99,Gaming,Gaming,None,Wired, Wireless, Bluetooth Wireless,White / Gray,Kailh Box White V2,Yes,5
Cooler Master SK620,41.31,https://cdna.pcpartpicker.com/static/forever/images/product/882baf4465f5452bb4df5e89d5284467.256p.jpg,Gaming,RGB,Wired,Silver / White,TTC Blue,Yes,0
Asceny One,19.98,Mini,Mini,RGB,Wired,Black,Gateron Blue Optical,Yes,0
Logitech Wireless Combo MK270,22.99,https://cdna.pcpartpicker.com/static/forever/images/product/ceb279dd38b20ba0a19c18f3f97b71c0.256p.jpg,Standard,None,Wireless,Black,Black,No,4
Logitech G512 CARBON,119.99,https://cdna.pcpartpicker.com/static/forever/images/product/1a525a36dddf414c304459fbabd2bcf7.256p.jpg,Gaming,RGB,Wired,Black,GX Brown,No,5
HP HyperX Alloy Origins Core,125.99,https://cdna.pcpartpicker.com/static/forever/images/product/4fe6f6296e3796f6e84b68b599956887.256p.jpg,Gaming,RGB,Wired,Black,HyperX Red,Yes,4.5
Kinesis Gaming KB600,379,Ergonomic,Ergonomic,None,Wired,Black / Blue,Cherry MX Brown,Yes,5
Redragon DEVARAIAS K556 RGB,59.99,Gaming,Gaming,RGB,Wired,Black,Outemu Brown,No,4.5
Logitech MX KEYS S,129.99,https://cdna.pcpartpicker.com/static/forever/images/product/72e0048807cc7e1db08fb95b74beaa13.256p.jpg,Standard,None,Wired, Wireless, Bluetooth Wireless,Black,Black,No,4
Logitech PRO X RAPID,160.49,https://cdna.pcpartpicker.com/static/forever/images/product/3ab36cac8bb921feca37738269d516f2.256p.jpg,Gaming,RGB,Wired,White,Logitech Magnetic Analog,Yes,0
Razer BlackWidow V3,67.99,https://cdna.pcpartpicker.com/static/forever/images/product/01c9c1a28c3be5db6c2686004d48ff1a.256p.jpg,Gaming,RGB,Wired,Black,Razer Yellow,Yes,4.5
Razer Ornata V3 X,81.32,https://cdna.pcpartpicker.com/static/forever/images/product/485b5e2124c3e396452a81bc5e3cef06.256p.jpg,Gaming,RGB,Wired,Black,Black,No,3
SteelSeries Apex Pro TKL (2023),213.35,https://cdna.pcpartpicker.com/static/forever/images/product/ad8f24f78ea5f9e2f2081eb233123fef.256p.jpg,Gaming,RGB,"Wired, Wireless, Bluetooth Wireless",Black,SteelSeries OmniPoint 2.0,Yes,0
Keychron C3 Pro,44.99,https://cdna.pcpartpicker.com/static/forever/images/product/b44bf2b922ae802bb979860274149817.256p.jpg,Standard,Red,Wired,Black / Red,Keychron K Pro Red,Yes,0
Keychron Q5 HE QMK,249.99,https://cdna.pcpartpicker.com/static/forever/images/product/e1a3e685fc066370888824d452987e07.256p.jpg,Standard,RGB,Wired, Wireless, Bluetooth Wireless,Black / White,Gateron Magnetic Nebula,No,4
Corsair K70 RGB PRO,310.91,https://cdna.pcpartpicker.com/static/forever/images/product/b6afd1fce7c42526283d43ca681d0ea7.256p.jpg,Gaming,RGB,Wired,White,Corsair OPX,No,0
Corsair K100 AIR Wireless,357.36,https://cdna.pcpartpicker.com/static/forever/images/product/b4064fb48bbf543bb4508b8563916bfd.256p.jpg,Gaming,RGB,"Wired, Wireless, Bluetooth Wireless",Black,Cherry MX Ultra Low Profile Tactile,No,2
Keychron C2 Pro 8K,,https://cdna.pcpartpicker.com/static/forever/images/product/8ce210fefd200bb6996257c267f4039f.256p.jpg,Standard,RGB,Wired,Beige,Keychron Super Brown,No,4
SteelSeries Apex Pro Mini Gen 3,,https://cdna.pcpartpicker.com/static/forever/images/product/e3658076bcf677f46111f7258744923c.256p.jpg,Mini,RGB,Wired,Black,OmniPoint 2.0,Yes,0
Razer BlackWidow V3 Mini HyperSpeed - Phantom Edition,99.99,https://cdna.pcpartpicker.com/static/forever/images/product/6c655532c5a773785504c0931d1e36c5.256p.jpg,Gaming,RGB,"Wired, Wireless, Bluetooth Wireless",Black,Razer Green,Yes,5
Redragon K512 SHIVA RGB,27.99,Gaming,Gaming,RGB,Wired,Black,Black,No,4.5
Wooting One,,https://cdna.pcpartpicker.com/static/forever/images/product/5a12a9028eba52530011d1c6cbe1dcd3.256p.jpg,Gaming,RGB,Wired,Black,Flaretech Red,Yes,4
Logitech K400 Plus,34.99,https://cdna.pcpartpicker.com/static/forever/images/product/e4ae9a96bfea2929ab98e71c4448e239.256p.jpg,Mini,None,Wireless,Black / Yellow,Black / Yellow,Yes,3.5
Corsair K70 CORE TKL,100.61,https://cdna.pcpartpicker.com/static/forever/images/product/7567b43773e08237f553bc6f0e68f674.256p.jpg,Gaming,RGB,Wired,Black,Corsair MLX Red V2 Linear,Yes,0
Keychron Q6 Max QMK/VIA,232.99,Standard,Standard,RGB,Wired, Wireless, Bluetooth Wireless,Black / White,Gateron Jupiter Banana,No,0
Asus TUF Gaming K3 Gen II Hatsune Miku Edition,95.47,Gaming,Gaming,RGB,Wired,Teal / White,ROG RX Red Optical,Yes,4.5
Logitech G715,180.99,https://cdna.pcpartpicker.com/static/forever/images/product/39254d26603516d14b0bb0de63308e8e.256p.jpg,Gaming,RGB,Wired, Wireless, Bluetooth Wireless,White,GX Brown,Yes,4
Corsair VANGUARD PRO 96,186.65,https://cdna.pcpartpicker.com/static/forever/images/product/eade3a3ee826ab3bf5ce3057eb154b4e.256p.jpg,Gaming,RGB,Wired,Black,Corsair MGX HYPERDRIVE,No,0
Logitech K120 - UK Layout,12.95,https://cdna.pcpartpicker.com/static/forever/images/product/a5cb2621ced8abb54ef8c031486febcb.256p.jpg,Standard,None,Wired,Black,Black,No,4
SteelSeries Apex 100,46.88,Gaming,Gaming,Blue,Wired,Black,Black,No,5
Corsair K55 CORE RGB,55.6,https://cdna.pcpartpicker.com/static/forever/images/product/6e260d50094a5cbbd42b7d9f3ba9c2c8.256p.jpg,Gaming,RGB,Wired,Black,Black,No,0
Corsair VANGUARD AIR 99,,https://cdna.pcpartpicker.com/static/forever/images/product/b07e9082134e8fb76e24ffb5365087a8.256p.jpg,Slim,RGB,"Wired, Wireless, Bluetooth Wireless",White,Corsair OPX,No,0
Razer BlackWidow V4 Pro 75%,299.99,https://cdna.pcpartpicker.com/static/forever/images/product/badd278d93213a2e2aaa335363eda0ae.256p.jpg,Mini,RGB,Wireless, Bluetooth Wireless,Black,Razer Gen-3 (Tactile),Yes,5
Keychron K10,84.99,https://cdna.pcpartpicker.com/static/forever/images/product/dbebddb782ce93a51c5db1ee4fd57eb9.256p.jpg,Standard,RGB,Wired, Bluetooth Wireless,Gray / Black,Gateron G Pro Blue,No,0
Logitech G915 LIGHTSPEED TKL,161.8,https://cdna.pcpartpicker.com/static/forever/images/product/1adbba9a7ec24cb06fe03755cfdfb43a.256p.jpg,Gaming,RGB,"Wired, Wireless, Bluetooth Wireless",Black,Logitech Low-Profile GL Tactile,Yes,0
Keychron Lemokey P1 HE Knob,169.99,https://cdna.pcpartpicker.com/static/forever/images/product/f48eec4993b9ac89105a6d259f1aa507.256p.jpg,Gaming,RGB,Wireless, Bluetooth Wireless,Black,Gateron Magnetic Nebula,Yes,0
Razer Ornata V3,65.47,https://cdna.pcpartpicker.com/static/forever/images/product/07023085250f7bd0c2ece908e343badb.256p.jpg,Gaming,RGB,Wired,Black,Black,Yes,5
Razer BlackWidow V4 75%,134.86,https://cdna.pcpartpicker.com/static/forever/images/product/c1f66a673ddcc56cfc2a9c583b3724db.256p.jpg,Mini,RGB,Wired,White,Razer Orange,Yes,5
Ducky Zero 6108 Classic,254.25,Standard,Standard,RGB,Wired, Wireless, Bluetooth Wireless,Black,Cherry MX2A Blue,No,0
Logitech MK120,17.49,https://cdna.pcpartpicker.com/static/forever/images/product/fcec8ebbad40e7d2f1d323f59d7ac091.256p.jpg,Slim,None,Wired,Black,Black,No,4
HP 150,12.99,https://cdna.pcpartpicker.com/static/forever/images/product/0a805b6f3bce942dde36818513ccf9b4.256p.jpg,Standard,None,Wired,Black,Black,No,0
MCHOSE G75 PRO,,https://cdna.pcpartpicker.com/static/forever/images/product/e597a9442d22911121b3741b145e188f.256p.jpg,Gaming,RGB,"Wired, Wireless, Bluetooth Wireless",Black,Huano Matcha Latte V2,Yes,0
Asus TUF Gaming K3 Gen II,74.48,https://cdna.pcpartpicker.com/static/forever/images/product/db5cbdc731758c0a3a668d3607ae90a0.256p.jpg,Gaming,RGB,Wired,Black,ROG RX Red Optical,Yes,0
MCHOSE Ace68 E-sport,,Gaming,Gaming,RGB,Wired,White,Outemu Ice Blue Magnetic,Yes,0
Asus ROG Falchion RX,109.99,https://cdna.pcpartpicker.com/static/forever/images/product/e18208f6a8b1a2b7b4d37cb821db64b7.256p.jpg,Slim,RGB,"Wired, Wireless, Bluetooth Wireless",White,ROG RX Red Optical,Yes,0
Corsair K70 PRO TKL PBT,179.99,https://cdna.pcpartpicker.com/static/forever/images/product/6f18d30fe65c06a5863e3385caa2835d.256p.jpg,Gaming,RGB,Wired,White,Corsair MGX V2,Yes,0
IOGEAR KORONA KORE II,36.57,https://cdna.pcpartpicker.com/static/forever/images/product/f3022286c90663a9b5e946a4d678f199.256p.jpg,Gaming,RGB,Wired,Black,Black,No,0
Asus ROG Strix Morph,134.99,https://cdna.pcpartpicker.com/static/forever/images/product/cc8515381559461438e6da2e5c2fe160.256p.jpg,Gaming,RGB,"Wired, Wireless, Bluetooth Wireless",Black,ROG NX Snow V2,No,0
Razer Blackwidow V3 - Quartz,139.99,https://cdna.pcpartpicker.com/static/forever/images/product/4a03f305885033c731e9dd7888368f04.256p.jpg,Gaming,RGB,Wired,Pink,Razer Green,No,5
Lenovo 300,27.28,https://cdna.pcpartpicker.com/static/forever/images/product/c5751dd9e5e24540155f531d21c8061a.256p.jpg,Slim,None,Wired,Black,Black,No,0
MSI Vigor GK30,98.1,https://cdna.pcpartpicker.com/static/forever/images/product/1207581d057402b305e5f27ccc530511.256p.jpg,Gaming,RGB,Wired,White,White,No,5
Keychron K10 Pro QMK/VIA,114.99,Standard,Standard,RGB,Wired, Bluetooth Wireless,Black / Gray,Keychron K Pro Brown,No,5
Logitech MX Mechanical,137.48,https://cdna.pcpartpicker.com/static/forever/images/product/45b0317939c539160d3300b4903abf77.256p.jpg,Slim,White,Wireless,Gray / Black,Kailh Choc V2 Brown,No,5
Corsair K55 RGB,197.71,https://cdna.pcpartpicker.com/static/forever/images/product/022f3a972f3755b777cc7b640170bad0.256p.jpg,Gaming,RGB,Wired,Black,Black,No,4
Logitech K800,410.35,https://cdna.pcpartpicker.com/static/forever/images/product/312543121dfbd6be1fb26bce82ee3eba.256p.jpg,Slim,White,Wireless,Black,Black,No,4.5
Razer Huntsman V2 Analog,186.4,https://cdna.pcpartpicker.com/static/forever/images/product/102b78834873702e6a6f5de75a1dab27.256p.jpg,Gaming,RGB,Wired,Black,Razer Analog Optical,No,4.5
be quiet! Dark Mount,224.99,https://cdna.pcpartpicker.com/static/forever/images/product/9e7a3a8e1e57d61078338ffba120d6e2.256p.jpg,Gaming,RGB,Wired,Black,be quiet! Silent Black Tactile,No,0
SteelSeries Apex 7,141.03,https://cdna.pcpartpicker.com/static/forever/images/product/3da4e9ef409ec972eed5abf1462260c5.256p.jpg,Gaming,RGB,Wired,Black,SteelSeries QX2 Red,No,5
Adesso Multimedia Desktop Keyboard,21.47,https://cdna.pcpartpicker.com/static/forever/images/product/d21a8748e99292bfd5443aad23519150.256p.jpg,Standard,None,Wired,Black,Black,No,0
Dell KB216,21.99,https://cdna.pcpartpicker.com/static/forever/images/product/4e48b900fba468014200a2f15199ed6f.256p.jpg,Slim,None,Wired,Black,Black,No,3.5
Keychron C2,78.98,Standard,Standard,White,Wired,Black / White,Gateron G Pro Brown,No,0
Corsair K65 RGB MINI,54.99,https://cdna.pcpartpicker.com/static/forever/images/product/2430c6c88b4c8f50d9f5140c1b1b7465.256p.jpg,Mini,RGB,Wired,White,Cherry MX Speed Silver,Yes,5
Logitech G915 Lightspeed,299.5,https://cdna.pcpartpicker.com/static/forever/images/product/6fcf0d7a82fa8a091e621fa0b7befef0.256p.jpg,Gaming,RGB,"Wireless, Bluetooth Wireless",Black,Logitech GL Clicky,No,0
Tecware Phantom RGB,39.99,https://cdna.pcpartpicker.com/static/forever/images/product/bcb15a0e2da50d090f9795d21ab49842.256p.jpg,Gaming,RGB,Wired,Black,Outemu Red,Yes,4.5
SteelSeries Apex Pro Mini,154.99,https://cdna.pcpartpicker.com/static/forever/images/product/564d04eabd3402a25798da78745be6b7.256p.jpg,Gaming,RGB,Wired,Black,SteelSeries OmniPoint 2.0,Yes,0
Keychron Q6 HE 8K,,,Standard,RGB,"Wired, Wireless, Bluetooth Wireless",Black / Blue,Keychron Ultra-Fast Lime Magnetic,No,0
8BitDo Retro C64,109.99,Gaming,Gaming,None,Wired, Wireless, Bluetooth Wireless,Brown / Beige,Kailh Box White V2,Yes,0
HP 320K,28,https://cdna.pcpartpicker.com/static/forever/images/product/90d7559b6f3520659980fc512df76fe5.256p.jpg,Standard,None,Wired,Black,Black,No,0
Keychron Q1 HE QMK PBT,232.99,Standard,Standard,RGB,Wired, Wireless, Bluetooth Wireless,Black / White,Gateron Magnetic Nebula,Yes,0
NZXT Function 2,131.18,https://cdna.pcpartpicker.com/static/forever/images/product/d6f383380d370f4004a0fefcfcb36205.256p.jpg,Gaming,RGB,Wired,Black,NZXT Swift Optical 40g,No,5
Corsair K70 CORE w/Palmrest,112.85,https://cdna.pcpartpicker.com/static/forever/images/product/4182d840b58296b57583e59abd2d2b00.256p.jpg,Gaming,RGB,Wired,Black,Corsair MLX Red Linear,No,0
Logitech PRO X 60,173.16,https://cdna.pcpartpicker.com/static/forever/images/product/e4b058dbaaed84eb3a14e9c829d0ed1f.256p.jpg,Mini,RGB,"Wired, Wireless, Bluetooth Wireless",White,Logitech GX Brown Tactile,Yes,0
iBuypower Chimera KM7 RGB,35,https://cdna.pcpartpicker.com/static/forever/images/product/9f9c2b25c8c754f65db40ae167a378b2.256p.jpg,Gaming,RGB,Wired,Black,Black,No,5
Keychron C1 Pro V1,,Standard,Standard,White,Wired,Black / Gray,Keychron K Pro Red,Yes,0
Logitech G110,,Standard,Standard,Multicolor,Wired,Black,Black,No,4.5
Razer Tartarus Pro,129,https://cdna.pcpartpicker.com/static/forever/images/product/1b8bcf5c03e6784c9175d9e9821a8705.256p.jpg,Ergonomic,RGB,Wired,White / Gray,Razer Red Optical Linear,Yes,5
SteelSeries Apex 5,92.99,https://cdna.pcpartpicker.com/static/forever/images/product/c9898907bdbc38417966c587f25d7e83.256p.jpg,Gaming,RGB,Wired,Black,Black,No,4.5
Razer BlackWidow V4 X,108.98,https://cdna.pcpartpicker.com/static/forever/images/product/216c097f15fe00ae96a511f56ce2b195.256p.jpg,Gaming,RGB,Wired,Black,Razer Green,No,0
Logitech G915 TKL,131.99,https://cdna.pcpartpicker.com/static/forever/images/product/086c9a46a423cb5a1c4b71164b5d8a16.256p.jpg,Gaming,RGB,Wired, Wireless, Bluetooth Wireless,Black,GL Tactile,Yes,4.5
Targus AKB30AMUS,,Standard,Standard,None,Wired,Black,Black,No,0
EagleTec KG011,22.99,Gaming,Gaming,Blue,Wired,White,Outemu Blue,No,4.5
Logitech MK470,31.74,https://cdna.pcpartpicker.com/static/forever/images/product/30c447538cd96e88e0524b5496e40dd2.256p.jpg,Slim,None,Wired, Wireless,Black / Gray,Black / Gray,No,4.5
Razer BlackWidow V4 Low-Profile HyperSpeed,168.04,https://cdna.pcpartpicker.com/static/forever/images/product/00e1233a040efd10f5214040edea1225.256p.jpg,Gaming,RGB,"Wired, Wireless, Bluetooth Wireless",Black,Razer Yellow Low-Profile Linear,No,0
Redragon K552-R KUMARA,,Gaming,Gaming,RGB,Wired,Black,Outemu Blue,Yes,4
Logitech G915 X,108.99,https://cdna.pcpartpicker.com/static/forever/images/product/dcef4ea7e9099f48cef7a7d3fbb2782e.256p.jpg,Gaming,RGB,Wired,Black,Logitech GL Tactile,No,0
Corsair K60 Pro,80.24,https://cdna.pcpartpicker.com/static/forever/images/product/edaa31aa0c1ce9164a9918668b90598b.256p.jpg,Gaming,RGB,Wired,Black,Corsair OPX,Yes,0
MCHOSE Ace 60 Pro,,https://cdna.pcpartpicker.com/static/forever/images/product/0929c881a5a7190f840a68dea1222447.256p.jpg,Gaming,RGB,Wired,Black,KTEK Magnetic,Yes,0
Thermaltake Commander Combo V2,120.44,https://cdna.pcpartpicker.com/static/forever/images/product/2c7da206491dde33d888d7837fe27525.256p.jpg,Gaming,Multicolor,Wired,Black,Black,No,3
Ducky ONE 3,113.99,https://cdna.pcpartpicker.com/static/forever/images/product/d9ed883f8ff0cbf81cd0eba732c0026c.256p.jpg,Gaming,RGB,Wired,White,Cherry MX Brown,No,0
Corsair Vengeance K70,,Gaming,Gaming,Red,Wired,Black,Cherry MX Red,No,4.5
SteelSeries Apex Pro Mini Wireless,215.13,https://cdna.pcpartpicker.com/static/forever/images/product/81125fd4792ca8c0a8e453d8c8ceef9b.256p.jpg,Gaming,RGB,"Wireless, Bluetooth Wireless",Black,SteelSeries OmniPoint 2.0,Yes,0
Tecware Phantom+ Elite,94.41,Gaming,Gaming,RGB,Wired, Wireless, Bluetooth Wireless,White / Gray,Tecware Wraith Red,Yes,0
Asus ROG Falchion Ace,170.49,https://cdna.pcpartpicker.com/static/forever/images/product/38e9bfd3e89182ca0cc5ab3b51302542.256p.jpg,Gaming,RGB,Wired,White,ROG NX Red,Yes,0
Redragon K580 VATA,59.99,Gaming,Gaming,RGB,Wired,Black,Outemu Blue,No,4
Corsair K95 RGB PLATINUM XT,596.82,Gaming,Gaming,RGB,Wired,Black,Cherry MX Blue,No,4.5
Logitech G213,59.99,Gaming,Gaming,RGB,Wired,Black,Black,No,4
Corsair VANGUARD 96,173.09,https://cdna.pcpartpicker.com/static/forever/images/product/fee2716f1da356761f06ce4d6c47c30b.256p.jpg,Gaming,RGB,Wired,Black,Corsair MLX FUSION,No,0
Aula SHIHUNZAN,,Gaming,Gaming,Blue,Wired,Black,Black,No,3.5
Keychron C1 Pro 8K,,https://cdna.pcpartpicker.com/static/forever/images/product/e2e6b3504832471982012e0d98dd6473.256p.jpg,Standard,RGB,Wired,Beige,Keychron Super Brown,Yes,5
HP HyperX Alloy Origins,135.49,https://cdna.pcpartpicker.com/static/forever/images/product/c009cb100ae3a1b216484f8db4a093e7.256p.jpg,Gaming,RGB,Wired,Black,HyperX Red,No,0
Verbatim 99779,30.75,https://cdna.pcpartpicker.com/static/forever/images/product/b9f6bf2df71ca247200255e775ca4c33.256p.jpg,Standard,None,Wireless,Black,Black,No,0
8BitDo Retro Fami,85.47,Gaming,Gaming,None,Wired, Wireless, Bluetooth Wireless,White / Red,Kailh Box White V2,Yes,5
Glorious GMMK,109.99,Gaming,Gaming,RGB,Wired,Black,Gateron Brown,No,4.5
Logitech G710 Plus,239.99,Gaming,Gaming,White,Wired,Black,Cherry MX Brown,No,4.5
GMMK Glorious Modular Mechanical Gaming Keyboard,176.48,Gaming,Gaming,RGB,Wired,Black,Gateron Brown,Yes,4.5
SteelSeries Apex Pro TKL,169.99,https://cdna.pcpartpicker.com/static/forever/images/product/9d5b06ebd9648f8658ef6f56cafd7c3d.256p.jpg,Gaming,RGB,Wired,Black,SteelSeries QX2 OmniPoint,Yes,4.5
WOBKEY Rainy 75 Pro,,,Standard,RGB,"Wired, Wireless, Bluetooth Wireless",Black,Kailh Cocoa,Yes,0
Logitech G610,145,https://cdna.pcpartpicker.com/static/forever/images/product/27590e4a44cc0e4e7a8c5182ca92d3b2.256p.jpg,Gaming,White,Wired,Black,Cherry MX Red,No,4.5
Verbatim 98121,21.53,https://cdna.pcpartpicker.com/static/forever/images/product/a2542ee822284adc9366d9149127dd5e.256p.jpg,Standard,None,Wired,Black,Black,No,0
Razer Ornata Chroma,298.61,https://cdna.pcpartpicker.com/static/forever/images/product/dc4b1f27294713e4d975953f58b9106b.256p.jpg,Gaming,RGB,Wired,Black,Black,No,4.5
HP HyperX Alloy Origins 60,73.25,https://cdna.pcpartpicker.com/static/forever/images/product/52e33ba0f8332f99afacf8b2204423fd.256p.jpg,Gaming,RGB,true,Black,HyperX Red,Yes,0
Logitech MX Keys Advanced,119.99,https://cdna.pcpartpicker.com/static/forever/images/product/7aea2705509181acdf88f70310d501ad.256p.jpg,Slim,White,Wireless,Black,Black,No,4.5
iBuypower MEK 4,55,https://cdna.pcpartpicker.com/static/forever/images/product/7e5a634c6fc8bc5d252b68c5572b413b.256p.jpg,Gaming,RGB,Wired,Black,Cherry MX Brown,No,0
Keychron Q6 HE QMK,189.99,https://cdna.pcpartpicker.com/static/forever/images/product/2890f83c3bf85f58d355632492249c93.256p.jpg,Standard,RGB,"Wired, Wireless, Bluetooth Wireless",Black / White,Gateron Magnetic Nebula,No,4
MCHOSE Jet75,,https://cdna.pcpartpicker.com/static/forever/images/product/f75a81932bd51b096525b188bcfdc72f.256p.jpg,Gaming,RGB,Wired,Black / Translucent Gray,Kailh Magnetic God,Yes,0
Keychron K4 V2,69.99,https://cdna.pcpartpicker.com/static/forever/images/product/bc299b9d5b76538380f98e5a10b55923.256p.jpg,Standard,RGB,"Wired, Bluetooth Wireless",Black / Gray,Gateron G Pro Brown,No,0
Logitech MK200,17.48,Slim,Slim,None,Wired,Black,Black,No,5
Corsair K65 60%,99.98,https://cdna.pcpartpicker.com/static/forever/images/product/15787b825ff6659a2a8661f54b3cd47f.256p.jpg,Mini,RGB,Wired,Black,Cherry MX Speed Silver,Yes,4.5
Razer Huntsman V2,112.15,Gaming,Gaming,RGB,Wired,Black,Razer Purple Optical Clicky,Yes,0
Razer BlackWidow V4,159.99,Gaming,Gaming,RGB,Wired,Black,Razer Yellow,No,2
Das Keyboard Model S Professional,266.57,https://cdna.pcpartpicker.com/static/forever/images/product/fd2183b29a351d6551a98200f2215337.med.256p.jpg,Standard,None,Wired,Black,Cherry MX Blue,No,4.5
Keychron K10 HE SE,,https://cdna.pcpartpicker.com/static/forever/images/product/238b90724b90e03d6996a029afa6b29d.256p.jpg,Standard,RGB,"Wired, Wireless, Bluetooth Wireless",White / Gold,Gateron Double-Rail Magnetic Nebula,No,0
HP Link-5,32.99,https://cdna.pcpartpicker.com/static/forever/images/product/8e25e9b3ff45932727ad9584e53c08fd.256p.jpg,Slim,None,Wireless,Black,Black,No,0
be quiet! Light Mount,109.99,https://cdna.pcpartpicker.com/static/forever/images/product/db0697aacd6c86c028cfe6a381b42a2b.256p.jpg,Gaming,RGB,Wired,Black,be quiet! Silent Black Tactile,No,0
Logitech G910 Orion Spectrum RGB,,https://cdna.pcpartpicker.com/static/forever/images/product/4807d8ce691377dec2646db4edfe169e.256p.jpg,Gaming,RGB,Wired,Black,Romer-G Tactile,No,4.5
Logitech K845,64.98,https://cdna.pcpartpicker.com/static/forever/images/product/1614e4890dc337c95b480fcd82c4bc7d.256p.jpg,Standard,White,Wired,Black,TTC Red,No,0
Womier SK75,109.99,Mini,Mini,RGB,Wired, Wireless, Bluetooth Wireless,Black,Womier Mint Blizzard Linear,No,0
Logitech K270,22.48,https://cdna.pcpartpicker.com/static/forever/images/product/9ef4916c13345af90e1682cb2aa5f3c3.256p.jpg,Standard,None,Wireless,Black,Black,No,3.5
Razer Cynosa Lite,,https://cdna.pcpartpicker.com/static/forever/images/product/7977bcbc81812da1ae3b2d6df1199aaa.256p.jpg,Gaming,RGB,Wired,Black,Black,No,1
Keychron V3 Max QMK/VIA,,https://cdna.pcpartpicker.com/static/forever/images/product/4abfe3f046af13c450d4bdc465e62113.256p.jpg,Standard,RGB,"Wired, Wireless, Bluetooth Wireless",Black / Blue,Gateron Jupiter Red,Yes,0
Corsair K70 RGB MK.2,416.44,https://cdna.pcpartpicker.com/static/forever/images/product/56fb9eb6b2096e15b3035c683e7f51a0.256p.jpg,Gaming,RGB,Wired,Black,Cherry MX Red,No,4.5
HP 230,18.99,https://cdna.pcpartpicker.com/static/forever/images/product/019bd8f51f3b9f4bc587a362124e3a27.256p.jpg,Standard,None,Wired, Wireless,Black,Black,No,0
Logitech Wave Keys,69.98,https://cdna.pcpartpicker.com/static/forever/images/product/ec2b93b4df70ada0500238ecb2172dbd.256p.jpg,Ergonomic,None,Wired, Wireless,Black,Black,No,5
Kensington Pro Fit,40.5,https://cdna.pcpartpicker.com/static/forever/images/product/5b57df11e8d32caa0d1b43dd46c2c5e4.256p.jpg,Standard,None,Wireless,Black,Black,No,0
Dell Alienware Pro,153.05,https://cdna.pcpartpicker.com/static/forever/images/product/0ea89853e37a1a37d9d6f55080904aa3.256p.jpg,Gaming,RGB,"Wired, Wireless, Bluetooth Wireless",Black,Alienware Linear,Yes,0
Ducky One X,,,Gaming,RGB,"Wired, Wireless, Bluetooth Wireless",Black,Ducky Inductive,No,0
Logitech G515 Rapid TKL,142.91,https://cdna.pcpartpicker.com/static/forever/images/product/3710f264e62ec55aba35d4b15c938c2b.256p.jpg,Gaming,RGB,Wired,Black,Logitech Low-Profile Magnetic Analog,Yes,0
Razer Blackwidow Ultimate 2013,251.66,Gaming,Gaming,Green,Wired,Black,Cherry MX Blue,No,4.5
Razer Cynosa Chroma,,https://cdna.pcpartpicker.com/static/forever/images/product/49e98fe98ed7fef6f0dd8f727d2208b2.256p.jpg,Gaming,RGB,Wired,Black,Black,No,4
Keychron Q1 Pro,,https://cdna.pcpartpicker.com/static/forever/images/product/85fbde09b4db6980a2e15a8a7e3107a6.256p.jpg,Standard,RGB,"Wired, Wireless, Bluetooth Wireless",Black,Keychron K Pro Red,Yes,5
Logitech MK295 Silent,25.59,https://cdna.pcpartpicker.com/static/forever/images/product/3b7c0e6f318aded4e19c289c9d678416.256p.jpg,Standard,None,Wired, Wireless,Black,Black,No,0
Microsoft Natural Desktop 7000,908.83,Ergonomic,Ergonomic,None,Wireless,Black / Silver,Black / Silver,No,0
Logitech G815 Lightsync RGB,109.99,https://cdna.pcpartpicker.com/static/forever/images/product/15f85faedb7ed8301801294bb7422109.256p.jpg,Gaming,RGB,Wired,Black,GL Clicky,No,4.5
MCHOSE Ace 60,,https://cdna.pcpartpicker.com/static/forever/images/product/68213bf9ad6c64591eb485769c27eb0b.256p.jpg,Gaming,RGB,Wired,Black,TTC Uranus Magnetic,Yes,5
Corsair K95 RGB PLATINUM,,https://cdna.pcpartpicker.com/static/forever/images/product/dc75fce1467cdd5517c562ac88a8f98d.256p.jpg,Gaming,RGB,Wired,Black,Cherry MX Speed Silver,No,4.5
Logitech G515,99.59,https://cdna.pcpartpicker.com/static/forever/images/product/260d4de99ea878c72103bcafabbd7f0c.256p.jpg,Gaming,RGB,Wired,Black,Logitech Low-Profile GL Tactile,Yes,0
Asus ROG Strix Scope,88.99,https://cdna.pcpartpicker.com/static/forever/images/product/641ac3d8891613afd926465eb332bc78.256p.jpg,Gaming,RGB,Wired,Wired,ROG RX Red Optical,No,5
Logitech G713,169.99,https://cdna.pcpartpicker.com/static/forever/images/product/93c81709de833ead92c1f7ce83e1917c.256p.jpg,Gaming,RGB,Wired,White,GX Blue,Yes,0
Logitech Signature MK650,64.98,https://cdna.pcpartpicker.com/static/forever/images/product/4ebe8a09c95151ee612e4154e6d4f1c6.256p.jpg,Standard,None,Wired, Wireless, Bluetooth Wireless,Black,Black,No,0
Razer Cynosa V2,209.92,https://cdna.pcpartpicker.com/static/forever/images/product/063c57d6978407fd72a27c58e8facc39.256p.jpg,Gaming,RGB,Wired,Black,Black,No,4.5
Corsair K70 RGB RAPIDFIRE,,https://cdna.pcpartpicker.com/static/forever/images/product/9984389102915b846f3226e1b6acf404.256p.jpg,Gaming,RGB,Wired,Black,Cherry MX Speed Silver,No,4.5
Ducky One 2 Mini,,https://cdna.pcpartpicker.com/static/forever/images/product/431e964f879241e7c8365527bdbdff88.256p.jpg,Standard,RGB,Wired,White / Black,Cherry MX Brown,Yes,4.5
Corsair K70 CORE SE RGB w/Palmrest,79.98,https://cdna.pcpartpicker.com/static/forever/images/product/9dd4daa4067431a8e38e69b3cc21f075.256p.jpg,Gaming,RGB,Wired,White / Gray,Corsair MLX Red Linear,No,5
Keychron Q6 Pro,219.99,Gaming,Gaming,RGB,Wired, Wireless, Bluetooth Wireless,White / Red,Keychron K Pro Brown,No,5
Rii RK100,23.47,Standard,Standard,Multicolor,Wired,Wired,,No,4.5
Corsair K70 MAX RGB US,249.99,https://cdna.pcpartpicker.com/static/forever/images/product/11637a97cfebe05fafe3bf5e7574d9ce.256p.jpg,Gaming,RGB,Wired,Black,Corsair MGX Steel Grey,No,4.5
Logitech Pebble 2,42.99,https://cdna.pcpartpicker.com/static/forever/images/product/80bf7869b0973a04890956e44d321012.256p.jpg,Standard,None,Wired, Wireless, Bluetooth Wireless,Pink,Black,Yes,5
SteelSeries Apex 9 TKL,151.81,https://cdna.pcpartpicker.com/static/forever/images/product/60f638e82f1f9d318d4d673f472dafc8.256p.jpg,Gaming,RGB,Wired,Black,SteelSeries OptiPoint Linear,Yes,4
Keychron Q6 Ultra 8K,,https://cdna.pcpartpicker.com/static/forever/images/product/568e248230dded3e1563eece76c9e06d.256p.jpg,Standard,RGB,"Wired, Wireless, Bluetooth Wireless",Black / Blue,Keychron Silk POM Brown,No,0
MSI VIGOR GK71 SONIC,,https://cdna.pcpartpicker.com/static/forever/images/product/96c6b2b522acc69afa7574b28c0f2378.256p.jpg,Gaming,RGB,Wired,Black,MSI Sonic Red,No,0
Logitech Signature K650,44.99,https://cdna.pcpartpicker.com/static/forever/images/product/33107eff674dda89d0cff6f466bf4b03.256p.jpg,Standard,None,Wireless, Bluetooth Wireless,Black,Black,No,0
Keychron K3 V2 Ultra-slim,107,Standard,Standard,White,Wired, Bluetooth Wireless,Black / Gray,Gateron Low-Profile Blue,Yes,0
ADATA XPG INFAREX K10,39.99,https://cdna.pcpartpicker.com/static/forever/images/product/8f8fdd2df4ed9d23cb2265e32c5de6ee.256p.jpg,Gaming,RGB,Wired,Black,Black,No,4
Corsair K70 PRO TKL ABS,150.91,https://cdna.pcpartpicker.com/static/forever/images/product/4ac512b3288c06a38ea880b9604d6dd8.256p.jpg,Gaming,RGB,Wired,Black,Corsair MGX V2,Yes,4
Turtle Beach Vulcan II TKL Pro,96.05,,Gaming,RGB,Wired,Black,Gateron KS-20 Magnetic White HE,Yes,0
Corsair CLIPPER PRO MINI 60,94.22,https://cdna.pcpartpicker.com/static/forever/images/product/109cc37a5b053b800c0ad38eb744a89d.256p.jpg,Gaming,RGB,"Wired, Wired",White / Gray,Corsair MGX HYPERDRIVE CORE,Yes,0
HP HyperX Alloy Rise 75,142.27,Gaming,Gaming,RGB,Wired,Black,HyperX Red,Yes,0
Logitech K830,457.86,https://cdna.pcpartpicker.com/static/forever/images/product/24cf3f79a64cad6be991efb591f78733.256p.jpg,Slim,White,Wireless,Black,Black,Yes,5
Keychron K10 HE,159.99,https://cdna.pcpartpicker.com/static/forever/images/product/2128bf8d2feb501b1d3cb75994f7bb2e.256p.jpg,Standard,RGB,"Wired, Wireless, Bluetooth Wireless",Black / Gold,Gateron Double-Rail Magnetic Nebula,No,0
Adesso AKB-137CB,111,https://cdna.pcpartpicker.com/static/forever/images/product/97238a890856987ba3f7321db4cab8b4.256p.jpg,Gaming,RGB,Wired,Black,Black,No,3
Razer TARTARUS V2,79.98,https://cdna.pcpartpicker.com/static/forever/images/product/58435028e535c1666deb7a18a7a46f50.256p.jpg,Ergonomic,RGB,Wired,Black,Black,Yes,4
Razer BlackWidow V3 Mini HyperSpeed,209.22,https://cdna.pcpartpicker.com/static/forever/images/product/862e8b36165056886768475f661de972.256p.jpg,Gaming,RGB,Wireless,Black,Razer Green,Yes,4.5
Keychron K2 Plastic,85,https://cdna.pcpartpicker.com/static/forever/images/product/efe882d44bc20334a1416552d892df52.256p.jpg,Standard,RGB,Wireless,Black / Gray,Gateron G Pro Red,Yes,0
Logitech MX KEYS MINI,106.99,https://cdna.pcpartpicker.com/static/forever/images/product/704075eec759f871962eab7036b2541c.256p.jpg,Mini,None,Wired, Wireless, Bluetooth Wireless,Silver,Gray,Yes,0
HP Slim,,https://cdna.pcpartpicker.com/static/forever/images/product/ae4b88b186cdfe2a2d417936e202f3f6.256p.jpg,Slim,None,Wireless,Black,Black,No,0
Keychron K5 Max,114.99,https://cdna.pcpartpicker.com/static/forever/images/product/4c684efcfe20c08b527a2969e71d3181.256p.jpg,Standard,RGB,false,Black / Gray,Gateron Low-Profile Red (Hot-Swappable),No,0
Logitech MX Mechanical Mini,102.9,https://cdna.pcpartpicker.com/static/forever/images/product/769fd6ff52abc89ff59c40adc34d0981.256p.jpg,Slim,White,Wireless,Wireless,Kailh Choc V2 Blue,Yes,5
Logitech Pedbble Keys 2 K380S,39.99,Standard,Standard,None,Bluetooth Wireless,Black,Black,Yes,0
Razer BlackWidow Lite,,https://cdna.pcpartpicker.com/static/forever/images/product/1dd94b1df9165afc70d52eb1c595d60e.256p.jpg,Gaming,White,Wired,Black,Razer Orange,Yes,4.5
Razer Huntsman Tournament Edition,,https://cdna.pcpartpicker.com/static/forever/images/product/db68a67434a6d6a647bae458e1dbd016.256p.jpg,Gaming,RGB,Wired,Black,Razer Red Optical Linear,Yes,4.5
Razer BlackWidow 2019,,Gaming,Gaming,RGB,Wired,Black,Razer Green,No,4.5
Keychron Q3 Max QMK/VIA,234.99,https://cdna.pcpartpicker.com/static/forever/images/product/ba4265c2e9b1269c63ab54d2ad8095fd.256p.jpg,Standard,RGB,Wired, Wireless, Bluetooth Wireless,Black / White,Gateron Jupiter Red,Yes,0
Asus TUF Gaming K1,111.28,Gaming,Gaming,RGB,Wired,Black,Black,No,0
Keychron K1 V5,,https://cdna.pcpartpicker.com/static/forever/images/product/3199e528714b9c9c62bcd25252637a71.256p.jpg,Standard,RGB,"Wired, Bluetooth Wireless",Black / Gray,Keychron Optical Red Low Profile,Yes,5
Logitech K585,49.99,https://cdna.pcpartpicker.com/static/forever/images/product/77d033a9f949a2e8dd6549a1b75cf9a1.256p.jpg,Slim,None,Wired, Wireless, Bluetooth Wireless,Black,Black,Yes,0
Logitech MX Keys,129.99,https://cdna.pcpartpicker.com/static/forever/images/product/cdde617051ed4b07d5f3ec10e9d6965f.256p.jpg,Slim,None,Wired, Wireless, Bluetooth Wireless,Black,Black,No,5
Asus ROG Strix Flare II Animate,,Gaming,Gaming,RGB,Wired,Black,ROG NX Red,No,5
IQUNIX ZX75 Dark Side,,Gaming,Gaming,RGB,Wired, Wireless, Bluetooth Wireless,Black,TTC Speed Silver,Yes,0
Keychron Q6 Max QMK/VIA (Side-Printed),,,Gaming,RGB,"Wired, Wireless, Bluetooth Wireless",Black / Red,Gateron Jupiter Brown,No,0
Asus ROG Falchion,127.7,https://cdna.pcpartpicker.com/static/forever/images/product/df53ab5d716666ba50c1d29b3681515c.256p.jpg,Gaming,RGB,"Wired, Wireless",Black,ROG NX Brown,Yes,0
Montech MK75DY,49.98,https://cdna.pcpartpicker.com/static/forever/images/product/cc1dc78c4e3adc6bf6d024f56c963ffe.256p.jpg,Mini,RGB,"Wired, Wireless, Bluetooth Wireless",Black,Gateron G Pro 3.0 Yellow,Yes,0
Logitech Alto Keys K98M,,https://cdna.pcpartpicker.com/static/forever/images/product/62296cc72e6200608af4ef1c690f36b6.256p.jpg,Standard,White,"Wired, Wireless, Bluetooth Wireless",Transparent / Black,Logitech Marble Linear,No,0
Ducky One 2 RGB TKL,104,https://cdna.pcpartpicker.com/static/forever/images/product/bfb8523f68fd1ab813abcce8d704ca8d.256p.jpg,Standard,None,Wired,Black,Cherry MX Red,Yes,0
HP HyperX Alloy FPS Pro,,Gaming,Gaming,Red,Wired,Black,Cherry MX Red,Yes,4.5
Logitech G613,69.98,https://cdna.pcpartpicker.com/static/forever/images/product/5ab9183eee9469ceac9dfb94986000fc.256p.jpg,Standard,None,Wireless,Black,Romer-G Tactile,No,4.5
Corsair K68,,Gaming,Gaming,Red,Wired,Black,Cherry MX Red,No,5
Razer BlackWidow Elite,,https://cdna.pcpartpicker.com/static/forever/images/product/a332db2d0c31a202132cf13e195e411f.256p.jpg,Gaming,RGB,Wired,Black,Razer Green,No,4.5
Redragon S113,,Gaming,Gaming,RGB,Wired,Black,Outemu Brown,Yes,4
Redragon K615 Elise,,Mini,Mini,RGB,Wired,Black,Outemu Blue Low Profile,Yes,5
NuPhy Air96 V2,,Mini,Mini,RGB,Wired, Wireless, Bluetooth Wireless,Black,Gateron Low-Profile Red 2.0,No,0
AUKEY KM-G12,,Gaming,Gaming,RGB,Wired,Black,Outemu Blue,No,4.5
Cherry MX 10.0N,116.04,https://cdna.pcpartpicker.com/static/forever/images/product/1294f0bbc9f81bec715ba696782ff5b1.256p.jpg,Slim,RGB,Wired,Black,Cherry MX Low Profile Speed Silver,No,0
Adesso EasyTouch 132,19.98,Standard,Standard,None,Wired,Black / Yellow,Black / Yellow,No,5
Verbatim 98111,17.94,https://cdna.pcpartpicker.com/static/forever/images/product/4b14a5807322d2c86500ee431e724536.256p.jpg,Standard,None,Wired,Black,Black,No,0
SteelSeries Apex 3 (2020),69.98,https://cdna.pcpartpicker.com/static/forever/images/product/62c16544fe696b7ef8dc4e514053d447.256p.jpg,Gaming,RGB,Wired,Black,Black,No,5
Aula BE FIRE SI-859,,Gaming,Gaming,Multicolor,Wired,Black,Black,No,5
RK Royal Kludge RK71,,Gaming,Gaming,RGB,Bluetooth Wireless,Black,RK Brown,Yes,5
Logitech ERGO K860,142.49,https://cdna.pcpartpicker.com/static/forever/images/product/2be2d4aa8c5d6e8fe2740e497dae7f16.256p.jpg,Ergonomic,None,Wired, Wireless, Bluetooth Wireless,Bluetooth Wireless,Black,No,0
Logitech MK235,24.99,https://cdna.pcpartpicker.com/static/forever/images/product/e993bc9b7bcb2a47e1d499284996ccb1.256p.jpg,Standard,None,Wireless,Black,Black,No,1
Logitech K780,59.99,https://cdna.pcpartpicker.com/static/forever/images/product/9f04960792757a156d0e0713d9494132.256p.jpg,Slim,None,Wireless,Black,Black,No,4.5
Logitech MK540 Advanced,58,https://cdna.pcpartpicker.com/static/forever/images/product/6ce85282d17d5499060bb0396e726e6e.256p.jpg,Standard,None,Wired, Wireless,Black,Black,No,5
Logitech MK320,25.99,https://cdna.pcpartpicker.com/static/forever/images/product/7fed2b2c5bb198ba1d97aff16e866eb1.256p.jpg,Standard,None,Wireless,Black,Black,No,4
Logitech POP Keys Cosmos,99.99,https://cdna.pcpartpicker.com/static/forever/images/product/dba9b7c418e6945268a5d7401dda9c95.256p.jpg,Mini,None,Wireless, Bluetooth Wireless,Purple,TTC Brown,Yes,0
Keychron K10 QMK V2 Hotswap,114.99,https://cdna.pcpartpicker.com/static/forever/images/product/4b46a2897f11200df5381f4f0c20277b.256p.jpg,Standard,RGB,"Wired, Bluetooth Wireless",Black,Keychron Super Red,No,0
Keychron K2 V2 Aluminum,95,https://cdna.pcpartpicker.com/static/forever/images/product/0844a97c65818081a3c9d5e6e01595b5.256p.jpg,Standard,RGB,Wireless,Black / Gray,Gateron G Pro Brown,Yes,0
Razer Pro Type Ultra - DE,159.99,https://cdna.pcpartpicker.com/static/forever/images/product/c59862c23b727511168f8e974d77f47a.256p.jpg,Standard,White,"Wired, Wireless, Bluetooth Wireless",White / Gray,Razer Yellow,No,0
Corsair K70 RGB MK.2 SE,,https://cdna.pcpartpicker.com/static/forever/images/product/c26efb3025bbacbf75cbaa018c8172e4.256p.jpg,Gaming,RGB,Wired,White / Silver,Cherry MX Speed Silver,No,4.5
Razer Ornata V2,,https://cdna.pcpartpicker.com/static/forever/images/product/e310159767a64284c97caf2777f5dd90.256p.jpg,Gaming,RGB,Wired,Black,Black,No,4.5
Corsair K65 RGB MINI Pink Elixir,,https://cdna.pcpartpicker.com/static/forever/images/product/6f0f91d9082319731a377fcac3da9d52.256p.jpg,Gaming,RGB,Wired,Pink / White,Cherry MX Speed Silver,Yes,0
Keychron Q1 QMK V2 Knob,169.99,https://cdna.pcpartpicker.com/static/forever/images/product/a9e530f1656f763fb107972ba0d0ffc8.256p.jpg,Mini,None,Wired,Black / Gray,Gateron G Pro Brown,Yes,0
Adesso AKB-160UB,29.99,https://cdna.pcpartpicker.com/static/forever/images/product/7d1b6a899dd1e1ce524301a39cbcd89e.256p.jpg,Ergonomic,None,Wired,Black,Black,No,0
Lenovo Legion K500 RGB,78,https://cdna.pcpartpicker.com/static/forever/images/product/11c64971a3d9d663ccd9650a9fe075a3.256p.jpg,Gaming,RGB,Wired,Black,Kailh Red,No,4
Redragon K585 DITI,45.99,https://cdna.pcpartpicker.com/static/forever/images/product/00fe28b33f2a82862288d17593bb9ba7.256p.jpg,Gaming,RGB,Wired,Black,Outemu Blue,No,0
AmazonBasics KU-0833 +MSU0939,17.95,https://cdna.pcpartpicker.com/static/forever/images/product/712bbd925b648e916b2cfea10380cbc5.med.256p.jpg,Standard,None,Wired,Black,Black,No,3.5
GameMax Pulse,,https://cdna.pcpartpicker.com/static/forever/images/product/b2715c2cc3345f179e77963d8c2cb574.256p.jpg,Gaming,Multicolor,Wired,Black,Black,No,5
SteelSeries Apex 7 TKL,99.99,https://cdna.pcpartpicker.com/static/forever/images/product/d5fdc5940b7a500341cfdc608fe2ebfb.256p.jpg,Gaming,RGB,Wired,Black,SteelSeries QX2 Red,Yes,4.5
Montech MKey,69.98,https://cdna.pcpartpicker.com/static/forever/images/product/50252bc29ae7f4ad486542616df81424.256p.jpg,Gaming,RGB,Wired,Teal / White,Gateron G Pro 2.0 Yellow,Yes,0
Corsair K70 PRO MINI,124.06,https://cdna.pcpartpicker.com/static/forever/images/product/c88572938972e8ef6ff1e1a9ff630e97.256p.jpg,Mini,RGB,"Wired, Wireless, Bluetooth Wireless",Black,Cherry MX Speed Silver,Yes,4.5
Logitech MK710,84.99,https://cdna.pcpartpicker.com/static/forever/images/product/3659ca49a17fcd0e9ab619d8a41a8efe.256p.jpg,Ergonomic,None,Wireless,Black,Black,No,3.5
Corsair STRAFE RGB,,Gaming,Gaming,RGB,Wired,Black,Cherry MX Red,No,4.5
Apple Magic,,https://cdna.pcpartpicker.com/static/forever/images/product/48cd7ed3f96d824b6afcc9ba9e5d8cc9.256p.jpg,Slim,None,Bluetooth Wireless,White,White,No,3.5
Razer Huntsman Elite,,https://cdna.pcpartpicker.com/static/forever/images/product/d9c41599add81aea61ed144a7443ac93.256p.jpg,Gaming,RGB,Wired,Black,Razer Purple,No,4.5
HP HyperX Alloy Elite 2,,https://cdna.pcpartpicker.com/static/forever/images/product/a4a573e7fc65ee148dfc7cb9461b540e.256p.jpg,Gaming,RGB,Wired,Black,HyperX Red,No,4.5
Keychron V6 QMK Knob,,Standard,Standard,None,Wired,Black,Keychron K Pro Brown,No,0
MSI FORGE TKL WIRELESS MLG EDITION,,https://cdna.pcpartpicker.com/static/forever/images/product/da2b2ea2f25444ccf3ff628c77e8b73d.256p.jpg,Gaming,RGB,"Wired, Wireless, Bluetooth Wireless",Red / Purple,KTT Purple Star,Yes,0
Cherry G80-3000LSCEU-2,124.91,https://cdna.pcpartpicker.com/static/forever/images/product/00ad2ca27586c4237e2ec7791e804a11.256p.jpg,Standard,None,Wired,Black,Cherry MX Blue,No,0
Logitech K400,49.99,https://cdna.pcpartpicker.com/static/forever/images/product/498d34a94c80524243b56353b5578117.256p.jpg,Slim,None,Wireless,Black,Black,Yes,4
Keychron K2 HE Special Edition ISO,133.99,Standard,Standard,RGB,Wired, Wireless, Bluetooth Wireless,Black / Brown,Gateron Magnetic Nebula,Yes,0
Logitech G105,252.66,Gaming,Gaming,Blue,Wired,Black,Black,No,4.5
Zalman ZM-K400G,19.98,Gaming,Gaming,Multicolor,Wired,Black,Black,No,3.5
Logitech MK335,39.99,Standard,Standard,None,Wired, Wireless,Black,Black,No,0
Microsoft 21Y-00001,38.04,Mini,Mini,None,Wired, Wireless, Bluetooth Wireless,Black,Black,Yes,0
ENDORFY Thock,66.98,Gaming,Gaming,RGB,Wired, Wireless, Bluetooth Wireless,Black,Kailh Box Red,Yes,0
NZXT Function MiniTKL,,https://cdna.pcpartpicker.com/static/forever/images/product/07d5e458b02b2690e702399931620392.256p.jpg,Gaming,RGB,Wired,Black,Gateron Red,Yes,5
Corsair K65 PRO MINI,94.09,https://cdna.pcpartpicker.com/static/forever/images/product/501b25a67323b63c50401b22cea753de.256p.jpg,Gaming,RGB,true,Black,Corsair OPX,Yes,0
MSI STRIKE 600,,https://cdna.pcpartpicker.com/static/forever/images/product/f9e08800e470756c3bd341fabb0ba13a.256p.jpg,Gaming,RGB,Wired,Black,Kailh Midnight Pro Silent Tactile,No,4
SteelSeries Apex 9 Mini,123.84,https://cdna.pcpartpicker.com/static/forever/images/product/a310aa8a10bc10d15ec6143526bea9e7.256p.jpg,Gaming,RGB,Wired,Black,SteelSeries OptiPoint Linear,Yes,0
Verbatim 99201,10.77,Standard,Standard,None,Wired,Black,Black,No,2
Redragon K596 Vishnu,,Gaming,Gaming,RGB,Wireless,Black,Outemu Red,Yes,4.5
Razer Pro Type Ultra - US,,https://cdna.pcpartpicker.com/static/forever/images/product/c59862c23b727511168f8e974d77f47a.256p.jpg,Standard,White,"Wired, Wireless, Bluetooth Wireless",White / Gray,Razer Yellow,No,0
Redragon K598-KNS,,Gaming,Gaming,RGB,Wired, Wireless,Black,Outemu Brown,Yes,0
Keychron Q3 HE QMK,,https://cdna.pcpartpicker.com/static/forever/images/product/55662a4097e9354e6bdb33a04a1c79e5.256p.jpg,Standard,RGB,"Wired, Wireless, Bluetooth Wireless",Black / White,Gateron Magnetic Nebula,Yes,0
Corsair K65 PLUS Cyberpunk 2077: Arasaka Edition,,https://cdna.pcpartpicker.com/static/forever/images/product/a7161e5b9d4ed19c82ef09225307646c.256p.jpg,Gaming,RGB,"Wired, Wireless, Bluetooth Wireless",Black / Red,Corsair MLX Red Linear,Yes,0
Kensington K72357USA,38.75,https://cdna.pcpartpicker.com/static/forever/images/product/781deb77780a3950c72e3abea03e6f53.256p.jpg,Slim,None,Wired,Black,Black,No,5
Keychron K3 Max,119.99,https://cdna.pcpartpicker.com/static/forever/images/product/bf4c247616d07bbc3038e2c78b4594c9.256p.jpg,Standard,RGB,Wired, Bluetooth Wireless,Gray,Gateron Low-Profile Brown,Yes,0
SteelSeries Apex 7 TKL Ghost,149.99,Gaming,Gaming,RGB,Wired,Silver,SteelSeries QX2 Red,Yes,0
Ducky Ducky One 2 SF RGB,70.97,https://cdna.pcpartpicker.com/static/forever/images/product/5b95223af6b3b7bf3956b58ecc921627.256p.jpg,Gaming,RGB,Wired,Black,Cherry MX Blue,Yes,5
Razer BlackWidow V3 Pro,,https://cdna.pcpartpicker.com/static/forever/images/product/a231423bb0d4d59706f9f0ec2e738df5.256p.jpg,Gaming,RGB,Wireless,Black,Razer Green,No,3
Rii RK105,,Gaming,Gaming,RGB,Wired,Black,Black,No,4
HP HyperX Alloy Rise,88.81,Gaming,Gaming,RGB,Wired,Black,HyperX Red,No,0
Cherry G83-6104,34.45,https://cdna.pcpartpicker.com/static/forever/images/product/1f82ec93c10470647e5a67ffcd4623ba.256p.jpg,Standard,None,Wired,Black,Black,No,0
Logitech MK345,,https://cdna.pcpartpicker.com/static/forever/images/product/0e8c0884f5ac1f2c069d83c4fcb5ed8b.256p.jpg,Standard,None,Wireless,Black / Blue,Black / Blue,No,4
EVGA Z20,270.77,https://cdna.pcpartpicker.com/static/forever/images/product/7ede95a043226556fce3aebddf1edbed.256p.jpg,Gaming,RGB,Wired,Black,LK Light Strike Linear,No,4
EVGA Z15,221.9,https://cdna.pcpartpicker.com/static/forever/images/product/e2010faad2b17fd12642885acef78eae.256p.jpg,Gaming,RGB,Wired,Black,Kailh Bronze Speed,No,5
SHARKOON Skiller,,Gaming,Gaming,None,Wired,Black,Black,No,4
Razer BlackWidow Chroma V2,,https://cdna.pcpartpicker.com/static/forever/images/product/be8dcdf473ce016ee512210131c19df7.256p.jpg,Gaming,RGB,Wired,Black,Razer Green,No,4.5
Corsair K68 RGB,363.4,https://cdna.pcpartpicker.com/static/forever/images/product/0664d380b36880abfb5da0135aad770b.256p.jpg,Gaming,RGB,Wired,Black,Cherry MX Red,No,4.5
Redragon K550-W RGB Yama,,Gaming,Gaming,RGB,Wired,White,Outemu Purple,No,4.5
HAVIT HV-KB395L,,Gaming,Gaming,RGB,Wired,Black,Kailh Blue,No,4
Corsair K57 RGB,,https://cdna.pcpartpicker.com/static/forever/images/product/246bd28b62c616da1cf02f8ed4c17020.256p.jpg,Gaming,RGB,Bluetooth Wireless,Black,Black,No,4.5
CyberPowerPC Skorpion K2,163.94,Gaming,Gaming,RGB,Wired,Black,CP Kontact Blue,No,0
Keychron K8 Aluminum Frame,,Standard,Standard,None,Wired, Bluetooth Wireless,Black / Gray,Gateron G Pro Red Hot-swappable,Yes,5
Verbatim 70734,14.98,https://cdna.pcpartpicker.com/static/forever/images/product/eda1a68f492344f0f7407c4cb16cb2e6.256p.jpg,Standard,None,Wired,Black,Black,No,0
Keychron C2 Pro V1 Hotswap,,Standard,Standard,RGB,Wired,Black / Gray,Keychron K Pro Brown,No,0
Cherry JK-0800,22.51,https://cdna.pcpartpicker.com/static/forever/images/product/a2ed7f5c755763118f27cda5568a5881.256p.jpg,Standard,None,Wired,Black,Black,No,0
Dell KM300C,38.49,Standard,Standard,None,Wired,Black,Black,No,0
Adesso AKB-111UB,29.94,https://cdna.pcpartpicker.com/static/forever/images/product/4ba71c125561a717b3af370f2b24fe78.256p.jpg,Mini,None,Wired,Black,Black,Yes,4
NZXT KB-101NW-US,142.79,https://cdna.pcpartpicker.com/static/forever/images/product/a46a59b79fb69c1822d45bd233820719.256p.jpg,Gaming,RGB,Wired,White,White,Yes,0
Razer DeathStalker V2,153.35,https://cdna.pcpartpicker.com/static/forever/images/product/b286d423de9dd7cc3623777cfce86469.256p.jpg,Gaming,RGB,Wired,Black,Razer Red Low-Profile Optical Linear,No,0
MSI VIGOR,26.27,https://cdna.pcpartpicker.com/static/forever/images/product/b8214703ea1ea460316ae84a80edfe20.256p.jpg,Gaming,RGB,Wired,Black / Gray,Black / Gray,No,0
Microsoft Natural 4000,,https://cdna.pcpartpicker.com/static/forever/images/product/2ffe128d8bdfdce935c238256b07d717.256p.jpg,Ergonomic,None,Wired,Black,Black,No,5
Das Keyboard 4 Ultimate,199,https://cdna.pcpartpicker.com/static/forever/images/product/7f58d776fa94c7cac04a178ba9082e99.256p.jpg,Standard,None,Wired,Black,Cherry MX Blue,No,4.5
ROCCAT Vulcan Pro,161.54,Gaming,Gaming,RGB,Wired,Black,Roccat Titan Red,No,0
Ducky One 3 w/ Quack Mechanics,209.83,Gaming,Gaming,RGB,Wired,Black,Cherry MX Black,Yes,0
Happy Hacking Professional 2,,Standard,Standard,None,Wired,White,Topre 45g,Yes,0
Corsair STRAFE,,https://cdna.pcpartpicker.com/static/forever/images/product/55cb697ec7eddaf56129ac7b7beded27.256p.jpg,Gaming,Red,Wired,Black,Cherry MX Red,No,4.5
Cooler Master CK720 UK,39.95,https://cdna.pcpartpicker.com/static/forever/images/product/b890c5e40f8193c59bdef211469c491f.256p.jpg,Gaming,RGB,Wired,Gray / Black,Kailh Box White V2,Yes,0
Cooler Master CK721,135.94,Gaming,Gaming,RGB,Wired, Wireless, Bluetooth Wireless,Silver / White,TTC Red,Yes,0
Lenovo 510,74.77,Standard,Standard,None,Wired, Wireless,White,White,No,0
Logitech K310,257.65,Standard,Standard,None,Wired,Black,Black,No,5
Corsair K63,,https://cdna.pcpartpicker.com/static/forever/images/product/8ac969428326a8e3d37e8cb10e1813e7.256p.jpg,Gaming,Red,Wired,Black,Cherry MX Red,Yes,4.5
Razer Huntsman,,Gaming,Gaming,RGB,Wired,Black,Razer Purple,No,4.5
ROCCAT Vulcan 100 AIMO,,https://cdna.pcpartpicker.com/static/forever/images/product/19d30d1cfefd83f51fe81e69bfb0bb3a.256p.jpg,Gaming,RGB,Wired,Black,Roccat Titan Brown,No,0
Corsair K60 RGB Pro SE,209.8,https://cdna.pcpartpicker.com/static/forever/images/product/69739040d6f74c3f5680925f978d0b97.256p.jpg,Gaming,RGB,Wired,Black,Cherry Viola,No,4.5
Keychron K8,,Standard,Standard,RGB,Wired, Bluetooth Wireless,Black / Gray,Gateron G Pro Brown,Yes,0
Logitech G513 Carbon,129.99,https://cdna.pcpartpicker.com/static/forever/images/product/2d813703ea1324a2bda17ddbaa9b19c0.256p.jpg,Gaming,RGB,Wired,Black,GX Brown,No,4
DrunkDeer G65,89,Gaming,Gaming,RGB,Wired,Black / Orange,White,Yes,5
WOBKEY Crush 80 Reboot Pro,,Standard,Standard,RGB,Wired, Wireless, Bluetooth Wireless,Blue / White,Kailh Cocoa,Yes,0
Cooler Master CK720 US,49.95,https://cdna.pcpartpicker.com/static/forever/images/product/ccb4ea08566888ed1d9d61a1ab245ad3.256p.jpg,Gaming,RGB,Wired,Silver / White,Kailh Box White V2,Yes,0
Cherry STREAM,40.63,https://cdna.pcpartpicker.com/static/forever/images/product/d05cd578d16d14f3f559daaefa276d55.256p.jpg,Slim,None,Wired,Black,Cherry SX,Yes,0
Logitech MK850 Performance,87.49,https://cdna.pcpartpicker.com/static/forever/images/product/0156ab577bfe900fec1092eb8b85afa7.256p.jpg,Ergonomic,None,"Wireless, Bluetooth Wireless",Black,,No,0
Thermaltake W1,109.99,Standard,Standard,None,Wired, Wireless, Bluetooth Wireless,Black,Cherry MX Blue,No,0
Logitech MX Keys Gen 2,199.99,https://cdna.pcpartpicker.com/static/forever/images/product/25c002b9d498e3089c584fa6c63f125d.256p.jpg,Slim,None,Wired, Wireless, Bluetooth Wireless,Wired, Wired, Wireless, Bluetooth Wireless,,No,0
HP 450,44.99,https://cdna.pcpartpicker.com/static/forever/images/product/0df5b04af599599f685f418fd6584ceb.256p.jpg,Standard,None,Wired, Wireless,Black,Black,No,0
Microsoft Natural Ergonomic Keyboard 4000,,https://cdna.pcpartpicker.com/static/forever/images/product/aac8eec8a6756417e38b1e9eac891800.256p.jpg,Ergonomic,None,Wired,Black,Black,No,4.5
Verbatim 99789,22.69,https://cdna.pcpartpicker.com/static/forever/images/product/0dc277ff4f26f5c429002cca53f177aa.256p.jpg,Standard,White,Wired,Black,Black,No,0
Cooler Master Devastator 3 (2022),,Gaming,Gaming,RGB,Wired,Black,Black,No,0
IOGEAR GKM571R,199,Mini,Mini,None,Wireless,Black,Black,Yes,0
Logitech K750,309.99,https://cdna.pcpartpicker.com/static/forever/images/product/d1031461864da4fe5ede8b7f7620134b.256p.jpg,Slim,None,Wireless,Black,Black,No,4.5
ROCCAT Magma,102.53,Gaming,Gaming,RGB,Wired,Black,Black,No,0
Dell KM7321W,78.98,https://cdna.pcpartpicker.com/static/forever/images/product/9e9583081770314ad7637b438dca2980.256p.jpg,Standard,None,Wired, Wireless,Black / Gray,Black / Gray,No,5
Das Keyboard 4 Professional for Mac,276.55,https://cdna.pcpartpicker.com/static/forever/images/product/ae35bcfa4dc8ff753ac330b9186cf491.256p.jpg,Standard,None,Wired,Black / Red,Cherry MX Blue,No,0
Xtrfy XG1-R-LED-UK,,https://cdna.pcpartpicker.com/static/forever/images/product/5972d14b49d174a3d0e98c2f1a7977e7.256p.jpg,Standard,White,Wired,Black,Cherry MX Red,No,0
Corsair K70 RAPIDFIRE,,https://cdna.pcpartpicker.com/static/forever/images/product/6835e9bec34de71516e708dc95af1c16.256p.jpg,Gaming,Red,Wired,Black,Cherry MX Speed Silver,No,4.5
Corsair STRAFE RGB MK.2,370.28,Gaming,Gaming,RGB,Wired,Wired,Cherry MX Red,No,4.5
E-element Z88RGB81WRZ,,Mini,Mini,Multicolor,Wired,White,Outemu Blue,Yes,5
ROCCAT VULCAN 120 AIMO,104.37,https://cdna.pcpartpicker.com/static/forever/images/product/782ab2566bf612caceefa2b70b5791f2.256p.jpg,Gaming,RGB,Wired,Black,Roccat Titan Brown,No,4
Wooting Two Lekker Edition,,Gaming,Gaming,RGB,Wired,Blue / White,Lekker linear65,No,0
Asus ROG CLAYMORE II,,https://cdna.pcpartpicker.com/static/forever/images/product/94633782f50cb3ea11cd1b8ff55f3758.256p.jpg,Gaming,RGB,Wireless,Black,ROG RX Red Optical,No,0
Varmilo Miya68-C Panda R2,,https://cdna.pcpartpicker.com/static/forever/images/product/e20fb09235a1d3ae7c51f13b4c6893d8.256p.jpg,Standard,White,Wired,Black / White,EC Sakura V2,Yes,0
Thermaltake POSEIDON Z RGB,94.99,Gaming,Gaming,RGB,Wired,Black,Kailh Brown,No,4.5
Montech MK75FY,85.47,https://cdna.pcpartpicker.com/static/forever/images/product/d0d8a19b6d925ebbd55b0dd835bc54d7.256p.jpg,Mini,RGB,"Wired, Wireless, Bluetooth Wireless",Blue / White,Gateron G Pro 3.0 Yellow,Yes,0
Perixx PERIBOARD-407B,19.23,Mini,Mini,None,Wired,Black,Black,No,5
Das Keyboard 4 Professional,199,https://cdna.pcpartpicker.com/static/forever/images/product/ac6aa453f4e2f4850949282d44ec45ca.med.256p.jpg,Standard,None,Wired,Black / Red,Cherry MX Brown,No,5
Dell KB212-B,48.12,Standard,Standard,None,Wired,Black,Black,No,3.5
Logitech G815,319.99,https://cdna.pcpartpicker.com/static/forever/images/product/419332c69af2a22c17a225515927013a.256p.jpg,Gaming,RGB,Wired,White / Silver,Logitech GL Tactile,No,0
HP QY776AA,22.95,https://cdna.pcpartpicker.com/static/forever/images/product/fbf8bb51f14d5c2b69692956b07e8d48.256p.jpg,Standard,None,Wired,Black,Black,No,3
Logitech G810 Orion Spectrum RGB,,https://cdna.pcpartpicker.com/static/forever/images/product/0ddc974c6c230c09e3ce2cd777d559ef.256p.jpg,Gaming,RGB,Wired,Black,Romer-G Tactile,No,4.5
Redragon K551-RGB VARA,,Standard,Standard,RGB,Wired,Black,Outemu Blue,No,4.5
Adesso WKB-5100CB,69.98,https://cdna.pcpartpicker.com/static/forever/images/product/dbe1d0b38df650646f11f823c005ca9d.256p.jpg,Standard,None,Wireless,Black,Black,Yes,0
Microsoft LXN-00001,308.66,Ergonomic,Ergonomic,None,Wired,Black,Black,No,0
Microsoft SideWinder X6,,Standard,Standard,Red / Amber,Wired,Black,Black,No,4.5
Logitech MK550,,https://cdna.pcpartpicker.com/static/forever/images/product/e24026c80c0b4ee39be96d3e89072b14.256p.jpg,Ergonomic,None,Wireless,Black,Black,No,0
IBM 40K9584,,Standard,Standard,None,Wired,Black,Black,No,5
Ducky Zero,,https://cdna.pcpartpicker.com/static/forever/images/product/64a8e4a363688b9fbe33fba952de9400.med.256p.jpg,Gaming,Green,Wired,Black,Cherry MX Black,No,5
Razer BlackWidow Tournament Edition Chroma,,Gaming,Gaming,RGB,Wired,Black,Razer Green,Yes,4.5
Corsair K70,504.91,https://cdna.pcpartpicker.com/static/forever/images/product/ca5eda427b0ab48c24c9f4e6b3b9bde5.256p.jpg,Gaming,Red,Wired,Black,Cherry MX Blue,No,4.5
Redragon S102,,https://cdna.pcpartpicker.com/static/forever/images/product/2334bccef43c700620de9b5ca0569d64.256p.jpg,Gaming,Multicolor,Wired,Black / Red,Black / Red,No,4
Corsair K70 LUX RGB,,https://cdna.pcpartpicker.com/static/forever/images/product/f6952df9aea8e6df2f46468c1e10c508.256p.jpg,Gaming,RGB,Wired,Black,Cherry MX Brown,No,4.5
Logitech G413 Silver,,Gaming,Gaming,White,Wired,Silver,Romer-G Tactile,No,4.5
Corsair K66,,Gaming,Gaming,None,Wired,Black,Cherry MX Red,No,4.5
Gigabyte Aorus K9,,Standard,Standard,RGB,Wired,Black,Flaretech Red,No,4
Redragon K551-RGB,,Gaming,Gaming,RGB,Wired,Black,Outemu Blue,No,3.5
Corsair K55 RGB PRO XT,79.99,https://cdna.pcpartpicker.com/static/forever/images/product/24852ce418c88b5e334d97acc6ff47f6.256p.jpg,Gaming,RGB,Wired,Black,Black,No,4.5
HP 320MK,19.98,https://cdna.pcpartpicker.com/static/forever/images/product/971f5a31147c6cf40f003f7435c59253.256p.jpg,Standard,None,Wired,Black,Black,No,0
MCHOSE K99,115.19,Gaming,Gaming,RGB,Wired, Wireless, Bluetooth Wireless,White / Blue,KTT Hyacinth,No,0
WOBKEY Rainy 75 Standard,,,Standard,RGB,"Wired, Wireless, Bluetooth Wireless",Silver,HMX Violet,Yes,0
Corsair Drop + Nuka-Cola CSTM80,259.99,https://cdna.pcpartpicker.com/static/forever/images/product/eddc9cf31d51cdc0d6d646016fcf2075.256p.jpg,Gaming,RGB,Wired,Red / White,,Yes,0
Verbatim Slimline,35.75,,Standard,None,Wired,Black,,No,0
Microsoft ANB-00006,38.99,Slim,Slim,None,Wired,Black,Black,No,4.5
Thermaltake Knucker Team DK Edition,114.14,Gaming,Gaming,None,Wired,Red / White,Red / White,No,0
Mad Catz The Authentic S.T.R.I.K.E. 4,40.99,https://cdna.pcpartpicker.com/static/forever/images/product/4676413470cfdbd71feb4b4ddd97eb1d.256p.jpg,Gaming,Multicolor,Wired,Black / Silver,Cherry MX Red,No,0
Adesso SlimTouch,29.99,https://cdna.pcpartpicker.com/static/forever/images/product/aab6337a4f84fd0ec41127d9cec6c96b.256p.jpg,Standard,None,Wireless,Black,Black,Yes,0
HP 330,29.99,https://cdna.pcpartpicker.com/static/forever/images/product/ee35e299004ff7cad3c7e7fbd117523f.256p.jpg,Standard,None,Wired, Wireless,Black,Black,No,0
Targus AKB869US,,https://cdna.pcpartpicker.com/static/forever/images/product/6720bc46767a3a008ff8614f7443ebe9.256p.jpg,Slim,None,Bluetooth Wireless,Black,Black,No,0
Logitech G Pro League of Legends,118.99,Gaming,Gaming,RGB,Wired,Blue / Black,GX Brown,Yes,0
Lenovo Preferred Pro,15,Standard,Standard,None,Wired,Black,Black,No,0
Cougar 200K,51.05,Gaming,Gaming,Red,Wired,Black,Black,No,5
GameMax Strike,33.99,https://cdna.pcpartpicker.com/static/forever/images/product/99a838eba3fa977d1f197e49bbdec6a4.256p.jpg,Gaming,Multicolor,Wired,Black,Outemu Red,No,0
ROCCAT Vulcan 122 AIMO,,https://cdna.pcpartpicker.com/static/forever/images/product/6afd94648cdb82f0c10ea33e47925323.256p.jpg,Gaming,RGB,Wired,Silver,Roccat Titan Brown,No,5
Corsair K70 RGB TKL CHAMPION SERIES,129.99,https://cdna.pcpartpicker.com/static/forever/images/product/6c2e1327eaeb20ce600187267c28c327.256p.jpg,Gaming,RGB,Wired,Black,Corsair OPX,Yes,5
Gigabyte AORUS K1,100.79,https://cdna.pcpartpicker.com/static/forever/images/product/a61b4497234b235a567b6535da2226aa.256p.jpg,Gaming,RGB,Wired,Black,Cherry MX Red,No,4
Corsair K70 MAX RGB UK,209.99,Gaming,Gaming,RGB,Wired,Black,Corsair MGX Steel Grey,No,0
Adesso AKB-139EB,31.96,https://cdna.pcpartpicker.com/static/forever/images/product/bce88d8a702ad32b23f87207fcefbf51.256p.jpg,Gaming,Blue,Wired,Black,Black,No,0
Cooler Master Storm QuickFire Rapid,,Gaming,Gaming,None,Wired,Gray / Black,Cherry MX Blue,Yes,4.5
Corsair Vengeance K90,,https://cdna.pcpartpicker.com/static/forever/images/product/df74fc8effc9bdead739c3132b45f540.256p.jpg,Gaming,Blue,Wired,Black / Gray,Cherry MX Red,No,4.5
SteelSeries 6Gv2,,https://cdna.pcpartpicker.com/static/forever/images/product/29e86a944d1ea8db04e1026848a1913c.256p.jpg,Standard,None,Wired,Black,Cherry MX Black,No,4.5
IBM 40K5372,,Standard,Standard,None,Wired,Black,Black,No,0
Razer DeathStalker,189,Gaming,Gaming,Green,Wired,Black,Black,No,4
Mad Catz S.T.R.I.K.E. 7,,Gaming,Gaming,Multicolor,Wired,Black / Silver,Black / Silver,No,3.5
Ducky DK9008G2PRO-AUSPHS,,https://cdna.pcpartpicker.com/static/forever/images/product/cf7be3013f0aedbb19f467c23afc733f.med.256p.jpg,Gaming,None,Wired,Black / Blue,Cherry MX Black,No,0
Logitech G710,350,Gaming,Gaming,White,Wired,Black / Blue,Cherry MX Blue,No,4.5
Corsair K70 RGB,,https://cdna.pcpartpicker.com/static/forever/images/product/9c14adb1b30a9eb42d7ea99f536b6c0b.256p.jpg,Gaming,RGB,Wired,Black,Cherry MX Brown,No,5
Razer BlackWidow Ultimate 2016,,Standard,Standard,Green,Wired,Black,Razer Green,No,4
Redragon Karura K502,,https://cdna.pcpartpicker.com/static/forever/images/product/9080f6224a60b6d7ba9d9b8a801815c8.256p.jpg,Gaming,RGB,Wired,Black,Black,No,3.5
Asus ROG Claymore,,https://cdna.pcpartpicker.com/static/forever/images/product/9644b19efdd9f1eacd9be9e5726d1b14.256p.jpg,Gaming,RGB,Wired,Black,Cherry MX Red,No,4
Logitech G413 Carbon,,https://cdna.pcpartpicker.com/static/forever/images/product/4cb0d315a2e8482f745eb053f92c9f31.256p.jpg,Gaming,Red,Wired,Black,Romer-G Tactile,No,4
Cooler Master MasterKeys MK750 (MX Brown),,Gaming,Gaming,RGB,Wired,Black,Cherry MX Brown,No,5
SteelSeries Apex M500,,https://cdna.pcpartpicker.com/static/forever/images/product/43caebe565a582532e8064d4e1eb39cb.256p.jpg,Standard,Blue,Wired,Black,Cherry MX Red,No,4
Redragon K550 RGB YAMA,,Gaming,Gaming,RGB,Wired,Black,Outemu Purple,No,5
Redragon K552-N,,Standard,Standard,None,Wired,Black,Outemu Blue,Yes,3.5
Corsair K83,,https://cdna.pcpartpicker.com/static/forever/images/product/18b441fc0a31d9e0042a1848dd38af04.256p.jpg,Standard,White,Wireless,Gray,Gray,Yes,5
Corsair K70 LUX (MX Blue),,https://cdna.pcpartpicker.com/static/forever/images/product/af4388208f07a17e18d5d1bd5e589438.256p.jpg,Gaming,Red,Wired,Black,Cherry MX Blue,No,0
HP OMEN 1100,106,https://cdna.pcpartpicker.com/static/forever/images/product/5a5954d9b4709bd0f17fb1ac9fa95e86.256p.jpg,Gaming,Red,Wired,Black / Red,Greetech Blue,No,5
Trust GXT 860 Thura,,https://cdna.pcpartpicker.com/static/forever/images/product/18262ae156eb32914aacf2245b9f4fcb.256p.jpg,Gaming,RGB,Wired,Black,Black,No,0
DROP CTRL,,Gaming,Gaming,RGB,Wired,Silver / Black,Kailh Halo Clear,Yes,5
Razer TURRET FOR XBOX ONE,,Gaming,Gaming,RGB,Wireless,Black,Razer Green,Yes,0
Redragon K552-RGB,,Gaming,Gaming,RGB,Wired,Black,Outemu Blue,Yes,3
AOC GK500,,https://cdna.pcpartpicker.com/static/forever/images/product/584d0f9dbcb572c589c6687e80bc55c4.256p.jpg,Gaming,RGB,Wired,Black,Outemu Red,No,0
Tempest Combo 3000,,https://cdna.pcpartpicker.com/static/forever/images/product/c5522d2be5da37710ccaf3d1784b3171.256p.jpg,Gaming,RGB,Wired,Black,Black,No,0
Asus TUF Gaming Combo K1 &amp; M3,,https://cdna.pcpartpicker.com/static/forever/images/product/95e036e8e9717081af6d074df8cf155b.256p.jpg,Gaming,RGB,Wired,Gunmetal,,No,0
Ducky One 3 Matcha,99,https://cdna.pcpartpicker.com/static/forever/images/product/b0cabf106b67448144bc7931e38b8d3a.256p.jpg,Standard,None,Wired,Beige / Green,Cherry MX Red,Yes,0
Akko 5087S Shine-Through,,Standard,Standard,RGB,Wired,White,Akko CS Jelly Pink Linear,Yes,4
Keychron V6 QMK,,Standard,Standard,None,Wired,Translucent Black,Keychron K Pro Red,No,5
DROP MDX-31827-12,218.52,Gaming,Gaming,RGB,Wired,Black,Cherry MX Blue,Yes,0
Ducky ONE 3 Daybreak,,Gaming,Gaming,RGB,Wired,Blue,Cherry MX Red RGB,No,0
Asus ROG Strix Flare II,337.41,https://cdna.pcpartpicker.com/static/forever/images/product/59753188c1155d690308e828ccd0fa3d.256p.jpg,Gaming,RGB,Wired,Black,ROG NX Brown,No,0
Asus ROG Strix Scope RX EVA Edition,,https://cdna.pcpartpicker.com/static/forever/images/product/4956aa922dbdb5702373fec78ad25335.256p.jpg,Gaming,RGB,Wired,Purple / Green,ROG RX Blue Optical,No,0
Corsair K60 RGB Pro,89.99,https://cdna.pcpartpicker.com/static/forever/images/product/e58afa1423f0d9f876a5d4dfb97a655e.256p.jpg,Gaming,RGB,Wired,Black,Corsair OPX,Yes,0
Keychron K10 Hotswap,109.99,Standard,Standard,RGB,Wired, Bluetooth Wireless,Black / Gray,Gateron G Pro Red Hot-swappable,No,0
Tecware Phantom+,64.98,Gaming,Gaming,RGB,Wired,Black,Tecware Wraith Red,Yes,0
Keychron K5 QMK V2,94.99,https://cdna.pcpartpicker.com/static/forever/images/product/8cb6b77d94c24a21bf0bb077d86667c9.256p.jpg,Gaming,RGB,Wired, Bluetooth Wireless,Black / Gray,Keychron Brown Low Profile MX 2.0 (Hot-Swappable),No,0
Cherry Compact 11900 Series,24.1,https://cdna.pcpartpicker.com/static/forever/images/product/219ee32f979b2fdd27ac8de519a4c806.256p.jpg,Standard,None,Wired,Gray,Gray,No,0
Verbatim 99793,17.28,https://cdna.pcpartpicker.com/static/forever/images/product/b19e1b2e7734c47a59720cc1ce7cf9bd.256p.jpg,Slim,None,Wireless,Black,Black,No,0
AZIO Large Print Tri-Color Illuminated Keyboard,50.59,https://cdna.pcpartpicker.com/static/forever/images/product/2f89152f54c12fd290813dba52593149.256p.jpg,Ergonomic,Multicolor,Wired,Black,Black,No,4
Adesso WKB-1100CB,42.51,https://cdna.pcpartpicker.com/static/forever/images/product/f0816e1393321041ea3eb41c0fab6894.256p.jpg,Mini,None,Wireless,Black,Black,No,0
AZIO MK RETRO,115.64,Standard,Standard,None,Wired,Black / Silver,Kailh Blue,No,0
Kensington K75231US,53.36,https://cdna.pcpartpicker.com/static/forever/images/product/df7a0116afde6ae77ebe9d48e23e2eba.256p.jpg,Standard,None,Wireless,Black,Black,No,0
Kensington Pro Fit Ergo Bundle,81.44,https://cdna.pcpartpicker.com/static/forever/images/product/e90a4a5b1898f374dcc1f03b2bc031e2.256p.jpg,Ergonomic,None,Wireless,Black,Black,No,3
Thermaltake Level 20 RGB,82.22,https://cdna.pcpartpicker.com/static/forever/images/product/ad339625d1166c622488a6b03f95172c.256p.jpg,Gaming,RGB,Wired,Black,Cherry MX Blue,No,0
Montech MK75DB,85.47,https://cdna.pcpartpicker.com/static/forever/images/product/cc1dc78c4e3adc6bf6d024f56c963ffe.256p.jpg,Mini,RGB,"Wired, Wireless, Bluetooth Wireless",Black,Gateron G Pro 3.0 Brown,Yes,0
Zalman K400G,19.98,Gaming,Gaming,Red,Wired,Black,Black,No,0
Asus ROG Strix Flare (Cherry MX Brown),,Gaming,Gaming,RGB,Wired,Black,Cherry MX Brown,No,4.5
A4Tech Bloody Gaming B975,115.42,Gaming,Gaming,RGB,Wired,Black / Red,LK Light Strike Libra,No,0
Corsair K70 RGB PRO UK,,Gaming,Gaming,RGB,Wired,Black,Cherry MX Red,No,0
NZXT Function Tenkeyless,94.76,https://cdna.pcpartpicker.com/static/forever/images/product/2bff8cba74978d9fa44b0faa3446240d.256p.jpg,Gaming,RGB,Wired,White / Black,Gateron Red,Yes,4.5
Razer Pro Type Ultra - FR,112.03,https://cdna.pcpartpicker.com/static/forever/images/product/25b504995a0b89a71332eaf5a46a34ef.256p.jpg,Standard,White,"Wired, Wireless, Bluetooth Wireless",White / Gray,Razer Yellow,No,0
Ducky ONE 3 AURA,129,Gaming,Gaming,RGB,Wired,Black,Cherry MX Speed Silver RGB,No,0
Logitech POP Keys Heartbreaker,95.99,https://cdna.pcpartpicker.com/static/forever/images/product/b0fca615e3d32d861cbcf9272cebc5c5.256p.jpg,Mini,None,"Wireless, Bluetooth Wireless",Pink / Red,TTC Brown,Yes,0
Keychron Lemokey X3,49.99,Standard,Standard,Red,Wired,Black / Red,Keychron Brown,No,0
Microsoft SIDEWINDER X4,,Gaming,Gaming,Red,Wired,Black,Black,No,4.5
Logitech K740,349.99,Slim,Slim,White,Wired,Black,Black,No,4.5
Gigabyte GK-KM6150,,Standard,Standard,None,Wired,Black,Black,No,4
Logitech G19s,,Gaming,Gaming,None,Wired,Black,Black,No,4
Corsair Vengeance K65 Compact Mechanical Gaming Keyboard,,Gaming,Gaming,None,Wired,Black / Gray,Cherry MX Red,Yes,4.5
Dell 469-4060,,Standard,Standard,None,Wired,Black,Black,No,3
Perixx 10165,49.99,Slim,Slim,None,Wired,Black,Black,No,0
Cherry MX-Board 3.0 Keyboard,,https://cdna.pcpartpicker.com/static/forever/images/product/dc9a99e9f680963f203aa97fcceca6eb.256p.jpg,Standard,None,Wired,Black,Cherry MX Brown,No,3.5
Rosewill RK-9000V2 BR,,Standard,Standard,None,Wired,Black,Cherry MX Brown,No,5
Corsair K95 RGB,,https://cdna.pcpartpicker.com/static/forever/images/product/06b132b173ae3552fb24d01ccb355e6c.256p.jpg,Gaming,RGB,Wired,Black,Cherry MX Red,No,4
Razer BlackWidow Chroma Call of Duty: Black Ops III Edition,,Gaming,Gaming,RGB,Wired,Black,Razer Green,No,5
SteelSeries Apex 350,,https://cdna.pcpartpicker.com/static/forever/images/product/a4e2769da3ada27274bf998304e053eb.256p.jpg,Standard,RGB,Wired,Black,Black,No,4
Razer BlackWidow X Tournament Edition Chroma,,Gaming,Gaming,RGB,Wired,Black,Razer Green,Yes,4.5
Cooler Master MasterKeys Pro S,,Standard,Standard,RGB,Wired,Black,Cherry MX Brown,Yes,4.5
Asus Cerberus,,https://cdna.pcpartpicker.com/static/forever/images/product/2090ee854d32f9fe1520d549b10298f6.256p.jpg,Gaming,Red / Blue,Wired,Black,Black,No,4
SHARKOON Skiller Pro Plus,,https://cdna.pcpartpicker.com/static/forever/images/product/88c6f33c65b918824caef3eee26bee5c.256p.jpg,Gaming,Multicolor,Wired,Black,Black,No,0
HP HyperX Alloy FPS,,Standard,Standard,Red,Wired,Black,Cherry MX Red,No,3.5
Gigabyte AORUS K7,,https://cdna.pcpartpicker.com/static/forever/images/product/beddcad0b95ac8d8ea5045cd84847feb.256p.jpg,Gaming,RGB,Wired,Gray,Cherry MX Red,No,5
Cooler Master MasterKeys L (MX Brown),,Gaming,Gaming,None,Wired,Black,Cherry MX Brown,No,4
HP HyperX Alloy Elite RGB,,Gaming,Gaming,RGB,Wired,Black,Cherry MX Red,No,5
SteelSeries Apex M750 TKL RGB,,https://cdna.pcpartpicker.com/static/forever/images/product/e1bb5f57aeae6fa706427c138c5eb6e2.256p.jpg,Gaming,RGB,Wired,Black,SteelSeries QX2 Red,Yes,5
Asus ROG Strix Flare (Cherry MX Red),,Gaming,Gaming,RGB,Wired,Black,Cherry MX Red,No,4.5
Rosewill NEON K51W,,https://cdna.pcpartpicker.com/static/forever/images/product/eb5019a5924b045b24cd23513ab9acff.256p.jpg,Gaming,RGB,Wired,White,White,No,3
Trust GXT 890 CADA RGB,,https://cdna.pcpartpicker.com/static/forever/images/product/bdd129ee5b4829a2a981102792209901.256p.jpg,Gaming,RGB,Wired,Black,Outemu Red,No,0
ROCCAT Vulcan 121 Aimo RGB,125.95,https://cdna.pcpartpicker.com/static/forever/images/product/9050719b6b19ff907503d6f6419e1a94.256p.jpg,Gaming,RGB,Wired,Black,Roccat Titan Red,No,4.5
Whirlwind FX Element V2,34.99,Gaming,Gaming,RGB,Wired,Black,Gateron Red,No,4
Dell Alienware AW510K Lunar Light,112.73,Gaming,Gaming,RGB,Wired,Silver / Black,Cherry MX Low Profile Red,No,4
Asus TUF Gaming K7,,https://cdna.pcpartpicker.com/static/forever/images/product/268c559b91829f3838d34ecd9475e919.256p.jpg,Gaming,RGB,Wired,Black,Optical-mech Tactile,No,0
Keychron K2 Hot-swappable,85,Gaming,Gaming,White,Wireless,Black / White,Gateron Blue,Yes,0
Redragon KALA K557,,Gaming,Gaming,RGB,Wired,Black,Outemu Blue,No,0
Keychron C1 Pro V1 Hotswap,,Standard,Standard,RGB,Wired,Black / Gray,Keychron K Pro Red,Yes,0
Keychron C2 Pro V1,,https://cdna.pcpartpicker.com/static/forever/images/product/f985bded38654bf31e0b5beae2102b32.256p.jpg,Standard,RGB,Wired,Black / Gray,Keychron K Pro Red,No,0
Keychron K17 Pro,,https://cdna.pcpartpicker.com/static/forever/images/product/d68f117a6cc3fe1ea8ab92a38855e9cc.256p.jpg,Standard,RGB,"Wired, Bluetooth Wireless",Black / Red,Gateron Low-Profile Red (Hot-Swappable),No,0
Asus ROG Strix Scope RX EVA-02 Edition,,https://cdna.pcpartpicker.com/static/forever/images/product/829db66bb15ac969fb1124d5549d49d2.256p.jpg,Gaming,RGB,Wired,Red / Black,ROG RX Red Optical,No,0
Das Keyboard 6 Professional,219,https://cdna.pcpartpicker.com/static/forever/images/product/cb46964fbc6df15bae335ff5d773781d.256p.jpg,Standard,White,Wired,Black,Cherry MX Brown,No,0
Inland ProHT,33.59,Gaming,Gaming,Multicolor,false,Black,Outemu Blue,No,0
HYTE KEEB TKL,179.99,https://cdna.pcpartpicker.com/static/forever/images/product/3c05c3999ed503592bfb1b88875f3073.256p.jpg,Gaming,RGB,Wired,Black / Clear,HYTE Fluffy Lavender Linear,Yes,0
Keychron Q1 QMK V2,190,Mini,Mini,None,Wired,Black,Gateron G Pro Brown,Yes,0
Keychron Lemokey P1 QMK/VIA Knob Pro,,Mini,Mini,None,Wired, Wireless, Bluetooth Wireless,Black / Red,Keychron Super Banana,Yes,0
MCHOSE GX87,,https://cdna.pcpartpicker.com/static/forever/images/product/77529830da415e43d86f344c103cc0f8.256p.jpg,Gaming,RGB,"Wired, Wireless, Bluetooth Wireless",Black,KTT Vintage White,Yes,0
Keychron P6 Ultra 8K,,,Standard,RGB,"Wired, Wireless, Bluetooth Wireless",Black,Keychron Silk POM Red,No,0
Dell Alienware AW510K Dark side of the moon,154,https://cdna.pcpartpicker.com/static/forever/images/product/272fe2d11d799c612c6193349da19345.256p.jpg,Gaming,RGB,Wired,Black / Silver,Cherry MX Low Profile Red,No,0
Microsoft Arc Keyboard,146.62,Mini,Mini,None,Wireless,White,White,Yes,0
Logitech K200,79.98,Standard,Standard,None,Wired,Black,Black,No,4
Adesso Antimicrobial Waterproof Flex Keyboard,32.47,https://cdna.pcpartpicker.com/static/forever/images/product/5427dd0d9d4d28599ec6d5ba603df65d.256p.jpg,Slim,None,Wired,Black,Black,Yes,0
Deco Gear DGMECHBRD100,59.99,Gaming,Gaming,RGB,Wired,Black,Outemu Blue,No,0
Kensington K755,39.99,https://cdna.pcpartpicker.com/static/forever/images/product/ec26e373cc4ec19488722d6dbbbf1730.256p.jpg,Standard,None,Wired, Wireless, Bluetooth Wireless,Black,Black,Yes,0
Cherry G84-5500,141.19,https://cdna.pcpartpicker.com/static/forever/images/product/ca7428d402b2f8c822f1482555e9da51.256p.jpg,Slim,None,Wired,Black,Black,Yes,0
HP USB Keyboard,31.2,https://cdna.pcpartpicker.com/static/forever/images/product/51402f14613c222ce800f5b1c1784b8f.256p.jpg,Standard,None,Wired,Black,Black,No,3.5
A4Tech B120,36.99,https://cdna.pcpartpicker.com/static/forever/images/product/feed46b17fe1d782c5c59bf09a517609.256p.jpg,Gaming,Red,Wired,Black,Black,No,0
Corsair K65 RGB RAPIDFIRE,129.99,https://cdna.pcpartpicker.com/static/forever/images/product/2ee54b0891f88e468cf2218996f5b753.256p.jpg,Gaming,RGB,Wired,Multicolor,Cherry MX Speed Silver,Yes,4.5
Das Keyboard Prime 13,159,https://cdna.pcpartpicker.com/static/forever/images/product/43597575838d1d4e60b9a108ea4ddff2.256p.jpg,Standard,White,Wired,Black,Cherry MX Brown,No,0
HP Sequencer,,Gaming,Gaming,RGB,Wired,Black,Black,No,0
Thermaltake Level 20 RGB Titanium,139.99,https://cdna.pcpartpicker.com/static/forever/images/product/313963db3a386ff547e55c5f0705736e.256p.jpg,Gaming,RGB,Wired,Silver / Black,Cherry MX Speed Silver,No,0
Das Keyboard 5QS,272.33,https://cdna.pcpartpicker.com/static/forever/images/product/d08e0bb1359de4bf4adf447ac1511fb6.256p.jpg,Gaming,RGB,Wired,Black,Gamma Zulu Tactile,No,0
Logitech POP Keys Mist,99.99,https://cdna.pcpartpicker.com/static/forever/images/product/1d08f6f67eb3c0815197ad663eaffcaa.256p.jpg,Mini,None,Wireless, Bluetooth Wireless,Gray,TTC Brown,Yes,0
Thermaltake ARGENT K5 RGB,175.98,Gaming,Gaming,RGB,Wired,Silver / Black,Cherry MX Blue,No,0
Kensington K70316US,49.99,https://cdna.pcpartpicker.com/static/forever/images/product/e3494a7c11ce0dbc5a7735166671d959.256p.jpg,Standard,None,Wired,Black,Black,No,0
YEYIAN Flare 2000,45.99,Gaming,Gaming,RGB,Wired,Black,Outemu Red,No,5
Microsoft ANB-00001,61.99,https://cdna.pcpartpicker.com/static/forever/images/product/61662a60a0b3978f908e3cb992feebf5.256p.jpg,Slim,None,Wired,Black,Black,No,4.5
Apple MC184LL/B,,Mini,Mini,None,Bluetooth Wireless,Silver,Silver,Yes,4
IOGEAR GKM611B,162.51,Slim,Slim,None,Bluetooth Wireless,Black,Black,Yes,0
SIIG JK-US0012-S1,30.12,https://cdna.pcpartpicker.com/static/forever/images/product/213701864eb53dca8a5f453b96e7666e.256p.jpg,Standard,None,Wired,Black,Black,No,0
Logitech K350,,Ergonomic,Ergonomic,None,Wireless,Black,Black,No,4.5
Razer BlackWidow,,Gaming,Gaming,None,Wired,Black,Cherry MX Blue,No,4.5
Razer Anansi,,Gaming,Gaming,Blue,Wired,Black,Black,No,4
KeyTronic TRACKBALL-U1,,Standard,Standard,None,Wired,Beige,Beige,No,0
IOGEAR GKM502,25.06,Standard,Standard,None,Wired,Silver / Black,Silver / Black,No,0
Kensington Pro Fit Wireless Media Desktop Set,61.76,https://cdna.pcpartpicker.com/static/forever/images/product/3a52db4b1d455cecee5822f36a73468d.256p.jpg,Ergonomic,None,Wireless,Black,Black,No,0
Kensington K64370A,40.29,https://cdna.pcpartpicker.com/static/forever/images/product/bb41104826c388a3536dac94852d1697.256p.jpg,Standard,None,Wired,Black,Black,No,0
Filco Majestouch-2,,https://cdna.pcpartpicker.com/static/forever/images/product/a345032e7ad0e7ea9598b9e769ab975b.med.256p.jpg,Standard,None,Wired,Black,Cherry MX Blue,Yes,5
Happy Hacking Professional 2 Type S,,Standard,Standard,None,Wired,White,Topre 45g Silent,Yes,0
Cherry G80-3800 MX Board 2.0,,Standard,Standard,None,Wired,Black,Cherry MX Brown,No,5
Cooler Master CM Storm QuickFire TK,,https://cdna.pcpartpicker.com/static/forever/images/product/4cfc39956c4fd80b31b5d91c4b92d95a.med.256p.jpg,Gaming,None,Wired,Black / White,Cherry MX Blue,No,0
Corsair Vengeance K95,,Gaming,Gaming,Blue,Wired,Black,Cherry MX Red,No,4.5
Logitech G15,508.68,Standard,Standard,Red,Wired,Black / Gray,Black / Gray,No,4.5
Adesso Tru-Form Media 1500,54.99,https://cdna.pcpartpicker.com/static/forever/images/product/9a46ac42b2dcd815346fb41465012a66.med.256p.jpg,Ergonomic,None,Wireless,Black,Black,No,0
Cooler Master CM Storm QuickFire XT,,Slim,Slim,None,Wired,Black,Cherry MX Brown,No,4.5
Favi FE02RF-BL,,https://cdna.pcpartpicker.com/static/forever/images/product/e0dc81dc3b1000718c87db2bd50e37a9.256p.jpg,Mini,None,Wireless,Black,Black,Yes,5
DSI Left Handed,,Standard,Standard,None,Wired,Black,Cherry MX Black,No,0
A4Tech KRS-85,38.71,https://cdna.pcpartpicker.com/static/forever/images/product/769cfde08246ef59fe6f81f9ac0344ca.med.256p.jpg,Standard,None,Wired,Black,Black,No,0
Logitech Wireless All-in-One Keyboard TK820,307.93,Slim,Slim,None,Wireless,Black,Black,Yes,4
Logitech Wireless Touch k400,,Slim,Slim,None,Wireless,White,White,Yes,4.5
Microsoft Sculpt Ergonomic Keyboard For Business,299.95,https://cdna.pcpartpicker.com/static/forever/images/product/691864aae936792a57422e773789469b.256p.jpg,Ergonomic,None,Wireless,Black,Black,No,4.5
Perixx PERIBOARD-512B,,Ergonomic,Ergonomic,None,Wired,Black,Black,No,4
Genius LED Backlight Gaming Keyboard,,Gaming,Gaming,Blue,Wired,Black / Blue,Black / Blue,No,4.5
Perixx PERIBOARD-409H,39.88,Mini,Mini,None,Wired,Black,Black,No,0
Thermaltake POSEIDON Z,,https://cdna.pcpartpicker.com/static/forever/images/product/354df3046e2d40959abe4296c1a9323e.256p.jpg,Gaming,Blue,Wired,Black,Kailh Blue,No,4.5
Razer BlackWidow Chroma,169,Gaming,Gaming,RGB,Wired,Black,Razer Green,No,4
Logitech Keyboard and Mouse,,https://cdna.pcpartpicker.com/static/forever/images/product/203570898a9d1fd66e24ad7b06e77225.med.256p.jpg,Ergonomic,None,Wireless,Black,Black,No,0
Logitech G13,478,https://cdna.pcpartpicker.com/static/forever/images/product/37db55d715473921dcb9c6249ed9720c.256p.jpg,Gaming,RGB,Wired,Black,Black,Yes,4
Logitech G910 Orion Spark,,Gaming,Gaming,RGB,Wired,Black,Romer-G Tactile,No,4
Cougar ATTACK2-3B,,Standard,Standard,None,Wired,Black,Cherry MX Blue,No,0
Adesso EasyTouch 625,39.99,Gaming,Gaming,None,Wired,Black,Kailh Blue,Yes,5
Microsoft Designer Bluetooth Desktop,199.99,Slim,Slim,None,Bluetooth Wireless,Black,Black,No,4.5
Cherry G80-3930 MX 6.0,,https://cdna.pcpartpicker.com/static/forever/images/product/441c97cceca5a6ca375d54e911aac7f2.256p.jpg,Gaming,Red / Blue,Wired,Black / Silver,Cherry MX Red,No,0
Ducky ONE,,https://cdna.pcpartpicker.com/static/forever/images/product/ca34652823243d7e1b20923e37dcad57.256p.jpg,Standard,Blue,Wired,Black,Cherry MX Brown,No,5
Microsoft Desktop 850,,Standard,Standard,None,Wireless,Black,Black,No,4.5
Microsoft 850,75.9,Standard,Standard,None,Wireless,Black,Black,No,0
SMK-Link VP3800,,Standard,Standard,None,Wired,Black,Black,No,0
Gigabyte AORUS THUNDER K3,,Gaming,Gaming,Blue,Wired,Black,Cherry MX Red,Yes,0
Gigabyte AORUS Thunder K7,,https://cdna.pcpartpicker.com/static/forever/images/product/61631a78b09109a1449ffff7f9fa72d8.256p.jpg,Gaming,Blue,Wired,Black,Cherry MX Red,No,0
G.Skill RIPJAWS KM780 RGB,,https://cdna.pcpartpicker.com/static/forever/images/product/d695ccb9bb615b7103a3e36821047617.256p.jpg,Gaming,RGB,Wired,Black,Cherry MX Brown,No,5
Redragon K551,,https://cdna.pcpartpicker.com/static/forever/images/product/695130b1fee1a2eac3d802330d5980ab.256p.jpg,Gaming,Red,Wired,Black / Red,Outemu Blue,No,4.5
G.Skill RIPJAWS KM780R RGB,,https://cdna.pcpartpicker.com/static/forever/images/product/3973764d5bc72cee7dcede3f1ee38529.256p.jpg,Gaming,RGB,Wired,Black,Cherry MX Blue,No,0
Cooler Master Devastator II,,https://cdna.pcpartpicker.com/static/forever/images/product/cc9c27ae5d21cc73e5c04277bbea7e1f.256p.jpg,Gaming,Green,Wired,Black,Black,No,4.5
Razer Blackwidow X Chroma,,Gaming,Gaming,RGB,Wired,Black,Razer Green,No,4
Razer BlackWidow X Ultimate,,Gaming,Gaming,Green,Wired,Black,Razer Green,No,4
Corsair K65 LUX RGB,,https://cdna.pcpartpicker.com/static/forever/images/product/132e23abbc71d6644c792a117d621dd1.256p.jpg,Gaming,RGB,Wired,Black,Cherry MX Red,Yes,4
Asus Cerberus Arctic,,https://cdna.pcpartpicker.com/static/forever/images/product/05c087b3854172530db77f7dc0359ee2.256p.jpg,Gaming,Multicolor,Wired,White / Black,White / Black,No,0
1STPLAYER FIRE ROSE MK3,,Gaming,Gaming,RGB,Wired,White,Outemu Blue,No,4
Glorious Glorious Gaming,,https://cdna.pcpartpicker.com/static/forever/images/product/4a6393cf61f576ab4b77bda460246574.256p.jpg,Gaming,Red,Wired,Black,Gateron Brown,No,5
FNATIC Rush Pro Gaming,,Gaming,Gaming,Red,Wired,Black,Cherry MX Red,No,4
Filco Ninja Majestouch-2 TKL,136,https://cdna.pcpartpicker.com/static/forever/images/product/77520e9bbf2fefddaa5cea5e370e1be3.256p.jpg,Standard,None,Wired,Black,Cherry MX Brown,Yes,0
Trust GXT 280,,Gaming,Gaming,Multicolor,Wired,Black,Black,No,0
Dell Alienware AW568,,https://cdna.pcpartpicker.com/static/forever/images/product/d2af7f6c3e733711b38d5a7a3209b44d.256p.jpg,Gaming,None,Wired,Black,Kailh Brown,No,0
Cooler Master MasterKeys S (MX Brown),,Gaming,Gaming,None,Wired,Black,Cherry MX Brown,Yes,5
Cougar DEATHFIRE EX,240.11,https://cdna.pcpartpicker.com/static/forever/images/product/02c6df885ca08693290fc3c8363d8ab0.256p.jpg,Gaming,Multicolor,Wired,Black,Black,No,0
Corsair K63 Lapboard Combo (MX Red w/Blue LED),,Gaming,Gaming,Blue,Wireless,Wireless,Cherry MX Red,Yes,4
Logitech G513 Silver,,Gaming,Gaming,RGB,Wired,Silver / Black,Romer-G Tactile,No,4.5
Razer BlackWidow Tournament Edition Chroma V2,,https://cdna.pcpartpicker.com/static/forever/images/product/e25a56da0b33780e26dd0cf010cdd948.256p.jpg,Gaming,RGB,Wired,Black,Razer Green,Yes,4.5
Razer BlackWidow X Chroma Mercury Edition,,Gaming,Gaming,RGB,Wired,Silver / White,Razer Green,No,4.5
MSI VIGOR GK70,,Gaming,Gaming,RGB,Wired,Black,Cherry MX Red,Yes,0
HAVIT HV-KB390L,,Gaming,Gaming,Blue,Wired,Black,Kailh Blue,Yes,3
Tecware Phantom RGB TKL,,Gaming,Gaming,RGB,Wired,Black,Outemu Blue,Yes,0
Ducky One 2 RGB,,https://cdna.pcpartpicker.com/static/forever/images/product/d49a9c93c5d295a9171b3fd559f185f7.256p.jpg,Standard,RGB,Wired,Black,Cherry MX Brown,No,5
Corsair RGB MK.2 Low Profile,,https://cdna.pcpartpicker.com/static/forever/images/product/0ca7012dd671d57bdbfa3ed34702c2f5.256p.jpg,Gaming,RGB,Wired,Black,Cherry MX Low Profile Red,No,5
Corsair RGB MK.2 Low Profile RAPIDFIRE,,https://cdna.pcpartpicker.com/static/forever/images/product/25fbc917303ad5b1ab70c792390a97b9.256p.jpg,Gaming,RGB,Wired,Black,Cherry MX Low Profile Speed Silver,No,4.5
Cooler Master MK730,,Gaming,Gaming,RGB,Wired,Black,Cherry MX Brown,Yes,4
Ducky Shine 7 RGB,,https://cdna.pcpartpicker.com/static/forever/images/product/6598ec24408b08e2fe39b07a516aaee7.256p.jpg,Standard,RGB,Wired,Gray,Cherry MX Brown,No,5
AUKEY KM-G3-US,,Gaming,Gaming,RGB,Wired,Silver / Black,Outemu Blue,No,4
Aula Dzi SI-862,,Gaming,Gaming,Multicolor,Wired,Black,Black,No,0
V7 KU200US,19.99,https://cdna.pcpartpicker.com/static/forever/images/product/56ef56588379a6894e684c1f3c0404c5.256p.jpg,Standard,None,Wired,Black,Black,No,0
Tecware Phantom 104,39.99,https://cdna.pcpartpicker.com/static/forever/images/product/b112579e6476253d98e50a68467db38e.256p.jpg,Gaming,RGB,Wired,Black,Outemu Blue,No,4.5
Rosewill NEON K52,,https://cdna.pcpartpicker.com/static/forever/images/product/1d2ebc8f3e59748ffba8230c762d5d43.256p.jpg,Gaming,RGB,Wired,Black,Black,No,0
FNATIC miniSTREAK RGB,299,https://cdna.pcpartpicker.com/static/forever/images/product/509cdce55943d8cd261c48b773244602.256p.jpg,Gaming,RGB,Wired,Black,Cherry MX Silent Red,Yes,4.5
Asus ROG Strix Flare,,https://cdna.pcpartpicker.com/static/forever/images/product/766e55a226bafb5c02b196b2f53531f1.256p.jpg,Gaming,RGB,Wired,Black,Cherry MX Blue,No,4
Kinesis Gaming Freestyle Edge,199,https://cdna.pcpartpicker.com/static/forever/images/product/b3319e8d2956fd52031d59d9d27bf46a.256p.jpg,Ergonomic Split,RGB,Wired,Black,Cherry MX Brown,Yes,0
MSI VIGOR GK50 ELITE LL,79.94,https://cdna.pcpartpicker.com/static/forever/images/product/774bbd72a8d205ac4bcaec7b02f2416b.256p.jpg,Gaming,RGB,Wired,Silver / Black,Kailh Blue,No,4
ROCCAT Pyro,94.99,Gaming,Gaming,RGB,Wired,Black,TTC Red,No,5
ROCCAT Vulcan TKL Pro,175.03,Gaming,Gaming,RGB,Wired,White / Silver,Roccat Titan Optical,Yes,0
Das Keyboard 4 root,,https://cdna.pcpartpicker.com/static/forever/images/product/5a3d5391c573e67357b6cb3fccecd661.256p.jpg,Gaming,None,Wired,Black,Cherry MX Blue,No,0
NZXT Function,,https://cdna.pcpartpicker.com/static/forever/images/product/46f4483b5b4a45e4764c430abbae9c20.256p.jpg,Gaming,RGB,Wired,White / Black,Gateron Red,No,4
MSI Vigor GK50 Low Profile,,https://cdna.pcpartpicker.com/static/forever/images/product/7a473741718ad308018cea8fa16d144e.256p.jpg,Gaming,RGB,Wired,Black / Silver,Kailh Low Profile,No,0
Asus TUF Gaming K3,,https://cdna.pcpartpicker.com/static/forever/images/product/dca47dd40b6b89b60ffa230ba9e8a2be.256p.jpg,Gaming,RGB,Wired,Black,Kailh Red,No,0
Razer Pro Type Ultra - UK,160.99,https://cdna.pcpartpicker.com/static/forever/images/product/c59862c23b727511168f8e974d77f47a.256p.jpg,Standard,White,"Wired, Wireless, Bluetooth Wireless",White / Gray,Razer Yellow,No,0
Keychron K5 SE,,Slim,Slim,White,Wired, Bluetooth Wireless,Black / Gray,Keychron Optical Brown Low Profile,No,5
Kinesis Gaming Freestyle2 Blue,112.7,https://cdna.pcpartpicker.com/static/forever/images/product/313a6d72e1e7ba5e42ee3a28f9b55ad7.256p.jpg,Ergonomic Split,None,Wired, Bluetooth Wireless,Black,Black,Yes,0
Kinesis Gaming Freestyle2,99.07,https://cdna.pcpartpicker.com/static/forever/images/product/9f87ec293015140e571b747e76bb8fb2.256p.jpg,Ergonomic Split,None,Wired,Black,Black,Yes,0
Keychron Q6,,Gaming,Gaming,RGB,Wired,Blue,Gateron G Pro Red,No,0
DROP MDX-31827-9,,Gaming,Gaming,RGB,Wired,Black,Kailh Halo True,Yes,0
Corsair K70 MAX RGB FR,,Gaming,Gaming,RGB,Wired,Black,Corsair MGX Steel Grey,No,0
Corsair K70 MAX RGB DE,223.39,https://cdna.pcpartpicker.com/static/forever/images/product/3c9b8f9281fff08f96b6186fb3cc89ac.256p.jpg,Gaming,RGB,Wired,Black,Corsair MGX Steel Grey,No,0
Keychron K5 Pro,,https://cdna.pcpartpicker.com/static/forever/images/product/b4e926f4f7d1eb8c3ef62ad73aab3d74.256p.jpg,Gaming,RGB,"Wired, Bluetooth Wireless",Black / Red,Gateron Low-Profile Red (Hot-Swappable),No,0
Keychron K15 Pro,,https://cdna.pcpartpicker.com/static/forever/images/product/8ede9741cd2659cb61e69510ac80ee4d.256p.jpg,Ergonomic,RGB,"Wired, Bluetooth Wireless",Black / Red,Gateron Low-Profile Brown (Hot-Swappable),Yes,0
Logitech POP Keys Blast,64.98,https://cdna.pcpartpicker.com/static/forever/images/product/0609b00d8760d73601f087773b92c6cd.256p.jpg,Mini,None,Wireless, Bluetooth Wireless,Yellow / Black,TTC Brown,Yes,0
Cooler Master CK550 V2,,https://cdna.pcpartpicker.com/static/forever/images/product/7a15b33dade3b66baf27a18ef0d35d75.256p.jpg,Gaming,RGB,Wired,Black,TTC Red,No,0
Deepcool KG722,,Gaming,Gaming,RGB,Wired,Black,Gateron Red,Yes,0
Asus ROG Strix Scope Deluxe,,Gaming,Gaming,RGB,Wired,Black,ROG NX Red,Yes,0
Targus AKB863US,24.09,https://cdna.pcpartpicker.com/static/forever/images/product/26de56d7756c59f4be4cbde5c4128b6a.256p.jpg,Slim,None,Bluetooth Wireless,Black,Black,No,0
Logitech Wave Keys MK670,79.99,https://cdna.pcpartpicker.com/static/forever/images/product/9976e5c1b7487181353b1669dacc62bb.256p.jpg,Ergonomic,None,Wired, Wireless, Bluetooth Wireless,Black,Black,No,0
MSI Vigor GK50 Elite,,https://cdna.pcpartpicker.com/static/forever/images/product/b420c4ff29895f8d8fea36139ddfd68d.256p.jpg,Gaming,RGB,Wired,Black,Kailh Red,Yes,0
IQUNIX ZX75 Gravity Wave,,Gaming,Gaming,RGB,Wired, Wireless, Bluetooth Wireless,White / Yellow,Cherry MX Red,Yes,0
ADATA XPG Sorcerer,,Gaming,Gaming,RGB,Wired,Black,XPG Red,No,0
MCHOSE X75,,Gaming,Gaming,RGB,Wired, Wireless, Bluetooth Wireless,Pink / Blue,Kailh Icy Creamsicle,Yes,0
MCHOSE G98 Pro,,https://cdna.pcpartpicker.com/static/forever/images/product/7eb92a6d54ab27fa06f9e8dcf8defad6.256p.jpg,Gaming,RGB,"Wired, Wireless, Bluetooth Wireless",White / Blue,TTC Flame Orange,No,0
Keychron Q14 Pro (Alice Layout),,Ergonomic,Ergonomic,RGB,Wired, Bluetooth Wireless,Black / Blue,Keychron K Pro Banana,No,0
Keychron Q11,,https://cdna.pcpartpicker.com/static/forever/images/product/6ddd12ba6fe8110685836370ba2657c2.256p.jpg,Ergonomic Split,RGB,Wired,Black / Blue,Keychron K Pro Brown,No,0
Evoluent R3K Reduced Reach Right-Hand Keyboard,57.41,https://cdna.pcpartpicker.com/static/forever/images/product/601180aaee0a4fe1d8083f382005f598.256p.jpg,Ergonomic,None,Wired,Black,Black,No,0
Targus BUS0067,18.19,Standard,Standard,None,Wired,Black,Black,No,0
Adesso AKB-150UB,33.99,https://cdna.pcpartpicker.com/static/forever/images/product/83b496e26bbe0a25be70bd4c27d5556d.256p.jpg,Ergonomic,None,Wired,Black,Black,No,0
Dell KM5221W,36.61,https://cdna.pcpartpicker.com/static/forever/images/product/365ba69683962ddda2a1a2c60b8db8c3.256p.jpg,Standard,None,Wired, Wireless,Black,Black,No,0
Adesso AKB-110B,31.55,https://cdna.pcpartpicker.com/static/forever/images/product/d349c5c498a4c7560e9e70ad786c8fa1.256p.jpg,Mini,None,Wired,Black,Black,Yes,0
IOGEAR Smart Card Reader Keyboard (TAA Compliant),83.76,Standard,Standard,None,Wired,Black,Black,No,0
Kensington K72357US,38.75,https://cdna.pcpartpicker.com/static/forever/images/product/d3b9de03a055f04e930c9f0782a1dfb8.256p.jpg,Slim,None,Wired,Black,Black,No,5
Kensington K64406US,28.03,https://cdna.pcpartpicker.com/static/forever/images/product/dacb11a786a57f8589fd146a800a6d4f.256p.jpg,Standard,None,Wired,White,White,No,0
Cherry G84-4100LCMUS-2,69.98,https://cdna.pcpartpicker.com/static/forever/images/product/d19c27ca4e7b42cd23b75de94791b151.256p.jpg,Slim,None,Wired,Black,Cherry ML,No,0
Cherry G84-4420LPBEU-0,,https://cdna.pcpartpicker.com/static/forever/images/product/9c2210ec3aaef0220aaba0302bd5cf5f.256p.jpg,Standard,None,Wired,Gray,Cherry ML,No,0
Lenovo Keyboard,65,Standard,Standard,None,Wired,Black,Black,No,3
Logitech K360,72.98,https://cdna.pcpartpicker.com/static/forever/images/product/2e2ae3fc96a59aff953e3ea3e6455c00.256p.jpg,Mini,None,Wireless,Black,Silver,No,4
Thermaltake CHALLENGER PRIME,,Gaming,Gaming,Multicolor,Wired,Black,Black,No,4.5
Qisan Magicforce,,Mini,Mini,None,Wired,White,Outemu Brown,Yes,4.5
Adesso AKB-132HB,53.15,https://cdna.pcpartpicker.com/static/forever/images/product/22fd5429e66d74326eca5de15d0c92f8.256p.jpg,Standard,None,Wired,Black,Black,No,0
Adesso AKB-636UB,138.97,https://cdna.pcpartpicker.com/static/forever/images/product/7dcf5ce6d4112c5f613ec873fcaf66e8.256p.jpg,Standard,None,Wired,Black,Kailh Blue,No,0
Inland 70119,39.99,https://cdna.pcpartpicker.com/static/forever/images/product/676464bbb30c277fab75fda78e92e499.256p.jpg,Standard,None,Wireless,Black,Black,No,0
HP Business Slim,26.99,https://cdna.pcpartpicker.com/static/forever/images/product/6de1941833a0a33b8766035f0ca6adbf.256p.jpg,Slim,None,Wired,Black,Black,No,2
Thermaltake Tt eSports Meka Pro,94.98,https://cdna.pcpartpicker.com/static/forever/images/product/c0f40164cc42b0b90a6697356a28288e.256p.jpg,Gaming,Red,Wired,Black,Cherry MX Blue,No,0
SIIG JK-WR0T12-S1,39.82,https://cdna.pcpartpicker.com/static/forever/images/product/51776f2d9385eacfa5355b28ad0ec4d6.256p.jpg,Standard,None,Wireless,Black,Black,No,0
Cooler Master CK720 FR,,Gaming,Gaming,RGB,Wired,Gray / Black,Kailh Box Red V2,Yes,0
Cooler Master CK530 V2,77.45,Gaming,Gaming,RGB,Wired,Black,TTC Blue,Yes,0
Adesso WKB-1100BB,24.85,https://cdna.pcpartpicker.com/static/forever/images/product/fea5dc15d971445deba7ee796dc4e59b.256p.jpg,Standard,None,Bluetooth Wireless,Black,Black,Yes,0
HP 975,,Standard,Standard,None,Wired, Wireless, Bluetooth Wireless,Black,Black,No,3
IOGEAR IKON II,31.99,https://cdna.pcpartpicker.com/static/forever/images/product/9cffae539a696717f7434fb44dbc1cbc.256p.jpg,Gaming,RGB,Wired,Black,Black,No,0
Lenovo 4Y41K04031,131.81,Standard,Standard,None,Wired, Wireless, Bluetooth Wireless,Black,Black,No,0
JLab Epic,69.98,https://cdna.pcpartpicker.com/static/forever/images/product/f38ec8e51b1e436e96bae2bd8476e9f6.256p.jpg,Standard,None,Wired, Wireless, Bluetooth Wireless,Black,Black,No,0
NZXT KB-101NB-US,160.71,https://cdna.pcpartpicker.com/static/forever/images/product/356defe6495c333d0376426b377b9cfa.256p.jpg,Gaming,RGB,Wired,Black,Black,Yes,0
MCHOSE G87,,https://cdna.pcpartpicker.com/static/forever/images/product/5d79de76fe3c67113d384fdb6cc8b0c5.256p.jpg,Gaming,RGB,"Wired, Wireless, Bluetooth Wireless",Black / Pink,TTC Cabbage Tofu V2,Yes,0
Montech MK75FB,79.99,https://cdna.pcpartpicker.com/static/forever/images/product/d0d8a19b6d925ebbd55b0dd835bc54d7.256p.jpg,Mini,RGB,"Wired, Wireless, Bluetooth Wireless",Blue / White,Gateron G Pro 3.0 Brown,Yes,0
Apple MB110LL/B,,Standard,Standard,None,Wired,White,White,No,4
Microsoft Keyboard 200,,Standard,Standard,None,Wired,Black,White,No,4
Logitech G510,,Gaming,Gaming,Multicolor,Wired,Black,Black,No,4.5
Lenovo USB Smartcard,79.98,Standard,Standard,None,Wired,Black,Black,No,0
Razer Lycosa,,Gaming,Gaming,Blue,Wired,Black,Black,No,4
Thermaltake eSPORTS Challenger Ultimate,,Gaming,Gaming,Multicolor,Wired,Black,Black,No,4
Logitech Wireless Combo MK260,,Standard,Standard,None,Wireless,Black,Black,No,4.5
Microsoft CXD-00001,,Ergonomic,Ergonomic,None,Bluetooth Wireless,Black,Black,No,0
Microsoft J93-00003,,Slim,Slim,None,Wired,Black,Black,No,0
Lenovo 73P2620,,https://cdna.pcpartpicker.com/static/forever/images/product/e186b5f570db8186318bbd173f59e1d2.256p.jpg,Standard,None,Wired,Black,Black,No,4
Logitech K250,,Standard,Standard,None,Wireless,Black,Black,No,0
Logitech MK520,97.94,https://cdna.pcpartpicker.com/static/forever/images/product/8d0caec1d43dc4b5d4830dec8354caa7.256p.jpg,Ergonomic,None,Wireless,Black,Black,No,4
Jetway J05-KB9039ATCB-LF,,Mini,Mini,None,Wireless,Black,Black,No,0
Adesso AKB-410UB,58.92,https://cdna.pcpartpicker.com/static/forever/images/product/bbabbad58c9ae67bf78178dd7cf75cc0.256p.jpg,Mini,None,Wired,Black,Black,Yes,0
Microsoft B2L-00002,307.04,Ergonomic,Ergonomic,None,Wired,Black,Black,No,2.5
Key Ovation GTS-0077,,https://cdna.pcpartpicker.com/static/forever/images/product/18a03497393b75f359e4843e98e52ed8.med.256p.jpg,Ergonomic,None,Wired,Black,Black,No,0
KeyTronic DESIGNER-P2,,https://cdna.pcpartpicker.com/static/forever/images/product/8c84f3f62118b7a297f7aef86f73b9c6.256p.jpg,Standard,None,Wired,Black,Black,No,0
Tripp Lite IN3005KB,,Standard,Standard,None,Wired,Silver / Black,Silver / Black,No,0
Corsair Vengeance K60,,Gaming,Gaming,None,Wired,Black / Gray,Cherry MX Red,No,4.5
SteelSeries Merc Stealth,,Ergonomic,Ergonomic,None,Wired,Black,Black,No,4
Unitech KP3700,,https://cdna.pcpartpicker.com/static/forever/images/product/47209fd8f0db843d44f83b67ba706e36.256p.jpg,Standard,None,Wired,Black / Gray,Black / Gray,No,0
Samsung VG-KBD1000 Keyboard,,Slim,Slim,None,Bluetooth Wireless,Black,Black,No,5
Mionix Zibal 60,,https://cdna.pcpartpicker.com/static/forever/images/product/b40fee77528ca4c6903f8d0c0c64d62f.256p.jpg,Standard,None,Wired,Black,Cherry MX Black,No,0
Logitech 920-003687,,Standard,Standard,None,Wired,Black,Black,No,0
Belkin Compact Keyboard K100,,https://cdna.pcpartpicker.com/static/forever/images/product/87b9e67fe5fe526d43726e092bfd8fa2.med.256p.jpg,Standard,None,Wired,Black,Black / Silver,No,0
i-rocks KR-6820E-WH,,https://cdna.pcpartpicker.com/static/forever/images/product/dba92bea24f7dba1d1225aabdf60491e.256p.jpg,Gaming,None,Wired,White / Blue,White / Blue,No,4
Belkin Keyboard,19.98,Mini,Standard,None,Wireless,Black,Black,No,0
Toshiba PA3871U-1ETB,,Standard,Standard,None,Wireless,Black,Black,No,0
Asus U3000 Keyboard,,Mini,Mini,None,Wired,Black,Black,No,0
Ducky DK1087XM,,https://cdna.pcpartpicker.com/static/forever/images/product/4fc75973a67c1da772980a8871167c07.med.256p.jpg,Standard,None,Wired,Black,ALPS Green,Yes,0
Tesoro Durandal G1NL,,Standard,Standard,Red,Wired,Black,Cherry MX Brown,No,0
Cobra E-3LUE CS/CF,,Standard,Standard,Blue,Wired,Black,Black,No,5
ROCCAT Isku FX,,https://cdna.pcpartpicker.com/static/forever/images/product/8d9922924dcf758bfdcf486cf4f2876e.256p.jpg,Gaming,Multicolor,Wired,Black,Black,No,4
Ducky DK9087S2-RUSALB,,Slim,Slim,Blue,Wired,Black,Cherry MX Red,Yes,0
Gigabyte GK-OSMIUM BRN,,Gaming,Gaming,White,Wired,Black,Cherry MX Brown,No,4
Logitech G510s,,Gaming,Gaming,Multicolor,Wired,Black,Black,No,4.5
HP 631341-B21,31.99,https://cdna.pcpartpicker.com/static/forever/images/product/b891b8880746c10306e0a752e7f0077e.256p.jpg,Standard,None,Wired,Black,Black,No,5
Logitech Desktop MK120-TAA LOG920004218,45,Standard,Standard,None,Wired,Black,Black,No,0
A4Tech KD-126,21.99,https://cdna.pcpartpicker.com/static/forever/images/product/bd979dd3751b7ebd5e70dbcfa208c260.med.256p.jpg,Standard,Blue,Wired,Black,Black,No,0
Kensington Advance Fit Full-Size Slim Keyboard,30.39,Slim,Slim,None,Wired,Black,Black,No,0
Cherry G81-8000LPAUS-2,,Standard,Standard,None,Wired,Black,Cherry MY,No,0
Ducky Zero Shine Blue LED Keyboard,,https://cdna.pcpartpicker.com/static/forever/images/product/538ff13e4d51fa357de561f40543bf0d.med.256p.jpg,Gaming,Blue,Wired,Black,Cherry MX Brown,No,5
Razer Orbweaver Elite Mechanical Gaming Keypad,,Gaming,Gaming,Green,Wired,Black,Cherry MX Blue,Yes,0
Corsair Raptor K30,,Gaming,Gaming,Red,Wired,Black / Silver,Black / Silver,No,4.5
Ducky DK9008 Shine 3 White LED Backlit (Black Cherry MX),,https://cdna.pcpartpicker.com/static/forever/images/product/673955a733b2f43b3e48268b43c96747.med.256p.jpg,Standard,White,Wired,Black,Cherry MX Black,No,0
Ducky DK9008 Shine 3 Blue LED Backlit (Red Cherry MX),,Standard,Standard,Blue,Wired,Black,Cherry MX Red,No,5
Ducky DK9008 Shine 3 Green LED Backlit (Red Cherry MX),,Standard,Standard,Green,Wired,Black,Cherry MX Red,No,4.5
Keycool 108,,Standard,Standard,Multicolor,Wired,Black,Cherry MX Brown,No,5
Topre Type Heaven,,https://cdna.pcpartpicker.com/static/forever/images/product/19de5d1d490a7f4d5bac846e8c07fd86.med.256p.jpg,Standard,None,Wired,Black,Topre 45g,No,0
Chester Creek Technologies BBK,,Standard,Standard,None,Bluetooth Wireless,Multicolor,Multicolor,Yes,0
AZIO L70,,https://cdna.pcpartpicker.com/static/forever/images/product/5b0526658e9217de3fdc95f1c9bffde3.256p.jpg,Gaming,Blue,Wired,Black,Black,No,4.5
Perixx PERIBOARD-505H PLUS,46.01,Mini,Mini,None,Wired,Black,Black,No,0
ROCCAT Ryos MK Pro,,Gaming,Gaming,Blue,Wired,Black,Cherry MX Black,No,5
SteelSeries APEX,,Gaming,Gaming,RGB,Wired,Black,Black,No,4
i-rocks RF-6577L-BK,24.99,Slim,Slim,None,Wireless,Black / Silver,Black / Silver,No,0
HP Wireless Classic Desktop,,Standard,Standard,None,Wireless,Black,Black,No,4.5
Cobra E-Blue Mazer,,Gaming,Gaming,Blue,Wired,Black / Blue,Cherry MX Blue,No,0
Cooler Master CM Storm QuickFire Ultimate,,Gaming,Gaming,White,Wired,Black,Cherry MX Brown,No,5
Dell Alienware TactX,,Gaming,Gaming,Multicolor,Wired,Black / Silver,Black / Silver,No,4
Genius KB-110X,,Standard,Standard,None,Wired,Black,Black,No,0
Rosewill RK-9200BR,,Slim,Slim,Multicolor,Wired,Black,Cherry MX Brown,No,5
Rosewill RK-9200RE,,Slim,Slim,Multicolor,Wired,Black,Cherry MX Red,No,0
Corsair Raptor K40,,https://cdna.pcpartpicker.com/static/forever/images/product/434f82dd4654bda9a94c7a9ee50aa08b.256p.jpg,Gaming,RGB,Wired,Black / Silver,Black / Silver,No,4
Logitech Corded Keyboard K280e,,Standard,Standard,None,Wired,Black,Black,No,4.5
Razer Blackwidow Ultimate 2014,199,Gaming,Gaming,Green,Wired,Black,Razer Green,No,4
Razer Blackwidow 2014,,Gaming,Gaming,None,Wired,Black,Razer Green,No,4.5
Razer Blackwidow Tournament Edition,,Gaming,Gaming,None,Wired,Black,Razer Green,Yes,4.5
Razer Blackwidow 2014 Stealth Edition,,Gaming,Gaming,None,Wired,Black,Razer Orange,No,4
Microsoft N9Z-00001,,Slim,Slim,None,Wireless,Black,Black,Yes,3.5
HP G1K29UT#ABA,,https://cdna.pcpartpicker.com/static/forever/images/product/090393d9163e75b77ffd5d29f453d016.256p.jpg,Standard,None,Wireless,Black,Black,No,0
Cooler Master CM Storm Devastator Gaming Bundle,87.69,https://cdna.pcpartpicker.com/static/forever/images/product/dd4805c06c321763711de9d014d4bb66.256p.jpg,Gaming,Green,Wired,Black,Black,No,4
Thermaltake POSEIDON ZX,,Standard,Standard,Blue,Wired,Black,Kailh Blue,Yes,0
Corsair Vengeance K70 RGB,,Gaming,Gaming,RGB,Wired,Black,Cherry MX Red,No,4.5
Adesso SlimTouch 110,31.55,Slim,Slim,Multicolor,Wired,Black,Black,Yes,0
Mad Catz S.T.R.I.K.E.M,,Mini,Gaming,White,Bluetooth Wireless,Black / White,Black / Silver,Yes,0
Thermaltake KNUCKER Plunger,,Standard,Standard,None,Wired,Black,Black,No,4.5
Ducky Shine 4,,Gaming,Gaming,Red / Blue,Wired,Black,Cherry MX Blue,No,5
Cooler Master CM Storm Devastator - OEM,,https://cdna.pcpartpicker.com/static/forever/images/product/c646970f8cdd2fb1f9f77d0ed243f4b2.256p.jpg,Gaming,Blue,Wired,Black,Black,No,4.5
Rii Mini i8,,Mini,Mini,None,Wireless,Black / White,Black / White,Yes,2
Corsair K65 RGB UK,,Gaming,Gaming,RGB,Wired,Black,Cherry MX Red,Yes,5
Asus STRIX TACTIC PRO,,https://cdna.pcpartpicker.com/static/forever/images/product/05bb0c750d6a0822501291147b63a1d5.256p.jpg,Gaming,Orange,Wired,Black,Cherry MX Brown,No,0
Cherry JD-0400EU-2,,https://cdna.pcpartpicker.com/static/forever/images/product/27dc5c76cd592372c27d608977a44572.256p.jpg,Standard,None,Wireless,Black,Black,No,0
Genius 31330185100,,Standard,Standard,None,Wired,Black,Black,No,0
AZIO MGK1-K,,Gaming,Gaming,White,Wired,Black,Kailh Brown,No,4.5
Razer DeathStalker Chroma,,Gaming,Gaming,RGB,Wired,Black,Black,No,4
AZIO MGK1 RGB,,https://cdna.pcpartpicker.com/static/forever/images/product/dc4e592f386abc416a574d5ec570aa39.256p.jpg,Standard,RGB,Wired,Black,Kailh Blue,No,4
Corsair K40,,Gaming,Gaming,RGB,Wired,Black,Black,No,4
Genius Scorpion K20,,Gaming,Gaming,RGB,Wired,Black,Black,No,3
Logitech K380,45.99,https://cdna.pcpartpicker.com/static/forever/images/product/78eecdb722f77a7bf91d6362fa6aa968.256p.jpg,Mini,None,Bluetooth Wireless,Black,Black,Yes,0
Microsoft B2M-00014,,Ergonomic,Ergonomic,None,Wired,Black / Silver,Black / Silver,No,0
KBParadise V60,,Mini,Mini,Red / Blue,Wired,Black,Cherry MX Blue,Yes,5
Razer Turret Lapboard,,https://cdna.pcpartpicker.com/static/forever/images/product/63ad5f81902e7c7e3a13ccd5c1083acc.256p.jpg,Slim,None,Wireless,Black / Green,Black / Green,Yes,0
Cooler Master MasterKeys Pro L,,https://cdna.pcpartpicker.com/static/forever/images/product/324a5163882a15667f713c11a55d2ee7.256p.jpg,Standard,White,Wired,Black,Cherry MX Red,No,0
Logitech G11,,Standard,Standard,Blue,Wired,Black / Silver,Black / Silver,No,4
EagleTec KG010,,Gaming,Gaming,Blue,Wired,Black,Outemu Blue,No,4.5
Corsair K70 LUX,,https://cdna.pcpartpicker.com/static/forever/images/product/a40b054d16a11261fa38970aed23e620.256p.jpg,Gaming,Red,Wired,Black,Cherry MX Brown,No,4.5
Razer Ornata,,https://cdna.pcpartpicker.com/static/forever/images/product/58231993521a7a109aa5d514ba493a46.256p.jpg,Gaming,Green,Wired,Black,Black,No,4.5
ROCCAT Skeltr,159.99,https://cdna.pcpartpicker.com/static/forever/images/product/331402ef0638a7354b21e8dd1724f710.256p.jpg,Gaming,RGB,Wired,Black,Black,No,0
Corsair K95 RGB PLATINUM DE,,Gaming,Gaming,RGB,Wired,Black,Cherry MX Brown,No,0
Corsair K95 RGB PLATINUM ND,,https://cdna.pcpartpicker.com/static/forever/images/product/c44c135ce440f31e9382c51273b822ad.256p.jpg,Gaming,RGB,Wired,Black,Cherry MX Brown,No,0
Redragon K555 INDRAH RGB,,Gaming,Gaming,RGB,Wired,Black,Outemu Blue,No,4.5
Plugable MECH104BW,,Standard,Standard,White,Wired,Black,Outemu Blue,No,0
ROCCAT SOVA MK,,Gaming,Gaming,Blue,Wired,Black,TTC Brown,Yes,3.5
AZIO Armato,,Gaming,Gaming,Red,Wired,Black,Cherry MX Brown,No,0
Microsoft EKZ-00001,,Slim,Slim,None,Wireless,Gray,Gray,No,0
SteelSeries Apex M750,,Gaming,Gaming,RGB,Wired,Black,SteelSeries QX2 Red,No,4.5
ROCCAT RYOS MK FX,,Gaming,Gaming,RGB,Wired,Black,Cherry MX Brown,No,0
Zalman ZM-K380 Combo,34.99,Standard,Standard,None,Wired,Black,Black,No,0
Cooler Master MasterSet MS120 (FR),,Gaming,Gaming,RGB,Wired,Black,Black,No,0
Cooler Master MasterKeys L (MX Red),,Gaming,Gaming,None,Wired,Black,Cherry MX Red,No,0
Cooler Master MasterKeys MK750 (MX Blue),,Gaming,Gaming,RGB,Wired,Black,Cherry MX Blue,No,5
Cooler Master MasterKeys MK750 (MX Red),,Gaming,Gaming,RGB,Wired,Black,Cherry MX Red,No,5
Cooler Master MasterKeys Pro M White (MX Red),423.95,Standard,Standard,White,Wired,Black,Cherry MX Red,No,0
Razer Orbweaver Chroma Elite RGB Gaming Keypad,,Gaming,Gaming,RGB,Wired,Black,Razer Green,Yes,4.5
Tesoro Gram Spectrum (White w/Red Switches),,Gaming,Gaming,RGB,Wired,White,Tesoro Agile Red,No,0
MSI VIGOR GK80,,Gaming,Gaming,RGB,Wired,Black,Cherry MX Red,No,4
Logitech CRAFT,,https://cdna.pcpartpicker.com/static/forever/images/product/89688ce243e587ef06d4e6a2fd2dda26.256p.jpg,Standard,None,Wireless,Black,Black,No,4
Leopold FC980CEW,,https://cdna.pcpartpicker.com/static/forever/images/product/88296165fd6ca21cdcd742766b001238.256p.jpg,Standard,None,Wired,Beige / Gray,Topre 45g,No,0
Rosewill NEON K85 RGB BR,111,Gaming,Gaming,RGB,Wired,Black,Kailh Brown,No,4.5
HP HyperX Alloy FPS RGB,,https://cdna.pcpartpicker.com/static/forever/images/product/dfca36f2667c1e609e239f5dcd9daf0a.256p.jpg,Gaming,RGB,Wired,Black,Kailh Silver Speed,No,4.5
Velocifire TKL01,,Standard,Standard,Blue,Wired,Black,Outemu Brown,Yes,5
Velocifire TKL02WS,,Standard,Standard,White,Wireless,Black,Outemu Brown,Yes,0
Rottay TH-419B,,Gaming,Gaming,Multicolor,Wired,Black,Outemu Brown,No,0
Cooler Master CK530,,Gaming,Gaming,RGB,Wired,Black,Gateron Brown,Yes,4.5
Cooler Master SK630,,https://cdna.pcpartpicker.com/static/forever/images/product/0447f1a715a5d1fe1ec1a43a939daa78.256p.jpg,Gaming,RGB,Wired,Black,Cherry MX Low Profile Red,Yes,0
Cooler Master SK650,,https://cdna.pcpartpicker.com/static/forever/images/product/d0d67fc678efc9aa674f35ded31ec605.256p.jpg,Gaming,RGB,Wired,Black,Cherry MX Low Profile Red,No,5
Topre Realforce RGB,,Gaming,Gaming,RGB,Wired,Black,Topre 45g,No,0
Ducky ONE2 SKYLINE,,https://cdna.pcpartpicker.com/static/forever/images/product/f697f28941ed668ddf7a5b15c415a6ec.256p.jpg,Gaming,None,Wired,Black,Cherry MX Brown,No,0
Unicomp Ultra Classic Black,,Standard,Standard,None,Wired,Black / White,Unicomp Buckling Spring,No,0
Asus TUF GAMING K5,,https://cdna.pcpartpicker.com/static/forever/images/product/ea75ac2d1aa27990eecf27e68b43b0aa.256p.jpg,Gaming,RGB,Wired,Black,Black,No,5
Redragon K582-BA,,Standard,Standard,RGB,Wired,Black,Outemu Red,No,4.5
Cooler Master Devastator 3,,https://cdna.pcpartpicker.com/static/forever/images/product/c97ee27cc84b6e64dcebe87dc3114c4a.256p.jpg,Gaming,Multicolor,Wired,Black,Black,No,4
Ducky One 2 (MX Blue),,https://cdna.pcpartpicker.com/static/forever/images/product/8759e4fac2374b7f15555cba016ef2a6.256p.jpg,Gaming,Blue,Wired,Black,Cherry MX Blue,No,0
MSI VIGOR GK40,,https://cdna.pcpartpicker.com/static/forever/images/product/2a79e1916ec1736f772dc828058f8524.256p.jpg,Gaming,RGB,Wired,Black,Black,No,0
Redragon K551-R,,Gaming,Gaming,RGB,Wired,Black,Outemu Blue,No,4.5
Redragon K551-N,,Standard,Standard,Multicolor,Wired,Black,Outemu Blue,No,0
Drevo Tyrfing V2,,Gaming,Gaming,RGB,Wired,Black,Outemu Black,No,0
Drevo BladeMaster TE RGB,,Gaming,Gaming,RGB,Wired,Black,Gateron Red,Yes,4.5
Drevo BladeMaster PRO,,Gaming,Gaming,RGB,Wireless,Gray,Cherry MX Brown,Yes,0
EVGA Z10 RGB,,https://cdna.pcpartpicker.com/static/forever/images/product/280b1543b69dd1a0c439af56a779e0bb.256p.jpg,Gaming,RGB,Wired,Black,Kailh Blue,No,0
Trust GXT 285,,Gaming,Gaming,Multicolor,Wired,Black / Red,Black / Red,No,0
Fellowes 9893601,209.86,https://cdna.pcpartpicker.com/static/forever/images/product/ad3a25c00e9bc7bc145ead01a4744284.256p.jpg,Slim,None,Wireless,Black,Black,No,0
IOGEAR Kaliber Gaming HVER PRO RGB,,https://cdna.pcpartpicker.com/static/forever/images/product/3412733586a536fdbb5c7f87363c8cc6.256p.jpg,Gaming,Multicolor,Wired,Black,Kailh Brown,No,0
MSI Vigor GK60,,https://cdna.pcpartpicker.com/static/forever/images/product/1e958929e86d9e50499b5e276b16800f.256p.jpg,Gaming,Red,Wired,Black,Cherry MX Red,No,0
Razer BlackWidow Ultimate,,https://cdna.pcpartpicker.com/static/forever/images/product/4ec63374f35ceafd71fc966c0bcff7f4.256p.jpg,Gaming,Green,Wired,Black,Razer Green,No,0
Patriot Viper V765,,https://cdna.pcpartpicker.com/static/forever/images/product/633e35b68a882c70a3e6a3fa49bf3369.256p.jpg,Gaming,RGB,Wired,Silver / Black,Kailh BOX White,No,5
Lenovo Preferred Pro II,,Standard,Standard,None,Wired,Black,Black,No,0
Mad Catz The Authentic S.T.R.I.K.E. 2,66.53,https://cdna.pcpartpicker.com/static/forever/images/product/9ace50c71b8649299a8476e160c8b699.256p.jpg,Gaming,Multicolor,Wired,Black,Black,No,0
Targus KM610,42.22,https://cdna.pcpartpicker.com/static/forever/images/product/44e2cf4dd740fef29660a6f1e7230559.256p.jpg,Slim,None,Wireless,Black,Black,No,0
Verbatim 99788,27.59,https://cdna.pcpartpicker.com/static/forever/images/product/f5bd9f0587b207b5ff3e064e55aa3e2f.256p.jpg,Standard,None,Wireless,Black,Black,No,0
Kodak TRUFORM 3500,,https://cdna.pcpartpicker.com/static/forever/images/product/b18f4a5631b28fecb284873e60630436.256p.jpg,Ergonomic,None,Wireless,Black,Black,No,0
HP Pavilion 500,129.97,https://cdna.pcpartpicker.com/static/forever/images/product/a22119e981e024b00d2a5652722e2e5b.256p.jpg,Gaming,Multicolor,Wired,Black,Gateron Red,No,0
ROCCAT Horde,213.56,https://cdna.pcpartpicker.com/static/forever/images/product/8fc1c2884dca1f1b4cb2de3655435b68.256p.jpg,Gaming,Blue,Wired,Black,Black,No,0
Microsoft QSZ-00001,79.98,https://cdna.pcpartpicker.com/static/forever/images/product/8bfe4b50a72e7e35b0d59e4f0c58a325.256p.jpg,Standard,None,Bluetooth Wireless,Black,Black,No,0
Gigabyte XK700,,Gaming,Gaming,RGB,Wired,Silver,TTC Red,No,0
Thermaltake TT Premium X1 RGB,134.97,Gaming,Gaming,RGB,Wired,Black,Cherry MX Blue,No,0
Kensington Pro Fit Ergo,51.01,https://cdna.pcpartpicker.com/static/forever/images/product/e611d41e25e712e3211eef8f31e8085d.256p.jpg,Ergonomic,None,Wireless,Black,Black,No,0
AZIO MK MAC USB,255.45,Standard,Standard,White,Wired,White,Kailh Brown,No,0
Cougar ULTIMUS RGB,,Gaming,Gaming,RGB,Wired,Black,TTC Red,No,0
Cherry MX Board 5.0,,Gaming,Gaming,White,Wired,Black / Silver,Cherry MX Silent Red,No,0
Ducky Shine 7 Blackout RGB,,https://cdna.pcpartpicker.com/static/forever/images/product/590774091c874f6c03334238601731d2.256p.jpg,Gaming,RGB,Wired,Black,Cherry MX Blue,No,0
MK Night Typist,,Standard,Standard,White,Wired,Black,Kailh BOX White,No,0
ROCCAT Suora FX,248.11,https://cdna.pcpartpicker.com/static/forever/images/product/60ecfc459f1fa68a5ecdd907816b6858.256p.jpg,Gaming,RGB,Wired,Black,Cherry MX Brown,No,0
Ducky Ducky One 2,,https://cdna.pcpartpicker.com/static/forever/images/product/afba4bccd3f1f042b73b07925b24aecb.256p.jpg,Gaming,Blue,Wired,Black,Cherry MX Brown,Yes,0
Leopold FC750R Black PD,,https://cdna.pcpartpicker.com/static/forever/images/product/78bc7337a04ef709e8e4fd7e90a04787.256p.jpg,Standard,None,Wired,Black,Cherry MX Brown,No,0
matias FK318PCLBB,105.98,Standard,Standard,Multicolor,Wired,Black,Black,No,0
Asus ROG Strix Flare PNK LTD,,https://cdna.pcpartpicker.com/static/forever/images/product/5c6c27a6a8d449a0011aa3e459e90065.256p.jpg,Gaming,RGB,Wired,Pink / White,Cherry MX Brown,No,0
Venatos Northern Glow TKL,,Gaming,Gaming,RGB,Wired,Black,DG Orange Clicky Optical,Yes,3.5
Wooting Wooting Two,,Gaming,Gaming,RGB,Wired,Black,Flaretech Red,No,0
ROCCAT Vulcan TKL,,Gaming,Gaming,RGB,Wired,Black,Roccat Titan Red,Yes,3.5
Logitech G Pro X,,https://cdna.pcpartpicker.com/static/forever/images/product/455bd885f289e49f766a4f258f174115.256p.jpg,Gaming,RGB,Wired,Black,Logitech GX Brown Tactile,Yes,5
Tecware Tecware Phantom L,,https://cdna.pcpartpicker.com/static/forever/images/product/66a59048d2dbc9de033fde6589c64fbc.256p.jpg,Gaming,RGB,Wired,Black / Silver,Outemu Brown,Yes,5
Corsair K65 RGB MINI HINT OF MINT,,https://cdna.pcpartpicker.com/static/forever/images/product/0fd56dfc75835bb4beaefac6e0d1fe0b.256p.jpg,Gaming,RGB,Wired,Green / White,Cherry MX Speed Silver,Yes,0
Cooler Master SK653,,https://cdna.pcpartpicker.com/static/forever/images/product/429cb42405d4a522994d2f8850dceba9.256p.jpg,Gaming,RGB,Bluetooth Wireless,White / Silver,TTC Red Low Profile,No,0
Corsair K65 RGB MINI Pastel Twilight,,https://cdna.pcpartpicker.com/static/forever/images/product/dc7b369e195b9a7b54e0b7251c1786b9.256p.jpg,Gaming,RGB,Wired,Purple / Pink,Cherry MX Speed Silver,Yes,0
Razer Pro Type Ultra - ES,,https://cdna.pcpartpicker.com/static/forever/images/product/c59862c23b727511168f8e974d77f47a.256p.jpg,Standard,White,"Wired, Wireless, Bluetooth Wireless",White / Gray,Razer Yellow,No,0
Razer Pro Type Ultra - NO,,https://cdna.pcpartpicker.com/static/forever/images/product/c59862c23b727511168f8e974d77f47a.256p.jpg,Standard,White,"Wired, Wireless, Bluetooth Wireless",White / Gray,Razer Yellow,No,0
Razer Huntsman Gears of War 5 Edition,,Gaming,Gaming,RGB,Wired,Gray / Black,Razer Purple Optical Clicky,No,0
Kinesis Gaming Freestyle Pro,179,https://cdna.pcpartpicker.com/static/forever/images/product/f556c37d298ec80ed674be9586c71ca0.256p.jpg,Ergonomic Split,None,Wired,Black,Cherry MX Brown,Yes,0
DROP MDX-31827-11,,Gaming,Gaming,RGB,Wired,Black,Kailh Silver Speed,Yes,0
Perixx PERIBOARD-106,,Standard,Standard,None,Wired,White,White,No,0
Keychron C1 Pro V2 Hotswap,,Standard,Standard,RGB,Wired,Black / Gray,Keychron K Pro Brown,Yes,0
Keychron C2 Pro V2,,Standard,Standard,White,Wired,Black / Gray,Keychron K Pro Brown,No,0
Keychron K6,,Standard,Standard,White,Wired, Bluetooth Wireless,Black / Gray,Gateron G Pro Red Hot-swappable,Yes,0
Dell KB522,35.99,https://cdna.pcpartpicker.com/static/forever/images/product/a937e5eadc943d905073ac21d62f0042.256p.jpg,Standard,None,Wired,Black,Black,No,0
Keychron K1 Pro,,https://cdna.pcpartpicker.com/static/forever/images/product/0c45ca96a8d032b5e74f6dff7f18fda6.256p.jpg,Standard,RGB,"Wired, Bluetooth Wireless",Black / Red,Gateron Low-Profile Red (Hot-Swappable),Yes,0
Keychron K3 Pro,,https://cdna.pcpartpicker.com/static/forever/images/product/984942c3bfe1fd6d4aab74e08be3fdf2.256p.jpg,Standard,RGB,"Wired, Bluetooth Wireless",Black,Gateron Low-Profile Brown,Yes,0
Keychron K9 Pro,,Standard,Standard,RGB,Wired, Bluetooth Wireless,Black / Red,Gateron Low-Profile Red,Yes,0
Keychron K13 Pro,190.36,Standard,Standard,RGB,Wired, Bluetooth Wireless,Black / Red,Gateron Low-Profile Brown,Yes,0
Keychron K7,109.99,Slim,Slim,White,Wired, Bluetooth Wireless,Black / Gray,Gateron Low-Profile Brown,Yes,0
Asus ROG Strix Scope GUNDAM EDITION,,Gaming,Gaming,RGB,Wired,White / Blue,Cherry MX Blue RGB,Yes,0
AZIO IZO,160.63,https://cdna.pcpartpicker.com/static/forever/images/product/3cf4c9dbdfa9f92c49f06c35a72422ff.256p.jpg,Standard,None,"Wired, Bluetooth Wireless",White / Gold,Gateron Blue,Yes,0
Dell DJ454,52.9,https://cdna.pcpartpicker.com/static/forever/images/product/04bda2c092ab3f81a3c613c9a661f698.256p.jpg,Standard,None,Wired,Black,Black,No,0
HP 235,47.99,Standard,Standard,None,Wired, Wireless,Black,Black,No,0
HP 125,,https://cdna.pcpartpicker.com/static/forever/images/product/9daf04649a64cacc4abea03bb9cf9ed7.256p.jpg,Standard,None,Wired,Black,Black,No,0
iKBC CD87 V2,,Standard,Standard,None,Wired,Black,Cherry MX Blue,Yes,0
IOGEAR GKBSR202TAA,56.93,https://cdna.pcpartpicker.com/static/forever/images/product/c6f5fda170144c37b2cf4836a6017dc6.256p.jpg,Standard,None,Wired,Black,Black,No,0
Kensington K55115US,45.79,https://cdna.pcpartpicker.com/static/forever/images/product/5bc5906de5ac31c873e017b13195dc08.256p.jpg,Standard,None,Wired,Black,Black,No,0
Targus AKM619AMUS,53.99,https://cdna.pcpartpicker.com/static/forever/images/product/89c48e293e765748144c5e042bea631a.256p.jpg,Slim,None,Bluetooth Wireless,Black,Black,No,0
Targus AKF003US,29.99,https://cdna.pcpartpicker.com/static/forever/images/product/6bd5465de7fec09b2963b98b16a34f04.256p.jpg,Mini,None,Bluetooth Wireless,Black,Black,Yes,0
MSI VigorGK30W,,https://cdna.pcpartpicker.com/static/forever/images/product/ee9225daabdc56e7ce0507a903d7f9c9.256p.jpg,Gaming,RGB,Wired,White,White,No,0
IQUNIX F97 Graffiti Diary,,Gaming,Gaming,RGB,Wired, Wireless, Bluetooth Wireless,White / Multicolor,TTC Speed Silver,No,0
IQUNIX OG80 Wormhole,,Gaming,Gaming,RGB,Wired, Wireless, Bluetooth Wireless,White / Green,Cherry MX Red,Yes,0
IQUNIX F97 Hitchhiker,,Gaming,Gaming,RGB,Wired, Wireless, Bluetooth Wireless,White / Gray,Cherry MX Brown,No,0
IQUNIX L80 Formula,,Gaming,Gaming,None,Wired, Wireless, Bluetooth Wireless,White / Black,Cherry MX Brown,Yes,0
YEYIAN Asward 3000,54.99,Gaming,Gaming,RGB,Wired,Black,Outemu Red,No,0
Keychron Q3 Pro Special Edition,,https://cdna.pcpartpicker.com/static/forever/images/product/44491c52fc22719981b24b35a3a5a32c.256p.jpg,Standard,RGB,"Wired, Bluetooth Wireless",Black / Gray,Keychron K Pro Brown,Yes,0
Keychron Lemokey X0 QMK,,Gaming,Gaming,Red,Wired,Black,Keychron Red,Yes,0
Topre Realforce R3HD13,242,Standard,Standard,None,Wired, Bluetooth Wireless,Black,Topre 45g,Yes,0
ADATA XPG Sorcerer Mini,49.99,Mini,Mini,RGB,Wired,Black,XPG Red,Yes,0
Keychron Q3 Max QMK/VIA Side-Printed,,Standard,Standard,RGB,Wired, Wireless, Bluetooth Wireless,White / Gray,Gateron Jupiter Banana,Yes,0
Keychron Q1 QMK V2 Knob SE,,https://cdna.pcpartpicker.com/static/forever/images/product/2cece3a033ee754106a52c14884144eb.256p.jpg,Mini,None,Wired,Red,Gateron G Pro Brown,Yes,0
MCHOSE X75 V2,,https://cdna.pcpartpicker.com/static/forever/images/product/7ab4bbad79fa7c9fa89d321bafa98eac.256p.jpg,Gaming,RGB,"Wired, Wireless, Bluetooth Wireless",Blue / White,Kailh Icy Creamsicle,Yes,0
MCHOSE KX75,,Gaming,Gaming,RGB,Wired, Wireless, Bluetooth Wireless,White / Blue,HMX Light Gauzy,Yes,0
MCHOSE G98,,Gaming,Gaming,RGB,Wired, Wireless, Bluetooth Wireless,Blue / White,LEOBOG Graywood V4,No,0
WOBKEY Rainy 75 Lite,,,Standard,None,"Wired, Wireless, Bluetooth Wireless",Silver,HMX Violet,Yes,0
Keychron K10 QMK V2,,https://cdna.pcpartpicker.com/static/forever/images/product/edd0c9d8e7c0d80b55d41fe62438a4d0.256p.jpg,Standard,White,"Wired, Bluetooth Wireless",Black,Keychron Super Red,No,0
Ducky Ducky x Fallout One 3 RGB LE,,,Gaming,RGB,Wired,Yellow / Blue,Cherry MX Red,No,0
Keychron K1 Max,,https://cdna.pcpartpicker.com/static/forever/images/product/f819c333a8ed94503d41a527447e68a6.256p.jpg,Mini,RGB,"Wired, Wireless, Bluetooth Wireless",Black,Gateron Low-Profile Brown 2.0,Yes,0
Keychron J1,,,Mini,None,"Wired, Wireless, Bluetooth Wireless",Black / Yellow,Keychron Brown Low Profile 2.0,Yes,0
Kensington 64370,40.29,https://cdna.pcpartpicker.com/static/forever/images/product/d4fd212b9ae9c718edf4eccf3812e32c.256p.jpg,Standard,None,Wired,Black,Black,No,0
MCHOSE K87,,https://cdna.pcpartpicker.com/static/forever/images/product/3cd8ff5e0babfd9ca30956fb7e18a826.256p.jpg,Gaming,RGB,"Wired, Wireless, Bluetooth Wireless",White / Blue,TTC Ice,Yes,0
Kensington K72436AM,44.23,https://cdna.pcpartpicker.com/static/forever/images/product/e86e91d3fa24a4a940fb20f1203808b5.256p.jpg,Standard,None,Wired,Black,Black,No,0
Adesso WKB-3100UB,67.05,https://cdna.pcpartpicker.com/static/forever/images/product/1167ebad9f8235b77e955076b26d3de6.256p.jpg,Mini,None,Wireless,Black,Black,Yes,0
Cherry Ultraslim 4400 Series,261.74,https://cdna.pcpartpicker.com/static/forever/images/product/f4233363a46825034ea6d13aaabde4b8.256p.jpg,Slim,None,Wired,Black,Cherry ML,No,0
Adesso SlimTouch 120 - 3-Color Illuminated Compact Multimedia Keyboard,55.55,https://cdna.pcpartpicker.com/static/forever/images/product/2e9014a98a311066dff08d4242da5f82.256p.jpg,Standard,Multicolor,Wired,Black,Black,No,0
Nixeus MK-BN15,,https://cdna.pcpartpicker.com/static/forever/images/product/ef8dbf084c1ae02958e4a5d91907f991.256p.jpg,Gaming,None,Wired,Black / Gray,Kailh Brown,Yes,0
Adesso WKB-4500UB,119.36,https://cdna.pcpartpicker.com/static/forever/images/product/e729503039368acb44172d7bb0e62af4.256p.jpg,Ergonomic,None,Wireless,Black,Black,No,0
Kensington K72344US,52.75,https://cdna.pcpartpicker.com/static/forever/images/product/1fd3057248d38ef016e3e42dac85d314.256p.jpg,Slim,None,Wireless,Black,Black,No,0
SolidTek KB-595BU,21.24,https://cdna.pcpartpicker.com/static/forever/images/product/47db640671a44e8f46ed56de6256b097.256p.jpg,Mini,None,Wired,Black,Black,No,0
Adesso WKB-4400UB,69.98,https://cdna.pcpartpicker.com/static/forever/images/product/cf567b324440a2266cb22f9b1b287352.256p.jpg,Standard,None,Wireless,Black,Black,No,0
Adesso AKB-440UB,105,https://cdna.pcpartpicker.com/static/forever/images/product/c66be791284d103efeb815bebcde2908.256p.jpg,Slim,None,Wired,Black,Black,No,0
Cherry G86-71410EUADAA,,https://cdna.pcpartpicker.com/static/forever/images/product/981e15cbf73a00132211633c04aaeded.256p.jpg,Standard,None,Wired,Black,Black,No,0
Cherry G84-4420LUBEU-2,,Standard,Standard,None,Wired,Black,Black,No,0
Cherry G84-5200LCMEU-2,88.19,https://cdna.pcpartpicker.com/static/forever/images/product/e1bd9fadef73e837716c8acbf90c9ca5.256p.jpg,Standard,None,Wired,Black,Cherry ML,No,0
Fellowes 9892901,138.85,https://cdna.pcpartpicker.com/static/forever/images/product/97acb72faf1a41fa223652e210e8824e.med.256p.jpg,Standard,None,Wired,Black,Black,No,0
Filco Ninja Majestouch-2,136,Standard,Standard,None,Wired,Black,Cherry MX Brown,Yes,0
Cherry G84-4100LCMUS-0,50.99,https://cdna.pcpartpicker.com/static/forever/images/product/15b832fa3e89e8b8f96aef313314f977.256p.jpg,Mini,None,Wired,White,Cherry ML,No,0
Cherry G80-1800 Keyboard,109.99,https://cdna.pcpartpicker.com/static/forever/images/product/5e4c6dbceb4df0e4db4cee038713d690.256p.jpg,Standard,None,Wired,Gray,Cherry MX Black,No,4
Thermaltake Poseidon Z Forged,123.36,Gaming,Gaming,Blue,Wired,Black,Kailh Blue,No,0
Adesso SlimTouch 510,49.9,https://cdna.pcpartpicker.com/static/forever/images/product/8e166c41321e24cfb62f1ae4fc0e0ba2.256p.jpg,Standard,None,Wired,Black,Black,No,0
Adesso SlimTouch 270,,Mini,Mini,None,Wired,White,White,No,0
Penclic MK1,,https://cdna.pcpartpicker.com/static/forever/images/product/e08945e86ca7446dfd6e4c3d1d791866.256p.jpg,Standard,White,Wired,Black / White,Kailh Brown,Yes,0
Nixeus MK-BL15,,https://cdna.pcpartpicker.com/static/forever/images/product/ca0c0b4541ecd6bcac42c12050e7bf98.256p.jpg,Gaming,None,Wired,Black / Gray,Kailh Blue,Yes,0
Zalman ZM-K600S,,Standard,Standard,None,Wired,Black,Black,No,2
Adesso WKB-1150CB,99.28,https://cdna.pcpartpicker.com/static/forever/images/product/2f7753c40e5a6cffe10a1f5b508a89b7.256p.jpg,Ergonomic,None,Wireless,Black,Black,Yes,0
Adesso WKB-4110UB,76.59,https://cdna.pcpartpicker.com/static/forever/images/product/8010c228ac1666ca67e673a9b646baea.256p.jpg,Mini,None,Wireless,Black,Black,Yes,0
Adesso WKB-3500UB,118.37,https://cdna.pcpartpicker.com/static/forever/images/product/e8001e984285a45affa7ecd11fc564a5.256p.jpg,Ergonomic,None,Wireless,Black,Black,No,0
Adesso AKB-150SB-TAA,64.98,https://cdna.pcpartpicker.com/static/forever/images/product/f990fd4a1a63888c86193777afa6d22e.256p.jpg,Ergonomic,None,Wired,Black,Black,No,0
Adesso AKB-630SB-TAA,42.63,https://cdna.pcpartpicker.com/static/forever/images/product/1dab40949ac201677b3c85a041401474.256p.jpg,Standard,None,Wired,Black,Black,No,0
Microsoft Desktop for Business,152.93,Slim,Slim,None,Wired, Wireless, Bluetooth Wireless,Black,Black,No,0
MCHOSE GX87S,,https://cdna.pcpartpicker.com/static/forever/images/product/6a0da679bd034a4b355063ba70efe7b6.256p.jpg,Gaming,RGB,"Wired, Wireless, Bluetooth Wireless",Brown / Black,KTT Mist Blue,Yes,0
Lite-On SK-9020,,https://cdna.pcpartpicker.com/static/forever/images/product/9136180abfe7a8480ad41fd83e145b7e.med.256p.jpg,Slim,None,Wired,Black,Black,No,0
Gigabyte GK-K8100-YEL,,Gaming,Gaming,None,Wired,Yellow,Yellow,No,0
SolidTek KB-4200BU,,Mini,Mini,None,Wired,Black,Black,No,0
Microsoft JWD-00046,89.99,Standard,Standard,None,Wired,Black,Black,No,1
SolidTek KB-260ABU,,Standard,Standard,None,Wired,Black,Black,No,0
Lenovo 73P4730,,Standard,Standard,None,Wired,Black,Black,No,0
SIIG JK-US0512-S1,,Mini,Mini,None,Wired,Black,Black,No,0
SolidTek KB-260ABU-SP,17.98,Standard,Standard,None,Wired,Black,Black,No,3
SolidTek KB-P3100SU,,https://cdna.pcpartpicker.com/static/forever/images/product/0d6151e8e1db33c543a8f6c745b3ddb3.256p.jpg,Mini,None,Wired,Silver / Black,Silver / Black,No,0
HP DT528A#ABA,39.99,Standard,Standard,None,Wired,Black / Silver,Black / Silver,No,5
SolidTek ACK-540,85,Mini,Mini,None,Wired,Black,Black,No,0
Gear Head Keyboard,,Slim,Slim,None,Wired,Black,Black,No,0
SolidTek KB-5010BU,138,https://cdna.pcpartpicker.com/static/forever/images/product/a4748c1dd20303e26c1079cb00e7e590.256p.jpg,Mini,None,Wired,Black,Black,No,0
SolidTek KB-P3100SP,,Mini,Mini,None,Wired,Silver / Black,Silver / Black,No,0
Apevia KU-COMBO-GN,,Standard,Standard,None,Wired,Green / Black,Green / Black,No,0
SolidTek KB-595U,,Mini,Mini,None,Wired,White,White,No,0
HP DT528AT#ABA,,Standard,Standard,None,Wired,Black / Silver,Black / Silver,No,3
Lite-On SK2352/B,,https://cdna.pcpartpicker.com/static/forever/images/product/09c5be0a5466c999c1b9b94b70f13297.med.256p.jpg,Standard,None,Wired,Black,Black,No,0
SolidTek KB-730BU,,Mini,Mini,None,Wired,Black,Black,No,0
Lite-On SK-2355/B,,Standard,Standard,None,Wired,Black,Black,No,0
Apevia KIS-COMBO-SV,,Standard,Standard,None,Wired,Silver / Black,Silver / Black,No,0
SolidTek KB-595BP,,https://cdna.pcpartpicker.com/static/forever/images/product/6cccd1524ad0d2edd7975191d4ea3b10.256p.jpg,Mini,None,Wired,Black,Black,No,0
SolidTek KB-540BU,,https://cdna.pcpartpicker.com/static/forever/images/product/5fbdd348c0480133edfca860f3ef040e.256p.jpg,Mini,None,Wired,Black,Black,No,0
SolidTek MINI TRACK BALL,,Mini,Mini,None,Wired,Black,Black,No,0
Lite-On SK-2085,,https://cdna.pcpartpicker.com/static/forever/images/product/414b9865214c7eb159b90550c134bb63.med.256p.jpg,Slim,None,Wired,Black,Black,No,0
Microsoft Desktop 400,,Standard,Standard,None,Wired,Black,Black,No,4
IOGEAR GKBSR201,83.76,Standard,Standard,None,Wired,Black,Black,No,0
Microsoft Natural Keyboard Elite,279.95,Ergonomic,Ergonomic,None,Wired,White,Beige,No,0
IOGEAR GKM513,,Slim,Slim,None,Wired,Black,Black,No,0
Wintec FileMate Imagine K2210,,Standard,Standard,None,Wired,Blue / White,Orange / White,No,0
V7 10PKUSBKB,,Standard,Standard,None,Wired,Black,Black,No,0
Microsoft Keyboard 400,,Standard,Standard,None,Wired,Black,Black,No,3.5
V7 KC0B2-6N6,,Standard,Standard,None,Wired,Black,Black,No,0
Lite-On SK-1688U/B,,Standard,Standard,None,Wired,Black,Black,No,5
HP KF886AT,,Slim,Slim,None,Wired,Silver / Black,Silver / Black,No,0
Apevia KI-COMBO-SV,,https://cdna.pcpartpicker.com/static/forever/images/product/9eba76e829dea44e542dae72efabcbe5.med.256p.jpg,Standard,None,Wired,Black / Silver,Black / Silver,No,0
Rosewill RK-201,,Standard,Standard,None,Wired,Black,Black,No,5
Lite-On SK-2035/B,,https://cdna.pcpartpicker.com/static/forever/images/product/79fc7d76b5b828e418cca31fb85fea2a.med.256p.jpg,Standard,None,Wired,Black,Black,No,0
Syba CL-KBD20053,,Slim,Slim,None,Wired,White,White,No,0
Lite-On SK-1788/BS,,https://cdna.pcpartpicker.com/static/forever/images/product/c722ea82925705aa76a71b17082bfbca.med.256p.jpg,Standard,None,Wired,Silver / Black,Silver / Black,No,4
V7 KC0B1-6N6,,Standard,Standard,None,Wired,Black,Black,No,0
Apevia KIS-COMBO-BK,,https://cdna.pcpartpicker.com/static/forever/images/product/c08b801c5dc30c0a7c5d7d63afa9e068.med.256p.jpg,Standard,None,Wired,Black,Black,No,0
HP KF885AT,,Slim,Slim,None,Wired,Silver / Black,Silver / Black,No,0
Gigabyte GK-K7100,,Slim,Slim,None,Wired,Black,Black,No,0
HP RC465AA#ABA,68.44,Standard,Standard,None,Wired,Silver / Black,Silver / Black,No,0
Rosewill RK-200,,Standard,Standard,None,Wired,Black,Black,No,2
Rosewill RK-800G,,Gaming,Gaming,None,Wired,Black,Black,No,0
Razer Blackwidow Ultimate Dragon Age II Edition,,Gaming,Gaming,Red,Wired,Black,Cherry MX Blue,No,0
Razer Marauder StarCraft II,,Gaming,Gaming,None,Wired,Black,Black,No,0
Thermaltake eSPORTS Challenger,,Gaming,Gaming,None,Wired,Black,Black,No,4
Thermaltake eSPORTS Challenger Pro,,Gaming,Gaming,Red,Wired,Black,Black,No,4.5
Razer Arctosa,,Standard,Standard,None,Wired,Black,Black,No,4
Thermaltake eSPORTS Meka G1,,Gaming,Gaming,None,Wired,Black,Cherry MX Black,No,5
Razer Lycosa Mirror,,Gaming,Gaming,Blue,Wired,Black,Black,No,0
Thermaltake eSPORTS Meka,,Gaming,Gaming,None,Wired,Black,Cherry MX Black,No,5
Razer BlackWidow Expert Mac Edition,,Gaming,Gaming,None,Wired,Black,Cherry MX Blue,No,4
Gigabyte GK-K8100,,Gaming,Gaming,None,Wired,Black,Black,No,4
Enermax KB009W-B,,Standard,Standard,None,Wireless,Black,Black,No,0
SolidTek ASK3152(US BLACK),,Mini,Mini,None,Bluetooth Wireless,Black,Black,Yes,0
Jetway HWKJ01SUSJ,,Mini,Mini,None,Wireless,Silver / Black,Silver / Black,Yes,0
SolidTek KB-4251B,,Mini,Mini,None,Wireless,Black,Black,Yes,0
Gigabyte KM7600,,Ergonomic,Ergonomic,None,Wireless,Black,Black,No,0
SolidTek KB-3461B,,Mini,Mini,None,Wireless,Black,Black,Yes,0
Gear Head KB5850W,,https://cdna.pcpartpicker.com/static/forever/images/product/2d5ca7eaf23b80a5f48bf153df734c56.256p.jpg,Standard,None,Wireless,Black,Black,No,0
IOGEAR GKM681R,,Mini,Mini,None,Wireless,Black,Black,Yes,0
VisionTek Candyboard,,Mini,Mini,None,Bluetooth Wireless,Black,Black,Yes,0
SolidTek KB-3962B-BT,,Mini,Mini,None,Bluetooth Wireless,Black,Black,No,0
SolidTek ask-3952(us)black,,Mini,Mini,None,Bluetooth Wireless,Black,Black,No,0
SIIG JK-WR0212-S1,,Standard,Standard,None,Wireless,Black / Gray,Black / Gray,No,0
Logitech K100,,Slim,Slim,None,Wired,Black,Black,No,3.5
IOGEAR GKM561R,,Slim,Slim,None,Wireless,Black,Black,Yes,4.5
SolidTek KB-P5000SH,,Slim,Slim,None,Wired,Black / Silver,Black / Silver,No,0
Logitech MX 5500 Revolution,741.69,Standard,Standard,None,Wireless,Black,Black,No,4.5
SIIG JK-WR0612-S1,,Mini,Mini,None,Wireless,Black,Black,Yes,0
Apevia KI-COMBO-BK,,Standard,Standard,None,Wired,Black,Black,No,0
SIIG JK-US0212-S1,,Standard,Standard,None,Wired,Black,Black,No,0
Apevia KI-COMBO-BL,,Standard,Standard,None,Wired,Blue / Black,Blue / Black,No,0
Kensington 72279,,Slim,Slim,None,Wireless,Black,Black,No,0
Microsoft Arc,,https://cdna.pcpartpicker.com/static/forever/images/product/08d4e7630810fb4a204f88c27a74405a.med.256p.jpg,Slim,None,Wireless,Black,Black,Yes,0
IOGEAR GKM561RW4,,Slim,Slim,None,Wireless,Black,Black,Yes,4
Razer TRON,,Gaming,Gaming,Blue,Wired,Black,Black,No,0
Gear Head KB3800TPW,,Standard,Standard,None,Wireless,Black,Black,Yes,0
SIIG JK-WR0312-S1,,Mini,Mini,None,Wireless,Black,Black,Yes,0
Gear Head KB4950TPW,,Mini,Mini,None,Wireless,Black,Black,Yes,0
Rosewill RK-V1TP,,Standard,Standard,None,Wireless,Black,Black,No,0
Rosewill RKM-1600RF,,Slim,Slim,None,Wireless,Black,Black,No,0
IOGEAR GKM581R,,Standard,Standard,None,Wireless,Black,Black,Yes,0
Gear Head KB2500U,,Slim,Slim,None,Wired,Black,Black,No,2.5
SolidTek KB-3910BU,,Mini,Mini,None,Wired,Black,Black,No,0
Rosewill RK-700M,,Standard,Standard,None,Wired,Black,Black,No,4
SolidTek KB-700BU,,https://cdna.pcpartpicker.com/static/forever/images/product/f0e3636a2b98e66698d63379becede9b.256p.jpg,Standard,None,Wired,Black,Black,No,0
SolidTek KB-7070BU,,Slim,Slim,None,Wired,Black,Black,No,0
Microsoft 3TJ-00001,140,Ergonomic,Ergonomic,None,Wired,Black,Black,No,4
SolidTek KB-3462B-BT,,Mini,Mini,None,Bluetooth Wireless,Black,Black,Yes,0
Microsoft 3XJ-00001,406.66,Ergonomic,Ergonomic,None,Wired,Black,Black,No,0
Microsoft J93-00001,,Slim,Slim,None,Wired,Black,Black,No,0
HP BV813AA#ABA,29.99,Standard,Standard,None,Wired,Silver,Silver,No,0
Syba CL-KBD50027,,Slim,Slim,None,Wireless,Black,Black,No,0
HP FQ480AA#ABA,,Standard,Standard,None,Wireless,Black,Black,No,4
Microsoft J9C-00001,,Ergonomic,Ergonomic,None,Wired,Black / Silver,Black / Silver,No,0
V7 CK0M1-6N6,,Standard,Standard,None,Wired,Black,Black,No,0
HP FK218AT#ABA,,Mini,Mini,None,Wired,Black,Black,No,0
Microsoft Wireless Desktop 2000,249.99,Ergonomic,Standard,None,Wireless,Black,Black,No,4
HP NB896AT,,Standard,Standard,None,Wireless,Black / Silver,Black / Silver,No,0
Microsoft YMC-00001,,Standard,Standard,None,Wireless,Black,Black,No,0
Microsoft 2VJ-00001,,Standard,Standard,None,Wireless,Black,Black,No,4
Microsoft 6000,,Slim,Slim,None,Bluetooth Wireless,Black,Black,No,5
HP FQ481AA#ABA,,Slim,Slim,None,Wireless,Black,Black,No,0
Gigabyte GK-K6800,,Standard,Standard,None,Wired,Black,Black,No,5
Rosewill RK-7300,,Standard,Standard,None,Wired,Black,Black,No,0
Microsoft E6K-00001,69.98,Standard,Standard,None,Wireless,Black,Black,No,0
nMEDIAPC HTPCKB-B,,Slim,Slim,None,Wireless,Black,Black,Yes,0
Lite-On SB-9061,,https://cdna.pcpartpicker.com/static/forever/images/product/f9f5e76889629bfb789ab88364bdf63d.med.256p.jpg,Standard,None,Wireless,Black,Black,No,0
Logitech EX 100 Cordless Desktop,,Standard,Standard,None,Wireless,Black,Black,No,0
Logitech diNovo Edge,,Mini,Mini,None,Bluetooth Wireless,Black / White,Black / White,No,5
Acer Iconia Tab,,https://cdna.pcpartpicker.com/static/forever/images/product/1c225a5567cfbc098f15ac94f718f38b.256p.jpg,Mini,None,Bluetooth Wireless,Black,Black,Yes,0
Rosewill RK-100,,Standard,Standard,None,Wired,Black,Black,No,3
Lenovo PREFERRED PRO FULL-SIZE,,https://cdna.pcpartpicker.com/static/forever/images/product/1d3004bdf3dc4e86c434107d5a60575d.256p.jpg,Standard,None,Wired,Black,Black,No,5
Rosewill RK-101,,Standard,Standard,None,Wired,Black,Black,No,1
Microsoft 2LF-00001,,Standard,Standard,None,Wireless,Black,Black,No,3.5
Gigabyte KM7580,,Slim,Slim,None,Wireless,Black,Black,No,3.5
HEC 8A81,,Standard,Standard,None,Wired,Black,Black,No,0
Rosewill RK-7310,,Standard,Standard,None,Wired,Black,Black,No,0
Microsoft Wireless Desktop 3000,,Standard,Standard,None,Wireless,Black,Black,No,4
Kensington 64390,,Standard,Standard,None,Wireless,Black / Beige,Black / Beige,No,0
Gear Head KB5150W,,Standard,Standard,None,Wireless,Black,Black,No,0
Microsoft 5SH-00001,,Standard,Standard,None,Wireless,Black,Black,No,3
Gear Head KB5500W,,Slim,Slim,None,Wireless,Black,Black,No,0
Rosewill RK-9000BR,,Standard,Standard,None,Wired,Black,Cherry MX Brown,No,4.5
Ergoguys Adjustable Keyboard,,https://cdna.pcpartpicker.com/static/forever/images/product/bb244be8f25005e04c481c69d21d4435.256p.jpg,Ergonomic,None,Wired,Black,Black,No,0
Rosewill RK-9000RE,,Standard,Standard,None,Wired,Black,Cherry MX Red,No,4
Enermax KB008W-B-US,,Ergonomic,Ergonomic,None,Wireless,Black,Black,No,0
Rosewill RK-9000BL,,Standard,Standard,None,Wired,Black,Cherry MX Black,No,0
Microsoft Natural Elite,,Ergonomic,Ergonomic,None,Wired,White,White,No,0
Cherry STREAM XT,,https://cdna.pcpartpicker.com/static/forever/images/product/8b6bafbd201d2094a565edc74b91778c.256p.jpg,Standard,None,Wired,Black,Black,No,0
SolidTek KB-3410BU,,Mini,Mini,None,Wired,Black,Black,No,0
Adesso AKB-230W,,Slim,Slim,None,Wired,White,White,No,0
Gear Head KB1700U,,https://cdna.pcpartpicker.com/static/forever/images/product/79f5f4bdb6801e24e3d9ebaca46b3516.med.256p.jpg,Mini,None,Wired,Black,Black,No,0
Cherry Ultraslim,,https://cdna.pcpartpicker.com/static/forever/images/product/07dffad889158edf8dcb273be37fa6b5.256p.jpg,Slim,None,Wired,Gray,Cherry ML,No,0
Gear Head KB3750W,,Mini,Mini,None,Wireless,Black,Black,Yes,0
Gigabyte Force K3,,Gaming,Gaming,None,Wired,Black,Black,No,3.5
Gear Head KBL5925W,,Standard,Standard,None,Wireless,Black,Black,No,5
SIIG JK-US0412-S1,,https://cdna.pcpartpicker.com/static/forever/images/product/9abf79e888b4b2026a704b86c1251d3d.256p.jpg,Slim,None,Wired,Black,Black,No,0
Lenovo 57Y6336,,Mini,Mini,None,Wireless,Black,Black,No,0
Saitek ECB43001N002/04/1,,Slim,Slim,White,Wireless,Black,Black,No,0
Saitek Cyborg V5,,Gaming,Gaming,Red,Wired,Black,Black,No,4
Enermax KB009U-B,,Standard,Standard,None,Wired,Black,Black,No,0
SolidTek KB-730BP,,Mini,Mini,None,Wired,Black,Black,No,0
Logitech Call of Duty: MW3 Edition,,Gaming,Gaming,Green,Wired,Black,Black,No,4.5
Razer BlackWindow Ultimate Mac Edition,,Gaming,Gaming,Blue,Wired,Black,Cherry MX Blue,No,0
Cherry G84-4101PPAUS,,Slim,Slim,None,Wired,Gray,Cherry ML,No,0
Cherry J82-16001LUNEU-2,,Standard,Standard,None,Wired,Black,Black,No,0
Cherry G84-4420LUBEU-0,152.26,https://cdna.pcpartpicker.com/static/forever/images/product/d4036c7b4a2cb76299a1d52d51222748.256p.jpg,Slim,None,Wired,Gray,Cherry ML,No,0
Lite-On SK-2030/B,,https://cdna.pcpartpicker.com/static/forever/images/product/342ee028c727aa7e313edd647611c97d.med.256p.jpg,Slim,None,Wired,Black,Black,No,0
KeyTronic K9.3,,Slim,Slim,None,Wired,Black,Black,No,0
Gigabyte GK-KM5200,20.01,Standard,Standard,None,Wired,Black,Black,No,0
AZIO Levetron Mech4,,https://cdna.pcpartpicker.com/static/forever/images/product/120c7c486cc5636519d2d82b7b05edb2.med.256p.jpg,Gaming,None,Wired,Black,Cherry MX Black,No,4
Gigabyte GK-K6150,,Standard,Standard,None,Wired,Black,Black,No,0
Cherry Wipekey,,Slim,Slim,None,Wired,Black,Black,No,0
Gear Head KB1500U,,Mini,Mini,None,Wired,Silver / Black,Silver / Black,Yes,0
KeyTronic KT800P210PK,,Standard,Standard,None,Wired,Black,Black,No,0
HP RC464AA,,Standard,Standard,None,Wired,Black / Gray,Black / Gray,No,0
Microsoft B2L-00002B,,Ergonomic,Ergonomic,None,Wired,Black,Black,No,2
HP DT527A#ABA,,Standard,Standard,None,Wired,Black,Black,No,5
SolidTek KB-260ABP,,Standard,Standard,None,Wired,Black,Black,No,0
HP BT330AA#ABA,,Standard,Standard,None,Wired,Black,Black,No,0
Verbatim 96671,,Standard,Standard,Blue,Wired,Black,Black,No,0
HP BL549AA#ABA,,Slim,Slim,None,Wireless,Black,Black,No,0
Cherry G81-7000LPDUS-2,,Standard,Standard,None,Wired,Black,Cherry MY,No,0
Wintec FileMate B2020,,https://cdna.pcpartpicker.com/static/forever/images/product/ffe05a139ca7691ee013012306a44e53.med.256p.jpg,Standard,None,Wireless,Black,Black,No,0
AZIO KB333BM,,Mini,Mini,None,Bluetooth Wireless,White,White,Yes,0
V7 KM0B1-6N6,,Standard,Standard,None,Wired,Black,Black,No,0
V7 KC0D1-5N6,19.95,Standard,Standard,None,Wired,Black,Black,No,0
AZIO KB351RT,,Slim,Slim,None,Wireless,Black,Black,No,0
V7 KC0D2-5N6,,Standard,Standard,None,Wired,Black,Black,No,0
IOGEAR GKM552R,,https://cdna.pcpartpicker.com/static/forever/images/product/f7787763a7b15a75445514ea1ce75034.256p.jpg,Slim,None,Wireless,Black,Black,No,0
V7 KM0Z1-5N6P,,Slim,Slim,None,Wired,Black,Black,No,2
Ergoguys WKB-1000M,,https://cdna.pcpartpicker.com/static/forever/images/product/f9c97b6012f2d424f0235673b9cb7e02.med.256p.jpg,Ergonomic,None,Wireless,White,White,No,0
IOGEAR GKB601B,,Mini,Mini,None,Bluetooth Wireless,Black,Black,Yes,0
Logisys KB208BK,,Standard,Standard,None,Wired,Black,Black,No,4
Cherry G86-51410EUADAA,,Mini,Mini,None,Wired,Black,Black,No,0
SIIG JK-US0312-S1,,Mini,Mini,None,Wired,Black,Black,No,0
Adesso MKB-125B,,Slim,Slim,None,Wired,Black,Cherry MX Blue,No,0
SIIG JK-WR0512-S1,,Mini,Mini,None,Wireless,Black,Black,No,0
Rosewill RKM-800RF,,Slim,Slim,None,Wired,Black,Black,No,0
Rosewill RK-9000,,Standard,Standard,None,Wired,Black,Cherry MX Blue,No,5
Adesso ACK-540UW,,Mini,Mini,None,Wired,White,White,Yes,0
Rosewill RIKB-11001,,Slim,Slim,None,Wired,Black,Black,No,5
Adesso ACK-540PW,,Mini,Mini,None,Wired,Beige,Beige,Yes,0
Gigabyte GK-K8100-RED,,https://cdna.pcpartpicker.com/static/forever/images/product/ee3dfde4ba358939e950291da46aa18e.med.256p.jpg,Gaming,None,Wired,Red,Red,No,0
Adesso AKB-310UB,74.25,https://cdna.pcpartpicker.com/static/forever/images/product/d0ceb3cb2d550a05067742ee627297ef.256p.jpg,Mini,None,Wired,Black,Black,Yes,0
SIIG JK-WR0412-S1,,Mini,Mini,None,Wireless,Black,Black,No,0
Adesso ACK-595UW,,https://cdna.pcpartpicker.com/static/forever/images/product/f18e33c4c161f6f5121905df779d6fb6.256p.jpg,Mini,None,Wired,White,White,Yes,0
Microsoft 2WJ-00002,,Standard,Standard,None,Wireless,Black,Black,No,0
Adesso AKB-430UG,,https://cdna.pcpartpicker.com/static/forever/images/product/7aceb9239ab7053e75d467882de53f67.256p.jpg,Standard,None,Wired,Gray / Black,Gray / Black,No,0
HP FK218AA#ABA,254.82,https://cdna.pcpartpicker.com/static/forever/images/product/4010da7745459892e4836a8ab1807358.256p.jpg,Mini,None,Wired,Black,Black,No,0
Adesso ACK-5010UW,,Mini,Mini,None,Wired,White,White,No,0
SolidTek KB-3001SH,,Slim,Slim,None,Wired,Silver / Black,Silver / Black,No,0
Adesso ACK-5010PW,,https://cdna.pcpartpicker.com/static/forever/images/product/b07da5eb094d5837b91557adff8e9ca4.256p.jpg,Mini,None,Wired,White,White,Yes,0
SIIG JK-US0112-S1,,Slim,Slim,None,Wired,Black,ALPS Clicky Simplified White,No,0
Adesso PCK-208B,,Ergonomic,Ergonomic,None,Wired,Black,Black,No,0
Gear Head KB4700TP,,Mini,Mini,None,Wired,Black,Black,No,0
Key Ovation GTU-0033,,https://cdna.pcpartpicker.com/static/forever/images/product/db2d3cde135136fa076ecefc33e4a1eb.med.256p.jpg,Ergonomic,None,Wired,White,White,No,0
IOGEAR GKM561RKIT,,Slim,Slim,None,Wireless,Black,Black,Yes,0
Adesso WKB-4000BM,,Slim,Slim,None,Bluetooth Wireless,White,White,Yes,0
Ergoguys WKB1100,,Ergonomic,Ergonomic,None,Wireless,Black,Black,Yes,0
Adesso AKB-131HB,,Standard,Standard,None,Wired,Black,Black,No,0
Ergoguys KL-5BLK,,Mini,Mini,None,Wired,Black,Black,No,0
Adesso AKB-131PB,,Standard,Standard,None,Wired,Black,Black,No,3
Ergoguys WKB2000,,https://cdna.pcpartpicker.com/static/forever/images/product/d969e6b2c6fe78c4d4fc6dbef4d95e94.256p.jpg,Slim,None,Wireless,Black,Black,No,0
Adesso AKB-530UB,,Standard,Standard,None,Wired,Black,Black,No,0
Ergoguys KBS-29BLK,37.99,Standard,Standard,None,Wired,Black,Black,No,0
Adesso ACK-5010UB,,https://cdna.pcpartpicker.com/static/forever/images/product/daec77d6640c4716c827c217903f1add.256p.jpg,Mini,None,Wired,Black,Black,Yes,0
Ergoguys EVIK-110,,Ergonomic,Ergonomic,None,Wired,Black,Black,No,0
Adesso AKB-131UB,,Standard,Standard,None,Wired,Black,Black,No,0
Ergoguys CD-1038,53.22,https://cdna.pcpartpicker.com/static/forever/images/product/dc6b09f3995a6f0ff21334352eb69c5f.256p.jpg,Ergonomic,None,Wired,Black,Black,No,0
Adesso MKB-135B,,Standard,Standard,None,Wired,Black,Cherry MX Blue,No,4
Das Keyboard DASK3PROMS1,,Standard,Standard,None,Wired,Black,Cherry MX Blue,No,0
Adesso ACK-595PB,,https://cdna.pcpartpicker.com/static/forever/images/product/98d15c172e08b9414af3f52a3bae437a.256p.jpg,Mini,None,Wired,Black,Black,Yes,0
Adesso ACK-573UB,,Mini,Mini,None,Wireless,Black,Black,Yes,0
Ergoguys Arabic 101 and English Bilingual,,Standard,Standard,None,Wired,Black,Black,No,0
Adesso ACK-595PW,,Mini,Mini,None,Wired,White,White,Yes,0
Das Keyboard Model S Ultimate Silent,,https://cdna.pcpartpicker.com/static/forever/images/product/524e620e8fd023676337e22d523e4962.med.256p.jpg,Standard,None,Wired,Black,Cherry MX Brown,No,0
Adesso AKB-110W,59.5,Mini,Mini,None,Wired,White,White,Yes,0
Das Keyboard Model S Ultimate,,https://cdna.pcpartpicker.com/static/forever/images/product/524e620e8fd023676337e22d523e4962.med.256p.jpg,Standard,None,Wired,Black,Cherry MX Blue,No,4.5
Adesso AKB-901,,Mini,Mini,None,Wired,Black / Silver,Black / Silver,Yes,0
Ergoguys CD-1039,34.4,https://cdna.pcpartpicker.com/static/forever/images/product/7b414e967ce090f9fcf382e47e8d5e8c.256p.jpg,Ergonomic,None,Wired,Black,Black,No,0
Ergoguys KB-OR-1500BT,,Mini,Mini,None,Bluetooth Wireless,Black,Black,No,0
Adesso AKB-630B,,Standard,Standard,None,Wired,Black,Black,No,0
Ergoguys RK728,,Ergonomic,Ergonomic,None,Wireless,Black,Black,Yes,0
Adesso AKB-220,,Mini,Mini,None,Wired,Black,Black,No,0
Ergoguys KL-5SILVER,,Mini,Mini,None,Wired,Silver,Silver,No,0
Adesso PCK-308UB,169.95,Ergonomic,Ergonomic,None,Wired,Black,Black,No,0
KeyTronic TRACKBALL-P2,,Standard,Standard,None,Wired,Black,Black,No,0
Adesso WKB-4100UB,,Ergonomic,Ergonomic,None,Wireless,Black,Black,Yes,0
KeyTronic KT800P2M,49.99,https://cdna.pcpartpicker.com/static/forever/images/product/13c458a88438c53271d2304d59f817c3.256p.jpg,Standard,None,Wired,Black,Black,No,0
Adesso MCK-91,82.9,Mini,Mini,None,Wired,Black,Black,Yes,0
KeyTronic KT400U2,,https://cdna.pcpartpicker.com/static/forever/images/product/4fdabd474ee6cbddda0465d812f94684.256p.jpg,Standard,None,Wired,Black,Black,No,0
KeyTronic E03601U1,,Standard,Standard,None,Wired,Beige,Beige,No,0
Adesso AKB-410PB,,Mini,Mini,None,Wired,Black,Black,Yes,0
KeyTronic KT800U2,40,Standard,Standard,None,Wired,Black,Black,No,0
Adesso ACK-5010PB,75,https://cdna.pcpartpicker.com/static/forever/images/product/1b36301a7c540fcc0382a59d4831ca9d.256p.jpg,Mini,None,Wired,Black,Black,Yes,0
KeyTronic KT800P2,,Standard,Standard,None,Wired,Black,Black,No,0
Adesso WKB-3200UB,,Standard,Standard,None,Wired,Black,Black,Yes,0
KeyTronic E06101U2,,Standard,Standard,None,Wired,Black,Black,No,0
Adesso AKB-420UB,,Standard,Standard,None,Wired,Black,Black,No,0
KeyTronic CLASSIC-U2,,Standard,Standard,None,Wired,Black,Black,No,0
Adesso ACK-540UB,,Mini,Mini,None,Wired,Black,Black,Yes,0
KeyTronic KT400U1,34.99,https://cdna.pcpartpicker.com/static/forever/images/product/d04e325ec28f5893c9da9d5cc598fad0.256p.jpg,Standard,None,Wired,Beige,Beige,No,0
KeyTronic KT800U2M,,Standard,Standard,None,Wired,Black,Black,No,0
Adesso AKB-230,,Standard,Standard,None,Wired,Black,Black,Yes,0
KeyTronic E03600P1,,Standard,Standard,None,Wired,Beige,Beige,No,0
KeyScan KS810-P,,Standard,Standard,None,Wired,Black,Black,No,0
KeyTronic E06101P1,,Standard,Standard,None,Wired,Beige,Beige,No,0
Adesso WKB-4000BB,,Slim,Slim,None,Bluetooth Wireless,Black,Black,No,0
KeyTronic CLASSIC-U1,,Standard,Standard,None,Wired,Beige,Beige,No,0
Adesso WKB-4200UB,,Slim,Slim,None,Wireless,Black / Silver,Black / Silver,Yes,0
KeyTronic E06101USBC,,Standard,Standard,None,Wired,Beige,Beige,No,0
Adesso WKB-4000UB,,Slim,Slim,None,Wireless,Black,Black,Yes,0
KeyTronic E03601U2,,Standard,Standard,None,Wired,Black,Black,No,0
Adesso PCK-308B,,Ergonomic,Ergonomic,None,Wired,Black,Black,No,0
Verbatim 96983,63,Slim,Slim,None,Wireless,Black,Black,No,0
Adesso ACK-595UB,49.98,Mini,Mini,None,Wired,Black,Black,Yes,0
KeyTronic KT800U210PK,,Standard,Standard,None,Wired,Black,Black,No,0
Adesso ACK-730B,,https://cdna.pcpartpicker.com/static/forever/images/product/3a19217cda3e6d80240f8069be88d978.256p.jpg,Standard,None,Wired,Black,Black,No,0
KeyTronic E03601P2,,Standard,Standard,None,Wired,Black,Black,No,0
Adesso ACK-730UW,,Mini,Mini,None,Wired,White,White,No,0
Verbatim 97472,,Mini,Mini,None,Wireless,Black,Black,Yes,0
Saitek Eclipse II,,https://cdna.pcpartpicker.com/static/forever/images/product/4ddfff18a78fa82ffc3369c7a7769784.256p.jpg,Gaming,Multicolor,Wired,Black,Black / Silver,No,5
KeyTronic KT800U2M10PK,,https://cdna.pcpartpicker.com/static/forever/images/product/a52a2fd260ae13f7ff7527034dd98c95.256p.jpg,Standard,None,Wired,Black,Black,No,0
Saitek ECB43002N002/06/1,,Slim,Slim,White,Wired,Black,Black,No,0
KeyTronic TAG-A-LONG-P1,,https://cdna.pcpartpicker.com/static/forever/images/product/8a3696dd10aa1c7fc524715ae52f209d.256p.jpg,Standard,None,Wired,Beige,Beige,No,0
Adesso WKB-3000UB,,Mini,Mini,None,Wireless,Black,Black,Yes,0
KeyTronic E03601P15PK,,https://cdna.pcpartpicker.com/static/forever/images/product/dfce44b0b76df896f1514bb03b137846.256p.jpg,Standard,None,Wired,Beige,Beige,No,0
Saitek Eclipse III,,Standard,Standard,Multicolor,Wired,Black,Black,No,5
Adesso AKB-210,,https://cdna.pcpartpicker.com/static/forever/images/product/892666c3bd25dccf268b4798c1c498bf.256p.jpg,Mini,None,Wired,Black,Black,No,0
KeyTronic KT800P2M10PK,,Standard,Standard,None,Wired,Black,Black,No,0
Adesso ACK-540PB,,Mini,Mini,None,Wired,Black,Black,Yes,0
KeyTronic SCARD-U1,,Standard,Standard,None,Wired,Beige,Beige,No,0
Adesso AKB-520UB,,https://cdna.pcpartpicker.com/static/forever/images/product/2a3ca425d495d6cf6725ad2d410959fb.256p.jpg,Slim,None,Wired,Black,Black,No,0
KeyTronic SCARD-U2,,Standard,Standard,None,Wired,Black,Black,No,0
AZIO KB334B,,Mini,Mini,None,Bluetooth Wireless,Black,Black,Yes,0
KeyTronic E03601U2M,,Standard,Standard,None,Wired,Black,Black,No,0
AZIO KB503U,,Slim,Slim,None,Wired,Black,Black,No,4.5
KeyTronic E06101U1,,Standard,Standard,None,Wired,Beige,Beige,No,0
Targus AKB04US,,Standard,Standard,None,Wired,Silver / Black,Silver / Black,No,0
KeyTronic E06101USBB,,Standard,Standard,None,Wired,Black,Black,No,0
AZIO Levetron,,Gaming,Gaming,Blue,Wired,Black,Black,No,4
KeyTronic TRACKBALL-U2,,Standard,Standard,None,Wired,Black,Black,No,0
AZIO KB336RP,,Slim,Slim,None,Wireless,Black,Black,Yes,0
KeyTronic E06101P2,,Standard,Standard,None,Wired,Black,Black,No,0
Targus AKB24US,,Standard,Standard,None,Wireless,Black / Silver,Black / Silver,No,0
KeyTronic TAG-A-LONG-P2,,Standard,Standard,None,Wired,Black,Black,No,0
KeyTronic TRACKBALL-P1,,Standard,Standard,None,Wired,Beige,Beige,No,0
AZIO KB338BP,,Mini,Mini,None,Bluetooth Wireless,Black,Black,Yes,0
KeyTronic E03600U2,,Standard,Standard,None,Wired,Black,Black,No,0
Targus Corporate Keyboard,28.94,Standard,Standard,None,Wired,Black,Black,No,0
KeyTronic E03601P1,,Standard,Standard,None,Wired,Beige,Beige,No,0
Targus AKB14USZ,,Standard,Standard,None,Wired,Black,Black,No,0
KeyTronic E03601P25PK,,Standard,Standard,None,Wired,Black,Black,No,0
Cherry G80-11900LUMEU-0,67.68,https://cdna.pcpartpicker.com/static/forever/images/product/784463dff629d19957fa6efb29bd4c7e.256p.jpg,Mini,None,Wired,Gray,Cherry MX Black,No,0
KeyTronic E03601P2M,,Standard,Standard,None,Wired,Black,Black,No,0
Cherry G80-8113LRAUS-2,,https://cdna.pcpartpicker.com/static/forever/images/product/f07ba29bfdc32ecf35e5f65f6c36b7cf.256p.jpg,Standard,None,Wired,Black,Black,No,0
KeyTronic E03600P2,,Standard,Standard,None,Wired,Black,Black,No,0
Cherry G83-6104LPNEU-2,,Standard,Standard,None,Wired,Black,Black,No,0
Verbatim 97537,,Mini,Mini,None,Bluetooth Wireless,Black,Black,Yes,0
Cherry G81-8000LPDUS-2,,Standard,Standard,None,Wired,Black,Cherry MY,No,0
KeyTronic KT400P4,,Standard,Standard,None,Wired,Gray,Gray,No,0
Cherry G81-7000LUVEU-2,,Standard,Standard,None,Wired,Black,Cherry MY,No,0
KeyTronic KT400P2,,https://cdna.pcpartpicker.com/static/forever/images/product/e3f376e656963cb2e352375837207f7c.256p.jpg,Standard,None,Wired,Black,Black,No,0
Cherry G83-6744LUAUS-2,,Standard,Standard,None,Wired,Black,Black,No,0
KeyTronic CLASSIC-P2,,Standard,Standard,None,Wired,Black,Black,No,0
Cherry G81-7000LUVEU-0,,Mini,Mini,None,Wired,Gray,Cherry MY,No,0
Verbatim 96668,,https://cdna.pcpartpicker.com/static/forever/images/product/4c70d4173cc5e5ceece27cd99746bab6.med.256p.jpg,Standard,White,Wired,Black,Black,No,0
Verbatim 96666,,Slim,Slim,None,Wireless,Black / Silver,Black / Silver,No,0
Cherry G80-11900LTMUS-2,,https://cdna.pcpartpicker.com/static/forever/images/product/0aea31c1ff539c327f2d52226f72840d.256p.jpg,Standard,None,Wired,Black,Black,No,0
KeyTronic CLASSIC-P1,,Standard,Standard,None,Wired,Beige,Beige,No,0
Cherry G84-4100PRAUS,,Slim,Slim,None,Wired,Black,Cherry ML,No,0
KeyTronic TAG-A-LONG-U2,,Standard,Standard,None,Wired,Black,Black,No,0
Cherry G84-4100PTAUS,,Slim,Slim,None,Wired,Black,Cherry ML,No,0
Cherry G83-6644LUAEU-2,22.99,Standard,Standard,None,Wired,Black,Black,No,0
Cherry G80-8113LRDUS-2,,https://cdna.pcpartpicker.com/static/forever/images/product/47cae4c19bc8d67208b787c59d18df11.256p.jpg,Standard,None,Wired,Black,Black,No,0
Cherry G86-61410EUADAA,116.99,https://cdna.pcpartpicker.com/static/forever/images/product/f36ba7842f3275d5eac4b1b80713c796.256p.jpg,Standard,None,Wired,Black,Black,No,0
Cherry G81-8000LUVEU-2,,Standard,Standard,None,Wired,White,White,No,0
Cherry J82-16001LUNEU-0,,Standard,Standard,None,Wired,Gray,Gray,No,0
Cherry G84-5500LPMES-2,,Standard,Standard,None,Wired,Black,Black,No,0
Cherry J82-16001LPNEU-2,,Standard,Standard,None,Wired,Black,Black,No,0
Cherry Compact 1800 Series,,https://cdna.pcpartpicker.com/static/forever/images/product/8d782b1f4320ea4986720d189586e6fb.256p.jpg,Mini,None,Wired,Gray,Cherry MY,No,0
Cherry G83-6104LANUS-0,,Standard,Standard,None,Wired,Gray,Gray,No,0
Cherry Advanced Performance Line,,https://cdna.pcpartpicker.com/static/forever/images/product/cbddacd991d6d2bff465b43a6bda9d11.256p.jpg,Standard,None,Wired,Black,Black,No,0
Cherry G84-4100PPAUS,,Slim,Slim,None,Wired,Beige,Cherry ML,No,0
Cherry G81-1800LPMUS-2,,Mini,Mini,None,Wired,Black,Cherry MY,No,0
Cherry G86-62401EUADAA,,Slim,Slim,None,Wired,Black,Black,No,0
Cherry G81-1800LPMUS-0,,Mini,Mini,None,Wired,Gray,Cherry MY,No,0
Cherry G84-5500LPMEU-2,,Slim,Slim,None,Wired,Black,Cherry ML,No,0
Cherry G81-1841LPMUS-0,,Mini,Mini,None,Wired,Gray,Cherry MY,No,0
Cherry G80-11900LPMUS-2,,https://cdna.pcpartpicker.com/static/forever/images/product/11efc681fb053d34a2aea63c052e1b1b.256p.jpg,Mini,None,Wired,Black,Cherry MX Black,No,0
Adesso WKB-4000US,249.95,Mini,Mini,None,Wireless,Silver / Gray,Silver / Gray,Yes,0
Adesso ACK-730W,,Mini,Mini,None,Wired,White,White,No,0
Cherry G84-5500LUMEU-0,265.61,https://cdna.pcpartpicker.com/static/forever/images/product/3568b9316078241220e0e0c239eb6e09.256p.jpg,Standard,None,Wired,Gray,Gray,No,0
V7 CK0C1-6N6,,Standard,Standard,None,Wired,Black,Black,No,0
Unitech K2724U-B,,https://cdna.pcpartpicker.com/static/forever/images/product/a2ba1ad305c938365b423ba0d0fc50c5.256p.jpg,Mini,None,Wired,Black,Black,No,0
Kensington K72279US,,Mini,Mini,None,Wireless,Black,Black,No,0
V7 CK0C2-6N6,,Standard,Standard,None,Wired,Black,Black,No,0
Verbatim 97754,,Slim,Slim,None,Bluetooth Wireless,White,White,Yes,0
V7 Elite,,Standard,Standard,None,Wireless,Black,Black,No,0
Verbatim 97753,,Slim,Slim,None,Bluetooth Wireless,Black,Black,No,0
Verbatim 97872,,Slim,Slim,None,Bluetooth Wireless,White,White,Yes,0
Rosewill RIKB-11002,,Slim,Slim,None,Wired,Black,Black,No,4
Tripp Lite IN3008KB,,Slim,Slim,None,Wired,Black,Black,No,0
Logitech 967674-0120,,Standard,Standard,None,Wired,Black,Black,No,0
Unitech K2714U-B,,https://cdna.pcpartpicker.com/static/forever/images/product/5caac03d182ad41830ea724549430265.256p.jpg,Mini,None,Wired,Black,Black,No,0
Enermax KM001W,,Standard,Standard,None,Wireless,Black,Black,No,0
Razer BlackWidow Ultimate Battlefield 3 Edition,,Gaming,Gaming,Orange,Wired,Black,Cherry MX Blue,No,3.5
Logitech MK100,,Slim,Slim,None,Wired,Black,Black,No,5
Microsoft CSD-00001,,Ergonomic,Ergonomic,None,Wireless,Black,Black,No,0
Microsoft BV3-00003,112.21,Standard,Standard,None,Wireless,Black,Black,No,0
Microsoft 7ZJ-00001,,Ergonomic,Ergonomic,None,Wired,Black,Black,No,0
Microsoft ZHA-00001,,Slim,Slim,None,Wireless,Black,Black,No,0
Microsoft XSA-00001,345,Ergonomic,Ergonomic,None,Wireless,Black / Silver,Black / Silver,No,5
Microsoft APB-00001,78.95,https://cdna.pcpartpicker.com/static/forever/images/product/7a1108e004dbb05a3923d072f0e04ecb.256p.jpg,Slim,None,Wired,Black,Black,No,5
IOGEAR GKM551R,,Slim,Slim,None,Wireless,Black,Black,No,0
Gyration GYM5600LKNA,,Standard,Standard,None,Wireless,Black,Black,No,0
ARCTIC K481,,Mini,Mini,None,Wireless,Black,Black,Yes,4
Qumax Gemini-P29MT,,Mini,Mini,None,Wireless,Black,Black,No,0
Grandtec KEY-3000,,https://cdna.pcpartpicker.com/static/forever/images/product/9f6ec22ffe8d0ac76fd493e2c4ec8af1.256p.jpg,Slim,None,Wireless,Black,Black,Yes,0
Grandtec FLX500U,,https://cdna.pcpartpicker.com/static/forever/images/product/7d05f30fcfd8ad4e841ddfa18aa257b7.med.256p.jpg,Mini,None,Wired,Black,Black,No,0
Grandtec FLX-2000,,https://cdna.pcpartpicker.com/static/forever/images/product/5bb515ab02307efeebf1b23f14cba0fa.med.256p.jpg,Slim,None,Wired,Black,Black,No,0
Adesso WKB-3000U,,Standard,Standard,None,Wireless,Black,Black,Yes,0
Qumax Gemini N2AM,,Slim,Slim,None,Wired,Silver,Silver,No,0
Tripp Lite IN3010KB,14.99,Slim,Slim,None,Wireless,White,White,No,0
Qumax Xarmor U9W,,Standard,Standard,None,Wireless,Black,Cherry MX Brown,No,0
Qumax Gemini U26,,Slim,Slim,None,Wireless,Black,Black,No,0
Qumax Xarmor U9,,Standard,Standard,None,Wired,Black,Cherry MX Brown,No,0
Qumax Scorpius V6,,https://cdna.pcpartpicker.com/static/forever/images/product/c129e6cd1e5f2c54064a277856b67545.med.256p.jpg,Mini,None,Wired,Black,Black,No,0
Grandtec FLX-7000,,https://cdna.pcpartpicker.com/static/forever/images/product/2b3466e63a97c8c3d7a4ec17b998bdc3.256p.jpg,Standard,None,Wired,White,White,No,0
Qumax Xarmor U9Plus,,Gaming,Gaming,None,Wired,Black,Cherry MX Blue,No,0
Grandtec GLW-1000,,https://cdna.pcpartpicker.com/static/forever/images/product/11497281dac126c248264016c32b405e.256p.jpg,Slim,None,Wired,White,White,No,0
Ergoguys My-Lil Kids Computer,,Standard,Standard,None,Wired,Blue,Blue,No,0
Kensington 64338,,Ergonomic,Ergonomic,None,Wired,Black,Black,No,0
Logitech Wave Pro Desktop,409.28,Ergonomic,Ergonomic,None,Wireless,Black,Black,No,0
SIIG JK-BT0112-S1,,Mini,Mini,None,Bluetooth Wireless,Black,Black,Yes,0
Adesso ACK-595,29.99,Mini,Mini,None,Wired,White,White,Yes,0
HP FK221AT#ABA,,Mini,Mini,None,Wired,Black,Black,No,0
Qumax Scorpius N1T,,https://cdna.pcpartpicker.com/static/forever/images/product/c52a05ef89baebd4a97a8986d143733e.med.256p.jpg,Slim,None,Wired,Silver / Black,Silver / Black,No,0
Cherry G84-5400LUMEU-2,141.19,https://cdna.pcpartpicker.com/static/forever/images/product/5a79011aaed50f43376485485c4133e9.256p.jpg,Slim,None,Wired,Black,Cherry ML,No,0
SolidTek KBP-3100BU,,Mini,Mini,None,Wired,Black,Black,No,0
Cherry G80-8200LPDUS-0,,Standard,Standard,None,Wired,Gray,Gray,No,0
SolidTek KB-7070BP,,Standard,Standard,None,Wired,Black,Black,No,0
Qumax Scorpius U2,,https://cdna.pcpartpicker.com/static/forever/images/product/c6dcfa6f8821dcef441511fb8ee1f9f5.med.256p.jpg,Slim,None,Wired,Black,Black,No,0
SolidTek KB-7091BU,,Slim,Slim,None,Wired,Black,Black,No,0
Logitech Y-UY95,349.99,https://cdna.pcpartpicker.com/static/forever/images/product/2288e2d9b1f26e9cadf0875536fd42c1.256p.jpg,Gaming,None,Wired,Black,Black,No,5
Razer BlackWidow Ultimate Mass Effect 3 Edition,,Gaming,Gaming,Red,Wired,Black,Cherry MX Blue,No,0
ROCCAT ISKU,,Gaming,Gaming,Blue,Wired,Black,Black,No,4
SteelSeries 7G,,https://cdna.pcpartpicker.com/static/forever/images/product/941f3ab3d60ae6fab85beb8ef6ab9143.med.256p.jpg,Standard,None,Wired,Black,Cherry MX Black,No,0
SteelSeries Zboard,,Gaming,Gaming,None,Wired,Black / Silver,Black / Silver,No,2
ROCCAT Arvo,,Gaming,Gaming,None,Wired,Black,Black,No,4.5
SteelSeries Zboard Limited Edition StarCraft II,,Gaming,Gaming,None,Wired,Black,Black,No,4
SteelSeries Shift Medal of Honor Edition,,Gaming,Gaming,None,Wired,Black,Black,No,0
Cooler Master Storm Trigger,,Gaming,Gaming,Red,Wired,Black,Cherry MX Brown,No,4.5
HP VF097AA#ABA,,Standard,Standard,None,Wired,Black,Black,No,0
Cyborg S.T.R.I.K.E. 7,,https://cdna.pcpartpicker.com/static/forever/images/product/2efdd319d07ca536d217b600244f521d.med.256p.jpg,Gaming,None,Wired,Black,Black,No,0
Microsoft Mobile 5000,238.52,Ergonomic,Ergonomic,None,Bluetooth Wireless,Black,Black,Yes,0
Syba CL-KBD23024,,Mini,Mini,None,Bluetooth Wireless,Silver / White,Silver / White,Yes,0
Kensington K39514US,,Mini,Mini,None,Bluetooth Wireless,Black,Black,Yes,0
Rosewill RK-8200,,Gaming,Gaming,Blue,Wired,Black,Black,No,0
Gateway KR-0350,,Standard,Standard,None,Wireless,White / Black,White / Black,No,0
Rosewill RK-8100,,Gaming,Gaming,None,Wired,Black,Black,No,3
Gateway KR-0401,,Standard,Standard,None,Wireless,Black / Gray,Black / Gray,No,0
ARCTIC K381,,Slim,Slim,None,Wired,Black,Black,No,0
SteelSeries PW1CAE1-B3ZBD01,,Gaming,Gaming,None,Wired,Black / White,Black / White,No,0
SolidTek 138 0383,,Standard,Standard,None,Wired,Black,Black,No,0
AZIO Mini Thumb Keyboard w/ Trackball,,Mini,Mini,None,Wireless,Black,Black,Yes,0
SolidTek 138 0160,,Mini,Mini,None,Wired,White,White,No,0
Kensington Pro Fit Wired Media Keyboard,,Standard,Standard,None,Wired,Black,Black,No,4
HP C4739-60113,,Standard,Standard,None,Wired,White,White,No,0
Kensington Pro Fit Wireless Comfort Desktop Set,78.8,https://cdna.pcpartpicker.com/static/forever/images/product/a9b0b7ea1823ff8dfae236bd74bd3d29.256p.jpg,Standard,None,Wireless,Black,Black,No,0
Dell 0DJ415,,Standard,Standard,None,Wired,Black,Black,No,0
Kensington K72402US,25.99,https://cdna.pcpartpicker.com/static/forever/images/product/156946f8dd94612962e52750051a2352.256p.jpg,Standard,None,Wired,Black,Black,No,0
Kensington K64338,,https://cdna.pcpartpicker.com/static/forever/images/product/8141c448c239bc462f15f753d602054c.256p.jpg,Standard,None,Wired,Black,Black,No,2
Dell 0DJ425,,Standard,Standard,None,Wired,Black,Black,No,3.5
SIIG JK-WR0712-S1,,Standard,Standard,None,Wireless,Black,Black,Yes,0
Cherry Business G83-6104 Keyboard,,Standard,Standard,None,Wired,Black,Black,No,0
Dell 468-7408 Keyboard,,Standard,Standard,None,Wired,Black,Black,No,4
Logisys Streamline Character-illuminated White LED Keyboard,,Ergonomic,Ergonomic,None,Wired,Black,Black,No,5
Logitech Wireless Solar Keyboard K760,197.16,Mini,Mini,None,Bluetooth Wireless,Silver / Black,Silver / Black,Yes,0
Cooler Master Storm Quick Fire Pro,,Gaming,Gaming,None,Wired,Black,Cherry MX Brown,No,4.5
A4Tech KLS-5,,https://cdna.pcpartpicker.com/static/forever/images/product/7573d6fb2a91b5f705dceca73ac26818.med.256p.jpg,Slim,None,Wired,Black,Black,Yes,0
Cherry INITIAL Corded Multimedia Keyboard,,Standard,Standard,None,Wired,Black,Black,No,0
KeyTronic E03600U1,,https://cdna.pcpartpicker.com/static/forever/images/product/23cf2e3da8f10022f9cd1f75b40d3813.256p.jpg,Standard,None,Wired,Beige,Beige,No,0
Cherry G84-4400PUBUS-0,,Standard,Standard,None,Wired,Gray,Cherry ML,No,0
Cherry J82-16001 Business K-1 Keyboard,,Standard,Standard,None,Wired,Gray,Gray,No,0
Logitech K320,,Standard,Standard,None,Wireless,Black,Black,No,0
Rosewill RK-9000I,,Standard,Standard,None,Wired,White / Black,Cherry MX Blue,No,4.5
Microsoft Comfort Desktop 5000 for Business,,Ergonomic,Ergonomic,None,Wireless,Black,Black,No,3
Logitech 967685-0403-1,,Standard,Standard,None,Bluetooth Wireless,Black / Silver,Black / Silver,Yes,0
A4Tech G800V,65.22,https://cdna.pcpartpicker.com/static/forever/images/product/0fa825840450946ac9439cd8ebe3d370.256p.jpg,Gaming,None,Wired,Black,Black,No,5
Adesso AKB-410UW,,Mini,Mini,None,Wired,White,White,Yes,0
Gigabyte GK-OSMIUM,,Gaming,Gaming,Blue,Wired,Black,Cherry MX Red,No,4.5
Logitech 967362-0403,,Standard,Standard,None,Wired,Black,Black,No,0
Planar ProGlow Backlit Keyboard,,Standard,Standard,White,Wired,Black,Black,No,0
VisionTek Candyboard Keyboard with Touchpad,,Mini,Mini,White,Wireless,Black,Black,Yes,0
I/O Magic I012K03BMB,,Ergonomic,Ergonomic,None,Bluetooth Wireless,Black,Black,No,0
VisionTek Candyboard Keyboard with Touchpad and Built in IR Remote,,Mini,Mini,White,Wireless,Black,Black,No,0
I/O Magic I012K01BS,,Mini,Mini,None,Bluetooth Wireless,Black,Black,Yes,0
I/O Magic I012K02BS,,Slim,Slim,None,Bluetooth Wireless,Black,Black,Yes,0
SolidTek KB-5331B-PF Keyboard,,Mini,Mini,None,Bluetooth Wireless,Black,Black,Yes,0
A4Tech KL-5BK,,https://cdna.pcpartpicker.com/static/forever/images/product/7a464a5e5880f18c387d9529dbd2b1c1.med.256p.jpg,Slim,None,Wired,Black,Black,Yes,0
Cherry Classic Line G83-6101 PC Keyboard,,https://cdna.pcpartpicker.com/static/forever/images/product/464b8933395fb2d003328ceb6aaf9f78.med.256p.jpg,Standard,None,Wired,Black,Black,No,0
A4Tech KL-8MUU,,https://cdna.pcpartpicker.com/static/forever/images/product/b2361053bf12536310be369bc0bc63f4.med.256p.jpg,Slim,None,Wired,Gray / Black,Gray / Black,No,0
Cherry J86-4400 Vandal-Proof Keyboard,,https://cdna.pcpartpicker.com/static/forever/images/product/778e254e90f21e4c6f82c3c7ba31abbe.256p.jpg,Slim,None,Wired,Gray,Gray,No,0
A4Tech KBS-29,,https://cdna.pcpartpicker.com/static/forever/images/product/e23807a7f69ddc7d5ebd98d3ede459af.med.256p.jpg,Ergonomic,None,Wired,Black,Black,No,0
Cherry J84-2120 Keyboard,,https://cdna.pcpartpicker.com/static/forever/images/product/6c5f379dd12bed7444a2ca5980b39002.med.256p.jpg,Mini,White,Wired,Black,Black,No,0
Targus AKB33,,Mini,Mini,None,Bluetooth Wireless,Black,Black,Yes,0
Syba CL-KBD23025,,Mini,Mini,None,Bluetooth Wireless,Silver / Black,Silver / Black,Yes,0
Adesso WKB-1000BA,,https://cdna.pcpartpicker.com/static/forever/images/product/c196ec4c957046b6a74205e93aaee79c.256p.jpg,Mini,None,Bluetooth Wireless,Black,Black,Yes,0
SteelSeries 64105SS,,Gaming,Gaming,None,Wired,Black,Black,No,0
Mad Catz CCB43107N0B2/04/1,,Gaming,Gaming,None,Wired,Black / Gray,Black / Gray,No,0
SteelSeries 64115,,Gaming,Gaming,None,Wired,Black,Black,No,0
ViewSonic VPAD-CASE-002,,Mini,Mini,None,Bluetooth Wireless,Black,Black,Yes,0
Gear Head KB5950TPW,,Ergonomic,Ergonomic,None,Wireless,Black,Black,No,0
Das Keyboard Model S Professional For Mac,,https://cdna.pcpartpicker.com/static/forever/images/product/bfdfdbe47231e25278ca8e163d3bcea5.med.256p.jpg,Standard,None,Wired,Black,Cherry MX Blue,No,0
Logitech 920-003706,,Standard,Standard,None,Wireless,Black,Black,No,3
Logitech 920-003709,,Standard,Standard,None,Wireless,Black,Black,No,2
Logitech Fold-Up Keyboard,15,Mini,Mini,None,Bluetooth Wireless,Black,Black,Yes,0
Thermaltake eSPORTS Meka G-Unit,,Gaming,Gaming,White,Wired,Black,Cherry MX Black,No,5
Logitech Solar Keyboard K750 for Mac,,Slim,Slim,None,Wireless,Black,Black,No,5
Grandtec Virtually Indestructible Keyboard USB 109-Key,,https://cdna.pcpartpicker.com/static/forever/images/product/7aed5dd6efcac8a03929cc28505007d7.med.256p.jpg,Standard,None,Wired,Black,Black,No,0
Logitech K750 Keyboard,,Slim,Slim,None,Wireless,Silver / Black,Silver / Black,No,0
KeyTronic E03601P2M5PK,,Standard,Standard,None,Wired,Black,Black,No,0
Unitech K595U-B Mini POS Keyboards,,https://cdna.pcpartpicker.com/static/forever/images/product/50bdbcd657c85b2924044349b7eee936.256p.jpg,Mini,None,Wired,Black,Black,No,0
Logitech K120-TAA Keyboard,33.33,Standard,Standard,None,Wired,Black,Black,No,4.5
Lenovo Preferred Pro USB Keyboard,129,https://cdna.pcpartpicker.com/static/forever/images/product/2ba0c560cb1622cf468dceb6decde36d.256p.jpg,Standard,None,Wired,Black,Black,No,0
Ergoguys Wireless Keyboard Space Saver Optical Trackball,,Standard,Standard,None,Wireless,Black / Silver,Black / Silver,No,0
Logitech Keyboard,,Mini,Mini,None,Bluetooth Wireless,Black,Black,Yes,4
KeyTronic F-SCAN-KSC01US Keyboard,,Standard,Standard,None,Wired,Beige,Beige,No,0
KeyTronic E05390U2 Keyboard,,https://cdna.pcpartpicker.com/static/forever/images/product/f486bec9766e64bfadaf3466938051d8.256p.jpg,Standard,None,Wired,Black,Black,No,0
Targus AKB13US Keyboard,,Slim,Slim,None,Wired,Black,Black,No,0
Cherry Classic Line G81-1800 PC Keyboard,,Standard,Standard,None,Wired,Gray,Gray,No,0
Sony SGP-WKB1 Keyboard,,Mini,Mini,None,Bluetooth Wireless,Black,Black,No,0
SolidTek KB-3920BU Keyboard,,Mini,Mini,None,Wired,Black,Black,No,0
Cherry Classic G83-6105 Keyboard,,Standard,Standard,None,Wired,Black,Black,No,0
Cherry G83-6744 Smart Card Keyboard,,Standard,Standard,None,Wired,Black,Black,No,0
AZIO Levetron Mech5,,Gaming,Gaming,None,Wired,Black / Red,Cherry MX Black,No,4.5
Cherry J842120 Keyboard,,Mini,Mini,White,Wired,Blue,Blue,No,0
Gear Head KB2200B Standard Keyboard,,Standard,Standard,None,Wired,Black,Black,No,0
Buslink KR-6820E-BK,53.93,https://cdna.pcpartpicker.com/static/forever/images/product/7a5e2b88fd2e25528b359a6921663ac5.256p.jpg,Slim,None,Wired,Black,Black,No,4
Cherry G83-6105 Keyboard,,Standard,Standard,None,Wired,Black,Black,No,0
Buslink KR-6401-BK,,Slim,Slim,None,Wired,Black,Black,No,0
Cherry G80-11900 Series Compact Keyboard,,https://cdna.pcpartpicker.com/static/forever/images/product/477d82adceec92deaaf43311142e9e3e.256p.jpg,Standard,None,Wired,Gray,Gray,No,0
Mad Catz CCB44026N0B2/06/1,,Gaming,Gaming,None,Wired,Black,Black,No,0
Cherry Advanced Performance Line G83-6744 Smart Board keyboard,,Standard,Standard,None,Wired,Gray,Gray,No,0
Buslink RF-6577L-WH,,https://cdna.pcpartpicker.com/static/forever/images/product/0a61069eed47abc43fee1923cfaecb6c.256p.jpg,Standard,None,Wireless,White,White,No,0
Cherry G84-4100 Series Ultraslim Keyboard,,Slim,Slim,None,Wired,Gray,Gray,No,0
Ergoguys 01027,,Ergonomic,Ergonomic,None,Wireless,Black / Gray,Black / Gray,No,0
V7 KC0A1-4N6P Keyboard,19.98,Standard,Standard,None,Wired,Black,Black,No,2
SolidTek KB-3152B-BT,,Mini,Mini,None,Bluetooth Wireless,Black,Black,Yes,0
Key Ovation Go! Travel Ergonomic Keyboard USB MAC, PC,,https://cdna.pcpartpicker.com/static/forever/images/product/d4e19ea0858897fd1149638044343143.med.256p.jpg,Ergonomic,None,Wired,Gray / Black,Gray / Black,No,0
Key Ovation Keyboard,,https://cdna.pcpartpicker.com/static/forever/images/product/c0969440146ffc4e83c0afd1df4212c8.256p.jpg,Ergonomic,None,Wired,Black,Black,No,0
Buslink RF-6572L-WH,,https://cdna.pcpartpicker.com/static/forever/images/product/e8bed71caacd1dee4f4186bb8b7b0abc.256p.jpg,Standard,None,Wireless,White,White,No,5
Gear Head KB4200NPU Keyboard,,Standard,Standard,None,Wired,Black,Black,No,0
Lenovo 73P5230,,Standard,Standard,None,Wired,Gray / Black,Gray / Black,No,0
Gear Head KB6500BTIP Keyboard,,Mini,Mini,None,Bluetooth Wireless,Black,Black,Yes,0
V7 CK2A0-4N6P,,Standard,Standard,None,Wireless,Black,Black,No,0
Cherry FingerTIP G83-14501 Keyboard,,Standard,Standard,None,Wired,Black,Black,No,0
V7 CK0A1-4N6P,,Standard,Standard,None,Wired,Black,Black,No,5
V7 CK0A2-4N6P,,Standard,Standard,None,Wired,Black,Black,No,5
SMK-Link GYM1100CKNA,,Mini,Mini,None,Wireless,Black,Black,Yes,0
Key Ovation Go! Keyboard,,https://cdna.pcpartpicker.com/static/forever/images/product/c35100d1dd795112ce8ed6281dd355e2.256p.jpg,Ergonomic,None,Wired,Black,Black,No,0
SMK-Link VP6220 Wireless Bluetooth Keyboard,,Slim,Slim,None,Bluetooth Wireless,Black,Black,No,0
SMK-Link VP6366 Keyboard,,Mini,Mini,None,Wireless,Silver,Silver,Yes,0
Logitech 920-003039-1,,Standard,Standard,None,Wireless,Black,Black,Yes,0
Chester Creek Technologies MB-lc,,Mini,Mini,None,Wired,Black,Black,No,0
KeyTronic E03601U2M5PK,,Standard,Standard,None,Wired,Black,Black,No,0
Raptor Gaming LK1,,Gaming,Gaming,None,Wired,Black / Red,Black / Red,No,0
Logitech 920-003475,,Slim,Slim,None,Wireless,Silver,Silver,No,0
Chester Creek Technologies VisionBoard2 Yellow,,Standard,Standard,None,Wired,Black / Yellow,Black / Yellow,Yes,0
Logitech 920-003474,,Slim,Slim,None,Wireless,White / Pink,White / Pink,No,0
Chester Creek Technologies VisionBoard2,,Standard,Standard,None,Wired,Black / White,Black / White,Yes,0
Zotac ZA-MINIKB-BK,,Mini,Mini,None,Wireless,Black,Black,Yes,0
Chester Creek Technologies CCT,,https://cdna.pcpartpicker.com/static/forever/images/product/63899146d550cbe4e1c6ce944f32cd78.med.256p.jpg,Standard,None,Wired,Red,Red,No,0
Logitech 920-003712,,Standard,Standard,None,Wired,Black,Black,No,0
Chester Creek Technologies CCT KinderBoard,,Standard,Standard,None,Wired,Gray,Gray,No,0
Logitech 920-003693,,https://cdna.pcpartpicker.com/static/forever/images/product/84f92d9dbaa7b909d486ccca723c8d4e.med.256p.jpg,Standard,None,Wired,Black,Black,No,0
Interlink VP6630,,https://cdna.pcpartpicker.com/static/forever/images/product/deda9fdb8cdba28e0a1520e98f4dac7b.med.256p.jpg,Slim,None,Bluetooth Wireless,Black,Black,Yes,0
Toshiba PA3777U-1ETB,,Standard,Standard,None,Wired,Black,Black,No,0
Toshiba PA3959U-1ETB,,Mini,Mini,None,Bluetooth Wireless,Black,Black,Yes,0
Interlink VP6364,,Mini,Mini,None,Wireless,Black,Black,Yes,0
Fellowes 98915,164.39,https://cdna.pcpartpicker.com/static/forever/images/product/34a291822670a63bf4e9c036fb321dce.256p.jpg,Ergonomic,None,Wired,Black,Black,No,0
AZIO Levetron Clicker,,Standard,Standard,None,Wired,Black,ALPS White,No,3
Interlink VP6342,,Mini,Mini,None,Wireless,Black,Black,No,0
V7 Standard PS/2 Keyboard,,Standard,Standard,None,Wired,Black,Black,No,3.5
Interlink VP6310,,Mini,Mini,None,Wireless,Black,Black,No,0
Kensington KeyFolio Pro 2 39515 Keyboard,49.99,Mini,Mini,None,Bluetooth Wireless,Black,Black,No,0
Interlink VP6220,,Slim,Slim,None,Bluetooth Wireless,Black,Black,No,0
Motorola Wireless Keyboard With Trackpad,,Mini,Mini,None,Bluetooth Wireless,Black,Black,Yes,0
Buslink KR-6402-BK,,Slim,Slim,None,Wired,Black,Black,No,0
Genius Slimstar 8000,,Slim,Slim,None,Wireless,Black,Black,No,3
Verbatim 96664,,Standard,Standard,None,Wired,Black,Black,No,0
Genius LuxeMate i200,,Mini,Mini,None,Wired,Black,Black,Yes,3
Mad Catz PK02AU,,Gaming,Gaming,None,Wired,Black / White,Black / White,No,0
Genius KB-06XE PS2,,Standard,Standard,None,Wired,Black,Black,No,0
Genius 31300711101,,Standard,Standard,None,Wired,Black,Black,No,0
Genius 31330194102,,Standard,Standard,None,Wired,Black / White,Black / White,No,0
Kensington K64370,40.29,Standard,Standard,None,Wired,Black,Black,No,0
Genius 31300710100,,Standard,Standard,None,Wired,Black,Black,No,0
Cisco XPACC-KBD-G=,,Standard,Standard,None,Wired,Gray,Gray,No,0
Genius 31300710101,,Standard,Standard,None,Wired,Black,Black,No,0
Fujitsu FPCKD38A1P,,https://cdna.pcpartpicker.com/static/forever/images/product/ddcdfac32fbe38d8d845ba9f4f2aed9e.med.256p.jpg,Mini,None,Bluetooth Wireless,Black,Black,Yes,0
Lenovo Comfort Curve Keyboard 3000,,Ergonomic,Ergonomic,None,Wired,Black,Black,No,0
Mad Catz ECB43002N002/06/1,,https://cdna.pcpartpicker.com/static/forever/images/product/ad7432943cf9a5bfb89e6e46fbf202c5.med.256p.jpg,Standard,None,Wired,Black,Black,No,0
Panasonic Notebook Keyboard,,Standard,Standard,None,Wired,Black,Black,No,0
SolidTek ACK-5010U,,Mini,Mini,None,Wired,Black,Black,No,0
Panasonic CF-VKBL03AM Keyboard,,Standard,Standard,None,Wired,Gray / Black,Gray / Black,No,0
Interlink VP6366,,Mini,Mini,None,Wireless,Silver,Silver,Yes,0
Microsoft Sidewinder X4 (UK Layout),,Standard,Standard,None,Wired,Black,Black,No,4
Rosewill RKM-1000RF,,Slim,Slim,None,Wireless,Black,Black,No,0
Cherry eVolution CONTROL XT,,Standard,Standard,None,Wireless,Silver / Black,Silver / Black,No,0
Buslink KR-6170M Full Size X-Slim Keyboard,,https://cdna.pcpartpicker.com/static/forever/images/product/741d2a70c94a0e29266bc130a7a80ee9.med.256p.jpg,Standard,None,Wired,White,White,No,0
SolidTek Keyboard,105.49,Mini,Mini,None,Wired,Black,Black,No,0
Chester Creek Technologies LessonBoard,,Standard,Standard,None,Wired,Black,Black,No,0
Rosewill RK-9000BRI,,Standard,Standard,None,Wired,White / Black,Cherry MX Brown,No,5
V7 KC0A2-4L3P Keyboard,19.48,Standard,Standard,None,Wired,Black,Black,No,0
SolidTek 138 0245,,https://cdna.pcpartpicker.com/static/forever/images/product/8668cf7caa9ff47d5498c949e74160ff.256p.jpg,Mini,None,Wired,Black,Black,No,0
V7 Standard USB Keyboard,,Standard,Standard,None,Wired,Black,Black,No,0
Rosewill RK-9100,,Slim,Slim,Blue,Wired,Black,Cherry MX Blue,No,5
Rosewill RK-9100BR,,Slim,Slim,Blue,Wired,Black,Cherry MX Brown,No,0
Razer BlackWidow 2013,,Gaming,Gaming,None,Wired,Black,Cherry MX Blue,No,4.5
Fellowes 9893301,,https://cdna.pcpartpicker.com/static/forever/images/product/663b47cfbe873a907e25219f472ea856.med.256p.jpg,Standard,None,Wired,Silver / Black,Silver / Black,No,0
SolidTek 138 0402,,Mini,Mini,None,Wired,Silver / Black,Silver / Black,No,0
Microsoft PL2 Wedge Mobile Keyboard,174.91,Mini,Mini,None,Bluetooth Wireless,Black,Black,Yes,0
SteelSeries 6GV/2,,Standard,Standard,None,Wired,Black,Cherry MX Red,No,4.5
SIIG JK-WR0812-S1,,https://cdna.pcpartpicker.com/static/forever/images/product/db894476108d2ebc7adcfb0ad42f57b4.256p.jpg,Slim,None,Wireless,Black,Black,No,0
Cherry G80-8113LUVEU-2,,https://cdna.pcpartpicker.com/static/forever/images/product/57bc454b87441ceb8ac6591bda4adab3.256p.jpg,Standard,None,Wired,Black,Black,No,0
A4Tech 9500H,29.99,https://cdna.pcpartpicker.com/static/forever/images/product/6c604e740303a82107f37826a7790928.med.256p.jpg,Standard,None,Wireless,Black,Black,No,0
Logitech Wireless Solar Keyboard K750 for Mac,,https://cdna.pcpartpicker.com/static/forever/images/product/8784889de25d01d00ccac7878b148dc2.256p.jpg,Slim,None,Wireless,Silver / White,Silver / White,No,0
SIIG USB Compact Low Profile Multimedia Keyboard,,Slim,Slim,None,Wired,Black,Black,No,0
Microsoft Wedge Mobile Keyboard For Business,229.99,Mini,Mini,None,Bluetooth Wireless,Black,Black,Yes,0
A4Tech 3100N,,https://cdna.pcpartpicker.com/static/forever/images/product/f68441934d32be52b80b4cc92070c979.med.256p.jpg,Standard,None,Wireless,Black,Black,No,0
A4Tech 9300F,56.38,https://cdna.pcpartpicker.com/static/forever/images/product/c909b5636bf482c2e65507d197683f9a.med.256p.jpg,Ergonomic,None,Wireless,Black,Black,No,0
Evoluent KB4,,Standard,Standard,None,Wired,Black,Black,No,0
A4Tech 7700N,,https://cdna.pcpartpicker.com/static/forever/images/product/26b4983400ad1ef7174bcc9cf9be3ad4.med.256p.jpg,Mini,None,Wireless,Silver / Black,Silver / Black,Yes,0
Evoluent KB1,,Standard,Standard,None,Wired,Black / Silver,Black / Silver,No,0
A4Tech 7300N,,https://cdna.pcpartpicker.com/static/forever/images/product/f2beb9579a51e72b60c72b1dfbe44314.med.256p.jpg,Ergonomic,None,Wireless,Gray / Black,Gray / Black,Yes,0
Microsoft L2 Sculpt Comfort Keyboard,,Ergonomic,Ergonomic,None,Wireless,Black,Black,No,5
Cherry STRAIT Corded Keyboard,,https://cdna.pcpartpicker.com/static/forever/images/product/df98effa838039ade0fe99220a0c7ebf.256p.jpg,Slim,None,Wired,Silver / White,Silver / White,No,0
Ducky DK9008G2 PBT,,Standard,Standard,None,Wired,Black,Cherry MX Brown,No,0
Ducky DK9008 Shine II (M Edition),,Standard,Standard,White,Wired,Black,Cherry MX Brown,No,0
Ducky Year of the Dragon,,Standard,Standard,Yellow,Wired,Black,Cherry MX Brown,Yes,0
Ducky Shine II,,Standard,Standard,Red,Wired,Black,Cherry MX Brown,No,0
Ducky DK9008S,,Standard,Standard,White,Wired,Black,Cherry MX Brown,No,5
Ducky DK9087 Shine II,,Standard,Standard,Blue,Wired,Black,Cherry MX Brown,Yes,5
Ducky DK9008S-BEALB,,Standard,Standard,Blue,Wired,Black,Cherry MX Brown,No,0
Filco Camo Majestouch-2,,Standard,Standard,None,Wired,Camo,Cherry MX Brown,No,0
Happy Hacking Professional 2 (Non-Printed),,Standard,Standard,None,Wired,Gray,Topre 45g,Yes,0
Happy Hacking Professional 2 Type S (Non-Printed),,Standard,Standard,None,Wired,White,Topre 45g Silent,Yes,5
Leopold FC200RT/AB,,Standard,Standard,None,Wired,Black,Cherry MX Brown,Yes,0
Leopold FC200RC/AB,,Standard,Standard,None,Wired,Black,Cherry MX Blue,Yes,0
Leopold FC200RL/AB,,Standard,Standard,None,Wired,Black,Cherry MX Black,Yes,0
Leopold FC200RR/AB,,Standard,Standard,None,Wired,Black,Cherry MX Red,Yes,0
Leopold FC200RT/ABN Otaku (Non-Printed),,Standard,Standard,None,Wired,Black,Cherry MX Brown,Yes,5
Leopold FC200RC/ABN Otaku (Non-Printed),,Standard,Standard,None,Wired,Black,Cherry MX Blue,Yes,0
Leopold FC200RR/ABN Otaku (Non-Printed),,Standard,Standard,None,Wired,Black,Cherry MX Red,Yes,0
Leopold FC500RR/AB,,Standard,Standard,None,Wired,Black,Cherry MX Red,No,0
Leopold FC500RR/ABN (Non-Printed),,Standard,Standard,None,Wired,Black,Cherry MX Red,No,0
Leopold FC500RT/AB,,Standard,Standard,None,Wired,Black,Cherry MX Brown,No,0
Leopold FC500RT/ABN Otaku (Non-Printed),,Standard,Standard,None,Wired,Black,Cherry MX Brown,No,0
Leopold FC500RC/AB,,Standard,Standard,None,Wired,Black,Cherry MX Blue,No,0
Leopold FC500RC/ABN Otaku (Non-Printed),,Standard,Standard,None,Wired,Black,Cherry MX Blue,No,0
Leopold FC500RL/AB,,Standard,Standard,None,Wired,Black,Cherry MX Black,No,0
Ducky DK9008S2 Shine II,,Standard,Standard,Blue,Wired,Black,Cherry MX Brown,No,0
Ducky DK9087S2 Shine II,,Standard,Standard,Purple,Wired,Black,Cherry MX Black,Yes,0
Ducky DK9008S-BEALY,,Standard,Standard,Yellow,Wired,Black,Cherry MX Brown,No,0
Ducky DK9008G2,,Standard,Standard,None,Wired,Black,Cherry MX Brown,No,0
Ducky DK1087-ACLLB,,Standard,Standard,None,Wired,Black,Cherry MX Black,Yes,0
Ducky DK1087-AELLB,,Standard,Standard,None,Wired,Black,Cherry MX Black,Yes,0
Ducky DK1087-BELLB,,Standard,Standard,None,Wired,Black,Cherry MX Brown,Yes,0
Ducky DK1087-CELLB,,Standard,Standard,None,Wired,Black,Cherry MX Blue,Yes,0
Ducky DK1087-KEALB,,Standard,Standard,None,Wired,Black,ALPS Black,Yes,0
Cooler Master CM Storm QuickFire Rapid,,Gaming,Gaming,None,Wired,Black,Cherry MX Green,Yes,5
Cooler Master CM Storm Quick Fire TK,,Gaming,Gaming,Red,Wired,Black,Cherry MX Red,No,4.5
Cooler Master CM Storm Trigger,,Gaming,Gaming,Red,Wired,Black,Cherry MX Blue,No,0
Razer BlackWidow Ultimate 2013 Mac,,Gaming,Gaming,Green,Wired,Black,Cherry MX Blue,No,2
Max Keyboard Nighthawk X7,,Standard,Standard,White,Wired,Black,Cherry MX Blue,No,0
Max Keyboard Nighthawk X8,,https://cdna.pcpartpicker.com/static/forever/images/product/2df44a5a2a5c9192c6d8c5e07b6acde3.med.256p.jpg,Standard,White,Wired,Black,Cherry MX Brown,No,5
Max Keyboard Nighthawk X9,,Standard,Standard,White,Wired,Black,Cherry MX Red,No,0
Tesoro Durandal G1N,,Standard,Standard,None,Wired,Black,Cherry MX Brown,No,0
i-rocks KR-6260-BK,,Standard,Standard,None,Wired,Black,Black,No,0
Cooler Master CM Storm QuickFire Stealth,,Mini,Mini,None,Wired,Black,Cherry MX Brown,Yes,4.5
Ducky DK1008-KEALB,,Gaming,Gaming,None,Wired,Black,ALPS Black,No,0
Ducky DK1008-NEALB,,Gaming,Gaming,None,Wired,Black,ALPS Green,No,0
Ducky DK1008L-RCLLB,,Gaming,Gaming,None,Wired,Black,Cherry MX Red,No,0
Ducky DK1008L-RELLB,,Gaming,Gaming,None,Wired,Black,Cherry MX Red,No,0
Ducky DK9000G2-BEPLB,,Gaming,Gaming,None,Wired,Black,Cherry MX Brown,No,0
Ducky DK9000G2-CEPLB,,Gaming,Gaming,None,Wired,Black,Cherry MX Blue,No,0
Ducky DK9008G2-AEPLB,,Gaming,Gaming,None,Wired,Black,Cherry MX Black,No,0
Ducky DK9008G2-BEPTW,,Gaming,Gaming,None,Wired,White,Cherry MX Brown,No,0
Ducky DK9008G2-CEPLB,,Gaming,Gaming,None,Wired,Black,Cherry MX Blue,No,0
Ducky DK9008G2-CEPTW,,Gaming,Gaming,None,Wired,White,Cherry MX Blue,No,0
Ducky DK9008G2-REPLB,,Gaming,Gaming,None,Wired,Black,Cherry MX Red,No,0
Ducky DK9008S-ACALB,,Gaming,Gaming,Blue,Wired,Black,Cherry MX Black,No,0
Ducky DK9008S-AEALB,,Gaming,Gaming,Blue,Wired,Black,Cherry MX Black,No,0
Ducky DK9008S-AEALG,,Gaming,Gaming,Green,Wired,Black,Cherry MX Black,No,0
Ducky DK9008S-AEALP,,Gaming,Gaming,Purple,Wired,Black,Cherry MX Black,No,0
Ducky DK9008S-AEALR,,Gaming,Gaming,Red,Wired,Black,Cherry MX Black,No,0
Ducky DK9008S-AEALY,,Gaming,Gaming,Yellow,Wired,Black,Cherry MX Black,No,0
Ducky DK9008S-BCALB,,Gaming,Gaming,Blue,Wired,Black,Cherry MX Brown,No,0
Ducky DK9008S-BEALG,,Gaming,Gaming,Green,Wired,Black,Cherry MX Brown,No,0
Ducky DK9008S-BEALP,,Gaming,Gaming,Purple,Wired,Black,Cherry MX Brown,No,0
Ducky DK9008S-BEALR,,Gaming,Gaming,Red,Wired,Black,Cherry MX Brown,No,0
Ducky DK9008S-BJALB,,Gaming,Gaming,Blue,Wired,Black,Cherry MX Brown,No,0
Ducky DK9008S-CCALB,,Gaming,Gaming,Blue,Wired,Black,Cherry MX Blue,No,0
Ducky DK9008S-CEALB,,Gaming,Gaming,Blue,Wired,Black,Cherry MX Blue,No,0
Ducky DK9008S-CEALG,,Gaming,Gaming,Green,Wired,Black,Cherry MX Blue,No,0
Ducky DK9008S-CEALP,,Gaming,Gaming,Purple,Wired,Black,Cherry MX Blue,No,0
Ducky DK9008S-CEALR,,Gaming,Gaming,Red,Wired,Black,Cherry MX Blue,No,0
Ducky DK9008S-CEALW,,Gaming,Gaming,White,Wired,Black,Cherry MX Blue,No,0
Ducky DK9008S-CEALY,,Gaming,Gaming,Yellow,Wired,Black,Cherry MX Blue,No,0
Ducky DK9008S-REALB,,Gaming,Gaming,Blue,Wired,Black,Cherry MX Red,No,0
Ducky DK9008S-REALG,,Gaming,Gaming,Green,Wired,Black,Cherry MX Red,No,0
Ducky DK9008S-REALP,,Gaming,Gaming,Purple,Wired,Black,Cherry MX Red,No,0
Ducky DK9008S-REALR,,Gaming,Gaming,Red,Wired,Black,Cherry MX Red,No,0
Ducky DK9008S-REALW,,Gaming,Gaming,White,Wired,Black,Cherry MX Red,No,0
Ducky DK9008S-REALY,,Gaming,Gaming,Yellow,Wired,Black,Cherry MX Red,No,0
Ducky DK9008S2-AUSALB,,Gaming,Gaming,Blue,Wired,Black,Cherry MX Black,No,0
Ducky DK9008S2-AUSALG,,Gaming,Gaming,Green,Wired,Black,Cherry MX Black,No,0
Ducky DK9008S2-AUSALR,,Gaming,Gaming,Red,Wired,Black,Cherry MX Black,No,0
Ducky DK9008S2-AUSALW,,Gaming,Gaming,White,Wired,Black,Cherry MX Black,No,0
Ducky DK9008S2-BUSALG,,Gaming,Gaming,Green,Wired,Black,Cherry MX Brown,No,5
Ducky DK9008S2-CUSALB,,Gaming,Gaming,Blue,Wired,Black,Cherry MX Blue,No,4
Ducky DK9008S2-CUSALG,,Gaming,Gaming,Green,Wired,Black,Cherry MX Blue,No,0
Ducky DK9008S2-CUSALR,,Gaming,Gaming,Red,Wired,Black,Cherry MX Blue,No,0
Ducky DK9008S2-RUSALB,,Gaming,Gaming,Blue,Wired,Black,Cherry MX Red,No,0
Ducky DK9008S2-RUSALG,,Gaming,Gaming,Green,Wired,Black,Cherry MX Red,No,0
Ducky DK9087-AEDRG,,Slim,Slim,Green,Wired,Black,Cherry MX Black,Yes,0
Ducky DK9087G2PRO-AULPUW,,Slim,Slim,None,Wired,Black / White,Cherry MX Black,Yes,0
Ducky DK9087G2PRO-AUSPTW,,Slim,Slim,None,Wired,Black / White,Cherry MX Black,Yes,0
Ducky DK9087G2PRO-BULPUW,,Slim,Slim,None,Wired,Black / White,Cherry MX Brown,Yes,0
Ducky DK9087G2PRO-BUSPTW,,Slim,Slim,None,Wired,Black / White,Cherry MX Brown,Yes,0
Ducky DK9087G2PRO-CULPUW,,Slim,Slim,None,Wired,Black / White,Cherry MX Blue,Yes,0
Ducky DK9087G2PRO-CUSPTW,,Slim,Slim,None,Wired,Black / White,Cherry MX Blue,Yes,0
Ducky DK9087G2PRO-RULPUW,,Slim,Slim,None,Wired,Black / White,Cherry MX Red,Yes,0
Ducky DK9087G2PRO-RUSPTW,,Slim,Slim,None,Wired,Black / White,Cherry MX Red,Yes,0
Ducky DK9087S2-AUSALB,,Slim,Slim,Blue,Wired,Black,Cherry MX Black,Yes,0
Ducky DK9087S2-AUSALR,,Slim,Slim,Red,Wired,Black,Cherry MX Black,Yes,0
Ducky DK9087S2-AUSALW,,Slim,Slim,White,Wired,Black,Cherry MX Black,Yes,0
Ducky DK9087S2-BUSALG,,Slim,Slim,Green,Wired,Black,Cherry MX Brown,Yes,0
Ducky DK9087S2-BUSALR,,Slim,Slim,Red,Wired,Black,Cherry MX Brown,Yes,0
Ducky DK9087S2-BUSALW,,Slim,Slim,White,Wired,Black,Cherry MX Brown,Yes,0
Ducky DK9087S2-CUSALB,,Slim,Slim,Blue,Wired,Black,Cherry MX Blue,Yes,0
Ducky DK9087S2-CUSALG,,Slim,Slim,Green,Wired,Black,Cherry MX Blue,Yes,0
Ducky DK9087S2-CUSALP,,Slim,Slim,Purple,Wired,Black,Cherry MX Blue,Yes,0
Ducky DK9087S2-CUSALR,,Slim,Slim,Red,Wired,Black,Cherry MX Blue,Yes,0
Ducky DK9087S2-CUSALW,,Slim,Slim,White,Wired,Black,Cherry MX Blue,Yes,0
Ducky DK9087S2-RUSALP,,Slim,Slim,Purple,Wired,Black,Cherry MX Red,Yes,0
Ducky DK9087S2-RUSALR,,Slim,Slim,Red,Wired,Black,Cherry MX Red,Yes,0
Ducky DK9087S2-RUSALW,,Slim,Slim,White,Wired,Black,Cherry MX Red,Yes,0
Ducky DK2108-BUSLLA,,Gaming,Gaming,Green,Wired,Black,Cherry MX Brown,No,0
Ducky DK2108-RUSLLA,,https://cdna.pcpartpicker.com/static/forever/images/product/1f3143c63706240413961e96318a2d38.med.256p.jpg,Gaming,Green,Wired,Black,Cherry MX Red,No,0
Ducky DK9008G2 PRO,,https://cdna.pcpartpicker.com/static/forever/images/product/0111b63736e049f23614770f2fcb7340.med.256p.jpg,Gaming,None,Wired,Black,Cherry MX Red,No,0
Ducky DK9008G2PRO-BUSLLA,,Gaming,Gaming,None,Wired,Black,Cherry MX Brown,No,0
Ducky DK9008 Shine II,,https://cdna.pcpartpicker.com/static/forever/images/product/a048ac9a3b10fa096d8940a340bddf33.med.256p.jpg,Gaming,White,Wired,Pink / White,Cherry MX Black,No,0
Ducky DK9008S2-AUSALT,,Gaming,Gaming,Orange,Wired,Black,Cherry MX Black,No,0
Ducky DK9008S2-BUSALT,,Gaming,Gaming,Orange,Wired,Black,Cherry MX Brown,No,0
Ducky DK9008S2-CUSALT,,Gaming,Gaming,Orange,Wired,Black,Cherry MX Blue,No,0
Ducky DK9008S2-RUSALT,,Gaming,Gaming,Orange,Wired,Black,Cherry MX Red,No,0
Ducky DK9087G2PRO-CUSLLA,,Slim,Slim,None,Wired,Black,Cherry MX Blue,Yes,0
Ducky DK9087G2 PRO,,Slim,Slim,None,Wired,Black,Cherry MX Red,Yes,0
Cherry J82-16001LPNEU-0,,Standard,Standard,None,Wired,Black,Black,No,0
Cherry Ultra-Slim Compact Covered,141.45,https://cdna.pcpartpicker.com/static/forever/images/product/e143fc76701f69266f8b663000155de6.256p.jpg,Standard,None,Wired,Black,Black,No,0
Cherry XS G84-5400 Trackball Keyboard,,https://cdna.pcpartpicker.com/static/forever/images/product/b7c1fcedf2980b77c6a4a2f1f6a89294.256p.jpg,Slim,None,Wired,Black,Black,No,0
Cherry KW 6000 Keyboard,,Slim,Slim,None,Bluetooth Wireless,Black / Silver,Black / Silver,Yes,0
Cooler Master Quick Fire Stealth,,Gaming,Gaming,None,Wired,Black,Cherry MX Blue,Yes,5
Cooler Master SGK-4000-GKCR2-US,,Standard,Standard,None,Wired,Black,Cherry MX Red,Yes,4
A4Tech My Kids,,https://cdna.pcpartpicker.com/static/forever/images/product/ee572f71462b50c4c898a1220268a515.med.256p.jpg,Mini,None,Wired,Pink,Pink,No,0
MSI CK Series,67.54,https://cdna.pcpartpicker.com/static/forever/images/product/546a3a613377e5b7ecb33c5cb976dabd.256p.jpg,Standard,None,Wired,Black,Cherry MX Red,No,0
MSI GK-601,,Gaming,Gaming,None,Wired,Black / Yellow,Cherry MX Red,No,0
Mad Catz V.7,,Gaming,Gaming,Red,Wired,Black / Silver,Black / Silver,No,3.5
Mad Catz S.T.R.I.K.E.5,,Gaming,Gaming,Multicolor,Wired,Black,Black,No,4.5
Mad Catz V5,,Gaming,Gaming,Red,Wired,Black,Black,No,5
Mad Catz Eclipse III,,Standard,Standard,Multicolor,Wired,Black,Black,No,0
Cobra 8TTL26R0P85403,,https://cdna.pcpartpicker.com/static/forever/images/product/1338ec16ef27c42c386c012df689045e.med.256p.jpg,Gaming,None,Wired,Black,Black,No,0
Gear Head Windows Media Pro II USB Keyboard,,Standard,Standard,None,Wired,Black,Black,No,0
Gear Head KB5125W,,Standard,Standard,None,Wireless,Black,Black,No,0
Logitech MKTPLS+DELETE,,https://cdna.pcpartpicker.com/static/forever/images/product/da37babd3be675204e4b2eeab75a23f0.med.256p.jpg,Mini,None,Wireless,Black,Black,Yes,0
Dell KM632,169,Standard,Standard,None,Wireless,Black,Black,No,5
Genius Imperator,,Gaming,Gaming,None,Wired,Black,Black,No,4
HP B1T09AT#ABA,,Standard,Standard,None,Wired,Black,Black,No,2
HP B1T13AT#ABA,,Standard,Standard,None,Wired,Black,Black,No,0
HP KF886AA#ABA,,Standard,Standard,None,Wired,Black,Black,No,0
HP QY449AA#ABA,,Standard,Standard,None,Wireless,Black,Black,No,0
HP QY449AT#ABA,,Ergonomic,Ergonomic,None,Wireless,Black,Black,No,0
Logisys KBMS801WG,,Standard,Standard,None,Wired,Green / White,Green / White,No,0
Logitech MK120-TAA,,https://cdna.pcpartpicker.com/static/forever/images/product/5dd548b6d85203ad6931cfbb117fe2db.med.256p.jpg,Standard,None,Wired,Black,Black,No,0
Ducky DK9008G2PRO-AUSPHH,,https://cdna.pcpartpicker.com/static/forever/images/product/737711ff9a699a3c3a3be231f0cbe77c.med.256p.jpg,Gaming,None,Wired,Gray / Black,Cherry MX Black,No,5
Ducky DK9008G2PRO-BUSPHH,,https://cdna.pcpartpicker.com/static/forever/images/product/737711ff9a699a3c3a3be231f0cbe77c.med.256p.jpg,Gaming,None,Wired,Gray / Black,Cherry MX Brown,No,0
Ducky DK9008G2PRO-CUSPHH,,Gaming,Gaming,None,Wired,Gray / Black,Cherry MX Blue,No,0
Ducky DK9008G2PRO-RUSPHH,,https://cdna.pcpartpicker.com/static/forever/images/product/737711ff9a699a3c3a3be231f0cbe77c.med.256p.jpg,Gaming,None,Wired,Gray / Black,Cherry MX Red,No,0
A4Tech A-Shape Natural Keyboard,,https://cdna.pcpartpicker.com/static/forever/images/product/43132b8fbc9f191a2b39bf7d9aef4206.med.256p.jpg,Ergonomic,None,Wired,Black,Black,No,0
A4Tech Natural_A,,https://cdna.pcpartpicker.com/static/forever/images/product/0fb43a15ef8f6fea016e72741a676082.med.256p.jpg,Ergonomic,None,Wired,Black,Black,No,0
A4Tech KL-5,,https://cdna.pcpartpicker.com/static/forever/images/product/5b0e9eafd9c2638689ff04ba4c26502c.med.256p.jpg,Mini,None,Wired,Gray / Black,Gray / Black,No,0
A4Tech Xslim,,https://cdna.pcpartpicker.com/static/forever/images/product/0bd8de442211fa0d6fbdb0cc6bc8ac8e.med.256p.jpg,Slim,None,Wired,Black / Silver,Black / Silver,No,0
Corsair Raptor K50,,Gaming,Gaming,RGB,Wired,Black,Black,No,4
Ergoguys DataCal,,Standard,Standard,None,Wired,Black,Black,No,0
Ergoguys KWD-100,,Slim,Slim,None,Wireless,Black,Black,No,0
Ergoguys KWD-101,,Standard,Standard,None,Wireless,Pink / White,Pink / White,No,0
Ergoguys KWD-102,,Slim,Slim,None,Wireless,White,White,No,0
Ergoguys Wireless Keyboard Multimedia With Trackball,,Ergonomic,Ergonomic,None,Wireless,Black,Black,No,0
Panasonic iKey,392.95,https://cdna.pcpartpicker.com/static/forever/images/product/cd5855910dbcee00a41bbdaee1236fd0.256p.jpg,Slim,None,Wired,Black,Black,No,0
Razer Marauder StarCraft II Heart of the Swarm,,Gaming,Gaming,Blue,Wired,Black,Black,No,0
SMK-Link VersaPoint,49.99,Standard,Standard,None,Wireless,Black,Black,Yes,0
SMK-Link VP6630,,https://cdna.pcpartpicker.com/static/forever/images/product/3cb5b2ebb1cebbb2bf8896cd78dfec3b.med.256p.jpg,Slim,None,Bluetooth Wireless,Black,Black,Yes,0
Saitek V5,,https://cdna.pcpartpicker.com/static/forever/images/product/bf765cc4cd42f59c377a9d27fee1b3ee.med.256p.jpg,Gaming,Red,Wired,Black,Black,No,0
Samsung Keyboard,,Slim,Slim,None,Bluetooth Wireless,Black,Black,Yes,0
SolidTek 3920BU,,https://cdna.pcpartpicker.com/static/forever/images/product/e70ffe87a731c3e7c855aed743a68420.med.256p.jpg,Mini,None,Wired,Black,Black,No,0
SolidTek KB-2070MSU,,Slim,Slim,None,Wired,Blue / White,Blue / White,No,0
SolidTek KB-260 Keyboard,,Standard,Standard,None,Wired,Black,Black,No,0
Chester Creek Technologies VisionBoard WVBW Keyboard,,Ergonomic,Ergonomic,None,Wireless,White / Black,White / Black,No,0
Genius 31310053101,,Gaming,Gaming,RGB,Wired,Black,Black,No,0
Grandtec FLX2000KIT,,Slim,Slim,None,Wired,Black,Black,No,0
HP DT528A#ABM,,Standard,Standard,None,Wired,Blue / White,Blue / White,No,0
HP KF885AA#ABA,,Standard,Standard,None,Wired,Black,Black,No,0
HP Elite v2 Keyboard,,https://cdna.pcpartpicker.com/static/forever/images/product/8b46ef50e13922b77ca1d09055e0032e.256p.jpg,Standard,None,Wireless,Black,Black,No,3.5
Lenovo N5902,275.08,https://cdna.pcpartpicker.com/static/forever/images/product/f0a8267b1af7d06c46ce55bb6ea02562.256p.jpg,Mini,None,Wireless,Black,Black,Yes,0
Microsoft Sculpt Mobile Keyboard,,Ergonomic,Ergonomic,None,Bluetooth Wireless,Black,Black,Yes,0
Microsoft Sculpt Comfort Keyboard for Business,,Ergonomic,Ergonomic,None,Wireless,Black,Black,No,5
SolidTek KB-260-BU-SP,,Standard,Standard,None,Wired,Black,Black,No,0
SolidTek KB-IN87KB,,Mini,Mini,None,Wired,Black,Black,No,0
SteelSeries 64105,,Gaming,Gaming,None,Wired,Black,Black,No,0
Thermaltake MEKA G1 Keyboard,,Gaming,Gaming,None,Wired,Black,Cherry MX Black,No,5
i-rocks BT-6460-BK,,Slim,Slim,None,Bluetooth Wireless,Black,Black,Yes,0
i-rocks IRK01BN-BK,,Slim,Slim,None,Bluetooth Wireless,Black,Black,No,0
i-rocks IRK01WN-BK,,Slim,Slim,None,Wired,Black,Black,No,0
i-rocks K10,,Gaming,Gaming,None,Wired,Black,Black,No,0
i-rocks KR-6401-WH,,Slim,Slim,None,Wired,White,White,No,0
i-rocks KR-6402-WH,,Mini,Mini,None,Wired,White,White,No,0
i-rocks KR-6421-BK,29.2,Slim,Slim,None,Wired,Black,Black,No,0
i-rocks RF-6490-BK,,Mini,Mini,None,Wireless,Black,Black,No,0
Ducky DK9008G2PRO-BUSPHS,,https://cdna.pcpartpicker.com/static/forever/images/product/cf7be3013f0aedbb19f467c23afc733f.med.256p.jpg,Gaming,None,Wired,Black / Blue,Cherry MX Brown,No,0
Ducky DK9008G2PRO-CUSPHS,,https://cdna.pcpartpicker.com/static/forever/images/product/cf7be3013f0aedbb19f467c23afc733f.med.256p.jpg,Gaming,None,Wired,Black / Blue,Cherry MX Blue,No,0
Ducky DK9008G2PRO-RUSPHS,,https://cdna.pcpartpicker.com/static/forever/images/product/cf7be3013f0aedbb19f467c23afc733f.med.256p.jpg,Gaming,None,Wired,Black / Blue,Cherry MX Red,No,0
A4Tech KD-600L,,Standard,Standard,Blue,Wired,Black,Black,No,0
A4Tech Natural_A X-Slim,,https://cdna.pcpartpicker.com/static/forever/images/product/25a6eb73a7ae17d16a8477f8e5362962.med.256p.jpg,Ergonomic,None,Wired,Black,Black,No,0
Adesso Waterproof Flex Keyboard,32.47,https://cdna.pcpartpicker.com/static/forever/images/product/9ad5f74966e15ad6eefde4bb33bc0b31.256p.jpg,Slim,None,Wired,Black,Black,No,0
Adesso Industrial Scissor-Switch Touchpad Keyboard,,Slim,Slim,None,Wired,Black,Black,No,0
Gigabyte GK-KM3100,,Standard,Standard,None,Wired,Black,Black,No,3
Gigabyte KM5300,20.01,Standard,Standard,None,Wired,Black,Black,No,5
Vortex POKER,,Mini,Mini,None,Wired,Black,Cherry MX Black,Yes,0
Vortex POKER PBT,,Mini,Mini,None,Wired,Black,Cherry MX Black,Yes,0
Vortex KBT RACE Pink Limited,,Mini,Mini,White,Wired,Pink,Cherry MX Blue,Yes,0
Vortex KBT PURE,,Mini,Mini,Orange,Wired,Black,Cherry MX Black,Yes,0
Vortex KBT PURE LIMITED,,Mini,Mini,Orange,Wired,Black,Cherry MX Brown,Yes,0
Vortex KBT RACE,,Mini,Mini,White,Wired,Black,Cherry MX Black,Yes,0
Ducky Zero Shine Orange LED Keyboard,,https://cdna.pcpartpicker.com/static/forever/images/product/b07c79db9dfc304b0c75be4b02691262.med.256p.jpg,Gaming,Orange,Wired,Black,Cherry MX Brown,No,0
Belkin Universal Wireless Keyboard with iPad Shortcut Keys,,Mini,Mini,None,Bluetooth Wireless,Black,Black,Yes,0
Logitech Keyboard K120 for Business,,Standard,Standard,None,Wired,Black,Black,No,0
Logitech Wireless Solar Keyboard K760 for Mac, iPad and iPhone,,Mini,Mini,None,Bluetooth Wireless,White,White,Yes,0
Orico ORICO GK800 multimedia Ergonomic Gaming Game USB Wired Keyboard PC,,https://cdna.pcpartpicker.com/static/forever/images/product/f8524ed1a92c4885d8a1ab0d5aabe325.med.256p.jpg,Ergonomic,None,Wired,Black,Black,No,0
SteelSeries Apex [RAW],,Gaming,Gaming,White,Wired,Black,Black,No,4
Zalman K300M,,Standard,Standard,None,Wired,Black,Black,No,0
Zalman K350M,,Standard,Standard,None,Wired,Black,Black,No,0
Zalman K500,,Mini,Mini,None,Wired,Black,Kailh Red,Yes,0
matias FK205,,Slim,Slim,None,Wired,Black,Black,No,0
matias Quiet Pro Keyboard for Mac,,https://cdna.pcpartpicker.com/static/forever/images/product/c4298d974de7463d6ef4c705f6b3cc75.med.256p.jpg,Standard,None,Wired,Black / Silver,ALPS White,No,0
matias Quiet Pro Keyboard for PC,,https://cdna.pcpartpicker.com/static/forever/images/product/73447672b23de9db6257588cf79cef4f.med.256p.jpg,Standard,None,Wired,Black,ALPS White,No,0
Cooler Master SGK-4000-GKCG2-US,,Standard,Standard,None,Wired,Black,Cherry MX Brown,Yes,0
Das Keyboard Das Keyboard Professional Keyboard with Quiet Keys,,https://cdna.pcpartpicker.com/static/forever/images/product/beb15fed71d28f3a896fbc97dbf16ce9.med.256p.jpg,Standard,None,Wired,Black,Cherry MX Red,No,5
HP Stylish USB Keyboard and Mouse,,https://cdna.pcpartpicker.com/static/forever/images/product/4e2bf6d3266e7bcc28bdaf986151b0a6.med.256p.jpg,Standard,None,Wired,Black,Black,No,0
AZIO Backlit Bluetooth 3.0 Keyboard for Tablets,,Mini,Mini,Blue,Bluetooth Wireless,Black,Black,Yes,0
Genius K5,,https://cdna.pcpartpicker.com/static/forever/images/product/0b635fb84d5a5fa1a1d70ebce6c80a41.med.256p.jpg,Gaming,Blue,Wired,Black,Black,No,0
Genius K7,,https://cdna.pcpartpicker.com/static/forever/images/product/a96b4affab7cb40e86959476208fa03a.med.256p.jpg,Gaming,Blue,Wired,Black,Black,No,0
HP K3500,,Slim,Slim,None,Wireless,Black,Black,No,1
Key Ovation Go!2 Mobile Keyboard - PC &amp; Mac - USB,,,Mini,None,Wired,Black,,Yes,0
V7 Multimedia USB Keyboard Combo,,Standard,Standard,None,Wired,Black,Black,No,0
Logitech LX310,,Standard,Standard,None,Wireless,Black,Black,No,0
Logitech MK560,,Ergonomic,Ergonomic,None,Wireless,Black,Black,No,0
Ducky Shine II special version,,Gaming,Gaming,Orange,Wired,White / Black,Cherry MX Brown,No,0
Favi FE01-BL,49.99,Mini,Mini,None,Wireless,Black,Black,Yes,5
Cooler Master Storm Quickfire TK Mechanical Keyboard,,Standard,Standard,Red,Wired,Black,Cherry MX Brown,No,5
Max Keyboard Nighthawk-X8 White LED,,Standard,Standard,White,Wired,Black,Cherry MX Brown,No,0
Ducky DK9008 Shine 3 Blue LED Backlit (Black Cherry MX),,Standard,Standard,Blue,Wired,Black,Cherry MX Black,No,5
Ducky DK9008 Shine 3 Green LED Backlit (Black Cherry MX),,Standard,Standard,Green,Wired,Black,Cherry MX Black,No,0
Ducky DK9008 Shine 3 Magenta LED Backlit (Black Cherry MX),,Standard,Standard,Purple,Wired,Black,Cherry MX Black,No,0
Ducky DK9008 Shine 3 Red LED Backlit (Black Cherry MX),,Standard,Standard,Red,Wired,Black,Cherry MX Black,No,0
Ducky DK9008 Shine 3 Orange LED Backlit (Black Cherry MX),,Standard,Standard,Orange,Wired,Black,Cherry MX Black,No,0
Ducky DK9008 Shine 3 Blue LED Backlit (Brown Cherry MX),,Standard,Standard,Blue,Wired,Black,Cherry MX Brown,No,5
Ducky DK9008 Shine 3 Green LED Backlit (Brown Cherry MX),,Standard,Standard,Green,Wired,Black,Cherry MX Brown,No,0
Ducky DK9008 Shine 3 Magenta LED Backlit (Brown Cherry MX),,Standard,Standard,Purple,Wired,Black,Cherry MX Brown,No,0
Ducky DK9008 Shine 3 Red LED Backlit (Brown Cherry MX),,Standard,Standard,Red,Wired,Black,Cherry MX Brown,No,5
Ducky DK9008 Shine 3 Orange LED Backlit (Brown Cherry MX),,Standard,Standard,Orange,Wired,Black,Cherry MX Brown,No,0
Ducky DK9008 Shine 3 White LED Backlit (Brown Cherry MX),,Standard,Standard,White,Wired,Black,Cherry MX Brown,No,0
Ducky DK9008 Shine 3 Blue LED Backlit (Blue Cherry MX),,Standard,Standard,Blue,Wired,Black,Cherry MX Blue,No,0
Ducky DK9008 Shine 3 Green LED Backlit (Blue Cherry MX),,Standard,Standard,Green,Wired,Black,Cherry MX Blue,No,5
Ducky DK9008 Shine 3 Magenta LED Backlit (Blue Cherry MX),,Standard,Standard,Purple,Wired,Black,Cherry MX Blue,No,0
Ducky DK9008 Shine 3 Red LED Backlit (Blue Cherry MX),,Standard,Standard,Red,Wired,Black,Cherry MX Blue,No,5
Ducky DK9008 Shine 3 Orange LED Backlit (Blue Cherry MX),,Standard,Standard,Orange,Wired,Black,Cherry MX Blue,No,0
Ducky Ducky DK9008 Shine 3 White LED Backlit (Blue Cherry MX),,Standard,Standard,White,Wired,Black,Cherry MX Blue,No,5
Ducky DK9008 Shine 3 Magenta LED Backlit (Red Cherry MX),,Standard,Standard,Purple,Wired,Black,Cherry MX Red,No,0
Ducky DK9008 Shine 3 Red LED Backlit (Red Cherry MX),,https://cdna.pcpartpicker.com/static/forever/images/product/73a5c3ac009c9cd60d2820e6ee01931c.med.256p.jpg,Standard,Red,Wired,Black,Cherry MX Red,No,5
Ducky DK9008 Shine 3 Orange LED Backlit (Red Cherry MX),,Standard,Standard,Orange,Wired,Black,Cherry MX Red,No,5
Ducky DK9008 Shine 3 White LED Backlit (Red Cherry MX),,https://cdna.pcpartpicker.com/static/forever/images/product/673955a733b2f43b3e48268b43c96747.med.256p.jpg,Standard,White,Wired,Black,Cherry MX Red,No,0
Ducky DK9087 Shine 3 TKL Blue LED Backlit (Black Cherry MX),,Standard,Standard,Blue,Wired,Black,Cherry MX Black,Yes,0
Ducky DK9087 Shine 3 TKL Green LED Backlit (Black Cherry MX),,Standard,Standard,Green,Wired,Black,Cherry MX Black,Yes,0
Ducky DK9087 Shine 3 TKL Magenta LED Backlit (Black Cherry MX),,https://cdna.pcpartpicker.com/static/forever/images/product/3f822696c31d121daa39792d950dec3b.256p.jpg,Standard,Purple,Wired,Black,Cherry MX Black,Yes,0
Ducky DK9087 Shine 3 TKL Red LED Backlit (Black Cherry MX),,Standard,Standard,Red,Wired,Black,Cherry MX Black,Yes,0
Ducky DK9087 Shine 3 TKL Orange LED Backlit (Black Cherry MX),,Standard,Standard,Orange,Wired,Black,Cherry MX Black,Yes,0
Ducky DK9087 Shine 3 TKL White LED Backlit (Black Cherry MX),,Standard,Standard,White,Wired,Black,Cherry MX Black,Yes,5
Ducky DK9087 Shine 3 TKL Blue LED Backlit (Brown Cherry MX),,Standard,Standard,Blue,Wired,Black,Cherry MX Brown,Yes,0
Ducky DK9087 Shine 3 TKL Green LED Backlit (Brown Cherry MX),,Standard,Standard,Green,Wired,Black,Cherry MX Brown,Yes,0
Ducky DK9087 Shine 3 TKL Magenta LED Backlit (Brown Cherry MX),,Standard,Standard,Purple,Wired,Black,Cherry MX Brown,Yes,0
Ducky DK9087 Shine 3 TKL Red LED Backlit (Brown Cherry MX),,Standard,Standard,Red,Wired,Black,Cherry MX Brown,Yes,5
Ducky DK9087 Shine 3 TKL Orange LED Backlit (Brown Cherry MX),,Standard,Standard,Orange,Wired,Black,Cherry MX Brown,Yes,0
Ducky DK9087 Shine 3 TKL White LED Backlit (Brown Cherry MX),,https://cdna.pcpartpicker.com/static/forever/images/product/d3beb187a9d6c9d4c31e345cf1be7c99.med.256p.jpg,Standard,White,Wired,Black,Cherry MX Brown,Yes,5
Ducky DK9087 Shine 3 TKL Blue LED Backlit (Blue Cherry MX),,Standard,Standard,Blue,Wired,Black,Cherry MX Blue,Yes,0
Ducky DK9087 Shine 3 TKL Green LED Backlit (Blue Cherry MX),,Standard,Standard,Green,Wired,Black,Cherry MX Blue,Yes,5
Ducky DK9087 Shine 3 TKL Magenta LED Backlit (Blue Cherry MX),,Standard,Standard,Purple,Wired,Black,Cherry MX Blue,Yes,0
Ducky DK9087 Shine 3 TKL Red LED Backlit (Blue Cherry MX),,Standard,Standard,Red,Wired,Black,Cherry MX Blue,Yes,0
Ducky DK9087 Shine 3 TKL Orange LED Backlit (Blue Cherry MX),,Standard,Standard,Orange,Wired,Black,Cherry MX Blue,Yes,0
Ducky DK9087 Shine 3 TKL White LED Backlit (Blue Cherry MX),,Standard,Standard,White,Wired,Black,Cherry MX Blue,Yes,0
Ducky DK9087 Shine 3 TKL Blue LED Backlit (Red Cherry MX),,Standard,Standard,Blue,Wired,Black,Cherry MX Red,Yes,0
Ducky DK9087 Shine 3 TKL Green LED Backlit (Red Cherry MX),,Standard,Standard,Green,Wired,Black,Cherry MX Red,Yes,0
Ducky DK9087 Shine 3 TKL Magenta LED Backlit (Red Cherry MX),,Standard,Standard,Purple,Wired,Black,Cherry MX Red,Yes,0
Ducky DK9087 Shine 3 TKL Red LED Backlit (Red Cherry MX),,Standard,Standard,Red,Wired,Black,Cherry MX Red,Yes,0
Ducky DK9087 Shine 3 TKL Orange LED Backlit (Red Cherry MX),,Standard,Standard,Orange,Wired,Black,Cherry MX Red,Yes,0
Ducky DK9087 Shine 3 TKL White LED Backlit (Red Cherry MX),,Standard,Standard,White,Wired,Black,Cherry MX Red,Yes,0
Gigabyte GK-FORCE K7,,Gaming,Gaming,Multicolor,Wired,Black,Black,No,4
Razer Nostromo,,Gaming,Gaming,Blue,Wired,Black,Black,Yes,4
Deck Legend Ice Tactile,,Standard,Standard,Blue,Wired,Black,Cherry MX Clear,No,0
Deck Legend Fire,,Standard,Standard,Red,Wired,Black,Cherry MX Black,No,0
Deck 82 Ice,,Mini,Mini,Blue,Wired,Black,Cherry MX Black,Yes,0
Deck Legend ToXiC,,https://cdna.pcpartpicker.com/static/forever/images/product/6e13542a0fdae4a68c34f846afd0509f.256p.jpg,Standard,Green,Wired,Black,Cherry MX Black,No,0
DSI Modular Mac,,https://cdna.pcpartpicker.com/static/forever/images/product/de5a37b6a51841b9cef88ba42abe6b81.med.256p.jpg,Slim,None,Wired,Black,Cherry MX Red,Yes,0
iOne Xarmor U9,,Standard,Standard,None,Wired,Black,Cherry MX Blue,No,0
iOne Xarmor U9W,,Standard,Standard,None,Wireless,Black,Cherry MX Brown,No,4
iOne Scorpius M10,,Standard,Standard,None,Wired,Black,Cherry MX Blue,No,0
Keycool 180 Key White,,Standard,Standard,Multicolor,Wired,White,Cherry MX Black,No,0
Keycool Grey Version 84,,Mini,Mini,Red,Wired,Black,Cherry MX Black,Yes,0
Keycool White Version 84,,Mini,Mini,Red,Wired,White,Cherry MX Black,Yes,0
Keycool White Version 87,,Mini,Mini,Blue,Wired,White,Cherry MX Black,Yes,0
Keycool 84,,Mini,Mini,Blue,Wired,Black,Cherry MX Black,Yes,0
Keycool 87,,Mini,Mini,Multicolor,Wired,Black,Cherry MX Black,Yes,0
Thermaltake MEKA G-Unit Battle Edition,,Gaming,Gaming,None,Wired,Green / Black,Cherry MX Black,No,0
Thermaltake eSPORTS MEKA U-UNIT Combat White,,Gaming,Gaming,None,Wired,White,Cherry MX Black,No,5
matias Tactile Pro for Mac,179.95,https://cdna.pcpartpicker.com/static/forever/images/product/89a1ee0ea1782b2edf2d9bb23afb8c6f.256p.jpg,Standard,None,Wired,White,ALPS Clicky Simplified White,No,0
matias Laptop Pro for Mac,,https://cdna.pcpartpicker.com/static/forever/images/product/fb81405fd4e9b6b412420b02c6003591.256p.jpg,Mini,None,Wired,Black / Silver,ALPS White,Yes,0
matias Mini Quiet Pro for PC,198.5,Mini,Mini,None,Wired,Black,ALPS White,Yes,0
Max Keyboard Nighthawk X8 Green,,Standard,Standard,Green,Wired,Black,Cherry MX Brown,No,0
Max Keyboard Nighthawk X8 Orange,,Standard,Standard,Orange,Wired,Black,Cherry MX Brown,No,0
Max Keyboard Nighthawk X9 White,,Standard,Standard,White,Wired,Black,Cherry MX Red,No,0
Tex Beetle,,Mini,Mini,None,Wired,Black / White,Cherry MX Black,Yes,0
Vortex KBT RACE TKL,,Mini,Mini,None,Wired,Black,Cherry MX White,No,5
Cobra K701,,https://cdna.pcpartpicker.com/static/forever/images/product/35264fdecb0faeead8c022006bc19099.med.256p.jpg,Gaming,Blue,Wired,Black,Black,No,0
Vortex KBT PURE PBT,,Mini,Mini,None,Wired,Black,Cherry MX White,Yes,0
Cooler Master CM Storm QuickFire TK - Limited Edition White,,Standard,Standard,White,Wired,Black / White,Cherry MX Red,No,0
Adesso WKB-4210UB,,Slim,Slim,None,Wireless,Black,Black,No,0
Cooler Master Storm QuickFire Ultimate,,https://cdna.pcpartpicker.com/static/forever/images/product/764b730667a3dcf3ef802c2d00f98f90.256p.jpg,Gaming,Red,Wired,Black,Cherry MX Blue,No,0
Ergoguys CD1060,,Standard,Standard,None,Wired,Black / Yellow,Black / Yellow,No,0
Genius Manticore,,Gaming,Gaming,RGB,Wired,Black / Red,Black / Red,No,5
Genius K9,,https://cdna.pcpartpicker.com/static/forever/images/product/b8ea1cc5e51a2d47a68d896dd5918452.med.256p.jpg,Gaming,RGB,Wired,Blue,Blue,No,4.5
Keycool KC84BLA-R,,https://cdna.pcpartpicker.com/static/forever/images/product/eef9c9c7834f694f3edc90c264a4bd9a.med.256p.jpg,Mini,Multicolor,Wired,Black,Cherry MX Black,Yes,0
Keycool KC84BLUE-B,,https://cdna.pcpartpicker.com/static/forever/images/product/d320ba3670349b90a6aee572de9ae39b.med.256p.jpg,Mini,Multicolor,Wired,Black,Cherry MX Blue,No,0
Keycool KC84BLUE-G,,Mini,Mini,Multicolor,Wired,Black,Cherry MX Blue,Yes,0
Keycool KC84BLUE-W,,https://cdna.pcpartpicker.com/static/forever/images/product/06495883788a22234454991478812ca7.med.256p.jpg,Mini,Multicolor,Wired,Black,Cherry MX Blue,Yes,0
Keycool KC84BROWN-G,,Mini,Mini,Multicolor,Wired,Black,Cherry MX Brown,Yes,0
Keycool KC84RED-B,,https://cdna.pcpartpicker.com/static/forever/images/product/d320ba3670349b90a6aee572de9ae39b.med.256p.jpg,Mini,Multicolor,Wired,Black,Cherry MX Red,Yes,0
Keycool KC84RED-G,,https://cdna.pcpartpicker.com/static/forever/images/product/64daa88a4053c7dca2e57a68f0341ebb.med.256p.jpg,Mini,Multicolor,Wired,Black,Cherry MX Red,Yes,0
Keycool KC84RED-W,,https://cdna.pcpartpicker.com/static/forever/images/product/06495883788a22234454991478812ca7.med.256p.jpg,Mini,Multicolor,Wired,Black,Cherry MX Red,Yes,0
Mad Catz S.T.R.I.K.E. 3 White,,Gaming,Gaming,None,Wired,Black / White,Black / White,No,3.5
Mad Catz S.T.R.I.K.E. 3 Red,,Gaming,Gaming,None,Wired,Black / Red,Black / Red,No,0
Mad Catz S.T.R.I.K.E. 3 Black,,Gaming,Gaming,None,Wired,Black,Black,No,5
Perixx PERIBOARD-710PLUS,,Mini,Mini,None,Wireless,Black,Black,Yes,0
Perixx PERIBOARD-407W,18.07,Mini,Mini,None,Wired,White,White,No,0
Perixx PERIBOARD-804i,,Slim,Slim,None,Bluetooth Wireless,White / Silver,White / Silver,Yes,0
Perixx PERIDUO-707B PLUS,,Standard,Standard,None,Wireless,Black,Black,Yes,0
Perixx PERIDUO-707W PLUS,,Standard,Standard,None,Wireless,White,White,Yes,0
Perixx PERIBOARD-512W,,Ergonomic,Ergonomic,None,Wired,White,White,No,0
Perixx PERIBOARD-716,,Standard,Standard,None,Wireless,Black,Black,Yes,0
Perixx 10980,,Standard,Standard,None,Wireless,Black,Black,No,0
Perixx 10991,,Mini,Mini,None,Wireless,Black,Black,Yes,0
Perixx PERIBOARD-509H PLUS,,Mini,Mini,None,Wired,Black,Black,No,0
Perixx PERIBOARD-510H PLUS,55.61,Mini,Mini,None,Wired,Black,Black,No,0
Perixx PERIDUO-710B,,https://cdna.pcpartpicker.com/static/forever/images/product/7b03304b2ce75391afe9a48ee60a14f1.med.256p.jpg,Standard,None,Wireless,Black,Black,No,0
Perixx PX-2000,,Gaming,Gaming,Blue,Wired,Black,Black,No,4
Perixx PX-1100,,Gaming,Gaming,Multicolor,Wired,Black,Black,No,4
Perixx PX-5000,,Standard,Standard,White,Wired,Black,Cherry MX Black,No,0
Perixx PERIBOARD-514PLUS,,Mini,Mini,None,Wired,Black,Black,No,0
Perixx PX-3000,,https://cdna.pcpartpicker.com/static/forever/images/product/fa5bc43d3a67649d0e6a3991ee2c4ac8.med.256p.jpg,Gaming,Blue,Wired,Black,Black,No,0
ROCCAT Ryos MK,,Gaming,Gaming,Blue,Wired,Black,Cherry MX Black,No,4
ROCCAT Ryos MK Glow,,https://cdna.pcpartpicker.com/static/forever/images/product/994ffca844f234957f47d67dd0d94fe0.256p.jpg,Gaming,Blue,Wired,Black,Cherry MX Black,No,5
Razer Battlefield 4 BlackWidow Ultimate,,Gaming,Gaming,Orange,Wired,Black,Cherry MX Blue,No,0
Razer DeathStalker Ultimate,,Gaming,Gaming,Multicolor,Wired,Black,Black,No,4
Perixx PERIDUO-303W,,Standard,Standard,None,Wired,White,White,No,4
Zalman ZM-K500,,Mini,Mini,None,Wired,Black / Red,Kailh Red,Yes,0
i-rocks KR-6421-WH,,Slim,Slim,None,Wired,White,White,No,0
Cooler Master Storm Devastator Keyboard &amp; Mouse,,https://cdna.pcpartpicker.com/static/forever/images/product/f0143c5af963d92b3f11c74f85d1eeaf.med.256p.jpg,Standard,Blue,Wired,Black,,No,4
Genius SlimStar T8020 Wireless Multi-TouchPad,,Slim,Slim,None,Wireless,Black,Black,No,0
Gyration Classic Compact Wireless Keyboard,,Mini,Mini,None,Wireless,Black,Black,Yes,0
Gyration Classic Full-Size Wireless Keyboard,,Standard,Standard,None,Wireless,Black,Black,No,0
HP K1500,,Standard,Standard,None,Wired,Black,Black,No,4
HP PS/2 Keyboard (QY774AA),,https://cdna.pcpartpicker.com/static/forever/images/product/10bbf14372dfc3ddbc0a3c22c8eaf147.256p.jpg,Standard,None,Wired,Black,Black,No,0
IOGEAR GKM681RW4,,Mini,Mini,None,Wireless,Black,Black,No,0
Keycool KC84BLA-G,,https://cdna.pcpartpicker.com/static/forever/images/product/64daa88a4053c7dca2e57a68f0341ebb.med.256p.jpg,Mini,Multicolor,Wired,Black,Cherry MX Black,Yes,0
Keycool KC84BROWN-B,,Mini,Mini,Multicolor,Wired,Black,Cherry MX Brown,Yes,0
Keycool KC84BROWN-W,,Mini,Mini,Multicolor,Wired,Black,Cherry MX Brown,Yes,0
Lenovo 0A34045,,https://cdna.pcpartpicker.com/static/forever/images/product/0309076b4dcdb16bcc4442907ddc667e.256p.jpg,Standard,None,Wireless,Black,Black,No,5
Lenovo Multimedia Remote Keyboard N5902 (Non-backlit),,Mini,Mini,None,Wireless,Black,Black,Yes,0
Logitech 920-000021,,Standard,Standard,None,Wired,Black,Black,No,0
Logitech Value 100,,Standard,Standard,None,Wired,Black,Black,No,0
Perixx 10532,34.99,Mini,Mini,None,Wireless,Black,Black,Yes,0
Perixx PERIDUO-703W,,Standard,Standard,None,Wireless,White,White,No,0
Perixx PERIBOARD-717,,Mini,Mini,None,Wireless,Black,Black,Yes,0
Perixx PX-1000,,Gaming,Gaming,Red,Wired,Black,Black,No,3.5
Perixx PERIBOARD-208B,,https://cdna.pcpartpicker.com/static/forever/images/product/2399ff9ecf85befd93bc9d6a6fad03de.med.256p.jpg,Standard,None,Wired,Black,Black,No,0
Rosewill STRIKER RK-6000,,Standard,Standard,None,Wired,Black,ALPS Blue,No,3.5
Rosewill RK500,,Standard,Standard,None,Wired,Black / Silver,Black / Silver,No,0
AZIO Wireless HTPC Keyboard,,Slim,Slim,None,Wireless,Black,Black,Yes,0
Belkin B2B061,,Standard,Standard,None,Wired,Black,Black,No,0
Belkin B2B063,,Standard,Standard,None,Wireless,Black,Black,No,0
Cobra Mazer Type-X,,Gaming,Gaming,None,Wired,Black / Blue,Black / Blue,No,4
Cobra Polygon,,Gaming,Gaming,None,Wired,Black / Blue,Black / Blue,No,0
KeyTronic KT400U4 Keyboard,,Standard,Standard,None,Wired,Black,Black,No,5
Prestige Bakker Elkhuizen Compact Usb Keyboard,,Slim,Slim,None,Wired,Silver,Silver,No,0
Rosewill Apollo RK-9100xB,,Gaming,Gaming,Blue,Wired,Black,Cherry MX Blue,No,4
Rosewill Apollo RK-9100xBBR,,Gaming,Gaming,Blue,Wired,Black,Cherry MX Brown,No,4
Rosewill Apollo RK-9100xR,,Gaming,Gaming,Red,Wired,Black,Cherry MX Blue,No,0
Rosewill Apollo RK-9100xRBR,,Gaming,Gaming,Red,Wired,Black,Cherry MX Brown,No,5
Rosewill RK-9200BL,,Slim,Slim,Multicolor,Wired,Black,Cherry MX Black,No,0
Rosewill RK-9200BU,,Slim,Slim,Multicolor,Wired,Black,Cherry MX Blue,No,5
i-rocks KR-6401-BK,,Slim,Slim,None,Wired,Black,Black,No,0
i-rocks KR-6402-BK,,Slim,Slim,None,Wired,Black,Black,No,0
i-rocks KR-6820E-BK,53.93,Gaming,Gaming,Orange,Wired,Black,Black,No,1
Thermaltake eSPORTS POSEIDON Illuminated,,Gaming,Gaming,Blue,Wired,Black,Cherry MX Brown,No,5
Deck Francium Pro,,Standard,Standard,White,Wired,Black,Cherry MX Brown,Yes,5
Gear Head KB5195W,,Standard,Standard,None,Wireless,Black,Black,No,0
Cherry G80-3850LYBGB-2,,https://cdna.pcpartpicker.com/static/forever/images/product/da455b3acd947a497888713318eb072d.256p.jpg,Standard,None,Wired,Black,Cherry MX Red,No,4.5
AZIO KB506,134.58,Standard,Standard,Multicolor,Wired,Black,Black,No,5
Adesso AKB-132PB,33.47,https://cdna.pcpartpicker.com/static/forever/images/product/832f1c2a2aedec0086ddfb02dc20d590.256p.jpg,Standard,None,Wired,Black,Black,No,3
Das Keyboard Professional S for Mac,,https://cdna.pcpartpicker.com/static/forever/images/product/96c5ed335ae760c9b4cd76e18e7df953.med.256p.jpg,Standard,None,Wired,Black,Cherry MX Blue,No,0
Ergoguys CD1104 Japanese and English,,Standard,Standard,None,Wired,Black,Black,No,0
Ergoguys CD1122,,Standard,Standard,None,Wired,Black / Yellow,Black / Yellow,No,0
Func KB-460,,https://cdna.pcpartpicker.com/static/forever/images/product/b510114c18396e14c37b29b873e6399a.med.256p.jpg,Gaming,Red,Wired,Black,Cherry MX Red,No,5
Genius SlimStar i250,,Standard,Standard,None,Wired,Black,Black,No,0
HP USB Smart Card CCID Keyboard,54,https://cdna.pcpartpicker.com/static/forever/images/product/f901bc546b67dcebccbcc34d0d6d6d33.256p.jpg,Standard,None,Wired,Black / Silver,Black / Silver,No,0
Razer DeathStalker Essential,,Gaming,Gaming,None,Wired,Black,Black,No,4
Rosewill Micro RK-9000 BL,,Mini,Mini,None,Wired,Black,Cherry MX Blue,Yes,0
Rosewill Micro RK-9000 BR,,Mini,Mini,None,Wired,Black / Silver,Cherry MX Brown,Yes,0
SIIG USB Compact Multimedia Keyboard,,Standard,Standard,None,Wired,Black,Black,No,0
SIIG USB Slim Ergonomic Multimedia Keyboard,,https://cdna.pcpartpicker.com/static/forever/images/product/edf0adfb40f8850c108e66a5148fb09b.256p.jpg,Standard,None,Wired,Black,Black,No,0
Razer Tartarus,,Gaming,Gaming,Green,Wired,Black,Black,Yes,4.5
Logitech K810,,https://cdna.pcpartpicker.com/static/forever/images/product/e523dc7642e91fb57878fad19baab11f.256p.jpg,Mini,White,Bluetooth Wireless,Black,Black,Yes,0
GAMDIAS HERMES,,Gaming,Gaming,Red,Wired,Black,Cherry MX Blue,No,0
AZIO PRISM,,Slim,Slim,Multicolor,Wired,Black,Black,No,4.5
Cherry KC 4020,,Mini,Mini,White,Wired,Black / White,Black / White,Yes,0
Cobra Cobra II,,Standard,Standard,Blue,Wired,Black,Black,No,4
Genius Imperator Pro White Edition,,Gaming,Gaming,RGB,Wired,White / Gray,White / Gray,No,0
Mad Catz Titanfall S.T.R.I.K.E.3,,Gaming,Gaming,Multicolor,Wired,Orange / White,Orange / White,No,4
Rosewill Line RK-500,,Standard,Standard,None,Wired,Black,Black,No,4.5
Happy Hacking Lite2,,Mini,Mini,None,Wired,Black,Black,No,0
Anker T300,,Slim,Slim,None,Bluetooth Wireless,Black,Black,No,3
Cooler Master QuickFire Rapid-i,,Standard,Standard,White,Wired,Black / White,Cherry MX Brown,Yes,4.5
Razer Blackwidow Ultimate 2014 Stealth Edition,,Gaming,Gaming,Green,Wired,Black,Razer Orange,No,4.5
Thermaltake KB-PIZ-KBBLUS-01,,Gaming,Gaming,Blue,Wired,Black,Kailh Brown,No,0
Thermaltake KB-POI-BLBLUS-01,,Gaming,Gaming,None,Wired,Black,Cherry MX Blue,No,0
Thermaltake KB-POI-RDBLUS-01,,Gaming,Gaming,None,Wired,Black,Cherry MX Red,No,0
Cherry JK-0700 Compact Quiet Keyboard,,Slim,Slim,None,Wired,Black,Black,No,0
Logitech Wireless Keyboard K360,,Slim,Slim,None,Wireless,Black,Black,No,0
Logitech K725-C,,Standard,Standard,None,Wired,Black,Black,No,0
Rosewill RGB80,,Gaming,Gaming,Multicolor,Wired,Black,Kailh Blue,Yes,3.5
HP G1K29AA#ABA,,Standard,Standard,None,Wireless,Black,Black,No,0
Gigabyte K3100,,https://cdna.pcpartpicker.com/static/forever/images/product/9f941e19737e89e4d17059e93baa71e4.med.256p.jpg,Standard,None,Wired,Black,Black,No,0
i-rocks RF-6577L-WH,,Slim,Slim,None,Wireless,White,White,No,0
Topre Realforce 87U Silent,,https://cdna.pcpartpicker.com/static/forever/images/product/fc1de858de97a7083832245a3b192307.256p.jpg,Slim,Blue,Wired,White / Gray,Topre Variable Silent,Yes,0
Topre Realforce 87U,,https://cdna.pcpartpicker.com/static/forever/images/product/548895b8df32f6a5d758aa3ab5c9c929.med.256p.jpg,Slim,Blue,Wired,Black,Topre 55g,Yes,0
Topre Realforce 87U EK Edition,,Slim,Slim,Red,Wired,Black / Gray,Topre 45g,Yes,4
Topre Realforce 104U,,Standard,Standard,None,Wired,White / Gray,Topre Variable,No,0
Topre Realforce 104UB,,Standard,Standard,None,Wired,Black,Topre Variable,No,5
Topre Realforce 104UG High Profile,,Standard,Standard,None,Wired,Black / Gray,Topre 45g,No,5
Rosewill Apollo RK-9100xBRE,,Gaming,Gaming,Blue,Wired,Black,Cherry MX Red,No,0
Rosewill Apollo RK-9100xRRE,,Gaming,Gaming,Red,Wired,Black,Cherry MX Red,No,0
Buslink KR-6421-WH Keyboard,,https://cdna.pcpartpicker.com/static/forever/images/product/5d9494ba65bd24a32a1f5de385fec33f.256p.jpg,Slim,None,Wired,White,White,No,0
Chester Creek Technologies TrekKeys,,Mini,Mini,None,Bluetooth Wireless,White / Silver,White / Silver,Yes,0
Logitech K400 (920-003070),,https://cdna.pcpartpicker.com/static/forever/images/product/383d2edd71eddc0278f6c6ce988ed0ca.256p.jpg,Slim,None,Wireless,Black,Black,Yes,4
Rosewill BK-500A,,Slim,Slim,None,Bluetooth Wireless,Black,Black,Yes,0
Cooler Master Novatouch TKL,,Standard,Standard,None,Wired,Black,Topre 45g,Yes,0
Cooler Master CM Storm Trigger Z,,Gaming,Gaming,Blue,Wired,Black,Cherry MX Blue,No,0
Corsair K95,,Gaming,Gaming,White,Wired,Black,Cherry MX Red,No,3.5
Rosewill RGB80 BR,,Gaming,Gaming,Multicolor,Wired,Black,Kailh Brown,Yes,0
Razer Deathstalker Expert,,Gaming,Gaming,Green,Wired,Black,Black,No,4.5
i-rocks RF-6572L-BK,,https://cdna.pcpartpicker.com/static/forever/images/product/aa24313168de5894465cb5c316f9b6cc.256p.jpg,Standard,None,Wireless,Black / Silver,Black / Silver,No,0
Cooler Master OCTANE,,https://cdna.pcpartpicker.com/static/forever/images/product/88d519c6f852bd568f6dc9660fcdedde.256p.jpg,Gaming,Multicolor,Wired,Black,Black,No,4
Logitech Y-SAE71,,Standard,Standard,None,Wired,Black,Black,No,4
Asus 90MS0000-P00010,,Mini,Mini,None,Wireless,Black,Black,Yes,0
AZIO MGK1,,Gaming,Gaming,White,Wired,Gunmetal,Kailh Blue,No,4.5
Mad Catz S.T.R.I.K.E.TE,,Gaming,Gaming,White,Wired,Black / Blue,Kailh Brown,No,3
ROCCAT Ryos TKL Pro,,https://cdna.pcpartpicker.com/static/forever/images/product/e9476915e5d61317a5cd7e64825a8dea.256p.jpg,Gaming,Blue,Wired,Black,Cherry MX Blue,Yes,0
Zowie CELERITAS,,Standard,Standard,None,Wired,Black,Cherry MX Brown,No,0
i-rocks RF-6572L-WH,,https://cdna.pcpartpicker.com/static/forever/images/product/567010ebfdd2c13c9544c8fae9841f9f.256p.jpg,Slim,None,Wireless,White,White,No,0
Ducky Zero TKL,,Mini,Mini,None,Wired,Black,Cherry MX Brown,Yes,0
Corsair K95 RGB UK,,Gaming,Gaming,RGB,Wired,Black,Cherry MX Blue,No,0
Corsair K70 RGB UK,,https://cdna.pcpartpicker.com/static/forever/images/product/71bba2f1c06533c3640f642e34dbc1a9.256p.jpg,Gaming,RGB,Wired,Black,Cherry MX Brown,No,0
Corsair K65 RGB,,https://cdna.pcpartpicker.com/static/forever/images/product/22bd94e27851575110eb609154a7018f.256p.jpg,Gaming,RGB,Wired,Black,Cherry MX Red,Yes,4.5
Microsoft Wired Desktop 400 for Business,,Standard,Standard,None,Wired,Black,Black,No,0
Thermaltake Commander,,Gaming,Gaming,Blue,Wired,Black / Silver,Black / Silver,No,0
Azza Poseidon,,Gaming,Gaming,Red,Wired,Black / Red,Black / Red,No,4
Belkin B2B127-BLK,,Mini,Mini,None,Wired,Black,Black,Yes,0
Cougar ATTACK2-2B,,Standard,Standard,None,Wired,Black,Cherry MX Black,No,0
Cougar 500K,,Gaming,Gaming,Orange,Wired,Black,Black,No,0
Cougar 600K,,https://cdna.pcpartpicker.com/static/forever/images/product/25d0561d79a8f9a28b7e2e8ca640bf2d.256p.jpg,Gaming,Orange,Wired,Black,Cherry MX Brown,No,0
Adesso EasyTouch 635,,Gaming,Gaming,None,Wired,Black,Kailh Blue,No,0
Cougar 700K,,Gaming,Gaming,Red,Wired,Black / Silver,Cherry MX Red,No,5
Cougar KBC700-2IS,,Gaming,Gaming,Red,Wired,Black,Cherry MX Black,No,5
Gigabyte FORCE K7 Wireless,,Gaming,Gaming,None,Wireless,Black,Black,No,0
HP Elite v2,,Slim,Slim,None,Wireless,Black,Black,No,0
Lenovo Cherry SmartBoard G83-6644,,Standard,Standard,None,Wired,Black,Black,No,0
Mad Catz S.T.R.I.K.E. TE,,Gaming,Gaming,White,Wired,White,Kailh Brown,No,0
Rosewill Apollo RK-9100xBBL,,Gaming,Gaming,Blue,Wired,Black,Cherry MX Black,No,0
Rosewill Apollo RK-9100xRBL,,Gaming,Gaming,Red,Wired,Black,Cherry MX Black,No,0
Rosewill RBK-100,,Slim,Slim,Blue,Wired,Black,Black,No,0
Rosewill RK-8300,,Gaming,Gaming,None,Wired,Black,Black,No,0
Rosewill RK-9000V2,,Standard,Standard,None,Wired,Black,Cherry MX Blue,No,5
Thermaltake CHALLENGER Illuminated,,Gaming,Gaming,Red,Wired,Black,Black,No,0
Kensington KP400,69.98,Slim,Slim,None,Wired,Black,Black,No,0
Buslink KR-6421-BK Keyboard,,https://cdna.pcpartpicker.com/static/forever/images/product/99b3d7736c75f563f16e88671ea43d15.256p.jpg,Slim,None,Wired,Black,Black,No,0
KUL ES-87,,Standard,Standard,None,Wired,Black,Cherry MX Black,Yes,0
KUL ES-87 Smoke,,Standard,Standard,None,Wired,Gray,Cherry MX Blue,Yes,0
UtechSmart Saturn,,https://cdna.pcpartpicker.com/static/forever/images/product/e7b235b2b232d0b12d93c9a3e8ae3ab6.256p.jpg,Gaming,Multicolor,Wired,Black,Black,No,4
KeyTronic MK320,,Standard,Standard,None,Wireless,Black,Black,No,0
KeyTronic MK520,,Standard,Standard,None,Wireless,Black,Black,No,0
Adesso EasyTouch135,,Gaming,Gaming,Multicolor,Wired,Black,Black,No,0
Cooler Master MECH,,Gaming,Gaming,White,Wired,Black / Silver,Cherry MX Blue,No,0
Ducky Mini,,Mini,Mini,Red / Blue,Wired,Black / Silver,Cherry MX Black,Yes,0
AZIO KB506W,,Gaming,Gaming,Blue,Wireless,Black,Black,No,0
Das Keyboard 4C Professional,,https://cdna.pcpartpicker.com/static/forever/images/product/5d9bd0a9efb395913614cea78596b85e.256p.jpg,Standard,None,Wired,Black,Greetech Blue,Yes,4
Das Keyboard 4C Ultimate,,Standard,Standard,None,Wired,Black,Greetech Blue,Yes,0
Gear Head KB5500M,,Gaming,Gaming,None,Wired,Black,Kailh Red,Yes,5
KeyTronic K120P,,Standard,Standard,None,Wired,Black,Black,No,0
KeyTronic K120U,,Standard,Standard,None,Wired,Black,Black,No,0
RCA TPH510,,Standard,Standard,None,Wired,Black,Black,No,0
Rosewill RK-9000V2 BL,,Standard,Standard,None,Wired,Black,Cherry MX Black,No,5
Rosewill RK-9000V2 RE,,Standard,Standard,None,Wired,Black,Cherry MX Red,No,0
SteelSeries Apex M800,,Gaming,Gaming,RGB,Wired,Black,SteelSeries QS1,No,4.5
Turtle Beach IMPACT 100,,Gaming,Gaming,None,Wired,Black / Red,Black / Red,No,5
Turtle Beach IMPACT 500,,Standard,Standard,None,Wired,Black,Cherry MX Blue,Yes,0
Turtle Beach IMPACT 700,,Gaming,Gaming,Red,Wired,Black,Cherry MX Brown,No,0
Cherry JD-0700EU-2,,Standard,Standard,None,Wireless,Black,Black,No,0
Lenovo Preferred Pro USB Fingerprint Keyboard -US English,,Standard,Standard,None,Wired,Black,Black,No,0
Thermaltake Commander Bundle,,Gaming,Gaming,Blue,Wired,Black / Silver,Black / Silver,No,4
Monoprice K11,,https://cdna.pcpartpicker.com/static/forever/images/product/bb17d1dacff4e9f630c710c8b5cc05b8.256p.jpg,Gaming,None,Wired,Black,Black,No,0
Monoprice 11795,,https://cdna.pcpartpicker.com/static/forever/images/product/b0ef232c0b0ef43791dbcad3e0dd7b03.256p.jpg,Slim,Blue,Wired,Black,Black,No,2
Monoprice 6821,,Slim,Slim,None,Wired,Black / White,Black / White,No,0
Monoprice 9180,,Standard,Standard,None,Wired,Black,Cherry MX Black,No,0
Monoprice 9181,,Standard,Standard,Red,Wired,Black,Cherry MX Red,No,0
Monoprice K3 Chocolate Style,,https://cdna.pcpartpicker.com/static/forever/images/product/51e38e51241cb97246cee7f28bc0b998.256p.jpg,Standard,None,Wired,Black,Black,No,0
Monoprice K9,,Standard,Standard,None,Wired,Black,Black,No,5
Monoprice 9433,,Standard,Standard,None,Wired,Black,Cherry MX Blue,No,0
Adesso SlimTouch 510R,,Standard,Standard,None,Wired,Black,Black,No,0
Microsoft Wired Desktop 400 UK,,https://cdna.pcpartpicker.com/static/forever/images/product/7838a283dd464e91af14368ef78f30ed.256p.jpg,Standard,None,Wired,Black,Black,No,0
EagleTec K005 / KS03,,Gaming,Gaming,Multicolor,Wired,Black,Black,No,4
Nixeus MODA,,Gaming,Gaming,None,Wired,Black,Kailh Brown,Yes,0
AZIO HUE,,Slim,Slim,None,Wireless,Blue / White,Blue / White,No,0
IOGEAR Kaliber Gaming IKON,,Standard,Standard,Multicolor,Wired,Black,Black,No,0
IOGEAR Quietus Desktop,,Standard,Standard,None,Wired,Black,Black,No,0
IOGEAR Tacturus RF Desktop,,Slim,Slim,None,Wireless,Black,Black,No,0
Panasonic Ikey Keyboard,,https://cdna.pcpartpicker.com/static/forever/images/product/93e178506baa41b64f4073847b3cf429.256p.jpg,Mini,None,Wired,Black,Black,No,0
SMK-Link BLU-LINK,,Slim,Slim,None,Bluetooth Wireless,Black / Silver,Black / Silver,Yes,0
SolidTek KB-6600,,Standard,Standard,None,Wired,Black,Black,No,0
IOGEAR Quietus RF Desktop,,Standard,Standard,None,Wireless,Black,Black,No,0
IOGEAR Kaliber Gaming,,Standard,Standard,None,Wireless,Black,Black,No,0
Microsoft GU5-00001,,Slim,Slim,None,Bluetooth Wireless,Black,Black,Yes,0
BlueFinger CM200,,Gaming,Gaming,Multicolor,Wired,Black,Black,No,0
Vortex POK3R,,Mini,Mini,None,Wired,Black,Cherry MX Brown,No,4.5
Cooler Master Quick Fire XTi,,Standard,Standard,Red / Blue,Wired,Black,Cherry MX Blue,No,5
IOGEAR GE1337PKIT,,https://cdna.pcpartpicker.com/static/forever/images/product/0847ef24ed3e14aa882c15b3f3970ea8.256p.jpg,Gaming,None,Wireless,Black,Black,No,0
MSI GK-701,,Gaming,Gaming,Red,Wired,Black,Cherry MX Brown,No,5
TekNmotion TM-NIBK11,,https://cdna.pcpartpicker.com/static/forever/images/product/dab795c874d886e427dbd5f83b5a0415.256p.jpg,Gaming,None,Wired,Black,Black,No,0
G.Skill Ripjaws KM780 MX,,https://cdna.pcpartpicker.com/static/forever/images/product/89f0581c6dd69c7adb3ff35087315aee.256p.jpg,Gaming,Red,Wired,Black,Cherry MX Brown,No,4
Adesso EasyTouch 130,,Standard,Standard,Blue,Wired,Black,Black,No,0
Adesso SlimTouch 2200,,https://cdna.pcpartpicker.com/static/forever/images/product/98c9f04e1a5fb2087b2eb0f9725c5b48.256p.jpg,Slim,None,Wireless,Black,Black,No,0
Logitech G410 Atlas Spectrum,,Gaming,Gaming,RGB,Wired,Black,Romer-G Tactile,Yes,5
Logitech MX800,,Standard,Standard,White,Wireless,Black,Black,No,4
Filco Majestouch 2,137.99,Standard,Standard,None,Wired,Black,Cherry MX Blue,No,0
Microsoft Digital Media Pro,189.99,Ergonomic,Ergonomic,None,Wired,Black / Silver,Black / Silver,No,5
Corsair K30,,Gaming,Gaming,Red,Wired,Black,Black,No,4.5
Genius Scorpion K5,,Gaming,Gaming,RGB,Wired,Black / Gray,Black / Gray,No,0
HEC HGX300,,https://cdna.pcpartpicker.com/static/forever/images/product/8844b402abf457ce4eaa09ffa3f77cda.256p.jpg,Gaming,None,Wired,Black,Black,No,0
Microsoft Desktop 3050,,Standard,Standard,None,Wireless,Black,Black,No,0
Microsoft Desktop 900,99.99,Standard,Standard,None,Wireless,Black,Black,No,4.5
Patriot Viper V760,117.8,Gaming,Gaming,RGB,Wired,Black,Kailh Brown,No,0
SMK-Link VP3810,,Standard,Standard,None,Wired,Black,Black,No,0
SolidTek KB-3910BL,,Standard,Standard,None,Wired,Black,Black,Yes,0
Feenix Autore,,Standard,Standard,None,Wired,Black,Cherry MX Brown,No,0
Razer BlackWidow Ultimate Stealth,,https://cdna.pcpartpicker.com/static/forever/images/product/9b51fcf380b91f20aa4d9327d3a9635c.256p.jpg,Gaming,Green,Wired,Black,Razer Orange,No,4.5
Cougar AttackX3-4IS (MX Brown),,Gaming,Gaming,Red,Wired,Black / White,Cherry MX Brown,No,4
IOGEAR GKB632B,42.99,https://cdna.pcpartpicker.com/static/forever/images/product/014d0ff578bd6fe5b2e3eaea7de89355.256p.jpg,Mini,None,Bluetooth Wireless,Black,Black,Yes,0
Microsoft Comfort Desktop 5050,,Ergonomic,Ergonomic,None,Wireless,Black,Black,No,0
HP QY776AA#ABC,,https://cdna.pcpartpicker.com/static/forever/images/product/d551a80388909fb47977803c07034d71.256p.jpg,Standard,None,Wired,Black,Black,No,0
Logitech K480,,Slim,Slim,None,Bluetooth Wireless,Black / Green,Black / Green,No,4
Microsoft 2VJ-00003,,Standard,Standard,None,Wired,Black,Black,No,0
Microsoft 3TJ-00002,,Ergonomic,Ergonomic,None,Wired,Black,Black,No,0
Microsoft E6K-00002,,Standard,Standard,None,Wireless,Black,Black,No,0
SteelSeries SteelSeries Apex 300 Keyboard,,Standard,Standard,White,Wired,Black,Black,No,5
TekNmotion Nibiru CK1,,Gaming,Gaming,Blue,Wired,Black,Black,No,0
AmazonBasics KU-0833,,https://cdna.pcpartpicker.com/static/forever/images/product/f3f604433790d73732ac1b3d95dec82e.256p.jpg,Standard,None,Wired,Black,Black,No,4.5
Max Keyboard Blackbird,,Gaming,Gaming,Red,Wired,Black,Cherry MX Brown,Yes,5
Redragon ASURA K501,,Gaming,Gaming,Multicolor,Wired,Black / Red,Black / Red,No,4
Ducky Ducky Shine 5 RGB,,Gaming,Gaming,RGB,Wired,Black,Cherry MX Brown,No,5
WASD CODE,,https://cdna.pcpartpicker.com/static/forever/images/product/4bd5e008c9be4ea5df0a8b9dfded008d.256p.jpg,Standard,White,Wired,Black,Cherry MX Clear,Yes,5
G.Skill RIPJAWS KM780R,,https://cdna.pcpartpicker.com/static/forever/images/product/4f1d2f20ddddc90966a88833de824a25.256p.jpg,Gaming,Red,Wired,Black,Cherry MX Blue,No,5
Genius G-ZEUS,,Gaming,Gaming,RGB,Wired,Black,Black,No,0
Das Keyboard Division Zero X40,,Gaming,Gaming,Red,Wired,Black / Gray,Alpha-Zulu Linear,No,0
Speedlink SL-6482-BK,,Gaming,Gaming,Red,Wired,Black,Black,No,2
Varmilo VA87MNN/EBW3,,Standard,Standard,None,Wired,Black / White,Cherry MX Brown,Yes,0
Tomoko MMC023,,Standard,Standard,None,Wired,Black,Huano Blue,Yes,4
Razer Tartarus Chroma Expert,,Gaming,Gaming,RGB,Wired,Black,Black,No,0
ROCCAT Ryos MK FX RGB,,Gaming,Gaming,RGB,Wired,Black,Cherry MX Brown,No,0
Corsair STRAFE MX Silent,,https://cdna.pcpartpicker.com/static/forever/images/product/aa22199297828f42f6ee00ff5267d4b7.256p.jpg,Gaming,Red,Wired,Black,Cherry MX Silent,No,4.5
AZIO MGK L80,,https://cdna.pcpartpicker.com/static/forever/images/product/0cb75636c65a41bffc62128438b9b5cf.256p.jpg,Gaming,RGB,Wired,Black,Kailh Brown,No,5
AllSmartLife K108,,Gaming,Gaming,RGB,Wired,Black,Outemu Blue,No,0
Penclic C2B,,https://cdna.pcpartpicker.com/static/forever/images/product/8995f0a8b7defd7eb0dad3d76601ad74.256p.jpg,Mini,None,Wired,Black / Blue,Black / Blue,Yes,0
Penclic C2W,,https://cdna.pcpartpicker.com/static/forever/images/product/40e6b2d6be5da96d8a46b02bcdd3a8dc.256p.jpg,Mini,None,Wired,White / Blue,White / Blue,Yes,0
Penclic K2B,,https://cdna.pcpartpicker.com/static/forever/images/product/a21e3920d39c58f0fa173aeb3775a81d.256p.jpg,Mini,None,Wireless,Black / Red,Black / Red,Yes,0
Cooler Master Lite L,,Gaming,Gaming,RGB,Wired,Black,Black,No,4
Nixeus MK-RD15,,https://cdna.pcpartpicker.com/static/forever/images/product/ef8dbf084c1ae02958e4a5d91907f991.256p.jpg,Gaming,None,Wired,Black / Gray,Kailh Red,Yes,0
G.Skill Ripjaws KM570,,https://cdna.pcpartpicker.com/static/forever/images/product/037f8e42542274921504c517dfca8996.256p.jpg,Gaming,Red,Wired,Black,Cherry MX Blue,No,0
Logitech G100S Gaming Combo,,Standard,Standard,None,Wired,Black,Black,No,4.5
Razer Chroma Blackwidow Professional,,https://cdna.pcpartpicker.com/static/forever/images/product/526d7d1f4ab4df89a5c7fc8d4d811ad9.256p.jpg,Gaming,RGB,Wired,Black,Razer Green,No,0
Asus ROG Claymore Core,,https://cdna.pcpartpicker.com/static/forever/images/product/89f17d6c1aa331153f8bce5ec0f77665.256p.jpg,Gaming,RGB,Wired,Black,Cherry MX Red,Yes,3
Corsair K95 RGB PLATINUM UK,,https://cdna.pcpartpicker.com/static/forever/images/product/76ff29806490246229dfa4a4b37ec8d3.256p.jpg,Gaming,RGB,Wired,Black,Cherry MX Brown,No,4
Hcman Hcman H01,,Gaming,Gaming,Multicolor,Wired,Black,CK Blue,Yes,4
NOX Krom Khalon,,Standard,Standard,RGB,Wired,Black,Black,No,0
NOX Krom Kombat,,Gaming,Gaming,Orange,Wired,Black,Black,No,0
NOX Krom Kratos,,Gaming,Standard,Orange,Wired,Black,Kailh Blue,No,0
NOX Krom Kratos RGB,,Gaming,Gaming,RGB,Wired,Black,Kailh Red,No,0
NOX Krom Kratos TKL,,Gaming,Gaming,Orange,Wired,Black,Kailh Blue,No,0
G.Skill Ripjaws KM570 RGB,,https://cdna.pcpartpicker.com/static/forever/images/product/80a0fa1d5a5fc64619591aff69b89dea.256p.jpg,Gaming,RGB,Wired,Black,Cherry MX Blue,No,0
Creative Labs Vanguard K08,,https://cdna.pcpartpicker.com/static/forever/images/product/60809f7e0ca4cca19e46a4409ba7aa6b.256p.jpg,Gaming,RGB,Wired,Black,PRES,No,5
Plugable MECH87BW,,Standard,Standard,White,Wired,Black,Outemu Blue,Yes,0
RIOTORO Ghostwriter Classic,,https://cdna.pcpartpicker.com/static/forever/images/product/882aba068777f016a99aae77a84dd72c.256p.jpg,Gaming,Multicolor,Wired,Black / Red,Black / Red,No,0
RIOTORO Ghostwriter Black Prism,,Standard,Standard,RGB,Wired,Black / Red,Cherry MX Black,No,4
ROCCAT SOVA,,Gaming,Gaming,Blue,Wired,Black,Black,Yes,0
Dell Alienware AW768,,https://cdna.pcpartpicker.com/static/forever/images/product/ae999bf5ba82b837164529451ecb66b2.256p.jpg,Gaming,RGB,Wired,Silver,Kailh Brown,No,3.5
Patriot Viper V770,,Gaming,Gaming,RGB,Wired,Black,Kailh Red,No,4.5
Rosewill NEON K51B,,https://cdna.pcpartpicker.com/static/forever/images/product/3e65240252a99521cc5980ddaa26c4c0.256p.jpg,Gaming,RGB,Wired,Black,Black,No,3
Dell U473D,,Standard,Standard,None,Wired,Black,Black,No,0
Redragon K561 VISNU,,Gaming,Gaming,RGB,Wired,Black,Outemu Blue,Yes,4.5
Thermaltake Poseidon Z Plus,104.98,Standard,Standard,Blue,Wired,Black,Kailh Blue,No,4
Genius LuxeMate 100,,Mini,Mini,None,Wired,Black,Black,No,0
IOGEAR GKB710L,,Standard,Standard,Blue,Wired,Black,Kailh Blue,No,0
Zalman ZM-K700M,,Standard,Standard,White,Wired,Black,Cherry MX Red,No,0
Genius SlimStar 130,,Standard,Standard,None,Wired,Black,Black,No,0
Zalman ZM-K300M,,Gaming,Gaming,None,Wired,Black,Black,No,0
Gigabyte FORCE K83,,https://cdna.pcpartpicker.com/static/forever/images/product/659ca60972464c90f4ef6a9c61499bf2.256p.jpg,Standard,None,Wired,Black,Cherry MX Blue,No,5
Qisan CCDY003COOT7,,Mini,Mini,Blue,Wired,Silver,Cherry MX Blue,Yes,0
Qisan CCDY003COOT6,,Mini,Mini,White,Wired,Silver,Cherry MX Brown,Yes,0
Cougar Vantar,,https://cdna.pcpartpicker.com/static/forever/images/product/8ffb7256beb1ef5a6c31021b4ff68ec1.256p.jpg,Gaming,RGB,Wired,Black,Black,No,4.5
Microsoft Sculpt Ergonomic Desktop,,Ergonomic,Ergonomic,None,Wireless,Black,Black,No,0
Razer Blackwidow Tournament Edition Stealth,,https://cdna.pcpartpicker.com/static/forever/images/product/53b3e94208a9d8042f77ca9c0699a9fd.256p.jpg,Gaming,White,Wired,Black,Razer Orange,Yes,5
Cooler Master MasterSet MS120 (US),,Gaming,Gaming,RGB,Wired,Black,Black,Yes,4
Cooler Master MasterSet MS120 (UK),,https://cdna.pcpartpicker.com/static/forever/images/product/d8cd199210eaeecab466610dbfc0a6e9.256p.jpg,Gaming,RGB,Wired,Black,Black,No,3
Cooler Master MasterSet MS120 (DE),,Gaming,Gaming,RGB,Wired,Black,Black,No,0
Cooler Master MasterSet MS120 (IT),,Gaming,Gaming,RGB,Wired,Black,Black,No,0
Cooler Master MasterSet MS120 (ES),,Gaming,Gaming,RGB,Wired,Black,Black,No,0
Cooler Master MasterKeys S (MX Red),,Gaming,Gaming,None,Wired,Black,Cherry MX Red,Yes,0
Cooler Master MasterKeys S (MX Blue),,Gaming,Gaming,None,Wired,Black,Cherry MX Blue,Yes,0
Cooler Master MasterKeys S (MX Green),,Gaming,Gaming,None,Wired,Black,Cherry MX Green,Yes,0
Cooler Master MasterKeys S (MX Speed Silver),,Gaming,Gaming,None,Wired,Black,Cherry MX Speed Silver,Yes,0
Cooler Master MasterKeys L,,Gaming,Gaming,None,Wired,Black,Cherry MX Blue,No,0
Cooler Master MasterKeys L (MX Green),,Gaming,Gaming,None,Wired,Black,Cherry MX Green,No,0
Cooler Master MasterKeys L (MX Speed Silver),,Gaming,Gaming,None,Wired,Black,Cherry MX Speed Silver,No,0
GALAX HOF Black Edition (MX Brown),,Gaming,Gaming,White,Wired,Black,Cherry MX Brown,No,4
GALAX HOF Black Edition (MX Blue),,Gaming,Gaming,White,Wired,Black,Cherry MX Blue,No,0
Mionix Wei,,Standard,Standard,RGB,Wired,Black,Cherry MX Red,No,0
Cougar 450K,,https://cdna.pcpartpicker.com/static/forever/images/product/c658c165514ac9d464761d7147c8ce46.256p.jpg,Gaming,Multicolor,Wired,Black,Black,No,0
Cougar ATTACK X3 (MX Red),,Gaming,Gaming,RGB,Wired,Black / White,Cherry MX Red,No,5
Cougar ATTACK X3 (MX Blue),,Gaming,Gaming,RGB,Wired,Black / White,Cherry MX Blue,No,0
Cougar DEATHFIRE,,Gaming,Gaming,Multicolor,Wired,Black,Black,No,0
Cooler Master MasterKeys Pro S White (MX Blue),,Standard,Standard,White,Wired,Black,Cherry MX Blue,Yes,0
Cooler Master MasterKeys Pro S White (MX Brown),,Standard,Standard,White,Wired,Black,Cherry MX Brown,Yes,0
Cooler Master MasterKeys Pro S White (MX Red),,Standard,Standard,White,Wired,Black,Cherry MX Red,Yes,0
Cooler Master MasterKeys Pro S White (MX Speed Silver),,Standard,Standard,White,Wired,Black,Cherry MX Speed Silver,Yes,0
Cooler Master MasterKeys Pro M White (MX Brown),,Standard,Standard,White,Wired,Black,Cherry MX Brown,No,5
Cooler Master MasterKeys Pro M White (MX Blue),,Standard,Standard,White,Wired,Wired,Cherry MX Blue,No,0
Cooler Master MasterKeys Pro L GeForce GTX Edition,,Standard,Standard,Green,Wired,Black,Cherry MX Red,No,0
Asus ROG Horus GK2000 RGB UK,,Gaming,Gaming,RGB,Wired,Wired,Cherry MX Red,No,0
Ducky Shine 6,,Standard,Standard,RGB,Wired,Black,Cherry MX Blue,No,5
HP HyperX Alloy Elite,,Gaming,Gaming,Red,Wired,Black,Cherry MX Blue,No,0
Corsair K63 (MX Red w/Blue LED),,Gaming,Gaming,Blue,Wireless,Wireless,Cherry MX Red,Yes,4.5
Corsair K63 Special Edition (MX Red),109.99,Gaming,Gaming,Blue,Wireless,Wireless,Cherry MX Red,Yes,4
EagleTec KG010-N,,Standard,Standard,None,Wired,Black,Outemu Blue,No,5
EagleTec KG011-N,,Standard,Standard,None,Wired,White,Outemu Blue,No,0
Tesoro Gram Spectrum (Black w/Blue Switches),,Gaming,Gaming,RGB,Wired,Black,Tesoro Agile Blue,No,1
Tesoro Gram Spectrum (Black w/Red Switches),,Gaming,Gaming,RGB,Wired,Black,Tesoro Agile Red,No,0
Tesoro Gram Spectrum (White w/Blue Switches),,Gaming,Gaming,RGB,Wired,White,Tesoro Agile Blue,No,0
Tomoko CAAA1-CAAA1-VD,,Gaming,Gaming,None,Wired,Black,Outemu Blue,No,0
Redragon Varuna K559,,Gaming,Gaming,RGB,Wired,Black,Outemu Blue,No,5
Logitech K840,,https://cdna.pcpartpicker.com/static/forever/images/product/7a79f81a8e6ca8530cffbde6a05434d0.256p.jpg,Standard,None,Wired,Black,Romer-G Tactile,No,4
Jelly Comb MKJC0258,,Slim,Slim,None,Wireless,Black,Black,No,5
Corsair K55 + HARPOON RGB,,Gaming,Gaming,RGB,Wired,Black,Black,No,4
Microsoft WS2-00025,139.99,https://cdna.pcpartpicker.com/static/forever/images/product/4fc5978c5def8ac368efb0bd728e6dbf.256p.jpg,Standard,None,Bluetooth Wireless,Gray,Gray,No,0
Microsoft 3RA-00022,199.99,https://cdna.pcpartpicker.com/static/forever/images/product/dc4fdd0abedfa1ee9ab3b42354b97596.256p.jpg,Ergonomic,None,Bluetooth Wireless,Gray,Gray,No,0
HAVIT HV-KB380L,,Gaming,Gaming,Multicolor,Wired,Black,Black,No,0
Ducky Rainbow One White,,Standard,Standard,None,Wired,White,Cherry MX Black,Yes,0
Ducky One Rainbow White,,Standard,Standard,None,Wired,White,Cherry MX Black,No,0
Velocifire K61WS,,Mini,Mini,None,Wireless,Black,Outemu Brown,Yes,0
Cooler Master MasterKeys Pro M RGB,,Gaming,Gaming,None,Wired,Black,Cherry MX Blue,No,0
SteelSeries Apex M750 UK,,Gaming,Gaming,RGB,Wired,Black,SteelSeries QX2 Red,No,0
Happy Hacking Professional,,Mini,Mini,None,Bluetooth Wireless,Black,Topre 45g,Yes,0
Ducky ONE 2 Skyline PBT Gaming Tastatur,,Gaming,Gaming,None,Wired,Black / Blue,Cherry MX Brown,Yes,0
SteelSeries Apex 150,,https://cdna.pcpartpicker.com/static/forever/images/product/0fafe5ba451b6fee49d612fd69978b15.256p.jpg,Gaming,Multicolor,Wired,Black,Black,No,4
Microsoft Reclusa,249.99,Gaming,Gaming,Blue,Wired,Black,Black,No,0
Rosewill NEON K75 RGB BR,162.49,https://cdna.pcpartpicker.com/static/forever/images/product/fecec503a14d28ed063d39d4db04eb61.256p.jpg,Gaming,RGB,Wired,Black,Kailh Brown,No,0
Velocifire TKL78,,Standard,Standard,Blue,Wired,Black,Outemu Brown,Yes,0
Velocifire TKL02,,Standard,Standard,White,Wired,Black,Outemu Brown,Yes,4
Tesoro Excalibur Spectrum,,Gaming,Gaming,RGB,Wired,Black,Kailh Brown,No,0
Cooler Master MK850,,Gaming,Gaming,RGB,Wired,Black,Cherry MX Red,No,5
Cooler Master MK850 (UK),,https://cdna.pcpartpicker.com/static/forever/images/product/c5728c173dbb3bdcb76a6763bf15d742.256p.jpg,Gaming,RGB,Wired,Black,Cherry MX Red,No,0
EVGA Z10 (Kailh Blue),,https://cdna.pcpartpicker.com/static/forever/images/product/af7712d188448e09223f2d98b54d1def.256p.jpg,Gaming,Red,Wired,Black,Kailh Blue,No,0
EVGA Z10 (Kailh Brown),,https://cdna.pcpartpicker.com/static/forever/images/product/96e438fcfd867e9c466980018c6d60b6.256p.jpg,Gaming,Red,Wired,Black,Kailh Brown,No,3.5
Ducky One 2 (MX Black),,Gaming,Gaming,Blue,Wired,Black,Cherry MX Black,No,0
Ducky One 2 (MX Brown),,https://cdna.pcpartpicker.com/static/forever/images/product/8759e4fac2374b7f15555cba016ef2a6.256p.jpg,Gaming,Blue,Wired,Black,Cherry MX Brown,No,0
Ducky One 2 (MX Red),,https://cdna.pcpartpicker.com/static/forever/images/product/858faae443c0e3b20299dd59539155aa.256p.jpg,Gaming,Blue,Wired,Black,Cherry MX Red,No,0
Ducky One 2 (MX Speed Silver),,https://cdna.pcpartpicker.com/static/forever/images/product/52d7a96fad542e47973381a0daed43f0.256p.jpg,Gaming,Blue,Wired,Black,Cherry MX Speed Silver,No,0
AUKEY KM-G9,,Standard,Standard,None,Wired,Black,Outemu Blue,Yes,4
Velocifire VM30,,Gaming,Gaming,Multicolor,Wired,Black / Silver,Kailh Black,No,0
Velocifire VM01,,Standard,Standard,White,Wired,Black,Outemu Brown,No,0
Velocifire VM01WS,,Standard,Standard,None,Wireless,Black,Outemu Brown,No,0
Velocifire VM02WS,,Standard,Standard,White,Wireless,Black,Outemu Brown,No,0
GAMDIAS Hermes M3,,Gaming,Gaming,RGB,Wired,Black,Kailh Blue Low Profile,Yes,0
Corsair K70 LUX (MX Red),,https://cdna.pcpartpicker.com/static/forever/images/product/eb4a5e788abbca73712c82187edb0269.256p.jpg,Gaming,Red,Wired,Black,Cherry MX Red,No,0
Cooler Master SK621,,Slim,Slim,RGB,Bluetooth Wireless,Black,Cherry MX Low Profile Red,Yes,3
Logitech K375s,,https://cdna.pcpartpicker.com/static/forever/images/product/0dff94bfbd0bef8df5f225cdf302699e.256p.jpg,Standard,None,Bluetooth Wireless,Black,Black,No,0
Velocifire TKL71WS,,https://cdna.pcpartpicker.com/static/forever/images/product/1629cdcaa0666146103323ab6d3982f0.256p.jpg,Gaming,Blue,Wireless,Black,Outemu Brown,Yes,0
Rosewill NEON K90 RGB BR,159.99,https://cdna.pcpartpicker.com/static/forever/images/product/83e51e5158093fd2c382b6ec1c5ba006.256p.jpg,Gaming,RGB,Wired,Black,Kailh Brown,No,4
Rosewill NEON K90 RGB,,https://cdna.pcpartpicker.com/static/forever/images/product/991c2c8f8a3e7f2e02514a8e82df2e45.256p.jpg,Gaming,RGB,Wired,Black,Kailh Blue,No,0
GameMax Click,,https://cdna.pcpartpicker.com/static/forever/images/product/be07e5f788c684b6e497c549408d3ad2.256p.jpg,Gaming,Multicolor,Wired,Black,Black,No,0
Qwazar Red Shift,,Gaming,Gaming,Red,Wired,Black,Cherry MX Red,No,0
Adesso AKB-133CB,33.08,https://cdna.pcpartpicker.com/static/forever/images/product/1d1d90eced5af63c91488cd96e522762.256p.jpg,Standard,None,Wired,Black,Black,No,0
Adesso AKB-138EB,33.02,https://cdna.pcpartpicker.com/static/forever/images/product/279980340ff0b1f030d36bca92a65030.256p.jpg,Gaming,RGB,Wired,Black,Black,No,0
Adesso AKB-150CB,,https://cdna.pcpartpicker.com/static/forever/images/product/2c913cf15355f083205b354f65dff5b3.256p.jpg,Ergonomic,None,Wired,Black,Black,No,0
Adesso AKB-450UBw,113.08,https://cdna.pcpartpicker.com/static/forever/images/product/83db5cb81594b2cfd7c842fb103e08b7.256p.jpg,Ergonomic,None,Wired,Black,Black,No,0
Adesso AKB-630UB,37.18,https://cdna.pcpartpicker.com/static/forever/images/product/0fd2714e434e52eb0204ccc945f964a0.256p.jpg,Standard,None,Wired,Black,Black,No,0
Adesso WKB-1000BB,,https://cdna.pcpartpicker.com/static/forever/images/product/3a47f097f3175ff131f4ab427b29fd90.256p.jpg,Mini,None,Bluetooth Wireless,Black,Black,Yes,0
Adesso WKB-1200CB,,https://cdna.pcpartpicker.com/static/forever/images/product/01990e05e08be551238c1122df6912ef.256p.jpg,Standard,None,Wireless,Black,Black,No,0
Adesso WKB-1330CB,24.74,https://cdna.pcpartpicker.com/static/forever/images/product/67f678070475a0c04f00760893e263cd.256p.jpg,Standard,None,Wireless,Black,Black,No,0
Adesso WKB-1600CB,49,https://cdna.pcpartpicker.com/static/forever/images/product/b858af5cc03f52350665d254046e09c7.256p.jpg,Ergonomic,None,Wireless,Black,Black,No,0
Adesso WKB-3150UB,150,https://cdna.pcpartpicker.com/static/forever/images/product/4e584162d79ccd363df506ea722d3c6d.256p.jpg,Ergonomic,None,Wireless,Black,Black,Yes,0
Adesso WKB-4040UB,,https://cdna.pcpartpicker.com/static/forever/images/product/2b9966975ca3c8e0e7cca488ea1b2ac7.256p.jpg,Mini,None,Wireless,Black,Black,Yes,0
Adesso AKB-630CB,,https://cdna.pcpartpicker.com/static/forever/images/product/3060223c52645bb17b8633e983b97bf8.256p.jpg,Standard,None,Wired,Black,Black,No,0
Adesso AKB-136CB,,https://cdna.pcpartpicker.com/static/forever/images/product/d112a87162758e79cc43187743a6ce3f.256p.jpg,Gaming,RGB,Wired,Black,Black,No,0
Adesso AKB-425UB,69.25,https://cdna.pcpartpicker.com/static/forever/images/product/837aab133e19e5ef4470c35aa7c0f0bc.256p.jpg,Standard,None,Wired,Black,Black,No,0
Adesso AKB-150SB,,https://cdna.pcpartpicker.com/static/forever/images/product/5fee45170c7393b77e6fd7354fd186e9.256p.jpg,Ergonomic,None,Wired,Black,Black,No,0
Acco Kensington 64406,,https://cdna.pcpartpicker.com/static/forever/images/product/3ae86596961ace76ccc9648e7dec1d9c.256p.jpg,Standard,None,Wired,White,White,No,0
Acco Kensington K72357USA,,https://cdna.pcpartpicker.com/static/forever/images/product/8611f39029722113618dd6c4b55875fc.256p.jpg,Slim,None,Wired,Black,Black,No,0
ADATA XPG INFAREX K20,,Gaming,Gaming,RGB,Wired,Red,Kailh Blue,No,2
iKBC CD108,,Gaming,Gaming,None,Wired,Black,Cherry MX Black,No,0
Evoluent EKB,58.27,https://cdna.pcpartpicker.com/static/forever/images/product/3a13e5b331ed307ac86400f798106878.256p.jpg,Slim,None,Wired,Black,Black,Yes,0
IOGEAR Kaliber Gaming MECHLITE,56.65,https://cdna.pcpartpicker.com/static/forever/images/product/3f53a1eee7ebca7178bdd0c88f49be3e.256p.jpg,Standard,Blue,Wired,Black,Kailh Brown,No,0
IOGEAR GKM562R,,https://cdna.pcpartpicker.com/static/forever/images/product/94638ba680d2bf099a709b07a95c89f5.256p.jpg,Slim,None,Wireless,Black,Black,Yes,0
Buslink I-Rocks IRK77RP-BK,,https://cdna.pcpartpicker.com/static/forever/images/product/dcd10499b5e446ae0568368920acb07f.256p.jpg,Standard,None,Wireless,Black,Black,No,0
Microsoft 800,,https://cdna.pcpartpicker.com/static/forever/images/product/3064dd48c07fbabbbd5526a655081cdc.256p.jpg,Slim,None,Wireless,Black,Black,No,0
HP Collaboration,,https://cdna.pcpartpicker.com/static/forever/images/product/53c61e41a43fd3fa99cea24c5a297621.256p.jpg,Slim,None,Wired,Black,Black,No,0
Genius SlimStar 8008,,https://cdna.pcpartpicker.com/static/forever/images/product/f987fd2d4f8a88d2b17eeeda6c0ae272.256p.jpg,Slim,None,Wireless,Black,Black,No,0
Inland 70140,,https://cdna.pcpartpicker.com/static/forever/images/product/d0701ede1e74d2418cd418b8da3065ea.256p.jpg,Slim,None,Wired,Black,Black,No,0
Cougar Aurora,,https://cdna.pcpartpicker.com/static/forever/images/product/f583d5ed998430ac43ac9a28942162d9.256p.jpg,Gaming,RGB,Wired,Black,Black,No,0
Cougar Aurora S,,https://cdna.pcpartpicker.com/static/forever/images/product/88031ec583646210965a2e622c6956ab.256p.jpg,Gaming,RGB,Wired,Black,Black,No,0
Targus AKB30US,22.95,https://cdna.pcpartpicker.com/static/forever/images/product/5ba3ae53767164ca8259d9b7ba365b90.256p.jpg,Standard,None,Wired,Black,Black,No,0
Targus KB55,,https://cdna.pcpartpicker.com/static/forever/images/product/19df229e31f32a844fae69556245eda6.256p.jpg,Slim,None,Bluetooth Wireless,Black,Black,Yes,0
Targus BUS0399,,https://cdna.pcpartpicker.com/static/forever/images/product/38f8a7f3c519cc8ee004878ebe0b920f.256p.jpg,Slim,None,Wireless,Black,Black,Yes,0
V7 CKU200MX Spanish,,https://cdna.pcpartpicker.com/static/forever/images/product/e6048e82e3071137811f99fd8a7ef4f8.256p.jpg,Standard,None,Wired,Black,Black,No,0
V7 CKU200US,,https://cdna.pcpartpicker.com/static/forever/images/product/4c883a157591b885973b1227373eafaf.256p.jpg,Standard,None,Wired,Black,Black,No,0
V7 CKW200US,,https://cdna.pcpartpicker.com/static/forever/images/product/49a21cc7465dbdccaecf2ffc8387172a.256p.jpg,Standard,None,Wireless,Black,Black,No,4
SIIG JK-WR0H12-S1,,https://cdna.pcpartpicker.com/static/forever/images/product/52d42ed532d9445bc4ef6f3c25efea86.256p.jpg,Slim,None,Wireless,Black,Black,Yes,0
SMK-Link VP3827,,https://cdna.pcpartpicker.com/static/forever/images/product/aa79fd08b3005a24936752378c091761.256p.jpg,Ergonomic,None,Wired,Black,Black,No,0
SMK-Link VP6620,,https://cdna.pcpartpicker.com/static/forever/images/product/b9fd109e761118fae91d149e7693d67c.256p.jpg,Slim,None,Wireless,Silver / Black,Silver / Black,No,0
SIIG JK-WR0J12-S1,,https://cdna.pcpartpicker.com/static/forever/images/product/6c9952b90a1385fc7a64f1eca223081b.256p.jpg,Gaming,None,Wireless,Black,Black,No,0
Verbatim VER99789,29.45,https://cdna.pcpartpicker.com/static/forever/images/product/0dc277ff4f26f5c429002cca53f177aa.256p.jpg,Standard,White,Wired,Black,Black,No,0
SIIG JK-US0M12-S1,,https://cdna.pcpartpicker.com/static/forever/images/product/b7f6660604336301f2f0d94506e1bc34.256p.jpg,Standard,Multicolor,Wired,Silver / Black,Silver / Black,No,0
Rosewill RKM-1000,,https://cdna.pcpartpicker.com/static/forever/images/product/4861555e871391b48c63345c54c5b0a9.256p.jpg,Slim,None,Wireless,Black,Black,No,0
SIIG JK-US0N12-S1,,https://cdna.pcpartpicker.com/static/forever/images/product/56374102b071cc5eeaa86e8a46024d72.256p.jpg,Mini,None,Wired,Black,Black,Yes,0
SIIG JK-WR0S12-S1,,https://cdna.pcpartpicker.com/static/forever/images/product/fc1563ed6ad0da708eefe19cd6e4bd4e.256p.jpg,Slim,None,Wireless,Black,Black,Yes,0
Lenovo Legion K200,,https://cdna.pcpartpicker.com/static/forever/images/product/bfacec2ace3f1e1db0d9b7be63ed1e4d.256p.jpg,Gaming,Multicolor,Wired,Black / Silver,Black / Silver,No,0
Kodak TRUFORM 1150,,https://cdna.pcpartpicker.com/static/forever/images/product/6adadeead6512cfd0d82ba5c36458dea.256p.jpg,Ergonomic,None,Wireless,Black,Black,Yes,0
Kodak TRUFORM 1500,,https://cdna.pcpartpicker.com/static/forever/images/product/59ccfa3681c6a567e261eca99f94432a.256p.jpg,Ergonomic,None,Wireless,Black,Black,Yes,0
Kodak TRUFORM 4500,,https://cdna.pcpartpicker.com/static/forever/images/product/ba09c5df810550059c560df589beb4f7.256p.jpg,Ergonomic,None,Wireless,Black,Black,No,0
HP Z9N38AA#ABA,,https://cdna.pcpartpicker.com/static/forever/images/product/2520c936ddc4a4acfa4c5ee169c33426.256p.jpg,Slim,None,Wired,Black,Black,No,0
SteelSeries Apex M750 TKL PUBG Edition,,https://cdna.pcpartpicker.com/static/forever/images/product/0e43832cdd07127e67810f199e20d25d.256p.jpg,Gaming,RGB,Wired,Gray,SteelSeries QX2 Red,Yes,0
ROCCAT Horde AIMO,,https://cdna.pcpartpicker.com/static/forever/images/product/115aa2b8ef8640ec010f111413426015.256p.jpg,Gaming,RGB,Wired,Gray,Gray,No,4
Rosewill NEON K75 V2,,https://cdna.pcpartpicker.com/static/forever/images/product/ca08dea7b4a914668e809c3a54052e68.256p.jpg,Gaming,RGB,Wired,Black,Kailh Blue,No,0
ROCCAT Vulcan 80,,Gaming,Gaming,Blue,Wired,Black,Roccat Titan Brown,No,0
Rosewill NEON K75 V2 BR,,https://cdna.pcpartpicker.com/static/forever/images/product/93ffb7c654271e051289c53ce75f3e05.256p.jpg,Gaming,RGB,Wired,Black,Kailh Brown,No,0
SolidTek ACK-540ALU,65,https://cdna.pcpartpicker.com/static/forever/images/product/9b64738ae7d7ef1b986ee9803e164e66.256p.jpg,Standard,None,Wired,Black,Black,No,0
Rosewill K10,,https://cdna.pcpartpicker.com/static/forever/images/product/dcd376f9127eb58f145739b71f5ef2cb.256p.jpg,Slim,None,Bluetooth Wireless,Silver / Black,Silver / Black,No,0
Rosewill K10 S,,https://cdna.pcpartpicker.com/static/forever/images/product/7ff93a96e38d69c83d506a161dc62530.256p.jpg,Slim,None,Bluetooth Wireless,Silver / White,Silver / White,No,0
Rosewill NEON K42,69.98,https://cdna.pcpartpicker.com/static/forever/images/product/c449de1fa41e37fc0555aeb7bd7acc46.256p.jpg,Gaming,RGB,Wired,Black,Black,No,4.5
Rosewill NEON K54,117.99,https://cdna.pcpartpicker.com/static/forever/images/product/1a6a2b7cdee20e1533b4e0e31dff0d1f.256p.jpg,Gaming,RGB,Wired,Black,Black,No,3.5
IOGEAR KeyMander KORE,,https://cdna.pcpartpicker.com/static/forever/images/product/82f1374a7328ca15148c44ab1d074a8c.256p.jpg,Gaming,RGB,Wired,Black,Black,Yes,0
FNATIC Streak RGB,,https://cdna.pcpartpicker.com/static/forever/images/product/e132425ecaad507e1849bd7f713db83e.256p.jpg,Gaming,RGB,Wired,Black,Cherry MX Silent Red,No,0
Cooler Master CK550,,https://cdna.pcpartpicker.com/static/forever/images/product/531f141d5d94d32bf800e0bc71d7532c.256p.jpg,Gaming,RGB,Wired,Black,Gateron Brown,No,5
V7 V7 Professional,,https://cdna.pcpartpicker.com/static/forever/images/product/cd2d7c7115ef9831821387e1fe490490.256p.jpg,Standard,None,Wired,Black,Black,No,0
Cooler Master MS110,,https://cdna.pcpartpicker.com/static/forever/images/product/c9b7edb25bcc1b287b5e41dbf94ced37.256p.jpg,Gaming,RGB,Wired,Black,Black,No,3
V7 CKW200MX,,https://cdna.pcpartpicker.com/static/forever/images/product/3635f1e8a1b81ad068b214ee949a9a3a.256p.jpg,Standard,None,Wireless,Black,Black,No,0
V7 KU300US,,Standard,Standard,None,Wired,Black,Black,No,0
Microsoft LXM-00001,,https://cdna.pcpartpicker.com/static/forever/images/product/ce957d6b671da77727d84de81bfccb47.256p.jpg,Ergonomic,None,Wired,Black,Black,No,0
Cooler Master CK552,,Gaming,Gaming,RGB,Wired,Black,Gateron Red,No,4.5
Hcman Hcman H02,,Gaming,Gaming,Multicolor,Wired,Black,CK Blue,Yes,0
EagleTec KG010-RGB,,Gaming,Gaming,RGB,Wired,Black,Outemu Blue,No,3.5
EagleTec KG011-RGB,,Gaming,Gaming,RGB,Wired,Silver / White,Outemu Blue,No,0
Rosewill RK-9300_BR,,Gaming,Gaming,Blue,Wired,Black,Cherry MX Brown,No,0
SilentiumPC GK530 Tournament,,Gaming,Gaming,Red,Wired,Black,Cherry MX Red,No,0
Cougar ULTIMUS,,Gaming,Gaming,RGB,Wired,Black,TTC Blue,No,0
Tesoro GRAM SPECTRUM TKL,,Gaming,Gaming,RGB,Wired,Black,Tesoro Agile Red,Yes,0
Tesoro Lobera Spectrum,,https://cdna.pcpartpicker.com/static/forever/images/product/abbde139536fa14b08eb8317dcc69b61.256p.jpg,Gaming,RGB,Wired,Black,Kailh Blue,No,0
ROCCAT Suora,64.98,Gaming,Gaming,Blue,Wired,Black,TTC Brown,No,0
Redragon K555-RGB,,Gaming,Gaming,RGB,Wired,Black,Outemu Blue,No,2
Genius Scorpion K10,,Gaming,Gaming,RGB,Wired,Black,Black,No,0
Mistel BAROCCO MD770,,Ergonomic,Ergonomic,RGB,Wired,Black,Cherry MX Red,Yes,0
Microsoft 600,49,Standard,Standard,None,Wired,Black,Black,No,0
Cherry Strait Black 3.0,37.95,https://cdna.pcpartpicker.com/static/forever/images/product/bd7332ec633ef287c651921574cd6c91.256p.jpg,Standard,None,Wired,Black,Black,No,0
Ducky Mecha Mini v2,,https://cdna.pcpartpicker.com/static/forever/images/product/c4d22c29205c6b8d6d236fc2599512c5.256p.jpg,Mini,RGB,Wired,Black,Cherry MX Black,Yes,0
Ducky Mecha Mini,,Mini,Mini,RGB,Wired,Black,Cherry MX Blue,Yes,0
Cherry MX BOARD 1.0 BACKLIGHT,,https://cdna.pcpartpicker.com/static/forever/images/product/b6525f5a288dfd3b0ef5635f6e8afcbd.256p.jpg,Standard,White,Wired,Black,Cherry MX Silent Red,No,0
GameSir GK300-GY,,Gaming,Gaming,White,Wireless,Black,TTC Blue,No,0
Asus M601 ROG FALCHION/RD/US,,https://cdna.pcpartpicker.com/static/forever/images/product/a66a87f1202d6bfcb80723d1b0885ce6.256p.jpg,Gaming,RGB,Wireless,Black,Cherry MX Red,Yes,5
Rottay TH-306,,Gaming,Gaming,RGB,Wired,White / Black,Outemu Brown,No,0
AOC AGK700,,Gaming,Gaming,RGB,Wired,Black / Red,Cherry MX Red,No,0
Tempest K9,,https://cdna.pcpartpicker.com/static/forever/images/product/b9019f93ff2bd382a460b07092ac5662.256p.jpg,Gaming,RGB,Wired,Black,Black,No,5
Tempest K10,,https://cdna.pcpartpicker.com/static/forever/images/product/8611b56a68c817fedb00000ad7a965e1.256p.jpg,Gaming,RGB,Wired,Black,Outemu Red,No,0
Tempest TGC2000,,Gaming,Gaming,Multicolor,Wired,Black,Black,No,0
Tempest Diablo,,https://cdna.pcpartpicker.com/static/forever/images/product/33b507aeb87415c60e986f35ddf24550.256p.jpg,Gaming,RGB,Wired,Black,Content Red,No,0
Tempest K8,,https://cdna.pcpartpicker.com/static/forever/images/product/492ea51acd11d141fcf0963b0c01ca93.256p.jpg,Gaming,Multicolor,Wired,Black,Black,No,0
Tempest Doom,,https://cdna.pcpartpicker.com/static/forever/images/product/f671c07308497783eca72ba54d69654b.256p.jpg,Gaming,RGB,Wired,Black,H-Mech Red,No,0
Logitech G Pro X Shroud,149.99,https://cdna.pcpartpicker.com/static/forever/images/product/9db748b0c658e7810d761b3a4dedc452.256p.jpg,Gaming,RGB,Wired,Black,Logitech GX Red Linear,Yes,5
Cooler Master SK650 White Limited Edition,,https://cdna.pcpartpicker.com/static/forever/images/product/3a811d26b44a7ca2b9ff74b387d80955.256p.jpg,Gaming,RGB,Wired,Silver / White,Cherry MX RGB Low Profile,No,0
Das Keyboard 4C,,https://cdna.pcpartpicker.com/static/forever/images/product/177c7f54d823a8b018592ac08b9476dc.256p.jpg,Gaming,None,Wired,Black,Cherry MX Brown,Yes,0
Das Keyboard X50Q,153.97,https://cdna.pcpartpicker.com/static/forever/images/product/42a47c1e417059204f7caf74489e3e2d.256p.jpg,Gaming,RGB,Wired,Black,Gamma Zulu Tactile,No,0
Das Keyboard 4Q,,https://cdna.pcpartpicker.com/static/forever/images/product/dbd3a3ad3ca5b0e36f38b4a7eb7d9c16.256p.jpg,Gaming,RGB,Wired,Black,Cherry MX Brown,No,0
Corsair K65 RGB MINI BUBBLEGUM POP,,https://cdna.pcpartpicker.com/static/forever/images/product/ba7f0881e69f3b408c156fa49ba35ee1.256p.jpg,Gaming,RGB,Wired,Pink / White,Cherry MX Speed Silver,Yes,0
Corsair K65 RGB MINI BERRY WAVE,,https://cdna.pcpartpicker.com/static/forever/images/product/fda425e94ecafe18ea67c5dcbe72bf76.256p.jpg,Gaming,RGB,Wired,Blue / White,Cherry MX Speed Silver,Yes,0
Corsair K65 RGB MINI WATERMELON BLAST,,https://cdna.pcpartpicker.com/static/forever/images/product/3fa285b1b4cb8338dd628e84e23db530.256p.jpg,Gaming,RGB,Wired,Pink / Green,Cherry MX Speed Silver,Yes,0
Monoprice Dark Matter Collider,,https://cdna.pcpartpicker.com/static/forever/images/product/8554900ba480220d7ea140337883eb66.256p.jpg,Gaming,RGB,Wired,Black,Cherry MX Red,Yes,0
Tilted Nation TNvoid,,Gaming,Gaming,RGB,Wired,Black,Omron Red,No,0
Razer BlackWidow V3 - BAPE Edition,,https://cdna.pcpartpicker.com/static/forever/images/product/e5fde29b251f968f4fc5b0be845ce450.256p.jpg,Gaming,RGB,Wired,Black / Green,Razer Green,No,0
Razer BlackWidow V3 - Halo Infinite,160.26,https://cdna.pcpartpicker.com/static/forever/images/product/30eb1ce7212e29ec4dba0ae8ee0c410f.256p.jpg,Gaming,RGB,Wired,Green / Black,Razer Green,No,0
Corsair K65 RGB MINI Ethereal Blue,,https://cdna.pcpartpicker.com/static/forever/images/product/150eba76b4a46fcc134d4f5b9d0568d8.256p.jpg,Gaming,RGB,Wired,Blue / White,Cherry MX Speed Silver,Yes,0
Corsair K65 RGB MINI Purple Rune,,https://cdna.pcpartpicker.com/static/forever/images/product/93656508fa638c85a80816acd7817033.256p.jpg,Gaming,RGB,Wired,Purple / White,Cherry MX Speed Silver,Yes,0
Kinesis Gaming Freestyle Pro Quiet,169,Ergonomic Split,Ergonomic Split,None,Wired,Black,Cherry MX Silent Red,Yes,0
Keychron K1 SE,,Standard,Standard,RGB,Wired, Bluetooth Wireless,Black / Gray,Keychron Optical Red Low Profile,Yes,0
MSI ‎VIGOR GK71 SONIC BLUE,,https://cdna.pcpartpicker.com/static/forever/images/product/c0f6f1602f22bf951110b730c24ac353.256p.jpg,Gaming,RGB,Wired,Black,MSI Sonic Blue,No,0
DROP MDX-31827-13,,Gaming,Gaming,RGB,Wired,Black,Cherry MX Brown,Yes,0
DROP MDX-31827-8,196.08,Gaming,Gaming,RGB,Wired,Black,Kailh Halo Clear,Yes,0
DROP MDX-31827-10,99,Gaming,Gaming,RGB,Wired,Black,Kailh BOX White,Yes,0
DROP MDX-22176-19,,Gaming,Gaming,RGB,Wired,Gray,Cherry MX Blue,Yes,0
DROP MDX-22176-14,,Gaming,Gaming,RGB,Wired,Gray,Cherry MX Brown,Yes,0
DROP MDX-22176-16,,Gaming,Gaming,RGB,Wired,Gray,Kailh Halo Clear,Yes,0
DROP MDX-22176-15,145.13,Gaming,Gaming,RGB,Wired,Gray,Kailh Halo True,Yes,0
Cooler Master CK720 ND,,https://cdna.pcpartpicker.com/static/forever/images/product/ff4c70aa4685aed4583fcad30f5dd076.256p.jpg,Gaming,RGB,Wired,Gray / Black,Kailh Box White V2,Yes,0
Cooler Master CK720 SW,,Gaming,Gaming,RGB,Wired,Gray / Black,Kailh Box White V2,Yes,0
Cooler Master CK720 DE,,https://cdna.pcpartpicker.com/static/forever/images/product/4a651aefb8601fa76b549e8f2d979fb0.256p.jpg,Gaming,RGB,Wired,Gray / Black,Kailh Box Red V2,Yes,0
Cooler Master CK720 IT,121.73,Gaming,Gaming,RGB,Wired,Gray / Black,Kailh Box Red V2,Yes,0
Corsair K70 MAX RGB ND,,https://cdna.pcpartpicker.com/static/forever/images/product/4b39b2740b97878519cf899072f56829.256p.jpg,Gaming,RGB,Wired,Black,Corsair MGX Steel Grey,No,0
Corsair K70 MAX RGB JP,,Gaming,Gaming,RGB,Wired,Black,Corsair MGX Steel Grey,No,0
Keychron C1 Pro V2,,Standard,Standard,RGB,Wired,Black / Gray,Keychron K Pro Brown,Yes,0
Keychron C2 Pro V2 Hotswap,,Standard,Standard,RGB,Wired,Black / Gray,Keychron K Pro Brown,No,0
Keychron K6 Aluminum Frame,,Standard,Standard,RGB,Wired, Bluetooth Wireless,Black / Gray,Gateron G Pro Red,Yes,0
Keychron Q1 Pro Special Edition,,Standard,Standard,RGB,Wired, Wireless, Bluetooth Wireless,Black,Keychron K Pro Banana,Yes,0
Keychron Lemokey L3,,Standard,Standard,None,Wireless,Black / Red,Gateron Jupiter Red,Yes,0
Keychron K7 Pro,,Standard,Standard,White,Wired, Bluetooth Wireless,Black / Red,Gateron Low-Profile Red,Yes,0
Keychron K11 Pro,,Ergonomic,Ergonomic,White,Wired, Bluetooth Wireless,Black / Red,Gateron Low-Profile Red,Yes,0
Logitech POP Keys Daydream,59.99,https://cdna.pcpartpicker.com/static/forever/images/product/ca4593efd158f1105f53558b1b6bb379.256p.jpg,Mini,None,Wireless, Bluetooth Wireless,White / Green,TTC Brown,Yes,0
Cooler Master SK622,103.69,https://cdna.pcpartpicker.com/static/forever/images/product/d21311f0a246b638d6249056046fada2.256p.jpg,Gaming,RGB,Wired, Bluetooth Wireless,Black,TTC Brown Low Profile,Yes,0
ADATA XPG SUMMONER,,https://cdna.pcpartpicker.com/static/forever/images/product/5b0f9c486bd3f834405ea698081af77c.256p.jpg,Gaming,RGB,false,Black,Cherry MX Speed Silver,No,0
GAMDIAS HERMES E3,,https://cdna.pcpartpicker.com/static/forever/images/product/a983cdf91fd91b8ca5e61463c3552749.256p.jpg,Gaming,RGB,Wired,Black,Outemu Blue,Yes,0
Adesso AKB-132DB,,https://cdna.pcpartpicker.com/static/forever/images/product/6d5c8c1ddb4d1cb6681a20d580a4b0ba.256p.jpg,Standard,None,Wired,Green / Yellow,Green / Yellow,No,0
Adesso AKB-150UB-TAA,33.99,Ergonomic,Ergonomic,None,Wired,Black,Black,No,0
Adesso AKB-631UB,,Standard,Standard,None,Wired,Black,Black,No,0
Adesso AKB132CB,,Standard,Standard,None,Wired,Black,Black,No,0
Adesso WKB-1320CB,25.99,https://cdna.pcpartpicker.com/static/forever/images/product/ae27c2f2f44fb8da143be2f2a1c5fe32.256p.jpg,Standard,None,Wireless,Black,Black,No,0
InFocus HW-KEYBDTOUCH,,Slim,Slim,None,Wireless,Black,Black,Yes,0
AZIO KB512,24.96,Gaming,Gaming,Multicolor,Wired,Black,Black,No,0
VisionTek OCPC KR1,,https://cdna.pcpartpicker.com/static/forever/images/product/701984242215a9bf4f2cb81b5f2ee97b.256p.jpg,Gaming,RGB,Wired,Black / Gray,Gateron Red,No,0
Verbatim 70739,39.6,https://cdna.pcpartpicker.com/static/forever/images/product/a281cff22a7655532c135aa253e7f842.256p.jpg,Mini,None,Wireless,Black,Black,Yes,0
Verbatim 70724,18.8,https://cdna.pcpartpicker.com/static/forever/images/product/fea5f19d44458cbb1949124b9c1aede4.256p.jpg,Slim,None,Wireless,Black,Black,No,0
V7 KW550USBT,,Slim,Slim,None,Wireless, Bluetooth Wireless,Black,Black,No,0
Thermaltake ARGENT K6,189.32,Gaming,Gaming,RGB,Wired,Wired,Cherry MX Low Profile Red,No,0
Thermaltake Level 20 GT,109.1,Gaming,Gaming,RGB,Wired,Black,Razer Green,No,0
Dell C638N,,https://cdna.pcpartpicker.com/static/forever/images/product/a7a48cddbf056b43599242f791767351.256p.jpg,Standard,None,Wired,Black,Black,No,0
Dell KM7120W,76.98,Standard,Standard,None,Wired, Wireless,Black / Gray,Black / Gray,No,0
HP 225,,https://cdna.pcpartpicker.com/static/forever/images/product/30221a21790190b53c57bb138cd8f852.256p.jpg,Standard,None,Wired,Black,Black,No,0
HP 950MK,112.99,https://cdna.pcpartpicker.com/static/forever/images/product/bdbf400a4b9eabe2fa84748a7c747eb6.256p.jpg,Standard,None,Wired, Wireless,Black,Black,No,0
HP 300,23.99,https://cdna.pcpartpicker.com/static/forever/images/product/a94d00a39bbbe4653f65f71e1eff4e1d.256p.jpg,Standard,None,Wired, Wireless,Black,Black,No,0
HP 650,67.81,https://cdna.pcpartpicker.com/static/forever/images/product/6fdcb7c46254fbf842ebc60e498e5a31.256p.jpg,Standard,None,Wired, Wireless,Brown,Brown,No,0
HP 200,,https://cdna.pcpartpicker.com/static/forever/images/product/8aed5d2afd6b389282dc9b81f34b3234.256p.jpg,Standard,None,Wired,Black,Black,No,4
HP 350,34.99,https://cdna.pcpartpicker.com/static/forever/images/product/99bb286b613e268783ef44e4b1d8a142.256p.jpg,Standard,None,Bluetooth Wireless,Black,Black,Yes,0
HP 355,32.01,https://cdna.pcpartpicker.com/static/forever/images/product/516b0eaed929d06fe49b4afa76188061.256p.jpg,Standard,None,Bluetooth Wireless,Black,Black,Yes,0
IOGEAR HVER,39.94,https://cdna.pcpartpicker.com/static/forever/images/product/05e36e73914d5c994b2fb12e77a94b84.256p.jpg,Gaming,RGB,Wired,Black,Black,No,0
IOGEAR GKB740,29.99,https://cdna.pcpartpicker.com/static/forever/images/product/5ef51989afe0f7573182c0d4bbc188c5.256p.jpg,Gaming,RGB,Wired,Black,Black,No,0
IOGEAR GKBSR202TAAKIT,132.61,https://cdna.pcpartpicker.com/static/forever/images/product/3d815d8585a2c3076c8eea57ee94a841.256p.jpg,Standard,None,Wired,Black,Black,No,0
IOGEAR GKM513B,26.96,https://cdna.pcpartpicker.com/static/forever/images/product/971c74213310cf520685ad025d48438c.256p.jpg,Standard,None,Wired,Black,Black,No,0
IOGEAR GKM552RB,36.29,https://cdna.pcpartpicker.com/static/forever/images/product/bfb35e4bf7387507be963766add4541d.256p.jpg,Standard,None,Wired, Wireless,Black,Black,No,0
Kensington K75506US,36.99,https://cdna.pcpartpicker.com/static/forever/images/product/f2f58a304da9e99deb5faf345f2d6f2d.256p.jpg,Standard,None,Wired,Black,Black,Yes,0
Targus AKB864US,41.33,https://cdna.pcpartpicker.com/static/forever/images/product/4b64f90e56b82291ed303ea896a7cd2c.256p.jpg,Slim,None,Bluetooth Wireless,Black,Black,No,0
Targus AKB867US,29.53,Slim,Slim,None,Bluetooth Wireless,Black,Black,No,0
Targus AKM620AMUS,36.2,https://cdna.pcpartpicker.com/static/forever/images/product/5034915a757c3de9676a1a05d69dbe9d.256p.jpg,Slim,None,Bluetooth Wireless,Black,Black,Yes,0
Targus AKM618AMUS,65.31,Slim,Slim,None,Bluetooth Wireless,Black,Black,No,0
Targus AKB862US,17.98,https://cdna.pcpartpicker.com/static/forever/images/product/ef4378e78d0ae50ef0511141cd76a316.256p.jpg,Slim,None,Bluetooth Wireless,Black,Black,Yes,0
Lenovo 4X31K03931,91.89,https://cdna.pcpartpicker.com/static/forever/images/product/585ff16419d91aab1baa5968b83bc5e6.256p.jpg,Standard,None,Wired, Wireless, Bluetooth Wireless,Black,Black,No,0
SolidTek KB-WKB830,,Slim,Slim,None,Wireless,Black,Black,No,0
SIIG JK-US0U11-S1,,https://cdna.pcpartpicker.com/static/forever/images/product/90890c1e05364b63eed19527632db8d5.256p.jpg,Standard,None,Wired,Black,Black,No,0
Logitech MX Keys Mini for Business,99.99,https://cdna.pcpartpicker.com/static/forever/images/product/86908b7075c625bc53e5551f224948ea.256p.jpg,Mini,None,Wired, Wireless, Bluetooth Wireless,White / Silver,White / Silver,Yes,0
Rosewill BLITZ K50 RGB,69,https://cdna.pcpartpicker.com/static/forever/images/product/0eb3e2959409ac76d8608ac8b3e7d995.256p.jpg,Gaming,RGB,Wired,Black / Silver,Outemu Brown,No,0
Rosewill NEON K91 RGB,,Gaming,Gaming,RGB,Wired,Silver / Black,Kailh Brown,No,0
Rosewill HKM100,,https://cdna.pcpartpicker.com/static/forever/images/product/3aabd573c33ac64b59616ad501721da8.256p.jpg,Standard,None,Wired,Black,Black,No,0
Razer Huntsman Mini Analog,149.94,Mini,Mini,RGB,Wired,Black,Razer Analog Optical,Yes,5
Ducky PowerColor x Ducky One 2 SF RGB,,Gaming,Gaming,RGB,Wired,Black,Kailh Box Brown,Yes,0
Microsoft 21Y-00031,,https://cdna.pcpartpicker.com/static/forever/images/product/8e65a7ecb115295315ebfcfa1746d342.256p.jpg,Mini,None,Wired, Wireless, Bluetooth Wireless,White,White,Yes,0
Microsoft QHG-00001,129.49,https://cdna.pcpartpicker.com/static/forever/images/product/ad5d177d87345738a1e7582e530f7d78.256p.jpg,Slim,None,Wired, Wireless, Bluetooth Wireless,Black,Black,No,0
Microsoft QHG-00031,,https://cdna.pcpartpicker.com/static/forever/images/product/e6603bf3cc010d9c1079c2c02cf6c1b4.256p.jpg,Slim,None,Wired, Wireless, Bluetooth Wireless,White,White,No,0
Microsoft RJU-00001,239,Ergonomic Split,Ergonomic Split,None,Wired,Black,Black,No,0
Microsoft 22B00001,,Mini,Mini,None,Wired, Wireless, Bluetooth Wireless,Black,Black,Yes,0
Microsoft RJY-00001,,Ergonomic,Ergonomic,None,Wired,Black,Black,No,0
Monoprice Essential,,Standard,Standard,None,Wired,Black,Black,No,0
MSI VIGOR GK20,,https://cdna.pcpartpicker.com/static/forever/images/product/46ce506d61394a24bb6dca90f01cb18d.256p.jpg,Gaming,RGB,Wired,Black,Black,No,0
IQUNIX OG80 Dark Side,,Gaming,Gaming,RGB,Wired, Wireless, Bluetooth Wireless,Black,IQUNIX Moonstone,Yes,0
IQUNIX ZX75 Dark Side RS,,Gaming,Gaming,RGB,Wired, Wireless, Bluetooth Wireless,Translucent Black,TTC Gold Pink,Yes,0
IQUNIX A80 Explorer,,Gaming,Gaming,RGB,Wired, Wireless, Bluetooth Wireless,Black / Orange,Cherry MX Brown,Yes,0
YEYIAN Spark 2000,39.99,Gaming,Gaming,RGB,Wired,Black,Outemu Blue,Yes,0
YEYIAN Phoenix 2000,,Gaming,Gaming,RGB,Wired,Black,Black,No,0
YEYIAN Phoenix 3000,,Gaming,Gaming,RGB,Wired,Black,Black,No,0
YEYIAN Akil 3500,42.99,Standard,Standard,RGB,Wired,Black,Outemu Blue,Yes,0
LTC NB681,,Standard,Standard,RGB,Wired,Black,Huano Blue,Yes,0
Keychron Q3 Pro,,https://cdna.pcpartpicker.com/static/forever/images/product/63a60d1023434fcf18c7fa316df9c5fc.256p.jpg,Standard,RGB,"Wired, Bluetooth Wireless",White / Red,Keychron K Pro Red,Yes,0
Topre Realforce R3HD11,242,Standard,Standard,None,Wired, Bluetooth Wireless,Black,Topre 30g,Yes,0
Keychron Q1 HE QMK ABS,,Standard,Standard,RGB,Wired, Wireless, Bluetooth Wireless,Black / White,Gateron Magnetic Nebula,Yes,0
Keychron Lemokey P1 QMK/VIA Knob,,Mini,Mini,None,Wired,Black / Red,Keychron Super Red,Yes,0
MCHOSE Z75,,Gaming,Gaming,RGB,Wired, Wireless, Bluetooth Wireless,Silver,KTT Cream Shaft,Yes,0
MCHOSE Z75S,,Gaming,Gaming,RGB,Wired, Wireless, Bluetooth Wireless,Gray / Blue,KTT Cream Shaft,Yes,0
Topre Realforce RC1,,Mini,Mini,None,Wired, Bluetooth Wireless,Black,Topre 30g Silent,Yes,0
WOBKEY Crush 80 Reboot Lite,,,Standard,None,"Wired, Wireless, Bluetooth Wireless",Black / Red,HMX Frost,Yes,0
Keychron Lemokey X4 QMK,,,Mini,RGB,Wired,Black / Red,Keychron Red,Yes,0
Keychron P6-M3,,,Standard,RGB,"Wired, Wireless, Bluetooth Wireless",,Keychron Silk POM Brown,No,0
Keychron P6-M4,,,Standard,RGB,"Wired, Wireless, Bluetooth Wireless",,Keychron Silk POM Banana,No,0
Redragon S101,31.99,Gaming,,,false,Wired,Black / Red,,
Asus TUF Gaming Combo K1 & M3,,Gaming,,RGB,false,Wired,Gunmetal,,
Key Ovation Go!2 Mobile Keyboard - PC & Mac - USB,,Mini,,,true,Wired,Black,,
Cooler Master Storm Devastator Keyboard & Mouse,,Standard,,Blue,false,Wired,Black,,
Key Ovation Go! Travel Ergonomic Keyboard USB MAC, PC,,Ergonomic,,,false,Wired,Gray / Black,,
Logitech Wireless Solar Keyboard K760 for Mac, iPad and iPhone,,Mini,,,true,Bluetooth Wireless,White,,