name,price,image,screen_size,resolution,refresh_rate,response_time,panel_type,aspect_ratio,rating
MSI MAG 244F,119.99,https://cdna.pcpartpicker.com/static/forever/images/product/d0a827405020c824617ca5b9f4155b8a.256p.jpg,23.8,1920 x 1080,200 Hz,0.5 ms,IPS,16:9,4.5
Asus TUF Gaming VG259QM5A,123.98,,"24.5""",1920 x 1080,240 Hz,0.03 ms,IPS,16:9,5
Asus ROG Swift OLED PG32UCDM,1199.99,https://cdna.pcpartpicker.com/static/forever/images/product/d835718847c1c4cec8da0a0542002b8d.256p.jpg,31.5,3840 x 2160,240 Hz,0.03 ms,QD-OLED,16:9,4.5
Acer Acer Nitro XV272U W2bmiiprx,219.99,27,27.0,2560 x 1440,240 Hz,1 ms,IPS,16:9,4.5
Asus ROG Swift OLED PG27AQWP-W,948.98,https://cdna.pcpartpicker.com/static/forever/images/product/cf681d3408aba584c7050c8b7ae304a0.256p.jpg,"27.0""",2560 x 1440,540 Hz,0.02 ms,WOLED,16:9,0
Asus ProArt Display PA32KCX,,https://cdna.pcpartpicker.com/static/forever/images/product/26724784f183f5578950f1da0ec4fec7.256p.jpg,"32.0""",7680 x 4320,60 Hz,5 ms,IPS QD-Mini LED,16:9,0
MSI MAG 274QF X24,149,https://cdna.pcpartpicker.com/static/forever/images/product/b5c4fca06c65523fe921ab019259cd9a.256p.jpg,"27.0""",2560 x 1440,240 Hz,0.5 ms,IPS,16:9,0
MSI MAG 275QF,149,https://cdna.pcpartpicker.com/static/forever/images/product/57207990ab73d40707fd5756f9680995.256p.jpg,"27.0""",2560 x 1440,180 Hz,0.5 ms,IPS,16:9,4.5
Samsung Odyssey OLED G95SD,1441.39,https://cdna.pcpartpicker.com/static/forever/images/product/7ff3f5337472d699557599fbeb401d57.256p.jpg,"49.0""",5120 x 1440,240 Hz,0.03 ms,QD-OLED,32:9,0
Asus ROG Strix OLED XG27AQDMES,359,https://cdna.pcpartpicker.com/static/forever/images/product/762d17eba89e92d157af00c2e6d3a6e0.256p.jpg,"26.5""",2560 x 1440,240 Hz,0.03 ms,QD-OLED,16:9,5
MSI G242L E14,79.99,23.8,23.8,1920 x 1080,144 Hz,IPS,IPS,16:9,5
LG UltraGear G6 27G610A-B,171.98,https://cdna.pcpartpicker.com/static/forever/images/product/1ccdf63042992ee1b4b10574017584fe.256p.jpg,"27.0""",2560 x 1440,200 Hz,1 ms,IPS,16:9,4.5
Eizo ColorEdge ‎CG2700X,2643.67,https://cdna.pcpartpicker.com/static/forever/images/product/97580e38c1f8213fd47fd483b07fbc27.256p.jpg,"27.0""",3840 x 2160,60 Hz,13 ms,IPS,16:9,0
Asus ProArt Display PA32DC,2899,31.5,31.5,3840 x 2160,60 Hz,0.1 ms,OLED,16:9,4
Asus ROG Swift OLED PG27AQDP,698.99,https://cdna.pcpartpicker.com/static/forever/images/product/4e8850f1dbc11cb94248fe6d0bf59adc.256p.jpg,"26.5""",2560 x 1440,480 Hz,0.03 ms,OLED,16:9,4.5
Samsung Odyssey Neo G95NC,1829.53,https://cdna.pcpartpicker.com/static/forever/images/product/b80e393faab308fc44c584b2f2056a71.256p.jpg,"57.0""",7680 x 2160,240 Hz,1 ms,VA,32:9,4.5
Asus TUF Gaming VG27AQ,249,https://cdna.pcpartpicker.com/static/forever/images/product/16988d4e994d281aa599d856ecd9f8bd.256p.jpg,27.0,2560 x 1440,165 Hz,1 ms,IPS,16:9,4.5
Planar PLL2210MW,55,https://cdna.pcpartpicker.com/static/forever/images/product/91251942d23c415292a5b76b2abe8c41.256p.jpg,22.0,1920 x 1080,5,5 ms,16:9,16:9,0
Samsung Odyssey OLED G80SD,626.58,https://cdna.pcpartpicker.com/static/forever/images/product/530659e995053efaa33fb6ba2a114cb1.256p.jpg,"32.0""",3840 x 2160,240 Hz,0.03 ms,OLED,16:9,5
Asus ROG Swift OLED PG32UCDM Gen3,2007.4,https://cdna.pcpartpicker.com/static/forever/images/product/19bddf865f9126dab2ff21951cbc61fc.256p.jpg,"31.5""",3840 x 2160,240 Hz,0.03 ms,QD-OLED,16:9,5
ASRock Phantom Gaming PG27QRT1B,115,https://cdna.pcpartpicker.com/static/forever/images/product/560f0d8c4e070133198e08576c553ddd.256p.jpg,27.0,2560 x 1440,180 Hz,VA,VA,16:9,5
KOORUI 24E3,109.99,https://cdna.pcpartpicker.com/static/forever/images/product/62a0a3d374d373fe78df925242bd9951.256p.jpg,24.0,1920 x 1080,165 Hz,1 ms,IPS,16:9,4.5
Asus ROG Swift OLED PG34WCDN,1090.99,https://cdna.pcpartpicker.com/static/forever/images/product/afb82d6fc443f62a2456e23ec6ea1a2d.256p.jpg,"34.0""",3440 x 1440,360 Hz,0.03 ms,QD-OLED Tandem,21:9,5
Samsung Odyssey G55C,155.5,https://cdna.pcpartpicker.com/static/forever/images/product/cb65dd471a1ab1f6afbc805b90f79c53.256p.jpg,"32.0""",2560 x 1440,165 Hz,1 ms,VA,16:9,4
AOC Agon PRO AG276QZD2,326.1,https://cdna.pcpartpicker.com/static/forever/images/product/3662446c0967fa592129931b0a745731.256p.jpg,"26.7""",2560 x 1440,240 Hz,0.03 ms,QD-OLED,16:9,5
MSI PRO MP225V,50.52,https://cdna.pcpartpicker.com/static/forever/images/product/b53208c8d0699d812c0d70f2621df3fd.256p.jpg,"21.4""",1920 x 1080,100 Hz,4 ms,VA,16:9,0
Asus TUF Gaming VG27AQM5A,271,https://cdna.pcpartpicker.com/static/forever/images/product/ab898c73330c7ecf67b998a6eb41795b.256p.jpg,"27.0""",2560 x 1440,300 Hz,1 ms,IPS,16:9,5
Dell Alienware AW2726DM,,https://cdna.pcpartpicker.com/static/forever/images/product/3bfef107103699e988247af81974a65b.256p.jpg,"26.5""",2560 x 1440,240 Hz,0.03 ms,QD-OLED,16:9,0
Dell Alienware AW3225QF,826.71,https://cdna.pcpartpicker.com/static/forever/images/product/ddb115124a1eda804762f8fef6b6a2d2.256p.jpg,"31.6""",3840 x 2160,240 Hz,0.03 ms,QD-OLED,16:9,4.5
Samsung Odyssey OLED G5 G50SF,340.92,https://cdna.pcpartpicker.com/static/forever/images/product/7b3fc38be6fee9646811587684941b79.256p.jpg,"27.0""",2560 x 1440,180 Hz,0.03 ms,QD-OLED,16:9,0
Samsung Odyssey OLED G60SD,556.5,https://cdna.pcpartpicker.com/static/forever/images/product/6d2d0257a2ae291273ddd5e8de1a434a.256p.jpg,"27.0""",2560 x 1440,360 Hz,0.03 ms,QD-OLED,16:9,4.5
LG UltraGear 24G411A-B,104,https://cdna.pcpartpicker.com/static/forever/images/product/cbfa4b8ffb622157bd8936a6a74e7ab5.256p.jpg,"24.0""",1920 x 1080,144 Hz,5 ms,IPS,16:9,0
LG UltraGear OLED 27GS93QE-B,699.99,https://cdna.pcpartpicker.com/static/forever/images/product/f1bb092e9434676c862710189f4a859c.256p.jpg,26.5,2560 x 1440,240 Hz,0.03 ms,OLED,16:9,5
Asus ROG Swift OLED PG27UCDM,798.98,https://cdna.pcpartpicker.com/static/forever/images/product/76e496e5f5dae3cd68a2557c26b1328b.256p.jpg,"26.5""",3840 x 2160,240 Hz,0.03 ms,QD-OLED,16:9,4.5
BenQ XL2586X+,945.1,https://cdna.pcpartpicker.com/static/forever/images/product/b5b99755135856fd2bb3b53012ab0a89.256p.jpg,24.1,1920 x 1080,600 Hz,TN,TN,16:9,0
Dell Alienware AW3425DW,619.62,34.2,34.2,3440 x 1440,240 Hz,0.03 ms,QD-OLED,21:9,4.5
AOC Q27G3XMN,206.1,https://cdna.pcpartpicker.com/static/forever/images/product/318177d5031dd67c9001a8aa2a338a5b.256p.jpg,"27.0""",2560 x 1440,180 Hz,1 ms,VA Mini LED,16:9,4.5
Asus TUF Gaming VG27AQ3A,189,https://cdna.pcpartpicker.com/static/forever/images/product/098e71ab231767a13c79234c2dc73060.256p.jpg,27.0,2560 x 1440,180 Hz,1 ms,IPS,16:9,4
ASRock PG27FFT1A,101.99,https://cdna.pcpartpicker.com/static/forever/images/product/ee7a074668f1ff06519faa2861567a42.256p.jpg,27.0,1920 x 1080,180 Hz,IPS,IPS,16:9,5
Asus ROG Strix XG27ACS,267,27,27.0,2560 x 1440,180 Hz,1 ms,IPS,16:9,5
MSI MAG 27CQ6F,148.99,https://cdna.pcpartpicker.com/static/forever/images/product/84645abe7835e8dbbd99a92787fad7bf.256p.jpg,"27.0""",2560 x 1440,180 Hz,0.5 ms,VA,16:9,5
Acer Predator X27U W1BMIIPPRX,582.53,https://cdna.pcpartpicker.com/static/forever/images/product/b5e43e8332fdceedde2f92c5e7f5118e.256p.jpg,"26.5""",2560 x 1440,240 Hz,0.03 ms,QD-OLED,16:9,0
LG UltraGear OLED 45GX950A-B,1997,https://cdna.pcpartpicker.com/static/forever/images/product/1d26289992e61c698a2a6174601d22e8.256p.jpg,44.5,5120 x 2160,165 Hz,0.03 ms,OLED,64:27,4.5
MSI MAG 272QP QD-OLED X50,498.99,https://cdna.pcpartpicker.com/static/forever/images/product/f52bb79d2d10e7a57fd11becca100d63.256p.jpg,"26.5""",2560 x 1440,500 Hz,0.03 ms,QD-OLED,16:9,5
MSI MAG 276CF E20,187.68,https://cdna.pcpartpicker.com/static/forever/images/product/9799159075b034a66c2c22de31d162a1.256p.jpg,"27.0""",1920 x 1080,200 Hz,0.5 ms,VA,16:9,5
MSI PRO MP225,163.25,https://cdna.pcpartpicker.com/static/forever/images/product/c4fdb52450050d66eb171a27cdbd394e.256p.jpg,"21.5""",1920 x 1080,100 Hz,4 ms,IPS,16:9,5
MSI MAG 275QF E20,415.39,https://cdna.pcpartpicker.com/static/forever/images/product/1c783337e35a6d0ead06049776e433b2.256p.jpg,"27.0""",2560 x 1440,200 Hz,0.5 ms,IPS,16:9,0
Asus ROG Strix XG27AQDMG,399,https://cdna.pcpartpicker.com/static/forever/images/product/c0ef2cf4b57c8a4147fedc7dea8fa022.256p.jpg,"26.5""",2560 x 1440,240 Hz,0.03 ms,WOLED,16:9,5
Asus ROG Strix OLED XG27AQWMG,478.98,https://cdna.pcpartpicker.com/static/forever/images/product/eda17f8ab52efe4c0c82f1cbee181306.256p.jpg,"26.5""",2560 x 1440,280 Hz,0.03 ms,WOLED Tandem,16:9,0
Acer Nitro XV1 XV271U M3bmiiprx,199.99,https://cdna.pcpartpicker.com/static/forever/images/product/07db5d09eb6f95dc9da150698b5f0eb4.256p.jpg,27.0,2560 x 1440,180 Hz,1 ms,IPS,16:9,4.5
Asus TUF Gaming VG34VQL3A,259,https://cdna.pcpartpicker.com/static/forever/images/product/80bb3cd815ad44433182ffee20bde111.256p.jpg,"34.0""",3440 x 1440,180 Hz,1 ms,VA,21:9,5
LG UltraGear OLED 27GX790B-B,,https://cdna.pcpartpicker.com/static/forever/images/product/94d43f9ec91e874d62afd0ea1e520fed.256p.jpg,"27.0""",2560 x 1440,540 Hz,0.02 ms,WOLED Tandem,16:9,0
Gigabyte GS25F2,,https://cdna.pcpartpicker.com/static/forever/images/product/81b75244bb8e54f33aebc1e7c8b32102.256p.jpg,"24.5""",1920 x 1080,200 Hz,1 ms,IPS,16:9,0
Asus ROG Strix OLED XG32UCWMG,693,https://cdna.pcpartpicker.com/static/forever/images/product/833791086a788b542cc0a002360a0014.256p.jpg,"31.5""",3840 x 2160,240 Hz,0.03 ms,WOLED,16:9,4.5
AOC Q27GAZD,772.42,,"27.0""",2560 x 1440,240 Hz,0.03 ms,QD-OLED,16:9,0
AOC Q27G42ZE,138.94,https://cdna.pcpartpicker.com/static/forever/images/product/4bedf33ff8419007e43b7c51fd3eff0b.256p.jpg,"27.0""",2560 x 1440,260 Hz,,IPS,16:9,0
Asus ProArt Display PA32UCG-K,1783.88,https://cdna.pcpartpicker.com/static/forever/images/product/a355ece2638358c4a8a2ded782e8cce2.256p.jpg,"32.0""",3840 x 2160,120 Hz,5 ms,IPS,16:9,0
LG UltraGear 27GR83Q-B,349.99,https://cdna.pcpartpicker.com/static/forever/images/product/a5ad5a8ee62daa7c25b6ecef0dc7720b.256p.jpg,27.0,2560 x 1440,240 Hz,1 ms,IPS,16:9,4.5
MSI MAG 255XFV,129.99,https://cdna.pcpartpicker.com/static/forever/images/product/96b20151f2de1ad8b4dc6e3f4a5d22a9.256p.jpg,24.5,1920 x 1080,250 Hz,0.5 ms,VA,16:9,5
Dell UP3218K,3243.58,https://cdna.pcpartpicker.com/static/forever/images/product/d033ac72d7a1b3440f64bd9d9892fa49.256p.jpg,31.5,7680 x 4320,60 Hz,6 ms,IPS,16:9,0
MSI PRO MP251 E2,179.55,https://cdna.pcpartpicker.com/static/forever/images/product/ce43651c672fe4b7c1d370bc107a670d.256p.jpg,"24.5""",1920 x 1080,120 Hz,4 ms,IPS,16:9,0
Asus ROG Strix OLED XG32UCDS,568.99,https://cdna.pcpartpicker.com/static/forever/images/product/0f9a2f886a548054ae324d8f9ecd076b.256p.jpg,"31.5""",3840 x 2160,165 Hz,0.03 ms,QD-OLED,16:9,5
AOC Q27G4XF,124.97,https://cdna.pcpartpicker.com/static/forever/images/product/afb86e17aad76c66c7c320059c241492.256p.jpg,"27.0""",2560 x 1440,180 Hz,1 ms,IPS,16:9,0
MSI MPG 271QRX QD-OLED,1016.4,https://cdna.pcpartpicker.com/static/forever/images/product/38cad9c907160d976c6c50f702594b7b.256p.jpg,27.0,2560 x 1440,360 Hz,0.03 ms,QD-OLED,16:9,4.5
Dell Alienware AW2725DF,583.4,https://cdna.pcpartpicker.com/static/forever/images/product/51c7aec6c240c607d87f61e8a16823ec.256p.jpg,"26.7""",2560 x 1440,360 Hz,0.03 ms,QD-OLED,16:9,4.5
MSI MPG 322URX QD-OLED,1299.99,https://cdna.pcpartpicker.com/static/forever/images/product/3af79b53861f6a1ebe0eb674bab5de19.256p.jpg,32.0,3840 x 2160,240 Hz,0.03 ms,QD-OLED,16:9,5
MSI MAG 276CXF,149,https://cdna.pcpartpicker.com/static/forever/images/product/2826decfd26c2d21c873b8fa9b1526c8.256p.jpg,"27.0""",1920 x 1080,280 Hz,0.5 ms,VA,16:9,0
LG UltraGear evo GX9 39GX950B-B,1599.99,https://cdna.pcpartpicker.com/static/forever/images/product/2beb8b25aec402e1383fc415b69ddac7.256p.jpg,"39.0""",5120 x 2160,165 Hz,0.03 ms,WOLED Tandem,64:27,5
MSI PRO MP275Q,139,https://cdna.pcpartpicker.com/static/forever/images/product/b8cad4a180bfa514dd706a9ab7d3bdd4.256p.jpg,"27.0""",2560 x 1440,100 Hz,4 ms,IPS,16:9,5
Acer Nitro EDA270U P,179.99,27,27.0,2560 x 1440,170 Hz,VA,VA,16:9,4.5
MSI MPG 321URXW QD-OLED,648.95,https://cdna.pcpartpicker.com/static/forever/images/product/4aab6780f630aa49adc61b63d90572fa.256p.jpg,"31.5""",3840 x 2160,240 Hz,0.03 ms,QD-OLED,16:9,4
LG UltraGear OLED 27GX790A-B,937,https://cdna.pcpartpicker.com/static/forever/images/product/a611fc098ad2f3eac22e4e27ebbe4897.256p.jpg,27.0,2560 x 1440,480 Hz,0.03 ms,OLED,16:9,5
Asus ROG Strix XG27ACG,240.26,27,27.0,2560 x 1440,180 Hz,1 ms,IPS,16:9,5
Asus ROG Swift OLED PG32UCDP,748.99,https://cdna.pcpartpicker.com/static/forever/images/product/3a6d3d1410af3200b4d8c14b3f84ea3b.256p.jpg,"31.5""",3840 x 2160,240 Hz,0.03 ms,WOLED,16:9,5
Samsung Odyssey OLED G93SC,,https://cdna.pcpartpicker.com/static/forever/images/product/53a56c753fa1c507f9dc99ccf695f886.256p.jpg,"49.0""",5120 x 1440,240 Hz,0.03 ms,QD-OLED,32:9,4
Pixio PX278 Wave,239.99,27,27.0,2560 x 1440,180 Hz,1 ms,IPS,16:9,5
MSI MAG 274QP QD-OLED X24,368.99,https://cdna.pcpartpicker.com/static/forever/images/product/5efd06e0352dd57a0dfd5ce4ac30306b.256p.jpg,"26.5""",2560 x 1440,240 Hz,0.03 ms,QD-OLED,16:9,0
Gigabyte MO27Q28GR,547.38,https://cdna.pcpartpicker.com/static/forever/images/product/5aaf3d55954d7d7d1db223b763aa712f.256p.jpg,"27.0""",2560 x 1440,280 Hz,0.03 ms,WOLED Tandem,16:9,0
Samsung Odyssey OLED G60SF,622.4,https://cdna.pcpartpicker.com/static/forever/images/product/603d8c0d85b298d17f2bcac07a6c3acc.256p.jpg,"27.0""",2560 x 1440,500 Hz,0.03 ms,QD-OLED,16:9,4
MSI MAG 272URDF E16,269,https://cdna.pcpartpicker.com/static/forever/images/product/47745ceb7c56de6082857a929fb882fc.256p.jpg,"27.0""",3840 x 2160,160 Hz,0.5 ms,IPS,16:9,0
Gigabyte GO27Q24G,359,https://cdna.pcpartpicker.com/static/forever/images/product/1d8a88a284bb0c93f8b7f678687dd477.256p.jpg,"27.0""",2560 x 1440,240 Hz,0.03 ms,WOLED,16:9,0
RCA Evolution Premium,800,27,27.0,2560 x 1440,240 Hz,1 ms,IPS,16:9,0
Asus ROG Strix OLED XG27ACDNG,548,https://cdna.pcpartpicker.com/static/forever/images/product/bc51b51879974fe2ed15e4b6df68886b.256p.jpg,"26.5""",2560 x 1440,360 Hz,0.03 ms,QD-OLED,16:9,5
Asus ROG Strix OLED XG27UCDMG,648.95,https://cdna.pcpartpicker.com/static/forever/images/product/4dad63707d118cc5cfebd33cfb44639c.256p.jpg,"26.5""",3840 x 2160,240 Hz,0.03 ms,QD-OLED,16:9,5
LG 27GS75Q-B,208.94,https://cdna.pcpartpicker.com/static/forever/images/product/f0a8ee0622e57901d3c0d9037cbc0f11.256p.jpg,"27.0""",2560 x 1440,180 Hz,1 ms,IPS,16:9,5
Asus TUF Gaming VG279Q3A,248,https://cdna.pcpartpicker.com/static/forever/images/product/e30edcc9a15d5725f4ff79fa0a587284.256p.jpg,"27.0""",1920 x 1080,180 Hz,1 ms,IPS,16:9,5
Acer Predator X32 X,1149.99,31.5,31.5,3840 x 2160,240 Hz,0.03 ms,OLED,16:9,0
MSI MPG 321CURX QD-OLED,1047.99,https://cdna.pcpartpicker.com/static/forever/images/product/1abe00ca999d3ea4780167848e73931a.256p.jpg,31.5,3840 x 2160,240 Hz,0.03 ms,QD-OLED,16:9,5
Samsung Odyssey G5,243.78,https://cdna.pcpartpicker.com/static/forever/images/product/9d7490710d4a827743be2fb490314836.256p.jpg,34.0,3440 x 1440,165 Hz,VA,VA,21:9,5
Gigabyte GS27QA,139,https://cdna.pcpartpicker.com/static/forever/images/product/26fc08ffb7a8f539bf93b0b10deb4c74.256p.jpg,27.0,2560 x 1440,180 Hz,IPS,IPS,16:9,0
MSI MAG 272QP QD-OLED X24,349,https://cdna.pcpartpicker.com/static/forever/images/product/9293983ec0d8f861fe8187ed09d86662.256p.jpg,"26.5""",2560 x 1440,240 Hz,0.03 ms,QD-OLED,16:9,0
Gigabyte GS27QCA,149.99,https://cdna.pcpartpicker.com/static/forever/images/product/eeca0724e37203f754ac89b6125f231a.256p.jpg,"27.0""",2560 x 1440,180 Hz,,VA,16:9,0
Samsung Odyssey Ark 2nd Gen.,2198.95,https://cdna.pcpartpicker.com/static/forever/images/product/9a9049ddad2aa60a2e856f6f7647284c.256p.jpg,"55.0""",3840 x 2160,165 Hz,1 ms,VA Mini LED,16:9,0
Samsung Odyssey G53F,,https://cdna.pcpartpicker.com/static/forever/images/product/0607d37a085a13a8387532c5707ce759.256p.jpg,"27.0""",2560 x 1440,200 Hz,,IPS,16:9,5
Asus ROG Strix OLED XG27AQDMG Gen2 (XG27AQDMGR),398.99,https://cdna.pcpartpicker.com/static/forever/images/product/ae084cf39baee7e22070951e7ea109b7.256p.jpg,"26.5""",2560 x 1440,240 Hz,0.03 ms,WOLED,16:9,0
KTC H24T7,118.97,,"24.0""",2560 x 1440,185 Hz,1 ms,IPS,16:9,0
Asus ROG Strix OLED XG27AQDPG,648.95,https://cdna.pcpartpicker.com/static/forever/images/product/a406886147acab506d85b492998f49ad.256p.jpg,"26.5""",2560 x 1440,500 Hz,0.03 ms,QD-OLED,16:9,5
MSI Pro,407.32,https://cdna.pcpartpicker.com/static/forever/images/product/4ba21f15222b599e3834a61725151b21.256p.jpg,"27.0""",1920 x 1080,100 Hz,4 ms,IPS,16:9,5
Samsung Odyssey G4,219.99,https://cdna.pcpartpicker.com/static/forever/images/product/532f0595275969ccd86055922406d927.256p.jpg,27.0,1920 x 1080,240 Hz,1 ms,IPS,16:9,4
LG UltraGear 32GS95UV-W,1299.99,https://cdna.pcpartpicker.com/static/forever/images/product/3ac1606c74bb0d22b2f2235f5253be03.256p.jpg,31.5,3840 x 2160,240 Hz,0.03 ms,OLED,16:9,5
Dell Alienware AW2725DM,187.78,https://cdna.pcpartpicker.com/static/forever/images/product/28087e55a29d2c68d4031224d708fdb8.256p.jpg,"27.0""",2560 x 1440,180 Hz,1 ms,IPS,16:9,5
Gigabyte MO27Q2A,449,https://cdna.pcpartpicker.com/static/forever/images/product/c2a8c0c1d0842e529fbbcaa77ed23a9e.256p.jpg,"27.0""",2560 x 1440,280 Hz,0.03 ms,QD-OLED,16:9,0
Samsung Odyssey OLED G8 G81SF,683.24,https://cdna.pcpartpicker.com/static/forever/images/product/26973e3018adf070ab3e6f5531d56e6a.256p.jpg,"27.0""",3840 x 2160,240 Hz,0.03 ms,QD-OLED,16:9,5
MSI MAG QP QD-OLED X28,398.99,https://cdna.pcpartpicker.com/static/forever/images/product/48d82ec2e52bc05d75f309c0265debb4.256p.jpg,"26.5""",2560 x 1440,280 Hz,0.03 ms,QD-OLED,16:9,0
Asus TUF Gaming VG249QL3A,165.99,https://cdna.pcpartpicker.com/static/forever/images/product/987118243cc390873b62b6bc0805e407.256p.jpg,23.8,1920 x 1080,180 Hz,1 ms,IPS,16:9,5
LG UltraGear 32GS60QC-B,169.98,https://cdna.pcpartpicker.com/static/forever/images/product/b19dbff861b175e31a14e26c23dbc6a6.256p.jpg,"31.5""",2560 x 1440,180 Hz,1 ms,VA,16:9,4
Samsung Odyssey OLED G6 G61SH,,https://cdna.pcpartpicker.com/static/forever/images/product/b79f33d3cf4c2ee33f63bd60cb8fee70.256p.jpg,"27.0""",2560 x 1440,240 Hz,0.03 ms,QD-OLED,16:9,0
KOORUI G2421V,129.99,,"23.8""",2560 x 1440,180 Hz,,IPS,16:9,0
LG UltraGear 32GS95UE-B,999.99,https://cdna.pcpartpicker.com/static/forever/images/product/861f6bf37aa331fca46eec4d8e5b6497.256p.jpg,31.5,3840 x 2160,240 Hz,0.03 ms,OLED,16:9,4.5
MSI PRO MP251W E2,94.99,https://cdna.pcpartpicker.com/static/forever/images/product/96a7fe4417a82d324dbff955fd575b3c.256p.jpg,24.5,1920 x 1080,120 Hz,4 ms,IPS,16:9,0
KTC H27E6,186.96,https://cdna.pcpartpicker.com/static/forever/images/product/37a54cc9e33048c441fb0c32aef9d750.256p.jpg,"27.0""",2560 x 1440,320 Hz,1 ms,IPS,16:9,0
Asus ROG Strix OLED XG27AQDMESZ,394.47,https://cdna.pcpartpicker.com/static/forever/images/product/d0e5e475b37b254eae3e15b4f991c7b8.256p.jpg,"27.0""",2560 x 1440,240 Hz,0.03 ms,QD-OLED,16:9,0
BenQ ZOWIE XL2566X+,548.99,https://cdna.pcpartpicker.com/static/forever/images/product/d9f3bfbe66b0ea741f14825b7a371f83.256p.jpg,24.1,1920 x 1080,400 Hz,TN,TN,16:9,5
AOC 24G4XE,,https://cdna.pcpartpicker.com/static/forever/images/product/36f084159a32f721b87052dbb57ef47c.256p.jpg,24.0,1920 x 1080,180 Hz,IPS,IPS,16:9,5
Samsung Odyssey OLED G81SF,710.33,https://cdna.pcpartpicker.com/static/forever/images/product/ce26f592215092fee80245dd17331bf8.256p.jpg,"32.0""",3840 x 2160,240 Hz,0.03 ms,QD-OLED,16:9,0
LG UltraGear OLED 27GX704A-B,449,https://cdna.pcpartpicker.com/static/forever/images/product/5fb6d0b5a31ff31cc4a29c70712e167f.256p.jpg,"26.5""",2560 x 1440,240 Hz,0.03 ms,WOLED,16:9,0
LG UltraGear 34GS95QE-B,1149.99,https://cdna.pcpartpicker.com/static/forever/images/product/1af1eac3d949ce16d0ca68a651b699f6.256p.jpg,34.0,3440 x 1440,240 Hz,0.03 ms,WOLED,21:9,4.5
KTC H24F8,94.99,23.8,23.8,1920 x 1080,180 Hz,IPS,IPS,16:9,0
Asus TUF Gaming VG27AQL5A,169,https://cdna.pcpartpicker.com/static/forever/images/product/144a0e5f9c565c793fba5b46289b013a.256p.jpg,"27.0""",2560 x 1440,210 Hz,1 ms,IPS,16:9,0
AOC Q27G41ZDF,299.99,https://cdna.pcpartpicker.com/static/forever/images/product/816a45ed87279d67b4cf5e5211ce33de.256p.jpg,"26.5""",2560 x 1440,240 Hz,0.03 ms,QD-OLED,16:9,0
Dell G2724D,,https://cdna.pcpartpicker.com/static/forever/images/product/d682408197d75c53c2d0b0c8482007dd.256p.jpg,"27.0""",2560 x 1440,165 Hz,1 ms,IPS,16:9,4.5
Samsung Odyssey OLED G85SD,632.9,https://cdna.pcpartpicker.com/static/forever/images/product/12709dfd401b4f324747b71998ffa0bc.256p.jpg,"34.0""",3440 x 1440,175 Hz,0.03 ms,OLED,21:9,4.5
Gigabyte MO27Q28G,,https://cdna.pcpartpicker.com/static/forever/images/product/ea42c8cdfd95892dbd9eb8cd555dd700.256p.jpg,"27.0""",2560 x 1440,280 Hz,0.03 ms,WOLED Tandem,16:9,5
LG 27GR95QE-B,401.92,https://cdna.pcpartpicker.com/static/forever/images/product/1f6a1089585140fa871fdfd02ac676b4.256p.jpg,"26.5""",2560 x 1440,240 Hz,0.03 ms,OLED,16:9,4.5
AOC C32G2ZE/BK,148.97,https://cdna.pcpartpicker.com/static/forever/images/product/91b4f2e1294160a7907f650cf8cf16ce.256p.jpg,31.5,1920 x 1080,240 Hz,VA,VA,16:9,5
AOC Q27G40XMN,269.99,27,27.0,2560 x 1440,180 Hz,1 ms,VA QD-Mini LED,16:9,0
Corsair XENEON FLEX 45WQHD240,1099.99,https://cdna.pcpartpicker.com/static/forever/images/product/0681758c500c494a2831827cd89c3ff1.256p.jpg,45.0,3440 x 1440,240 Hz,0.03 ms,OLED,21:9,5
Alienware AW2725Q,799.99,https://cdna.pcpartpicker.com/static/forever/images/product/a70e85087d85db040af2e3cbb149c64b.256p.jpg,26.7,3840 x 2160,240 Hz,0.03 ms,QD-OLED,16:9,4
Dell S2725QS,269,https://cdna.pcpartpicker.com/static/forever/images/product/3df88bf9f3636a50957c71fb68c8d585.256p.jpg,"27.0""",3840 x 2160,120 Hz,4 ms,IPS,16:9,5
Asus ROG Swift OLED PG32UCDMR,1840.39,https://cdna.pcpartpicker.com/static/forever/images/product/d9d038436602df342dcadee3fc0f56cd.256p.jpg,"31.5""",3840 x 2160,240 Hz,0.03 ms,QD-OLED,16:9,0
MSI MAG 244C,98.98,https://cdna.pcpartpicker.com/static/forever/images/product/6509da97514b457beb8ff40575ced7bc.256p.jpg,23.6,1920 x 1080,180 Hz,VA,VA,16:9,0
Xiaomi G Pro 27i,,,"27.0""",2560 x 1440,180 Hz,,IPS Mini LED,16:9,0
Asus VG248QE,,https://cdna.pcpartpicker.com/static/forever/images/product/c5fbd60e5912f11c9fba9cd58ff4dc08.256p.jpg,"24.0""",1920 x 1080,144 Hz,1 ms,TN,16:9,4.5
MSI MAG 274QPF X30MV,348.98,https://cdna.pcpartpicker.com/static/forever/images/product/b0420727c0127439394439587d563a4c.256p.jpg,"27.0""",2560 x 1440,300 Hz,0.5 ms,VA Mini LED,16:9,4
MSI MPG 491CQPX QD-OLED,998.99,https://cdna.pcpartpicker.com/static/forever/images/product/1ac1a75bbb8120ca63998053553b9126.256p.jpg,"49.0""",5120 x 1440,240 Hz,0.03 ms,QD-OLED,32:9,5
Asus ROG Strix XG27UCG,590.63,https://cdna.pcpartpicker.com/static/forever/images/product/0b9fdfc4b1b4f77a865d6730cbfdf485.256p.jpg,"27.0""",3840 x 2160,160 Hz,1 ms,IPS,16:9,5
Samsung Odyssey G50D,219.95,https://cdna.pcpartpicker.com/static/forever/images/product/481176455d457d5746facdc99e8c7463.256p.jpg,27.0,2560 x 1440,180 Hz,1 ms,IPS,16:9,4
LG 27GP850-B,299,https://cdna.pcpartpicker.com/static/forever/images/product/f57a3c2a2bc168f6fd22cc73ea31ae74.256p.jpg,"27.0""",2560 x 1440,165 Hz,1 ms,IPS,16:9,4.5
MSI MPG 341CQR QD-OLED X36,997,,"34.0""",3440 x 1440,360 Hz,0.03 ms,QD-OLED,21:9,0
Asus TUF Gaming VG279QM,195.99,https://cdna.pcpartpicker.com/static/forever/images/product/07a61ae69ef1a71b2f3580da52ee2df1.256p.jpg,"27.0""",1920 x 1080,280 Hz,1 ms,IPS,16:9,5
MSI MPG 321URX QD-OLED,798.95,https://cdna.pcpartpicker.com/static/forever/images/product/13b06552d067d3605db2015afd85c329.256p.jpg,"31.5""",3840 x 2160,240 Hz,0.03 ms,QD-OLED,16:9,5
Asus TUF Gaming VG27AQ5A,184,https://cdna.pcpartpicker.com/static/forever/images/product/f0dc5b1749a94ff22e8bf3caeeebb099.256p.jpg,"27.0""",2560 x 1440,210 Hz,1 ms,IPS,16:9,4
Asus ROG Strix XG27ACMS,298,https://cdna.pcpartpicker.com/static/forever/images/product/97ddb1e85a6e0db2b77b0440fdf172f8.256p.jpg,"27.0""",2560 x 1440,320 Hz,1 ms,,16:9,0
Gigabyte M27Q,299.99,https://cdna.pcpartpicker.com/static/forever/images/product/9afe6f834fb2e25e33c55f525e7ef057.256p.jpg,27.0,2560 x 1440,170 Hz,IPS,IPS,16:9,4.5
Corsair XENEON EDGE,219.98,https://cdna.pcpartpicker.com/static/forever/images/product/0b8f75a2a8708f543bbc7b5187a61cee.256p.jpg,"14.5""",2560 x 720,60 Hz,,AHVA,32:9,3
INNOCN 25G2S,191.08,,"24.5""",2560 x 1440,240 Hz,,IPS,16:9,5
ASRock Challenger CL27FFA,109.99,https://cdna.pcpartpicker.com/static/forever/images/product/fc796bf396e185a32c5e3f0cf7e38338.256p.jpg,27.0,1920 x 1080,120 Hz,IPS,IPS,16:9,0
MSI G255F,132.99,https://cdna.pcpartpicker.com/static/forever/images/product/42806ef6786626615ccf2f7bb7157d3b.256p.jpg,"24.5""",1920 x 1080,180 Hz,1 ms,IPS,16:9,4
MSI MAG 27C6F,201.65,27,27.0,1920 x 1080,180 Hz,0.5 ms,VA,16:9,4.5
Philips Evnia 8000 27M2N8500,498.95,https://cdna.pcpartpicker.com/static/forever/images/product/ec06d4bcc62fab3b3ce208db71850cb3.256p.jpg,"26.5""",2560 x 1440,360 Hz,0.03 ms,QD-OLED,16:9,5
Dell Alienware AW3423DWF,899.99,34.2,34.2,3440 x 1440,165 Hz,0.1 ms,QD-OLED,21:9,4.5
Sony INZONE M10S,998.99,27,27.0,2560 x 1440,480 Hz,0.03 ms,OLED,16:9,5
Pixio PX277 OLED MAX,649.99,27,27.0,2560 x 1440,240 Hz,0.03 ms,OLED,16:9,0
LG UltraGear 39GS95QE-B,1000.27,https://cdna.pcpartpicker.com/static/forever/images/product/82e6753198c155bd68bff0fb4c60e38a.256p.jpg,"39.0""",3440 x 1440,240 Hz,0.03 ms,OLED,21:9,0
Gigabyte AORUS FO27Q5P,683.94,https://cdna.pcpartpicker.com/static/forever/images/product/0f3b0b9a898a587e65ed8745d785ddb2.256p.jpg,"27.0""",2560 x 1440,500 Hz,0.03 ms,QD-OLED,16:9,0
BenQ GW2490,79.99,https://cdna.pcpartpicker.com/static/forever/images/product/4bd4f5a5386324cbe0db0ab6b5536308.256p.jpg,"23.8""",1920 x 1080,100 Hz,5 ms,IPS,16:9,5
Sceptre E248W-19203R,89.96,23.8,23.8,1920 x 1080,75 Hz,14 ms,TN,16:9,4.5
MSI MAG 321UPX QD-OLED,698.99,https://cdna.pcpartpicker.com/static/forever/images/product/0ad373e73f34af315e44d3acf50f7b82.256p.jpg,"31.5""",3840 x 2160,240 Hz,0.03 ms,QD-OLED,16:9,5
KOORUI 27E1QA,,27,27.0,2560 x 1440,144 Hz,VA,VA,16:9,4
Samsung Odyssey G40B,209.99,https://cdna.pcpartpicker.com/static/forever/images/product/b5d5f82fea9f2fc56a950641df711e86.256p.jpg,25.0,1920 x 1080,240 Hz,1 ms,IPS,16:9,4.5
MSI MPG 272URX QD-OLED,798.95,https://cdna.pcpartpicker.com/static/forever/images/product/68041836edb64d229c779db52b4299b9.256p.jpg,"27.0""",3840 x 2160,240 Hz,0.03 ms,QD-OLED,16:9,5
Asus ProArt Display PA278QV,238.4,https://cdna.pcpartpicker.com/static/forever/images/product/2de3d542ab8ed0ee0488489de459b4e0.256p.jpg,"27.0""",2560 x 1440,75 Hz,5 ms,IPS,16:9,4.5
Asus TUF Gaming VG27AQML1A,194.99,https://cdna.pcpartpicker.com/static/forever/images/product/82b337ff694d978593b0ef9ff3971654.256p.jpg,"27.0""",2560 x 1440,260 Hz,1 ms,IPS,16:9,4.5
Samsung Odyssey G7,299,https://cdna.pcpartpicker.com/static/forever/images/product/c1cef36415ba8f85086b55459b9bf0aa.256p.jpg,27.0,2560 x 1440,240 Hz,1 ms,VA,16:9,4.5
LG UltraGear OLED 27GX700A-B,479.98,https://cdna.pcpartpicker.com/static/forever/images/product/7798cd339b69f65d3b17fa423112bebe.256p.jpg,"26.5""",2560 x 1440,280 Hz,0.03 ms,WOLED Tandem,16:9,0
Gigabyte G27Q2,149,https://cdna.pcpartpicker.com/static/forever/images/product/b631e73d3c3c6623c9213fa1e4ed3751.256p.jpg,"27.0""",2560 x 1440,210 Hz,0.5 ms,IPS,16:9,4
Sceptre E255B-1658A,190.97,24.5,24.5,1920 x 1080,165 Hz,1 ms,TN,16:9,4
Samsung Odyssey OLED G95SC,1252.61,https://cdna.pcpartpicker.com/static/forever/images/product/034e1120405c86551cae15370eb23000.256p.jpg,"49.0""",5120 x 1440,240 Hz,,QD-OLED,32:9,5
Asus TUF Gaming VG32WQ3B,204.56,31.5,31.5,2560 x 1440,180 Hz,1 ms,VA,16:9,5
AOC 24G2,,23.8,23.8,1920 x 1080,144 Hz,IPS,IPS,16:9,4.5
ViewSonic OMNI VX2728J-2K,199.99,https://cdna.pcpartpicker.com/static/forever/images/product/c0ed1dc2d91d0cf0c181f46c40907c64.256p.jpg,27.0,2560 x 1440,180 Hz,IPS,IPS,16:9,4
Dell S2719DGF,,27,27.0,2560 x 1440,155 Hz,1 ms,TN,16:9,4.5
Acer Predator X34 X5bmiiphuzx,,https://cdna.pcpartpicker.com/static/forever/images/product/872f99d1262c33e3e9eb69779414c5eb.256p.jpg,"34.0""",3440 x 1440,240 Hz,0.03 ms,QD-OLED,21:9,0
Acer XV275U F3biipprx,,,"27.0""",2560 x 1440,320 Hz,0.5 ms,IPS Mini LED,16:9,0
MSI MAG 274QRFW,203.99,https://cdna.pcpartpicker.com/static/forever/images/product/8c040352fa6d29b076fd9a97eb290b64.256p.jpg,"27.0""",2560 x 1440,180 Hz,1 ms,IPS,16:9,5
ASRock PG27QFT1B,138.94,27,27.0,2560 x 1440,180 Hz,IPS,IPS,16:9,0
Asus VG248QG,149,https://cdna.pcpartpicker.com/static/forever/images/product/325b541af8d2441964716a67de7ec081.256p.jpg,"24.0""",1920 x 1080,165 Hz,0.5 ms,TN,16:9,4.5
Samsung Odyssey G3,189.99,https://cdna.pcpartpicker.com/static/forever/images/product/4889bb85773e6273100db4f46e9d653b.256p.jpg,24.0,1920 x 1080,144 Hz,VA,VA,16:9,5
MSI MPG 271QR QD-OLED X50,748.99,https://cdna.pcpartpicker.com/static/forever/images/product/417f1194add9cdc8154ffd7bcbee18eb.256p.jpg,"26.5""",2560 x 1440,500 Hz,0.03 ms,QD-OLED,16:9,0
LG 27GS95QE-B,399.99,https://cdna.pcpartpicker.com/static/forever/images/product/ee2ea1aebc88fbd523a614d32922440b.256p.jpg,"27.0""",2560 x 1440,240 Hz,0.03 ms,OLED,16:9,5
MSI MAG 272UP QD-OLED X24,548.98,https://cdna.pcpartpicker.com/static/forever/images/product/9ab2fd710f30937bb6a253ae439491dd.256p.jpg,"26.5""",3840 x 2160,240 Hz,0.03 ms,QD-OLED,16:9,0
MSI MPG 322UR QD-OLED X24,,https://cdna.pcpartpicker.com/static/forever/images/product/1a8594ad4ba5426cbd59b39510cb8dfa.256p.jpg,"31.5""",3840 x 2160,240 Hz,0.03 ms,QD-OLED,16:9,0
AOC 24G4,,https://cdna.pcpartpicker.com/static/forever/images/product/8ea488b7e0b5df90611d4524c108bf4a.256p.jpg,"23.8""",1920 x 1080,180 Hz,1 ms,IPS,16:9,4.5
Acer XV270U Z1bmiiprx,,https://cdna.pcpartpicker.com/static/forever/images/product/175680a8582da94f8d15966a06bd4a2b.256p.jpg,"27.0""",2560 x 1440,270 Hz,0.5 ms,IPS,16:9,0
MSI PRO MP341CQW,245,https://cdna.pcpartpicker.com/static/forever/images/product/1c216a865ffe352cfd40979ae1110e33.256p.jpg,"34.0""",3440 x 1440,100 Hz,4 ms,VA,21:9,0
Asus TUF Gaming VG259QMRL5A,,https://cdna.pcpartpicker.com/static/forever/images/product/fc5cd4de26d95b45ee1cb82f3f8bd4a5.256p.jpg,"24.5""",1920 x 1080,310 Hz,1 ms,IPS,16:9,0
Samsung S3 S30GD,,https://cdna.pcpartpicker.com/static/forever/images/product/fa367ebeffbc5c6ba0c75e8e32ed5c06.256p.jpg,"27.0""",1920 x 1080,100 Hz,5 ms,IPS,16:9,0
MSI MAG401QR,348.98,https://cdna.pcpartpicker.com/static/forever/images/product/a53a09b0ac51ee684660b06b3018075e.256p.jpg,40.0,3440 x 1440,155 Hz,IPS,IPS,21:9,5
Asus XG27ACMEG-G Hatsune Miku Edition,315.66,https://cdna.pcpartpicker.com/static/forever/images/product/13ac7c62e73d11d7f369a4bcafed0911.256p.jpg,"27.0""",2560 x 1440,260 Hz,1 ms,IPS,16:9,5
Dell SE2222H,95,https://cdna.pcpartpicker.com/static/forever/images/product/91c42af3d643ee1f52569a8a0e22381e.256p.jpg,"21.5""",1920 x 1080,60 Hz,8 ms,VA,16:9,3
LG 65EP5G-B,9333,https://cdna.pcpartpicker.com/static/forever/images/product/b01d97e380b0840e5a7f789b31ec3a3f.256p.jpg,65.0,3840 x 2160,120 Hz,0.1 ms,OLED,16:9,0
LG UltraGear OLED 32GX870A-B,1147.44,https://cdna.pcpartpicker.com/static/forever/images/product/40e4fdc2e9b6ea6343fcee62f2667b52.256p.jpg,"31.5""",3840 x 2160,240 Hz,0.03 ms,WOLED,16:9,0
AOC Q27G4ZDR,299,https://cdna.pcpartpicker.com/static/forever/images/product/45f9719968b31ebe8008fccd8a25f286.256p.jpg,"26.5""",2560 x 1440,240 Hz,0.03 ms,QD-OLED,16:9,0
MSI MPG 491CQP QD-OLED,748.97,https://cdna.pcpartpicker.com/static/forever/images/product/db6883fad6ae59805c949810ccc0cfec.256p.jpg,"49.0""",5120 x 1440,144 Hz,0.03 ms,QD-OLED,32:9,5
Asus TUF Gaming VG34VQL1B,219,https://cdna.pcpartpicker.com/static/forever/images/product/40ff7c523b6ed7dea9b704babddd603c.256p.jpg,34.0,3440 x 1440,165 Hz,,21:9,21:9,4.5
Asus TUF Gaming VG249Q1R,74,https://cdna.pcpartpicker.com/static/forever/images/product/3c39c66d0f4c8261a62dbf3b74d7fb99.256p.jpg,23.8,1920 x 1080,165 Hz,IPS,IPS,16:9,0
LG UltraGear 27GR75Q-B,264,https://cdna.pcpartpicker.com/static/forever/images/product/51cdef3b9216df555b7c7eec7620b0e7.256p.jpg,27.0,2560 x 1440,165 Hz,1 ms,IPS,16:9,4.5
Gigabyte AORUS FO32U2P,1049,https://cdna.pcpartpicker.com/static/forever/images/product/556cee630b8a2a75e0c227fad165e13b.256p.jpg,"31.5""",3840 x 2160,240 Hz,0.03 ms,QD-OLED,16:9,5
MSI MAG 32CQ6F,452.27,,"31.5""",2560 x 1440,180 Hz,0.5 ms,VA,16:9,0
ASRock Phantom Gaming PG27FFX1B,355.47,https://cdna.pcpartpicker.com/static/forever/images/product/3524ab482a53a7758f88713658a4f553.256p.jpg,"27.0""",1920 x 1080,520 Hz,1 ms,IPS,16:9,0
Samsung Odyssey Neo G8,1303.99,https://cdna.pcpartpicker.com/static/forever/images/product/bc25bd5cb0bfa6e8613cb5fc11393631.256p.jpg,"32.0""",3840 x 2160,240 Hz,1 ms,VA,16:9,4.5
AOC Q25G4SR,179,https://cdna.pcpartpicker.com/static/forever/images/product/76f25ae12c218b22bb18dc62711b7e3b.256p.jpg,"24.5""",2560 x 1440,300 Hz,1 ms,IPS,16:9,0
Asus TUF Gaming VG27UQ1A,349.99,27,27.0,3840 x 2160,160 Hz,1 ms,IPS,16:9,0
Gigabyte M27Q3,249,https://cdna.pcpartpicker.com/static/forever/images/product/5bffb29c816659270a82fbdb3963db41.256p.jpg,"27.0""",2560 x 1440,320 Hz,1 ms,IPS,16:9,0
AOC C27G2Z,149.99,https://cdna.pcpartpicker.com/static/forever/images/product/e01b4d44c0de80c58cefbcc78a1fe809.256p.jpg,27.0,1920 x 1080,240 Hz,VA,VA,16:9,4.5
Acer VG272U W2,229.99,https://cdna.pcpartpicker.com/static/forever/images/product/faac0a9eba991351f1599bae5b0b5085.256p.jpg,27.0,2560 x 1440,240 Hz,1 ms,IPS,16:9,4
MSI MAG 271QPX QD-OLED,733.55,https://cdna.pcpartpicker.com/static/forever/images/product/3927c048a804f79a1289a95ed4d887eb.256p.jpg,26.5,2560 x 1440,360 Hz,0.03 ms,QD-OLED,16:9,4.5
KOORUI 24E6CA,86.99,,"23.6""",1920 x 1080,180 Hz,,VA,16:9,0
MSI MPG 341CQPX QD-OLED,698.99,34,34.0,3440 x 1440,240 Hz,0.03 ms,QD-OLED,21:9,5
LG 27GL850-B,300.99,https://cdna.pcpartpicker.com/static/forever/images/product/f98e80f9443319f14b548ee54f378b29.256p.jpg,27.0,2560 x 1440,144 Hz,1 ms,IPS,16:9,4.5
Asus ROG Swift OLED PG34WCDM,,https://cdna.pcpartpicker.com/static/forever/images/product/ef774c66fa5430f5717ba516e4bb7cac.256p.jpg,"33.9""",3440 x 1440,240 Hz,0.03 ms,OLED,21:9,5
Samsung Odyssey G30D,130.46,https://cdna.pcpartpicker.com/static/forever/images/product/935999a08308930c97917e0abba7b1ac.256p.jpg,24.0,1920 x 1080,180 Hz,VA,VA,16:9,5
Asus VA249QG,133,https://cdna.pcpartpicker.com/static/forever/images/product/9ba474368490d4cfa1279195926f15e6.256p.jpg,"23.8""",1920 x 1080,120 Hz,,IPS,16:9,0
Lenovo Legion R27qe,,27,27.0,2560 x 1440,180 Hz,IPS,IPS,16:9,4
LG UltraWide 34U650A-B,379,https://cdna.pcpartpicker.com/static/forever/images/product/0936679425c711510f2f564f89e6c105.256p.jpg,"34.0""",3440 x 1440,100 Hz,5 ms,IPS,21:9,0
LG UltraGear OLED 45GX90SA-B,1209.34,https://cdna.pcpartpicker.com/static/forever/images/product/5f0901c03846c4255ce33cb6f4b95b48.256p.jpg,"45.0""",3440 x 1440,240 Hz,0.03 ms,WOLED Tandem,21:9,0
Samsung Odyssey OLED G61SD,494.13,,"27.0""",2560 x 1440,240 Hz,0.03 ms,QD-OLED,16:9,0
Asus XG27ACDMS,428,https://cdna.pcpartpicker.com/static/forever/images/product/dff3079eaa71efa6970cd6cf20aa608c.256p.jpg,"26.5""",2560 x 1440,280 Hz,0.03 ms,QD-OLED,16:9,0
Cooler Master GA2501,,https://cdna.pcpartpicker.com/static/forever/images/product/7dcb6bb55da383526aab7289276c6b82.256p.jpg,"24.5""",1920 x 1080,100 Hz,4 ms,IPS,16:9,0
KTC M27T20,339.99,27,27.0,2560 x 1440,165 Hz,3 ms,Mini LED,16:9,5
LG UltraGear 24GN60R-B,172,https://cdna.pcpartpicker.com/static/forever/images/product/a3f62cf84c5534692ea36d10b65f92e7.256p.jpg,23.8,1920 x 1080,144 Hz,1 ms,IPS,16:9,4.5
ViewSonic VA2247-MH,79.98,https://cdna.pcpartpicker.com/static/forever/images/product/404ae17b3db2eabe638935966309944f.256p.jpg,22.0,1920 x 1080,75 Hz,5 ms,VA,16:9,5
ASRock PG27QFT2A,211.83,https://cdna.pcpartpicker.com/static/forever/images/product/bdc70da4dcd4bbf157b97e76a6dab2c9.256p.jpg,27.0,2560 x 1440,180 Hz,IPS,IPS,16:9,4.5
LG UltraGear 32GS95UV-B,1878.69,31.5,31.5,3840 x 2160,240 Hz,0.03 ms,OLED,16:9,0
Philips Evnia 27M2N6501L,299.98,https://cdna.pcpartpicker.com/static/forever/images/product/c4713845f5351d4145f8d32b0740308d.256p.jpg,"26.5""",2560 x 1440,240 Hz,0.03 ms,QD-OLED,16:9,0
Acer PREDATOR X34 X,,,"34.0""",3440 x 1440,240 Hz,0.01 ms,WOLED,21:9,0
MSI MAG 341CQP QD-OLED,630,https://cdna.pcpartpicker.com/static/forever/images/product/39402b8e8dbca626872a6426b7bd0f70.256p.jpg,"34.0""",3440 x 1440,175 Hz,0.03 ms,QD-OLED,21:9,0
Asus ROG Strix OLED XG32UCWG,702.83,https://cdna.pcpartpicker.com/static/forever/images/product/833791086a788b542cc0a002360a0014.256p.jpg,"31.5""",3840 x 2160,165 Hz,0.03 ms,WOLED,16:9,5
LG UltraGear 27G810A-B,328.63,https://cdna.pcpartpicker.com/static/forever/images/product/79250c3195ec5dfa86cf7d03f3006031.256p.jpg,"27.0""",3840 x 2160,180 Hz,1 ms,IPS,16:9,0
Asus ROG Strix Pulsar XG27AQNGV,629,https://cdna.pcpartpicker.com/static/forever/images/product/24b2a7fce74251fc38959e66b16263de.256p.jpg,"27.0""",2560 x 1440,360 Hz,1 ms,IPS,16:9,0
AOC G2490VX,,23.8,23.8,1920 x 1080,144 Hz,1 ms,VA,16:9,3
BenQ GW2283,94.94,https://cdna.pcpartpicker.com/static/forever/images/product/17d90cf79c923d92bef0e666c36c7304.256p.jpg,"21.5""",1920 x 1080,60 Hz,5 ms,IPS,16:9,4
Gigabyte M27UP,298.99,https://cdna.pcpartpicker.com/static/forever/images/product/fcbf9fe0c55bd01c9030fa029ffd951a.256p.jpg,"27.0""",3840 x 2160,160 Hz,1 ms,IPS,16:9,0
Asus ROG Swift OLED PG27AQDM,739.99,https://cdna.pcpartpicker.com/static/forever/images/product/3f6af7d941a0719a7ddb54fb0d5b7919.256p.jpg,26.5,2560 x 1440,240 Hz,0.03 ms,OLED,16:9,4.5
Samsung T350,99.99,https://cdna.pcpartpicker.com/static/forever/images/product/d715b5dddaafef900947e7560e157f65.256p.jpg,24.0,1920 x 1080,75 Hz,5 ms,IPS,16:9,4
Lenovo Legion 27Q-11,,,"27.0""",2560 x 1440,300 Hz,,IPS,16:9,0
Dell Alienware AW2523HF,327.97,https://cdna.pcpartpicker.com/static/forever/images/product/3e6f05b5553d896ebbddae8850dd5b0b.256p.jpg,24.5,1920 x 1080,360 Hz,1 ms,IPS,16:9,5
Acer KG241Y Sbiip,109.99,https://cdna.pcpartpicker.com/static/forever/images/product/c4a11419b55001263a73c92484d5521c.256p.jpg,23.8,1920 x 1080,165 Hz,VA,VA,16:9,5
AOC CU34G4,239,https://cdna.pcpartpicker.com/static/forever/images/product/ed2ac9226c76644bbb6937ea34821965.256p.jpg,"34.0""",3440 x 1440,180 Hz,1 ms,VA,21:9,0
Asus TUF GAMING VG249Q,246,https://cdna.pcpartpicker.com/static/forever/images/product/86ad495144925b53e6736ab1d193534a.256p.jpg,23.8,1920 x 1080,144 Hz,IPS,IPS,16:9,4.5
BenQ EX271QZ,719,https://cdna.pcpartpicker.com/static/forever/images/product/47facbad3fe87dcaf49685634d0a5c8f.256p.jpg,"26.5""",2560 x 1440,500 Hz,0.03 ms,QD-OLED Tandem,16:9,0
KTC H32T13,149.99,32,32.0,2560 x 1440,120 Hz,3 ms,IPS,16:9,0
Pixio PX248 Wave,159.99,23.8,23.8,1920 x 1080,200 Hz,1 ms,IPS,16:9,0
Gigabyte M27Q2 QD,199.99,https://cdna.pcpartpicker.com/static/forever/images/product/0ce27b6f0805044b6d8e37ffc77edb5d.256p.jpg,"27.0""",2560 x 1440,210 Hz,1 ms,IPS,16:9,0
LG UltraGear OLED 39GX90SA-W,966.12,https://cdna.pcpartpicker.com/static/forever/images/product/03f3cdf9e33ed957fe5c73095d7525b5.256p.jpg,"39.0""",3440 x 1440,240 Hz,0.03 ms,WOLED Tandem,21:9,0
Asus ProArt PA279CRV,378,https://cdna.pcpartpicker.com/static/forever/images/product/711259ee7e3cdee34ffdd8e9f8dc7e70.256p.jpg,"27.0""",3840 x 2160,60 Hz,5 ms,IPS,16:9,0
Samsung Odyssey OLED G93SD,1227.3,https://cdna.pcpartpicker.com/static/forever/images/product/7d8e2cf37b341fbb7a1718c93d9812de.256p.jpg,"49.0""",5120 x 1440,240 Hz,0.03 ms,QD-OLED,32:9,0
Asus ROG Strix 5K XG27JCG,710.49,,"27.0""",5120 x 2880,180 Hz,0.3 ms,IPS,16:9,0
Dell Alienware AW3225DM,232.56,31.5,31.5,2560 x 1440,180 Hz,1 ms,VA,16:9,0
KTC H27S17,189.99,27,27.0,2560 x 1440,165 Hz,3 ms,VA,16:9,5
Acer Predator X39,799.99,39,39.0,3440 x 1440,240 Hz,0.01 ms,OLED,21:9,4.5
AOC U27G4R,189,https://cdna.pcpartpicker.com/static/forever/images/product/a3193aeafa74ba685f5a33083de03edf.256p.jpg,"27.0""",3840 x 2160,160 Hz,1 ms,IPS,16:9,0
LG UltraGear OLED 34GX90SA-W,793.13,https://cdna.pcpartpicker.com/static/forever/images/product/6752cadebdf21bde9fbd4a7ce67094d8.256p.jpg,"34.0""",3440 x 1440,240 Hz,0.03 ms,WOLED,21:9,0
MSI G272QPF E2,209.99,https://cdna.pcpartpicker.com/static/forever/images/product/ef3c84d7de1a0805cbf6f14fe39909f4.256p.jpg,27.0,2560 x 1440,180 Hz,1 ms,IPS,16:9,4.5
LG 27G850A-B,478.96,https://cdna.pcpartpicker.com/static/forever/images/product/9777db6f69cdc7a657138f4adcc4561d.256p.jpg,"27.0""",3840 x 2160,240 Hz,1 ms,IPS,16:9,5
HP HyperX OMEN OLED 27q,,https://cdna.pcpartpicker.com/static/forever/images/product/37d4e654e37526e20a50a513b5c05e0b.256p.jpg,"26.5""",2560 x 1439,240 Hz,0.03 ms,,2561:439,0
LG UltraGear evo 52G930B-B,1499.99,https://cdna.pcpartpicker.com/static/forever/images/product/4d630bef9de9a8df56c3720f9dded238.256p.jpg,"51.6""",5120 x 2160,240 Hz,1 ms,VA,64:27,0
MSI MAG 273QP QD-OLED X24,599.99,https://cdna.pcpartpicker.com/static/forever/images/product/8181ab923af36745ef56cc924b92da4d.256p.jpg,26.5,2560 x 1440,240 Hz,0.03 ms,QD-OLED,16:9,0
MSI MAG 271QPX QD-OLED E2,485.1,26.5,26.5,2560 x 1440,240 Hz,0.03 ms,QD-OLED,16:9,4.5
Philips Evnia 24M2N3201A/00,114,https://cdna.pcpartpicker.com/static/forever/images/product/d3a672ab8279ef8a923ab521fbe40cae.256p.jpg,"23.8""",1920 x 1080,180 Hz,1 ms,IPS,16:9,0
Dell Alienware AW2725D,485,https://cdna.pcpartpicker.com/static/forever/images/product/e85b94567927809259c50e712c4dac32.256p.jpg,"26.7""",2560 x 1440,280 Hz,0.03 ms,QD-OLED,16:9,0
Dell UltraSharp U2725QE,531,https://cdna.pcpartpicker.com/static/forever/images/product/0e57ef6fb4bc270dc8c8881ccf9f5e2d.256p.jpg,"27.0""",3840 x 2160,120 Hz,5 ms,IPS,16:9,0
Asus TUF Gaming VG27AQ1A,207,https://cdna.pcpartpicker.com/static/forever/images/product/5e024a5f7102e939f8d24280f6e58af1.256p.jpg,27.0,2560 x 1440,170 Hz,IPS,IPS,16:9,4.5
KTC H25X7,302.39,https://cdna.pcpartpicker.com/static/forever/images/product/5198d284d7ca8e7d05edb5167957d8a3.256p.jpg,24.5,1920 x 1080,400 Hz,IPS,IPS,16:9,0
Samsung Odyssey G7 G75F,506.84,https://cdna.pcpartpicker.com/static/forever/images/product/f509c322c0e5dafb1ae00e13457c28ce.256p.jpg,"37.0""",3840 x 2160,165 Hz,,,16:9,5
MSI MAG 346CQ,,https://cdna.pcpartpicker.com/static/forever/images/product/75ffddbe99f121e626b4eb18be87cba5.256p.jpg,"34.0""",3440 x 1440,180 Hz,,VA,21:9,4
AOC CU34G2XP/BK,197.1,https://cdna.pcpartpicker.com/static/forever/images/product/cccd4fa5a7d9cc206428edf9dba80cb9.256p.jpg,"34.0""",3440 x 1440,180 Hz,1 ms,VA,21:9,4.5
KOORUI 27E3QK,286,27,27.0,2560 x 1440,240 Hz,1 ms,IPS,16:9,5
Acer Predator X27U F5BMIIPPRUZX,,https://cdna.pcpartpicker.com/static/forever/images/product/8afe8e50fccf2e349196473595f8f01c.256p.jpg,"26.5""",2560 x 1440,500 Hz,0.03 ms,QD-OLED,16:9,0
Dell Alienware AW3426DW,,,"34.0""",3440 x 1440,280 Hz,0.03 ms,QD-OLED Tandem,21:9,0
Xiaomi Mi,,https://cdna.pcpartpicker.com/static/forever/images/product/cb22a29515a80a1ca592d3a3c1e08242.256p.jpg,"34.0""",3440 x 1440,144 Hz,4 ms,VA,21:9,5
MSI G274QPF,,https://cdna.pcpartpicker.com/static/forever/images/product/90ac12bb25927271e01db96ab11eb8b2.256p.jpg,"27.0""",2560 x 1440,170 Hz,1 ms,IPS,16:9,4
Acer VG271U M3bmiipx,159,https://cdna.pcpartpicker.com/static/forever/images/product/b3f3716a6a6008643deec4b430c5ab3a.256p.jpg,27.0,2560 x 1440,180 Hz,1 ms,IPS,16:9,4
Dell UltraSharp U2724D,289.97,https://cdna.pcpartpicker.com/static/forever/images/product/550c4f3dbf18ab2e604d6ba08583d33e.256p.jpg,27.0,2560 x 1440,120 Hz,IPS,IPS,16:9,4
Asus ROG Strix OLED XG34WCDG,602.94,,"34.0""",3440 x 1440,175 Hz,0.03 ms,QD-OLED,21:9,0
Samsung Odyssey G8,999,https://cdna.pcpartpicker.com/static/forever/images/product/f348744c0a0899d966fb9cdc4a09f020.256p.jpg,34.0,3440 x 1440,175 Hz,0.03 ms,QD-OLED,21:9,4.5
ViewSonic VX3276-4K-MHD,250.01,https://cdna.pcpartpicker.com/static/forever/images/product/06f8a3a9e861ca61c302ba939e7d73ff.256p.jpg,"31.5""",3840 x 2160,60 Hz,3 ms,VA,16:9,0
Asus ROG Strix XG27ACMG,418.88,,"27.0""",2560 x 1440,270 Hz,1 ms,IPS,16:9,0
KTC H27E22P,294.56,27,27.0,1920 x 1080,280 Hz,VA,VA,16:9,0
BenQ ZOWIE XL2411P,,24,24.0,1920 x 1080,144 Hz,1 ms,TN,16:9,4.5
Acer Nitro ‎KG271 M3biip,199.99,27,27.0,1920 x 1080,180 Hz,0.5 ms,IPS,16:9,5
Samsung Odyssey G5 C34G55T,279.99,https://cdna.pcpartpicker.com/static/forever/images/product/70d2b0098d35d1f6d27f98b67ab5cfdb.256p.jpg,34.0,3440 x 1440,165 Hz,VA,VA,21:9,4
Samsung C24F390,69.99,https://cdna.pcpartpicker.com/static/forever/images/product/3dd2cdfad48aba22d4f62e6022ef0c2c.256p.jpg,24.0,1920 x 1080,60 Hz,4 ms,VA,16:9,4.5
MSI MAG 275F,290.39,https://cdna.pcpartpicker.com/static/forever/images/product/96e1da40ce7b4a4e162045b0c7ad9b2d.256p.jpg,"27.0""",1920 x 1080,180 Hz,0.5 ms,IPS,16:9,5
Gigabyte G27Q,,https://cdna.pcpartpicker.com/static/forever/images/product/733712e75da1ade84876cab068d301af.256p.jpg,27.0,2560 x 1440,144 Hz,IPS,IPS,16:9,4.5
Asus ROG Strix XG32WCS,292,https://cdna.pcpartpicker.com/static/forever/images/product/21bd5b9a3f8f559b4f8720f401cc7116.256p.jpg,"31.5""",2560 x 1440,180 Hz,1 ms,VA,16:9,5
Samsung Odyssey G55T,,https://cdna.pcpartpicker.com/static/forever/images/product/70d2b0098d35d1f6d27f98b67ab5cfdb.256p.jpg,"27.0""",2560 x 1440,144 Hz,,VA,16:9,4
MSI MPG 274URDFW E16M,448.99,https://cdna.pcpartpicker.com/static/forever/images/product/8fe642283f0d8415958d089de6b08b6d.256p.jpg,"27.0""",3840 x 2160,160 Hz,0.5 ms,IPS Mini LED,16:9,0
AOC AGON Pro AG326UD,468.99,https://cdna.pcpartpicker.com/static/forever/images/product/db3cfbbf3bfa062b9e852769cd03eb39.256p.jpg,"31.5""",3840 x 2160,165 Hz,0.03 ms,QD-OLED,16:9,5
MSI MAG 274UPDF E16M,398.99,https://cdna.pcpartpicker.com/static/forever/images/product/3dd757dbec1fb4a61900d98f9eb74991.256p.jpg,"27.0""",3840 x 2160,160 Hz,0.5 ms,IPS Mini LED,16:9,0
KOORUI 34E6UC,431.28,https://cdna.pcpartpicker.com/static/forever/images/product/27933ddc27bccfcead2e9cbebc027c71.256p.jpg,34.0,3440 x 1440,165 Hz,VA,VA,21:9,4.5
Asus VA27EHF,139,https://cdna.pcpartpicker.com/static/forever/images/product/c0812358de6018aa717b4a6e1640bcef.256p.jpg,27.0,1920 x 1080,100 Hz,IPS,IPS,16:9,5
Samsung Odyssey G9 G95C,799.99,https://cdna.pcpartpicker.com/static/forever/images/product/bfeb336f0fa6819de826b1298c306152.256p.jpg,49.0,5120 x 1440,240 Hz,1 ms,VA,32:9,5
Samsung S22A450BW-1,81.84,22,22.0,1680 x 1050,5,5 ms,16:10,16:10,0
LG 27GL83A-B,242,27,27.0,2560 x 1440,144 Hz,1 ms,IPS,16:9,4.5
AOC 27G4XE,189.49,https://cdna.pcpartpicker.com/static/forever/images/product/01e78f23a41e7711b623ce0664c11a1a.256p.jpg,"27.0""",1980 x 1080,180 Hz,0.5 ms,IPS,11:6,5
ASRock PG27QFW2A,,https://cdna.pcpartpicker.com/static/forever/images/product/e7255c0797a7bf33948b80caab0665d9.256p.jpg,"27.0""",2560 x 1440,400 Hz,1 ms,IPS,16:9,0
MSI MAG 274CQF,215.48,https://cdna.pcpartpicker.com/static/forever/images/product/1363f9a268ad99101aa662d74332d185.256p.jpg,"27.0""",2560 x 1440,180 Hz,0.5 ms,VA,16:9,5
Sceptre E275W-1920,98.96,https://cdna.pcpartpicker.com/static/forever/images/product/d0d9dd29726b5e2699994a5c2e27220c.med.256p.jpg,27.0,1920 x 1080,60 Hz,5 ms,16:9,16:9,4
LG UltraGear 34GP950G-B,1810.45,34,34.0,3440 x 1440,180 Hz,1 ms,IPS,21:9,4.5
KTC H32S25E,289.99,32,32.0,2560 x 1440,240 Hz,VA,VA,16:9,0
AOC CQ27G4X,234.99,https://cdna.pcpartpicker.com/static/forever/images/product/37a78933386fa2911dab38f011835d12.256p.jpg,27.0,2560 x 1440,180 Hz,1 ms,VA,16:9,5
KTC M27T6,,https://cdna.pcpartpicker.com/static/forever/images/product/bec4bbac7759dc1ab1969ff378b7594c.256p.jpg,"27.0""",2560 x 1440,180 Hz,,HVA Mini-LED,16:9,0
Dell Alienware AW2524HF,445.81,https://cdna.pcpartpicker.com/static/forever/images/product/75dc0e5ba993bbdbf9ebf37012ddce68.256p.jpg,"24.5""",1920 x 1080,500 Hz,0.5 ms,IPS,16:9,4.5
MSI MAG 242C,119.99,23.6,23.6,1920 x 1080,180 Hz,VA,VA,16:9,0
ViewEra V158HB,211.41,https://cdna.pcpartpicker.com/static/forever/images/product/cb0356da21690fac55d3298c74443e04.256p.jpg,15.0,1024 x 768,60 Hz,8 ms,TN,4:3,1
Gigabyte MO27Q3,498.97,https://cdna.pcpartpicker.com/static/forever/images/product/2a7c300182fdb8797245096c1d83ca8f.256p.jpg,"27.0""",2560 x 1440,360 Hz,0.03 ms,QD-OLED,16:9,0
Asus ROG Swift PG32UQX,1795,https://cdna.pcpartpicker.com/static/forever/images/product/c749f9fcca892140eaf9f425b5073083.256p.jpg,32.0,3840 x 2160,144 Hz,4 ms,IPS,16:9,0
MSI MAG 274CXF,148.97,https://cdna.pcpartpicker.com/static/forever/images/product/f631c2b881b2e1acf1b42584ac054e6a.256p.jpg,"27.0""",1920 x 1080,280 Hz,0.5 ms,VA,16:9,0
Samsung Odyssey G65B,344.89,https://cdna.pcpartpicker.com/static/forever/images/product/db6760f7dad31da41b81f4340d1636ae.256p.jpg,"32.0""",2560 x 1440,240 Hz,1 ms,VA,16:9,4
Asus ROG Swift Pro PG248QP,998.99,24.1,24.1,1920 x 1080,540 Hz,0.2 ms,TN,16:9,5
Lenovo Legion Y25-25,389.93,https://cdna.pcpartpicker.com/static/forever/images/product/ab9dde3625a20b9d6e5f3a8ab25b74b0.256p.jpg,24.5,1920 x 1080,240 Hz,IPS,IPS,16:9,5
LG UltraGear OLED 34GX900A-B,,https://cdna.pcpartpicker.com/static/forever/images/product/33cdf1d234b93361c7961b203ca38446.256p.jpg,"34.0""",3440 x 1440,240 Hz,0.03 ms,WOLED Tandem,21:9,0
Philips 241V8LB,89.99,https://cdna.pcpartpicker.com/static/forever/images/product/5cd55cf18a8c8a8d2c6efeb4234ff898.256p.jpg,23.8,1920 x 1080,100 Hz,4 ms,VA,16:9,0
MSI MAG 27CQ6PF,205,https://cdna.pcpartpicker.com/static/forever/images/product/bba093e39792c619b8a04781ef7ed34c.256p.jpg,"27.0""",2560 x 1440,180 Hz,0.5 ms,VA,16:9,5
MSI G244F,,23.8,23.8,1920 x 1080,170 Hz,1 ms,IPS,16:9,5
AOC Q27G4ZD,418.97,https://cdna.pcpartpicker.com/static/forever/images/product/bb1bcf3635537180d4f5cba8a4f5f619.256p.jpg,"26.5""",2560 x 1440,240 Hz,0.03 ms,QD-OLED,16:9,0
Dell G2725D,199.99,https://cdna.pcpartpicker.com/static/forever/images/product/634bf19ed0041f681ffa31b40c252fe2.256p.jpg,"27.0""",2560 x 1440,180 Hz,1 ms,IPS,16:9,5
TCL 27G64,,https://cdna.pcpartpicker.com/static/forever/images/product/8a9f127dc4a25030aafc3f19b2745cc9.256p.jpg,"27.0""",2560 x 1440,180 Hz,1 ms,VA QD-Mini LED,16:9,5
Acer Nitro XV270U F4bmiiprx,,https://cdna.pcpartpicker.com/static/forever/images/product/c64abc9f0afecb82d8f6da453babb685.256p.jpg,"27.0""",2560 x 1440,400 Hz,0.5 ms,,16:9,0
Asus ProArt Display PA248QV,191.25,https://cdna.pcpartpicker.com/static/forever/images/product/676d1693de7a9898de2d1ea20372bd1c.256p.jpg,"24.1""",1920 x 1200,75 Hz,5 ms,IPS,16:10,5
Asus ROG Strix XG259QNS,298,https://cdna.pcpartpicker.com/static/forever/images/product/5b21537ea2cd1d38b95f60291e5653fc.256p.jpg,"24.5""",1920 x 1080,380 Hz,0.3 ms,IPS,16:9,0
HP OMEN 27q,209.99,https://cdna.pcpartpicker.com/static/forever/images/product/35d117ecba88af7b120480a764fc1e12.256p.jpg,27.0,2560 x 1440,165 Hz,1 ms,IPS,16:9,4.5
KTC M27P6,,https://cdna.pcpartpicker.com/static/forever/images/product/432ff586afc83b5ebb20610628379910.256p.jpg,"27.0""",3840 x 2160,160 Hz,,IPS Mini LED,16:9,0
LG UltraFine 27US550-W,204.61,https://cdna.pcpartpicker.com/static/forever/images/product/76d585f619e5a3d5ad49f481a148b451.256p.jpg,"27.0""",3840 x 2160,60 Hz,5 ms,IPS,16:9,5
Lenovo Legion Pro 34WD-10,1211.72,https://cdna.pcpartpicker.com/static/forever/images/product/7eb3d3532caaf114cb7d2e999daf0850.256p.jpg,"34.0""",3440 x 1440,240 Hz,0.3 ms,OLED,21:9,0
KTC H27T22,,27,27.0,2560 x 1440,165 Hz,1 ms,IPS,16:9,4.5
Dell Alienware AW3425DWM,259.97,34,34.0,3440 x 1440,180 Hz,1 ms,VA,21:9,5
Samsung ViewFinity S50GC,321.52,https://cdna.pcpartpicker.com/static/forever/images/product/db357313f3f2e4d8a794cd2c1dd6e6a1.256p.jpg,34.0,3440 x 1440,100 Hz,5 ms,VA,21:9,4.5
Asus ROG Strix XG27AQMR,620.86,https://cdna.pcpartpicker.com/static/forever/images/product/c51433ada269d982ab4732cc506ea58b.256p.jpg,"27.0""",2560 x 1440,300 Hz,1 ms,IPS,16:9,5
Acer Nitro VG252Q P,,24.5,24.5,1920 x 1080,144 Hz,IPS,IPS,16:9,5
MSI MAG 274QF,168.95,https://cdna.pcpartpicker.com/static/forever/images/product/58c88e9b637d82749f390b499b66102f.256p.jpg,"27.0""",2560 x 1440,180 Hz,0.5 ms,IPS,16:9,0
LG UltraGear evo AI GM9 27GM950B-B,,https://cdna.pcpartpicker.com/static/forever/images/product/9e32e72b288305c59f764ab4d302f2b4.256p.jpg,"27.0""",5120 x 2880,165 Hz,1 ms,IPS Mini LED,16:9,0
Gigabyte M32U,729.99,https://cdna.pcpartpicker.com/static/forever/images/product/e9fea66d4297ba3fa06f45cfeea632c6.256p.jpg,31.5,3840 x 2160,144 Hz,IPS,IPS,16:9,4.5
Dell S2721DGF,,27,27.0,2560 x 1440,165 Hz,1 ms,IPS,16:9,4.5
ASRock Phantom Gaming OLED PGO27QFS,363.94,https://cdna.pcpartpicker.com/static/forever/images/product/acd74569dadc5c2bce60dca5a14007d4.256p.jpg,"27.0""",2560 x 1440,240 Hz,0.03 ms,WOLED,16:9,0
ViewSonic VX2758A-2K-PRO-2,227.15,https://cdna.pcpartpicker.com/static/forever/images/product/b58c27c10842f780731f3f98ea9338cb.256p.jpg,"27.0""",2560 x 1440,185 Hz,,IPS,16:9,0
MSI MAG 274QRF QD E2,249.99,https://cdna.pcpartpicker.com/static/forever/images/product/8ccadd67af78cd7e5b8d3996a5ecf64c.256p.jpg,27.0,2560 x 1440,180 Hz,1 ms,IPS,16:9,5
MSI PRO MP223 E2,53.95,https://cdna.pcpartpicker.com/static/forever/images/product/060e222c360e17b4ecad950111331052.256p.jpg,"21.4""",1920 x 1080,100 Hz,4 ms,VA,16:9,0
LG UltraGear OLED 45GX900A-B,,https://cdna.pcpartpicker.com/static/forever/images/product/22811aef981abab19d3bf697e278abae.256p.jpg,"45.0""",3440 x 1440,240 Hz,0.03 ms,WOLED Tandem,21:9,0
BenQ ZOWIE XL2540K,258.97,https://cdna.pcpartpicker.com/static/forever/images/product/35ce9f8f7d0a0d6db4ad3f4ae36ceabb.256p.jpg,24.5,1920 x 1080,240 Hz,TN,TN,16:9,0
MSI PRO MP253,104.99,https://cdna.pcpartpicker.com/static/forever/images/product/4c7c1efca4dd43aa738cc44b92c01fa4.256p.jpg,24.5,1920 x 1080,100 Hz,4 ms,IPS,16:9,0
Sceptre C248W-1920RN,87.97,https://cdna.pcpartpicker.com/static/forever/images/product/b232ef15e39703cec7ebed664abd2de7.256p.jpg,23.6,1920 x 1080,75 Hz,5 ms,VA,16:9,3.5
LG 32GQ850-B,899.99,https://cdna.pcpartpicker.com/static/forever/images/product/946441a6075b182b741f5e391376c440.256p.jpg,32.0,2560 x 1440,240 Hz,1 ms,IPS,16:9,0
ViewSonic XG2736-2K,365.37,,"27.0""",2560 x 1440,240 Hz,2 ms,IPS,16:9,0
Asus ProArt Display PA278CGV,309,https://cdna.pcpartpicker.com/static/forever/images/product/8792c8f269206ea0720cfd5b6686e689.256p.jpg,"27.0""",2560 x 1440,144 Hz,5 ms,IPS,16:9,0
Asus ROG Strix XG27WCMS,,,"27.0""",2560 x 1440,280 Hz,1 ms,VA,16:9,0
Asus TUF GAMING VG259QM,229,https://cdna.pcpartpicker.com/static/forever/images/product/4a15d08226d960b85040c9a8e9d00406.256p.jpg,24.5,1920 x 1080,280 Hz,1 ms,IPS,16:9,4.5
HP OMEN 32 Transcend,899.99,https://cdna.pcpartpicker.com/static/forever/images/product/a500030cfd6171b0bfa504d59728389f.256p.jpg,31.5,3840 x 2160,240 Hz,0.03 ms,QD-OLED,16:9,5
HP OMEN 24,129.99,https://cdna.pcpartpicker.com/static/forever/images/product/8745ae45c253d9c429ab40a092b9f770.256p.jpg,23.8,1920 x 1080,165 Hz,1 ms,IPS,16:9,5
Samsung LU32J590UQNXZA,199.99,https://cdna.pcpartpicker.com/static/forever/images/product/2f9b2f2f767b1be5c3055a299efa5997.256p.jpg,32.0,3840 x 2160,60 Hz,4 ms,VA,16:9,4.5
Dell Alienware AW3423DW,749.95,34.2,34.2,3440 x 1440,175 Hz,0.1 ms,QD-OLED,21:9,4.5
MSI Modern MD342CQPW,305.92,https://cdna.pcpartpicker.com/static/forever/images/product/ff951ce6f5324fad4245900a722af87a.256p.jpg,"34.0""",3440 x 1440,120 Hz,4 ms,VA,21:9,0
Sceptre C275W-1920RN,99.97,https://cdna.pcpartpicker.com/static/forever/images/product/4b571feb4e89b3f6a50c03977493cb43.256p.jpg,27.0,1920 x 1080,75 Hz,8 ms,VA,16:9,4
AOC Agon PRO AG346UCD,549.85,https://cdna.pcpartpicker.com/static/forever/images/product/668e5ce34ca6e987c4abf93c038067e9.256p.jpg,"34.0""",3440 x 1440,175 Hz,0.03 ms,QD-OLED,21:9,0
MSI Optix G32C4W,205,https://cdna.pcpartpicker.com/static/forever/images/product/64de2753deea097c770bd047dbfa7212.256p.jpg,31.5,1920 x 1080,165 Hz,VA,VA,16:9,0
AOC AGON Pro AG276UZD,499,https://cdna.pcpartpicker.com/static/forever/images/product/cb6951e65554890222771543320f6d93.256p.jpg,"26.5""",3840 x 2160,240 Hz,0.03 ms,QD-OLED,16:9,0
Dell Alienware AW2724DM,209,27,27.0,2560 x 1440,165 Hz,1 ms,IPS,16:9,4.5
AOC Q27G4X,,https://cdna.pcpartpicker.com/static/forever/images/product/d0de3c5b06ebc0f1a1c67b3725c02488.256p.jpg,"27.0""",2560 x 1440,180 Hz,1 ms,IPS,16:9,5
MSI MAG 321UP QD-OLED,799.99,https://cdna.pcpartpicker.com/static/forever/images/product/b38c8c7f6ae836f12489f2d6c23b25c1.256p.jpg,"31.5""",3840 x 2160,165 Hz,0.03 ms,QD-OLED,16:9,0
KTC H27T22S,,27,27.0,2560 x 1440,180 Hz,1 ms,IPS,16:9,4
Sceptre C305B-200UN,167.97,https://cdna.pcpartpicker.com/static/forever/images/product/5cfb610e330ac59f5726d8d8cc89e629.256p.jpg,30.0,2560 x 1080,200 Hz,5 ms,VA,21:9,4.5
BenQ Zowie XL2566K,944,https://cdna.pcpartpicker.com/static/forever/images/product/1667868670ceb2967edccbdb8314d0fe.256p.jpg,24.5,1920 x 1080,360 Hz,TN,TN,16:9,5
Samsung Odyssey OLED G91SD,1114.35,https://cdna.pcpartpicker.com/static/forever/images/product/e0bd26513552fa42467efc60f7b49463.256p.jpg,"49.0""",5120 x 1440,144 Hz,0.03 ms,QD-OLED,32:9,0
Gigabyte GS27FC,99.99,https://cdna.pcpartpicker.com/static/forever/images/product/63421ea703b2bee7c5faa4866fc787ab.256p.jpg,27.0,1920 x 1080,180 Hz,VA,VA,16:9,0
LG UltraGear OLED 39GS95QE-W,,39,39.0,3440 x 1440,240 Hz,0.03 ms,OLED,21:9,0
KOORUI S2741LM,,,"27.0""",3840 x 2160,160 Hz,,IPS QD-Mini LED,16:9,0
Titan Army P2510S PLUS,,,"24.5""",2560 x 1440,240 Hz,1 ms,IPS,16:9,0
KTC H32S5,,https://cdna.pcpartpicker.com/static/forever/images/product/9b4c0b6e6f91a5e843bcc723f87d0bf2.256p.jpg,"31.5""",2560 x 1440,185 Hz,1 ms,HVA,16:9,0
Asus ProArt Display PA279CV,309.99,https://cdna.pcpartpicker.com/static/forever/images/product/839820adeaeabcaa741a5b52afb591ee.256p.jpg,"27.0""",3840 x 2160,60 Hz,5 ms,IPS,16:9,0
Lenovo Legion R24e,305.36,,"23.8""",1920 x 1080,180 Hz,,IPS,16:9,0
iiyama G-Master GB2771QSU-B1,146.94,https://cdna.pcpartpicker.com/static/forever/images/product/8e2dd04d30f2c4a093aa954023e1cb52.256p.jpg,"27.0""",2560 x 1440,200 Hz,,IPS,16:9,0
Samsung Odyssey G70F,,https://cdna.pcpartpicker.com/static/forever/images/product/88226d38c0ab2324a8e3edaa9a68317a.256p.jpg,"27.0""",3840 x 2160,180 Hz,1 ms,IPS,16:9,0
Gigabyte GS27FA,,https://cdna.pcpartpicker.com/static/forever/images/product/e496d4d71a20517c2a134d07fd9834ec.256p.jpg,27.0,1920 x 1080,190 Hz,IPS,IPS,16:9,0
Asus TUF Gaming VG249Q1A,177.85,https://cdna.pcpartpicker.com/static/forever/images/product/ce63ce6eb277cd2268bc6d85acb15b07.256p.jpg,23.8,1920 x 1080,165 Hz,IPS,IPS,16:9,4.5
Asus TUF Gaming VG27VQM,360.99,https://cdna.pcpartpicker.com/static/forever/images/product/69473239ee883ff71af067971748978e.256p.jpg,27.0,1920 x 1080,240 Hz,VA,VA,16:9,5
Corsair XENEON 27QHD240,1082.63,https://cdna.pcpartpicker.com/static/forever/images/product/f5227f02fbfdfc909ea2a71431bed0c3.256p.jpg,27.0,2560 x 1440,240 Hz,0.03 ms,OLED,16:9,0
LG 22MP55HQ-P,,22,22.0,1920 x 1080,60 Hz,5 ms,IPS,16:9,4
AOC C24G1,298.98,https://cdna.pcpartpicker.com/static/forever/images/product/89a955b37b4e994cd85609627ffe00c6.256p.jpg,24.0,1920 x 1080,144 Hz,1 ms,VA,16:9,4.5
Philips Evnia 5000 32M2C5501,153.94,https://cdna.pcpartpicker.com/static/forever/images/product/b7a1fffeee1c6329683d258575960620.256p.jpg,"31.5""",2560 x 1440,180 Hz,1 ms,VA,16:9,5
Asus ROG Strix XG256Q,173.13,https://cdna.pcpartpicker.com/static/forever/images/product/737fc44b205ee604b2203239f1eca7b1.256p.jpg,24.5,1920 x 1080,180 Hz,1 ms,IPS,16:9,0
AOC 24G2SP,,https://cdna.pcpartpicker.com/static/forever/images/product/d855245da46f85e541c267c2f1f4fdcd.256p.jpg,23.8,1920 x 1080,165 Hz,IPS,IPS,16:9,4.5
MSI MAG 275QPF X30,,,"27.0""",2560 x 1440,300 Hz,0.5 ms,IPS,16:9,5
LG UltraGear GX8 32GX850A-B,668.06,https://cdna.pcpartpicker.com/static/forever/images/product/304265f992f8b2e49512f902e366a3cf.256p.jpg,"31.5""",3840 x 2160,165 Hz,0.03 ms,WOLED,16:9,0
Acer Predator X27U Z1bmiiprx,,https://cdna.pcpartpicker.com/static/forever/images/product/d95c3f7c69233b8b8b031d33cd627d8c.256p.jpg,"26.5""",2560 x 1440,280 Hz,0.03 ms,QD-OLED,16:9,0
Gigabyte M27Q-X,279.99,https://cdna.pcpartpicker.com/static/forever/images/product/612fd94f94b440e7aed0cf57479d645b.256p.jpg,27.0,2560 x 1440,240 Hz,1 ms,IPS,16:9,4.5
Asus ROG Strix XG32UCG,,https://cdna.pcpartpicker.com/static/forever/images/product/8b2a4275f5e109c6efa5457c6feeaa0a.256p.jpg,"31.5""",3840 x 2160,160 Hz,1 ms,IPS,16:9,0
Gigabyte AORUS CO49DQ,829,https://cdna.pcpartpicker.com/static/forever/images/product/531f88cb29d1b4961fa56e443b40fc1e.256p.jpg,"49.0""",5120 x 1440,144 Hz,0.03 ms,OLED,32:9,5
MSI MAG 271QP QD-OLED X24,674.01,https://cdna.pcpartpicker.com/static/forever/images/product/31a5e3eb6b12050e896dc290d23a8dc2.256p.jpg,"26.5""",2560 x 1440,240 Hz,0.03 ms,QD-OLED,16:9,0
MSI G274QPF-QD,219.99,https://cdna.pcpartpicker.com/static/forever/images/product/012398488d4f79e42575a0e294064ca9.256p.jpg,27.0,2560 x 1440,170 Hz,1 ms,IPS,16:9,5
Acer VG271U Pbmiipx,269.99,https://cdna.pcpartpicker.com/static/forever/images/product/cd23ef5b99c8a9f2f725365c76a0bf56.256p.jpg,27.0,2560 x 1440,144 Hz,1 ms,IPS,16:9,4.5
Asus TUF Gaming VG279QM1A,229,https://cdna.pcpartpicker.com/static/forever/images/product/1eca816d78565a26354c3aefeda942c6.256p.jpg,27.0,1920 x 1080,280 Hz,1 ms,IPS,16:9,0
Asus VA24EHF,109,https://cdna.pcpartpicker.com/static/forever/images/product/c0812358de6018aa717b4a6e1640bcef.256p.jpg,23.8,1920 x 1080,100 Hz,IPS,IPS,16:9,4
AOC 27G2,,https://cdna.pcpartpicker.com/static/forever/images/product/b7be79f3138ca4f6deaf8c68bd0a2096.256p.jpg,27.0,1920 x 1080,144 Hz,IPS,IPS,16:9,4.5
Gigabyte MO34WQC2,601.16,https://cdna.pcpartpicker.com/static/forever/images/product/24ea06e9c9d2191e3d31d0eeada608af.256p.jpg,"34.0""",3440 x 1440,240 Hz,0.03 ms,QD-OLED,21:9,5
Samsung Odyssey G70B,799.99,https://cdna.pcpartpicker.com/static/forever/images/product/bc31c5d5b3a96e9b0335e900a31b75b9.256p.jpg,32.0,3840 x 2160,144 Hz,1 ms,IPS,16:9,5
LG UltraGear 34GP63A-B,349.99,34,34.0,3440 x 1440,160 Hz,5 ms,VA,21:9,5
Asus TUF Gaming VG27AQL3A,299,https://cdna.pcpartpicker.com/static/forever/images/product/7f648127acd04c49c37bb1f15ce0595d.256p.jpg,"27.0""",2560 x 1440,180 Hz,1 ms,IPS,16:9,4
Asus TUF Gaming VG249QM1A,224.24,https://cdna.pcpartpicker.com/static/forever/images/product/8069fa390b9d9679d06be9a2861bcd0c.256p.jpg,"23.8""",1920 x 1080,270 Hz,1 ms,IPS,16:9,5
Philips 241E1SCA/00,133.31,https://cdna.pcpartpicker.com/static/forever/images/product/8d2e09c42c5cb9b27dde44c97bdda3b5.256p.jpg,"23.6""",1920 x 1080,75 Hz,4 ms,VA,16:9,0
AOC 24G4X,,https://cdna.pcpartpicker.com/static/forever/images/product/964408fd766b3d208c4a375ab209f903.256p.jpg,"23.8""",1920 x 1080,180 Hz,1 ms,IPS,16:9,4.5
Philips Evnia 34M2C6500,548.99,https://cdna.pcpartpicker.com/static/forever/images/product/b3d5d37a1bb5a113a36257243f82655d.256p.jpg,"34.0""",3440 x 1440,175 Hz,0.03 ms,QD-OLED,21:9,5
Asus ROG Strix XG27UCS,293.99,https://cdna.pcpartpicker.com/static/forever/images/product/43f0ba79e813c116cff3e6cf9b01850a.256p.jpg,"27.0""",3840 x 2160,160 Hz,1 ms,IPS,16:9,0
LG UltraGear 32GR93U-B,588,https://cdna.pcpartpicker.com/static/forever/images/product/168b91d958b6f5342fda160aebcb2f40.256p.jpg,32.0,3840 x 2160,144 Hz,1 ms,IPS,16:9,5
Samsung Odyssey G60F,,https://cdna.pcpartpicker.com/static/forever/images/product/330a3e6a6ed30e0b7342cc92d1f538a4.256p.jpg,"27.0""",2560 x 1440,350 Hz,1 ms,IPS,16:9,0
AOC Q27G4XN,,https://cdna.pcpartpicker.com/static/forever/images/product/4144ef9f32547feb27da1fdc3e097450.256p.jpg,"27.0""",2560 x 1440,180 Hz,1 ms,VA,16:9,5
ViewSonic VP3256-4K,469.99,https://cdna.pcpartpicker.com/static/forever/images/product/2af717289f0905121fc9d6308324e862.256p.jpg,32.0,3840 x 2160,5,5 ms,IPS,16:9,4
Dell UltraSharp U4025QW,1399.98,https://cdna.pcpartpicker.com/static/forever/images/product/1a180aec3aeb0f0c844a3834797c8373.256p.jpg,"39.7""",5120 x 2160,120 Hz,5 ms,IPS,64:27,0
Asus VG32VQ1B,269,https://cdna.pcpartpicker.com/static/forever/images/product/25a8bc8d4d054a38d1fd696c838594aa.256p.jpg,31.5,2560 x 1440,165 Hz,VA,VA,16:9,3.5
Acer V226HQL H,108,https://cdna.pcpartpicker.com/static/forever/images/product/e10f00b5b513bd603ec51ee454ceb6f7.256p.jpg,21.5,1920 x 1080,100 Hz,4 ms,VA,16:9,0
ASRock Phantom Gaming OLED PGO32UFS,748.99,https://cdna.pcpartpicker.com/static/forever/images/product/2b0952c33e7c5154db009865ca76f875.256p.jpg,"31.5""",3840 x 2160,240 Hz,0.03 ms,WOLED,16:9,0
Asus TUF Gaming VG32AQA1A,266.51,https://cdna.pcpartpicker.com/static/forever/images/product/03237eb1da33ef04398be50de9f678f1.256p.jpg,31.5,2560 x 1440,170 Hz,VA,VA,16:9,0
Gigabyte GS27Q X,,https://cdna.pcpartpicker.com/static/forever/images/product/aae2c147707632245e276977bfa698aa.256p.jpg,27.0,2560 x 1440,250 Hz,IPS,IPS,16:9,0
ViewSonic VA1903H,61.95,https://cdna.pcpartpicker.com/static/forever/images/product/3b05b8e47da7c1f9175b79597af0ffc1.256p.jpg,18.5,1366 x 768,60 Hz,5 ms,TN,16:9,5
Asus ROG Swift OLED PG39WCDM,1029.99,https://cdna.pcpartpicker.com/static/forever/images/product/a7d9a4d39c3e7e7b8e0415b4eb3f62a4.256p.jpg,39.0,3440 x 1440,240 Hz,0.03 ms,WOLED,21:9,4
Dell Alienware AW2725QF,364.66,27,27.0,3840 x 2160,180 Hz,0.5 ms,IPS,16:9,0
Dell Alienware AW2521HF,595,24.5,24.5,1920 x 1080,240 Hz,1 ms,IPS,16:9,4.5
AOC 27G2Z,,https://cdna.pcpartpicker.com/static/forever/images/product/fd8230546e444c002c9a64218f6a1330.256p.jpg,27.0,1920 x 1080,240 Hz,IPS,IPS,16:9,0
ASRock PGO27QSA,,https://cdna.pcpartpicker.com/static/forever/images/product/0e1dec5562666f4a631397cd8fd2d1e4.256p.jpg,"27.0""",2560 x 1440,240 Hz,0.03 ms,QD-OLED,16:9,0
LG 27GN800-B,269,https://cdna.pcpartpicker.com/static/forever/images/product/cee9ad73f441215aca17a2d8fced1aa1.256p.jpg,27.0,2560 x 1440,144 Hz,1 ms,IPS,16:9,4.5
MSI Pro MP241X,89.99,https://cdna.pcpartpicker.com/static/forever/images/product/6c94a840bc3f6ecef2769e5c8ec7c432.256p.jpg,23.8,1920 x 1080,75 Hz,4 ms,VA,16:9,4.5
Gigabyte M27Q-P,,https://cdna.pcpartpicker.com/static/forever/images/product/e67d7e0029c915be0304f155285dcfae.256p.jpg,"27.0""",2560 x 1440,170 Hz,1 ms,IPS,16:9,4.5
LG UltraFine evo,1390.73,https://cdna.pcpartpicker.com/static/forever/images/product/8e1803f8c40354dad52dc105263cc57a.256p.jpg,"32.0""",6144 x 3456,60 Hz,5 ms,Nano IPS,16:9,0
ASRock PG27FFT1B,116.67,https://cdna.pcpartpicker.com/static/forever/images/product/2d0419d2f29bdfee13165c9dcbdfbfa1.256p.jpg,27.0,1920 x 1080,180 Hz,IPS,IPS,16:9,0
Asus TUF GAMING VG277Q1A,189,https://cdna.pcpartpicker.com/static/forever/images/product/2cf668a035450860b84294c055ef0837.256p.jpg,27.0,1920 x 1080,165 Hz,VA,VA,16:9,5
Acer SB220Q bi,221.89,21.5,21.5,1920 x 1080,75 Hz,4 ms,IPS,16:9,4
MSI G244F E2,109.99,https://cdna.pcpartpicker.com/static/forever/images/product/8c4dd7377bede88e77c79c5103ba356e.256p.jpg,23.8,1920 x 1080,180 Hz,1 ms,IPS,16:9,0
Samsung Essential S33GC,,27,27.0,1920 x 1080,100 Hz,4 ms,IPS,16:9,0
Dell S2725QC,306,https://cdna.pcpartpicker.com/static/forever/images/product/2826f5212a4df4210c8dc7676ca9c0a8.256p.jpg,"27.0""",3840 x 2160,120 Hz,4 ms,IPS,16:9,5
Samsung Odyssey Neo G75NB,598.9,32,32.0,3840 x 2160,165 Hz,1 ms,VA Mini LED,16:9,0
Asus TUF Gaming VG249Q3R,,https://cdna.pcpartpicker.com/static/forever/images/product/653172db7154e35675c494da72c72b65.256p.jpg,"23.8""",1920 x 1080,180 Hz,1 ms,IPS,16:9,5
LG UltraGear ‎27GN650-B,299.99,https://cdna.pcpartpicker.com/static/forever/images/product/4e4f2fea7d38f82ab57ed102e965068e.256p.jpg,27.0,1920 x 1080,144 Hz,1 ms,IPS,16:9,5
KOORUI S2721PM,,,"27.0""",2560 x 1440,200 Hz,1 ms,IPS QD-Mini LED,16:9,0
Samsung Odyssey Neo G70NC,569.99,https://cdna.pcpartpicker.com/static/forever/images/product/ec1d66c78811e3af60adaabb8cfebdd1.256p.jpg,43.0,3840 x 2160,144 Hz,Mini LED VA,VA Mini LED,16:9,0
MSI Optix MAG342CQR,395.12,https://cdna.pcpartpicker.com/static/forever/images/product/af314b26eb9c2547f60d154349794f72.256p.jpg,34.0,3440 x 1440,144 Hz,VA,VA,21:9,4
Gigabyte G24F 2,249.95,https://cdna.pcpartpicker.com/static/forever/images/product/22fdcccdc4f3c5039d30914fb4acae36.256p.jpg,23.8,1920 x 1080,180 Hz,IPS,IPS,16:9,4.5
BenQ Zowie XL2546K,,https://cdna.pcpartpicker.com/static/forever/images/product/683a1e578f46379a1f3d18356601275d.256p.jpg,24.5,1920 x 1080,240 Hz,TN,TN,16:9,5
Asus ProArt Display PA32UCXR,2749,https://cdna.pcpartpicker.com/static/forever/images/product/38456f3de5a638bca99e1bdf057888d9.256p.jpg,"32.0""",3840 x 2160,60 Hz,5 ms,IPS,16:9,0
Dell S2522HG,336.99,https://cdna.pcpartpicker.com/static/forever/images/product/0e0a67d72fdd4d79c18d9edd25bf8a5d.256p.jpg,24.5,1920 x 1080,240 Hz,1 ms,IPS,16:9,5
Dell S3222DGM,312,31.5,31.5,2560 x 1440,165 Hz,2 ms,VA,16:9,4.5
HP OMEN 27QS,349.99,https://cdna.pcpartpicker.com/static/forever/images/product/cd4803e37a6cb7bb186d3cdabd9597db.256p.jpg,27.0,2560 x 1440,240 Hz,1 ms,IPS,16:9,4
Dell AW2723DF,439.99,27,27.0,2560 x 1440,240 Hz,1 ms,IPS,16:9,4.5
Samsung Odyssey G9 G91F DQHD,764.96,https://cdna.pcpartpicker.com/static/forever/images/product/2459c5e53441aeb59a4cd191f03d3baf.256p.jpg,49.0,5120 x 1440,144 Hz,1 ms,VA,32:9,0
LG 24MR400-B,96,https://cdna.pcpartpicker.com/static/forever/images/product/401ded619278efffb3eb22a19380487d.256p.jpg,23.8,1920 x 1080,100 Hz,5 ms,IPS,16:9,4
LG UltraGear OLED 39GX900A-B,,https://cdna.pcpartpicker.com/static/forever/images/product/3dc7880376f7f4dd63ea441e570b41a0.256p.jpg,"39.0""",3440 x 1440,240 Hz,0.03 ms,WOLED Tandem,21:9,0
Gigabyte MO27Q2,599.99,https://cdna.pcpartpicker.com/static/forever/images/product/776f4fcd9dfacb39ce58c01ab53cda65.256p.jpg,27.0,2560 x 1440,240 Hz,0.03 ms,QD-OLED,16:9,5
Asus ProArt Display PA32QCV,1535.12,https://cdna.pcpartpicker.com/static/forever/images/product/cc6a25ace907ab53efdc60745835ab06.256p.jpg,"31.5""",6016 x 3384,60 Hz,5 ms,IPS,16:9,0
BenQ ZOWIE XL2546X+,429.99,https://cdna.pcpartpicker.com/static/forever/images/product/1f78db1fa5efcca5dcab948b0c0b03cc.256p.jpg,24.1,1920 x 1080,280 Hz,TN,TN,16:9,0
LG 27GP83B-B,399.99,https://cdna.pcpartpicker.com/static/forever/images/product/fdf801cd9cc145a82f9aacfdebc1a9a1.256p.jpg,27.0,2560 x 1440,165 Hz,1 ms,IPS,16:9,5
Acer Nitro QG241Y Pbmiipx,153.62,https://cdna.pcpartpicker.com/static/forever/images/product/d70bd37fe5bead6a9631938af1853fa3.256p.jpg,23.8,1920 x 1080,165 Hz,VA,VA,16:9,4.5
Acer K222HQL,124.99,https://cdna.pcpartpicker.com/static/forever/images/product/c9720b56df43771994315fa023f6caf0.256p.jpg,21.5,1920 x 1080,60 Hz,5 ms,TN,16:9,4
AOC CU34G4Z,248.99,https://cdna.pcpartpicker.com/static/forever/images/product/a4f9b72495aa2ad42505a8530146eac0.256p.jpg,"34.0""",3440 x 1440,240 Hz,,,21:9,0
Acer EI322QUR Pbmiippx,349.99,https://cdna.pcpartpicker.com/static/forever/images/product/2a19dce49836c4ce06c541417a51b51f.256p.jpg,31.5,2560 x 1440,165 Hz,VA,VA,16:9,5
Gigabyte G34WQC,,https://cdna.pcpartpicker.com/static/forever/images/product/5854806eb0d0a4bd4f2818432e064ada.256p.jpg,34.0,3440 x 1440,144 Hz,VA,VA,21:9,4.5
Samsung Odyssey G70D,378.99,https://cdna.pcpartpicker.com/static/forever/images/product/85a1ec3fc1ca8b28cea00e8442a105de.256p.jpg,"32.0""",3840 x 2160,144 Hz,1 ms,IPS,16:9,0
Asus ROG Strix XG49VQ,709,https://cdna.pcpartpicker.com/static/forever/images/product/f5cec5d11d8e9c672c10c132764cff8a.256p.jpg,"49.0""",3840 x 1080,144 Hz,4 ms,VA,32:9,4.5
LG 24GN650-B,169.99,https://cdna.pcpartpicker.com/static/forever/images/product/1ddaed6942bce9873c670d77f9bb2e60.256p.jpg,24.0,1920 x 1080,144 Hz,1 ms,IPS,16:9,5
Asus ROG Swift OLED PG49WCD,1189.99,https://cdna.pcpartpicker.com/static/forever/images/product/b9773d1ec68dabdae2cde7092c3168cc.256p.jpg,49.0,5120 x 1440,144 Hz,0.03 ms,QD-OLED,32:9,0
Acer Nitro XV271U M3Bmiiprfx,159.9,27,27.0,2560 x 1440,180 Hz,1 ms,IPS,16:9,5
Dell S2725DS,199.99,https://cdna.pcpartpicker.com/static/forever/images/product/cd3a6e12127fb8ebf8c8bd2c5d5af573.256p.jpg,27.0,2560 x 1440,100 Hz,4 ms,IPS,16:9,5
Asus ROG Swift OLED PG42UQ,,https://cdna.pcpartpicker.com/static/forever/images/product/d7bb141ce87110b2d00c84ecba3d507b.256p.jpg,"41.5""",3840 x 2160,138 Hz,0.1 ms,OLED,16:9,4.5
Samsung Odyssey G51C,,https://cdna.pcpartpicker.com/static/forever/images/product/fa643304a73417484451debcaf80d6f2.256p.jpg,27.0,2560 x 1440,165 Hz,VA,VA,16:9,5
Asus VG278Q,,https://cdna.pcpartpicker.com/static/forever/images/product/5c00380802ac4cbcfe415b476f106153.256p.jpg,"27.0""",1920 x 1080,144 Hz,1 ms,TN,16:9,4.5
LG Ultragear 32GS85Q,379.99,https://cdna.pcpartpicker.com/static/forever/images/product/820d1702624660b6ddec6d90eb3c0da3.256p.jpg,"31.5""",2560 x 1440,180 Hz,1 ms,IPS,16:9,4
MSI Optix G271,,https://cdna.pcpartpicker.com/static/forever/images/product/c6155b53f474a6418be303bad8de742a.256p.jpg,27.0,1920 x 1080,144 Hz,IPS,IPS,16:9,4.5
iiyama G-Master GCB3486WQSCP-B1 Gold Phoenix,126.92,https://cdna.pcpartpicker.com/static/forever/images/product/13fdddcf9e90423f54fa88e95f7e7e13.256p.jpg,"34.0""",3440 x 1440,240 Hz,,VA,21:9,0
Sceptre C248B-144R,,24,24.0,1920 x 1080,144 Hz,3 ms,VA,16:9,4
LG 45GR95QE-B,2267.31,https://cdna.pcpartpicker.com/static/forever/images/product/fce019fb526b38661aeda093f1718ff2.256p.jpg,44.5,3440 x 1440,240 Hz,0.03 ms,OLED,21:9,4.5
Asus VP228H,157.99,21.5,21.5,1920 x 1080,60 Hz,1 ms,TN,16:9,4.5
ViewSonic XG2431,279.99,https://cdna.pcpartpicker.com/static/forever/images/product/b93bffafb388be9d5d4558fb2c108701.256p.jpg,23.8,1920 x 1080,240 Hz,IPS,IPS,16:9,3
LG 32GN600-B,248.43,https://cdna.pcpartpicker.com/static/forever/images/product/67cc8916b4361956e9785823a25b4940.256p.jpg,31.5,2560 x 1440,165 Hz,5 ms,VA,16:9,4
Dell P2422H,134.5,https://cdna.pcpartpicker.com/static/forever/images/product/927a48165cfba7da23e0d43af976c687.256p.jpg,"23.8""",1920 x 1080,60 Hz,5 ms,IPS,16:9,4
MSI G274QPX,359.99,https://cdna.pcpartpicker.com/static/forever/images/product/fa21e963ba2a19d3dcbf5196c44c50d0.256p.jpg,27.0,2560 x 1440,240 Hz,1 ms,IPS,16:9,4.5
Asus PG279Q ROG Swift,,27,27.0,2560 x 1440,165 Hz,4 ms,IPS,16:9,4.5
Asus ROG Strix XG259CS,93.99,24.5,24.5,1920 x 1080,180 Hz,1 ms,IPS,16:9,0
Dell S2716DG,369.99,https://cdna.pcpartpicker.com/static/forever/images/product/37e7c937a3f147553f7a7cc60961d81a.256p.jpg,27.0,2560 x 1440,144 Hz,1 ms,TN,16:9,4.5
Lenovo Legion R27q-30,365.99,https://cdna.pcpartpicker.com/static/forever/images/product/af6bcc7cbdea7e20a44d0c714ba9d692.256p.jpg,27.0,2560 x 1440,180 Hz,IPS,IPS,16:9,0
AOC Q27G2S,,https://cdna.pcpartpicker.com/static/forever/images/product/b700f185113fd0ca3b246e16ebcd57bc.256p.jpg,27.0,2560 x 1440,165 Hz,IPS,IPS,16:9,5
Asus TUF Gaming VG27AQA1A,215.34,https://cdna.pcpartpicker.com/static/forever/images/product/ef81bb79d207a541d2877b96e1ba8d30.256p.jpg,27.0,2560 x 1440,170 Hz,VA,VA,16:9,4.5
MSI MAG 321CUP,389.99,https://cdna.pcpartpicker.com/static/forever/images/product/a5a8cf20f978babf99eb51664dbbe47b.256p.jpg,31.5,3840 x 2160,160 Hz,VA,VA,16:9,0
ASRock Challenger CL25FFA,89.99,https://cdna.pcpartpicker.com/static/forever/images/product/0df32affb69d704cef636de145ea9f04.256p.jpg,24.5,1920 x 1080,120 Hz,IPS,IPS,16:9,0
Asus ProArt Display PA27DCE-K,1502.99,https://cdna.pcpartpicker.com/static/forever/images/product/366190a2ccd85595f8c0f7140e72ee6b.256p.jpg,"26.9""",3840 x 2160,60 Hz,0.1 ms,OLED,16:9,0
MSI MAG 345CQR,349,https://cdna.pcpartpicker.com/static/forever/images/product/d07e4b20f12cdead8721d770277bf3b1.256p.jpg,34.0,3440 x 1440,180 Hz,VA,VA,21:9,4.5
Gigabyte ‎M28U,329.99,https://cdna.pcpartpicker.com/static/forever/images/product/11b4f6b31732e84ba7b04c7076cf52c6.256p.jpg,28.0,3840 x 2160,144 Hz,1 ms,IPS,16:9,4.5
AOC C27G1,,https://cdna.pcpartpicker.com/static/forever/images/product/fa208ac2352d1bc5776d1c90df5debb3.256p.jpg,"27.0""",1920 x 1080,144 Hz,1 ms,VA,16:9,4.5
MSI Optix G241,,https://cdna.pcpartpicker.com/static/forever/images/product/8bfd1e864048a5c5234dd2d4cb13dc61.256p.jpg,"23.8""",1920 x 1080,144 Hz,1 ms,IPS,16:9,4.5
Dell S3422DWG,,https://cdna.pcpartpicker.com/static/forever/images/product/d51b853f4746f79249ccf69dd259e917.256p.jpg,"34.0""",3440 x 1440,144 Hz,2 ms,VA,21:9,4.5
AOC C32G2,179.99,https://cdna.pcpartpicker.com/static/forever/images/product/5f8330eeb6209d859ed3480c11f0565d.256p.jpg,32.0,1920 x 1080,165 Hz,,16:9,16:9,5
LG 27U631A-B,192.26,https://cdna.pcpartpicker.com/static/forever/images/product/2b4b50274e45fc5a15be4fe298993585.256p.jpg,"27.0""",2560 x 1440,100 Hz,5 ms,IPS,16:9,0
Asus ROG Strix XG259CMS,229,https://cdna.pcpartpicker.com/static/forever/images/product/8dcf369da0b457b0254036cb3ce7bccc.256p.jpg,24.5,1920 x 1080,310 Hz,1 ms,IPS,16:9,0
Asus TUF Gaming VG27WQ1B,360.12,https://cdna.pcpartpicker.com/static/forever/images/product/f2585f706b390a0f863740b6d69cd27c.256p.jpg,27.0,2560 x 1440,165 Hz,VA,VA,16:9,4.5
ViewSonic VX2718-2KPC-MHD,310.48,https://cdna.pcpartpicker.com/static/forever/images/product/ba750823ba2ed3948c0009ea1528f30f.256p.jpg,"27.0""",2560 x 1440,165 Hz,5 ms,VA,16:9,5
Philips Evnia 5000 34M2C5501A,217.88,https://cdna.pcpartpicker.com/static/forever/images/product/b9a4e73a25eabdb6f713350107c30992.256p.jpg,"34.0""",3440 x 1440,180 Hz,1 ms,VA,21:9,0
Sceptre E205W-1600,,https://cdna.pcpartpicker.com/static/forever/images/product/742c77bddb5484d4bb0c8f1dc638cb73.med.256p.jpg,"20.0""",1600 x 900,60 Hz,5 ms,TN,16:9,3.5
Acer Nitro XZ2 XZ342CU S3,,,"34.0""",3440 x 1440,180 Hz,1 ms,VA,21:9,0
AOC U27B3A,129,https://cdna.pcpartpicker.com/static/forever/images/product/1ee826446e84d9c0e44fada6fbf027ad.256p.jpg,"27.0""",3840 x 2160,60 Hz,4 ms,IPS,16:9,0
MSI G272QPF,213.79,https://cdna.pcpartpicker.com/static/forever/images/product/142906e123dcfff2e2d42acca0acfc10.256p.jpg,27.0,2560 x 1440,170 Hz,1 ms,IPS,16:9,4.5
Pixio PX277OLEDMAXV2W,,,"27.0""",2560 x 1440,240 Hz,0.03 ms,WOLED,16:9,0
Asus TUF Gaming VG27AQL1A,335.5,https://cdna.pcpartpicker.com/static/forever/images/product/3af7f4b403dc7d305de73ef972285c87.256p.jpg,27.0,2560 x 1440,170 Hz,IPS,IPS,16:9,4.5
Samsung LC27RG50FQNXZA,,https://cdna.pcpartpicker.com/static/forever/images/product/c252963c8e31204c9945df0f7fa48753.256p.jpg,"27.0""",1920 x 1080,240 Hz,4 ms,VA,16:9,4.5
AOC Q27G2U/BK,,https://cdna.pcpartpicker.com/static/forever/images/product/4fd802bad4e764896bc35376e77687dd.256p.jpg,27.0,2560 x 1440,144 Hz,VA,VA,16:9,4
Dell G3223Q,,https://cdna.pcpartpicker.com/static/forever/images/product/6f1db6d403189109f721e5ec8149b12c.256p.jpg,"32.0""",3840 x 2160,144 Hz,1 ms,IPS,16:9,4.5
Asus VZ22EHE,79,https://cdna.pcpartpicker.com/static/forever/images/product/36544c32612601cfb6a291ab305a54bf.256p.jpg,21.4,1920 x 1080,75 Hz,IPS,IPS,16:9,4
Asus ROG Strix XG32UQ,,https://cdna.pcpartpicker.com/static/forever/images/product/5c76b723373caa43420844a74b3a609b.256p.jpg,"32.0""",3840 x 2160,160 Hz,1 ms,IPS,16:9,5
MSI Optix G24C,125.97,https://cdna.pcpartpicker.com/static/forever/images/product/ef0315b017e0a362c63df41b2143a849.256p.jpg,23.6,1920 x 1080,144 Hz,1 ms,VA,16:9,4.5
Asus VG278QR,573.71,https://cdna.pcpartpicker.com/static/forever/images/product/1698baacec56a901c0eb416807c20595.256p.jpg,27.0,1920 x 1080,165 Hz,0.5 ms,TN,16:9,4.5
Sceptre C345B-QUT168,,34,34.0,3440 x 1440,165 Hz,VA,VA,21:9,0
MSI MAG 321CUP QD-OLED,,https://cdna.pcpartpicker.com/static/forever/images/product/11a745f8db5a1e8be7ad4708402d80b8.256p.jpg,"31.5""",3840 x 2160,165 Hz,0.03 ms,QD-OLED,16:9,0
LG 34GN850-B,1100,https://cdna.pcpartpicker.com/static/forever/images/product/c1099b956de147805a27fa7b89aee81c.256p.jpg,34.0,3440 x 1440,160 Hz,1 ms,IPS,21:9,4.5
Dell S2721HGF,316.24,27,27.0,1920 x 1080,144 Hz,VA,VA,16:9,4.5
Samsung Odyssey G32A,199.99,https://cdna.pcpartpicker.com/static/forever/images/product/8074b03a20aaddf2124702ee1d61ec31.256p.jpg,24.0,1920 x 1080,165 Hz,VA,VA,16:9,0
HP OMEN X Emperium 65,,https://cdna.pcpartpicker.com/static/forever/images/product/79694b128aac4fe9ebb90dd7f0ce184b.256p.jpg,"65.0""",3840 x 2160,144 Hz,4 ms,VA,16:9,0
LG 45GR65DC-B,729.46,https://cdna.pcpartpicker.com/static/forever/images/product/1cf36fac814d7caf48e7b2b13e5556b0.256p.jpg,45.0,5120 x 1440,200 Hz,1 ms,VA,32:9,0
Asus VG27VH1B,195.95,https://cdna.pcpartpicker.com/static/forever/images/product/b1ca51eea80743744501a270da4e7837.256p.jpg,27.0,1920 x 1080,165 Hz,VA,VA,16:9,0
MSI MAG 274UPF E2,349.99,27,27.0,3840 x 2160,160 Hz,0.5 ms,IPS,16:9,5
MSI PRO MP275 E2,237.12,https://cdna.pcpartpicker.com/static/forever/images/product/62a059a60d1b41a9040b6a2f5df526d1.256p.jpg,"27.0""",1920 x 1080,120 Hz,4 ms,IPS,16:9,0
Dell P2419H,209,https://cdna.pcpartpicker.com/static/forever/images/product/5454d90d5bd10dfef2483164aa41903e.256p.jpg,23.8,1920 x 1080,60 Hz,5 ms,IPS,16:9,4
Acer XZ270 Xbmiipx,275,https://cdna.pcpartpicker.com/static/forever/images/product/2dc7c2429dd13664fcc340dca66bfd5b.256p.jpg,27.0,1920 x 1080,240 Hz,VA,VA,16:9,3
Gigabyte AORUS FO27Q3,749.99,https://cdna.pcpartpicker.com/static/forever/images/product/7e22cadaa344b0bde878c67ebc71fb87.256p.jpg,27.0,2560 x 1440,360 Hz,0.03 ms,QD-OLED,16:9,4.5
AOC 24G2U/BK,,https://cdna.pcpartpicker.com/static/forever/images/product/80932dccff9f90891b1ae681ee03884c.256p.jpg,24.0,1920 x 1080,144 Hz,IPS,IPS,16:9,4.5
Acer Predator X27U bmiipruzx,775,https://cdna.pcpartpicker.com/static/forever/images/product/c25d7beb4f280332c944895b5553b3d7.256p.jpg,"27.0""",2560 x 1440,240 Hz,0.03 ms,OLED,16:9,5
Asus VG245H,,24,24.0,1920 x 1080,75 Hz,1 ms,TN,16:9,4.5
Samsung Odyssey G7 LC32G75TQSNXZA,499.97,https://cdna.pcpartpicker.com/static/forever/images/product/e82c8d87bd5ae8836cfc2258a686e596.256p.jpg,31.5,2560 x 1440,240 Hz,1 ms,VA,16:9,4.5
MSI Optix G27CQ4,,https://cdna.pcpartpicker.com/static/forever/images/product/a6771210080ca28512dfac5803f184a2.256p.jpg,27.0,2560 x 1440,165 Hz,VA,VA,16:9,4.5
MSI G32C4X,219.9,https://cdna.pcpartpicker.com/static/forever/images/product/f300fe12425bb9e10741071dfb5188a1.256p.jpg,31.5,1920 x 1080,250 Hz,VA,VA,16:9,5
Lenovo Legion R34w-30,399,https://cdna.pcpartpicker.com/static/forever/images/product/d5595435d21b65479a5645b9fe29f750.256p.jpg,"34.0""",3440 x 1440,180 Hz,,VA,21:9,0
LG 24U631A-B,279.56,https://cdna.pcpartpicker.com/static/forever/images/product/7ed6542bf939d99e24e0445a9db7929e.256p.jpg,"23.8""",2560 x 1440,100 Hz,5 ms,IPS,16:9,0
LG 27GN950-B,797.99,https://cdna.pcpartpicker.com/static/forever/images/product/0f06943449a7f045280437ce6c0c1a0a.256p.jpg,27.0,3840 x 2160,144 Hz,1 ms,IPS,16:9,4.5
Acer QG271 bipx,179.99,https://cdna.pcpartpicker.com/static/forever/images/product/a4d05a42396ae4d4c28fea89db263bc9.256p.jpg,27.0,1920 x 1080,75 Hz,VA,VA,16:9,0
ViewSonic VX2418C,106.72,https://cdna.pcpartpicker.com/static/forever/images/product/63da78506b9bb2b57c4561a0d9103ae8.256p.jpg,"24.0""",1920 x 1080,165 Hz,5 ms,VA,16:9,5
Asus ROG Swift 360Hz PG27AQN,1049.77,https://cdna.pcpartpicker.com/static/forever/images/product/70b4621850d1d81a6220fc4e25aaa2fb.256p.jpg,"27.0""",2560 x 1440,360 Hz,1 ms,IPS,16:9,5
Dell E2020H,84.99,https://cdna.pcpartpicker.com/static/forever/images/product/04dd7cbb945405cbb52ccca020ee3b62.256p.jpg,19.5,1600 x 900,60 Hz,5 ms,TN,16:9,0
Dell S2425HS,119.99,https://cdna.pcpartpicker.com/static/forever/images/product/91584a0b45ad15ec48d98d5604b1ea2c.256p.jpg,23.8,1920 x 1080,100 Hz,IPS,IPS,16:9,0
MSI Optix MAG241C,,https://cdna.pcpartpicker.com/static/forever/images/product/b2019f9ab7d496280ae8bfb49d124c23.256p.jpg,"23.6""",1920 x 1080,144 Hz,1 ms,VA,16:9,4.5
BenQ MOBIUZ EX2710Q,269.99,https://cdna.pcpartpicker.com/static/forever/images/product/0646532ae60b353359506ca3c4268f87.256p.jpg,27.0,2560 x 1440,165 Hz,2 ms,IPS,16:9,0
Dell Alienware AW2724HF,329.99,https://cdna.pcpartpicker.com/static/forever/images/product/401db2a8ad893f2529089d606da2bfc4.256p.jpg,27.0,1920 x 1080,360 Hz,0.5 ms,IPS,16:9,5
TCL 32R84,,https://cdna.pcpartpicker.com/static/forever/images/product/b63660e19ce11fe8457ec7e83045f8cc.256p.jpg,"31.5""",3840 x 2160,165 Hz,1 ms,VA QD-Mini LED,16:9,0
Samsung Odyssey Neo G7 G75NB,522.67,https://cdna.pcpartpicker.com/static/forever/images/product/ae5d39519b173bac2b7c22761a56d411.256p.jpg,"32.0""",3840 x 2160,165 Hz,1 ms,Mini LED,16:9,0
ViewSonic VX4381-4K,569.99,https://cdna.pcpartpicker.com/static/forever/images/product/a0ba8e8c7f4ac434fd7c54690701aa85.256p.jpg,43.0,3840 x 2160,3,3 ms,VA,16:9,0
Asus ROG Swift PG279QM,539,https://cdna.pcpartpicker.com/static/forever/images/product/79d4676a209d1710b5221258f9c50b12.256p.jpg,27.0,2560 x 1440,240 Hz,1 ms,IPS,16:9,5
LG 27GL650F-B,283.99,https://cdna.pcpartpicker.com/static/forever/images/product/06463ed6c49da474c3476913da14c211.256p.jpg,27.0,1920 x 1080,144 Hz,1 ms,IPS,16:9,4
Samsung CF398,199.99,27,27.0,1920 x 1080,60 Hz,4 ms,VA,16:9,4
Samsung Odyssey G9,,https://cdna.pcpartpicker.com/static/forever/images/product/1c3449001f4d13277a4b39a59ddf68f7.256p.jpg,"49.0""",5120 x 1440,240 Hz,1 ms,VA,32:9,4.5
Sceptre E205W-16003R,99.31,19.5,19.5,1600 x 900,75 Hz,5 ms,16:9,16:9,4
Asus VP249QGR,,https://cdna.pcpartpicker.com/static/forever/images/product/32b446ab8cb90eb9c5133dd17f0560f6.256p.jpg,"23.8""",1920 x 1080,144 Hz,4 ms,IPS,16:9,4.5
MSI Optix G24C4,,https://cdna.pcpartpicker.com/static/forever/images/product/90fe1ab915692448773babbed2c62d73.256p.jpg,"23.6""",1920 x 1080,144 Hz,1 ms,VA,16:9,4.5
Acer KA242Y Abi,,https://cdna.pcpartpicker.com/static/forever/images/product/e91d767f8fc7ae0bce1d01f8faa0964e.256p.jpg,23.8,1920 x 1080,75 Hz,VA,VA,16:9,0
HP 738pu,1299.99,https://cdna.pcpartpicker.com/static/forever/images/product/e3a2045894de1d164e5f6a06002c0cba.256p.jpg,37.5,3840 x 1600,60 Hz,5 ms,IPS,12:5,0
HP OMEN 32Q,299,https://cdna.pcpartpicker.com/static/forever/images/product/2bbf87bfe278f9405fb4f353518a7f7d.256p.jpg,"31.5""",2560 x 1440,165 Hz,1 ms,IPS,16:9,0
LG 34UC79G-B,,34,34.0,2560 x 1080,144 Hz,5 ms,IPS,21:9,4.5
ViewSonic VX3218C-2K,184.92,https://cdna.pcpartpicker.com/static/forever/images/product/2c2b229a2ad8d625ac8e80f62cc6feb6.256p.jpg,32.0,2560 x 1440,165 Hz,VA,VA,16:9,0
Acer Nitro XV272U Vbmiiprx,268.49,https://cdna.pcpartpicker.com/static/forever/images/product/4eeacbd8e6a3d6c8a089d2d248de0a7c.256p.jpg,27.0,2560 x 1440,170 Hz,IPS,IPS,16:9,4.5
ASRock Phantom Gaming OLED PGO27QFV,543.94,https://cdna.pcpartpicker.com/static/forever/images/product/66b4153d81b5e22f0a704f42eaab8e61.256p.jpg,"27.0""",2560 x 1440,360 Hz,0.03 ms,QD-OLED,16:9,5
ASRock Phantom Gaming PG25FFT,161.31,https://cdna.pcpartpicker.com/static/forever/images/product/569cc170d60cbc5568a324ddfac016b0.256p.jpg,24.5,1920 x 1080,180 Hz,IPS,IPS,16:9,0
ViewEra V151BN2,244.98,https://cdna.pcpartpicker.com/static/forever/images/product/24017842caa8c3b68622162fe81b256b.256p.jpg,15.0,1024 x 768,60 Hz,8 ms,TN,4:3,0
Samsung ARK,1499.99,https://cdna.pcpartpicker.com/static/forever/images/product/f3be6199941e557b5433864e583620c9.256p.jpg,55.0,3840 x 2160,165 Hz,1 ms,VA,16:9,4
LG 24MP400-B,152,https://cdna.pcpartpicker.com/static/forever/images/product/85d37eb0670d1d82b659594a21e4e08f.256p.jpg,24.0,1920 x 1080,75 Hz,5 ms,IPS,16:9,4
AOC 27G4X,167.24,https://cdna.pcpartpicker.com/static/forever/images/product/2447b7de59c265210b3a94e5094f6c5c.256p.jpg,"27.0""",1920 x 1080,180 Hz,1 ms,IPS,16:9,0
Samsung Odyssey G55A,259,https://cdna.pcpartpicker.com/static/forever/images/product/370fad9ec54fa8eca75459992dcbfd09.256p.jpg,27.0,2560 x 1440,165 Hz,VA,VA,16:9,4
Razer Raptor 27,,https://cdna.pcpartpicker.com/static/forever/images/product/2766f1f48d33df594c282e6f0821162d.256p.jpg,"27.0""",2560 x 1440,165 Hz,4 ms,IPS,16:9,4
HP 27mx,,https://cdna.pcpartpicker.com/static/forever/images/product/fc3a9869efbe442e7db4530996da3a5a.256p.jpg,"27.0""",1920 x 1080,144 Hz,1 ms,TN,16:9,0
Acer SB272U Ebiip,159.99,27,27.0,2560 x 1440,100 Hz,IPS,IPS,16:9,0
MSI G2422C,169.99,https://cdna.pcpartpicker.com/static/forever/images/product/835db758c5b5609a3fe81a127b050fe3.256p.jpg,24.0,1920 x 1080,180 Hz,VA,VA,16:9,5
Asus ProArt Display PA34VCNV,478,https://cdna.pcpartpicker.com/static/forever/images/product/1ae2d200e043217051ba1a28128a146e.256p.jpg,"34.1""",3440 x 1440,60 Hz,5 ms,IPS,21:9,0
KOORUI GN10,227.99,27,27.0,2560 x 1440,240 Hz,1 ms,VA Mini LED,16:9,0
MSI MAG 256F,319.3,https://cdna.pcpartpicker.com/static/forever/images/product/2d24e66876dc1928f28fd0b79e3a0844.256p.jpg,"24.5""",1920 x 1080,180 Hz,1 ms,IPS,16:9,0
AOC 24G15N,,23.8,23.8,1920 x 1080,180 Hz,VA,VA,16:9,5
AOC 24B2XH,,https://cdna.pcpartpicker.com/static/forever/images/product/58004c7406937c7a7068792865c9b028.256p.jpg,"23.8""",1920 x 1080,75 Hz,8 ms,IPS,16:9,4.5
YEYIAN Odraz 2001,,27,27.0,1920 x 1080,1,1 ms,VA,16:9,0
ASRock Phantom Gaming PG34QRT3A,328.99,https://cdna.pcpartpicker.com/static/forever/images/product/6f70dc6f682a92147a4f4512ff03268e.256p.jpg,34.0,3440 x 1440,180 Hz,VA,VA,21:9,0
Pixio PX279 Wave,239.99,27,27.0,1920 x 1080,240 Hz,1 ms,IPS,16:9,0
Acer XV272U Pbmiiprzx,334.98,https://cdna.pcpartpicker.com/static/forever/images/product/a3c7a4c620a039bede8745ad90decde5.256p.jpg,27.0,2560 x 1440,144 Hz,1 ms,IPS,16:9,4.5
ViewSonic VX3218-PC-MHD,171.81,https://cdna.pcpartpicker.com/static/forever/images/product/5fef966dd85b7c28b3df1ebf2727003b.256p.jpg,"32.0""",1920 x 1080,165 Hz,6 ms,VA,16:9,0
Asus VG279Q1A,223.51,https://cdna.pcpartpicker.com/static/forever/images/product/da23f8f3e02708951a4a2bdf5253bb90.256p.jpg,27.0,1920 x 1080,165 Hz,IPS,IPS,16:9,4
ViewSonic ELITE XG321UG,2499.98,https://cdna.pcpartpicker.com/static/forever/images/product/62e4019f9cafee8b2d77aa18033029a9.256p.jpg,32.0,3840 x 2160,144 Hz,3 ms,IPS,16:9,0
Asus ROG Strix XG27WCS,228,https://cdna.pcpartpicker.com/static/forever/images/product/80701b18da90ecd8f14097338f4e5c79.256p.jpg,"27.0""",2560 x 1440,180 Hz,1 ms,VA,16:9,0
MSI G274F,167.5,https://cdna.pcpartpicker.com/static/forever/images/product/b0f9dbe9407b6624ccfbbe5c6c9487ad.256p.jpg,27.0,1920 x 1080,180 Hz,1 ms,IPS,16:9,4.5
KOORUI S01,82,21.4,21.4,1920 x 1080,100 Hz,4 ms,VA,16:9,5
Sceptre E225W-1920,,https://cdna.pcpartpicker.com/static/forever/images/product/c23570f46196862731e5c5bc0d1d966f.med.256p.jpg,"22.0""",1920 x 1080,60 Hz,5 ms,TN,16:9,4
Acer XZ322QU Sbmiipphx,,https://cdna.pcpartpicker.com/static/forever/images/product/6b3c6e33f8077eef5f5bc2d56510a5a8.256p.jpg,31.5,2560 x 1440,165 Hz,VA,VA,16:9,0
Dell Plus S3225QC,614.9,https://cdna.pcpartpicker.com/static/forever/images/product/85773a2ff9619a697c2f16039ffe99f1.256p.jpg,"31.6""",3840 x 2160,120 Hz,0.03 ms,QD-OLED,16:9,0
BenQ RD280UG,611.49,,"28.2""",3840 x 2560,120 Hz,5 ms,IPS,3:2,0
Acer Nitro ED270U S3,,27,27.0,2560 x 1440,180 Hz,VA,VA,16:9,0
HP OMEN 34c,313.06,https://cdna.pcpartpicker.com/static/forever/images/product/14a59e171caefcc05484732ab717db69.256p.jpg,"34.0""",3440 x 1440,165 Hz,1 ms,VA,21:9,4
Pixio PXC248 Wave,149.99,24,24.0,1920 x 1080,200 Hz,1 ms,VA,16:9,0
Asus ROG Strix XG249CM,279,https://cdna.pcpartpicker.com/static/forever/images/product/482e659d8d5347392f3027962fac8a6b.256p.jpg,23.8,1920 x 1080,270 Hz,1 ms,IPS,16:9,0
LG 32GP850-B,599.99,https://cdna.pcpartpicker.com/static/forever/images/product/a66c01cfe374a7fca12279f81882004a.256p.jpg,32.0,2560 x 1440,165 Hz,1 ms,IPS,16:9,4.5
Dell U2723QE,550,https://cdna.pcpartpicker.com/static/forever/images/product/639c8e5235fdbad4854b5c68ffc311ba.256p.jpg,"27.0""",3840 x 2160,60 Hz,5 ms,IPS,16:9,5
Dell E2222H,141.99,https://cdna.pcpartpicker.com/static/forever/images/product/c1b39257c41bf8e38a3cfa1adef79660.256p.jpg,"21.5""",1920 x 1080,60 Hz,5 ms,VA,16:9,0
Dell C1422H,349,https://cdna.pcpartpicker.com/static/forever/images/product/dffc41aa3fcdb63a234f73cc0075c5d3.256p.jpg,14.0,1920 x 1080,60 Hz,IPS,IPS,16:9,0
Samsung S33GC,139.81,24,24.0,1920 x 1080,100 Hz,IPS,IPS,16:9,0
Asus PB278Q,,https://cdna.pcpartpicker.com/static/forever/images/product/f6d7b1a745e6b737f000b0c619833e4d.256p.jpg,"27.0""",2560 x 1440,60 Hz,5 ms,IPS,16:9,4.5
Acer XF240H,664.99,https://cdna.pcpartpicker.com/static/forever/images/product/4c261f785cd346d82181fe59c15ccc5d.256p.jpg,24.0,1920 x 1080,144 Hz,1 ms,TN,16:9,4.5
Acer Nitro VG240Y bmiix,230.92,23.8,23.8,1920 x 1080,75 Hz,1 ms,IPS,16:9,4.5
BenQ EX2780Q,,https://cdna.pcpartpicker.com/static/forever/images/product/f03894972a72e183d05d9ec6a79996e2.256p.jpg,"27.0""",2560 x 1440,144 Hz,5 ms,IPS,16:9,4.5
Acer XV272U KFbmiipruzx,728.9,https://cdna.pcpartpicker.com/static/forever/images/product/2203e7b62d5df8fef829cf7d2b5208c8.256p.jpg,27.0,2560 x 1440,300 Hz,IPS,IPS,16:9,5
Acer Nitro KG251Q Z,211.33,https://cdna.pcpartpicker.com/static/forever/images/product/bae0065f709a6ff5e13ea139aa3f2b85.256p.jpg,24.5,1920 x 1080,250 Hz,VA,VA,16:9,0
LG UltraGear GS95QE,1602.55,45,45.0,3440 x 1440,240 Hz,0.03 ms,OLED,21:9,0
Gigabyte ‎M34WQ,,https://cdna.pcpartpicker.com/static/forever/images/product/c9a7408dfe5c0194fb4750d04c65715e.256p.jpg,34.0,3440 x 1440,144 Hz,IPS,IPS,21:9,4.5
LG 32GP750-B,349,https://cdna.pcpartpicker.com/static/forever/images/product/68baf70f3d9297eb870484bd89751db9.256p.jpg,31.5,2560 x 1440,165 Hz,1 ms,IPS,16:9,5
LG UltraGear 27GR93U-B,491.49,https://cdna.pcpartpicker.com/static/forever/images/product/3ae9d29966c57268ec0d22bf6739a8fd.256p.jpg,27.0,3840 x 2160,144 Hz,1 ms,IPS,16:9,4.5
Samsung Odyssey G80HS,1299.99,https://cdna.pcpartpicker.com/static/forever/images/product/96eeb15effa0a5b2c09357d14048a34c.256p.jpg,"32.0""",6144 x 3456,165 Hz,1 ms,IPS,16:9,0
AOC Q24G2A/BK,,https://cdna.pcpartpicker.com/static/forever/images/product/9d973c1e418a96ab91f117ecc72d4a79.256p.jpg,23.8,2560 x 1440,165 Hz,IPS,IPS,16:9,5
HP 24f,,https://cdna.pcpartpicker.com/static/forever/images/product/53707fadaa5e83cd3ab0ea8f763c9d8c.256p.jpg,"23.8""",1920 x 1080,60 Hz,5 ms,IPS,16:9,5
Samsung U28R550,,https://cdna.pcpartpicker.com/static/forever/images/product/ecaf41184fa6eb6ed23c9911976d42c5.256p.jpg,"28.0""",3840 x 2160,60 Hz,4 ms,IPS,16:9,4.5
Sceptre U278W-4000R,180.96,26.9,26.9,3840 x 2160,70 Hz,5 ms,IPS,16:9,0
LG 37G800A-B,,https://cdna.pcpartpicker.com/static/forever/images/product/5bdc4ea6cf2ccdb78b1f1cf8babcb389.256p.jpg,"36.5""",3840 x 2160,165 Hz,1 ms,VA,16:9,0
Cooler Master Tempest GZ2711,558.95,27,27.0,2560 x 1440,240 Hz,0.03 ms,OLED,16:9,0
Gigabyte AORUS FO32U2,679.99,https://cdna.pcpartpicker.com/static/forever/images/product/c988bddfba2b7411d83b90f5fed6e268.256p.jpg,"31.5""",3840 x 2160,240 Hz,0.03 ms,QD-OLED,16:9,4
LG 27GP750-B,226.99,https://cdna.pcpartpicker.com/static/forever/images/product/cafd69dda348375ea1b000a7f65f08ee.256p.jpg,27.0,1920 x 1080,240 Hz,1 ms,IPS,16:9,5
LG UltraGear 45GS96QB-B,1699.99,https://cdna.pcpartpicker.com/static/forever/images/product/0385893a136bbae1c248a274ec5aad62.256p.jpg,44.5,3440 x 1440,240 Hz,0.03 ms,OLED,21:9,0
Lenovo G24e-20,128.99,https://cdna.pcpartpicker.com/static/forever/images/product/48071752d5a7b49b6d38ffaa8febae5c.256p.jpg,23.8,1920 x 1080,120 Hz,VA,VA,16:9,0
Dell S3220DGF,,https://cdna.pcpartpicker.com/static/forever/images/product/430d0c83f3273fee6e51aafc244dcffa.256p.jpg,"31.5""",2560 x 1440,165 Hz,5 ms,VA,16:9,4.5
LG UltraGear,379,https://cdna.pcpartpicker.com/static/forever/images/product/ef67e05ca1f6c1e35bec7eb40547d53f.256p.jpg,31.5,2560 x 1440,144 Hz,5 ms,VA,16:9,0
BenQ ZOWIE XL2586X,899.99,https://cdna.pcpartpicker.com/static/forever/images/product/5f50aa090ddb283f9524a6e9b491913d.256p.jpg,24.1,1920 x 1080,540 Hz,TN,TN,16:9,0
Cooler Master Tempest GP27Q,435,https://cdna.pcpartpicker.com/static/forever/images/product/d1beecc62ee15f9029005716d8cd721a.256p.jpg,27.0,2560 x 1440,165 Hz,IPS,IPS QD-Mini LED,16:9,3
MSI PRO MP243X,124.95,https://cdna.pcpartpicker.com/static/forever/images/product/1629c6bc7c69a97249349adf181aa465.256p.jpg,23.8,1920 x 1080,100 Hz,4 ms,IPS,16:9,0
LG 24GQ50F-B,195,https://cdna.pcpartpicker.com/static/forever/images/product/cca42477c4fa847964e18e6f2492442b.256p.jpg,23.8,1920 x 1080,165 Hz,5 ms,VA,16:9,5
MSI PRO MP252 E2,109.99,https://cdna.pcpartpicker.com/static/forever/images/product/2b54d0c8fd96fa1235bbc847a7c79a81.256p.jpg,24.5,1920 x 1080,120 Hz,4 ms,IPS,16:9,0
HP OMEN 25,,https://cdna.pcpartpicker.com/static/forever/images/product/9047ccfdb5411db4bb2670bcdfd8810c.256p.jpg,"24.5""",1920 x 1080,144 Hz,1 ms,TN,16:9,4
HP Omen 27i,,https://cdna.pcpartpicker.com/static/forever/images/product/378807f5fca1157d0ab54b056f1b2ff3.256p.jpg,27.0,2560 x 1440,165 Hz,IPS,IPS,16:9,4.5
Dell Alienware AW2720HF,699,https://cdna.pcpartpicker.com/static/forever/images/product/fa6209097ba4b79ea2dc7f3e19c10ebb.256p.jpg,27.0,1920 x 1080,240 Hz,1 ms,IPS,16:9,5
Asus ProArt Display PA278CV,224,https://cdna.pcpartpicker.com/static/forever/images/product/246a1ea0c96f2d473caefe7ab2465d00.256p.jpg,"27.0""",2560 x 1440,75 Hz,5 ms,IPS,16:9,3
KOORUI S2721XO,383.99,27,27.0,2560 x 1440,240 Hz,0.03 ms,QD-OLED,16:9,0
Asus ProArt Display PA278CGRV,266.99,https://cdna.pcpartpicker.com/static/forever/images/product/afd3f30bf89536fee4543a2290d5b5fe.256p.jpg,"27.0""",2560 x 1440,144 Hz,5 ms,IPS,16:9,0
Asus TUF Gaming VG24VQ,,https://cdna.pcpartpicker.com/static/forever/images/product/9fbc7a9308c57726935637c8f053e1f6.256p.jpg,23.6,1920 x 1080,144 Hz,VA,VA,16:9,4.5
MSI G273CQ,159.99,https://cdna.pcpartpicker.com/static/forever/images/product/54bce5c15e6b310c9593af4a2ceaf787.256p.jpg,27.0,2560 x 1440,170 Hz,VA,VA,16:9,0
Acer R240HY bidx,172.24,https://cdna.pcpartpicker.com/static/forever/images/product/ce68340ba891e392bccd05e8523938e0.256p.jpg,"23.8""",1920 x 1080,60 Hz,4 ms,IPS,16:9,4.5
Asus ROG Swift OLED PG48UQ,,https://cdna.pcpartpicker.com/static/forever/images/product/15f4f160ac981fd373a8f69695b2d639.256p.jpg,"47.5""",3840 x 2160,138 Hz,0.1 ms,OLED,16:9,0
Asus ROG SWIFT PG278Q,,27,27.0,2560 x 1440,144 Hz,1 ms,TN,16:9,4.5
LG OLED evo,,https://cdna.pcpartpicker.com/static/forever/images/product/161c1368fd68675c534e8f392d18b3d4.256p.jpg,42.0,3840 x 2160,120 Hz,OLED,OLED,16:9,4.5
Samsung Odyssey Neo G9,,https://cdna.pcpartpicker.com/static/forever/images/product/db232c8bca18c289019af919390fc229.256p.jpg,"49.0""",5120 x 1440,240 Hz,1 ms,VA,32:9,0
LG 32U631A-B,179,https://cdna.pcpartpicker.com/static/forever/images/product/4b98581b9879978a9f1349cce5eadd22.256p.jpg,"31.5""",2560 x 1440,100 Hz,5 ms,IPS,16:9,0
Philips Evnia 5000,202.84,27,27.0,1920 x 1080,280 Hz,1 ms,VA,16:9,0
LG 27UK650-W,548.98,https://cdna.pcpartpicker.com/static/forever/images/product/e357d1063bc480bd5d73b5b48977f6d7.256p.jpg,27.0,3840 x 2160,60 Hz,5 ms,IPS,16:9,4.5
AOC AG276QZD,543.46,https://cdna.pcpartpicker.com/static/forever/images/product/fd1355e26130469b06a7bde984ea308e.256p.jpg,"26.5""",2560 x 1440,240 Hz,0.03 ms,OLED,16:9,4
MSI PRO MP242A E2,109.99,https://cdna.pcpartpicker.com/static/forever/images/product/3a5f016e916c204ed6612af93feca121.256p.jpg,23.8,1920 x 1080,120 Hz,4 ms,IPS,16:9,0
Samsung S27AG50,359.94,27,27.0,2560 x 1440,165 Hz,1 ms,IPS,16:9,4
ViewSonic VX2738-2K-OLED,671.02,,"26.7""",2560 x 1440,240 Hz,0.03 ms,QD-OLED,16:9,0
ViewSonic XG272-2K-OLED,525,https://cdna.pcpartpicker.com/static/forever/images/product/ed2cce2df4a7617c92e1a531c4094fef.256p.jpg,"27.0""",2560 x 1440,240 Hz,0.02 ms,OLED,16:9,0
Asus TUF Gaming,329,27,27.0,2560 x 1440,260 Hz,1 ms,IPS,16:9,0
MSI Optix MAG161V,,https://cdna.pcpartpicker.com/static/forever/images/product/3f1e0f1ff02c82a9daa95aadb921d818.256p.jpg,15.6,1920 x 1080,60 Hz,IPS,IPS,16:9,0
Dell Alienware AW2721D,,27,27.0,2560 x 1440,240 Hz,1 ms,IPS,16:9,5
iiyama G-MASTER BLACK HAWK,,https://cdna.pcpartpicker.com/static/forever/images/product/88f22cfd30c6da44e73320a12a297d92.256p.jpg,"27.0""",1920 x 1080,75 Hz,1 ms,TN,16:9,0
Asus TUF GAMING VG259Q,,https://cdna.pcpartpicker.com/static/forever/images/product/60b5a60a8d925278cede801eef223a15.256p.jpg,24.5,1920 x 1080,144 Hz,IPS,IPS,16:9,4.5
Asus TUF Gaming VG30VQL1A,,29.5,29.5,2560 x 1080,200 Hz,VA,VA,21:9,0
Dell S2722DGM,,https://cdna.pcpartpicker.com/static/forever/images/product/9501f17318aa2283601e9526a21b3734.256p.jpg,"27.0""",2560 x 1440,165 Hz,2 ms,VA,16:9,4.5
Acer XV270U X1bmiiprx,,27,27.0,2560 x 1440,200 Hz,0.5 ms,IPS,16:9,0
ASRock Phantom Gaming PG27QRT2A,144.95,https://cdna.pcpartpicker.com/static/forever/images/product/c30652089147dc729f5c33fcf7278d9c.256p.jpg,27.0,2560 x 1440,180 Hz,VA,VA,16:9,0
Samsung SJ55W,328,https://cdna.pcpartpicker.com/static/forever/images/product/13a63418a347c4cb7a59c25f28acd9bf.256p.jpg,34.1,3440 x 1440,75 Hz,4 ms,VA,21:9,4.5
Samsung M90SF,1124.44,https://cdna.pcpartpicker.com/static/forever/images/product/5c431245900b619b0731ff34eb6373cf.256p.jpg,"32.0""",3840 x 2160,165 Hz,0.03 ms,QD-OLED,16:9,0
AOC AG274QG,249.99,https://cdna.pcpartpicker.com/static/forever/images/product/cde898c355f49c618d4cba74acfb894d.256p.jpg,"27.0""",2560 x 1440,240 Hz,1 ms,IPS,16:9,5
Asus MG248QR,,https://cdna.pcpartpicker.com/static/forever/images/product/f33708587da6546bc0c8f3cdbee0d8a2.256p.jpg,"24.0""",1920 x 1080,144 Hz,1 ms,TN,16:9,4.5
MSI Optix G273QPF,258.88,https://cdna.pcpartpicker.com/static/forever/images/product/e9cb939043d9c58c15094d76faa2cd43.256p.jpg,27.0,2560 x 1440,165 Hz,1 ms,IPS,16:9,5
Asus VA24EHE,129,https://cdna.pcpartpicker.com/static/forever/images/product/d03df7d270d4abcce85e45c61f73ac98.256p.jpg,23.8,1920 x 1080,75 Hz,IPS,IPS,16:9,4.5
BenQ ZOWIE XL2746K,549.99,https://cdna.pcpartpicker.com/static/forever/images/product/b9aaf5cdbc2b7cfe9378ca8facee2a81.256p.jpg,27.0,1920 x 1080,240 Hz,TN,TN,16:9,0
Asus ROG Swift PG65UQ,,64.5,64.5,3840 x 2160,144 Hz,4 ms,VA,16:9,0
Dell Alienware AW2521H,349.97,https://cdna.pcpartpicker.com/static/forever/images/product/bf54b599a671d72a70f21cd39bb1cc58.256p.jpg,24.5,1920 x 1080,360 Hz,1 ms,IPS,16:9,5
MSI Optix G32C4,320,https://cdna.pcpartpicker.com/static/forever/images/product/132e911e4072d7ccfb78becc2c8acfaf.256p.jpg,31.5,1920 x 1080,165 Hz,1 ms,VA,16:9,4
MSI Optix G273,299.99,https://cdna.pcpartpicker.com/static/forever/images/product/432a9abd9610728623a4174cf0cb1eae.256p.jpg,27.0,1920 x 1080,165 Hz,IPS,IPS,16:9,4
MSI MAG 275CQRF QD E2,167.12,https://cdna.pcpartpicker.com/static/forever/images/product/3e6ba5dc31890f2d3d48dbc33e19d5ae.256p.jpg,"27.0""",2560 x 1440,180 Hz,0.5 ms,VA,16:9,0
Acer Predator X34,,https://cdna.pcpartpicker.com/static/forever/images/product/ec82de149a0b9295a71bd1555ff7e272.256p.jpg,"34.0""",3440 x 1440,100 Hz,4 ms,IPS,21:9,4.5
Acer Nitro VG270U,,https://cdna.pcpartpicker.com/static/forever/images/product/33d5e7af2c76812c48b4dde6ffd0e290.256p.jpg,"27.0""",2560 x 1440,75 Hz,1 ms,IPS,16:9,0
Gigabyte AORUS FI27Q-P,,https://cdna.pcpartpicker.com/static/forever/images/product/e7a5005a6e44a46770e948cbc94aea33.256p.jpg,27.0,2560 x 1440,165 Hz,IPS,IPS,16:9,5
Acer XB273U GXbmiipruzx,,https://cdna.pcpartpicker.com/static/forever/images/product/5a3dfc1db100e2a0eae69719a7330c41.256p.jpg,"27.0""",2560 x 1440,240 Hz,1 ms,IPS,16:9,4
MSI Optix MAG274QRF-QD,369,https://cdna.pcpartpicker.com/static/forever/images/product/30f6ad5628a5425e94939b431bd85d55.256p.jpg,27.0,2560 x 1440,165 Hz,1 ms,IPS,16:9,4
iiyama GB2470HSU-B1,,https://cdna.pcpartpicker.com/static/forever/images/product/fd032763ae4ab876b7599338f45c33ec.256p.jpg,23.8,1920 x 1080,165 Hz,IPS,IPS,16:9,5
Dell G2524H,249.99,24.5,24.5,1920 x 1080,280 Hz,0.5 ms,IPS,16:9,5
INNOCN 49C1R,874.99,49,49.0,5120 x 1440,120 Hz,VA,VA,32:9,0
Asus ProArt Display PA329CRV,629,https://cdna.pcpartpicker.com/static/forever/images/product/1d360180ff0ed59778225176eb9b8a01.256p.jpg,"31.5""",3840 x 2160,60 Hz,5 ms,IPS,16:9,0
LG 32GN650-B,309,https://cdna.pcpartpicker.com/static/forever/images/product/deaf0e9169331a023bd5e7bedb05bdda.256p.jpg,31.5,2560 x 1440,165 Hz,5 ms,VA,16:9,4.5
Asus ROG Swift PG259QNR,,https://cdna.pcpartpicker.com/static/forever/images/product/fa4f4f04d36f073eb374fb6755bb806d.256p.jpg,"24.5""",1920 x 1080,360 Hz,1 ms,IPS,16:9,4
AOC C24G1A,,23.6,23.6,1920 x 1080,165 Hz,VA,VA,16:9,0
BenQ MOBIUZ EX321UX,1099.99,https://cdna.pcpartpicker.com/static/forever/images/product/846d2737b6d83476d6e75d3a032aa370.256p.jpg,31.5,3840 x 2160,144 Hz,1 ms,IPS Mini LED,16:9,0
Gigabyte ‎G24F,,23.8,23.8,1920 x 1080,170 Hz,2 ms,IPS,16:9,4.5
Acer KG271U Abmiipx,,https://cdna.pcpartpicker.com/static/forever/images/product/7c50c19be716686a8881259323b27867.256p.jpg,"27.0""",2560 x 1440,144 Hz,1 ms,TN,16:9,4.5
Sceptre C325B-185RD,179.97,31.5,31.5,1920 x 1080,185 Hz,3 ms,VA,16:9,5
MSI MEG 342C QD OLED,1029.99,https://cdna.pcpartpicker.com/static/forever/images/product/f5a0c06d191060c7645b593c78689783.256p.jpg,34.2,3440 x 1440,175 Hz,0.1 ms,QD-OLED,21:9,0
AOC 27G2S,,https://cdna.pcpartpicker.com/static/forever/images/product/fc3e440600d4cc9e1a48b7e82a867b85.256p.jpg,27.0,1920 x 1080,165 Hz,VA,VA,16:9,3
BenQ ZOWIE XL2411K,,https://cdna.pcpartpicker.com/static/forever/images/product/3b52f77a995c1ffad2d0b86098b8c829.256p.jpg,24.0,1920 x 1080,144 Hz,TN,TN,16:9,0
MSI Pro MP2412,,https://cdna.pcpartpicker.com/static/forever/images/product/d30f359f44684c4784f2c2be68125d33.256p.jpg,"23.8""",1920 x 1080,100 Hz,4 ms,VA,16:9,0
Asus ProArt Display PA27JCV,598.99,https://cdna.pcpartpicker.com/static/forever/images/product/481c455f5b713f38a4284286baa7ca08.256p.jpg,"27.0""",5120 x 2880,60 Hz,5 ms,IPS,16:9,5
Philips Evnia 49M2C8900,749.99,https://cdna.pcpartpicker.com/static/forever/images/product/4b945e7fe5fdc53d8bb0571de6a5bfec.256p.jpg,"48.9""",5120 x 1440,240 Hz,0.03 ms,QD-OLED,32:9,0
Asus Eye Care VY27UQ,228,https://cdna.pcpartpicker.com/static/forever/images/product/cfa7cfbd70ade850985ef1845fbcec2e.256p.jpg,"27.0""",3840 x 2160,60 Hz,5 ms,IPS,16:9,0
KTC H27S25E,,https://cdna.pcpartpicker.com/static/forever/images/product/d61681cec36b866ad36d39d438041d9f.256p.jpg,"27.0""",2560 x 1440,240 Hz,,VA,16:9,0
Pixio PX277P,199.99,27,27.0,2560 x 1440,165 Hz,IPS,IPS,16:9,4
BenQ MOBIUZ EX271UZ,781.49,https://cdna.pcpartpicker.com/static/forever/images/product/413282d3ed166abf0e0ebe93f6b89c8d.256p.jpg,"26.5""",3840 x 2160,240 Hz,0.03 ms,QD-OLED,16:9,0
Asus ZenScreen MB229CF,248,,"21.5""",1920 x 1080,100 Hz,5 ms,IPS,16:9,0
LG 27GN850-B,,https://cdna.pcpartpicker.com/static/forever/images/product/976bbd0f31766253493c04a74b3efe8c.256p.jpg,"27.0""",2560 x 1440,144 Hz,1 ms,IPS,16:9,5
Dell P2815Q,,28,28.0,3840 x 2160,30 Hz,5 ms,TN,16:9,0
Dell Alienware AW2518H,,24.5,24.5,1920 x 1080,240 Hz,1 ms,TN,16:9,5
Acer XFA240 bmjdpr,,24,24.0,1920 x 1080,144 Hz,1 ms,TN,16:9,4
Acer VG240Y Pbiip,,23.8,23.8,1920 x 1080,144 Hz,IPS,IPS,16:9,4.5
Gigabyte G27QC,,https://cdna.pcpartpicker.com/static/forever/images/product/54147d45ae10409cccfc6c2ac439a54b.256p.jpg,27.0,2560 x 1440,165 Hz,VA,VA,16:9,4.5
Acer Nitro XZ6,,https://cdna.pcpartpicker.com/static/forever/images/product/372d2ab0ab7b282918d3b73a127b7ad3.256p.jpg,29.5,2560 x 1080,200 Hz,VA,VA,21:9,0
MSI PRO MP273W,,https://cdna.pcpartpicker.com/static/forever/images/product/04eccabd9e9a77011797a19be72adb90.256p.jpg,"27.0""",1920 x 1080,75 Hz,5 ms,IPS,16:9,0
MSI G2412F,464,https://cdna.pcpartpicker.com/static/forever/images/product/c35772274e7b423de8b6fa6a2be8abab.256p.jpg,24.0,1920 x 1080,180 Hz,1 ms,IPS,16:9,4
Acer Nitro ED0 ED270R MBMIIPHX,,,"27.0""",1920 x 1080,165 Hz,,VA,16:9,0
KTC H27P22S,359.99,27,27.0,3840 x 2160,160 Hz,IPS,IPS,16:9,0
Dell UltraSharp U3425WE,667,https://cdna.pcpartpicker.com/static/forever/images/product/7bad2b1aae38bc6c454ca07da05c4f0c.256p.jpg,"34.1""",3440 x 1440,120 Hz,5 ms,IPS,21:9,0
ViewSonic VX3276-2K-MHD,259.99,https://cdna.pcpartpicker.com/static/forever/images/product/29276cd0bddd7f2c60697bd22cf439c3.256p.jpg,"32.0""",2560 x 1440,60 Hz,8 ms,IPS,16:9,4.5
Acer Nitro XV273K Pbmiipphzx,389,https://cdna.pcpartpicker.com/static/forever/images/product/0d5ebfe6a382e2350d79d4dafd9c8f7a.256p.jpg,27.0,3840 x 2160,144 Hz,IPS,IPS,16:9,4
Acer EI272UR Pbmiiipx,259.99,https://cdna.pcpartpicker.com/static/forever/images/product/826cfa058a8d4466f0305641d7d847d1.256p.jpg,27.0,2560 x 1440,144 Hz,4 ms,VA,16:9,4.5
Asus TUF Gaming VG246H1A,129.56,https://cdna.pcpartpicker.com/static/forever/images/product/0e97b7a56d4081395a055a541b382c46.256p.jpg,23.8,1920 x 1080,100 Hz,IPS,IPS,16:9,0
Asus TUF Gaming VG28UQL1A,449,https://cdna.pcpartpicker.com/static/forever/images/product/7eaff54dcffe847768a0086730e30777.256p.jpg,28.0,3840 x 2160,144 Hz,1 ms,IPS,16:9,5
MSI Optix MAG272CQR,379.99,https://cdna.pcpartpicker.com/static/forever/images/product/0a06dd0b591be727a41060c2ab44674e.256p.jpg,27.0,2560 x 1440,165 Hz,1 ms,VA,16:9,4.5
Samsung S33A,76.98,https://cdna.pcpartpicker.com/static/forever/images/product/b5bd75513bb79e953392451647734778.256p.jpg,24.0,1920 x 1080,60 Hz,5 ms,VA,16:9,4
Gigabyte GS27Q,,https://cdna.pcpartpicker.com/static/forever/images/product/858f4f5d17a09fc53974eac8b10630cb.256p.jpg,27.0,2560 x 1440,170 Hz,IPS,IPS,16:9,0
Acer GN246HL,,https://cdna.pcpartpicker.com/static/forever/images/product/14f6742057cc0eab3c876485e50d9f0c.256p.jpg,"24.0""",1920 x 1080,144 Hz,1 ms,TN,16:9,4.5
HP EliteDisplay E233,,https://cdna.pcpartpicker.com/static/forever/images/product/68f756c36cc6c9055f329a1ca93885fb.256p.jpg,23.0,1920 x 1080,60 Hz,IPS,IPS,16:9,4
Acer ED320QR Sbiipx,,https://cdna.pcpartpicker.com/static/forever/images/product/12291addff284d1222e009c1ff8635ad.256p.jpg,31.5,1920 x 1080,165 Hz,VA,VA,16:9,0
Lenovo G27-20,281.92,27,27.0,1920 x 1080,144 Hz,IPS,IPS,16:9,0
HP 24mh,163.19,23.8,23.8,1920 x 1080,60 Hz,5 ms,IPS,16:9,0
INNOCN GA27T1M,,,"27.0""",2560 x 1440,330 Hz,1 ms,IPS Mini LED,16:9,0
Samsung M70B,449.99,https://cdna.pcpartpicker.com/static/forever/images/product/f94fb500ed6402e1f8bb66e8e9022baa.256p.jpg,43.0,3840 x 2160,60 Hz,4 ms,VA,16:9,0
Asus ROG Swift PG32UQXR,459,https://cdna.pcpartpicker.com/static/forever/images/product/b96f5eb67cf381744ee1276e14412da9.256p.jpg,"32.0""",3840 x 2160,160 Hz,1 ms,IPS,16:9,0
Gigabyte MO32U,622.49,https://cdna.pcpartpicker.com/static/forever/images/product/a0acae30ed0daee8c80cfc7a6a4c53ea.256p.jpg,"31.5""",3840 x 2160,165 Hz,0.03 ms,QD-OLED,16:9,0
HP OMEN 27k,549,https://cdna.pcpartpicker.com/static/forever/images/product/03030793c9a33dc6eaafccbad55f0b62.256p.jpg,27.0,3840 x 2160,144 Hz,1 ms,IPS,16:9,5
LG 48GQ900-B,2467.15,https://cdna.pcpartpicker.com/static/forever/images/product/18a6fae70c0d6025248113919115a11f.256p.jpg,47.5,3840 x 2160,120 Hz,0.1 ms,OLED,16:9,5
Philips 271V8LB,109.99,https://cdna.pcpartpicker.com/static/forever/images/product/70de93e9c2108bfd3f1032631f2bdcd2.256p.jpg,27.0,1920 x 1080,100 Hz,4 ms,VA,16:9,0
MSI MAG 274URFW,349.99,https://cdna.pcpartpicker.com/static/forever/images/product/c71fbafb9b5455cc6dac4b616237e6b2.256p.jpg,27.0,3840 x 2160,160 Hz,0.5 ms,IPS,16:9,5
LG 27GN750-B,355,27,27.0,1920 x 1080,240 Hz,1 ms,IPS,16:9,4.5
Sceptre E248W-FPT,88.97,23.8,23.8,1920 x 1080,75 Hz,5 ms,IPS,16:9,0
Asus VG279Q,,https://cdna.pcpartpicker.com/static/forever/images/product/d92c96c08639719bda9f109bec1ad150.256p.jpg,27.0,1920 x 1080,144 Hz,IPS,IPS,16:9,4
Asus VG279QR,219,https://cdna.pcpartpicker.com/static/forever/images/product/0f320f2ff299f3479f5fdad2eba59111.256p.jpg,27.0,1920 x 1080,165 Hz,IPS,IPS,16:9,4
MSI Optix MPG321UR-QD,499.99,https://cdna.pcpartpicker.com/static/forever/images/product/69099795636afd8f52c8ec86a86d65e5.256p.jpg,32.0,3840 x 2160,144 Hz,IPS,IPS,16:9,5
MSI PRO MP273QP E2,148.66,https://cdna.pcpartpicker.com/static/forever/images/product/1765f768dd8b6e5169ad2489aa2a250a.256p.jpg,27.0,2560 x 1440,100 Hz,4 ms,IPS,16:9,0
Samsung S24D300H,,24,24.0,1920 x 1080,60 Hz,2 ms,TN,16:9,4
Dell S2417DG,,https://cdna.pcpartpicker.com/static/forever/images/product/9003752ebef8edca1948e621398d34f0.256p.jpg,"23.8""",2560 x 1440,165 Hz,1 ms,TN,16:9,4.5
Samsung C34F791,,34,34.0,3440 x 1440,100 Hz,4 ms,VA,21:9,4.5
LG 24MP59G-P,,https://cdna.pcpartpicker.com/static/forever/images/product/ffb2fbb4b25cb96e858a72ec3b87eef4.256p.jpg,"23.8""",1920 x 1080,75 Hz,5 ms,IPS,16:9,4.5
Acer Predator XB272 bmiprz,,27,27.0,1920 x 1080,240 Hz,1 ms,TN,16:9,4.5
Dell S2422HG,,https://cdna.pcpartpicker.com/static/forever/images/product/0a6410fe54a26207ae83ada1f10224a5.256p.jpg,"23.6""",1920 x 1080,165 Hz,4 ms,VA,16:9,5
Samsung Odyssey G30A,,https://cdna.pcpartpicker.com/static/forever/images/product/3f4c1ad4b104df062f5b90e18a545a48.256p.jpg,27.0,1920 x 1080,144 Hz,VA,VA,16:9,4.5
Lenovo G24-20,229.99,https://cdna.pcpartpicker.com/static/forever/images/product/2d22da3ee90e1c42ce1dc4c343e9c625.256p.jpg,23.8,1920 x 1080,165 Hz,IPS,IPS,16:9,5
INNOCN 32M2V,,32,32.0,3840 x 2160,144 Hz,1 ms,IPS Mini LED,16:9,0
INNOCN GA27M1Q,,,"27.0""",2560 x 1440,500 Hz,0.03 ms,QD-OLED,16:9,0
Dell Alienware AW3420DW,997.25,34.1,34.1,3440 x 1440,120 Hz,2 ms,IPS,21:9,4.5
ASRock Phantom Gaming PG34QRT2B,,https://cdna.pcpartpicker.com/static/forever/images/product/f61cac67af6c91036fd327c367a5bb9b.256p.jpg,34.0,3440 x 1440,180 Hz,VA,VA,21:9,4
LG 34WQ60C-B,299.99,https://cdna.pcpartpicker.com/static/forever/images/product/94c090c541bc4746d2924119590647dd.256p.jpg,34.0,3440 x 1440,60 Hz,5 ms,IPS,21:9,4
ViewSonic VX2276-SMHD,109.99,https://cdna.pcpartpicker.com/static/forever/images/product/7d37d7f48636f8bfe40dc11ba3c7fe32.256p.jpg,21.5,1920 x 1080,60 Hz,7 ms,IPS,16:9,0
Asus ProArt Display PA329CV,580.74,https://cdna.pcpartpicker.com/static/forever/images/product/202ee1b2b8aa3da6ad8680b3c13cae2a.256p.jpg,"32.0""",3840 x 2160,60 Hz,5 ms,IPS,16:9,4
BenQ PD3226G,899,https://cdna.pcpartpicker.com/static/forever/images/product/dc895884930ca68eae1d36d1ac9162da.256p.jpg,"31.5""",3840 x 2160,144 Hz,1 ms,Nano IPS,16:9,0
ViewSonic VX3267U-4K,369.99,https://cdna.pcpartpicker.com/static/forever/images/product/426caf9ef0f06af278130c618eeeb77b.256p.jpg,31.5,3840 x 2160,60 Hz,4 ms,16:9,16:9,0
MSI PRO MP253W,124.79,24.5,24.5,1920 x 1080,100 Hz,4 ms,IPS,16:9,0
Acer EB321HQ Awi,169.99,https://cdna.pcpartpicker.com/static/forever/images/product/a40389dd6afa303cfc9c3231d415c7bd.256p.jpg,31.5,1920 x 1080,60 Hz,4 ms,IPS,16:9,0
Asus TUF GAMING VG247Q1A,149,https://cdna.pcpartpicker.com/static/forever/images/product/530f71c42fe512ebbd2808126e669bd1.256p.jpg,23.8,1920 x 1080,165 Hz,VA,VA,16:9,4.5
BenQ GW2790QT,288.43,https://cdna.pcpartpicker.com/static/forever/images/product/634cfb838b8509669188f6ee1e7b1e35.256p.jpg,27.0,2560 x 1440,75 Hz,5 ms,16:9,16:9,0
Asus ROG SWIFT PG35VQ,466.71,https://cdna.pcpartpicker.com/static/forever/images/product/b28c92b73faa64d2b1e830cb02cba72d.256p.jpg,"35.0""",3440 x 1440,200 Hz,2 ms,VA,21:9,5
AOC CQ27G2,,27,27.0,2560 x 1440,144 Hz,VA,VA,16:9,5
Asus ProArt PQ22UC,,https://cdna.pcpartpicker.com/static/forever/images/product/e7df59d6c898ca9e03336dd589c70a2d.256p.jpg,"21.6""",3840 x 2160,60 Hz,1 ms,OLED,16:9,0
Philips Evnia,,https://cdna.pcpartpicker.com/static/forever/images/product/8a5c9de8228c3ab6b94f09dbf1687f79.256p.jpg,"41.5""",3840 x 2160,138 Hz,1 ms,OLED,16:9,0
AOC AGON AG246FK,758.32,https://cdna.pcpartpicker.com/static/forever/images/product/50ac8fe86298f524da79ff514e9d9d2a.256p.jpg,"24.1""",1920 x 1080,540 Hz,0.5 ms,TN,16:9,0
Samsung LC24FG73,,https://cdna.pcpartpicker.com/static/forever/images/product/209b3dbcf4408a43e3c747199a02b556.256p.jpg,"23.5""",1920 x 1080,144 Hz,1 ms,VA,16:9,4
LG UltraGear 38GN950-B,1440.59,https://cdna.pcpartpicker.com/static/forever/images/product/1f7f77ccc457cef34259697c6fdcc440.256p.jpg,"38.0""",3840 x 1600,160 Hz,1 ms,IPS,12:5,4.5
VIOTEK GFV22CB,,22,22.0,1920 x 1080,144 Hz,5 ms,VA,16:9,4.5
Acer XB273U GSbmiiprzx,399.99,https://cdna.pcpartpicker.com/static/forever/images/product/5883a5c1dd51c8c6771973344ae42cc2.256p.jpg,27.0,2560 x 1440,165 Hz,IPS,IPS,16:9,4.5
Acer Nitro VG242YP,,https://cdna.pcpartpicker.com/static/forever/images/product/1bd282e0b3d7b633112193ae822645b7.256p.jpg,"23.8""",1920 x 1080,165 Hz,1 ms,IPS,16:9,4
Gigabyte M32Q,,https://cdna.pcpartpicker.com/static/forever/images/product/b005fb54e50cceefae3011586a2c08a0.256p.jpg,"31.5""",2560 x 1440,170 Hz,1 ms,IPS,16:9,4.5
Dell S2421HGF,220,24,24.0,1920 x 1080,144 Hz,1 ms,TN,16:9,0
HP X27q,229,https://cdna.pcpartpicker.com/static/forever/images/product/24252ada5591ffda57b4099ad8c353d6.256p.jpg,27.0,2560 x 1440,165 Hz,1 ms,IPS,16:9,4.5
BenQ MOBIUZ EX2710S,,https://cdna.pcpartpicker.com/static/forever/images/product/c7225799f6366e0751913c3f71e9608d.256p.jpg,"27.0""",1920 x 1080,165 Hz,2 ms,IPS,16:9,0
Gigabyte M27QA,249.99,https://cdna.pcpartpicker.com/static/forever/images/product/fc0fce892ada963b8d9bb5c09e28a50e.256p.jpg,27.0,2560 x 1440,180 Hz,,16:9,16:9,0
INNOCN 25M2S,,,"24.5""",2560 x 1440,240 Hz,1 ms,IPS Mini LED,16:9,0
TCL 32G64,,https://cdna.pcpartpicker.com/static/forever/images/product/1e87647ca18bfa52e0739376afee2e67.256p.jpg,"31.5""",2560 x 1440,180 Hz,1 ms,VA QD-Mini LED,16:9,0
Acer Predator X34 Xbmiiphuzx,,,"34.0""",3440 x 1440,240 Hz,,QD-OLED,21:9,0
LG UltraGear 27GN60R-B,,https://cdna.pcpartpicker.com/static/forever/images/product/1502c8c46742efd37b82c0a23ef31c16.256p.jpg,"27.0""",1920 x 1080,144 Hz,1 ms,IPS,16:9,0
AOC AGON AG256FS,299.99,https://cdna.pcpartpicker.com/static/forever/images/product/50ac8fe86298f524da79ff514e9d9d2a.256p.jpg,"24.5""",1920 x 1080,390 Hz,1 ms,IPS,16:9,0
Gigabyte M27UA,449.99,https://cdna.pcpartpicker.com/static/forever/images/product/d5e6aa08d931673686aa8372c288329d.256p.jpg,27.0,3840 x 2160,160 Hz,5 ms,IPS,16:9,5
LG 27GQ40W-B,169,https://cdna.pcpartpicker.com/static/forever/images/product/c8a9e7321530e1389011b47de15d1df6.256p.jpg,27.0,1920 x 1080,165 Hz,5 ms,VA,16:9,3.5
Asus ROG SWIFT PG278QR,,27,27.0,2560 x 1440,165 Hz,1 ms,TN,16:9,4.5
Acer EK220Q Abi,89.99,21.5,21.5,1920 x 1080,75 Hz,5 ms,VA,16:9,0
LG 25UM58-P,,https://cdna.pcpartpicker.com/static/forever/images/product/7eac5c030f9d89354ae322bc641ddfd3.256p.jpg,"25.0""",2560 x 1080,75 Hz,5 ms,IPS,21:9,4.5
AOC E2270SWHN,,https://cdna.pcpartpicker.com/static/forever/images/product/a99d9f05baf8c43a6ba649128a158092.256p.jpg,"21.5""",1920 x 1080,60 Hz,5 ms,TN,16:9,4
MSI Optix G27C4,,https://cdna.pcpartpicker.com/static/forever/images/product/7a9d25af0be4b9cb0c046096c8d5107a.256p.jpg,27.0,1920 x 1080,165 Hz,VA,VA,16:9,4.5
Asus TUF Gaming VG289Q,450,https://cdna.pcpartpicker.com/static/forever/images/product/ee21b02140e7134ff445c5bbf8014d35.256p.jpg,28.0,3840 x 2160,60 Hz,5 ms,IPS,16:9,4.5
Acer XV240Y Pbmiiprx,168.72,https://cdna.pcpartpicker.com/static/forever/images/product/6300caa53ed2b427d033e8d35176ac4b.256p.jpg,23.8,1920 x 1080,165 Hz,IPS,IPS,16:9,4.5
Gigabyte GS27QXA,,,"27.0""",2560 x 1440,240 Hz,,IPS,16:9,0
Gigabyte G34WQCP,183.49,https://cdna.pcpartpicker.com/static/forever/images/product/b3a4ccb86461336645d3bc2db3d75b6a.256p.jpg,34.0,3440 x 1440,180 Hz,VA,VA,21:9,0
Dell E2423H,110,https://cdna.pcpartpicker.com/static/forever/images/product/ef561e01fe2dbf53645fd64c27d03853.256p.jpg,"23.8""",1920 x 1080,60 Hz,5 ms,VA,16:9,0
AOC AGON PRO AG275QXL,231.39,27,27.0,2560 x 1440,170 Hz,1 ms,IPS,16:9,0
Acer EB321HQ Abi,199.99,https://cdna.pcpartpicker.com/static/forever/images/product/25cacd58eceb9d3fdb3309b58e1b2729.256p.jpg,31.5,1920 x 1080,60 Hz,4 ms,IPS,16:9,5
Samsung LF27T350FHNXZA,187.99,https://cdna.pcpartpicker.com/static/forever/images/product/1522e6828da0ae04de4d16e4647ae0e1.256p.jpg,27.0,1920 x 1080,75 Hz,5 ms,IPS,16:9,4.5
MSI Optix G32CQ4 E2,332.19,https://cdna.pcpartpicker.com/static/forever/images/product/fdbf02ba8eb5337d2d8ce93f4a7d0059.256p.jpg,31.5,2560 x 1440,170 Hz,VA,VA,16:9,5
Dell SE2422H,97,https://cdna.pcpartpicker.com/static/forever/images/product/1da1e75a363cd784de208a9808ad4ca1.256p.jpg,"24.0""",1920 x 1080,75 Hz,5 ms,VA,16:9,0
ViewSonic OMNI VX2428J,179,https://cdna.pcpartpicker.com/static/forever/images/product/4d99f6ac8ad25290afbcda283365796f.256p.jpg,23.8,1920 x 1080,180 Hz,IPS,IPS,16:9,0
MSI G255PF E2,124.99,https://cdna.pcpartpicker.com/static/forever/images/product/48db995b93a7c091d5e4cde394a43e8d.256p.jpg,24.5,1920 x 1080,180 Hz,1 ms,IPS,16:9,4.5
Apple LED Cinema,,27,27.0,2560 x 1440,12,12 ms,IPS,16:9,3.5
Dell U2414H,,23.8,23.8,1920 x 1080,60 Hz,8 ms,IPS,16:9,4
AOC G2460PF,,https://cdna.pcpartpicker.com/static/forever/images/product/66abde23187f6a4064e9b7fb0f533fac.256p.jpg,"24.0""",1920 x 1080,144 Hz,1 ms,TN,16:9,4.5
Dell P2417H,229,https://cdna.pcpartpicker.com/static/forever/images/product/0477d553975d936c4cc4f5dcd93c7352.256p.jpg,23.8,1920 x 1080,60 Hz,6 ms,IPS,16:9,0
Philips 243V7QJAB,142.5,https://cdna.pcpartpicker.com/static/forever/images/product/a7e07b6b41fef8bae8a694c69fa08d9e.256p.jpg,23.8,1920 x 1080,60 Hz,4 ms,IPS,16:9,4
Lenovo Legion Y27q-20,349,https://cdna.pcpartpicker.com/static/forever/images/product/c58e3ac84151191d72582e4315355cd6.256p.jpg,27.0,2560 x 1440,165 Hz,IPS,IPS,16:9,4.5
AOC 27G2U/BK,,https://cdna.pcpartpicker.com/static/forever/images/product/d427b593395aa6385ead02adc8bc7148.256p.jpg,27.0,1920 x 1080,144 Hz,IPS,IPS,16:9,5
Asus TUF Gaming VG258QM,,https://cdna.pcpartpicker.com/static/forever/images/product/9f6c36342466bb1cf7462a35ecf7d6f6.256p.jpg,"24.5""",1920 x 1080,280 Hz,0.5 ms,TN,16:9,0
Acer KB272 bi,,https://cdna.pcpartpicker.com/static/forever/images/product/ad597b64e692b4511fdcc4632928ddb6.256p.jpg,27.0,1920 x 1080,75 Hz,IPS,IPS,16:9,5
Asus VY249HE,109,https://cdna.pcpartpicker.com/static/forever/images/product/5ee8320258e24ce17b6b4ea389161373.256p.jpg,23.8,1920 x 1080,75 Hz,IPS,IPS,16:9,0
Acer Predator CG48 bmiiiipuzx,,https://cdna.pcpartpicker.com/static/forever/images/product/28461709a1920037850ba04308dffa49.256p.jpg,"48.0""",3840 x 2160,138 Hz,0.01 ms,OLED,16:9,0
Acer AOpen 24HC1QR,,23.6,23.6,1920 x 1080,144 Hz,VA,VA,16:9,0
iiyama G-MASTER GB2770HSU-B5,,https://cdna.pcpartpicker.com/static/forever/images/product/76b2f9b3a062a28d6a8d5eae416f4512.256p.jpg,27.0,1920 x 1080,165 Hz,IPS,IPS,16:9,0
Acer Nitro XV275K P3,538.09,27,27.0,3840 x 2160,160 Hz,1 ms,IPS Mini LED,16:9,0
LG 34GL750-B,,https://cdna.pcpartpicker.com/static/forever/images/product/99c9bda299349d52f4f3fa66f58f1d49.256p.jpg,"34.0""",2560 x 1080,144 Hz,5 ms,IPS,21:9,4.5
Sceptre C345W-2560UN,250.96,34,34.0,2560 x 1080,100 Hz,6 ms,VA,21:9,0
Philips 328E1CA,249,https://cdna.pcpartpicker.com/static/forever/images/product/e2f03789803350d9bd81d03b126ffb84.256p.jpg,"31.5""",3840 x 2160,60 Hz,4 ms,VA,16:9,5
Dell U3223QE,798.99,https://cdna.pcpartpicker.com/static/forever/images/product/c4be231a609318be21482b17e185dfae.256p.jpg,"31.5""",3840 x 2160,60 Hz,5 ms,IPS,16:9,0
Asus ROG Strix XG309CM,,https://cdna.pcpartpicker.com/static/forever/images/product/cff8973ce50484cec1ffabba2674c75f.256p.jpg,"29.5""",2560 x 1080,220 Hz,1 ms,IPS,21:9,5
HP VH240a,288,23.8,23.8,1920 x 1080,60 Hz,5 ms,IPS,16:9,4.5
LG 27UL500-W,299.99,https://cdna.pcpartpicker.com/static/forever/images/product/274d445eb56eee4ad52acb4e40549a43.256p.jpg,27.0,3840 x 2160,60 Hz,5 ms,IPS,16:9,5
LG 32GK650F-B,,https://cdna.pcpartpicker.com/static/forever/images/product/7d2f40657f408bcaec611b8d03e92d19.256p.jpg,"32.0""",2560 x 1440,144 Hz,5 ms,VA,16:9,4.5
LG 32GN550-B,345,https://cdna.pcpartpicker.com/static/forever/images/product/6e66ca024bf9129fdaedef1dd8c8c855.256p.jpg,32.0,1920 x 1080,165 Hz,5 ms,VA,16:9,5
Asus ProArt Display PA247CV,158.99,https://cdna.pcpartpicker.com/static/forever/images/product/900ad95d37a26722df7d38b90735c174.256p.jpg,"23.8""",1920 x 1080,75 Hz,5 ms,IPS,16:9,0
Samsung CRG5,189.49,https://cdna.pcpartpicker.com/static/forever/images/product/916b7a2462914420d6e8de565b851b3d.256p.jpg,24.0,1920 x 1080,144 Hz,4 ms,VA,16:9,0
Acer KB242Y Abi,129.99,https://cdna.pcpartpicker.com/static/forever/images/product/ad597b64e692b4511fdcc4632928ddb6.256p.jpg,23.8,1920 x 1080,75 Hz,VA,VA,16:9,0
Sceptre C248B-FWT168,168.89,23.6,23.6,1920 x 1080,165 Hz,VA,VA,16:9,0
Samsung Odyssey 3D G90XF,1981.98,https://cdna.pcpartpicker.com/static/forever/images/product/a55edbddda5726a534ee6a25e8ff5de2.256p.jpg,27.0,3840 x 2160,165 Hz,1 ms,IPS,16:9,0
Acer XB271HU bmiprz,,https://cdna.pcpartpicker.com/static/forever/images/product/ac318cf61622a7e45350e6ff262e8a86.256p.jpg,"27.0""",2560 x 1440,165 Hz,4 ms,IPS,16:9,4.5
BenQ MOBIUZ EX240N,139.99,https://cdna.pcpartpicker.com/static/forever/images/product/e993f8651b1582cb77c5e46f799269b7.256p.jpg,23.8,1920 x 1080,165 Hz,4 ms,VA,16:9,3
Asus VY279HE-W,119,https://cdna.pcpartpicker.com/static/forever/images/product/1bc0fca08df80dbc4659c5327d901fce.256p.jpg,27.0,1920 x 1080,75 Hz,IPS,IPS,16:9,5
MSI Pro MP243XW,154.94,23.8,23.8,1920 x 1080,100 Hz,4 ms,IPS,16:9,5
Dell U2412M,,https://cdna.pcpartpicker.com/static/forever/images/product/f33b0a59d69aa86fc10da185eaf4065e.256p.jpg,"24.0""",1920 x 1200,60 Hz,8 ms,IPS,16:10,4.5
HP L1506x,,15,15.0,1024 x 768,75 Hz,8 ms,4:3,4:3,4
Samsung CHG90,,https://cdna.pcpartpicker.com/static/forever/images/product/17317f21a0bb4e24ec235dcca86101bd.256p.jpg,"49.0""",3840 x 1080,144 Hz,1 ms,VA,32:9,4.5
Asus ROG STRIX XG27VQ,,https://cdna.pcpartpicker.com/static/forever/images/product/c36031ac18800b13d2bc9afabe7ad291.256p.jpg,"27.0""",1920 x 1080,144 Hz,4 ms,VA,16:9,5
MSI Optix MAG271CQR,,https://cdna.pcpartpicker.com/static/forever/images/product/8cf2c3d8c154fdea3b12bc223b643eab.256p.jpg,"27.0""",2560 x 1440,144 Hz,1 ms,VA,16:9,4.5
Asus ROG STRIX XG32VQR,,https://cdna.pcpartpicker.com/static/forever/images/product/eb3bb30c4ee725e40bacc8782bde999a.256p.jpg,"32.0""",2560 x 1440,144 Hz,4 ms,VA,16:9,4.5
AOC C27G2,,https://cdna.pcpartpicker.com/static/forever/images/product/90cfc3b721b756bd829601819aea716b.256p.jpg,27.0,1920 x 1080,165 Hz,VA,VA,16:9,4.5
iiyama G-Master GB3466WQSU-B1,,https://cdna.pcpartpicker.com/static/forever/images/product/b33570dd88ca4507593bd9ad8e2d228e.256p.jpg,34.0,3440 x 1440,144 Hz,VA,VA,21:9,5
Acer EK241Y,,https://cdna.pcpartpicker.com/static/forever/images/product/d8d44211ae82ab05f2d342d0062778b7.256p.jpg,"23.8""",1920 x 1080,75 Hz,4 ms,IPS,16:9,0
HUAWEI MateView GT Sound Edition,,34,34.0,3440 x 1440,165 Hz,4 ms,VA,21:9,4.5
Acer XV252Q Zbmiiprx,,24.5,24.5,1920 x 1080,280 Hz,IPS,IPS,16:9,0
Asus TUF GAMING VG279QL1A,222.99,https://cdna.pcpartpicker.com/static/forever/images/product/f00165eb92ed01df6e1a3b66d38baf81.256p.jpg,27.0,1920 x 1080,165 Hz,IPS,IPS,16:9,5
Dell S3221QS,573.94,https://cdna.pcpartpicker.com/static/forever/images/product/95460e4772c3165b4ec7ee8092ad04fa.256p.jpg,32.0,3840 x 2160,60 Hz,4 ms,VA,16:9,0
Philips 221V8LN/27,,https://cdna.pcpartpicker.com/static/forever/images/product/270567a3be2c542e2a82cb2bfe2a4e9c.256p.jpg,"22.0""",1920 x 1080,75 Hz,4 ms,VA,16:9,4
MSI G2412V,144.99,https://cdna.pcpartpicker.com/static/forever/images/product/d385d74259d6910c59a3f30f507efff5.256p.jpg,23.8,1920 x 1080,100 Hz,IPS,IPS,16:9,0
MSI MAG 325CQRF-QD,349.99,https://cdna.pcpartpicker.com/static/forever/images/product/da6b48252b2a6e90afaa1e65f9242a34.256p.jpg,31.5,2560 x 1440,170 Hz,1 ms,VA,16:9,0
Acer Vero V7 V227Q E3,112.64,https://cdna.pcpartpicker.com/static/forever/images/product/03de08ddc879c3631b72b1b4c4bc8aa6.256p.jpg,21.5,1920 x 1080,100 Hz,4 ms,IPS,16:9,0
ViewSonic XG341C-2K,669.74,https://cdna.pcpartpicker.com/static/forever/images/product/159204aa65c9eca0c10a6d0b2bf49a08.256p.jpg,34.0,3440 x 1440,200 Hz,Mini LED VA,VA Mini LED,21:9,0
LG 32GK650G-B,399,https://cdna.pcpartpicker.com/static/forever/images/product/47ba5224cd6892ea70aa531ca680ab5f.256p.jpg,32.0,2560 x 1440,165 Hz,5 ms,VA,16:9,5
Asus VA27EHE,146.95,https://cdna.pcpartpicker.com/static/forever/images/product/63dfa8b9cb62e75d8144229e264f53a6.256p.jpg,27.0,1920 x 1080,75 Hz,IPS,IPS,16:9,3.5
Asus ROG SWIFT PG248Q,,https://cdna.pcpartpicker.com/static/forever/images/product/dee6c2b0c139fe76a475b0b7ddbc065e.256p.jpg,"24.0""",1920 x 1080,180 Hz,1 ms,TN,16:9,4.5
Asus ProArt Display PA32UCR-K,1099,https://cdna.pcpartpicker.com/static/forever/images/product/763309cd6439a1d6f0379278840399f5.256p.jpg,32.0,3840 x 2160,60 Hz,5 ms,IPS Mini LED,16:9,0
AOC CU34G2X/BK,599.99,https://cdna.pcpartpicker.com/static/forever/images/product/5be6fdd27129bbfd49b2ea66187482ba.256p.jpg,34.0,3440 x 1440,144 Hz,VA,VA,21:9,4.5
Samsung S22E200B,,https://cdna.pcpartpicker.com/static/forever/images/product/616f8826a479cc2164855711130278e7.256p.jpg,"21.5""",1920 x 1080,60 Hz,5 ms,TN,16:9,5
Dell P2219H,245,https://cdna.pcpartpicker.com/static/forever/images/product/62a4ed4b78d76d05b9f0a0a65a253a76.256p.jpg,"21.5""",1920 x 1080,60 Hz,5 ms,IPS,16:9,5
Asus VA24DQ,225.55,https://cdna.pcpartpicker.com/static/forever/images/product/b491ee4e78fc24327af0841c6d83fe4b.256p.jpg,23.8,1920 x 1080,75 Hz,IPS,IPS,16:9,5
LG 22MP410-B,96.95,https://cdna.pcpartpicker.com/static/forever/images/product/ac1379fdce61ce3e2b71f3e9d6208eeb.256p.jpg,21.5,1920 x 1080,75 Hz,20 ms,VA,16:9,5
LG 27EP950,2999.99,https://cdna.pcpartpicker.com/static/forever/images/product/b7fc495267d6a775c8f8807a6b97a6d4.256p.jpg,27.0,3840 x 2160,60 Hz,1 ms,OLED,16:9,0
AOC 24G2E,,23.8,23.8,1920 x 1080,144 Hz,4 ms,IPS,16:9,0
BenQ PD2705U,329.99,https://cdna.pcpartpicker.com/static/forever/images/product/37730491d36bb7195882992b2b8741dd.256p.jpg,"27.0""",3840 x 2160,60 Hz,5 ms,IPS,16:9,0
Gigabyte G32QC,400.81,https://cdna.pcpartpicker.com/static/forever/images/product/3900b52b103cd0944149c38f1a1144bf.256p.jpg,31.5,2560 x 1440,165 Hz,,16:9,16:9,4
Samsung Odyssey G9 C49G97T,1609.99,https://cdna.pcpartpicker.com/static/forever/images/product/1c3449001f4d13277a4b39a59ddf68f7.256p.jpg,48.8,5120 x 1440,240 Hz,1 ms,VA,32:9,4
AOC G2 CQ32G2S,375,https://cdna.pcpartpicker.com/static/forever/images/product/16b3bc807358726d0867d9e65bfaeb6c.256p.jpg,31.5,2560 x 1440,165 Hz,VA,VA,16:9,5
Asus ROG Strix XG32AQ,,https://cdna.pcpartpicker.com/static/forever/images/product/f280f90f70ee45929873bf131292b498.256p.jpg,"32.0""",2560 x 1440,175 Hz,1 ms,IPS,16:9,0
MSI Optix MAG321CQR,,31.5,31.5,2560 x 1440,144 Hz,1 ms,VA,16:9,4.5
LG 22MK430H-B,,https://cdna.pcpartpicker.com/static/forever/images/product/42ccac85af15333aee1f274ad5ccf955.256p.jpg,"21.5""",1920 x 1080,75 Hz,5 ms,IPS,16:9,4.5
Samsung S24R350,239,https://cdna.pcpartpicker.com/static/forever/images/product/fa6efb56e1c9814043d4cdf2303e7f44.256p.jpg,23.8,1920 x 1080,75 Hz,5 ms,IPS,16:9,3.5
Lenovo ThinkVision S24e-10,269.83,https://cdna.pcpartpicker.com/static/forever/images/product/9372dc6bacc863cac32d7e76eb6a9b33.256p.jpg,23.8,1920 x 1080,60 Hz,VA,VA,16:9,5
AOC C27G2ZE/BK,,https://cdna.pcpartpicker.com/static/forever/images/product/b1d5e50943fd32231a40ef7c7ea87d4c.256p.jpg,27.0,1920 x 1080,240 Hz,VA,VA,16:9,4.5
Acer XV241Y Xbmiiprx,,https://cdna.pcpartpicker.com/static/forever/images/product/af1c172efd0c3cad69f4fbb24fa7b253.256p.jpg,23.8,1920 x 1080,240 Hz,IPS,IPS,16:9,0
Gigabyte G34WQC A,,https://cdna.pcpartpicker.com/static/forever/images/product/52eaa7162359ce5ad4a9871daadc9814.256p.jpg,34.0,3440 x 1440,144 Hz,VA,VA,21:9,5
HUAWEI MateView GT,,https://cdna.pcpartpicker.com/static/forever/images/product/0838fcd4c3fe2cc234adf3fd307275c1.256p.jpg,27.0,2560 x 1440,165 Hz,VA,VA,16:9,0
Dell Alienware AW3821DW,,https://cdna.pcpartpicker.com/static/forever/images/product/4ac499b4d09a7399962592e36c0a2067.256p.jpg,"37.5""",3840 x 1600,144 Hz,1 ms,IPS,12:5,5
MSI MAG 323UPF,,https://cdna.pcpartpicker.com/static/forever/images/product/42b0adb7ee66b485a98b337167bb5469.256p.jpg,"32.0""",3840 x 2160,160 Hz,1 ms,IPS,16:9,4.5
Acer ED270R S3,181.98,https://cdna.pcpartpicker.com/static/forever/images/product/5265034f245916fc81a5046be4abe972.256p.jpg,27.0,1920 x 1080,180 Hz,VA,VA,16:9,0
Sceptre E275B-QPN168,180.98,27,27.0,2560 x 1440,144 Hz,1 ms,IPS,16:9,0
HP Omen 32c,319.99,https://cdna.pcpartpicker.com/static/forever/images/product/878ca570ac82471e6dbfa10353841a2a.256p.jpg,31.5,2560 x 1440,165 Hz,1 ms,VA,16:9,0
LC-Power M27-QHD-144-C-V2,,https://cdna.pcpartpicker.com/static/forever/images/product/4c8b7fa1efb29c67c7cd303ca19e9e99.256p.jpg,"27.0""",2560 x 1440,144 Hz,4 ms,VA,16:9,4
KTC Q24T09,144.99,24,24.0,2560 x 1440,180 Hz,IPS,IPS,16:9,5
ASRock PG32QFT,233.99,https://cdna.pcpartpicker.com/static/forever/images/product/b05f90bff9012a0dd5347864a340b6f9.256p.jpg,"32.0""",2560 x 1439,180 Hz,1 ms,IPS,2561:439,0
Pixio Luma OLED Aura (Gen 2),,,"27.0""",2560 x 1440,240 Hz,0.03 ms,WOLED,16:9,0
Acer Predator X27U X1bmiiphx,,https://cdna.pcpartpicker.com/static/forever/images/product/bd8742fbeef6166e6bd97eb154ee8691.256p.jpg,"26.5""",2560 x 1440,240 Hz,0.03 ms,QD-OLED,16:9,0
AOC Q27V3,199.99,27,27.0,2560 x 1440,75 Hz,5 ms,IPS,16:9,0
Asus VP229Q,204.08,https://cdna.pcpartpicker.com/static/forever/images/product/72e9dbde96d060385284685fbde9a3fd.256p.jpg,"21.5""",1920 x 1080,75 Hz,5 ms,IPS,16:9,5
Asus TUF Gaming VG34VQEL1A,199,https://cdna.pcpartpicker.com/static/forever/images/product/80bb3cd815ad44433182ffee20bde111.256p.jpg,34.0,3440 x 1440,100 Hz,VA,VA,21:9,0
Asus ROG Strix XG27AQ,289.74,https://cdna.pcpartpicker.com/static/forever/images/product/394f734a8541b8110d82adb9537294d0.256p.jpg,"27.0""",2560 x 1440,170 Hz,1 ms,IPS,16:9,4.5
Gigabyte AORUS FO27Q2,599.99,https://cdna.pcpartpicker.com/static/forever/images/product/8087cb2f5ad0bc96b679b33ac9d62058.256p.jpg,27.0,2560 x 1440,240 Hz,0.03 ms,QD-OLED,16:9,5
Acer XV272 Sbmiiprx,,https://cdna.pcpartpicker.com/static/forever/images/product/60895fd3cef2d44b32b07b45dbe49ece.256p.jpg,27.0,1920 x 1080,144 Hz,IPS,IPS,16:9,0
ViewSonic VX2718-PC-MHD,238,https://cdna.pcpartpicker.com/static/forever/images/product/75711a1cefd9bbb21adab04441afa608.256p.jpg,"27.0""",1920 x 1080,165 Hz,5 ms,VA,16:9,0
MSI MPG 274URF QD,375,https://cdna.pcpartpicker.com/static/forever/images/product/84f82834d1280c96e31bd761ca9006f0.256p.jpg,27.0,3840 x 2160,160 Hz,0.5 ms,IPS,16:9,4
Samsung T55,,https://cdna.pcpartpicker.com/static/forever/images/product/6bcb45d47d5d3d27f8f3f1fa9ef542b7.256p.jpg,27.0,1920 x 1080,75 Hz,4 ms,16:9,16:9,4
ASRock Phantom Gaming PG27FRS1A,115,https://cdna.pcpartpicker.com/static/forever/images/product/be7431ea78eb7454c50810331518735c.256p.jpg,27.0,1920 x 1080,180 Hz,VA,VA,16:9,0
MSI Optix MAG274QRF,299,https://cdna.pcpartpicker.com/static/forever/images/product/30f6ad5628a5425e94939b431bd85d55.256p.jpg,27.0,2560 x 1440,165 Hz,1 ms,IPS,16:9,5
Dell P2722H CVAA,,https://cdna.pcpartpicker.com/static/forever/images/product/fafd291bc7c7e93f9adeee1cf9888fdb.256p.jpg,"27.0""",1920 x 1080,60 Hz,5 ms,IPS,16:9,0
ViewSonic VX2728J,179.99,https://cdna.pcpartpicker.com/static/forever/images/product/10dbd475146cb83b98331c3960e6b492.256p.jpg,27.0,1920 x 1080,180 Hz,2.5 ms,IPS,16:9,0
Acer ‎Predator X32 X3bmiiphuzx,,31.5,31.5,3840 x 2160,240 Hz,0.03 ms,OLED,16:9,0
LG UltraGear OLED 34GS95QE-W,,https://cdna.pcpartpicker.com/static/forever/images/product/8fb545bf73c3ff004c2fab2538c41215.256p.jpg,"34.0""",3440 x 1440,240 Hz,0.03 ms,WOLED,21:9,0
Sceptre E248W-1920,88.96,https://cdna.pcpartpicker.com/static/forever/images/product/085418fce53c94bab7edf0fd41a21bb0.med.256p.jpg,24.0,1920 x 1080,60 Hz,5 ms,16:9,16:9,4
Asus TUF GAMING VG27WQ,882,https://cdna.pcpartpicker.com/static/forever/images/product/6c0f80771eecb87e5d47db192fa4616f.256p.jpg,27.0,2560 x 1440,165 Hz,VA,VA,16:9,4
Lenovo Legion Y25g-30,609.99,https://cdna.pcpartpicker.com/static/forever/images/product/8ead60ec6c5e57e6a7db65e7ff899ae9.256p.jpg,24.5,1920 x 1080,360 Hz,IPS,IPS,16:9,0
AOC AGON Pro AG276QSG2,558.95,,"27.0""",2560 x 1440,360 Hz,1 ms,IPS,16:9,0
Acer H236HLbid,,https://cdna.pcpartpicker.com/static/forever/images/product/ac0ff3a8bbf08267992a8fdb602ba146.med.256p.jpg,"23.0""",1920 x 1080,60 Hz,5 ms,IPS,16:9,4.5
ViewSonic VA2055SM,287.13,19.5,19.5,1920 x 1080,60 Hz,25 ms,VA,16:9,3
Samsung S24F350FH,,https://cdna.pcpartpicker.com/static/forever/images/product/1fb2c46458568b90717b96013614f929.256p.jpg,"23.5""",1920 x 1080,60 Hz,4 ms,PLS,16:9,5
Samsung LC27F396FHNXZA,,https://cdna.pcpartpicker.com/static/forever/images/product/28cc727445e3f4808e0b089314792886.256p.jpg,"27.0""",1920 x 1080,60 Hz,4 ms,VA,16:9,3.5
BenQ EX3501R,999.99,35,35.0,3440 x 1440,100 Hz,4 ms,VA,21:9,4.5
ViewSonic VX2758-2KP-MHD,,https://cdna.pcpartpicker.com/static/forever/images/product/bcc446439651e470833679e53e47177e.256p.jpg,"27.0""",2560 x 1440,144 Hz,3 ms,IPS,16:9,4.5
BenQ EW2780Q,398.01,https://cdna.pcpartpicker.com/static/forever/images/product/8ec1e428e48d49e22efffe27b0165700.256p.jpg,27.0,2560 x 1440,60 Hz,5 ms,IPS,16:9,0
Eizo FlexScan EV2730Q,,https://cdna.pcpartpicker.com/static/forever/images/product/8958d02c34d8b4f1c217be924aad4e3a.256p.jpg,"26.5""",1920 x 1920,60 Hz,5 ms,IPS,1:1,0
Samsung Odyssey G3 F27G35TF,289.99,https://cdna.pcpartpicker.com/static/forever/images/product/e9f0435d9238e21661f75b90738cf7a0.256p.jpg,27.0,1920 x 1080,144 Hz,VA,VA,16:9,4.5
Dell G2722HS,,https://cdna.pcpartpicker.com/static/forever/images/product/fcd443b08867a6c3a44910d27912a959.256p.jpg,"27.0""",1920 x 1080,165 Hz,1 ms,IPS,16:9,5
LG 27MP400-B,206.89,https://cdna.pcpartpicker.com/static/forever/images/product/27be377eb06e3fc907dd0f787ec314c9.256p.jpg,"27.0""",1920 x 1080,75 Hz,5 ms,IPS,16:9,0
Gigabyte AORUS FI32Q-X,,https://cdna.pcpartpicker.com/static/forever/images/product/510c00fdf900dfa3a600d07a97697644.256p.jpg,"32.0""",2560 x 1440,270 Hz,1 ms,IPS,16:9,0
Sceptre E275B-QPD168,,27,27.0,2560 x 1440,165 Hz,1 ms,IPS,16:9,0
LG 34GP83A-B,749.99,34,34.0,3440 x 1440,144 Hz,1 ms,IPS,21:9,4.5
LG 34WQ650-W,319,https://cdna.pcpartpicker.com/static/forever/images/product/16bdb44022cb646dfd60e5efd5ec5be0.256p.jpg,34.0,2560 x 1080,100 Hz,5 ms,IPS,21:9,0
Asus ROG Swift PG32UQR,849,https://cdna.pcpartpicker.com/static/forever/images/product/9ef689574cd244570dc3726c184329fa.256p.jpg,32.0,3840 x 2160,144 Hz,IPS,IPS,16:9,4
ASRock PGO27QSA-W,,https://cdna.pcpartpicker.com/static/forever/images/product/785211800c6f54bae2786b9fcd49517d.256p.jpg,"27.0""",2560 x 1440,240 Hz,0.03 ms,QD-OLED,16:9,0
Acer XZ396QU Pwmiipphx,,https://cdna.pcpartpicker.com/static/forever/images/product/f413f983d1c0f0179123e1c8ec8b02e8.256p.jpg,38.5,2560 x 1440,165 Hz,VA,VA,16:9,0
Asus ROG Strix XG349C,647.49,https://cdna.pcpartpicker.com/static/forever/images/product/1bd060775d8fdea450f5fdca41c6ed75.256p.jpg,34.1,3440 x 1440,180 Hz,1 ms,IPS,21:9,5
Philips Evnia 34M2C8600,1160.83,https://cdna.pcpartpicker.com/static/forever/images/product/b020c67302cbae12bceef7c62a07cb9f.256p.jpg,34.0,3440 x 1440,175 Hz,0.03 ms,QD-OLED,21:9,5
BenQ RD280U,499.99,28.2,28.2,3840 x 2560,60 Hz,5 ms,IPS,3:2,0
TCL 27R94,,https://cdna.pcpartpicker.com/static/forever/images/product/2d4ecddd6639272c82269bbff7e2d461.256p.jpg,"27.0""",3840 x 2160,165 Hz,1 ms,VA QD-Mini LED,16:9,0
Samsung S19C200BR,67.62,19,19.0,1280 x 1024,5,5 ms,TN,5:4,0
Dell S2419HGF,,https://cdna.pcpartpicker.com/static/forever/images/product/93e6041953444aedbfe244beb5aa5582.256p.jpg,"24.0""",1920 x 1080,144 Hz,1 ms,TN,16:9,4.5
Samsung CRG50,189.99,https://cdna.pcpartpicker.com/static/forever/images/product/916b7a2462914420d6e8de565b851b3d.256p.jpg,24.0,1920 x 1080,144 Hz,4 ms,VA,16:9,4.5
Acer XZ342CU S,362.99,34,34.0,3440 x 1440,165 Hz,VA,VA,21:9,4.5
BenQ GW2480,151.16,https://cdna.pcpartpicker.com/static/forever/images/product/979e2462a5c08c1a66376a5273c676f8.256p.jpg,"23.8""",1920 x 1080,60 Hz,5 ms,IPS,16:9,5
AOC 24G2SPAE/BK,,https://cdna.pcpartpicker.com/static/forever/images/product/ab5a5d72966546752853d98b25917f93.256p.jpg,23.8,1920 x 1080,165 Hz,IPS,IPS,16:9,0
MSI G2712F,285.52,https://cdna.pcpartpicker.com/static/forever/images/product/c27282af134fb67b3c94b5ed9ac5b56c.256p.jpg,"27.0""",1920 x 1080,180 Hz,1 ms,IPS,16:9,5
AOC Q2770PQU,,https://cdna.pcpartpicker.com/static/forever/images/product/6b029545db3347cc8d6b1ecf8c0e33e0.256p.jpg,"27.0""",2560 x 1440,60 Hz,5 ms,IPS,16:9,4.5
ViewSonic VX2880ml,,28,28.0,3840 x 2160,30 Hz,5 ms,TN,16:9,0
Acer XF270HU,,https://cdna.pcpartpicker.com/static/forever/images/product/20da7961b7629c54646ff33cb066e995.256p.jpg,"27.0""",2560 x 1440,144 Hz,4 ms,IPS,16:9,4.5
HP 22cwa,210,21.5,21.5,1920 x 1080,60 Hz,7 ms,IPS,16:9,4
Asus ROG Swift PG258Q,,24.5,24.5,1920 x 1080,240 Hz,1 ms,TN,16:9,4.5
Acer Nitro VG270K,,https://cdna.pcpartpicker.com/static/forever/images/product/15118ed1207832c36660539edc8a45f6.256p.jpg,"27.0""",3840 x 2160,60 Hz,4 ms,IPS,16:9,5
AOC 24B1H,210,https://cdna.pcpartpicker.com/static/forever/images/product/294c7f1e24f60ae8c94788380d3d91fe.256p.jpg,23.6,1920 x 1080,60 Hz,5 ms,VA,16:9,3
Acer Predator XB273K Pbmiphzx,,https://cdna.pcpartpicker.com/static/forever/images/product/f403158062d8b8b41caa21952b5a7398.256p.jpg,"27.0""",3840 x 2160,144 Hz,4 ms,IPS,16:9,3.5
Prism M27EQ,,27,27.0,2560 x 1440,165 Hz,1 ms,TN,16:9,0
Asus TUF Gaming VG328H1B,229,https://cdna.pcpartpicker.com/static/forever/images/product/6529ff83a732c4ef7267b383476203d4.256p.jpg,31.5,1920 x 1080,165 Hz,VA,VA,16:9,5
MSI Optix G32CQ4,,https://cdna.pcpartpicker.com/static/forever/images/product/4133ee0551c5b9104f902873d46d0d85.256p.jpg,"31.5""",2560 x 1440,165 Hz,4 ms,VA,16:9,0
Philips 242E1GAJ/75,,https://cdna.pcpartpicker.com/static/forever/images/product/89747fc669411fcbed4f7df525bf06ed.256p.jpg,"23.8""",1920 x 1080,144 Hz,4 ms,VA,16:9,0
Acer SA240Y Abi,,https://cdna.pcpartpicker.com/static/forever/images/product/650c33518352f6a45b5031777903de60.256p.jpg,"23.8""",1920 x 1080,75 Hz,4 ms,IPS,16:9,0
ViewSonic VX2768-2KP-MHD OMNI,,https://cdna.pcpartpicker.com/static/forever/images/product/3caf0aedfab490469dfe6131d6a27f81.256p.jpg,"27.0""",2560 x 1440,144 Hz,3 ms,IPS,16:9,5
Asus ROG Strix XG27AQM,,https://cdna.pcpartpicker.com/static/forever/images/product/9fb82f9bdf64715826058f26a9fa0685.256p.jpg,"27.0""",2560 x 1440,270 Hz,0.5 ms,IPS,16:9,5
HP X24ih,,https://cdna.pcpartpicker.com/static/forever/images/product/5e867d74896341e386ee4e140306bdec.256p.jpg,"23.8""",1920 x 1080,144 Hz,1 ms,IPS,16:9,0
Acer Nitro XV1,,https://cdna.pcpartpicker.com/static/forever/images/product/50bfc827b7f9df1828c5fa0eed3f762a.256p.jpg,43.8,3840 x 1080,120 Hz,IPS,IPS,32:9,0
KTC G27P6,,26.5,26.5,2560 x 1440,240 Hz,0.03 ms,OLED,16:9,0
Acer XF273 S,,https://cdna.pcpartpicker.com/static/forever/images/product/973f48fe30b8181579b64463878dc5e9.256p.jpg,27.0,1920 x 1080,165 Hz,IPS,IPS,16:9,0
MSI MAG 275CQRXF,384.99,https://cdna.pcpartpicker.com/static/forever/images/product/c9edcbc94c7d2480cbfd09e7e2934305.256p.jpg,27.0,2560 x 1440,240 Hz,1 ms,VA,16:9,0
Samsung S39C,139.99,https://cdna.pcpartpicker.com/static/forever/images/product/8b037c8807f6232e1534edf6f2e1856e.256p.jpg,27.0,1920 x 1080,75 Hz,4 ms,VA,16:9,0
ViewSonic OMNI VX2428,,https://cdna.pcpartpicker.com/static/forever/images/product/b6baefa4e0fc04e791dc7b5cae38a16a.256p.jpg,23.8,1920 x 1080,165 Hz,IPS,IPS,16:9,4.5
HP Evnia 27M2N3501PA/00,,,"27.0""",2560 x 1440,260 Hz,1 ms,IPS,16:9,0
Pixio PX32U WAVE,,32,32.0,3840 x 2160,144 Hz,1 ms,IPS,16:9,0
Dell UltraSharp U4323QE,776.92,https://cdna.pcpartpicker.com/static/forever/images/product/c400101aa4e9d92397e46930b6f30b96.256p.jpg,"42.5""",3840 x 2160,60 Hz,5 ms,IPS,16:9,0
AOC Q27G4SDR,349.99,https://cdna.pcpartpicker.com/static/forever/images/product/8dc6ed004a53b989c71a1ab02935b781.256p.jpg,"26.5""",2560 x 1440,360 Hz,0.03 ms,QD-OLED,16:9,0
MSI Optix MAG301RF,325.49,https://cdna.pcpartpicker.com/static/forever/images/product/abe316b51c432998ac1b4092f6068507.256p.jpg,29.5,2560 x 1080,200 Hz,1 ms,IPS,21:9,4.5
BenQ MOBIUZ EX2510,379.99,https://cdna.pcpartpicker.com/static/forever/images/product/cfda7f43bbfd9e00df3f718eb8a42741.256p.jpg,24.5,1920 x 1080,144 Hz,2 ms,IPS,16:9,4.5
ASRock Phantom Gaming PG27FFX2A,419.47,https://cdna.pcpartpicker.com/static/forever/images/product/2ea4662b85a65b5ab5dffe01b541ce6d.256p.jpg,"27.0""",1920 x 1080,520 Hz,1 ms,IPS,16:9,5
Acer UM.BV6AA.002,217.48,https://cdna.pcpartpicker.com/static/forever/images/product/88caab7a44ad3ee7566d4b1510c827be.256p.jpg,"17.0""",1280 x 1024,75 Hz,5 ms,TN,5:4,0
Dell P2217H,219,https://cdna.pcpartpicker.com/static/forever/images/product/e7b70b01d0d1995d604436bbcc485b2d.256p.jpg,21.5,1920 x 1080,60 Hz,6 ms,IPS,16:9,4.5
AOC G2590FX,,https://cdna.pcpartpicker.com/static/forever/images/product/5c10cf2638737bba5d16b183a4e4593a.256p.jpg,"24.5""",1920 x 1080,144 Hz,1 ms,TN,16:9,4.5
LG 32GP83B-B,449,32,32.0,2560 x 1440,165 Hz,1 ms,IPS,16:9,5
KOORUI GP01,169.99,23.8,23.8,2560 x 1440,165 Hz,1 ms,IPS,16:9,5
Lenovo LEGION Y34wz-30,693.53,https://cdna.pcpartpicker.com/static/forever/images/product/c00bb8d3b306ea1dbe5394bcc226688b.256p.jpg,"34.0""",3440 x 1440,180 Hz,11 ms,VA Mini LED,21:9,4
Asus ROG SWIFT PG348Q,,https://cdna.pcpartpicker.com/static/forever/images/product/7293ea84c630f45b713259422bc92264.256p.jpg,"34.0""",3440 x 1440,100 Hz,5 ms,IPS,21:9,4.5
BenQ GL2480,210,https://cdna.pcpartpicker.com/static/forever/images/product/6484776274509565a5f5736cd182c72d.256p.jpg,24.0,1920 x 1080,75 Hz,1 ms,TN,16:9,4.5
BenQ MOBIUZ EX2510S,,https://cdna.pcpartpicker.com/static/forever/images/product/a3b66e3aaf39e95e1aa73bb393e39874.256p.jpg,"24.5""",1920 x 1080,165 Hz,2 ms,IPS,16:9,5
AOC Agon PRO PD49,1121.93,https://cdna.pcpartpicker.com/static/forever/images/product/d5dff1353a203015412e2aaef82f08e8.256p.jpg,"49.0""",5120 x 1440,240 Hz,0.03 ms,QD-OLED,32:9,5
Acer XG270HU,1175.13,https://cdna.pcpartpicker.com/static/forever/images/product/0c68e6625da7fc730a5e029b9f55d723.256p.jpg,"27.0""",2560 x 1440,144 Hz,1 ms,TN,16:9,4.5
Asus MG278Q,596.88,https://cdna.pcpartpicker.com/static/forever/images/product/c555f856cb84afaa1c2c82122c581fc0.256p.jpg,27.0,2560 x 1440,144 Hz,1 ms,TN,16:9,4.5
Asus VC239H,,https://cdna.pcpartpicker.com/static/forever/images/product/b1da4013d21ac7eae4fc399fc0ba434c.256p.jpg,"23.0""",1920 x 1080,60 Hz,5 ms,IPS,16:9,4.5
Samsung C27F591,,https://cdna.pcpartpicker.com/static/forever/images/product/333dc728c2bc7c08351725f64d9a6221.256p.jpg,"27.0""",1920 x 1080,60 Hz,4 ms,VA,16:9,4
HP 27es,,27,27.0,1920 x 1080,60 Hz,7 ms,IPS,16:9,4
Dell SE2717H,,https://cdna.pcpartpicker.com/static/forever/images/product/56682614898f4f89c36194c623f8efc0.256p.jpg,"27.0""",1920 x 1080,75 Hz,6 ms,IPS,16:9,4
MSI Optix MAG27CQ,,https://cdna.pcpartpicker.com/static/forever/images/product/cc352fe518d2d0a510665b7d8c6832a9.256p.jpg,"27.0""",2560 x 1440,144 Hz,1 ms,VA,16:9,4.5
MSI Optix MAG271C,,27,27.0,1920 x 1080,144 Hz,1 ms,VA,16:9,4.5
Samsung C49RG9,1299.99,https://cdna.pcpartpicker.com/static/forever/images/product/48300d2faa06b1aeb8d154bffe333c2f.256p.jpg,49.0,5120 x 1440,120 Hz,4 ms,VA,32:9,4.5
Dell Alienware AW5520QF,,55,55.0,3840 x 2160,120 Hz,0.5 ms,OLED,16:9,0
Samsung UR59C,499.99,https://cdna.pcpartpicker.com/static/forever/images/product/b78beee81efb140f8e6dd8b198431213.256p.jpg,32.0,3840 x 2160,60 Hz,4 ms,VA,16:9,4
Sceptre C355W-3440UN,,35,35.0,3440 x 1440,100 Hz,4 ms,VA,21:9,4.5
"V7 V7 L238DPH-2NH 23.8"" Full HD LED LCD Monitor - 16:9",,https://cdna.pcpartpicker.com/static/forever/images/product/557155d7164183674149f7f8d97749c1.256p.jpg,"23.8""",1920 x 1080,60 Hz,5 ms,IPS,16:9,0
Gigabyte G27F,,https://cdna.pcpartpicker.com/static/forever/images/product/fc5d0d26f4cc3aec887cb207cb5fffcc.256p.jpg,27.0,1920 x 1080,144 Hz,IPS,IPS,16:9,5
LG 27GP950-B,749.99,https://cdna.pcpartpicker.com/static/forever/images/product/93d67e875ca85ac6b92e23dcdd4c19b5.256p.jpg,27.0,3840 x 2160,160 Hz,1 ms,IPS,16:9,5
MSI Optix G27C5,,https://cdna.pcpartpicker.com/static/forever/images/product/59da12bfa57f98e038e14131291f622d.256p.jpg,27.0,1920 x 1080,165 Hz,VA,VA,16:9,4.5
Dell S2721DGFA,,https://cdna.pcpartpicker.com/static/forever/images/product/3d57ddc8619d5484974031ea742b80c9.256p.jpg,"27.0""",2560 x 1440,165 Hz,1 ms,IPS,16:9,4.5
Philips Evnia 24M1N3200VL,,23.8,23.8,1920 x 1080,165 Hz,4 ms,VA,16:9,0
Acer Predator XB283K KV,499.99,https://cdna.pcpartpicker.com/static/forever/images/product/74276963fd678194c2570824a1a83710.256p.jpg,28.0,3840 x 2160,144 Hz,1 ms,IPS,16:9,5
Philips 27M2C5501/01,,27,27.0,2560 x 1440,180 Hz,1 ms,VA,16:9,0
Acer Nitro KG1 KG251Q P3biip,,24.5,24.5,1920 x 1080,180 Hz,VA,VA,16:9,0
Philips 221V8LB3,,,"21.5""",1920 x 1080,120 Hz,,VA,16:9,0
Pixio PX27U Wave,399.99,27,27.0,3840 x 2160,160 Hz,1 ms,IPS,16:9,0
LG 26WQ500-B,250,https://cdna.pcpartpicker.com/static/forever/images/product/e469ecc00de8eea2751322cac3c52ced.256p.jpg,25.7,2560 x 1080,75 Hz,5 ms,IPS,21:9,5
MSI Modern MD342CQP,219,https://cdna.pcpartpicker.com/static/forever/images/product/2a297cf9dcbc96ec920f07e4b42fa3ea.256p.jpg,"34.0""",3440 x 1440,120 Hz,4 ms,VA,21:9,0
ViewSonic VA2715-2K-MHD,226.73,https://cdna.pcpartpicker.com/static/forever/images/product/de2728c1b546a55b0e770541f8598479.256p.jpg,27.0,2560 x 1440,100 Hz,VA,VA,16:9,0
MSI Optix MPG321QRF-QD,356.99,32,32.0,2560 x 1440,175 Hz,1 ms,IPS,16:9,4
Samsung Odyssey Neo G8 S32BG850NP,609.79,https://cdna.pcpartpicker.com/static/forever/images/product/4f270f1fffc001a249215a2901eb516f.256p.jpg,32.0,3840 x 2160,240 Hz,VA,VA,16:9,0
BenQ MOBIUZ EX3210U,751.43,https://cdna.pcpartpicker.com/static/forever/images/product/169ff38b1546dfa9ca75020d9b92e0b7.256p.jpg,"32.0""",3840 x 2160,144 Hz,2 ms,IPS,16:9,0
Samsung Odyssey G9 Neo S49AG952N,2199.98,https://cdna.pcpartpicker.com/static/forever/images/product/c6fcac6db37eb233d14327846e128bd9.256p.jpg,49.0,5120 x 1440,240 Hz,1 ms,VA,32:9,4.5
Dell E2722H,199,https://cdna.pcpartpicker.com/static/forever/images/product/14c5b1a7fde7165e43467a4f3c89c375.256p.jpg,"27.0""",1920 x 1080,60 Hz,5 ms,IPS,16:9,0
Dell U3415W,1599.99,34,34.0,3440 x 1440,60 Hz,5 ms,IPS,21:9,5
Asus VE278H,,27,27.0,1920 x 1080,2,2 ms,16:9,16:9,4.5
Asus TUF Gaming VG27BQ,279.99,https://cdna.pcpartpicker.com/static/forever/images/product/ce6a08c0d78c3f627c28b9c7321f43f1.256p.jpg,27.0,2560 x 1440,165 Hz,0.4 ms,TN,16:9,4
Sceptre E325W-2560AD,230.96,32,32.0,2560 x 1440,85 Hz,6 ms,VA,16:9,0
LG 28MQ780-B,699.99,https://cdna.pcpartpicker.com/static/forever/images/product/2b8f7762a8f678debb7f878c8b624809.256p.jpg,27.6,2560 x 2880,60 Hz,5 ms,IPS,8:9,4
BenQ PD3205U,499.99,https://cdna.pcpartpicker.com/static/forever/images/product/f61849ca102417a02a46a7dc1da3d7d6.256p.jpg,"31.5""",3840 x 2160,60 Hz,5 ms,IPS,16:9,0
ViewEra V157TP,360.98,https://cdna.pcpartpicker.com/static/forever/images/product/1078ca4c8fd05edd98f1ad6b322f27a9.256p.jpg,15.0,1024 x 768,12,12 ms,4:3,4:3,0
Acer XZ322Q PBMIIPHX,297,31.5,31.5,1920 x 1080,165 Hz,VA,VA,16:9,0
Asus TUF Gaming VG32UQA1A,553.94,https://cdna.pcpartpicker.com/static/forever/images/product/93f78b89c07ab219d3360676b2977303.256p.jpg,31.5,3840 x 2160,160 Hz,VA,VA,16:9,0
Dell SE2722H,,https://cdna.pcpartpicker.com/static/forever/images/product/d395207b8496ed385a9203186de669ac.256p.jpg,"27.0""",1920 x 1080,75 Hz,4 ms,VA,16:9,0
Asus VZ249HE,179.99,https://cdna.pcpartpicker.com/static/forever/images/product/2f93da57ec6a7f369a2c21d1e3d9bb56.256p.jpg,23.8,1920 x 1080,60 Hz,5 ms,IPS,16:9,0
Asus TUF GAMING VG24VQR,148.99,https://cdna.pcpartpicker.com/static/forever/images/product/0829e0d9f6d04bec6a8135294e03e017.256p.jpg,23.6,1920 x 1080,165 Hz,VA,VA,16:9,0
Asus ROG Strix XG27AQ-W,344.31,https://cdna.pcpartpicker.com/static/forever/images/product/b2aedf5e261583431027086a37b980cb.256p.jpg,27.0,2560 x 1440,170 Hz,1 ms,IPS,16:9,0
Dell UltraSharp U2722DE,296.92,https://cdna.pcpartpicker.com/static/forever/images/product/ae741837bffa392a77b2bdc346498219.256p.jpg,27.0,2560 x 1440,60 Hz,IPS,IPS,16:9,4
AOC CQ27G3Z,289.99,https://cdna.pcpartpicker.com/static/forever/images/product/bc15494212eb58e6874b38130b827861.256p.jpg,27.0,2560 x 1440,240 Hz,4 ms,VA,16:9,5
Asus MG279Q,,27,27.0,2560 x 1440,144 Hz,4 ms,IPS,16:9,4
BenQ XL2411,,24,24.0,1920 x 1080,144 Hz,1 ms,TN,16:9,4
BenQ XL2546,,24.5,24.5,1920 x 1080,240 Hz,1 ms,TN,16:9,5
AOC AG251FZ,,https://cdna.pcpartpicker.com/static/forever/images/product/8a3cda23ffd77de2c1380db118d51318.256p.jpg,"24.5""",1920 x 1080,240 Hz,1 ms,TN,16:9,0
Samsung C27FG73,,https://cdna.pcpartpicker.com/static/forever/images/product/43513ae611c419ab461a17453cad07f8.256p.jpg,"27.0""",1920 x 1080,144 Hz,1 ms,VA,16:9,4
Westinghouse WM32DX9019,,31.5,31.5,2560 x 1440,144 Hz,VA,VA,16:9,4.5
MSI Optix MAG251RX,,https://cdna.pcpartpicker.com/static/forever/images/product/d5afe412674dd5ec77dd757b8ec35a9f.256p.jpg,"24.5""",1920 x 1080,240 Hz,1 ms,IPS,16:9,4.5
Dell U2720Q,696,https://cdna.pcpartpicker.com/static/forever/images/product/408beb4b90a914a8dee7eabcf7023ece.256p.jpg,"27.0""",3840 x 2160,60 Hz,5 ms,IPS,16:9,5
Acer Nitro VG272 Xbmiipx,,27,27.0,1920 x 1080,240 Hz,0.1 ms,IPS,16:9,0
Acer K243Y,,https://cdna.pcpartpicker.com/static/forever/images/product/3b09f0c3f89cc5fc3f77c7bdf9e54585.256p.jpg,23.8,1920 x 1080,75 Hz,IPS,IPS,16:9,0
Gigabyte AORUS FO48U,,https://cdna.pcpartpicker.com/static/forever/images/product/fd92c839dc8f529915d6526267c5aed8.256p.jpg,47.5,3840 x 2160,1,1 ms,OLED,16:9,4
Samsung CF390,69.99,https://cdna.pcpartpicker.com/static/forever/images/product/e30ede6f3df0c185686233a322d15e2e.256p.jpg,27.0,1920 x 1080,60 Hz,VA,VA,16:9,0
LG 32GN63T-B,299,https://cdna.pcpartpicker.com/static/forever/images/product/620d6d01b54cfe6ba75f6c256c1a804c.256p.jpg,32.0,2560 x 1440,165 Hz,5 ms,VA,16:9,5
Acer V206HQL A,111.31,https://cdna.pcpartpicker.com/static/forever/images/product/d84158de20dbc9f959d9b96802b37c9a.256p.jpg,19.5,1600 x 900,60 Hz,TN,TN,16:9,5
AOC 27B2H,,https://cdna.pcpartpicker.com/static/forever/images/product/89861344c5944b7b63d4e373dcc7825a.256p.jpg,"27.0""",1920 x 1080,75 Hz,7 ms,IPS,16:9,0
Acer Predator X25 bmiiprzx,,https://cdna.pcpartpicker.com/static/forever/images/product/48bbad676ee8dddf04b0c55fd8cf7ef7.256p.jpg,24.5,1920 x 1080,360 Hz,IPS,IPS,16:9,0
Gigabyte M27Q (rev. 2.0),,https://cdna.pcpartpicker.com/static/forever/images/product/adb2ceaa56a671b26c5aa4fedf9594c8.256p.jpg,27.0,2560 x 1440,170 Hz,IPS,IPS,16:9,0
LG UltraGear 32GQ950P-B,,https://cdna.pcpartpicker.com/static/forever/images/product/51e0064176bdf022731df344aa2e7a04.256p.jpg,"31.5""",3840 x 2160,160 Hz,1 ms,IPS,16:9,0
iiyama G-MASTER GB2770QSU-B5,,https://cdna.pcpartpicker.com/static/forever/images/product/9951da59a53a611e4aa4fc3d184a18ab.256p.jpg,27.0,2560 x 1440,165 Hz,IPS,IPS,16:9,5
HP HyperX Armada,,24.5,24.5,1920 x 1080,240 Hz,1 ms,IPS,16:9,5
Acer VG240YU Mbiipx,,23.8,23.8,2560 x 1440,180 Hz,0.5 ms,IPS,16:9,0
Samsung CJ791,,https://cdna.pcpartpicker.com/static/forever/images/product/64e98d20f1d71521bb40f3ccce0f2790.256p.jpg,"34.0""",3440 x 1440,100 Hz,4 ms,VA,21:9,4
Asus ROG Strix XG27AQV,306.68,https://cdna.pcpartpicker.com/static/forever/images/product/8e47a88e9675a52f808a459299e32b7b.256p.jpg,"27.0""",2560 x 1440,170 Hz,1 ms,IPS,16:9,5
LG 32UN650-W,393,https://cdna.pcpartpicker.com/static/forever/images/product/3d207184f53cf2717a06c8ac9d76a904.256p.jpg,31.5,3840 x 2160,60 Hz,5 ms,IPS,16:9,5
Lenovo Q24h-10,329.43,https://cdna.pcpartpicker.com/static/forever/images/product/ff24d58a571de47dc936dee6f627233a.256p.jpg,"23.8""",2560 x 1440,75 Hz,4 ms,IPS,16:9,0
ViewSonic VX2267-MHD,99.99,https://cdna.pcpartpicker.com/static/forever/images/product/13b33dae8f254beba62eac3ab81bd8c0.256p.jpg,22.0,1920 x 1080,75 Hz,4 ms,VA,16:9,0
iiyama XUB2292HSU-B6,85.61,https://cdna.pcpartpicker.com/static/forever/images/product/4338ccffcb8e5c296339e70b4b0d38df.256p.jpg,21.5,1920 x 1080,100 Hz,IPS,IPS,16:9,0
ViewSonic VP2756-4K,431.99,https://cdna.pcpartpicker.com/static/forever/images/product/6a6ba7d18b0e051a0d0cb09efb671e06.256p.jpg,27.0,3840 x 2160,5,5 ms,IPS,16:9,0
LG 28MQ750-C,759.54,https://cdna.pcpartpicker.com/static/forever/images/product/ed60115669d199750e8e78af0ab924d1.256p.jpg,28.0,2560 x 2880,60 Hz,5 ms,Nano IPS,8:9,0
Pixio PX246 Wave,95.99,24,24.0,1920 x 1080,120 Hz,4 ms,IPS,16:9,0
Dell U4919DW,1349.99,https://cdna.pcpartpicker.com/static/forever/images/product/d90d21ef32b957c6276bcba8b0aa35f4.256p.jpg,49.0,5120 x 1440,60 Hz,5 ms,IPS,32:9,5
AOC U34G3XM/EU,,https://cdna.pcpartpicker.com/static/forever/images/product/da7994940e20f8a6252a4ad4285e3274.256p.jpg,34.0,3440 x 1440,144 Hz,VA,VA,21:9,0
Samsung Odyssey G80HF,799.99,https://cdna.pcpartpicker.com/static/forever/images/product/bd36853007cc6cab51b82617552ef59f.256p.jpg,"27.0""",5120 x 2880,180 Hz,1 ms,IPS,16:9,0
ViewSonic XG2401,,23.6,23.6,1920 x 1080,144 Hz,1 ms,TN,16:9,4.5
Acer QG241Y bii,129.99,https://cdna.pcpartpicker.com/static/forever/images/product/4fd17890b227ed4dba1752483d24e21f.256p.jpg,23.8,1920 x 1080,75 Hz,VA,VA,16:9,4
LG 27UP650-W,807,https://cdna.pcpartpicker.com/static/forever/images/product/ba88e1fae41be3f39d4f1a7f49e5ee5f.256p.jpg,"27.0""",3840 x 2160,60 Hz,5 ms,IPS,16:9,0
BenQ GL2760H,,https://cdna.pcpartpicker.com/static/forever/images/product/fd86b62494ca46cbd216f27fae9b2d96.256p.jpg,"27.0""",1920 x 1080,60 Hz,2 ms,TN,16:9,5
MSI Optix G273QF,,https://cdna.pcpartpicker.com/static/forever/images/product/2432b5a9ff6456f6adb409344091d51b.256p.jpg,"27.0""",2560 x 1440,165 Hz,1 ms,IPS,16:9,4
NEC EA191M-BK,,19,19.0,1280 x 1024,25,25 ms,5:4,5:4,0
BenQ GL2460HM,210,24,24.0,1920 x 1080,60 Hz,2 ms,TN,16:9,4.5
Samsung U28E590D,,28,28.0,3840 x 2160,60 Hz,1 ms,TN,16:9,4
AOC G2460VQ6,,https://cdna.pcpartpicker.com/static/forever/images/product/36419030b64de8cca9c17ece860168e9.256p.jpg,"24.0""",1920 x 1080,75 Hz,1 ms,TN,16:9,4
Asus VP279Q-P,,https://cdna.pcpartpicker.com/static/forever/images/product/6659532ab85bdfe370f9a56d23dd9897.256p.jpg,"27.0""",1920 x 1080,60 Hz,5 ms,IPS,16:9,4
Samsung C27HG70,,https://cdna.pcpartpicker.com/static/forever/images/product/43b10974b286aaa9ea799547752f004c.256p.jpg,"26.9""",2560 x 1440,144 Hz,1 ms,VA,16:9,3.5
Dell AW3418DW,,https://cdna.pcpartpicker.com/static/forever/images/product/3d5e779dc976f67649f65e948ed3669f.256p.jpg,"34.1""",3440 x 1440,120 Hz,4 ms,IPS,21:9,4.5
Acer Predator X34P,,https://cdna.pcpartpicker.com/static/forever/images/product/1c44c02d34fd45bd68a1f7b542749eae.256p.jpg,"34.0""",3440 x 1440,120 Hz,4 ms,IPS,21:9,4.5
Samsung C27JG56,,https://cdna.pcpartpicker.com/static/forever/images/product/92972c5c951927a665a6bd4fb2231359.256p.jpg,"27.0""",2560 x 1440,144 Hz,4 ms,VA,16:9,4
Sceptre C275B-144RN,,https://cdna.pcpartpicker.com/static/forever/images/product/4f8c3ee5a135aeb9f41b58c16b78c022.256p.jpg,"27.0""",1920 x 1080,144 Hz,3 ms,VA,16:9,4.5
Acer KG241Q Pbiip,341.44,23.6,23.6,1920 x 1080,144 Hz,1 ms,TN,16:9,4.5
MSI Optix MAG272CRX,,https://cdna.pcpartpicker.com/static/forever/images/product/f820e82acbe3786dabea384ca98c7b96.256p.jpg,"27.0""",1920 x 1080,240 Hz,1 ms,VA,16:9,4
Dell S2721QS,389,27,27.0,3840 x 2160,60 Hz,4 ms,IPS,16:9,4.5
Samsung Odyssey G7 LS28AG700NNXZA,,https://cdna.pcpartpicker.com/static/forever/images/product/7096bbcebaf6dce8f9768fb749ee6309.256p.jpg,"28.0""",3840 x 2160,144 Hz,1 ms,IPS,16:9,0
LG 24MP60G-B,149,https://cdna.pcpartpicker.com/static/forever/images/product/5e97cd004bcf98f0f1954d0e46ad7b38.256p.jpg,24.0,1920 x 1080,75 Hz,5 ms,IPS,16:9,5
LG 29WP500-B,,https://cdna.pcpartpicker.com/static/forever/images/product/7b8a908534e2833aad82d81715077cd3.256p.jpg,"29.0""",2560 x 1080,75 Hz,5 ms,IPS,21:9,0
LG 32MN530P-B,,https://cdna.pcpartpicker.com/static/forever/images/product/9cfd33069dec67d786daa222dd93bae8.256p.jpg,"32.0""",1920 x 1080,60 Hz,5 ms,IPS,16:9,0
LG 34UM68-P,729.53,https://cdna.pcpartpicker.com/static/forever/images/product/276d4a9b3aba1a79b708b5985f5daf7b.256p.jpg,34.0,2560 x 1080,75 Hz,IPS,IPS,21:9,0
MSI Optix 271CQP,672.94,https://cdna.pcpartpicker.com/static/forever/images/product/e9cc6aa1d6d7c9c77074a07d24eb92e8.256p.jpg,27.0,2560 x 1440,165 Hz,VA,VA,16:9,4.5
Acer Predator XB273 GZ,,27,27.0,1920 x 1080,280 Hz,1 ms,16:9,16:9,0
HP OMEN X 25f,,24.5,24.5,1920 x 1080,240 Hz,TN,TN,16:9,0
Asus TUF Gaming VG248Q1B,,https://cdna.pcpartpicker.com/static/forever/images/product/fbf4e877c3ca2f0dc82da2b2afcfc85b.256p.jpg,"24.0""",1920 x 1080,165 Hz,1 ms,TN,16:9,0
Asus TUF Gaming VG279Q1R,,https://cdna.pcpartpicker.com/static/forever/images/product/c368ac622735244d4697b77cd9dc7d10.256p.jpg,27.0,1920 x 1080,144 Hz,IPS,IPS,16:9,0
AOC CQ27G2S/BK,,https://cdna.pcpartpicker.com/static/forever/images/product/acff90b9da3d93820cd88654b1d78c45.256p.jpg,"27.0""",2560 x 1440,165 Hz,4 ms,VA,16:9,0
Acer Predator XB323U GP,,32,32.0,2560 x 1440,170 Hz,1 ms,IPS,16:9,0
Titan Army P27A2R,,27,27.0,2560 x 1440,180 Hz,1 ms,IPS,16:9,0
KTC H24T09P,119.99,23.8,23.8,1920 x 1080,165 Hz,1 ms,IPS,16:9,0
Acer B277U bmiipprzx,472.92,https://cdna.pcpartpicker.com/static/forever/images/product/cf6366343f94d170b2ca7286c9486606.256p.jpg,"27.0""",2560 x 1440,75 Hz,4 ms,IPS,16:9,0
LG UltraGear 27GR95UM-B,899.99,https://cdna.pcpartpicker.com/static/forever/images/product/57899ee0f5a2fc24dfaee7f2f69678a6.256p.jpg,27.0,3840 x 2160,160 Hz,1 ms,IPS Mini LED,16:9,0
Lenovo Legion R45w-30,1011.06,https://cdna.pcpartpicker.com/static/forever/images/product/9a38d19ca5570b2f76bfd2edd8af2e1c.256p.jpg,44.5,5120 x 1440,170 Hz,VA,VA,32:9,0
Sceptre U279W-4000R,180.96,26.9,26.9,3840 x 2160,70 Hz,5 ms,IPS,16:9,0
LG 27GQ50F-B,194.99,https://cdna.pcpartpicker.com/static/forever/images/product/ef187745956e39201f45de7e4245963b.256p.jpg,27.0,1920 x 1080,165 Hz,5 ms,VA,16:9,0
Lenovo ThinkVision E29w-20,579,https://cdna.pcpartpicker.com/static/forever/images/product/9e01316150f93d58a9f341f728a237d0.256p.jpg,"29.0""",2560 x 1080,90 Hz,4 ms,IPS,21:9,0
Lenovo ThinkVision P24q-30,362.11,https://cdna.pcpartpicker.com/static/forever/images/product/ea64ca35fac57207bc1812c766bf6c67.256p.jpg,"23.8""",2560 x 1440,60 Hz,4 ms,IPS,16:9,0
Dell E2422H,119,https://cdna.pcpartpicker.com/static/forever/images/product/e3d3fcf156555a1ef5b3a0bf4d5e8fd6.256p.jpg,"24.0""",1920 x 1080,60 Hz,5 ms,IPS,16:9,0
MSI PRO MP275PG,109.99,https://cdna.pcpartpicker.com/static/forever/images/product/101a0924515f0ed7e1d1c24d19f6cbad.256p.jpg,"27.0""",1920 x 1080,100 Hz,4 ms,IPS,16:9,0
AOC U2790VQ,,https://cdna.pcpartpicker.com/static/forever/images/product/bec00af4cbbade097c34f9632ec6f745.256p.jpg,"27.0""",3840 x 2160,60 Hz,5 ms,IPS,16:9,4.5
Gigabyte GS27F,346.94,https://cdna.pcpartpicker.com/static/forever/images/product/858f4f5d17a09fc53974eac8b10630cb.256p.jpg,27.0,1920 x 1080,170 Hz,IPS,IPS,16:9,0
AOC Q27G2E/BK,,https://cdna.pcpartpicker.com/static/forever/images/product/67cbb3c62305df920e92798f9ac4c42d.256p.jpg,"27.0""",2560 x 1440,155 Hz,4 ms,VA,16:9,0
INNOCN 40C1U,,,"40.0""",5120 x 2160,100 Hz,,IPS,64:27,0
Asus TUF Gaming VG27VQ,330.64,https://cdna.pcpartpicker.com/static/forever/images/product/5dba8fc0ef3a2843f41dd15d6fc6f21f.256p.jpg,27.0,1920 x 1080,165 Hz,VA,VA,16:9,4.5
Gigabyte AORUS FI32U,543.36,https://cdna.pcpartpicker.com/static/forever/images/product/1abc959e6401fa7043a3936b406cfb9b.256p.jpg,"31.5""",3840 x 2160,144 Hz,1 ms,IPS,16:9,4.5
HP P22 G4,144.07,21.5,21.5,1920 x 1080,60 Hz,5 ms,IPS,16:9,0
Samsung T45F,149.99,https://cdna.pcpartpicker.com/static/forever/images/product/9919fc9971755ccf52361a7ecde055dd.256p.jpg,24.0,1920 x 1080,75 Hz,5 ms,IPS,16:9,0
Asus ROG SWIFT PG27UQ,,https://cdna.pcpartpicker.com/static/forever/images/product/035d2d1408b35c0804e2b36e9e21043a.256p.jpg,"27.0""",3840 x 2160,144 Hz,4 ms,IPS,16:9,4.5
LG 24GL600F-B,,https://cdna.pcpartpicker.com/static/forever/images/product/685498d2707cb81573df37f3e403692b.256p.jpg,"23.6""",1920 x 1080,144 Hz,1 ms,TN,16:9,4.5
LG 24MK430H-B,119,https://cdna.pcpartpicker.com/static/forever/images/product/bf65315c1633fbafe974ba3ed40be96a.256p.jpg,23.8,1920 x 1080,75 Hz,5 ms,IPS,16:9,4
LG 24GN600-B,199.99,https://cdna.pcpartpicker.com/static/forever/images/product/500fd3e8fbad9d6a810ab335406c0c5e.256p.jpg,24.0,1920 x 1080,144 Hz,1 ms,IPS,16:9,4
LG 24ML600M-B,,https://cdna.pcpartpicker.com/static/forever/images/product/e2bbb19844a81a0f11bf230984610492.256p.jpg,"24.0""",1920 x 1080,60 Hz,5 ms,IPS,16:9,0
ViewSonic VG2756-4K,347.97,https://cdna.pcpartpicker.com/static/forever/images/product/17bc9ca74a5e2972f16a70b77dfd863f.256p.jpg,27.0,3840 x 2160,14,14 ms,IPS,16:9,0
BenQ EX270M,279.99,https://cdna.pcpartpicker.com/static/forever/images/product/800b93dc3f99bf18b7d25cf5dadb267e.256p.jpg,27.0,1920 x 1080,240 Hz,IPS,IPS,16:9,0
Asus VS248H-P,139,24,24.0,1920 x 1080,2,2 ms,16:9,16:9,4
BenQ G2420HDBL,,24,24.0,1920 x 1080,5,5 ms,TN,16:9,5
Samsung S19C150F,,18.5,18.5,1366 x 768,5,5 ms,TN,16:9,0
BenQ XL2411Z,,24,24.0,1920 x 1080,144 Hz,1 ms,TN,16:9,4.5
BenQ GW2270,,21.5,21.5,1920 x 1080,60 Hz,5 ms,VA,16:9,4.5
Dell SE2417HG,218.12,23.6,23.6,1920 x 1080,60 Hz,1 ms,TN,16:9,4
Acer Predator XB271HUA,,27,27.0,2560 x 1440,165 Hz,1 ms,TN,16:9,4.5
HP Omen 27,,https://cdna.pcpartpicker.com/static/forever/images/product/25e644ae60a9eaf12fb34d3ca5fc286a.256p.jpg,"27.0""",2560 x 1440,165 Hz,1 ms,TN,16:9,4.5
MSI Optix MAG24C,,https://cdna.pcpartpicker.com/static/forever/images/product/b64b234e05c5c4e2044d3af2273ccca4.256p.jpg,"23.6""",1920 x 1080,144 Hz,1 ms,VA,16:9,4.5
BenQ EL2870U,,https://cdna.pcpartpicker.com/static/forever/images/product/6bbf788ef6a6802a3c86547b19bf4f4d.256p.jpg,"28.0""",3840 x 2160,60 Hz,1 ms,TN,16:9,2.5
Asus VP28UQG,,https://cdna.pcpartpicker.com/static/forever/images/product/8b3a668ccc9dde29ac702ea5500e9614.256p.jpg,"28.0""",3840 x 2160,60 Hz,1 ms,TN,16:9,4.5
Asus VP278QGL,,https://cdna.pcpartpicker.com/static/forever/images/product/76f0779f20fcabd7629a679704bb4499.256p.jpg,"27.0""",1920 x 1080,75 Hz,1 ms,TN,16:9,3.5
LG 27QN600-B,249.99,https://cdna.pcpartpicker.com/static/forever/images/product/f08e78f989158a2c193bd1b87bdb1dd6.256p.jpg,27.0,2560 x 1440,75 Hz,5 ms,IPS,16:9,4
Acer KA272 bi,,https://cdna.pcpartpicker.com/static/forever/images/product/566f6fbf96a15d049b7aa6b4900f57e6.256p.jpg,27.0,1920 x 1080,75 Hz,IPS,IPS,16:9,5
Pixio PX248 Prime,109.99,https://cdna.pcpartpicker.com/static/forever/images/product/db9371dabda028272b567565910b5f9e.256p.jpg,24.0,1920 x 1080,144 Hz,IPS,IPS,16:9,4.5
Acer KG241Q Sbiip,,https://cdna.pcpartpicker.com/static/forever/images/product/fe33b0c7780a038cb8f4132bfb4d6416.256p.jpg,"23.6""",1920 x 1080,165 Hz,1 ms,TN,16:9,0
MSI MPG ARTYMIS 343CQR,699.99,https://cdna.pcpartpicker.com/static/forever/images/product/32ae222677527b393251b39a15bd73c6.256p.jpg,34.0,3440 x 1440,165 Hz,VA,VA,21:9,0
LG 32UL500-W,345.52,32,32.0,3840 x 2160,60 Hz,4 ms,VA,16:9,4
Sceptre E275B-QPT168,150.96,27,27.0,2560 x 1440,165 Hz,IPS,IPS,16:9,4
HP OMEN 25i,269.99,https://cdna.pcpartpicker.com/static/forever/images/product/59680c3a6802080779290e429247386b.256p.jpg,24.5,1920 x 1080,165 Hz,IPS,IPS,16:9,0
NZXT Canvas 27Q,,https://cdna.pcpartpicker.com/static/forever/images/product/8a8c81fc4cc7d0c46e7d47b4650c1ec2.256p.jpg,27.0,2560 x 1440,165 Hz,IPS,IPS,16:9,5
Samsung Odyssey G50A,417.14,https://cdna.pcpartpicker.com/static/forever/images/product/df23b12946173c2fcbb69b3166c0d700.256p.jpg,32.0,2560 x 1440,165 Hz,1 ms,IPS,16:9,4.5
Samsung Odyssey G7 T1 Faker Edition,,https://cdna.pcpartpicker.com/static/forever/images/product/aa744b6efbbc55ec93e207577c07717a.256p.jpg,"32.0""",2560 x 1440,240 Hz,1 ms,VA,16:9,0
Samsung M7,,https://cdna.pcpartpicker.com/static/forever/images/product/ec852a0c4452c293acc0d0dc8aef8c31.256p.jpg,"32.0""",3840 x 2160,60 Hz,8 ms,VA,16:9,4
Acer XV272U KVbmiiprzx,,https://cdna.pcpartpicker.com/static/forever/images/product/2203e7b62d5df8fef829cf7d2b5208c8.256p.jpg,27.0,2560 x 1440,144 Hz,IPS,IPS,16:9,0
LG 27UP850N-W,474.95,https://cdna.pcpartpicker.com/static/forever/images/product/93e28c4c1b922ec747e6d1f733b664f6.256p.jpg,27.0,3840 x 2160,60 Hz,5 ms,IPS,16:9,0
MSI Optix G274QRFW,,https://cdna.pcpartpicker.com/static/forever/images/product/e4a084f8334b0a1bf59fec892ae559a8.256p.jpg,"27.0""",2560 x 1440,170 Hz,1 ms,IPS,16:9,4.5
BenQ SW321C,1630.99,https://cdna.pcpartpicker.com/static/forever/images/product/436f36604cacf4e560a1a9623fe01589.256p.jpg,"31.5""",3840 x 2160,60 Hz,5 ms,IPS,16:9,0
MSI Optix G24C6,,https://cdna.pcpartpicker.com/static/forever/images/product/77914872aba2f3a7d4996b95a36a48e6.256p.jpg,23.6,1920 x 1080,144 Hz,VA,VA,16:9,0
ASRock PG27Q15R2A,156.6,https://cdna.pcpartpicker.com/static/forever/images/product/58b4b05810d6c5dd21b80d523d87c469.256p.jpg,27.0,2560 x 1440,165 Hz,VA,VA,16:9,5
MSI MAG 274UPF,623.29,https://cdna.pcpartpicker.com/static/forever/images/product/144a79238aadd7f3b1d2342bfbe5c482.256p.jpg,27.0,3840 x 2160,144 Hz,1 ms,IPS,16:9,5
AOC 27G15,,27,27.0,1920 x 1080,180 Hz,VA,VA,16:9,0
Lenovo G27q-30,,https://cdna.pcpartpicker.com/static/forever/images/product/0559bd24c290d26d81c015e0346eb408.256p.jpg,27.0,2560 x 1440,165 Hz,VA,VA,16:9,0
BenQ MOBIUZ EX240,227.97,https://cdna.pcpartpicker.com/static/forever/images/product/fc047b23d37c8fc5de015d7ad776702a.256p.jpg,23.8,1920 x 1080,165 Hz,2 ms,IPS,16:9,5
Sceptre NEBULA C275B-QWN168W,,27,27.0,2560 x 1440,165 Hz,VA,VA,16:9,0
Acer Nitro XF240Y M3biiph,,https://cdna.pcpartpicker.com/static/forever/images/product/ab943bc3da68660733edd8a1eb3859db.256p.jpg,23.8,1920 x 1080,180 Hz,IPS,IPS,16:9,0
AOC 27G2E,,27,27.0,1920 x 1080,144 Hz,IPS,IPS,16:9,0
HP M24f,349.99,24,24.0,1920 x 1080,75 Hz,5 ms,IPS,16:9,4
MSI OPTIX MAG240CR,498,https://cdna.pcpartpicker.com/static/forever/images/product/85669ee59b365df53efdefacc6dafa1e.256p.jpg,23.6,1920 x 1080,144 Hz,VA,VA,16:9,0
Samsung M80C,612.9,https://cdna.pcpartpicker.com/static/forever/images/product/d19acc081597fc0c4772c6b7f9246b61.256p.jpg,32.0,3840 x 2160,60 Hz,4 ms,VA,16:9,0
MSI G244PF E2,109.99,https://cdna.pcpartpicker.com/static/forever/images/product/481973a5c95182ad440131c4de18c964.256p.jpg,23.8,1920 x 1080,180 Hz,1 ms,IPS,16:9,5
LG 34WR50QC-B,349.99,https://cdna.pcpartpicker.com/static/forever/images/product/0967f0d520dbfef5d2550be9fcccfe2a.256p.jpg,34.0,3440 x 1440,100 Hz,5 ms,VA,21:9,0
Titan Army P2510S,299.99,24.5,24.5,2560 x 1440,240 Hz,1 ms,IPS,16:9,0
MSI MAG 274PFW,,27,27.0,1920 x 1080,180 Hz,1 ms,IPS,16:9,0
Gigabyte G34WQCP rev. 2.0,,https://cdna.pcpartpicker.com/static/forever/images/product/85bcd39ca371914716fd0761ca9a19da.256p.jpg,"34.0""",3440 x 1440,180 Hz,1 ms,VA,21:9,5
AOC AG493UCX2,648.97,https://cdna.pcpartpicker.com/static/forever/images/product/6884ae158c3361e3a5ea1e988e3acc8d.256p.jpg,"48.8""",5120 x 1440,165 Hz,4 ms,VA,32:9,0
Dell Dell Pro Plus P3225QE,455.99,,"31.5""",3840 x 2160,100 Hz,5 ms,IPS,16:9,0
BenQ BL2780T,179,https://cdna.pcpartpicker.com/static/forever/images/product/6d73c62523099bacf16c9a4cffa74508.256p.jpg,27.0,1920 x 1080,60 Hz,5 ms,IPS,16:9,0
LG 34WP65C-B,399.99,https://cdna.pcpartpicker.com/static/forever/images/product/289914ceaa04b555f0f32c47ce374d67.256p.jpg,34.0,3440 x 1440,160 Hz,5 ms,VA,21:9,3
Samsung S30B,279.55,https://cdna.pcpartpicker.com/static/forever/images/product/67966737a273e4ff6d0d5d8aa7d35d6a.256p.jpg,32.0,1920 x 1080,75 Hz,8 ms,VA,16:9,0
Gigabyte ‎M32UC,526.99,31.5,31.5,3840 x 2160,160 Hz,2 ms,VA,16:9,4
Asus ProArt Display PA348CGV,798.98,https://cdna.pcpartpicker.com/static/forever/images/product/e17e392177e5a964134cc881d386943e.256p.jpg,"34.0""",3440 x 1440,120 Hz,2 ms,IPS,21:9,4
Asus ROG Swift PG27UQR,311.91,https://cdna.pcpartpicker.com/static/forever/images/product/8eefb8429d0b5350147c972d9e35f84c.256p.jpg,"27.0""",3840 x 2160,160 Hz,1 ms,IPS,16:9,0
Dell U2417H,250,https://cdna.pcpartpicker.com/static/forever/images/product/32903c41384c1baea31651cba83a7b8e.256p.jpg,"24.0""",1920 x 1080,60 Hz,6 ms,IPS,16:9,4.5
BenQ GL2580H,,24.5,24.5,1920 x 1080,60 Hz,2 ms,TN,16:9,5
Asus ROG SWIFT PG349Q,1021.17,https://cdna.pcpartpicker.com/static/forever/images/product/bd21fad262288d52548786fcb8a322c1.256p.jpg,34.0,3440 x 1440,120 Hz,IPS,IPS,21:9,4.5
MSI Optix G272,,https://cdna.pcpartpicker.com/static/forever/images/product/0300348bdc25585dc0eef1a146db9361.256p.jpg,27.0,1920 x 1080,144 Hz,IPS,IPS,16:9,4.5
Dell G2422HS,171.55,https://cdna.pcpartpicker.com/static/forever/images/product/ec2196704fcb16918b0b63c43637448c.256p.jpg,"23.8""",1920 x 1080,165 Hz,1 ms,IPS,16:9,5
LG 34WP60C-B,349.99,https://cdna.pcpartpicker.com/static/forever/images/product/ebabe7d48529adfc62aabba30ad501a8.256p.jpg,34.0,3440 x 1440,160 Hz,5 ms,VA,21:9,0
Asus TUF GAMING VG24VQE,215.04,https://cdna.pcpartpicker.com/static/forever/images/product/e19ec2cd450373fc3a22f3db0a956f1e.256p.jpg,23.6,1920 x 1080,165 Hz,VA,VA,16:9,5
Gigabyte GS32Q,199.99,https://cdna.pcpartpicker.com/static/forever/images/product/6da5a08fff9bd8267ad96d5a60282176.256p.jpg,31.5,2560 x 1440,170 Hz,IPS,IPS,16:9,4.5
Gigabyte M32UP,764.99,https://cdna.pcpartpicker.com/static/forever/images/product/8f6406a5fd3c5ab9ce3f98f20434bf70.256p.jpg,31.5,3840 x 2160,160 Hz,IPS,IPS,16:9,0
Lenovo ThinkVision L197,,19,19.0,1440 x 900,5,5 ms,16:10,16:10,2
BenQ GL2450HM,,24,24.0,1920 x 1080,60 Hz,2 ms,TN,16:9,4.5
Samsung LC32F391FWNXZA,,32,32.0,1920 x 1080,60 Hz,4 ms,VA,16:9,4
iiyama G-MASTER RED EAGLE,,https://cdna.pcpartpicker.com/static/forever/images/product/bbda74d277301a3dc0511ebadfc55553.256p.jpg,"27.0""",2560 x 1440,144 Hz,1 ms,TN,16:9,5
Acer ED323QUR Abidpx,,31.5,31.5,2560 x 1440,144 Hz,4 ms,VA,16:9,4.5
Acer VG270U Pbmiipx,,27,27.0,2560 x 1440,144 Hz,1 ms,IPS,16:9,4.5
AOC CQ32G1,,https://cdna.pcpartpicker.com/static/forever/images/product/02414dde682ef9e1e4b3783ae966a9b6.256p.jpg,"31.5""",2560 x 1440,144 Hz,1 ms,VA,16:9,4
Sceptre C248B-144RN,,https://cdna.pcpartpicker.com/static/forever/images/product/9f1fdd3fd8c60f16a20e271a3c8986a3.256p.jpg,"24.0""",1920 x 1080,144 Hz,3 ms,VA,16:9,4
Sceptre E205W-16003S,109.99,https://cdna.pcpartpicker.com/static/forever/images/product/4734f245d0c51aefa2bcfee609280d46.256p.jpg,19.5,1600 x 900,75 Hz,3.5 ms,TN,16:9,5
Acer XB253Q Gpbmiiprzx,,24.5,24.5,1920 x 1080,144 Hz,IPS,IPS,16:9,4.5
iiyama G-MASTER GB2560HSU-B1,,https://cdna.pcpartpicker.com/static/forever/images/product/b898966d2fa0c1f52aa2338c5293eed6.256p.jpg,"24.5""",1920 x 1080,144 Hz,1 ms,TN,16:9,0
Acer XB240H,,https://cdna.pcpartpicker.com/static/forever/images/product/e00ca8f8f60806dafd7665e78f9fc2d6.256p.jpg,24.0,1920 x 1080,144 Hz,TN,TN,16:9,5
AOPEN UM.UW1AA.P01,108,23.6,23.6,1920 x 1080,144 Hz,VA,VA,16:9,0
Pixio PX243,,https://cdna.pcpartpicker.com/static/forever/images/product/de32f1d270746defde4c7c700b157929.256p.jpg,23.8,1920 x 1080,165 Hz,VA,VA,16:9,4
HP X24c,,https://cdna.pcpartpicker.com/static/forever/images/product/a25abbca73b6f0ff4bc0db0d4e9e0529.256p.jpg,"23.6""",1920 x 1080,144 Hz,4 ms,VA,16:9,0
Acer EK240Y Cbi,,https://cdna.pcpartpicker.com/static/forever/images/product/6fdc7f979436ecade954ed45faf78eec.256p.jpg,23.8,1920 x 1080,75 Hz,VA,VA,16:9,0
Acer SB241Y Abi,159.99,https://cdna.pcpartpicker.com/static/forever/images/product/341c37298b636298fce44397c7a1c6fe.256p.jpg,23.8,1920 x 1080,75 Hz,VA,VA,16:9,0
Dell S3222HG,,https://cdna.pcpartpicker.com/static/forever/images/product/fa9e8b4a6bd101a28d24e8936c531877.256p.jpg,32.0,1920 x 1080,165 Hz,VA,VA,16:9,0
MSI Modern MD272QPW,,https://cdna.pcpartpicker.com/static/forever/images/product/aca4c36ef3fb28a404c2cc885030965a.256p.jpg,27.0,2560 x 1440,75 Hz,IPS,IPS,16:9,0
HP EliteDisplay E243,,23.8,23.8,1920 x 1080,60 Hz,5 ms,IPS,16:9,4
MSI G32CQ5P,365.46,https://cdna.pcpartpicker.com/static/forever/images/product/3e015d3563f9034bb5a2c1d186c629c5.256p.jpg,31.5,2560 x 1440,170 Hz,VA,VA,16:9,0
Philips 27E1N1300AE/00,142.54,https://cdna.pcpartpicker.com/static/forever/images/product/ecd2ec0686b731374c2d6a3fc20edcc4.256p.jpg,27.0,1920 x 1080,100 Hz,IPS,IPS,16:9,0
INNOCN 27A1S,,27,27.0,2560 x 1440,250 Hz,0.03 ms,OLED,16:9,0
Acer Nitro XV273K V3,399.99,https://cdna.pcpartpicker.com/static/forever/images/product/aabd9660040393b68c244069c9b9b8e1.256p.jpg,27.0,3840 x 2160,160 Hz,0.5 ms,IPS,16:9,0
AOC AGON AG275QXW,,27,27.0,2560 x 1440,180 Hz,1 ms,IPS,16:9,0
Asus ProArt Display PA248CRV,232.99,https://cdna.pcpartpicker.com/static/forever/images/product/4aa694bc0b4be0a802833efb51b65925.256p.jpg,"24.1""",1920 x 1200,75 Hz,5 ms,IPS,16:10,0
LG 27UP600-W,308,https://cdna.pcpartpicker.com/static/forever/images/product/7d2490922ed788ba256d5cf4472423ee.256p.jpg,27.0,3840 x 2160,60 Hz,5 ms,IPS,16:9,5
AOC U27B3AF,194.94,https://cdna.pcpartpicker.com/static/forever/images/product/79c1bcfd4d91bca1d7884efddd1d2ec5.256p.jpg,"27.0""",3840 x 2160,60 Hz,4 ms,IPS,16:9,0
KTC H32S17,235.93,31.5,31.5,2560 x 1440,165 Hz,3 ms,VA,16:9,5
LG 34WQ500-B,209.99,https://cdna.pcpartpicker.com/static/forever/images/product/852c9aba4c983f0520f37208502b7fc9.256p.jpg,34.0,2560 x 1080,100 Hz,5 ms,IPS,21:9,0
Asus VS247HR,104.5,https://cdna.pcpartpicker.com/static/forever/images/product/13ddd3545279c64ebebbafc869f37540.256p.jpg,"23.6""",1920 x 1080,60 Hz,2 ms,TN,16:9,5
Asus TUF Gaming VG328QA1A,154,https://cdna.pcpartpicker.com/static/forever/images/product/3a9e5ca066c5bc2253a33ae58cb67ef6.256p.jpg,31.5,1920 x 1080,170 Hz,VA,VA,16:9,0
LG 49WQ95C-W,1499.99,https://cdna.pcpartpicker.com/static/forever/images/product/03a01b4c3e232efb323bd6de6f0f52a5.256p.jpg,49.0,5120 x 1440,144 Hz,5 ms,Nano IPS,32:9,0
AOC U32G3X/BK,852.54,https://cdna.pcpartpicker.com/static/forever/images/product/8f4db5210c75b31906520a8a5a9957eb.256p.jpg,"31.5""",3840 x 2160,144 Hz,1 ms,IPS,16:9,5
Dell P2723DE,355.55,https://cdna.pcpartpicker.com/static/forever/images/product/84f6177d092860429ffc857cef083c65.256p.jpg,27.0,2560 x 1440,60 Hz,IPS,IPS,16:9,0
Asus TUF Gaming VG32AQL1A,486.45,31.5,31.5,2560 x 1440,170 Hz,1 ms,IPS,16:9,5
BenQ MOBIUZ EX2710U,479.99,https://cdna.pcpartpicker.com/static/forever/images/product/fa562846466e1262318c13611baa3328.256p.jpg,"27.0""",3840 x 2160,144 Hz,1 ms,IPS,16:9,0
MSI MAG27C6X,169.99,27,27.0,1920 x 1080,250 Hz,4 ms,VA,16:9,4
HP OMEN X 27,1276.9,https://cdna.pcpartpicker.com/static/forever/images/product/923f78c427411ec6de8ada5edacc9b44.256p.jpg,27.0,2560 x 1440,240 Hz,TN,TN,16:9,0
Dell G3223D,,https://cdna.pcpartpicker.com/static/forever/images/product/6a6b7c5187b9057552b0102fbcd2628a.256p.jpg,"31.5""",2560 x 1440,165 Hz,1 ms,IPS,16:9,4.5
Acer SB272 EBI,159.99,27,27.0,1920 x 1080,100 Hz,IPS,IPS,16:9,0
Dell P190S,,19,19.0,1280 x 1024,60 Hz,5 ms,5:4,5:4,3
Asus VS228H-P,,21.5,21.5,1920 x 1080,5,5 ms,16:9,16:9,4.5
Acer G246HLAbd,,https://cdna.pcpartpicker.com/static/forever/images/product/614942e5ea21820345c9569c4be4fe0c.med.256p.jpg,"24.0""",1920 x 1080,60 Hz,5 ms,TN,16:9,4.5
Asus VG278HE,,27,27.0,1920 x 1080,144 Hz,2 ms,16:9,16:9,4.5
ViewSonic VA2246M-LED,378.51,22,22.0,1920 x 1080,60 Hz,5 ms,TN,16:9,4
Acer K242HL Bbid,,https://cdna.pcpartpicker.com/static/forever/images/product/de23adde449617df400640aed90a2ee1.256p.jpg,"24.0""",1920 x 1080,60 Hz,5 ms,TN,16:9,4
Dell U2415,,24.1,24.1,1920 x 1200,60 Hz,6 ms,IPS,16:10,4
Dell U2515H,,https://cdna.pcpartpicker.com/static/forever/images/product/6d29f4fa4a67db62ca8595afc3c09114.256p.jpg,"25.0""",2560 x 1440,60 Hz,6 ms,IPS,16:9,4.5
AOC G2260VWQ6,,https://cdna.pcpartpicker.com/static/forever/images/product/c3ea19696771d5279750160db5bbfd99.256p.jpg,"21.5""",1920 x 1080,75 Hz,1 ms,TN,16:9,4
Dell Alienware AW2518HF,,24.5,24.5,1920 x 1080,240 Hz,1 ms,TN,16:9,4.5
AOC AG241QX,,https://cdna.pcpartpicker.com/static/forever/images/product/2db440a70bf5777883ac8115fcc1351d.256p.jpg,"23.8""",2560 x 1440,144 Hz,1 ms,TN,16:9,4.5
Acer Predator XB2,,24.5,24.5,1920 x 1080,240 Hz,1 ms,TN,16:9,5
LG 34CB88-P,,34,34.0,3440 x 1440,75 Hz,5 ms,IPS,21:9,5
MSI Optix G27C2,,https://cdna.pcpartpicker.com/static/forever/images/product/644e42686a18e7786e31d4c4add10371.256p.jpg,"27.0""",1920 x 1080,144 Hz,1 ms,VA,16:9,4
AOC G2590PX,,https://cdna.pcpartpicker.com/static/forever/images/product/2546075ae7f5f6cc4512e29512eb6026.256p.jpg,"24.5""",1920 x 1080,144 Hz,1 ms,TN,16:9,4.5
Dell P2219HC,,https://cdna.pcpartpicker.com/static/forever/images/product/582f8de3b2ea5339edb2d8a4746aa598.256p.jpg,"22.0""",1920 x 1080,60 Hz,5 ms,IPS,16:9,0
Dell P2719HC,,https://cdna.pcpartpicker.com/static/forever/images/product/eca83aa72bc4e28533fc69f3c10f9c41.256p.jpg,"27.0""",1920 x 1080,60 Hz,5 ms,IPS,16:9,3
Asus ROG SWIFT PG279QZ,,27,27.0,2560 x 1440,165 Hz,4 ms,IPS,16:9,5
VIOTEK NB24CB,,24,24.0,1920 x 1080,75 Hz,5 ms,VA,16:9,0
Kogan KAMN27CQ1LA,,27,27.0,2560 x 1440,144 Hz,5 ms,VA,16:9,0
BenQ Zowie RL2455S,,https://cdna.pcpartpicker.com/static/forever/images/product/f73ac354b1c80a23056db72b44cb07ee.256p.jpg,"24.0""",1920 x 1080,75 Hz,1 ms,TN,16:9,4
Acer VG270 Pbiip,,https://cdna.pcpartpicker.com/static/forever/images/product/d9ae47f18f889c4865581c302a2e4dea.256p.jpg,27.0,1920 x 1080,144 Hz,IPS,IPS,16:9,4.5
MSI Optix MAG272C,,https://cdna.pcpartpicker.com/static/forever/images/product/943e0eee2ad3e3ca799585ef87b4bdac.256p.jpg,"27.0""",1920 x 1080,165 Hz,1 ms,VA,16:9,4.5
Dell P1917S,185.99,https://cdna.pcpartpicker.com/static/forever/images/product/cf3e58c96c00bed76c4b91f6b1cc605d.256p.jpg,"19.0""",1280 x 1024,60 Hz,6 ms,IPS,5:4,0
VIOTEK GNV29CB,,29,29.0,2560 x 1080,120 Hz,5 ms,VA,21:9,0
Acer XF243Y Pbmiiprx,,https://cdna.pcpartpicker.com/static/forever/images/product/96d6a4b73ac0583fb50e999c299aa2fb.256p.jpg,"23.8""",1920 x 1080,165 Hz,2 ms,IPS,16:9,4.5
HP X32,,https://cdna.pcpartpicker.com/static/forever/images/product/7d58d674357073e13e71cc7cdd0555fa.256p.jpg,"31.5""",2560 x 1440,165 Hz,1 ms,IPS,16:9,4.5
MSI MAG ARTYMIS 324CP,315,31.5,31.5,1920 x 1080,165 Hz,VA,VA,16:9,0
ViewSonic ELITE XG270Q,698,27,27.0,2560 x 1440,165 Hz,1 ms,IPS,16:9,0
Asus VG289Q1A,362,https://cdna.pcpartpicker.com/static/forever/images/product/8fb49a944f83933f881a2f5acb7e68e1.256p.jpg,28.0,3840 x 2160,60 Hz,5 ms,IPS,16:9,4
Samsung CF396,99.99,https://cdna.pcpartpicker.com/static/forever/images/product/60bda30b689f216f9b0bbf7704d976be.256p.jpg,24.0,1920 x 1080,60 Hz,4 ms,VA,16:9,0
Samsung CR500,215,https://cdna.pcpartpicker.com/static/forever/images/product/a6f24d91b3185589e99dca2f7a10c196.256p.jpg,32.0,1920 x 1080,75 Hz,4 ms,VA,16:9,0
MSI Creator PS321QR,,https://cdna.pcpartpicker.com/static/forever/images/product/d62b35c6fb8411f5b8cd25b30b68a7f7.256p.jpg,"32.0""",2560 x 1440,165 Hz,1 ms,IPS,16:9,0
iiyama GB2770HSU-B1,,https://cdna.pcpartpicker.com/static/forever/images/product/f017b835ecbd350ef6f50ae020155ff5.256p.jpg,27.0,1920 x 1080,165 Hz,IPS,IPS,16:9,0
HP 25x,,24.5,24.5,1920 x 1080,144 Hz,1 ms,TN,16:9,0
Philips 272E1GSJ,,27,27.0,1920 x 1080,144 Hz,4 ms,VA,16:9,0
ASRock PG27F15RS1A,178.86,https://cdna.pcpartpicker.com/static/forever/images/product/4a8b6f6bcae5cc5d175bbfd01fa62236.256p.jpg,27.0,1920 x 1080,240 Hz,VA,VA,16:9,5
Dell Alienware AW2524H,,https://cdna.pcpartpicker.com/static/forever/images/product/812c513edc0153ceefbbacaaf80f8b0c.256p.jpg,"24.5""",1920 x 1080,500 Hz,0.5 ms,IPS,16:9,0
Asus ROG Strix XG27AQM-G EVA Edition,,https://cdna.pcpartpicker.com/static/forever/images/product/9874f53b240f2d193a97b62e1a6bbd52.256p.jpg,"27.0""",2560 x 1440,270 Hz,0.5 ms,IPS,16:9,0
Dell P2222H,139,https://cdna.pcpartpicker.com/static/forever/images/product/03651283d43f9936660fe06d4f855cbc.256p.jpg,"21.5""",1920 x 1080,60 Hz,5 ms,IPS,16:9,0
Gigabyte GS27QC,159.99,https://cdna.pcpartpicker.com/static/forever/images/product/73346211c43ad821f3e63b8bbd41654b.256p.jpg,27.0,2560 x 1440,170 Hz,VA,VA,16:9,4
MSI Optix G27C4 E2,249.99,27,27.0,1920 x 1080,170 Hz,VA,VA,16:9,0
Samsung ViewFinity S65VC,699.99,https://cdna.pcpartpicker.com/static/forever/images/product/9fff77f27d3d9e0002d8542af65bb409.256p.jpg,34.0,3440 x 1440,100 Hz,5 ms,VA,21:9,0
ViewSonic OMNI VX2728-2K,,27,27.0,2560 x 1440,165 Hz,IPS,IPS,16:9,0
AOC U27G3X,459,https://cdna.pcpartpicker.com/static/forever/images/product/c3a69d7887b4ef70f4e6a259408c17e7.256p.jpg,27.0,3840 x 2160,160 Hz,IPS,IPS,16:9,0
Acer Nitro XV272K LV,,27,27.0,3840 x 2160,155 Hz,IPS,IPS,16:9,0
MSI PRO MP252,,https://cdna.pcpartpicker.com/static/forever/images/product/410fe72d726c296fa57481ec16c58481.256p.jpg,"24.5""",1920 x 1080,100 Hz,4 ms,IPS,16:9,0
MSI G27C4 E3,258,https://cdna.pcpartpicker.com/static/forever/images/product/29b07a87cc40462036cc86e615cbb0b5.256p.jpg,27.0,1920 x 1080,180 Hz,VA,VA,16:9,4.5
MSI G27CQ4 E2,194.99,https://cdna.pcpartpicker.com/static/forever/images/product/79cac2eca88f4b8826f5a3b0e28fb056.256p.jpg,27.0,2560 x 1440,170 Hz,VA,VA,16:9,5
Acer Nitro VG272U V,262.89,https://cdna.pcpartpicker.com/static/forever/images/product/ea4eec0823889fc59f56785721a5a82a.256p.jpg,27.0,2560 x 1440,170 Hz,IPS,IPS,16:9,0
AOC Q32V4,135,https://cdna.pcpartpicker.com/static/forever/images/product/93230492ce72723f6886442e528d59a2.256p.jpg,"31.5""",2560 x 1440,75 Hz,4 ms,IPS,16:9,0
LG 27GP700-B,226.99,https://cdna.pcpartpicker.com/static/forever/images/product/7a5c063e85478f807f63d1a7a9ce4e2d.256p.jpg,27.0,1920 x 1080,240 Hz,1 ms,IPS,16:9,2
LG 32UP83A-W,399.99,https://cdna.pcpartpicker.com/static/forever/images/product/1e6b13d01adc16fea574cc3bf185c904.256p.jpg,32.0,3840 x 2160,60 Hz,5 ms,IPS,16:9,0
LG 32BN50U-B,329.94,https://cdna.pcpartpicker.com/static/forever/images/product/e7452b4a1083bfda10ef27652e087bc9.256p.jpg,31.5,3840 x 2160,60 Hz,4 ms,VA,16:9,0
Asus ProArt Display PA328CGV,549,https://cdna.pcpartpicker.com/static/forever/images/product/09e0f251a780c0528ba069c1b5d25cc4.256p.jpg,32.0,2560 x 1440,165 Hz,5 ms,IPS,16:9,0
LG 35BN75CN-B,,https://cdna.pcpartpicker.com/static/forever/images/product/7aa778b44a12367a4cfb39dfc83d4374.256p.jpg,"35.0""",3440 x 1440,100 Hz,5 ms,VA,21:9,0
Samsung LS27A804UJNXGO,219.99,https://cdna.pcpartpicker.com/static/forever/images/product/8314be09f6faf2061374c7d7b7e5ca46.256p.jpg,27.0,3840 x 2160,60 Hz,5 ms,IPS,16:9,0
Asus ROG Strix XG248Q,279,https://cdna.pcpartpicker.com/static/forever/images/product/8ba54e4b2cfc00bcbd7e88f7f4b4f6bb.256p.jpg,23.8,1920 x 1080,240 Hz,1 ms,TN,16:9,5
Sony INZONE M9 II,798,27,27.0,3840 x 2160,160 Hz,1 ms,IPS,16:9,0
MSI Optix MAG341CQ,,34,34.0,3440 x 1440,100 Hz,8 ms,VA,21:9,4.5
Dell P2319H,227,https://cdna.pcpartpicker.com/static/forever/images/product/882294c85258ea9a1171c0b7ec132a04.256p.jpg,"23.0""",1920 x 1080,60 Hz,5 ms,IPS,16:9,4.5
Sceptre E248W-19203S,88.96,https://cdna.pcpartpicker.com/static/forever/images/product/12b0456436c2a01f11bcd8845b402d06.256p.jpg,23.8,1920 x 1080,75 Hz,3.5 ms,VA,16:9,0
ViewSonic VX2718-P-MHD,169.99,https://cdna.pcpartpicker.com/static/forever/images/product/b82625fa3ef81475329fe7be65db6ac0.256p.jpg,27.0,1920 x 1080,165 Hz,5 ms,VA,16:9,0
Asus ROG Strix XG27UQR,289,https://cdna.pcpartpicker.com/static/forever/images/product/70eda786ad353daa6a3d56bd2a0b3ad4.256p.jpg,27.0,3840 x 2160,144 Hz,IPS,IPS,16:9,0
Asus ROG Strix XG259CM,309,https://cdna.pcpartpicker.com/static/forever/images/product/e034ce7ed7db3ec67f0e84e46c157699.256p.jpg,24.5,1920 x 1080,240 Hz,1 ms,IPS,16:9,0
ASRock PG27FF1A,172.78,https://cdna.pcpartpicker.com/static/forever/images/product/689e479379c8dbd61001fa059697afe6.256p.jpg,27.0,1920 x 1080,165 Hz,IPS,IPS,16:9,0
ASRock CL25FF,,https://cdna.pcpartpicker.com/static/forever/images/product/db21286ea65f13aa2cee4bf599d92cc2.256p.jpg,"24.5""",1920 x 1080,100 Hz,4 ms,IPS,16:9,0
Asus ProArt Display,1217.76,https://cdna.pcpartpicker.com/static/forever/images/product/c0303ac1fc5dd78e7ee0f4f9e607875c.256p.jpg,"32.0""",3840 x 2160,60 Hz,5 ms,IPS Mini LED,16:9,0
LG 38WR85QC-W,1096.99,https://cdna.pcpartpicker.com/static/forever/images/product/213820ca056a89a32c505a1125b5ead4.256p.jpg,37.5,3840 x 1600,144 Hz,1 ms,Nano IPS,12:5,0
MSI Modern MD272UPSW,248.59,https://cdna.pcpartpicker.com/static/forever/images/product/195a117ad7fcff2128549d434abbeaab.256p.jpg,"27.0""",3840 x 2160,60 Hz,4 ms,IPS,16:9,0
MSI Optix G274,361.66,https://cdna.pcpartpicker.com/static/forever/images/product/5fbd2fd084e799612d482fedb4404093.256p.jpg,27.0,1920 x 1080,170 Hz,IPS,IPS,16:9,0
Asus ROG Swift PG32UQ,669.96,https://cdna.pcpartpicker.com/static/forever/images/product/7818c7d307576c863c8b62591cc3792b.256p.jpg,32.0,3840 x 2160,144 Hz,IPS,IPS,16:9,4
Lenovo ThinkVision T23i-30,130,https://cdna.pcpartpicker.com/static/forever/images/product/84575ead6cd43047872dc4433b5a9709.256p.jpg,23.0,1920 x 1080,60 Hz,4 ms,IPS,16:9,0
Philips 241V8L,144.99,23.8,23.8,1920 x 1080,75 Hz,4 ms,VA,16:9,5
LG UltraFine,522.29,https://cdna.pcpartpicker.com/static/forever/images/product/442ed1e7919b6f284d70e44e8d236dab.256p.jpg,"31.5""",3840 x 2160,60 Hz,5 ms,IPS,16:9,0
Cooler Master GA271,,https://cdna.pcpartpicker.com/static/forever/images/product/034f2117b16cfc7db8b639facb18172b.256p.jpg,27.0,2560 x 1440,100 Hz,VA,VA,16:9,0
Acer GD235HZbid,,https://cdna.pcpartpicker.com/static/forever/images/product/5b2d6e191d774275698eee3102610f53.256p.jpg,23.6,1920 x 1080,120 Hz,2 ms,16:9,16:9,4.5
Planar PL1500M,,https://cdna.pcpartpicker.com/static/forever/images/product/a2528ef5546ddf61aa5e3c3a4ebde34a.256p.jpg,15.0,1024 x 768,8,8 ms,4:3,4:3,3
Asus VG278H,,27,27.0,1920 x 1080,120 Hz,2 ms,16:9,16:9,5
AOC e1621Sw,,16,16.0,1366 x 768,60 Hz,8 ms,16:9,16:9,0
Samsung S19B150N,,18.5,18.5,1366 x 768,60 Hz,5 ms,TN,16:9,3
Asus VN247H-P,,23.6,23.6,1920 x 1080,1,1 ms,16:9,16:9,4.5
BenQ RL2455HM,,https://cdna.pcpartpicker.com/static/forever/images/product/3f17d2f357666fb1913d2ab56c5d511b.256p.jpg,"24.0""",1920 x 1080,60 Hz,1 ms,TN,16:9,4.5
BenQ XL2730Z,,27,27.0,2560 x 1440,144 Hz,1 ms,TN,16:9,4.5
BenQ XL2540,,24.5,24.5,1920 x 1080,240 Hz,1 ms,TN,16:9,5
Dell S2716DGR,645,27,27.0,2560 x 1440,144 Hz,1 ms,TN,16:9,4.5
Asus ROG Strix XG258Q,,https://cdna.pcpartpicker.com/static/forever/images/product/172ab3454bdf6d46f2a75b6195d1a8c3.256p.jpg,"24.5""",1920 x 1080,240 Hz,1 ms,TN,16:9,0
ViewSonic XG2402 OMNI,,24,24.0,1920 x 1080,144 Hz,1 ms,TN,16:9,4.5
LG 29WK600-W,,https://cdna.pcpartpicker.com/static/forever/images/product/aadd9061cd739b10849a50ec7dee66c3.256p.jpg,"29.0""",2560 x 1080,75 Hz,5 ms,IPS,21:9,4.5
Dell E2216H,81,21.5,21.5,1920 x 1080,60 Hz,5 ms,TN,16:9,0
HP W2207H,,22,22.0,1680 x 1050,60 Hz,TN,TN,16:10,4
MSI Optix AG32CQ,,31.5,31.5,2560 x 1440,144 Hz,1 ms,VA,16:9,3.5
Sceptre U275W-4000R,,27,27.0,3840 x 2160,60 Hz,5 ms,IPS,16:9,4
HP W1707,,17,17.0,1440 x 900,60 Hz,8 ms,TN,16:10,0
Asus VP228QG,,https://cdna.pcpartpicker.com/static/forever/images/product/7211175ddb6250cd402e6ea1f7639f71.256p.jpg,"21.5""",1920 x 1080,75 Hz,1 ms,TN,16:9,4
AOC AG273QCX,,https://cdna.pcpartpicker.com/static/forever/images/product/a6b516d1b1c258c2e521146e0570e335.256p.jpg,"27.0""",2560 x 1440,144 Hz,1 ms,VA,16:9,4
AOC 22E1H,,https://cdna.pcpartpicker.com/static/forever/images/product/9e6d31ce72a5ead8c486a61a80b79e86.256p.jpg,"21.5""",1920 x 1080,60 Hz,2 ms,TN,16:9,0
HP EliteDisplay E202,250,https://cdna.pcpartpicker.com/static/forever/images/product/fd9d31b135d8f8684755d507dfa9dcec.256p.jpg,20.0,1600 x 900,60 Hz,IPS,IPS,16:9,0
HP Pavilion 27q,,https://cdna.pcpartpicker.com/static/forever/images/product/de67c29590488d8059d7b59c3996bb7e.256p.jpg,"27.0""",2560 x 1440,60 Hz,5 ms,PLS,16:9,0
Philips 273V7QJAB,139.99,https://cdna.pcpartpicker.com/static/forever/images/product/41d020ac49b75a0162f03187ead91730.256p.jpg,27.0,1920 x 1080,60 Hz,4 ms,IPS,16:9,3.5
ViewSonic VX2458-C-MHD,,23.6,23.6,1920 x 1080,144 Hz,VA,VA,16:9,4
Dell P2219HE,245,https://cdna.pcpartpicker.com/static/forever/images/product/c415087a2a42fca8a5522ae944bee121.256p.jpg,"22.0""",1920 x 1080,60 Hz,5 ms,IPS,16:9,0
VIOTEK GNV34DBE,,34,34.0,3440 x 1440,144 Hz,4 ms,VA,21:9,4.5
Acer VG240Y Sbmiipx,,23.8,23.8,1920 x 1080,165 Hz,2 ms,IPS,16:9,5
Asus ROG Swift PG259QN,795,https://cdna.pcpartpicker.com/static/forever/images/product/ae364dfe79d4c077bc72a661b48293c3.256p.jpg,24.5,1920 x 1080,360 Hz,1 ms,IPS,16:9,4
LG UltraGear 27GN95B-B,,27,27.0,3840 x 2160,144 Hz,1 ms,IPS,16:9,5
Acer VG220Q bmiix,,https://cdna.pcpartpicker.com/static/forever/images/product/f97450c27afae4021418ff3cf3c0f872.256p.jpg,21.5,1920 x 1080,75 Hz,IPS,IPS,16:9,4.5
HUAWEI MateView,,28.2,28.2,3840 x 2560,60 Hz,IPS,IPS,3:2,0
Gigabyte ‎G27FC A,229.99,https://cdna.pcpartpicker.com/static/forever/images/product/6e25155650d26f8284bc50e359c0ee1d.256p.jpg,27.0,1920 x 1080,170 Hz,VA,VA,16:9,5
MSI Optix MAG301CR2,264.99,https://cdna.pcpartpicker.com/static/forever/images/product/a04524cdde8ec22b2d9cf889b8036a9a.256p.jpg,29.5,2560 x 1080,200 Hz,VA,VA,21:9,0
MSI Optix MAG274QRX,,https://cdna.pcpartpicker.com/static/forever/images/product/f2ce0f045bb407769c5afbc43774f30c.256p.jpg,"27.0""",2560 x 1440,240 Hz,1 ms,IPS,16:9,4.5
Acer VG271 Sbmiipx,,https://cdna.pcpartpicker.com/static/forever/images/product/6fdc7f979436ecade954ed45faf78eec.256p.jpg,27.0,1920 x 1080,165 Hz,IPS,IPS,16:9,0
Acer XV252Q FBMIIPRX,,https://cdna.pcpartpicker.com/static/forever/images/product/af1c172efd0c3cad69f4fbb24fa7b253.256p.jpg,24.5,1920 x 1080,390 Hz,IPS,IPS,16:9,5
ViewSonic VX2418-P-MHD,141.44,https://cdna.pcpartpicker.com/static/forever/images/product/0acb18ea44b8620212fa38058f1e1c8f.256p.jpg,24.0,1920 x 1080,165 Hz,4 ms,VA,16:9,0
Corsair XENEON 32UHD144,,https://cdna.pcpartpicker.com/static/forever/images/product/de40317aaebd7d065a36f3d8567544dd.256p.jpg,"32.0""",3840 x 2160,144 Hz,12 ms,IPS,16:9,3
MSI Pro MP243,,https://cdna.pcpartpicker.com/static/forever/images/product/2751e1ed16b6055f2414bec4e68bc0f0.256p.jpg,"23.8""",1920 x 1080,75 Hz,5 ms,IPS,16:9,0
MSI Pro MP243W,,https://cdna.pcpartpicker.com/static/forever/images/product/5b256a24b83a1170a8902455d30955ff.256p.jpg,"23.8""",1920 x 1080,75 Hz,5 ms,IPS,16:9,0
Acer ED270U P,,https://cdna.pcpartpicker.com/static/forever/images/product/7a7fb56216c7f8d621a89df218f2d59a.256p.jpg,31.5,2560 x 1440,165 Hz,VA,VA,16:9,0
MSI G321Q,,31.5,31.5,2560 x 1440,170 Hz,IPS,IPS,16:9,0
Asus ROG Strix XG49WCR,,https://cdna.pcpartpicker.com/static/forever/images/product/136119375795f8a027a53e9da9c5302f.256p.jpg,49.0,5120 x 1440,165 Hz,VA,VA,32:9,0
Acer Predator X45 bmiiphuzx,1299.99,https://cdna.pcpartpicker.com/static/forever/images/product/7f88574eb69668e2522ef3d0bc0d3b2a.256p.jpg,44.5,3440 x 1440,240 Hz,0.03 ms,OLED,21:9,0
Asus ROG Strix XG259QN,,https://cdna.pcpartpicker.com/static/forever/images/product/2e2750413780e46c65dadbb2b3744b46.256p.jpg,"24.5""",1920 x 1080,380 Hz,0.3 ms,IPS,16:9,0
Asus VY229HE,,https://cdna.pcpartpicker.com/static/forever/images/product/f56a0dfb494c7f00d5fcb094226d52f3.256p.jpg,21.4,1920 x 1080,75 Hz,IPS,IPS,16:9,0
Gigabyte GS34WQC,,https://cdna.pcpartpicker.com/static/forever/images/product/a2f34ec9e2d70e9b5d18c4fba939605f.256p.jpg,34.0,3440 x 1440,135 Hz,VA,VA,21:9,0
HP P27h G5,179.99,https://cdna.pcpartpicker.com/static/forever/images/product/d7b5a4ae0253eb859dc946f7a7198416.256p.jpg,27.0,1920 x 1080,75 Hz,5 ms,IPS,16:9,0
LG 22BL450Y-B,159,https://cdna.pcpartpicker.com/static/forever/images/product/aaf9df14c3d4617c574f2a7b57a8857b.256p.jpg,21.5,1920 x 1080,75 Hz,5 ms,IPS,16:9,0
Samsung T37F,159,https://cdna.pcpartpicker.com/static/forever/images/product/2c2760ebba735ba0cab2e9ebf5e1074c.256p.jpg,23.8,1920 x 1080,75 Hz,5 ms,IPS,16:9,0
Samsung LS27CG512ENXZA,314.49,https://cdna.pcpartpicker.com/static/forever/images/product/3f85adcd63138074bff2d73aa3cf86ce.256p.jpg,27.0,2560 x 1440,165 Hz,VA,VA,16:9,0
Samsung ViewFinity S70A,,31.5,27.0,3840 x 2160,60 Hz,5 ms,IPS,16:9,0
Titan Army P32A2S2,,32,32.0,2560 x 1440,240 Hz,1 ms,IPS,16:9,4
Corsair XENEON 34WQHD240-C,899.99,https://cdna.pcpartpicker.com/static/forever/images/product/bd5e576326a0766191f360331e7542f1.256p.jpg,34.0,3440 x 1440,240 Hz,0.03 ms,QD-OLED,21:9,0
Acer XV340CK Pbmiipphzx,314.99,https://cdna.pcpartpicker.com/static/forever/images/product/f73d6c4ba23a3b3056b419ec70b75abd.256p.jpg,34.0,3440 x 1440,144 Hz,IPS,IPS,21:9,4
Cooler Master Tempest GP2711,249.99,https://cdna.pcpartpicker.com/static/forever/images/product/464ef3f1b5e0253fe5888c599d12bb83.256p.jpg,"27.0""",2560 x 1440,165 Hz,4 ms,QD-VA,16:9,0
Dell P3421W,649,https://cdna.pcpartpicker.com/static/forever/images/product/a5d460748d2131a8dc0595e57c4b3a9d.256p.jpg,34.0,3440 x 1440,60 Hz,5 ms,IPS,21:9,0
LG 27UK850-W,415,https://cdna.pcpartpicker.com/static/forever/images/product/3c8761d34833f77bfb283651fdc1957d.256p.jpg,27.0,3840 x 2160,60 Hz,5 ms,IPS,16:9,4
ViewSonic VA2256-MHD,183.33,https://cdna.pcpartpicker.com/static/forever/images/product/683fe67eb8a3ac71ef9068e772c1e803.256p.jpg,"21.5""",1920 x 1080,60 Hz,7 ms,IPS,16:9,0
MSI PRO MP242PMG,149.99,https://cdna.pcpartpicker.com/static/forever/images/product/4a6a1e21ea991be2adcf025e9ac6e45d.256p.jpg,23.8,1920 x 1080,120 Hz,4 ms,IPS,16:9,0
LG 27UL550-W,299.99,https://cdna.pcpartpicker.com/static/forever/images/product/4ef68949b7f9fed4aae0db5183760343.256p.jpg,27.0,3840 x 2160,60 Hz,5 ms,IPS,16:9,0
ViewSonic VX3418-2KPC,319.99,https://cdna.pcpartpicker.com/static/forever/images/product/5bdc4e6888786973f2ee3db354fa79ad.256p.jpg,34.0,3440 x 1440,180 Hz,VA,VA,21:9,0
Asus TUF Gaming VG32VQR,174,https://cdna.pcpartpicker.com/static/forever/images/product/c5933857218dba3b99b98ff26d131aa5.256p.jpg,31.5,2560 x 1440,165 Hz,VA,VA,16:9,5
Gigabyte AORUS FV43U,,https://cdna.pcpartpicker.com/static/forever/images/product/2ae12ee758c730c67edd56c06a668d16.256p.jpg,43.0,3840 x 2160,144 Hz,VA,VA,16:9,4.5
LG 40WP95C-W,1399.99,https://cdna.pcpartpicker.com/static/forever/images/product/9abf17f56430d21157146550706b77aa.256p.jpg,39.7,5120 x 2160,72 Hz,5 ms,IPS,64:27,0
Samsung S32BG700EU,541.87,https://cdna.pcpartpicker.com/static/forever/images/product/17f2c22ab905d4f4eeec1465d8884a29.256p.jpg,"32.0""",3840 x 2160,144 Hz,1 ms,IPS,16:9,4
LG 24BL450Y-B,,https://cdna.pcpartpicker.com/static/forever/images/product/e956c1d80b1033862d0f0985d0935e7b.256p.jpg,"23.8""",1920 x 1080,75 Hz,5 ms,IPS,16:9,0
Asus VX248H,399.99,24,24.0,1920 x 1080,60 Hz,1 ms,TN,16:9,4.5
ViewSonic VX2457-MHD,,23.6,23.6,1920 x 1080,75 Hz,2 ms,TN,16:9,4.5
Asus VP248QG,239,https://cdna.pcpartpicker.com/static/forever/images/product/02e94a87ab481e79583e6fd0c1d004e7.256p.jpg,24.0,1920 x 1080,75 Hz,1 ms,TN,16:9,3.5
LG 24MK600M-B,189,https://cdna.pcpartpicker.com/static/forever/images/product/4d54193a7ac3c0751c4feadb7bd26c7f.256p.jpg,24.0,1920 x 1080,75 Hz,5 ms,IPS,16:9,4.5
Sceptre C248W-1920R,109.97,https://cdna.pcpartpicker.com/static/forever/images/product/41a9e0c0eed1896f0f463416d93de85e.256p.jpg,23.6,1920 x 1080,75 Hz,5 ms,VA,16:9,3
Philips 345B1C/00,267.07,https://cdna.pcpartpicker.com/static/forever/images/product/47a116fe6b15c28d7f31388513b94926.256p.jpg,"34.0""",3440 x 1440,100 Hz,5 ms,VA,21:9,0
iiyama G-Master GB3266QSU-B1,,https://cdna.pcpartpicker.com/static/forever/images/product/ae936105a0a4d886070fc51d7d9253ab.256p.jpg,31.5,2560 x 1440,144 Hz,VA,VA,16:9,0
LG 27UP850-W,500,https://cdna.pcpartpicker.com/static/forever/images/product/f64ff7a015b5fa28d02581e939ec8a02.256p.jpg,27.0,3840 x 2160,60 Hz,5 ms,IPS,16:9,0
Gigabyte G27QC A,,https://cdna.pcpartpicker.com/static/forever/images/product/8ed2c0180a3935e502b099b5c07af20c.256p.jpg,27.0,2560 x 1440,165 Hz,VA,VA,16:9,4.5
LG 29WQ600-W,219.99,https://cdna.pcpartpicker.com/static/forever/images/product/47f6bf3a01f32e0f0239d328af81c9d3.256p.jpg,29.0,2560 x 1080,100 Hz,5 ms,IPS,21:9,0
LG 32GQ950-B,1299.99,https://cdna.pcpartpicker.com/static/forever/images/product/b550acbe4e3aa46f86641d37e1bef8a1.256p.jpg,31.5,3840 x 2160,144 Hz,1 ms,IPS,16:9,4
Dell E1910H,161.5,18.5,18.5,1360 x 768,5,5 ms,TN,16:9,5
Acer HN274Hbmiiid,,https://cdna.pcpartpicker.com/static/forever/images/product/d24da519689e231d6f1cfa137507345a.256p.jpg,"27.0""",1920 x 1080,120 Hz,2 ms,TN,16:9,0
Asus VH238H,,23,23.0,1920 x 1080,2,2 ms,16:9,16:9,4.5
HP 2311x,,https://cdna.pcpartpicker.com/static/forever/images/product/540de1b33ac08dae4b8b2dd297c0d68b.256p.jpg,23.0,1920 x 1080,5,5 ms,16:9,16:9,4.5
Sceptre E246W-1080P,,23.6,23.6,1920 x 1080,2,2 ms,16:9,16:9,0
Dell P2213,180.63,22,22.0,1680 x 1050,60 Hz,5 ms,16:10,16:10,4
Acer G276HLGbd,,https://cdna.pcpartpicker.com/static/forever/images/product/b9051718bf19df60735790c9bc8af9ac.med.256p.jpg,27.0,1920 x 1080,60 Hz,6 ms,16:9,16:9,4.5
ViewSonic VX2452mh,,https://cdna.pcpartpicker.com/static/forever/images/product/d8aa09fd7ec498fd0d15d7e9c53ed85c.256p.jpg,"23.6""",1920 x 1080,60 Hz,2 ms,TN,16:9,4.5
Dell P1914S,119.99,19,19.0,1280 x 1024,60 Hz,8 ms,IPS,5:4,5
Samsung P2370HD,,23,23.0,1920 x 1080,60 Hz,5 ms,16:9,16:9,0
Acer K202HQL,,https://cdna.pcpartpicker.com/static/forever/images/product/12fa2ac116dcb1c128e0ff4fd3f1e060.med.256p.jpg,"19.5""",1600 x 900,60 Hz,5 ms,TN,16:9,3
Dell S2715H,,https://cdna.pcpartpicker.com/static/forever/images/product/17e51e6df422fba762c81d483e4aec78.256p.jpg,"27.0""",1920 x 1080,60 Hz,6 ms,IPS,16:9,5
HP EliteDisplay E221i,,https://cdna.pcpartpicker.com/static/forever/images/product/221d1e482d99469deac1c4721cdd5408.256p.jpg,"21.5""",1920 x 1080,60 Hz,8 ms,IPS,16:9,5
AOC G2460PG,,24,24.0,1920 x 1080,144 Hz,1 ms,TN,16:9,4
Dell 1909W,,19,19.0,1440 x 900,60 Hz,5 ms,TN,16:10,4
AOC G2460FQ,,https://cdna.pcpartpicker.com/static/forever/images/product/52fdb38fe41e443cbee1b511915918d4.256p.jpg,24.0,1920 x 1080,144 Hz,1 ms,16:9,16:9,4
BenQ GW2470H,,https://cdna.pcpartpicker.com/static/forever/images/product/097c02241a3a432c517e87fe71edc53e.256p.jpg,"23.8""",1920 x 1080,60 Hz,4 ms,VA,16:9,5
AOC AGON AG322QCX,,31.5,31.5,2560 x 1440,144 Hz,4 ms,VA,16:9,4.5
ViewSonic XG2560,,24.5,24.5,1920 x 1080,240 Hz,1 ms,TN,16:9,5
Acer XF270H Bbmiiprzx,,27,27.0,1920 x 1080,144 Hz,1 ms,TN,16:9,4.5
AOC AG352UCG6,,https://cdna.pcpartpicker.com/static/forever/images/product/27e8f05cea656105416822d596c51afa.256p.jpg,"35.0""",3440 x 1440,120 Hz,4 ms,VA,21:9,5
Dell S3219D,,32,32.0,2560 x 1440,60 Hz,5 ms,VA,16:9,0
Samsung LC27JG52QQNXZA,,https://cdna.pcpartpicker.com/static/forever/images/product/63889bf378e28e65b2a8dd3690e5a76f.256p.jpg,"27.0""",2560 x 1440,144 Hz,4 ms,VA,16:9,4.5
Gigabyte AORUS AD27QD,,https://cdna.pcpartpicker.com/static/forever/images/product/1be05da4d2406b1114ced81888dff20c.256p.jpg,"27.0""",2560 x 1440,144 Hz,1 ms,IPS,16:9,4.5
Dell U2719D,,https://cdna.pcpartpicker.com/static/forever/images/product/cb96d22a12004013d12ac90c3c3eec4b.256p.jpg,"27.0""",2560 x 1440,60 Hz,5 ms,IPS,16:9,5
MSI Optix MPG27CQ,,https://cdna.pcpartpicker.com/static/forever/images/product/92f028115e2af9fe6f95dbd2a010062a.256p.jpg,"27.0""",2560 x 1440,144 Hz,1 ms,VA,16:9,4
Titan Army C34SW,,34,34.0,3440 x 1440,100 Hz,VA,VA,21:9,5
BenQ PD2700U,,https://cdna.pcpartpicker.com/static/forever/images/product/c3a1c72ff3c0faf8c7ffc6851079c49c.256p.jpg,"27.0""",3840 x 2160,60 Hz,5 ms,IPS,16:9,5
Pixio PX275h,,https://cdna.pcpartpicker.com/static/forever/images/product/bd31f8cf4654807ea72f7bb0c30927e8.256p.jpg,"27.0""",2560 x 1440,95 Hz,4 ms,IPS,16:9,4
Acer VG271 Pbmiipx,659.99,https://cdna.pcpartpicker.com/static/forever/images/product/e3a6baf3b0ba8ad6deea9c5fc830ded1.256p.jpg,27.0,1920 x 1080,144 Hz,1 ms,IPS,16:9,4
HP 22fw,,https://cdna.pcpartpicker.com/static/forever/images/product/609686fa4864fc070925a7a600935b43.256p.jpg,"21.5""",1920 x 1080,60 Hz,5 ms,IPS,16:9,4
Asus TUF GAMING VG32VQ,,https://cdna.pcpartpicker.com/static/forever/images/product/cae8293e648c1e3853bb87c4aea8002f.256p.jpg,"31.5""",2560 x 1440,144 Hz,1 ms,VA,16:9,4.5
Acer ED273 Abidpx,,https://cdna.pcpartpicker.com/static/forever/images/product/3cd5051a94f59e9efaf1a9b06c2d1c78.256p.jpg,"27.0""",1920 x 1080,144 Hz,4 ms,VA,16:9,5
Asus VA229HR,,https://cdna.pcpartpicker.com/static/forever/images/product/c801fb9ebaa40dab791e5cf79bcf722a.256p.jpg,"21.5""",1920 x 1080,75 Hz,5 ms,IPS,16:9,4
Asus VG258QR,,https://cdna.pcpartpicker.com/static/forever/images/product/5f158ec071e88d97ea93d2af4c126bb6.256p.jpg,"24.5""",1920 x 1080,165 Hz,0.5 ms,TN,16:9,5
Acer SA230 BI,,https://cdna.pcpartpicker.com/static/forever/images/product/2cc91bbb0876411837e68daaa92ab47e.256p.jpg,"23.0""",1920 x 1080,60 Hz,4 ms,IPS,16:9,5
Asus ROG Swift PG43UQ,,https://cdna.pcpartpicker.com/static/forever/images/product/ef07dc7282b89d88a1a2b8ea83a4bddc.256p.jpg,43.0,3840 x 2160,144 Hz,VA,VA,16:9,5
Lenovo Y27gq-25,,https://cdna.pcpartpicker.com/static/forever/images/product/3acf2fcb2a6bb3a4d91d3c1de60c3303.256p.jpg,"27.0""",2560 x 1440,240 Hz,0.5 ms,TN,16:9,0
Asus ROG Strix XG27UQ,,https://cdna.pcpartpicker.com/static/forever/images/product/d47b89e735ef5e3716daf9fc28daefd3.256p.jpg,27.0,3840 x 2160,144 Hz,IPS,IPS,16:9,4
AOC 27G2E5,,https://cdna.pcpartpicker.com/static/forever/images/product/67f56cb39fe1b7667e6df001c1e2a2c4.256p.jpg,27.0,1920 x 1080,75 Hz,IPS,IPS,16:9,5
Samsung C32JG56,,https://cdna.pcpartpicker.com/static/forever/images/product/3bce748c204a4fede1109b617d695f0b.256p.jpg,"32.0""",2560 x 1440,144 Hz,4 ms,VA,16:9,0
AOC 27B1H,,https://cdna.pcpartpicker.com/static/forever/images/product/b4d4c890616b43b09bac31768bd52546.256p.jpg,27.0,1920 x 1080,60 Hz,IPS,IPS,16:9,4
Acer Nitro XZ272U Pbmiiphx,,https://cdna.pcpartpicker.com/static/forever/images/product/1401c5ca55b0e1c56e0d50e35e68203f.256p.jpg,"27.0""",2560 x 1440,165 Hz,4 ms,VA,16:9,5
Asus VP228HE,159,https://cdna.pcpartpicker.com/static/forever/images/product/8867fe547a8f02883838f2ca65220fa6.256p.jpg,21.5,1920 x 1080,60 Hz,1 ms,TN,16:9,3.5
ViewSonic VX2768-2KPC-MHD OMNI,,https://cdna.pcpartpicker.com/static/forever/images/product/10ff85899872c6b4a9033d51830b09d5.256p.jpg,27.0,2560 x 1440,144 Hz,VA,VA,16:9,4.5
Kogan KAMN49F14UHLC,,49,49.0,3840 x 1080,144 Hz,8 ms,VA,32:9,0
Acer XB253Q Gxbmiiprzx,,https://cdna.pcpartpicker.com/static/forever/images/product/1fbfbc6ce6c3935b467b25f3376cabca.256p.jpg,24.5,1920 x 1080,240 Hz,IPS,IPS,16:9,5
Dell SE2719HR,,https://cdna.pcpartpicker.com/static/forever/images/product/928dac5e2f750f51e960481caf072d89.256p.jpg,"27.0""",1920 x 1080,75 Hz,4 ms,IPS,16:9,3
MSI Optix G242,,https://cdna.pcpartpicker.com/static/forever/images/product/88296665f752205b92e288e28c1ddf79.256p.jpg,"23.8""",1920 x 1080,144 Hz,1 ms,IPS,16:9,5
Dell S2721H,167,27,27.0,1920 x 1080,75 Hz,4 ms,IPS,16:9,4
Acer KG271 bmiix,199.99,https://cdna.pcpartpicker.com/static/forever/images/product/f949000d9fda1fc05c4563b0a901260d.256p.jpg,27.0,1920 x 1080,75 Hz,1 ms,TN,16:9,0
Lenovo Legion Y27gq-20,299,https://cdna.pcpartpicker.com/static/forever/images/product/6e516ef6bc6ff005be752b7bff4b8d5c.256p.jpg,27.0,2560 x 1440,165 Hz,1 ms,TN,16:9,0
Acer XV282K KVBMIIPRUZX,,https://cdna.pcpartpicker.com/static/forever/images/product/85303da529de69b133481da714ba0dd6.256p.jpg,"28.0""",3840 x 2160,144 Hz,1 ms,IPS,16:9,0
HP X34,,https://cdna.pcpartpicker.com/static/forever/images/product/a063469c8028e18575a264ae628fdada.256p.jpg,"34.0""",3440 x 1440,165 Hz,1 ms,IPS,21:9,4
Samsung CF391,,https://cdna.pcpartpicker.com/static/forever/images/product/c6b6856ef6afa5db8e6df357d63299e8.256p.jpg,27.0,1920 x 1080,4,4 ms,VA,16:9,0
Samsung M5,,https://cdna.pcpartpicker.com/static/forever/images/product/149c26397be0bf87759401ada67a5420.256p.jpg,"27.0""",1920 x 1080,60 Hz,8 ms,VA,16:9,0
Acer XV322QU Pbmiipprzx,,https://cdna.pcpartpicker.com/static/forever/images/product/8f19545bfe773b9420dc82a69c06cdc1.256p.jpg,31.5,2560 x 1440,165 Hz,IPS,IPS,16:9,0
Dell SE2723DS,,https://cdna.pcpartpicker.com/static/forever/images/product/d410dae1435af2a4565a02c7a0ab6746.256p.jpg,27.0,2560 x 1440,75 Hz,IPS,IPS,16:9,5
LG 24GQ40W-B,149.99,https://cdna.pcpartpicker.com/static/forever/images/product/93279bdaaac8a4d7d5d0c4b8fdf0f748.256p.jpg,23.8,1920 x 1080,165 Hz,5 ms,VA,16:9,0
LG 24ML44B-B,,https://cdna.pcpartpicker.com/static/forever/images/product/74f6b9adfe738c893d5ded03d67988b0.256p.jpg,"23.8""",1920 x 1080,75 Hz,5 ms,IPS,16:9,4
MSI Optix MAG274R,269,https://cdna.pcpartpicker.com/static/forever/images/product/a077a3333010b655017b2544e59215e8.256p.jpg,27.0,1920 x 1080,144 Hz,IPS,IPS,16:9,0
MSI Optix G241V E2,,https://cdna.pcpartpicker.com/static/forever/images/product/ebfd663c2bf55d554953a2ad6e962108.256p.jpg,23.8,1920 x 1080,75 Hz,IPS,IPS,16:9,0
ViewSonic VP2756-2K,339.99,https://cdna.pcpartpicker.com/static/forever/images/product/a0328b070ef9b7e7ae7fedc5e76d0fa8.256p.jpg,27.0,2560 x 1440,5,5 ms,IPS,16:9,0
Asus ROG Strix XG279Q,,https://cdna.pcpartpicker.com/static/forever/images/product/d9e186a266e3d53a33948f87c4b5a4a8.256p.jpg,"27.0""",2560 x 1440,170 Hz,1 ms,IPS,16:9,5
Asus VY249HE-W,158.99,https://cdna.pcpartpicker.com/static/forever/images/product/ee2fc34d52370943e61576a515e23abf.256p.jpg,23.8,1920 x 1080,75 Hz,IPS,IPS,16:9,0
iiyama GB2570HSU-B1,154.35,https://cdna.pcpartpicker.com/static/forever/images/product/6b26dd627d057e46b6807f4bf4cb807d.256p.jpg,24.5,1920 x 1080,165 Hz,IPS,IPS,16:9,0
Sony INZONE M9,898,https://cdna.pcpartpicker.com/static/forever/images/product/4ccbe7b8a8e7772e0f7e74bcb7def63f.256p.jpg,27.0,3840 x 2160,144 Hz,IPS,IPS,16:9,0
INNOCN 27M2V,499.99,27,27.0,3840 x 2160,160 Hz,Mini LED IPS,IPS Mini LED,16:9,0
AOC AGON AG275QZ,514,https://cdna.pcpartpicker.com/static/forever/images/product/b6527f6494e9d919658dceb198e7423e.256p.jpg,"27.0""",2560 x 1440,270 Hz,1 ms,IPS,16:9,0
Gigabyte GS32QC SA,299.02,https://cdna.pcpartpicker.com/static/forever/images/product/7d03f2cd12196053923aed7be2b63a81.256p.jpg,31.5,2560 x 1440,170 Hz,,16:9,16:9,0
Lenovo G27q-20,,27,27.0,2560 x 1440,165 Hz,IPS,IPS,16:9,0
MSI Optix G2412,174.99,23.8,23.8,1920 x 1080,170 Hz,IPS,IPS,16:9,5
Samsung ViewFinity S9,999.99,https://cdna.pcpartpicker.com/static/forever/images/product/18833c53d2b2998af380f6b0c103a5b5.256p.jpg,27.0,5120 x 2880,60 Hz,5 ms,IPS,16:9,0
ViewSonic VA2409M,109.99,https://cdna.pcpartpicker.com/static/forever/images/product/719b3f466f320faa34dbe1aa38df3aa9.256p.jpg,24.0,1920 x 1080,75 Hz,3 ms,IPS,16:9,0
Acer Nitro XV272U RV,,27,27.0,2560 x 1440,170 Hz,1 ms,IPS,16:9,0
Philips Evnia 27M1N3200VL,,31.5,31.5,1920 x 1080,165 Hz,4 ms,VA,16:9,0
Titan Army C32C1S,304.99,31.5,31.5,2560 x 1440,240 Hz,VA,VA,16:9,0
Titan Army P2510H,,24.5,24.5,1920 x 1080,240 Hz,1 ms,VA,16:9,0
AOC G2790PX,,https://cdna.pcpartpicker.com/static/forever/images/product/b57773dd7a0cb3cfc832554b548fe7c8.256p.jpg,"27.0""",1920 x 1080,144 Hz,1 ms,TN,16:9,0
HP M27f,297,27,27.0,1920 x 1080,75 Hz,5 ms,IPS,16:9,0
AOC CQ32G3SE,223.79,https://cdna.pcpartpicker.com/static/forever/images/product/552a167cb083340c77661566980531fa.256p.jpg,31.5,2560 x 1440,165 Hz,4 ms,VA,16:9,3
AOC AG276QKD,,,"26.5""",2560 x 1440,480 Hz,0.03 ms,QD-OLED,16:9,0
AOC PD34,829.07,https://cdna.pcpartpicker.com/static/forever/images/product/9fd9d4392da65989c181b3259c143a6c.256p.jpg,"34.0""",3440 x 1440,240 Hz,0.03 ms,QD-OLED,21:9,0
Asus ROG Swift PG38UQ,815,https://cdna.pcpartpicker.com/static/forever/images/product/25204052c666fbbd90aab5b8e4726a8d.256p.jpg,38.0,3840 x 2160,144 Hz,1 ms,IPS,16:9,0
Gigabyte MO32U2,689,https://cdna.pcpartpicker.com/static/forever/images/product/08312d3c1f514b708869cee999040898.256p.jpg,"31.5""",3840 x 2160,240 Hz,0.03 ms,QD-OLED,16:9,0
Dell S2721DS,258,https://cdna.pcpartpicker.com/static/forever/images/product/3f52449266155879fb9bafe50c88a248.256p.jpg,27.0,2560 x 1440,75 Hz,4 ms,IPS,16:9,4.5
Asus VA27DQ,144.94,https://cdna.pcpartpicker.com/static/forever/images/product/142cdada52c97bb99076acbc98c09db4.256p.jpg,27.0,1920 x 1080,75 Hz,5 ms,IPS,16:9,0
Philips 40B1U6903CH,1334.98,https://cdna.pcpartpicker.com/static/forever/images/product/1540d4ef7c5a6b62959f9f87cfd2c01f.256p.jpg,"39.7""",5120 x 2160,75 Hz,4 ms,IPS,64:27,0
BenQ PD2506Q,349.99,25,25.0,2560 x 1440,60 Hz,5 ms,IPS,16:9,0
Gigabyte MO27Q2A ICE,449.99,,"27.0""",2560 x 1440,280 Hz,0.03 ms,QD-OLED,16:9,0
Acer XF250Q Cbmiiprx,,24.5,24.5,1920 x 1080,240 Hz,1 ms,TN,16:9,4.5
Acer XV270 Pbmiiprx,408.65,https://cdna.pcpartpicker.com/static/forever/images/product/26551f8b5ad97bd58793eca5ebb6020c.256p.jpg,27.0,1920 x 1080,144 Hz,IPS,IPS,16:9,0
BenQ MOBIUZ EX480UZ,,48,48.0,3840 x 2160,120 Hz,0.1 ms,OLED,16:9,0
Acer V176Lbd,199,https://cdna.pcpartpicker.com/static/forever/images/product/08ec9b547cf33fef83732cbc7dfdbd0d.256p.jpg,"17.0""",1280 x 1024,75 Hz,5 ms,TN,5:4,0
AOC 24V2Q,,https://cdna.pcpartpicker.com/static/forever/images/product/34cdc4706911eb2867a85256844f181d.256p.jpg,"23.8""",1920 x 1080,75 Hz,5 ms,IPS,16:9,4
Dell UltraSharp U3419W,999,34.1,34.1,3440 x 1440,60 Hz,5 ms,IPS,21:9,5
AOC Agon AG493UCX,1540.5,49,49.0,5120 x 1440,120 Hz,VA,VA,32:9,4.5
Dell S2421H,170,https://cdna.pcpartpicker.com/static/forever/images/product/c76300af3aa4fb87505538a653009c71.256p.jpg,"23.8""",1920 x 1080,75 Hz,4 ms,IPS,16:9,4.5
Asus VG259QR,235,https://cdna.pcpartpicker.com/static/forever/images/product/f40766ee2920a488269e442e3f7ae520.256p.jpg,24.5,1920 x 1080,165 Hz,IPS,IPS,16:9,4
Acer ED270R Sbiipx,199,https://cdna.pcpartpicker.com/static/forever/images/product/e95f387e058ac63e97856675ec588979.256p.jpg,27.0,1920 x 1080,165 Hz,VA,VA,16:9,4
Dell U4021QW,1700,https://cdna.pcpartpicker.com/static/forever/images/product/47283166ef577298db0034fc4d90f374.256p.jpg,"40.0""",5120 x 2160,60 Hz,5 ms,IPS,64:27,0
Asus VP32UQ,385.33,https://cdna.pcpartpicker.com/static/forever/images/product/b93d93078044f81346c019a25cd485f3.256p.jpg,"31.5""",3840 x 2160,60 Hz,4 ms,IPS,16:9,0
AOC AGON Pro AG344UXM,,https://cdna.pcpartpicker.com/static/forever/images/product/abf6c2f5d7b4c7f5ce5a438d6a29c827.256p.jpg,"34.0""",3440 x 1440,170 Hz,1 ms,IPS Mini LED,21:9,5
BenQ PhotoVue SW272U,1199,https://cdna.pcpartpicker.com/static/forever/images/product/88402fcff2b1feb30e4db98d6f5811b4.256p.jpg,"27.0""",3840 x 2160,60 Hz,5 ms,IPS,16:9,0
MSI MAG 275CQRF-QD,182,https://cdna.pcpartpicker.com/static/forever/images/product/48f7040c1d688605567e64246dbbdf45.256p.jpg,27.0,2560 x 1440,170 Hz,1 ms,VA,16:9,5
Acer UM.HXXEE.305,1038.99,https://cdna.pcpartpicker.com/static/forever/images/product/e14d252361428c65f36341d84b61f458.256p.jpg,"27.0""",3840 x 2160,160 Hz,1 ms,IPS Mini LED,16:9,0
ViewSonic VX2268WM,,22,22.0,1680 x 1050,120 Hz,,16:10,16:10,0
HP LA2405wg,,24,24.0,1920 x 1200,5,5 ms,16:10,16:10,4
HP S2031,,20,20.0,1600 x 900,5,5 ms,16:9,16:9,4.5
ViewEra V151HV-B,,15,15.0,1024 x 768,12,12 ms,4:3,4:3,0
Dell E190S,,19,19.0,1280 x 1024,60 Hz,5 ms,TN,5:4,3.5
Dell P2412H,,24,24.0,1920 x 1080,60 Hz,5 ms,TN,16:9,5
Dell P2012H,,20,20.0,1600 x 900,60 Hz,5 ms,TN,16:9,4.5
ViewSonic VG730M,,17,17.0,1280 x 1024,8,8 ms,5:4,5:4,0
Lenovo LT2252p,,22,22.0,1680 x 1050,75 Hz,5 ms,TN,16:10,0
Asus VN279Q,,27,27.0,1920 x 1080,5,5 ms,TN,16:9,5
Dell P2414H,,23.8,23.8,1920 x 1080,60 Hz,8 ms,IPS,16:9,4.5
BenQ XL2420Z,,24,24.0,1920 x 1080,144 Hz,1 ms,TN,16:9,4.5
Dell P1913,,19,19.0,1440 x 900,60 Hz,5 ms,TN,16:10,4
Samsung S24D590PL,,23.6,23.6,1920 x 1080,60 Hz,5 ms,TN,16:9,4.5
BenQ XL2430T,,24,24.0,1920 x 1080,144 Hz,1 ms,TN,16:9,4
Dell S2415H,,23.8,23.8,1920 x 1080,60 Hz,6 ms,IPS,16:9,4.5
Dell P2415Q,,23.8,23.8,3840 x 2160,60 Hz,IPS,IPS,16:9,5
Dell P2715Q,,https://cdna.pcpartpicker.com/static/forever/images/product/704e5ba5851e749103a1cf2e61b7bdba.256p.jpg,"27.0""",3840 x 2160,60 Hz,6 ms,IPS,16:9,4
Asus PB258Q,,https://cdna.pcpartpicker.com/static/forever/images/product/4dd6eb163a47a3c7798984bf5b6e1678.256p.jpg,"25.0""",2560 x 1440,60 Hz,5 ms,IPS,16:9,4.5
Crossover 2795 QHD,,https://cdna.pcpartpicker.com/static/forever/images/product/b58929fc7d4540ae0352ee36a3566031.256p.jpg,"27.0""",2560 x 1440,60 Hz,6 ms,IPS,16:9,0
Asus VS228NL-P,,https://cdna.pcpartpicker.com/static/forever/images/product/c0d6eb411a44a2665425dee57b1a27c7.256p.jpg,"21.5""",1920 x 1080,60 Hz,5 ms,TN,16:9,4
LG 31MU97Z-B,,31,31.0,4096 x 2160,60 Hz,5 ms,IPS,256:135,0
AOC U2879VF,,https://cdna.pcpartpicker.com/static/forever/images/product/196de9ca789e7dc84174a02abd03cff8.256p.jpg,"28.0""",3840 x 2160,60 Hz,1 ms,TN,16:9,5
Asus VP247H-P,,https://cdna.pcpartpicker.com/static/forever/images/product/5963084119ca814c6ab3f584002ec516.256p.jpg,"23.6""",1920 x 1080,60 Hz,1 ms,TN,16:9,4
Lenovo E2224,70,21.5,21.5,1920 x 1080,60 Hz,8 ms,VA,16:9,0
LG 29UM68,,https://cdna.pcpartpicker.com/static/forever/images/product/e34e1a4a78f545cac57e80a4bde1fbd2.256p.jpg,"29.0""",2560 x 1080,75 Hz,5 ms,IPS,21:9,4.5
Asus VS248HR,,https://cdna.pcpartpicker.com/static/forever/images/product/10c3da3fe7a1a6163dad1ef3b320d4e9.256p.jpg,"24.0""",1920 x 1080,60 Hz,1 ms,TN,16:9,5
HP 23ES,,23,23.0,1920 x 1080,60 Hz,7 ms,IPS,16:9,4.5
LG 29UM68-P,,https://cdna.pcpartpicker.com/static/forever/images/product/6821f03660b31032303d0225861986e4.256p.jpg,"29.0""",2560 x 1080,60 Hz,5 ms,IPS,21:9,4.5
AOC AG271QG,228.98,https://cdna.pcpartpicker.com/static/forever/images/product/5442469a0bd161ab8b9feb044371af61.256p.jpg,"27.0""",2560 x 1440,165 Hz,4 ms,IPS,16:9,4
Asus VT168H,,https://cdna.pcpartpicker.com/static/forever/images/product/a9b9759cdf76fc9b18a6d90a0d455ead.256p.jpg,15.6,1366 x 768,60 Hz,10 ms,16:9,16:9,0
Samsung C32HG70,,31.5,31.5,2560 x 1440,144 Hz,1 ms,VA,16:9,5
Dell U3417W,,https://cdna.pcpartpicker.com/static/forever/images/product/1f9dbbe781ec167182b05a2a3d6d70ca.256p.jpg,"34.0""",3440 x 1440,60 Hz,5 ms,IPS,21:9,0
Dell U2718Q,719.99,27,27.0,3840 x 2160,60 Hz,5 ms,IPS,16:9,5
Dell U2518D,326.68,https://cdna.pcpartpicker.com/static/forever/images/product/d94d2d585347f1fa0daa9a1489b0f266.256p.jpg,"25.0""",2560 x 1440,60 Hz,5 ms,IPS,16:9,4.5
HP Envy 27,,27,27.0,3840 x 2160,60 Hz,14 ms,IPS,16:9,0
LG 24MK400H-B,,https://cdna.pcpartpicker.com/static/forever/images/product/bd3b8c5d98d5a4f602b41ea22248478b.256p.jpg,"24.0""",1920 x 1080,75 Hz,1 ms,TN,16:9,4
Acer Nitro VG240YU bmiipx,,https://cdna.pcpartpicker.com/static/forever/images/product/50cb4f2196404be79d1d7efec70373d9.256p.jpg,"23.8""",2560 x 1440,75 Hz,1 ms,IPS,16:9,4
ViewSonic VX2458-mhd,,https://cdna.pcpartpicker.com/static/forever/images/product/28af9156a6a1cb52b5a8a90dd93c0fb0.256p.jpg,"23.6""",1920 x 1080,144 Hz,5 ms,TN,16:9,4
Dell D2719HGF,,27,27.0,1920 x 1080,144 Hz,2 ms,TN,16:9,4.5
Acer KG251QF,,https://cdna.pcpartpicker.com/static/forever/images/product/6cc5082523a6acd4a47149a52e22d374.256p.jpg,"24.5""",1920 x 1080,144 Hz,1 ms,TN,16:9,0
Acer B247Y bmiprx,,https://cdna.pcpartpicker.com/static/forever/images/product/3ebe2c7ed1b691a7150c6e6c19684723.256p.jpg,"23.8""",1920 x 1080,75 Hz,4 ms,IPS,16:9,0
BenQ GL2780,,https://cdna.pcpartpicker.com/static/forever/images/product/28c21837a39a5a3e63be49a9d14ced12.256p.jpg,"27.0""",1920 x 1080,75 Hz,1 ms,TN,16:9,3.5
HP V194,,https://cdna.pcpartpicker.com/static/forever/images/product/29d2942c7d03592900f5989f55dba809.256p.jpg,"18.5""",1366 x 768,60 Hz,5 ms,TN,16:9,0
AOC CQ27G1,,27,27.0,2560 x 1440,144 Hz,VA,VA,16:9,4.5
"NEC NEC Display MultiSync EA231WU-H-BK 22.5"" WLED LCD Monitor - 16:10 - 5 ms",,https://cdna.pcpartpicker.com/static/forever/images/product/5af52b6e74ba94040ae4cf2b1e8e62ee.256p.jpg,"22.5""",1920 x 1200,60 Hz,5 ms,IPS,16:10,0
Philips 276E8VJSB,,https://cdna.pcpartpicker.com/static/forever/images/product/bc7458c6d0abbedaa1c9e43bc770fa82.256p.jpg,"27.0""",3840 x 2160,60 Hz,5 ms,IPS,16:9,4
Philips 246E9QJAB/00,,https://cdna.pcpartpicker.com/static/forever/images/product/f3db7aba47ffa39c8997558d821fd68f.256p.jpg,"23.8""",1920 x 1080,75 Hz,4 ms,IPS,16:9,4
Pixio PXC243,,23.6,23.6,1920 x 1080,144 Hz,3 ms,VA,16:9,5
ViewSonic VX2776-4K-MHD,,https://cdna.pcpartpicker.com/static/forever/images/product/d7d764e165c5cac591cbc324b626708a.256p.jpg,27.0,3840 x 2160,4,4 ms,IPS,16:9,0
Acer XB273 Gxbmiipprzx,,https://cdna.pcpartpicker.com/static/forever/images/product/145113c9684d2c46258fed9bb1bae197.256p.jpg,27.0,1920 x 1080,240 Hz,IPS,IPS,16:9,5
ViewSonic XG2405 OMNI,,https://cdna.pcpartpicker.com/static/forever/images/product/42e31c6fc14c2c92bae0bf2b56846c2a.256p.jpg,"23.8""",1920 x 1080,144 Hz,1 ms,IPS,16:9,4
Deco Gear DGVIEW201OB,,35,35.0,3440 x 1440,100 Hz,4 ms,VA,21:9,0
BenQ ZOWIE XL2746S,,https://cdna.pcpartpicker.com/static/forever/images/product/722b1224d4787d6ef7d49d0c2dafdc2a.256p.jpg,27.0,1920 x 1080,240 Hz,TN,TN,16:9,0
MSI Optix AG32C,,https://cdna.pcpartpicker.com/static/forever/images/product/1a4f886e18155c01d33755399720f125.256p.jpg,"31.5""",1920 x 1080,165 Hz,1 ms,VA,16:9,5
HP x27i,,https://cdna.pcpartpicker.com/static/forever/images/product/97c3911e2028f7f1fdc9cef100181ad4.256p.jpg,27.0,2560 x 1440,144 Hz,IPS,IPS,16:9,4
Philips 242E1GSJ,,23.8,23.8,1920 x 1080,144 Hz,4 ms,VA,16:9,4.5
Dell AW3821DW,,https://cdna.pcpartpicker.com/static/forever/images/product/18dec47c024bc9ce14dcbec6f271b0ed.256p.jpg,"37.5""",3840 x 1600,144 Hz,1 ms,IPS,12:5,5
VIOTEK GNV27DB,,27,27.0,2560 x 1440,144 Hz,6 ms,VA,16:9,0
Gigabyte G27FC,,https://cdna.pcpartpicker.com/static/forever/images/product/9b3d33aa45653afc97ff9f1947503b7b.256p.jpg,27.0,1920 x 1080,165 Hz,VA,VA,16:9,4.5
LG 27UN850-W,428,27,27.0,3840 x 2160,60 Hz,5 ms,IPS,16:9,0
Corsair XENEON 32QHD165,,https://cdna.pcpartpicker.com/static/forever/images/product/4eddcfaa7795b3ff0f2262d41910f2a5.256p.jpg,"32.0""",2560 x 1440,165 Hz,3 ms,IPS,16:9,0
MSI Optix MAG281URF,,https://cdna.pcpartpicker.com/static/forever/images/product/4923ecae60362ca8409bd2d1abc4e1ce.256p.jpg,"27.9""",3840 x 2160,144 Hz,1 ms,IPS,16:9,5
Gigabyte ‎AORUS FI32Q,796.9,31.5,31.5,2560 x 1440,170 Hz,1 ms,IPS,16:9,0
Gigabyte ‎AORUS FI25F,,24.5,24.5,1920 x 1080,240 Hz,IPS,IPS,16:9,4
AOC AG254FG,,https://cdna.pcpartpicker.com/static/forever/images/product/580723c5ac43db62ad66468be6bf76f4.256p.jpg,"24.5""",1920 x 1080,360 Hz,1 ms,IPS,16:9,0
MSI Optix MAG322CQR,,https://cdna.pcpartpicker.com/static/forever/images/product/09f0c0c42616e443b7e12428c6063874.256p.jpg,31.5,2560 x 1440,165 Hz,VA,VA,16:9,0
Acer ‎ED273UR Pbidpx,,27,27.0,2560 x 1440,144 Hz,4 ms,VA,16:9,0
Samsung M80B,699.99,https://cdna.pcpartpicker.com/static/forever/images/product/72f13398872673fe2c27a3d0f4901310.256p.jpg,32.0,3840 x 2160,60 Hz,4 ms,VA,16:9,0
Samsung Odyssey G3 LF24G35TFBNXZA,179.04,24,24.0,1920 x 1080,144 Hz,VA,VA,16:9,0
Acer XR343CK PBMIIPPHUZX,,https://cdna.pcpartpicker.com/static/forever/images/product/4cdc13a2c48b6cc71c1c72a9e4a18642.256p.jpg,34.0,3440 x 1440,180 Hz,IPS,IPS,21:9,0
Acer VG270 Bmipx,,https://cdna.pcpartpicker.com/static/forever/images/product/fe089b38af5cdee5d7d36ad4a539498b.256p.jpg,27.0,1920 x 1080,75 Hz,IPS,IPS,16:9,0
Acer XZ273U Xbmiiphx,,https://cdna.pcpartpicker.com/static/forever/images/product/46589c58ef961db00bc77f28978aab85.256p.jpg,27.0,2560 x 1440,240 Hz,VA,VA,16:9,5
Acer XF273 Zbmiiprx,,https://cdna.pcpartpicker.com/static/forever/images/product/96d6a4b73ac0583fb50e999c299aa2fb.256p.jpg,27.0,1920 x 1080,240 Hz,IPS,IPS,16:9,0
Acer XV322QK Kvbmiiphuzx,,https://cdna.pcpartpicker.com/static/forever/images/product/285fcbb9e6f04bd42386f730d7349d0b.256p.jpg,"31.5""",3840 x 2160,144 Hz,1 ms,IPS,16:9,0
Acer EG220Q Pbipx,,https://cdna.pcpartpicker.com/static/forever/images/product/f44cb70c875ab1a11fc251be2156c313.256p.jpg,21.5,1920 x 1080,144 Hz,TN,TN,16:9,0
Dell E2422HS,,https://cdna.pcpartpicker.com/static/forever/images/product/ecba8d3cff84706c929b87a0376ad4a9.256p.jpg,"24.0""",1920 x 1080,60 Hz,5 ms,IPS,16:9,0
LG 24GN50W-B,265,https://cdna.pcpartpicker.com/static/forever/images/product/6ae05a62dec38b4fb528a6eeb6855b37.256p.jpg,24.0,1920 x 1080,144 Hz,1 ms,TN,16:9,0
LG 27ML600M-B,169.99,https://cdna.pcpartpicker.com/static/forever/images/product/608fdd0d679ecbf7e017da888ecdce6e.256p.jpg,27.0,1920 x 1080,60 Hz,5 ms,IPS,16:9,0
MSI PRO MP273,196.99,https://cdna.pcpartpicker.com/static/forever/images/product/7bcda36513e7af7dd4faa8f6c40d93b8.256p.jpg,27.0,1920 x 1080,75 Hz,5 ms,IPS,16:9,0
ViewSonic VP2768a-4K,549.99,https://cdna.pcpartpicker.com/static/forever/images/product/ea2ed0fce2c51ffc157ddceece2df118.256p.jpg,27.0,3840 x 2160,6,6 ms,IPS,16:9,0
Asus ROG Strix XG279Q-G GUNDAM EDITION,,27,27.0,2560 x 1440,170 Hz,1 ms,IPS,16:9,0
Asus VA279HAE,199.99,https://cdna.pcpartpicker.com/static/forever/images/product/8162690e8664234ee5bf991432bcaba7.256p.jpg,27.0,1920 x 1080,60 Hz,6 ms,VA,16:9,0
Dell S2722QC,369.99,https://cdna.pcpartpicker.com/static/forever/images/product/2e75a54ab2725ea17479b1efacfe952f.256p.jpg,27.0,3840 x 2160,60 Hz,4 ms,IPS,16:9,0
Dell P2421DC,379.99,23.8,23.8,2560 x 1440,60 Hz,5 ms,IPS,16:9,0
Acer KG272 S,,https://cdna.pcpartpicker.com/static/forever/images/product/40806dfd22a4a63941a0d3e085537e86.256p.jpg,27.0,1920 x 1080,165 Hz,IPS,IPS,16:9,5
Acer B227Q A,,21.5,21.5,1920 x 1080,75 Hz,VA,VA,16:9,0
Acer AOPEN ‎34HC5CUR Pbmiiphx,,34,34.0,3440 x 1440,144 Hz,VA,VA,21:9,5
AOC AGON AG274QS,795.85,https://cdna.pcpartpicker.com/static/forever/images/product/d2c5169febd1def31b7bfe060f07098a.256p.jpg,27.0,2560 x 1440,300 Hz,IPS,IPS,16:9,0
AOC AGON Pro AG274FZ,360.39,https://cdna.pcpartpicker.com/static/forever/images/product/e0456c989a5333c5c84b8bd4b6a7cbe4.256p.jpg,"27.0""",1920 x 1080,260 Hz,1 ms,IPS,16:9,0
AOC 24G2SPE,,https://cdna.pcpartpicker.com/static/forever/images/product/7cf185490a611e1124ce39bb914cae58.256p.jpg,23.8,1920 x 1080,165 Hz,IPS,IPS,16:9,0
Acer Nitro ED240Q Sbiipx,,23.6,23.6,1920 x 1080,165 Hz,VA,VA,16:9,0
BenQ EX2710,399.99,https://cdna.pcpartpicker.com/static/forever/images/product/aae808d7e6b5db787e10ca62f3b03acc.256p.jpg,27.0,1920 x 1080,144 Hz,IPS,IPS,16:9,0
BenQ EX2710R,508.29,https://cdna.pcpartpicker.com/static/forever/images/product/91fb8a924d9b9e7b365304c2952a0187.256p.jpg,27.0,2560 x 1440,165 Hz,VA,VA,16:9,0
BenQ GW2480L,,23.8,23.8,1920 x 1080,60 Hz,5 ms,IPS,16:9,0
Dell S2721NX,199,27,27.0,1920 x 1080,75 Hz,4 ms,IPS,16:9,0
HP M27fw,186.99,https://cdna.pcpartpicker.com/static/forever/images/product/21e98b1107a8c1e9b5bc29dd82ea2155.256p.jpg,27.0,1920 x 1080,75 Hz,5 ms,IPS,16:9,0
HP X27qc,,27,27.0,2560 x 1440,165 Hz,VA,VA,16:9,0
Lenovo L22e-30,353.13,21.5,21.5,1920 x 1080,75 Hz,4 ms,VA,16:9,0
MSI MAG325CQRXF,429.99,31.5,31.5,2560 x 1440,240 Hz,1 ms,VA,16:9,0
MSI Pro MP271C,396.48,27,27.0,1920 x 1080,75 Hz,5 ms,VA,16:9,0
Philips 242B1H,226.18,https://cdna.pcpartpicker.com/static/forever/images/product/cd30801439ec71102fbfc185942a37c8.256p.jpg,23.8,1920 x 1080,75 Hz,4 ms,IPS,16:9,0
ViewSonic VX2416,,https://cdna.pcpartpicker.com/static/forever/images/product/53ec75ed718375e97683614d4a53c557.256p.jpg,23.8,1920 x 1080,100 Hz,IPS,IPS,16:9,0
Philips Evnia 279M1RV,743.79,27,27.0,3840 x 2160,120 Hz,1 ms,Nano IPS,16:9,0
BenQ PD3420Q,799.99,https://cdna.pcpartpicker.com/static/forever/images/product/0e16c0d598b3d8e930a7b675b59d9de8.256p.jpg,34.0,3440 x 1440,60 Hz,5 ms,IPS,21:9,0
MSI Modern MD272XPW,189.99,https://cdna.pcpartpicker.com/static/forever/images/product/61df0cc860a893d6dedbb737cb290ac9.256p.jpg,27.0,1920 x 1080,100 Hz,4 ms,IPS,16:9,0
AOC AGON Pro AG456UCZD,,https://cdna.pcpartpicker.com/static/forever/images/product/d8e4ffab3f81a58ef520861886aea188.256p.jpg,"44.5""",3440 x 1440,240 Hz,0.03 ms,OLED,21:9,0
Lenovo ThinkVision P25i-30,168,https://cdna.pcpartpicker.com/static/forever/images/product/c8d36a06522ae1eb6e63e71c0be6dc06.256p.jpg,24.5,1920 x 1080,100 Hz,IPS,IPS,16:9,0
MSI G27C3F,129.99,https://cdna.pcpartpicker.com/static/forever/images/product/52b623530562e4a2610885cdd9d2bec9.256p.jpg,27.0,1920 x 1080,180 Hz,1 ms,VA,16:9,0
iiyama G2740QSU-B1,,27,27.0,2560 x 1440,75 Hz,IPS,IPS,16:9,0
Titan Army P2510G,,24.5,24.5,1920 x 1080,180 Hz,1 ms,IPS,16:9,0
Cooler Master GM2711S,,https://cdna.pcpartpicker.com/static/forever/images/product/cc36793a490459ea6796f8c4bf382aef.256p.jpg,"27.0""",2560 x 1440,180 Hz,2 ms,IPS,16:9,5
Acer Predator X49 Xbmipphuzx,,https://cdna.pcpartpicker.com/static/forever/images/product/cfc73728f38e2f45252ea345a23e3564.256p.jpg,"49.0""",5120 x 1440,240 Hz,,QD-OLED,32:9,0
iiyama XUB2493HS-B6,132,https://cdna.pcpartpicker.com/static/forever/images/product/fe38d48b7e20d9331020d80c75dfeb9d.256p.jpg,"23.8""",1920 x 1080,100 Hz,,IPS,16:9,0
iiyama ProLite XUB2493HS-B5,139.99,,"23.8""",1920 x 1080,75 Hz,4 ms,IPS,16:9,0
ViewSonic VX3276-MHD,271.87,https://cdna.pcpartpicker.com/static/forever/images/product/40601aba4c213ebf808925ca7557636b.256p.jpg,32.0,1920 x 1080,8,8 ms,IPS,16:9,0
Philips 439P1,523.99,https://cdna.pcpartpicker.com/static/forever/images/product/e163f6421b475f70b44e99d45df1c9f5.256p.jpg,"42.5""",3840 x 2160,60 Hz,4 ms,VA,16:9,0
KTC A32Q8,249.99,32,32.0,3840 x 2160,60 Hz,VA,VA,16:9,0
Asus ROG Strix XG43UQ,999.99,https://cdna.pcpartpicker.com/static/forever/images/product/61e06ad8dc0267eec220647417b9b772.256p.jpg,43.0,3840 x 2160,144 Hz,VA,VA,16:9,0
Lenovo Y25F-10,580.98,https://cdna.pcpartpicker.com/static/forever/images/product/eb0b6b931bd642eeae50d99b7dbcabad.256p.jpg,24.5,1920 x 1080,144 Hz,TN,TN,16:9,1
MSI PRO MP245G,69,https://cdna.pcpartpicker.com/static/forever/images/product/6f2bc0cb5f7d9048a215ce27e267b944.256p.jpg,"23.8""",1920 x 1080,100 Hz,4 ms,IPS,16:9,0
Asus VS197D-P,379.38,18.5,18.5,1366 x 768,5,5 ms,16:9,16:9,4
Dell U3014,,30,30.0,2560 x 1600,60 Hz,6 ms,IPS,16:10,4
LG 32UD89-W,,https://cdna.pcpartpicker.com/static/forever/images/product/d36c32c79ece2b3646e9f94fbafe4a14.256p.jpg,"31.5""",3840 x 2160,60 Hz,5 ms,IPS,16:9,5
Lenovo 65D9GAC4EU,,https://cdna.pcpartpicker.com/static/forever/images/product/5c27fda177c4bf109244e5755f7ee864.256p.jpg,"24.5""",1920 x 1080,144 Hz,1 ms,TN,16:9,5
MSI Optix MAG301CR,579.95,https://cdna.pcpartpicker.com/static/forever/images/product/f2a3e665147d4667499efe3468a81742.256p.jpg,30.0,2560 x 1080,200 Hz,VA,VA,21:9,4
ViewSonic XG320U,,https://cdna.pcpartpicker.com/static/forever/images/product/44cce93855f36fa4ccd3a143826ccd90.256p.jpg,32.0,3840 x 2160,150 Hz,IPS,IPS,16:9,5
MSI Oculux NXG253R,,https://cdna.pcpartpicker.com/static/forever/images/product/62a1356ad2c239d9af55fdce47125d66.256p.jpg,"24.5""",1920 x 1080,360 Hz,1 ms,IPS,16:9,0
Acer SA270 Bbix,,https://cdna.pcpartpicker.com/static/forever/images/product/daf9190179c85c03f10565f85e18cb7f.256p.jpg,27.0,1920 x 1080,75 Hz,IPS,IPS,16:9,0
Acer Nitro RG241YP,,23.8,23.8,1920 x 1080,144 Hz,IPS,IPS,16:9,0
Asus VY279HE,139.99,https://cdna.pcpartpicker.com/static/forever/images/product/f195281d7cf8d7d12893684ea254051a.256p.jpg,27.0,1920 x 1080,75 Hz,IPS,IPS,16:9,0
AOC CQ27G3S,,https://cdna.pcpartpicker.com/static/forever/images/product/e632c6f2d3b297d8db4ca48109ab0280.256p.jpg,27.0,2560 x 1440,165 Hz,VA,VA,16:9,4
BenQ PD2705Q,268.99,https://cdna.pcpartpicker.com/static/forever/images/product/75a72cf98da8a6742d7930c248c9150f.256p.jpg,"27.0""",2560 x 1440,60 Hz,5 ms,IPS,16:9,0
Samsung Viewfinity S80TB,,27,27.0,3840 x 2160,60 Hz,5 ms,IPS,16:9,0
Acer Predator XB323QK V3bmiiphx,499.99,31.5,31.5,3840 x 2160,160 Hz,1 ms,IPS,16:9,0
MSI Modern MD272UPHW,279.99,https://cdna.pcpartpicker.com/static/forever/images/product/0524bd8dcad61c3b4e8c1515b209205f.256p.jpg,27.0,3840 x 2160,60 Hz,4 ms,IPS,16:9,0
ViewSonic VA2702w,,27,27.0,1920 x 1080,3,3 ms,16:9,16:9,0
Dell U2410,,24,24.0,1920 x 1200,6,6 ms,IPS,16:10,5
Asus VS247H-P,,23.6,23.6,1920 x 1080,2,2 ms,16:9,16:9,4.5
Dell P170S,131.78,17,17.0,1280 x 1024,60 Hz,5 ms,5:4,5:4,5
HP LA2306x,,23,23.0,1920 x 1080,5,5 ms,16:9,16:9,0
Samsung S23A700D,,https://cdna.pcpartpicker.com/static/forever/images/product/410d51b975971590708074541d148dc8.med.256p.jpg,23.0,1920 x 1080,120 Hz,2 ms,16:9,16:9,5
Zalman MZ240ED,,24,24.0,1920 x 1080,5,5 ms,16:9,16:9,0
Asus VS278Q-P,,https://cdna.pcpartpicker.com/static/forever/images/product/cf013a3bb8ca0fbc56be46005a1ee713.256p.jpg,27.0,1920 x 1080,1,1 ms,16:9,16:9,4
Acer V223WL,,https://cdna.pcpartpicker.com/static/forever/images/product/0d54b8524f2331495edfacf12af1460d.med.256p.jpg,22.0,1680 x 1050,60 Hz,5 ms,16:10,16:10,3.5
Acer G185HVBb,,18.5,18.5,1366 x 768,60 Hz,5 ms,TN,16:9,0
HP 27xi,,https://cdna.pcpartpicker.com/static/forever/images/product/0ab3cd29919a4eff0411ab23d60b7fd0.med.256p.jpg,"27.0""",1920 x 1080,60 Hz,7 ms,IPS,16:9,3.5
Dell E2414H,,24,24.0,1920 x 1080,5,5 ms,TN,16:9,4.5
JVC DT-E17L4GU,,17,17.0,1920 x 1080,,,16:9,16:9,3
AOC I2269VW,,21.5,21.5,1920 x 1080,60 Hz,5 ms,IPS,16:9,4
Asus VX228H,,https://cdna.pcpartpicker.com/static/forever/images/product/c6315bdd6f2d76d5494cfb6acab5c7b5.256p.jpg,"21.5""",1920 x 1080,60 Hz,1 ms,TN,16:9,4.5
Crossover 27QW HDMI IPS LED,,https://cdna.pcpartpicker.com/static/forever/images/product/690a9f2af3e93ac084a1c5342df23b5d.med.256p.jpg,"27.0""",2560 x 1440,60 Hz,6 ms,IPS,16:9,0
Philips 242G5DJEB,,https://cdna.pcpartpicker.com/static/forever/images/product/9ff172ce63dcb5263a49bced4030984b.256p.jpg,"24.0""",1920 x 1080,144 Hz,1 ms,TN,16:9,4.5
BenQ XL2720Z,,https://cdna.pcpartpicker.com/static/forever/images/product/4a082cfd757bdccb7f45e0960a2d9a00.256p.jpg,"27.0""",1920 x 1080,144 Hz,1 ms,TN,16:9,4.5
LG 27MP35HQ,,27,27.0,1920 x 1080,60 Hz,5 ms,IPS,16:9,0
Asus VS228HR,,21.5,21.5,1920 x 1080,60 Hz,5 ms,TN,16:9,5
HP E231i,,23,23.0,1920 x 1080,60 Hz,8 ms,IPS,16:9,3
BenQ RL2755HM,,https://cdna.pcpartpicker.com/static/forever/images/product/4fc0988ad2b064ada29212ce43d2055a.256p.jpg,"27.0""",1920 x 1080,60 Hz,1 ms,TN,16:9,4
Asus VN248Q-P,,https://cdna.pcpartpicker.com/static/forever/images/product/4135d3124f23da326557f51f5e57ecbb.256p.jpg,"23.8""",1920 x 1080,60 Hz,5 ms,IPS,16:9,4
HP Z27n,,https://cdna.pcpartpicker.com/static/forever/images/product/d8421081f2cfd926aba665a34d7f0abf.256p.jpg,"27.0""",2560 x 1440,60 Hz,14 ms,IPS,16:9,0
Asus MG28UQ,699.99,https://cdna.pcpartpicker.com/static/forever/images/product/9b8228b3745986efe0095c893059846f.256p.jpg,28.0,3840 x 2160,60 Hz,1 ms,TN,16:9,3.5
Asus MG248Q,,24,24.0,1920 x 1080,144 Hz,1 ms,TN,16:9,4.5
BenQ PD2700Q,,https://cdna.pcpartpicker.com/static/forever/images/product/04460886c820465b7a1dce001895849e.256p.jpg,"27.0""",2560 x 1440,60 Hz,4 ms,IPS,16:9,5
Samsung LC24FG70FQNXZA,,24,24.0,1920 x 1080,144 Hz,1 ms,VA,16:9,5
Acer Predator XB241YU,,23.8,23.8,2560 x 1440,165 Hz,1 ms,TN,16:9,4.5
Samsung CF591,,27,27.0,1920 x 1080,60 Hz,4 ms,VA,16:9,4.5
Acer Predator Z35P,,https://cdna.pcpartpicker.com/static/forever/images/product/a7c31bbbb89a517aa3b532ef45348af8.256p.jpg,"35.0""",3440 x 1440,100 Hz,4 ms,VA,21:9,5
Acer KG241Q bmiix,281.92,https://cdna.pcpartpicker.com/static/forever/images/product/8b9e55e8bbe0594d1b672410c0c490a7.256p.jpg,23.6,1920 x 1080,75 Hz,1 ms,TN,16:9,5
Acer K272HL,,27,27.0,1920 x 1080,60 Hz,4 ms,IPS,16:9,3
Asus ROG Swift PG27VQ,,27,27.0,2560 x 1440,165 Hz,1 ms,TN,16:9,5
Lenovo L27q,,27,27.0,2560 x 1440,60 Hz,4 ms,IPS,16:9,0
Acer Predator Z301CT,,29.5,29.5,2560 x 1080,200 Hz,4 ms,VA,21:9,0
iiyama Prolite X2380HS-B1,,https://cdna.pcpartpicker.com/static/forever/images/product/178fc4f4437eda6d14c1d779b106e3fc.256p.jpg,"23.0""",1920 x 1080,60 Hz,5 ms,IPS,16:9,4
LG 29UM69G-B,,https://cdna.pcpartpicker.com/static/forever/images/product/25ce2ddbf92c97595bb6a1a4d7540150.256p.jpg,"29.0""",2560 x 1080,75 Hz,5 ms,IPS,21:9,5
Dell Alienware AW3418HW,,https://cdna.pcpartpicker.com/static/forever/images/product/9eb5d63c64b6aa6c264ba5c73a0b2839.256p.jpg,"34.1""",2560 x 1080,120 Hz,4 ms,IPS,21:9,5
LG 34UC80-B,,34,34.0,3440 x 1440,60 Hz,5 ms,IPS,21:9,5
Acer Predator Z1,,31.5,31.5,2560 x 1440,165 Hz,4 ms,VA,16:9,5
ViewSonic VP2768-4K,856.47,https://cdna.pcpartpicker.com/static/forever/images/product/83278cea1196ad6ba1894dfa51695eca.256p.jpg,27.0,3840 x 2160,7,7 ms,IPS,16:9,5
Acer KG271 Cbmidpx,,27,27.0,1920 x 1080,144 Hz,1 ms,TN,16:9,4
Samsung LC43J890DKNXZA,,https://cdna.pcpartpicker.com/static/forever/images/product/7c51b90b823dfd2581c6c86782869771.256p.jpg,"43.0""",3840 x 1200,120 Hz,5 ms,VA,16:5,5
BenQ EX3203R,,31.5,31.5,2560 x 1440,144 Hz,4 ms,VA,16:9,4.5
Dell S2419H,291.38,https://cdna.pcpartpicker.com/static/forever/images/product/73f351813dee25557e07390c8d7f16fa.256p.jpg,24.0,1920 x 1080,60 Hz,5 ms,IPS,16:9,3
Acer KG241 Pbmidpx,,24,24.0,1920 x 1080,144 Hz,1 ms,TN,16:9,4
AOC 22V2H,,https://cdna.pcpartpicker.com/static/forever/images/product/fb453d2a3dbaff406d944a762935adaa.256p.jpg,"21.5""",1920 x 1080,75 Hz,5 ms,IPS,16:9,4.5
ViewSonic VX2758-C-MH,,https://cdna.pcpartpicker.com/static/forever/images/product/cad90718876c06df8c0585919bc0e28e.256p.jpg,"27.0""",1920 x 1080,144 Hz,5 ms,VA,16:9,5
ViewSonic XG240R,,https://cdna.pcpartpicker.com/static/forever/images/product/058efdb05d68809531c8f53b59535052.256p.jpg,"24.0""",1920 x 1080,144 Hz,1 ms,TN,16:9,4.5
BenQ EW3270U,,https://cdna.pcpartpicker.com/static/forever/images/product/ff9e44be390690b6aea279af2fe455c7.256p.jpg,"31.5""",3840 x 2160,60 Hz,4 ms,VA,16:9,0
BenQ XL2740,,https://cdna.pcpartpicker.com/static/forever/images/product/abff6a0878c85df94d12766aa1b18a28.256p.jpg,"27.0""",1920 x 1080,240 Hz,1 ms,TN,16:9,4
AOC C32G1,,https://cdna.pcpartpicker.com/static/forever/images/product/907c35b684804a4407f7f35bc3f5f9fb.256p.jpg,"31.5""",1920 x 1080,144 Hz,1 ms,VA,16:9,3.5
AOC 24B1XH,,23.8,23.8,1920 x 1080,60 Hz,7 ms,IPS,16:9,3
MSI Oculux NXG252R,,https://cdna.pcpartpicker.com/static/forever/images/product/71c5ad1c96cc0c012b982d98d4f610ca.256p.jpg,"24.5""",1920 x 1080,240 Hz,1 ms,TN,16:9,0
LG 38GL950G-B,1387.95,https://cdna.pcpartpicker.com/static/forever/images/product/6269480b00e4662c9e05391cc2f0ee83.256p.jpg,37.5,3840 x 1600,175 Hz,IPS,IPS,12:5,4
AOC AGON AG251FZ2,,https://cdna.pcpartpicker.com/static/forever/images/product/d43de12cbcd0fc33d3bb9427cd06d41b.256p.jpg,"25.0""",1920 x 1080,240 Hz,1 ms,TN,16:9,4
Acer PREDATOR X35 bmiphzx,,35,35.0,3440 x 1440,200 Hz,2 ms,VA,21:9,0
Acer B227Q bmipr,,https://cdna.pcpartpicker.com/static/forever/images/product/21261ff6f0139246285f4e80c7769494.256p.jpg,"21.5""",1920 x 1080,75 Hz,4 ms,IPS,16:9,0
Asus ROG Strix XG438Q,,43,43.0,3840 x 2160,120 Hz,4 ms,VA,16:9,5
Acer V196L Bbmd,,https://cdna.pcpartpicker.com/static/forever/images/product/5ec7387ec19c311e561aebefd80a28b3.256p.jpg,"19.0""",1280 x 1024,60 Hz,5 ms,IPS,5:4,0
Asus VZ229HE,,https://cdna.pcpartpicker.com/static/forever/images/product/9222c110b58e2a0f571ec8a3a734be59.256p.jpg,"21.5""",1920 x 1080,60 Hz,5 ms,IPS,16:9,4.5
HP DreamColor Z27x G2,1688.88,https://cdna.pcpartpicker.com/static/forever/images/product/fe15a204d0d42c3f79d3e343d1638dc1.256p.jpg,27.0,2560 x 1440,60 Hz,IPS,IPS,16:9,0
HP 27fh,,https://cdna.pcpartpicker.com/static/forever/images/product/90efddb69b3bb456930c786a84cac251.256p.jpg,27.0,1920 x 1080,5,5 ms,IPS,16:9,4
LG 27GL63T-B,,https://cdna.pcpartpicker.com/static/forever/images/product/b78de015339fda9d6c075c67f41f649a.256p.jpg,"27.0""",1920 x 1080,144 Hz,5 ms,IPS,16:9,4.5
Acer Predator X27 Pbmiphzx,,27,27.0,3840 x 2160,144 Hz,4 ms,IPS,16:9,5
ViewSonic ELITE XG270QG,,https://cdna.pcpartpicker.com/static/forever/images/product/44bf30247091d3e889fe0321157807eb.256p.jpg,"27.0""",2560 x 1440,165 Hz,1 ms,IPS,16:9,5
Cooler Master GM27-CF,,https://cdna.pcpartpicker.com/static/forever/images/product/dade66c33e5fda9844ce1f57602d1769.256p.jpg,27.0,1920 x 1080,165 Hz,3 ms,16:9,16:9,0
Gigabyte AORUS FI27Q,,27,27.0,2560 x 1440,165 Hz,IPS,IPS,16:9,4
Deco Gear VIEW101,,35,35.0,2560 x 1080,144 Hz,4 ms,VA,21:9,0
HP P27h G4,,27,27.0,1920 x 1080,60 Hz,5 ms,IPS,16:9,4
Lenovo Q24i-10,,https://cdna.pcpartpicker.com/static/forever/images/product/4aad4e43b10ee6ef10b88319d52f9ac6.256p.jpg,"23.8""",1920 x 1080,60 Hz,4 ms,IPS,16:9,5
Acer NITRO QG221Q bii,,https://cdna.pcpartpicker.com/static/forever/images/product/65832f23ae580f8cce2a39b290d7f539.256p.jpg,21.5,1920 x 1080,75 Hz,VA,VA,16:9,5
Lenovo P24H-20,,https://cdna.pcpartpicker.com/static/forever/images/product/6085d0e4b723cb1e4ec45b3aed95ef36.256p.jpg,"23.8""",2560 x 1440,75 Hz,8 ms,IPS,16:9,0
Acer XF270HU Cbmiiprx,,27,27.0,2560 x 1440,144 Hz,1 ms,TN,16:9,4
iiyama G-MASTER GB2760HSU-B1,,https://cdna.pcpartpicker.com/static/forever/images/product/2ca5a091c06d25b49eb8766880e0a79a.256p.jpg,"27.0""",1920 x 1080,144 Hz,1 ms,TN,16:9,0
Asus VP247QG,,https://cdna.pcpartpicker.com/static/forever/images/product/1ec8ee1d3b8ba308cf6c93aaa882175d.256p.jpg,"23.6""",1920 x 1080,75 Hz,1 ms,TN,16:9,5
Gigabyte ‎G32QC A,391.52,https://cdna.pcpartpicker.com/static/forever/images/product/f6b8b53a180359782d82e7c2b2dcc382.256p.jpg,31.5,2560 x 1440,165 Hz,VA,VA,16:9,5
Gigabyte M27F,,27,27.0,1920 x 1080,144 Hz,,16:9,16:9,0
Dell S2421HN,218.9,https://cdna.pcpartpicker.com/static/forever/images/product/0f315d75c7bc285e5520f58e882fcb21.256p.jpg,23.8,1920 x 1080,75 Hz,4 ms,IPS,16:9,0
Pixio PX259P,,24.5,24.5,1920 x 1080,280 Hz,1 ms,IPS,16:9,0
MSI Optix MAG274R2,249,https://cdna.pcpartpicker.com/static/forever/images/product/54d926d7d62ad722d0ea501326f54638.256p.jpg,27.0,1920 x 1080,165 Hz,IPS,IPS,16:9,0
AOC Q27G2S/D,,https://cdna.pcpartpicker.com/static/forever/images/product/e549f6ce2fa4cf61c92a9471f147cd3b.256p.jpg,"27.0""",2560 x 1440,170 Hz,4 ms,IPS,16:9,0
MSI Optix MAG245R,,https://cdna.pcpartpicker.com/static/forever/images/product/e3a57a97499f4c3c8fd59d4029cb74e9.256p.jpg,23.8,1920 x 1080,144 Hz,IPS,IPS,16:9,0
MSI MPG ARTYMIS 273CQR-QD,294.64,27,27.0,2560 x 1440,165 Hz,VA,VA,16:9,0
Samsung Odyssey G52A,,https://cdna.pcpartpicker.com/static/forever/images/product/e5bb4296e878539317ba77719aa73ab2.256p.jpg,"27.0""",2560 x 1440,165 Hz,1 ms,IPS,16:9,0
Samsung S80UA,333,https://cdna.pcpartpicker.com/static/forever/images/product/acb28d7eb8a30350f65db6366505e9f4.256p.jpg,27.0,3840 x 2160,60 Hz,IPS,IPS,16:9,0
Acer KG272 Bmiix,,https://cdna.pcpartpicker.com/static/forever/images/product/3bb694597fe7fbcd3c6047a8115ca021.256p.jpg,27.0,1920 x 1080,75 Hz,IPS,IPS,16:9,0
Acer ED323QU Pbmiippx,,https://cdna.pcpartpicker.com/static/forever/images/product/f37f726933983a75981b7ca0df6eb0c5.256p.jpg,31.5,2560 x 1440,165 Hz,VA,VA,16:9,0
Acer XZ320Q Xbmiiphx,,https://cdna.pcpartpicker.com/static/forever/images/product/6538597f01c723c7fb1b341ab98c4838.256p.jpg,31.5,1920 x 1080,240 Hz,VA,VA,16:9,0
Acer XV252Q LVbmiiprx,,https://cdna.pcpartpicker.com/static/forever/images/product/af1c172efd0c3cad69f4fbb24fa7b253.256p.jpg,24.5,1920 x 1080,165 Hz,IPS,IPS,16:9,5
Acer KC242Y Abi,237.49,https://cdna.pcpartpicker.com/static/forever/images/product/e91d767f8fc7ae0bce1d01f8faa0964e.256p.jpg,23.8,1920 x 1080,75 Hz,VA,VA,16:9,0
Dell P2723QE,373,https://cdna.pcpartpicker.com/static/forever/images/product/431ce568e010ed84199eafbfef214095.256p.jpg,27.0,3840 x 2160,60 Hz,IPS,IPS,16:9,0
LG 27MP500-B,,https://cdna.pcpartpicker.com/static/forever/images/product/c48f5683a4b2cbe99374313cf4001bbd.256p.jpg,"27.0""",1920 x 1080,75 Hz,5 ms,IPS,16:9,4
LG 27MP60G-B,149.99,https://cdna.pcpartpicker.com/static/forever/images/product/5e97cd004bcf98f0f1954d0e46ad7b38.256p.jpg,"27.0""",1920 x 1080,75 Hz,5 ms,IPS,16:9,0
LG 27MQ44B-B,129.99,https://cdna.pcpartpicker.com/static/forever/images/product/83c0afcbaa7084a920028111c8e8d757.256p.jpg,27.0,1920 x 1080,75 Hz,5 ms,IPS,16:9,0
Corsair XENEON 32QHD240,699.99,https://cdna.pcpartpicker.com/static/forever/images/product/efc7350f3895705c99ffbce96a842810.256p.jpg,32.0,2560 x 1440,240 Hz,5 ms,IPS,16:9,0
MSI Optix MAG273R,399.99,https://cdna.pcpartpicker.com/static/forever/images/product/90c090a522efe49b86dcab8b3b29aeb7.256p.jpg,27.0,1920 x 1080,144 Hz,IPS,IPS,16:9,5
MSI Optix G24C6P,,https://cdna.pcpartpicker.com/static/forever/images/product/5875a2be8d2700689954d49743f07c7b.256p.jpg,23.8,1920 x 1080,144 Hz,VA,VA,16:9,0
MSI PRO MP241,,https://cdna.pcpartpicker.com/static/forever/images/product/753c136c52d8546bcb0e497db95844c3.256p.jpg,23.8,1920 x 1080,60 Hz,IPS,IPS,16:9,0
BenQ Mobiuz EX3410R,499.99,https://cdna.pcpartpicker.com/static/forever/images/product/4bab16ff5a0735fff84f4253629ba200.256p.jpg,34.0,3440 x 1440,144 Hz,1 ms,VA,21:9,0
Acer ED270U Pbmiipx,,https://cdna.pcpartpicker.com/static/forever/images/product/55857cf43c44e8867da272041968bc9c.256p.jpg,27.0,2560 x 1440,165 Hz,VA,VA,16:9,4
KTC G42P5,,42,42.0,3840 x 2160,138 Hz,0.1 ms,OLED,16:9,0
Lenovo Y32p-30,839.99,https://cdna.pcpartpicker.com/static/forever/images/product/67b85dbbb00578fedb8441b2fa7cb6f9.256p.jpg,31.5,3840 x 2160,144 Hz,IPS,IPS,16:9,5
Dell UltraSharp U3423WE,799.99,https://cdna.pcpartpicker.com/static/forever/images/product/5b38e05dbb1935755133800255d06e56.256p.jpg,34.0,3440 x 1440,60 Hz,5 ms,IPS,21:9,0
Asus VA27DQSBY,,27,27.0,1920 x 1080,75 Hz,5 ms,IPS,16:9,0
Acer Vero B7 B277 E,204.8,https://cdna.pcpartpicker.com/static/forever/images/product/762737ac8013af3c83498718e4daa791.256p.jpg,27.0,1920 x 1080,100 Hz,4 ms,IPS,16:9,0
Acer UM.HQ1AA.E01,,https://cdna.pcpartpicker.com/static/forever/images/product/9c984f17e13982ed416a2c0e3f5b10ae.256p.jpg,27.0,1920 x 1080,100 Hz,IPS,IPS,16:9,3
Acer Vero B7 B247Y E,,23.8,23.8,1920 x 1080,100 Hz,4 ms,IPS,16:9,0
AOC Q32V3,,31.5,31.5,2560 x 1440,60 Hz,4 ms,VA,16:9,0
BenQ GW2780T,,https://cdna.pcpartpicker.com/static/forever/images/product/8a28f200ab5b87f0cb85c0ae712dcaf4.256p.jpg,"27.0""",1920 x 1080,60 Hz,5 ms,IPS,16:9,0
HP M27fwa,323.78,https://cdna.pcpartpicker.com/static/forever/images/product/0abd219d24cf98986e6bd25e571a5833.256p.jpg,27.0,1920 x 1080,75 Hz,5 ms,IPS,16:9,0
HP P22h G5,164.99,https://cdna.pcpartpicker.com/static/forever/images/product/2ab73d816e016d6c4d9930be6cc1cd17.256p.jpg,21.5,1920 x 1080,75 Hz,5 ms,IPS,16:9,0
HP E24 G4,209,23.8,23.8,1920 x 1080,60 Hz,5 ms,16:9,16:9,0
LG UltraFine 32UQ750-W,699.99,https://cdna.pcpartpicker.com/static/forever/images/product/29aa557aa44f93291f1428362cce5500.256p.jpg,31.5,3840 x 2160,144 Hz,4 ms,VA,16:9,0
MSI Modern MD2412P,109.99,https://cdna.pcpartpicker.com/static/forever/images/product/2c05c7d2cf821a6e07873f3303bbbea3.256p.jpg,24.0,1920 x 1080,100 Hz,4 ms,IPS,16:9,0
MSI Optix G321CUV,,31.5,31.5,3840 x 2160,60 Hz,4 ms,VA,16:9,0
Samsung S80PB,426,https://cdna.pcpartpicker.com/static/forever/images/product/45d7d342ba0d0e1adacf72b1182cee26.256p.jpg,27.0,3840 x 2160,60 Hz,5 ms,IPS,16:9,0
Samsung F22T452FQN,192.4,21.5,21.5,1920 x 1080,75 Hz,5 ms,IPS,16:9,0
BenQ ZOWIE XL2546X,688.03,https://cdna.pcpartpicker.com/static/forever/images/product/30d72b8b6ade464b0861259cab05d95c.256p.jpg,24.5,1920 x 1080,240 Hz,TN,TN,16:9,0
AOC U28G2XU2/BK,,https://cdna.pcpartpicker.com/static/forever/images/product/3b5501eeacc879ab65c702827dad0a24.256p.jpg,28.0,3840 x 2160,144 Hz,IPS,IPS,16:9,0
Acer Nitro XV275U P3,,https://cdna.pcpartpicker.com/static/forever/images/product/e864bb1b1b52a517f37467d20908c29c.256p.jpg,"27.0""",2560 x 1440,170 Hz,2 ms,VA Mini LED,16:9,5
Eizo FlexScan EV2740X,870.16,https://cdna.pcpartpicker.com/static/forever/images/product/803adb5adb6544a85d8a1cb2855360e9.256p.jpg,"27.0""",3840 x 2160,60 Hz,5 ms,IPS,16:9,0
BenQ PD3225U,849.96,https://cdna.pcpartpicker.com/static/forever/images/product/fa3dd675f477c14cfef018a2572ae026.256p.jpg,"31.5""",3840 x 2160,60 Hz,5 ms,IPS,16:9,0
AOC 24G2SP/BK,,23.8,23.8,1920 x 1080,165 Hz,IPS,IPS,16:9,0
MSI G321CU,449.99,https://cdna.pcpartpicker.com/static/forever/images/product/d5e6124dfa9a80029211836c42cc5c54.256p.jpg,31.5,3840 x 2160,144 Hz,VA,VA,16:9,5
INNOCN 27G1R Plus,,27,27.0,2560 x 1440,180 Hz,IPS,IPS,16:9,5
Cooler Master GP57ZS,,57,57.0,7680 x 2160,120 Hz,1 ms,VA Mini LED,32:9,0
Eizo EV2457,,24.1,24.1,1920 x 1200,60 Hz,5 ms,IPS,16:10,0
MSI MPG 272QR QD-OLED X50,,26.5,26.5,2560 x 1440,500 Hz,0.03 ms,QD-OLED,16:9,0
Philips 271V8LAB,,https://cdna.pcpartpicker.com/static/forever/images/product/dd759ce66eb644bc5ccebf2d94d6a143.256p.jpg,"27.0""",1920 x 1080,100 Hz,4 ms,VA,16:9,0
HP Series 7 Pro 727pk,,https://cdna.pcpartpicker.com/static/forever/images/product/ef811b97d02e4ec79f2bd9361807bf15.256p.jpg,"27.0""",3840 x 2160,60 Hz,5 ms,IPS,16:9,0
Acer DM431K bmiiipx,,https://cdna.pcpartpicker.com/static/forever/images/product/bf8df5e92101cdd6b77e3e00d0c577c0.256p.jpg,"43.0""",3840 x 2160,60 Hz,5 ms,IPS,16:9,5
Dell S2722DC,216.99,https://cdna.pcpartpicker.com/static/forever/images/product/59a7a2b9be42932dda321646bf593d93.256p.jpg,27.0,2560 x 1440,75 Hz,4 ms,IPS,16:9,0
Acer ED242QR Abidpx,362.76,23.6,23.6,1920 x 1080,144 Hz,4 ms,VA,16:9,4
Philips 346E2CUAE,309.99,34,34.0,3440 x 1440,100 Hz,VA,VA,21:9,0
LG 34BQ60QC-B,399.99,https://cdna.pcpartpicker.com/static/forever/images/product/20125fecb74976bd38f7cbb7bdef7b0d.256p.jpg,34.0,3440 x 1440,60 Hz,5 ms,IPS,21:9,0
Asus TUF Gaming VG279Q1A,229,27,27.0,1920 x 1080,165 Hz,IPS,IPS,16:9,0
LG 27BK67U-B,514.07,https://cdna.pcpartpicker.com/static/forever/images/product/214274866338b82c92fbca641d4783f6.256p.jpg,27.0,3840 x 2160,60 Hz,5 ms,IPS,16:9,0
ViewSonic VG2455-2K,289.99,https://cdna.pcpartpicker.com/static/forever/images/product/0a60b62550c6b0b3cca5512ae50d2e2f.256p.jpg,23.8,2560 x 1440,60 Hz,15 ms,IPS,16:9,0
LG 27GN600-B,443.11,https://cdna.pcpartpicker.com/static/forever/images/product/f1678657631dd01cfc286976ab1c11a9.256p.jpg,27.0,1920 x 1080,144 Hz,1 ms,IPS,16:9,0
YEYIAN Odraz,169.99,27,32.0,3840 x 2160,60 Hz,4 ms,IPS,16:9,0
Dell SE2416H,,23.8,23.8,1920 x 1080,60 Hz,6 ms,IPS,16:9,4
LG 34WK95U,1251.99,https://cdna.pcpartpicker.com/static/forever/images/product/dd63e7c1e88275a29874ce9c882e8fac.256p.jpg,34.0,5120 x 2160,60 Hz,5 ms,IPS,64:27,0
Philips 241B8QJEB,138.99,https://cdna.pcpartpicker.com/static/forever/images/product/63928bb1f4baf0eaa2a77561b468ba95.256p.jpg,23.8,1920 x 1080,60 Hz,5 ms,IPS,16:9,0
LG 38WN95C-W,1494.99,https://cdna.pcpartpicker.com/static/forever/images/product/54959abfaf46856acc41b2e59f1647f4.256p.jpg,38.0,3840 x 1600,144 Hz,1 ms,IPS,12:5,0
LG 29WP60G-B,206.23,https://cdna.pcpartpicker.com/static/forever/images/product/fbf42783a2309f3eb38b08edfe8f0e8a.256p.jpg,29.0,2560 x 1080,75 Hz,5 ms,IPS,21:9,0
MSI Optix MPG341QR,,https://cdna.pcpartpicker.com/static/forever/images/product/eb4a68c7c4895b34c335d662aec41762.256p.jpg,34.0,3440 x 1440,144 Hz,IPS,IPS,21:9,5
Acer XV322QU KVbmiiphzx,399,https://cdna.pcpartpicker.com/static/forever/images/product/285fcbb9e6f04bd42386f730d7349d0b.256p.jpg,31.5,2560 x 1440,144 Hz,IPS,IPS,16:9,0
BenQ GW3290QT,349,https://cdna.pcpartpicker.com/static/forever/images/product/0450633ad585dc6bd81a8fe8cfce987e.256p.jpg,"31.5""",2560 x 1440,75 Hz,5 ms,IPS,16:9,0
Philips 325B1L,520.59,https://cdna.pcpartpicker.com/static/forever/images/product/cf8b1eb1ee7dd7ad4e0ae3dc10a5da97.256p.jpg,31.5,2560 x 1440,75 Hz,4 ms,IPS,16:9,0
HP 724pn,375.34,https://cdna.pcpartpicker.com/static/forever/images/product/f4759d6031deaa77b525fd2e4fe8becd.256p.jpg,24.0,1920 x 1200,100 Hz,5 ms,IPS,16:10,0
AOC C3583FQ,,https://cdna.pcpartpicker.com/static/forever/images/product/1e949c4132a9407651a30f616339ee0e.256p.jpg,"35.0""",2560 x 1080,160 Hz,4 ms,VA,21:9,5
Acer R271 bid,377.77,27,27.0,1920 x 1080,60 Hz,4 ms,IPS,16:9,0
Asus VG258Q,,https://cdna.pcpartpicker.com/static/forever/images/product/c29197d932edb30f57b7e3ab8ac7650e.256p.jpg,"24.5""",1920 x 1080,144 Hz,1 ms,TN,16:9,4
Asus BE24EQK,166,https://cdna.pcpartpicker.com/static/forever/images/product/8b8529b87ebff45263fbc2217e416592.256p.jpg,"23.8""",1920 x 1080,60 Hz,5 ms,IPS,16:9,0
Asus ROG Swift PG329Q,518.29,https://cdna.pcpartpicker.com/static/forever/images/product/e28082d9b90329c5f6cafdaa24b82743.256p.jpg,32.0,2560 x 1440,1,1 ms,IPS,16:9,5
Lenovo P24q-10,,23.8,23.8,2560 x 1440,60 Hz,4 ms,IPS,16:9,0
Acer Nitro RG240Y,209.99,https://cdna.pcpartpicker.com/static/forever/images/product/3752dd719d16ca7a8872a4705be2cb98.256p.jpg,23.8,1920 x 1080,75 Hz,IPS,IPS,16:9,0
Dell UP2720Q,1297.99,https://cdna.pcpartpicker.com/static/forever/images/product/f2eb81950e7a54ca1a4cca57e5528be2.256p.jpg,27.0,3840 x 2160,60 Hz,6 ms,IPS,16:9,0
LG 34WN750-B,704.11,https://cdna.pcpartpicker.com/static/forever/images/product/ef778e124d98c8e20e5c14d4d5f7940e.256p.jpg,34.0,3440 x 1440,75 Hz,5 ms,IPS,21:9,0
MSI PRO MP271QP,,https://cdna.pcpartpicker.com/static/forever/images/product/1be80693504f88a557ee244140fd2c1b.256p.jpg,27.0,2560 x 1440,60 Hz,IPS,IPS,16:9,0
Philips 498P9Z,,https://cdna.pcpartpicker.com/static/forever/images/product/b856ef92ca13b6f5fc2bbdff492e3cd3.256p.jpg,"48.8""",5120 x 1440,165 Hz,4 ms,VA,32:9,0
Lenovo ThinkVision P32p-20,754.02,31.5,31.5,3840 x 2160,60 Hz,4 ms,IPS,16:9,0
HP E24t G5,299,https://cdna.pcpartpicker.com/static/forever/images/product/dc22f24ab5e917705613461a8f708fe8.256p.jpg,23.8,1920 x 1080,75 Hz,5 ms,IPS,16:9,0
Samsung LS32AM500NNXZA,209.97,https://cdna.pcpartpicker.com/static/forever/images/product/0f5d73385dbcb448425813310872673c.256p.jpg,32.0,1920 x 1080,60 Hz,8 ms,VA,16:9,0
BenQ SW242Q,549.99,24.1,24.1,2560 x 1600,60 Hz,5 ms,IPS,16:10,0
MSI PRO MP245V,,https://cdna.pcpartpicker.com/static/forever/images/product/4189d395837bfa1b197190e8fe4874c0.256p.jpg,"23.8""",1920 x 1080,100 Hz,4 ms,VA,16:9,0
ViewSonic VX2450wm-LED,,23.6,23.6,1920 x 1080,5,5 ms,16:9,16:9,4.5
Samsung B2030,,20,20.0,1600 x 900,5,5 ms,16:9,16:9,0
Asus VW246H,,24,24.0,1920 x 1080,2,2 ms,16:9,16:9,4
Asus VE247H,,https://cdna.pcpartpicker.com/static/forever/images/product/a19075fab7778cd6790dd1a7fc03ca72.256p.jpg,23.6,1920 x 1080,2,2 ms,16:9,16:9,4.5
Asus VE248H,,https://cdna.pcpartpicker.com/static/forever/images/product/2da6cb3b8c155a805f7f3ada095c57e6.256p.jpg,24.0,1920 x 1080,2,2 ms,16:9,16:9,4.5
Asus VS238H-P,,23,23.0,1920 x 1080,2,2 ms,16:9,16:9,4.5
HP LA2205wg,,22,22.0,1680 x 1050,5,5 ms,16:10,16:10,0
Dell E1912H,,18.5,18.5,1360 x 768,60 Hz,5 ms,TN,16:9,5
Dell P2212H,,21.5,21.5,1920 x 1080,60 Hz,5 ms,TN,16:9,3
Dell P2312H,,23,23.0,1920 x 1080,60 Hz,5 ms,TN,16:9,3.5
BenQ XL2420T,,24,24.0,1920 x 1080,120 Hz,5 ms,TN,16:9,4.5
Samsung S22B300B,,21.5,21.5,1920 x 1080,60 Hz,5 ms,TN,16:9,3
HP w185e,,18.5,18.5,1366 x 768,60 Hz,5 ms,16:9,16:9,3
LG E1942S-BN,,18.5,18.5,1360 x 768,5,5 ms,16:9,16:9,0
LG W2363D-PU,,23,23.0,1920 x 1080,120 Hz,3 ms,TN,16:9,5
HP LV1911,,https://cdna.pcpartpicker.com/static/forever/images/product/46965410ea6958432385545c9f016251.256p.jpg,18.5,1366 x 768,60 Hz,5 ms,16:9,16:9,0
Dell 2007FP,,20,20.0,1600 x 1200,60 Hz,16 ms,4:3,4:3,3.5
ViewSonic VG2439M-TAA,,https://cdna.pcpartpicker.com/static/forever/images/product/cc6b34b96ca1e58017cedc0199f7612c.256p.jpg,24.0,1920 x 1080,60 Hz,5 ms,16:9,16:9,0
Acer G226HQLBbd,,https://cdna.pcpartpicker.com/static/forever/images/product/acf5088ff22938183af18dfb111abe4e.med.256p.jpg,"21.5""",1920 x 1080,60 Hz,5 ms,TN,16:9,4.5
Dell U2713HM,,27,27.0,2560 x 1440,60 Hz,8 ms,IPS,16:9,5
Asus VX238H,,23,23.0,1920 x 1080,1,1 ms,16:9,16:9,4.5
Dell E1913,,https://cdna.pcpartpicker.com/static/forever/images/product/561455d980df61033d39ee14e876063a.med.256p.jpg,19.0,1440 x 900,60 Hz,5 ms,16:10,16:10,3.5
Asus VX238H-W,,https://cdna.pcpartpicker.com/static/forever/images/product/d053661b0f49667f2b374b1f1dfeb5df.256p.jpg,23.0,1920 x 1080,1,1 ms,TN,16:9,4.5
Acer S241HL bmid,,https://cdna.pcpartpicker.com/static/forever/images/product/aeb2bc91dfdd07f028cc954f11127d0f.256p.jpg,"24.0""",1920 x 1080,60 Hz,5 ms,TN,16:9,4
Acer V196HQLAb,,https://cdna.pcpartpicker.com/static/forever/images/product/c4e08facbd5aa9d4cead806f651ccb4e.med.256p.jpg,"18.5""",1366 x 768,60 Hz,5 ms,TN,16:9,0
HP P221,,21.5,21.5,1920 x 1080,60 Hz,5 ms,TN,16:9,3
Samsung S22C300H,,21.5,21.5,1920 x 1080,5,5 ms,TN,16:9,4
Samsung S22C450D,,21.5,21.5,1920 x 1080,5,5 ms,16:9,16:9,4
LG 19EN33S-B,,18.5,18.5,1366 x 768,,TN,TN,16:9,4
LG M2901SCBN,,29,29.0,1366 x 480,8,8 ms,IPS,683:240,0
LG 22EA53VQ,,21.5,21.5,1920 x 1080,60 Hz,5 ms,IPS,16:9,3
Dell P2214H,,21.5,21.5,1920 x 1080,60 Hz,8 ms,IPS,16:9,4.5
Acer H233Hbmid,,23,23.0,1920 x 1080,60 Hz,5 ms,16:9,16:9,5
Crossover 27Q LED-P,,https://cdna.pcpartpicker.com/static/forever/images/product/ec5478eff834b27de2820934615ee599.med.256p.jpg,27.0,2560 x 1440,60 Hz,IPS,IPS,16:9,5
LG 20M35D-B,,19.5,19.5,1600 x 900,60 Hz,5 ms,TN,16:9,0
Samsung U28D590D,,https://cdna.pcpartpicker.com/static/forever/images/product/7acfceffdd07816e4821f1131ce64636.256p.jpg,"28.0""",3840 x 2160,60 Hz,1 ms,TN,16:9,4.5
AOC E2060SWDA-TAA,,20,20.0,1600 x 900,60 Hz,5 ms,TN,16:9,3
Samsung S24D300HL,,23.6,23.6,1920 x 1080,60 Hz,5 ms,TN,16:9,4.5
Asus PB287Q,,28,28.0,3840 x 2160,60 Hz,1 ms,TN,16:9,4
Acer S240HL Abid,,https://cdna.pcpartpicker.com/static/forever/images/product/dcd23c72d274e6041b8b0503ff18dbba.med.256p.jpg,"24.0""",1920 x 1080,60 Hz,5 ms,TN,16:9,4
BenQ GL2250HM,,21.5,21.5,1920 x 1080,60 Hz,2 ms,TN,16:9,4.5
LG 24GM77,,24,24.0,1920 x 1080,144 Hz,1 ms,TN,16:9,4.5
Acer G257HL BMIDX,,https://cdna.pcpartpicker.com/static/forever/images/product/f3fe6def5de9bc39913b0bf4f570d5b1.256p.jpg,"25.0""",1920 x 1080,60 Hz,4 ms,IPS,16:9,4
LG 27MP33HQ,,27,27.0,1920 x 1080,60 Hz,5 ms,IPS,16:9,0
Acer G247HL,,https://cdna.pcpartpicker.com/static/forever/images/product/4b3cd890e642bdc67481e93b1706cb1a.256p.jpg,"24.0""",1920 x 1080,60 Hz,6 ms,TN,16:9,4
Philips 223V5LSB,,https://cdna.pcpartpicker.com/static/forever/images/product/bfb8058804eefdf8dc0e62e10381835e.256p.jpg,"21.5""",1920 x 1080,60 Hz,5 ms,TN,16:9,0
Samsung S34E790C,,34,34.0,3440 x 1440,60 Hz,4 ms,VA,21:9,4.5
Samsung S24E510C,,23.6,23.6,1920 x 1080,60 Hz,4 ms,VA,16:9,3.5
ViewSonic VG2239SMH,,https://cdna.pcpartpicker.com/static/forever/images/product/d9b8fcd17fdc96d6d5ad1c8b60a80738.256p.jpg,"21.5""",1920 x 1080,60 Hz,7 ms,VA,16:9,0
ViewSonic VG2860MHL-4K,,28,28.0,3840 x 2160,60 Hz,2 ms,TN,16:9,0
Eizo CG318-BK,,https://cdna.pcpartpicker.com/static/forever/images/product/80179ae21a67cc9dbd266c856dd63ec1.256p.jpg,31.1,4096 x 2160,9,9 ms,IPS,256:135,0
Asus VN247H,,https://cdna.pcpartpicker.com/static/forever/images/product/0004c042727dd392c89a0220ce0f55b9.256p.jpg,"23.6""",1920 x 1080,60 Hz,1 ms,TN,16:9,4
Dell UP2716D,,https://cdna.pcpartpicker.com/static/forever/images/product/7e23c7cedb4d3dc2c6a7f4b2737333ac.256p.jpg,"27.0""",2560 x 1440,60 Hz,6 ms,IPS,16:9,5
Samsung S22E450B,159.99,21.5,21.5,1920 x 1080,60 Hz,5 ms,TN,16:9,4
Samsung S24E450D,,24,24.0,1920 x 1080,60 Hz,5 ms,TN,16:9,3
Samsung S27E450D,,https://cdna.pcpartpicker.com/static/forever/images/product/0aa796c60f04a08481fb72ab0aea36fe.256p.jpg,"27.0""",1920 x 1080,60 Hz,5 ms,TN,16:9,5
HP Z23n,,23,23.0,1920 x 1080,60 Hz,7 ms,IPS,16:9,0
Acer XB241H bmipr,,https://cdna.pcpartpicker.com/static/forever/images/product/d65b73873c5cf36dd0fd174a4559e45c.256p.jpg,"24.0""",1920 x 1080,180 Hz,1 ms,TN,16:9,4.5
Acer XB321HK BMIPHZ,,32,32.0,3840 x 2160,60 Hz,4 ms,IPS,16:9,5
HP E241i,,24,24.0,1920 x 1200,60 Hz,8 ms,IPS,16:10,0
LG 24MP48HQ-P,,https://cdna.pcpartpicker.com/static/forever/images/product/a2f54c6b90a3c2d7aecdd76eff694879.256p.jpg,"23.8""",1920 x 1080,60 Hz,5 ms,IPS,16:9,4.5
LG 29UM58-P,,29,29.0,2560 x 1080,75 Hz,5 ms,IPS,21:9,4.5
LG 27UD88-W,,https://cdna.pcpartpicker.com/static/forever/images/product/eee256e3288b53d46c7fdd3b841dfc56.256p.jpg,"27.0""",3840 x 2160,60 Hz,5 ms,IPS,16:9,0
BenQ SW2700PT,,27,27.0,2560 x 1440,60 Hz,5 ms,IPS,16:9,4.5
LG 29UC88-B,,https://cdna.pcpartpicker.com/static/forever/images/product/d8389aa63499c9b20ff20ae681201433.256p.jpg,"29.0""",2560 x 1080,75 Hz,5 ms,IPS,21:9,5
LG 32MA68HY-P,,32,32.0,1920 x 1080,60 Hz,5 ms,IPS,16:9,5
ViewSonic XG2703-GS,,https://cdna.pcpartpicker.com/static/forever/images/product/53e38f996f67932fef038c8c0b362532.256p.jpg,27.0,2560 x 1440,165 Hz,IPS,IPS,16:9,4.5
LG 22MP68VQ-P,,21.5,21.5,1920 x 1080,60 Hz,5 ms,IPS,16:9,3.5
LG 24UD58-B,299.99,https://cdna.pcpartpicker.com/static/forever/images/product/2c2da4d03587f4b6ca233aea9e07d30f.256p.jpg,23.8,3840 x 2160,60 Hz,5 ms,IPS,16:9,4.5
HP OMEN X 35,,https://cdna.pcpartpicker.com/static/forever/images/product/3ab8e29f366eb7ff52049915e969ccb4.256p.jpg,"35.0""",3440 x 1440,100 Hz,4 ms,VA,21:9,0
VIOTEK H320,,32,32.0,1920 x 1080,60 Hz,,16:9,16:9,0
AOC U3277PWQU,,https://cdna.pcpartpicker.com/static/forever/images/product/819d2f41dd88e2b58d866feea2a89ff0.256p.jpg,32.0,3840 x 2160,60 Hz,4 ms,16:9,16:9,0
LG 34UM69G-B,,34,34.0,2560 x 1080,75 Hz,1 ms,IPS,21:9,4.5
LG 34UC89G-B,,https://cdna.pcpartpicker.com/static/forever/images/product/a8a42fe70aaef90022ffc1aa061e8933.256p.jpg,"34.0""",2560 x 1080,166 Hz,5 ms,IPS,21:9,5
LG 32UD59-B,,https://cdna.pcpartpicker.com/static/forever/images/product/5f85bb3be46e29ca7b24ff7562f0ac6f.256p.jpg,"32.0""",3840 x 2160,60 Hz,5 ms,VA,16:9,5
Asus ROG Strix XG32VQ,,31.5,31.5,2560 x 1440,144 Hz,4 ms,VA,16:9,4.5
Acer XB281HK bmiprz,2430.36,28,28.0,3840 x 2160,60 Hz,1 ms,TN,16:9,5
Acer ET241Y Abmir,,23.8,23.8,1920 x 1080,60 Hz,4 ms,IPS,16:9,5
LG 43UD79-B,,42.5,42.5,3840 x 2160,60 Hz,5 ms,IPS,16:9,4
Acer Predator Z301C,,https://cdna.pcpartpicker.com/static/forever/images/product/41c163fb6c8007328e24c6b37aa57d33.256p.jpg,"30.0""",2560 x 1080,200 Hz,4 ms,VA,21:9,0
iiyama Prolite E2483HS-B1,,https://cdna.pcpartpicker.com/static/forever/images/product/a69c1871e8cc9cb3dbda1998c5c5116d.256p.jpg,"24.0""",1920 x 1080,60 Hz,1 ms,TN,16:9,0
LG 23MP48HQ-P,,https://cdna.pcpartpicker.com/static/forever/images/product/d292651b380422b76bfd1a8e89483c7b.256p.jpg,"23.0""",1920 x 1080,60 Hz,5 ms,IPS,16:9,3
iiyama B2783QSU-B1,,https://cdna.pcpartpicker.com/static/forever/images/product/2c6fef136dd74b53b7ffe29cdfcd9d49.256p.jpg,"27.0""",2560 x 1440,70 Hz,1 ms,TN,16:9,0
HP Pavilion 32,,https://cdna.pcpartpicker.com/static/forever/images/product/754f05cee6ef5ea4dbfeaede7fe58106.256p.jpg,"32.0""",2560 x 1440,60 Hz,7 ms,VA,16:9,5
Dell P2418D,271.54,https://cdna.pcpartpicker.com/static/forever/images/product/9271c95536b9c98dfadde4df93f11b70.256p.jpg,24.0,2560 x 1440,60 Hz,5 ms,IPS,16:9,4.5
LG 27GK750F-B,,https://cdna.pcpartpicker.com/static/forever/images/product/d382c83443a65ec5c295baf9008a907a.256p.jpg,"27.0""",1920 x 1080,240 Hz,1 ms,TN,16:9,4.5
Pixio PXC32,,31.5,31.5,2560 x 1440,144 Hz,4 ms,PVA,16:9,0
LG 34GK950G-B,,34,34.0,3440 x 1440,120 Hz,1 ms,IPS,21:9,5
Asus VA326H,,https://cdna.pcpartpicker.com/static/forever/images/product/d9a65ff6221f16281b69b0e5fd40682a.256p.jpg,"31.5""",1920 x 1080,144 Hz,4 ms,VA,16:9,4
Dell U3219Q,1099,https://cdna.pcpartpicker.com/static/forever/images/product/f7da01c8916c9bd3fdfcabb73c411ade.256p.jpg,31.5,3840 x 2160,60 Hz,5 ms,IPS,16:9,5
MSI Optix MAG27C,,https://cdna.pcpartpicker.com/static/forever/images/product/9deac5d45064ec351fbf3bddab56dd0d.256p.jpg,"27.0""",1920 x 1080,144 Hz,1 ms,VA,16:9,4
Dell E2318H,,https://cdna.pcpartpicker.com/static/forever/images/product/7d0b2beaf7fc149b86d89ac85ea94eb9.256p.jpg,"23.0""",1920 x 1080,60 Hz,5 ms,IPS,16:9,0
Asus VA249HE,,https://cdna.pcpartpicker.com/static/forever/images/product/60c78006fbf65987e5077f30803a699d.256p.jpg,"23.8""",1920 x 1080,60 Hz,5 ms,VA,16:9,2.5
Acer XF251Q bmiirx,,24.5,24.5,1920 x 1080,75 Hz,1 ms,TN,16:9,3.5
Dell U2719DC,,https://cdna.pcpartpicker.com/static/forever/images/product/10d927c13cc89dc28fa414a56b288486.256p.jpg,"27.0""",2560 x 1440,60 Hz,5 ms,IPS,16:9,0
LG 32GK850F-B,,32,32.0,2560 x 1440,144 Hz,1 ms,VA,16:9,5
VIOTEK GN24CW,,24,24.0,1920 x 1080,144 Hz,3 ms,VA,16:9,4.5
VIOTEK GN32DB,,32,32.0,2560 x 1440,144 Hz,4 ms,VA,16:9,5
Nixeus NX-EDG27S v2,,27,27.0,2560 x 1440,144 Hz,4 ms,AHVA,16:9,5
Dell SE2719H,249,https://cdna.pcpartpicker.com/static/forever/images/product/dce0a9324f7ea2ac88c7d06c4278d851.256p.jpg,27.0,1920 x 1080,60 Hz,5 ms,IPS,16:9,4.5
Gigabyte AORUS CV27Q,,https://cdna.pcpartpicker.com/static/forever/images/product/68297efefe620d2b344c8e47be00ae63.256p.jpg,27.0,2560 x 1440,165 Hz,VA,VA,16:9,5
Lenovo ThinkVision T24i-19,,https://cdna.pcpartpicker.com/static/forever/images/product/7544954cd05d04db9fc5543b25a7407f.256p.jpg,"23.8""",1920 x 1080,60 Hz,6 ms,IPS,16:9,0
LG 34BK95C-W,,https://cdna.pcpartpicker.com/static/forever/images/product/9627a9960ef29bfb3680338c1b7d067d.256p.jpg,"34.0""",3440 x 1440,75 Hz,5 ms,IPS,21:9,0
Sony FWD48W650D,,https://cdna.pcpartpicker.com/static/forever/images/product/f02b68a781de0175522ff2395e6b7e9e.256p.jpg,47.6,1920 x 1080,60 Hz,VA,VA,16:9,0
HP 24yh,,https://cdna.pcpartpicker.com/static/forever/images/product/d07603ecf2ecaadf9c9e3e30a90b31a0.256p.jpg,23.8,1920 x 1080,60 Hz,5 ms,16:9,16:9,5
Westinghouse WC34DX9019,,34,34.0,3440 x 1440,100 Hz,VA,VA,21:9,0
MSI Optix MAG272CR,,https://cdna.pcpartpicker.com/static/forever/images/product/313ce6c87f51e77ff9d27532c954f1c0.256p.jpg,"27.0""",1920 x 1080,165 Hz,1 ms,VA,16:9,4
Asus TUF Gaming VG35VQ,,https://cdna.pcpartpicker.com/static/forever/images/product/11e0e4de6de042f532e79c23f09c6869.256p.jpg,35.0,3440 x 1440,100 Hz,VA,VA,21:9,4.5
Asus VP28UQGL,,https://cdna.pcpartpicker.com/static/forever/images/product/125291803ffcf49bb4e932c9d8b1b9a5.256p.jpg,"28.0""",3840 x 2160,60 Hz,1 ms,TN,16:9,0
AOC AGON AG273QX,,https://cdna.pcpartpicker.com/static/forever/images/product/5ca7f99ff8d82cff9a039f8a0259b492.256p.jpg,27.0,2560 x 1440,165 Hz,VA,VA,16:9,5
Samsung LS24F354FHNXZA,223.4,https://cdna.pcpartpicker.com/static/forever/images/product/1655953bf4411452430aff575160afe3.256p.jpg,23.5,1920 x 1080,60 Hz,4 ms,PLS,16:9,4
HP SmartBuy P174,,https://cdna.pcpartpicker.com/static/forever/images/product/b3854adc6fd399d7c439a4b799b45869.256p.jpg,17.0,1280 x 1024,60 Hz,5 ms,5:4,5:4,0
Dell U2721DE,405.2,https://cdna.pcpartpicker.com/static/forever/images/product/d833b3150c992cae932335959413c865.256p.jpg,"27.0""",2560 x 1440,60 Hz,5 ms,IPS,16:9,0
Philips 558M1RY/27,,https://cdna.pcpartpicker.com/static/forever/images/product/57ab71ecd8a927208faeded4a1d35884.256p.jpg,"55.0""",3840 x 2160,120 Hz,4 ms,VA,16:9,0
Pixio PX247,,23.8,23.8,1920 x 1080,144 Hz,IPS,IPS,16:9,4.5
Acer ED270R PBIIPX,,https://cdna.pcpartpicker.com/static/forever/images/product/0e53198f17644048dc202f0c31410aa6.256p.jpg,"27.0""",1920 x 1080,165 Hz,5 ms,VA,16:9,5
iiyama GB3461WQSU-B1,,https://cdna.pcpartpicker.com/static/forever/images/product/aa48481b0c6c9950653ba0bf5b348d07.256p.jpg,34.0,3440 x 1440,144 Hz,IPS,IPS,21:9,4.5
AOPEN 32HC1QUR Pbidpx,,31.5,31.5,2560 x 1440,144 Hz,VA,VA,16:9,5
Lenovo 66A1GCCBUS,,https://cdna.pcpartpicker.com/static/forever/images/product/70ca48abdb34d65592bc7e45cde374f1.256p.jpg,34.0,3440 x 1440,144 Hz,VA,VA,21:9,4.5
iiyama Prolite XUB2792UHSU-B1,,https://cdna.pcpartpicker.com/static/forever/images/product/745a38b78919a2336f9dfec707131399.256p.jpg,"27.0""",3840 x 2160,60 Hz,4 ms,IPS,16:9,0
ViewSonic XG2705-2K OMNI,,https://cdna.pcpartpicker.com/static/forever/images/product/13e0f14c003df24822c414003700123a.256p.jpg,27.0,2560 x 1440,144 Hz,IPS,IPS,16:9,5
Samsung S22R350FHN,179.99,21.5,21.5,1920 x 1080,75 Hz,5 ms,IPS,16:9,0
LG 24M38H-B,,23.6,23.6,1920 x 1080,60 Hz,5 ms,TN,16:9,0
LG 24BK750Y-B,,https://cdna.pcpartpicker.com/static/forever/images/product/46d78c94af97b4cc6d43074033bc490a.256p.jpg,"23.8""",1920 x 1080,60 Hz,5 ms,IPS,16:9,0
Acer KA240Y bmiix,,https://cdna.pcpartpicker.com/static/forever/images/product/74e8cf1735e88d8ad3bd247735b19717.256p.jpg,23.8,1920 x 1080,60 Hz,VA,VA,16:9,4
Lenovo Thinkvision T24d-10,,24,24.0,1920 x 1200,60 Hz,4 ms,IPS,16:10,0
Acer VG280K bmiipx,,https://cdna.pcpartpicker.com/static/forever/images/product/200c4ef5178f8c9f46f7c5a984c33cec.256p.jpg,"28.0""",3840 x 2160,60 Hz,4 ms,IPS,16:9,0
LG 32QN600-B,387.9,32,32.0,2560 x 1440,75 Hz,5 ms,IPS,16:9,0
Asus VZ279HEG1R,,https://cdna.pcpartpicker.com/static/forever/images/product/301aa5eae6ea30cc9b76390cf0ddabec.256p.jpg,27.0,1920 x 1080,75 Hz,IPS,IPS,16:9,0
AOC AGON G2590VXQ,,24.5,24.5,1920 x 1080,75 Hz,1 ms,TN,16:9,0
Cooler Master GM27-FQS ARGB,,https://cdna.pcpartpicker.com/static/forever/images/product/3d700348bf7bfd7b53574866118c0978.256p.jpg,27.0,2560 x 1440,165 Hz,IPS,IPS,16:9,5
Pixio PX248PA,,23.8,23.8,1920 x 1080,144 Hz,1 ms,IPS,16:9,0
MSI MPG ARTYMIS 273CQR,439.99,https://cdna.pcpartpicker.com/static/forever/images/product/61c9dcecd87a2c892eb6c7fec5bec702.256p.jpg,27.0,2560 x 1440,165 Hz,VA,VA,16:9,0
MSI Optix AG321CQR,,https://cdna.pcpartpicker.com/static/forever/images/product/55bfb2d0e7e2e51c6655b974dfebf3d9.256p.jpg,31.5,2560 x 1440,165 Hz,VA,VA,16:9,4
Samsung S34A650U,,https://cdna.pcpartpicker.com/static/forever/images/product/b8097fe61f29bc079f50c2935bf171ad.256p.jpg,"34.0""",3440 x 1440,100 Hz,5 ms,VA,21:9,5
NZXT Canvas 32Q,,https://cdna.pcpartpicker.com/static/forever/images/product/31fbfd1086d885b5a55e199b23b485a6.256p.jpg,32.0,2560 x 1440,165 Hz,VA,VA,16:9,0
Samsung SD300,,https://cdna.pcpartpicker.com/static/forever/images/product/ea9bfb0bdc384a64b5340a3087e275ba.256p.jpg,23.6,1920 x 1080,,,16:9,16:9,0
Samsung SR650,229,https://cdna.pcpartpicker.com/static/forever/images/product/f9ac85122297080da9e358515585e657.256p.jpg,27.0,1920 x 1080,75 Hz,5 ms,IPS,16:9,0
Acer CB342CUR BMIIPHUZX,,https://cdna.pcpartpicker.com/static/forever/images/product/4e78aea3613e3e515ad1ccddc444db70.256p.jpg,34.0,3440 x 1440,60 Hz,IPS,IPS,21:9,0
Acer KG241 Sbmiipx,,https://cdna.pcpartpicker.com/static/forever/images/product/816bd56e0b878d441255f9e77aaf4853.256p.jpg,24.0,1920 x 1080,120 Hz,TN,TN,16:9,0
Acer VG272 Sbmiipx,,https://cdna.pcpartpicker.com/static/forever/images/product/00063c8f6b3c9e2fa9c7de047423dbce.256p.jpg,27.0,1920 x 1080,144 Hz,IPS,IPS,16:9,0
Acer VG272 LVbmiipx,,https://cdna.pcpartpicker.com/static/forever/images/product/00063c8f6b3c9e2fa9c7de047423dbce.256p.jpg,27.0,1920 x 1080,144 Hz,IPS,IPS,16:9,4.5
Acer XF270H Bbmiiprx,498.88,https://cdna.pcpartpicker.com/static/forever/images/product/857ae9658e85833d6a3fa202666d9945.256p.jpg,27.0,1920 x 1080,144 Hz,TN,TN,16:9,0
Acer XV271 Zbmiiprx,,https://cdna.pcpartpicker.com/static/forever/images/product/af1c172efd0c3cad69f4fbb24fa7b253.256p.jpg,27.0,1920 x 1080,240 Hz,IPS,IPS,16:9,0
Acer CB242Y bir,159,https://cdna.pcpartpicker.com/static/forever/images/product/c45907183b9b16d77a869bd6fc92568d.256p.jpg,23.8,1920 x 1080,75 Hz,IPS,IPS,16:9,0
Acer SA241Y bi,,https://cdna.pcpartpicker.com/static/forever/images/product/341c37298b636298fce44397c7a1c6fe.256p.jpg,23.8,1920 x 1080,75 Hz,IPS,IPS,16:9,0
Acer EI491CUR Sbmiipphx,929.46,https://cdna.pcpartpicker.com/static/forever/images/product/e42b6b913d04192f3b7c06f4486983d2.256p.jpg,49.0,5120 x 1440,120 Hz,VA,VA,32:9,0
Acer EK240Q bi,,https://cdna.pcpartpicker.com/static/forever/images/product/6fdc7f979436ecade954ed45faf78eec.256p.jpg,23.6,1920 x 1080,75 Hz,VA,VA,16:9,0
Acer XZ240Q Pbmiiphzx,,https://cdna.pcpartpicker.com/static/forever/images/product/88bde43a0dcbda65887c5559a63f32a0.256p.jpg,23.6,1920 x 1080,165 Hz,VA,VA,16:9,4
Acer EI2,,https://cdna.pcpartpicker.com/static/forever/images/product/2a19dce49836c4ce06c541417a51b51f.256p.jpg,23.6,1920 x 1080,144 Hz,VA,VA,16:9,3
Dell U2722D,360,https://cdna.pcpartpicker.com/static/forever/images/product/107fa2df650d4dc4d4f184c11a5c67e2.256p.jpg,27.0,2560 x 1440,60 Hz,IPS,IPS,16:9,0
Dell S2721HN,408.49,https://cdna.pcpartpicker.com/static/forever/images/product/942cfc160b41112638bb51e900748101.256p.jpg,27.0,1920 x 1080,75 Hz,4 ms,IPS,16:9,5
Dell P2723D,299.99,https://cdna.pcpartpicker.com/static/forever/images/product/535099d192a011904903f1dbeb6e8f68.256p.jpg,27.0,2560 x 1440,60 Hz,IPS,IPS,16:9,0
Dell P3223DE,449.99,https://cdna.pcpartpicker.com/static/forever/images/product/5e1b9bbb0926a345ec1a0cd3ed40146e.256p.jpg,31.5,2560 x 1440,60 Hz,IPS,IPS,16:9,0
LG 32MP60G-B,,https://cdna.pcpartpicker.com/static/forever/images/product/96faed8496c2a924cf98bd945b0a7ea6.256p.jpg,"32.0""",1920 x 1080,75 Hz,5 ms,IPS,16:9,0
MSI Optix MEG381CQR Plus,,https://cdna.pcpartpicker.com/static/forever/images/product/b675e8e39bb374c232c141b078c60961.256p.jpg,37.5,3840 x 1600,175 Hz,IPS,IPS,12:5,0
Dell U3421WE,959,https://cdna.pcpartpicker.com/static/forever/images/product/7677ad2ee522350c9812d26f1da551ad.256p.jpg,34.0,3440 x 1440,60 Hz,5 ms,IPS,21:9,0
MSI Optix G271CP,,https://cdna.pcpartpicker.com/static/forever/images/product/e9cc6aa1d6d7c9c77074a07d24eb92e8.256p.jpg,27.0,1920 x 1080,165 Hz,VA,VA,16:9,5
MSI Optix MAG342CQPV,300.14,https://cdna.pcpartpicker.com/static/forever/images/product/6a5b8d74464dfc420778fb233afc3911.256p.jpg,34.0,3440 x 1440,100 Hz,VA,VA,21:9,0
MSI PRO MP242,,https://cdna.pcpartpicker.com/static/forever/images/product/fb7978b45105621464e330ecd5411d7e.256p.jpg,23.8,1920 x 1080,75 Hz,IPS,IPS,16:9,0
ViewSonic VX2468-PC-MHD,212.95,https://cdna.pcpartpicker.com/static/forever/images/product/100a50ce7d74712cbde93e1eeceb10e7.256p.jpg,"24.0""",1920 x 1080,165 Hz,2 ms,VA,16:9,5
ViewSonic XG250,,https://cdna.pcpartpicker.com/static/forever/images/product/50e6978a5bbc972bc4d75af728f78e0c.256p.jpg,25.0,1920 x 1080,240 Hz,IPS,IPS,16:9,0
Asus TUF Gaming VG24VQ1B,,https://cdna.pcpartpicker.com/static/forever/images/product/26de601c1fd258ed0e58da56c012d5e0.256p.jpg,23.8,1920 x 1080,165 Hz,VA,VA,16:9,0
iiyama GB2770QSU-B1,,https://cdna.pcpartpicker.com/static/forever/images/product/8fdfef3c0a8d6db44f1f24bc08bf8095.256p.jpg,27.0,2560 x 1440,150 Hz,IPS,IPS,16:9,0
Gigabyte G27F 2,,https://cdna.pcpartpicker.com/static/forever/images/product/68cbaf4c01588db745a5a4884c926222.256p.jpg,27.0,1920 x 1080,170 Hz,IPS,IPS,16:9,0
Gigabyte M27F A,,https://cdna.pcpartpicker.com/static/forever/images/product/c63b7e000d014e4786af12189da17df7.256p.jpg,"27.0""",1920 x 1080,165 Hz,1 ms,IPS,16:9,5
Acer Nitro XV252QF,,https://cdna.pcpartpicker.com/static/forever/images/product/b24ce3b7032eb3927f19ee5bade9d098.256p.jpg,24.5,1920 x 1080,390 Hz,IPS,IPS,16:9,0
Acer 27HC5UR BMIIPX,,https://cdna.pcpartpicker.com/static/forever/images/product/e1d4a4c79d4d35949936b1449aa1537f.256p.jpg,27.0,2560 x 1440,75 Hz,VA,VA,16:9,0
Acer V226HQL Bbmipx,,https://cdna.pcpartpicker.com/static/forever/images/product/e004dd1951fe99513758f43ba6bda70b.256p.jpg,21.5,1920 x 1080,60 Hz,TN,TN,16:9,0
Acer V247W,,https://cdna.pcpartpicker.com/static/forever/images/product/0a42ad04e8940867fb440d8dd5f74fe6.256p.jpg,24.0,1920 x 1200,75 Hz,IPS,IPS,16:10,0
Sony INZONE M3,,https://cdna.pcpartpicker.com/static/forever/images/product/206edf3b86003f6f778fa9d48fec73f3.256p.jpg,27.0,1920 x 1080,240 Hz,IPS,IPS,16:9,0
AOC Porsche Design AGON PRO PD32M,1102.01,https://cdna.pcpartpicker.com/static/forever/images/product/1763ffa65ea594b43e9569699b1b201b.256p.jpg,"31.5""",3840 x 2160,144 Hz,1 ms,IPS,16:9,0
KTC M27P20 Pro,,27,27.0,3840 x 2160,144 Hz,IPS,IPS,16:9,0
MSI G253PF,,https://cdna.pcpartpicker.com/static/forever/images/product/89808e1e262006d899a67ee31645ef6a.256p.jpg,"24.5""",1920 x 1080,380 Hz,1 ms,IPS,16:9,0
Acer K273 BI,,27,27.0,1920 x 1080,75 Hz,IPS,IPS,16:9,0
LG UltraFine 24MD4KLB-B,,https://cdna.pcpartpicker.com/static/forever/images/product/fcc3d2a549b63a1c2fae99c671fcb192.256p.jpg,"24.0""",3840 x 2160,60 Hz,14 ms,IPS,16:9,0
Acer PREDATOR X32 FP,,https://cdna.pcpartpicker.com/static/forever/images/product/df25dcedb316bf57b1561f9013ec3425.256p.jpg,"32.0""",3840 x 2160,165 Hz,1 ms,IPS Mini LED,16:9,0
AOC 24G2S,,23.8,23.8,1920 x 1080,165 Hz,VA,VA,16:9,0
AOC C32G2E,159,https://cdna.pcpartpicker.com/static/forever/images/product/bc42252b3f235f8be5f3adc12151ab9c.256p.jpg,31.5,1920 x 1080,165 Hz,VA,VA,16:9,0
BenQ PD2705UA,377.5,https://cdna.pcpartpicker.com/static/forever/images/product/e77483ea6201758499e0916904913487.256p.jpg,"27.0""",3840 x 2160,60 Hz,5 ms,IPS,16:9,0
BenQ SW271C,,https://cdna.pcpartpicker.com/static/forever/images/product/b1fce53857bb639ac3dc0f4296b862c1.256p.jpg,"27.0""",3840 x 2160,60 Hz,5 ms,Mini LED,16:9,0
HP 24fwa,,23.8,23.8,1920 x 1080,75 Hz,5 ms,IPS,16:9,0
Lenovo ThinkVision S22e-20,,21.5,21.5,1920 x 1080,75 Hz,4 ms,VA,16:9,0
Lenovo ThinkVision E24-29,318.17,https://cdna.pcpartpicker.com/static/forever/images/product/03d8ebd2c99dd3af0f00171aca12c51e.256p.jpg,23.8,1920 x 1080,60 Hz,4 ms,VA,16:9,0
LG 34BP65C-B,469.99,https://cdna.pcpartpicker.com/static/forever/images/product/bf934c16568ceac5ace020df95a34ad0.256p.jpg,34.0,3440 x 1440,160 Hz,5 ms,VA,21:9,0
MSI G321CQP E2,,https://cdna.pcpartpicker.com/static/forever/images/product/22c7ce83253fe64bc2c01ee0d3b3f436.256p.jpg,31.5,2560 x 1440,170 Hz,VA,VA,16:9,0
MSI OPTIX G2712,274.53,https://cdna.pcpartpicker.com/static/forever/images/product/457a36c20e46a884b8edc9ddb96c2283.256p.jpg,27.0,1920 x 1080,170 Hz,IPS,IPS,16:9,0
Philips 272B1G,189.99,https://cdna.pcpartpicker.com/static/forever/images/product/d874a3df12373ebd2fa3bc50557ce2d2.256p.jpg,27.0,1920 x 1080,75 Hz,4 ms,IPS,16:9,0
Samsung ViewFinity S65UA,329.99,https://cdna.pcpartpicker.com/static/forever/images/product/e8e177c85eb297a2467e0a7aaf80d946.256p.jpg,34.0,3440 x 1440,100 Hz,5 ms,VA,21:9,0
Samsung LS34C650UANXGO,649.99,https://cdna.pcpartpicker.com/static/forever/images/product/b8d60279262376a00e4366d3b4031961.256p.jpg,34.0,3440 x 1440,100 Hz,5 ms,VA,21:9,0
Samsung ViewFinity S60A,,https://cdna.pcpartpicker.com/static/forever/images/product/de9790f41bcc9e2141dfa70b52571015.256p.jpg,"27.0""",2560 x 1440,75 Hz,5 ms,IPS,16:9,0
Razer Raptor,,27,27.0,2560 x 1440,165 Hz,4 ms,IPS,16:9,0
ViewSonic XG340C-2K,799.99,34,34.0,3440 x 1440,180 Hz,1 ms,VA,21:9,0
ViewSonic OMNI VX2728-2K 180Hz,,27,27.0,2560 x 1440,180 Hz,IPS,IPS,16:9,0
Samsung F24T650FYN,189.99,23.8,23.8,1920 x 1080,75 Hz,5 ms,IPS,16:9,0
YEYIAN Odraz 2000,,27,27.0,1920 x 1080,165 Hz,1 ms,VA,16:9,0
HP 724pf,189,https://cdna.pcpartpicker.com/static/forever/images/product/638edaf0906b2c8da55245c468954b86.256p.jpg,23.8,1920 x 1080,100 Hz,5 ms,IPS,16:9,0
Acer SH272U EBMIPHUX,,27,27.0,2560 x 1440,100 Hz,IPS,IPS,16:9,0
Titan Army P27GR,,27,27.0,2560 x 1440,180 Hz,1 ms,IPS,16:9,2
Lenovo L24e-20,,23.8,23.8,1920 x 1080,60 Hz,4 ms,VA,16:9,0
Cooler Master GM34-CWQ2,,,"34.0""",3440 x 1440,180 Hz,2 ms,VA,21:9,0
AOC 24P2Q,,https://cdna.pcpartpicker.com/static/forever/images/product/2d68a3dcb1a2e794c8168c8e5f01c3cb.256p.jpg,"23.8""",1920 x 1080,75 Hz,4 ms,IPS,16:9,0
Acer ED323QU Z1bmiipx,,,"31.5""",2560 x 1440,280 Hz,,VA,16:9,0
Gigabyte MO32U24,799.99,https://cdna.pcpartpicker.com/static/forever/images/product/56a179c53539fdc757c238f07c9f67f8.256p.jpg,"31.5""",3840 x 2160,240 Hz,0.03 ms,QD-OLED,16:9,0
Asus VP32AQ,,https://cdna.pcpartpicker.com/static/forever/images/product/b93d93078044f81346c019a25cd485f3.256p.jpg,"31.5""",2560 x 1440,75 Hz,5 ms,IPS,16:9,0
Acer Predator XB323QK NV,1099.97,31.5,31.5,3840 x 2160,144 Hz,1 ms,IPS,16:9,0
LG 32BN67U-B,369.99,https://cdna.pcpartpicker.com/static/forever/images/product/a214b0ba1f298288d7c0b8ba6719c881.256p.jpg,31.5,3840 x 2160,60 Hz,5 ms,IPS,16:9,0
Acer XV272U Xbmiipruzx,481.49,27,27.0,2560 x 1440,240 Hz,1 ms,IPS,16:9,5
Lenovo 66C9UAC1EU,380.66,https://cdna.pcpartpicker.com/static/forever/images/product/94e6b18f74e09feff2fa53455aff8a78.256p.jpg,31.5,3840 x 2160,60 Hz,IPS,IPS,16:9,0
BenQ EW3280U,1311.32,https://cdna.pcpartpicker.com/static/forever/images/product/4a316790e71b8b9f3466fb88c80bab30.256p.jpg,"32.0""",3840 x 2160,60 Hz,5 ms,IPS,16:9,4
Philips 34E1C5600HE,369.99,https://cdna.pcpartpicker.com/static/forever/images/product/33e37f701aabc20b6cd10f018e805ff7.256p.jpg,34.0,3440 x 1440,100 Hz,4 ms,VA,21:9,0
BenQ GW2765HT,,https://cdna.pcpartpicker.com/static/forever/images/product/c2531651e5156ca4d188ba26c306e35d.256p.jpg,"27.0""",2560 x 1440,60 Hz,4 ms,IPS,16:9,4
Dell E1916H,129,18.5,18.5,1366 x 768,60 Hz,5 ms,TN,16:9,2
Samsung S60UA,399.99,https://cdna.pcpartpicker.com/static/forever/images/product/650863a0f8a305510fa664fc20eaf1da.256p.jpg,27.0,2560 x 1440,75 Hz,IPS,IPS,16:9,0
ViewSonic VX2476-SMHD,104.99,https://cdna.pcpartpicker.com/static/forever/images/product/3fc9b0a85a747e2208ff8f9cf59d3c31.256p.jpg,23.8,1920 x 1080,75 Hz,14 ms,IPS,16:9,5
Cooler Master TEMPEST GP27U,729.95,https://cdna.pcpartpicker.com/static/forever/images/product/845a0898d5bb2020f80414be7f5f3be1.256p.jpg,27.0,3840 x 2160,160 Hz,IPS,IPS QD-Mini LED,16:9,0
AOC AG274QZM,,https://cdna.pcpartpicker.com/static/forever/images/product/786fb506288ba558a8ba7542ca731c9b.256p.jpg,"27.0""",2560 x 1440,240 Hz,1 ms,IPS,16:9,0
Asus ProArt Display PA24ACRV,314,https://cdna.pcpartpicker.com/static/forever/images/product/78745062918ca30123da941cf216e9c7.256p.jpg,"23.8""",2560 x 1440,75 Hz,5 ms,IPS,16:9,0
Planar PCT2485,523.95,https://cdna.pcpartpicker.com/static/forever/images/product/bfa6284bf7135146e2b7a7b5859e5b3c.256p.jpg,24.0,1920 x 1080,60 Hz,14 ms,16:9,16:9,0
LG 34UC88,1499.99,34,34.0,3440 x 1440,60 Hz,5 ms,IPS,21:9,5
Dell U2717D,,https://cdna.pcpartpicker.com/static/forever/images/product/49b4830a26534ba0a47f9ba934feb276.256p.jpg,"27.0""",2560 x 1440,60 Hz,6 ms,IPS,16:9,4.5
Asus PB277Q,,https://cdna.pcpartpicker.com/static/forever/images/product/53394b31258c23e3887d5996cd013b9b.256p.jpg,"27.0""",2560 x 1440,75 Hz,1 ms,TN,16:9,4.5
Acer V277U,379.99,https://cdna.pcpartpicker.com/static/forever/images/product/76206afad8975601f983cd70f52c575f.256p.jpg,27.0,2560 x 1440,75 Hz,4 ms,IPS,16:9,4
LG 24BK400H-B,,https://cdna.pcpartpicker.com/static/forever/images/product/dd1d457714efc1ce33f2987e8065870f.256p.jpg,"24.0""",1920 x 1080,75 Hz,1 ms,TN,16:9,4
Asus ROG Strix XG43VQ,,https://cdna.pcpartpicker.com/static/forever/images/product/5533a8ef933acc41e50415230f1e8e71.256p.jpg,43.4,3840 x 1200,120 Hz,VA,VA,16:5,0
Acer V227Q Abmipx,189.99,https://cdna.pcpartpicker.com/static/forever/images/product/2527410b911987f025676ef354b10c1c.256p.jpg,21.5,1920 x 1080,75 Hz,4 ms,VA,16:9,5
Acer SB270 Bbix,234.99,27,27.0,1920 x 1080,75 Hz,IPS,IPS,16:9,0
Dell S2721D,259.99,27,27.0,2560 x 1440,75 Hz,4 ms,IPS,16:9,4
LG 32UN550-W,379,31.5,31.5,3840 x 2160,60 Hz,4 ms,VA,16:9,0
Samsung S80A,333,https://cdna.pcpartpicker.com/static/forever/images/product/7e5844d1e7ae65deec94522f4882fbfa.256p.jpg,27.0,3840 x 2160,60 Hz,IPS,IPS,16:9,0
LG 29WN600-W,227.75,https://cdna.pcpartpicker.com/static/forever/images/product/fc9494ecfdeb24026b7f8a045dcdb4cc.256p.jpg,29.0,2560 x 1080,75 Hz,5 ms,IPS,21:9,0
LG 32MN50W-B,179,https://cdna.pcpartpicker.com/static/forever/images/product/5cebbb01aaabc7549248fa07beed05bd.256p.jpg,32.0,1920 x 1080,60 Hz,5 ms,IPS,16:9,0
LG 32UP550-W,359,https://cdna.pcpartpicker.com/static/forever/images/product/65cf8de5ec5ed8e1c1a53951f746d1d8.256p.jpg,32.0,3840 x 2160,60 Hz,4 ms,VA,16:9,0
Corsair XENEON ​32UHD144-A,692,https://cdna.pcpartpicker.com/static/forever/images/product/3e3797ed4bc43055681642016b245410.256p.jpg,"32.0""",3840 x 2160,144 Hz,12 ms,IPS,16:9,0
BenQ MOBIUZ EX3415R,,https://cdna.pcpartpicker.com/static/forever/images/product/3f14a67ff97177991a6f161ebceb2711.256p.jpg,"34.0""",3440 x 1440,144 Hz,2 ms,IPS,21:9,5
AOC AGON Pro AG274QXM,,https://cdna.pcpartpicker.com/static/forever/images/product/034a8dd4325533227c12efd7d56b6351.256p.jpg,"27.0""",2560 x 1440,170 Hz,1 ms,IPS,16:9,0
Philips 278B1,,https://cdna.pcpartpicker.com/static/forever/images/product/22669ffb0277f777b7661fb7db777150.256p.jpg,"27.0""",3840 x 2160,60 Hz,4 ms,IPS,16:9,0
Philips 49B2U6900CH,995,https://cdna.pcpartpicker.com/static/forever/images/product/e5850b48e82690696dcf80fd8a872d6d.256p.jpg,"48.8""",5120 x 1440,75 Hz,4 ms,VA,32:9,0
iiyama G2445HSU-B1,,https://cdna.pcpartpicker.com/static/forever/images/product/885a93739775d7e2118822e9accd6dbb.256p.jpg,24.0,1920 x 1080,100 Hz,IPS,IPS,16:9,0
iiyama ProLite XCB3497WQSNPH-B1,349.99,https://cdna.pcpartpicker.com/static/forever/images/product/ca60c25d387ac600426e6af6e5276d6f.256p.jpg,"34.0""",3440 x 1440,120 Hz,,VA,21:9,0
Gigabyte MO34WQC36,899.99,https://cdna.pcpartpicker.com/static/forever/images/product/0eb48307b397d0b3b3a797b3b6e2bf18.256p.jpg,"34.0""",3440 x 1440,360 Hz,0.03 ms,QD-OLED,21:9,0
AOC 931SWL,,18.5,18.5,1366 x 768,5,5 ms,16:9,16:9,0
Samsung 2443BWT-1,,24,24.0,1920 x 1200,5,5 ms,16:10,16:10,5
Samsung 2443BWT-TAA-1,,24,24.0,1920 x 1200,5,5 ms,16:10,16:10,0
Samsung B1940W,,19,19.0,1440 x 900,5,5 ms,16:10,16:10,0
Samsung FX2490HD,,24,24.0,1920 x 1080,5,5 ms,16:9,16:9,0
Acer G235HAbd,,https://cdna.pcpartpicker.com/static/forever/images/product/973e3eb972af221923c4878e0f14d3a4.256p.jpg,23.0,1920 x 1080,5,5 ms,16:9,16:9,4
Acer X223WDbd,,https://cdna.pcpartpicker.com/static/forever/images/product/49fe0089c53aebc2b3a974285ccd22e3.256p.jpg,22.0,1680 x 1050,5,5 ms,16:10,16:10,4.5
Acer B243HLbmdrz,,https://cdna.pcpartpicker.com/static/forever/images/product/5ed2dae9e8636835af6da6cce50963a0.256p.jpg,24.0,1920 x 1080,5,5 ms,16:9,16:9,0
Asus VE228H,,https://cdna.pcpartpicker.com/static/forever/images/product/fae375c35d5c52ea67505a10f9c3eee0.256p.jpg,21.5,1920 x 1080,5,5 ms,16:9,16:9,4
Asus VH196T-P,,19,19.0,1440 x 900,5,5 ms,16:10,16:10,5
Asus VG236H,,23,23.0,1920 x 1080,120 Hz,2 ms,16:9,16:9,5
BenQ XL2410T,,23.6,23.6,1920 x 1080,120 Hz,2 ms,TN,16:9,4.5
HP 2711x,,27,27.0,1920 x 1080,5,5 ms,16:9,16:9,4
Lenovo L2251P,,22,22.0,1680 x 1050,5,5 ms,16:10,16:10,0
HP L1711,,17,17.0,1280 x 1024,5,5 ms,5:4,5:4,4
Samsung E1920X,,18.5,18.5,1360 x 768,5,5 ms,16:9,16:9,0
Samsung B2230,,21.5,21.5,1920 x 1080,5,5 ms,16:9,16:9,4
ViewEra V151BN-B,,https://cdna.pcpartpicker.com/static/forever/images/product/830e8af1912fe9b85cd4ebdf5e772e76.256p.jpg,15.0,1024 x 768,12,12 ms,4:3,4:3,0
Asus VS229H-P,,https://cdna.pcpartpicker.com/static/forever/images/product/8365287609d8bc2636431b9d5132f480.256p.jpg,21.5,1920 x 1080,5,5 ms,IPS,16:9,4.5
ViewSonic V3D245,,23.6,23.6,1920 x 1080,120 Hz,2 ms,16:9,16:9,0
Dell ST2421L,,24,24.0,1920 x 1080,5,5 ms,TN,16:9,4
Samsung BX2231,,21.5,21.5,1920 x 1080,2,2 ms,16:9,16:9,0
HP S2331,,23,23.0,1920 x 1080,5,5 ms,16:9,16:9,0
Acer S271HLbid,,https://cdna.pcpartpicker.com/static/forever/images/product/52157d03ea843aa09ae5f029bdba997b.256p.jpg,"27.0""",1920 x 1080,60 Hz,5 ms,TN,16:9,4.5
Acer V203HLBJbd,,https://cdna.pcpartpicker.com/static/forever/images/product/d19268a30ba357fd944dbe8a5e45a411.256p.jpg,"20.0""",1600 x 900,60 Hz,5 ms,TN,16:9,0
Samsung S23B300B,,23,23.0,1920 x 1080,60 Hz,5 ms,TN,16:9,4
Samsung E1720NR,,17,17.0,1280 x 1024,5,5 ms,5:4,5:4,0
Samsung S24B300EL,,23.6,23.6,1920 x 1080,5,5 ms,TN,16:9,4.5
Samsung S20B350H,,20,20.0,1600 x 900,2,2 ms,TN,16:9,4
Dell U2212HM,,https://cdna.pcpartpicker.com/static/forever/images/product/03c5ca396b00a902efd1abb846ab072a.med.256p.jpg,21.5,1920 x 1080,8,8 ms,IPS,16:9,0
Dell IN1930,,18.5,18.5,1366 x 768,60 Hz,5 ms,16:9,16:9,3
Dell P1911,,19,19.0,1440 x 900,5,5 ms,16:10,16:10,5
Dell E1911,,19,19.0,1440 x 900,60 Hz,5 ms,16:10,16:10,4.5
Dell E170S,,17,17.0,1280 x 1024,5,5 ms,5:4,5:4,0
NEC MD213MC,,21.3,21.3,2048 x 1536,12,12 ms,4:3,4:3,0
HP ZR2440w,,24,24.0,1920 x 1200,60 Hz,6 ms,IPS,16:10,4
AOC e2450Swd,,23.6,23.6,1920 x 1080,60 Hz,5 ms,16:9,16:9,4
AOC e2343Fi,,23,23.0,1920 x 1080,60 Hz,5 ms,16:9,16:9,0
Asus VS239H-P,,https://cdna.pcpartpicker.com/static/forever/images/product/6535033029c22a6cdf2cbe98287222f9.256p.jpg,23.0,1920 x 1080,5,5 ms,IPS,16:9,4.5
LG W1943SE-PF,,19,19.0,1366 x 768,5,5 ms,16:9,16:9,5
Dell S2440L,,24,24.0,1920 x 1080,60 Hz,6 ms,16:9,16:9,4
Dell S2340L,399.98,23,23.0,1920 x 1080,60 Hz,7 ms,IPS,16:9,4.5
ViewSonic VX2770Smh-LED,,27,27.0,1920 x 1080,7,7 ms,IPS,16:9,5
Acer S275HL,,https://cdna.pcpartpicker.com/static/forever/images/product/5bfba752f396a29b0d6d5833ac479744.med.256p.jpg,"27.0""",1920 x 1080,60 Hz,6 ms,IPS,16:9,5
Asus MX279H,,https://cdna.pcpartpicker.com/static/forever/images/product/541069affd535b9a9601448d32313e1c.256p.jpg,27.0,1920 x 1080,5,5 ms,IPS,16:9,4.5
Dell U2913WM,,29,29.0,2560 x 1080,60 Hz,8 ms,IPS,21:9,5
Dell U2713H,,27,27.0,2560 x 1440,60 Hz,6 ms,IPS,16:9,0
Asus VS207D-P,135,https://cdna.pcpartpicker.com/static/forever/images/product/c6881ec7a55a7485051a5a30836a52c8.256p.jpg,19.5,1600 x 900,5,5 ms,TN,16:9,0
Acer V246HLbd,145.81,https://cdna.pcpartpicker.com/static/forever/images/product/4909cf0ed827b0fd6e0a110ca0901649.med.256p.jpg,24.0,1920 x 1080,60 Hz,5 ms,TN,16:9,0
Dell U2413,,https://cdna.pcpartpicker.com/static/forever/images/product/d87527b2d291c548c84e88b1bcef29b9.256p.jpg,"24.0""",1920 x 1200,60 Hz,6 ms,IPS,16:10,5
Acer S231HLBbid,,https://cdna.pcpartpicker.com/static/forever/images/product/4eb63d1253271d1dc696fdc13754001b.med.256p.jpg,"23.0""",1920 x 1080,60 Hz,5 ms,TN,16:9,4.5
Asus VX279Q,,https://cdna.pcpartpicker.com/static/forever/images/product/37c42c16ebac0d42f75c56af925013a1.256p.jpg,"27.0""",1920 x 1080,60 Hz,5 ms,IPS,16:9,4
Samsung S23C570H,,23,23.0,1920 x 1080,5,5 ms,16:9,16:9,4.5
LG 27EA83-D,603.99,27,27.0,2560 x 1440,60 Hz,5 ms,IPS,16:9,0
LG 32WL30MS-B,,32,32.0,1920 x 1080,60 Hz,25 ms,IPS,16:9,4
LG D2343P-BN,,23,23.0,1920 x 1080,60 Hz,5 ms,IPS,16:9,5
LG E1910P-BN,,19,19.0,1280 x 1024,60 Hz,5 ms,TN,5:4,0
CTL 192LX,,19,19.0,1280 x 1024,75 Hz,5 ms,5:4,5:4,0
NEC V322,799,https://cdna.pcpartpicker.com/static/forever/images/product/eb7c7149857649bee0ceadaf5133b272.256p.jpg,32.0,1366 x 768,60 Hz,8 ms,16:9,16:9,0
AOC aocE960SWN,,https://cdna.pcpartpicker.com/static/forever/images/product/9ffeebf700bb103db47fe60a5738bfee.med.256p.jpg,"18.5""",1366 x 768,60 Hz,5 ms,TN,16:9,0
HP Z24i,,https://cdna.pcpartpicker.com/static/forever/images/product/3478e9a97dcfc5ae12a946585caf4256.256p.jpg,"24.0""",1920 x 1200,60 Hz,8 ms,IPS,16:10,0
HP W2271d,,21.5,21.5,1920 x 1080,60 Hz,5 ms,TN,16:9,4
Dell P2314H,,23,23.0,1920 x 1080,60 Hz,8 ms,IPS,16:9,4.5
Dell P2714H,,27,27.0,1920 x 1080,60 Hz,8 ms,IPS,16:9,5
ViewSonic VG2039m-LED,,https://cdna.pcpartpicker.com/static/forever/images/product/955dfb01836548a4516435f1f3d669cd.256p.jpg,"20.0""",1600 x 900,60 Hz,5 ms,TN,16:9,0
HP L2045w,,20.1,20.1,1680 x 1050,60 Hz,5 ms,TN,16:10,0
Dell E2314H,,23,23.0,1920 x 1080,60 Hz,5 ms,TN,16:9,4
Samsung S27C450D,,27,27.0,1920 x 1080,60 Hz,5 ms,TN,16:9,0
Dell E2014T,,19.5,19.5,1600 x 900,60 Hz,2 ms,TN,16:9,0
Asus VN248H-P,399.99,23.8,23.8,1920 x 1080,5,5 ms,IPS,16:9,4.5
Planar 997-7318-00,,15,15.0,1024 x 768,75 Hz,8 ms,4:3,4:3,2
BenQ EW2440L,,https://cdna.pcpartpicker.com/static/forever/images/product/d554eafcc1f9a20c487430c2ff31fb55.256p.jpg,"24.0""",1920 x 1080,60 Hz,4 ms,VA,16:9,4.5
Samsung S22D300HY,,21.5,21.5,1920 x 1080,60 Hz,5 ms,TN,16:9,4
Samsung S24D360HL,,23.6,23.6,1920 x 1080,60 Hz,5 ms,TN,16:9,4
Samsung S27D360H,,27,27.0,1920 x 1080,60 Hz,5 ms,TN,16:9,4.5
BenQ BL3200PT,,32,32.0,2560 x 1440,60 Hz,4 ms,VA,16:9,4.5
AOC I2267FWH,,21.5,21.5,1920 x 1080,60 Hz,5 ms,IPS,16:9,2
Lenovo ThinkVision E2223s,,21.5,21.5,1920 x 1080,75 Hz,5 ms,TN,16:9,0
HP ENVY 32,,https://cdna.pcpartpicker.com/static/forever/images/product/7029c12cc6ee620f557e5da571a30d92.256p.jpg,"32.0""",2560 x 1440,60 Hz,7 ms,IPS,16:9,4
LG 31MU97,,https://cdna.pcpartpicker.com/static/forever/images/product/841849b6888ebb4f97b3dcdda0a7fea2.256p.jpg,"31.0""",4096 x 2160,60 Hz,5 ms,IPS,256:135,0
HP S231d,,23,23.0,1920 x 1080,60 Hz,7 ms,16:9,16:9,0
LG 24M47VQ,,https://cdna.pcpartpicker.com/static/forever/images/product/e90268dd70da5f4098e1b8b33e5ab79b.256p.jpg,"24.0""",1920 x 1080,60 Hz,2 ms,TN,16:9,5
Acer G257HU smidpx,,https://cdna.pcpartpicker.com/static/forever/images/product/82a6108d590717b8825a7ee4a7441aae.256p.jpg,"25.0""",2560 x 1440,60 Hz,4 ms,IPS,16:9,4.5
LG 24MP77HM-P,,23.8,23.8,1920 x 1080,60 Hz,5 ms,IPS,16:9,5
AOC Q2778VQE,,27,27.0,2560 x 1440,60 Hz,1 ms,TN,16:9,4
Samsung S27E390H,,27,27.0,1920 x 1080,60 Hz,4 ms,PLS,16:9,4.5
Samsung LU28E590DS/ZA,,https://cdna.pcpartpicker.com/static/forever/images/product/728dd047f5d724b6ab47491878aeee3f.256p.jpg,"28.0""",3840 x 2160,60 Hz,1 ms,TN,16:9,4
BenQ XR3501,,35,35.0,2560 x 1080,144 Hz,4 ms,VA,21:9,0
LG 31MU97C-B,,https://cdna.pcpartpicker.com/static/forever/images/product/61fa1470f3ad20c9391d6a52b0096821.256p.jpg,"31.0""",4096 x 2160,60 Hz,5 ms,IPS,256:135,0
Samsung S24E310HL,,23.6,23.6,1920 x 1080,60 Hz,8 ms,TN,16:9,4
Asus VC279H,399.99,https://cdna.pcpartpicker.com/static/forever/images/product/28360fac1285bccc3978b9e39f177e75.256p.jpg,27.0,1920 x 1080,60 Hz,5 ms,IPS,16:9,4
Asus VE228H-R,,https://cdna.pcpartpicker.com/static/forever/images/product/e3c0018aaee8023d3cefa83ca32454d3.256p.jpg,"21.5""",1920 x 1080,60 Hz,5 ms,TN,16:9,4
Dell Alienware AW2310,,23,23.0,1920 x 1080,120 Hz,3 ms,TN,16:9,0
Acer K272HUL,,27,27.0,2560 x 1440,75 Hz,6 ms,TN,16:9,4
Dell P2016,,https://cdna.pcpartpicker.com/static/forever/images/product/fe6c9d2343be2e75c034ebafb272b289.256p.jpg,"19.5""",1440 x 900,60 Hz,6 ms,IPS,16:10,0
BenQ BL2420PT,,23.8,23.8,2560 x 1440,60 Hz,5 ms,IPS,16:9,5
AOC I2279VWHE,,21.5,21.5,1920 x 1080,60 Hz,5 ms,IPS,16:9,4.5
HP 22xw,,21.5,21.5,1920 x 1080,60 Hz,7 ms,IPS,16:9,0
NEC P212,,https://cdna.pcpartpicker.com/static/forever/images/product/b1bd21b0f20cd531648c0d50b64811b2.256p.jpg,"21.3""",1600 x 1200,60 Hz,8 ms,IPS,4:3,0
Samsung S24E650C,,23.5,23.5,1920 x 1080,60 Hz,4 ms,VA,16:9,0
Samsung S27E310H,,27,27.0,1920 x 1080,60 Hz,1 ms,TN,16:9,4
Acer Z35 bmiphz,,https://cdna.pcpartpicker.com/static/forever/images/product/78d3b9aff24a4b20022fd70dadf3e80b.256p.jpg,"35.0""",2560 x 1080,200 Hz,4 ms,VA,21:9,5
LG 34UC98,805.99,34,34.0,3440 x 1440,60 Hz,5 ms,IPS,21:9,5
AOC I2369VM,145,23,23.0,1920 x 1080,60 Hz,6 ms,IPS,16:9,4.5
AOC M2870VHE,,https://cdna.pcpartpicker.com/static/forever/images/product/9e9372cd819fd0003a38790e286c6bc4.256p.jpg,"28.0""",1920 x 1080,60 Hz,5 ms,VA,16:9,0
Dell E1916HV,,https://cdna.pcpartpicker.com/static/forever/images/product/f592f03bff2055303befa744bc7af8fa.256p.jpg,"18.5""",1366 x 768,60 Hz,5 ms,TN,16:9,4
LG Neo Blade III,199.99,24,24.0,1920 x 1080,60 Hz,5 ms,IPS,16:9,5
LG 27MP58VQ-P,,27,27.0,1920 x 1080,60 Hz,5 ms,IPS,16:9,4.5
LG 34UM88-P,449.99,34,34.0,3440 x 1440,60 Hz,5 ms,IPS,21:9,0
Acer GN276HL bid,,27,27.0,1920 x 1080,144 Hz,1 ms,TN,16:9,4
LG 23MP68VQ-P,,https://cdna.pcpartpicker.com/static/forever/images/product/742cb0e7a11f0a71a9b4c58d6091f722.256p.jpg,23.0,1920 x 1080,60 Hz,IPS,IPS,16:9,4.5
Asus VZ279H,,https://cdna.pcpartpicker.com/static/forever/images/product/4df5161cf0e9cb376181c7fa86b3bdbe.256p.jpg,"27.0""",1920 x 1080,60 Hz,5 ms,IPS,16:9,4
Dell UP3017,1499,https://cdna.pcpartpicker.com/static/forever/images/product/9d78bf41e10c57d56b15d8af78151e1d.256p.jpg,"30.0""",2560 x 1600,60 Hz,6 ms,IPS,16:10,0
AOC AG241QG,,https://cdna.pcpartpicker.com/static/forever/images/product/2ef0172b70007e23ac49299a79dac4fb.256p.jpg,"23.8""",2560 x 1440,165 Hz,1 ms,TN,16:9,4
ViewSonic VX2478-SMHD,,https://cdna.pcpartpicker.com/static/forever/images/product/488f2da2719ead9f9c636e0542768f10.256p.jpg,"23.8""",2560 x 1440,60 Hz,4 ms,IPS,16:9,5
HP OMEN,,32,32.0,2560 x 1440,75 Hz,5 ms,VA,16:9,5
Samsung LC27FG70FQNXZA,,27,27.0,1920 x 1080,144 Hz,1 ms,VA,16:9,2
LG 38UC99-W,1418.99,https://cdna.pcpartpicker.com/static/forever/images/product/0b7c56b2eb08d6d1d285f14e82a71e94.256p.jpg,37.5,3840 x 1600,75 Hz,5 ms,IPS,12:5,4.5
Dell UP3017Q,,https://cdna.pcpartpicker.com/static/forever/images/product/a393488cd1448e2f3e12de3325477e3c.256p.jpg,30.0,3840 x 2160,60 Hz,,16:9,16:9,0
Lenovo L24q,,23.8,23.8,2560 x 1440,60 Hz,4 ms,IPS,16:9,4.5
Samsung UH850,,31.5,31.5,3840 x 2160,60 Hz,4 ms,VA,16:9,0
LG 29UM59-P,,29,29.0,2560 x 1080,75 Hz,5 ms,IPS,21:9,4.5
LG 34UM59-B,,34,34.0,2560 x 1080,75 Hz,5 ms,IPS,21:9,0
iiyama ProLite XUB2792QSU-W1,,https://cdna.pcpartpicker.com/static/forever/images/product/564ee401b4c7f21e1abbfee86b8be8c3.256p.jpg,"27.0""",2560 x 1440,70 Hz,5 ms,IPS,16:9,3.5
Asus ROG Strix XG35VQ,,https://cdna.pcpartpicker.com/static/forever/images/product/8e10c97a7ef750782ccebe95ba8eed4a.256p.jpg,"35.0""",3440 x 1440,100 Hz,4 ms,VA,21:9,4.5
Acer ED7,,https://cdna.pcpartpicker.com/static/forever/images/product/3253c1c6479e04be8737ed6bd61b1537.256p.jpg,"34.0""",3440 x 1440,100 Hz,4 ms,VA,21:9,4.5
AOC Q3279VWF,,https://cdna.pcpartpicker.com/static/forever/images/product/8f6d7a600cd6309b13feb743132e5525.256p.jpg,"31.5""",2560 x 1440,75 Hz,5 ms,VA,16:9,4.5
LG 32UK950-W,,32,32.0,3840 x 2160,60 Hz,5 ms,IPS,16:9,0
Acer KG271B,,https://cdna.pcpartpicker.com/static/forever/images/product/7147cd444e4d38ee21c45b07616c71e0.256p.jpg,"27.0""",1920 x 1080,240 Hz,1 ms,TN,16:9,5
Samsung C34H890WJN,,https://cdna.pcpartpicker.com/static/forever/images/product/d83f2a799085c0a718787a6d16fca2a4.256p.jpg,"34.0""",3440 x 1440,100 Hz,4 ms,VA,21:9,0
Samsung U28H750,,https://cdna.pcpartpicker.com/static/forever/images/product/466ebe737dbfead89a7255e9a0fbf95d.256p.jpg,"27.9""",3840 x 2160,60 Hz,1 ms,TN,16:9,3
Samsung C49J890DKE,,https://cdna.pcpartpicker.com/static/forever/images/product/39424f99db1c6617dec736ebd8f9d821.256p.jpg,"48.9""",3840 x 1080,144 Hz,5 ms,VA,32:9,0
Samsung LC32JG50QQNZA,,32,32.0,2560 x 1440,144 Hz,4 ms,VA,16:9,4
Samsung LS19F350HNWXXL,,18.5,18.5,1366 x 768,60 Hz,14 ms,IPS,16:9,0
AOC Q3279VWFD8,,https://cdna.pcpartpicker.com/static/forever/images/product/edfce7d10dcd9ec9fa796cad0ef5bcf2.256p.jpg,"31.5""",2560 x 1440,75 Hz,4 ms,IPS,16:9,4
LG 32UL950-W,1967.18,https://cdna.pcpartpicker.com/static/forever/images/product/396461769ebb70a11d9e22c8ea45d463.256p.jpg,32.0,3840 x 2160,60 Hz,5 ms,IPS,16:9,5
LG 34GK950F-B,,https://cdna.pcpartpicker.com/static/forever/images/product/dcc3c8a3ca55ae6d4f1e057843d456d3.256p.jpg,"34.0""",3440 x 1440,144 Hz,1 ms,IPS,21:9,4.5
MSI Optix MAG240VC,,23.6,23.6,1920 x 1080,144 Hz,1 ms,VA,16:9,5
LG 24MK400H,,https://cdna.pcpartpicker.com/static/forever/images/product/36009ceeda17706c25528bd04cf4116c.256p.jpg,"23.5""",1920 x 1080,75 Hz,1 ms,TN,16:9,0
VIOTEK GFT27DB,,27,27.0,2560 x 1440,144 Hz,1 ms,TN,16:9,4.5
Dell E2318HN,,https://cdna.pcpartpicker.com/static/forever/images/product/01b40ce7b10ed90cd5534a2c6cbd3895.256p.jpg,"23.0""",1920 x 1080,60 Hz,5 ms,IPS,16:9,0
Dell P2418HZM,230,https://cdna.pcpartpicker.com/static/forever/images/product/ee0d35d74a71dbd39bba4be863ce677d.256p.jpg,"23.8""",1920 x 1080,60 Hz,6 ms,IPS,16:9,0
Dell P2419HC,,https://cdna.pcpartpicker.com/static/forever/images/product/eca83aa72bc4e28533fc69f3c10f9c41.256p.jpg,"23.8""",1920 x 1080,60 Hz,5 ms,IPS,16:9,0
Dell U2419H,204,https://cdna.pcpartpicker.com/static/forever/images/product/0dd3b5423e5599ceb6f26b04e441da9d.256p.jpg,"24.0""",1920 x 1080,60 Hz,5 ms,IPS,16:9,5
Dell SE2419H,269.95,https://cdna.pcpartpicker.com/static/forever/images/product/45028d9f27b257413b51c91ef95cc550.256p.jpg,23.8,1920 x 1080,60 Hz,5 ms,IPS,16:9,0
Asus VZ279HE,179.99,https://cdna.pcpartpicker.com/static/forever/images/product/0109f7ae644ad08bf2e72776c101ec79.256p.jpg,27.0,1920 x 1080,60 Hz,5 ms,IPS,16:9,5
Asus ROG Swift PG258Q Call of Duty: Black Ops 4 Special Edition,,24.5,24.5,1920 x 1080,240 Hz,1 ms,TN,16:9,0
AOC G2778VQ,,https://cdna.pcpartpicker.com/static/forever/images/product/9f7bf6793adea60d53d211025c92baa9.256p.jpg,"27.0""",1920 x 1080,75 Hz,1 ms,TN,16:9,0
LG 27UL850-W,469.99,https://cdna.pcpartpicker.com/static/forever/images/product/b9be9a62c85e23c347a70d2b78a8eb2d.256p.jpg,27.0,3840 x 2160,60 Hz,5 ms,IPS,16:9,0
Samsung LU32J590UQUXEN,2339,https://cdna.pcpartpicker.com/static/forever/images/product/9031d21a677855cd6d4c6b575a6f698c.256p.jpg,32.0,3840 x 2160,60 Hz,4 ms,VA,16:9,4
MSI Optix MAG270VC,,https://cdna.pcpartpicker.com/static/forever/images/product/e1e17b24f32461456a80c1094aa435a4.256p.jpg,"27.0""",1920 x 1080,144 Hz,1 ms,VA,16:9,0
MSI Optix MAG271R,,https://cdna.pcpartpicker.com/static/forever/images/product/6cd8ce572a9ce4f22a4734b2b1c992b4.256p.jpg,"27.0""",1920 x 1080,165 Hz,1 ms,VA,16:9,5
MSI Optix MPG341CQR,,https://cdna.pcpartpicker.com/static/forever/images/product/f9ec6024f886b6c15297d1b893290efb.256p.jpg,"34.0""",3440 x 1440,144 Hz,1 ms,VA,21:9,4
BenQ ZOWIE RL2455TS,,https://cdna.pcpartpicker.com/static/forever/images/product/08f740e1d216416f13f04dc5e76a4df5.256p.jpg,"24.0""",1920 x 1080,75 Hz,1 ms,TN,16:9,0
Acer KA270H Dbi,,https://cdna.pcpartpicker.com/static/forever/images/product/917a860c2792abc673cb12de71aa3a05.256p.jpg,"27.0""",1920 x 1080,75 Hz,4 ms,TN,16:9,4
Acer KG271U bmiippx,,27,27.0,2560 x 1440,75 Hz,1 ms,TN,16:9,4.5
Acer B247Y Cbmipruzx,349.99,https://cdna.pcpartpicker.com/static/forever/images/product/f9d5683cd9d5fd3e40ac702ea1e13e1c.256p.jpg,23.8,1920 x 1080,75 Hz,4 ms,IPS,16:9,0
Asus VP249HE,260.93,https://cdna.pcpartpicker.com/static/forever/images/product/abbe613cd41166de98d8e2edd1907b72.256p.jpg,23.8,1920 x 1080,60 Hz,5 ms,IPS,16:9,0
HP N246v,,https://cdna.pcpartpicker.com/static/forever/images/product/178ef23a2bbbe2873e16e99a856ec362.256p.jpg,"23.8""",1920 x 1080,60 Hz,5 ms,IPS,16:9,0
BenQ EW2780,,https://cdna.pcpartpicker.com/static/forever/images/product/5761da8b1806f459d730fb6fbc225d6b.256p.jpg,"27.0""",1920 x 1080,60 Hz,5 ms,IPS,16:9,0
HP EliteDisplay E240C,,23.8,23.8,1920 x 1080,7,7 ms,IPS,16:9,0
HP P204,,https://cdna.pcpartpicker.com/static/forever/images/product/d8a20a1f394dc24a73dd1f0c536dbde4.256p.jpg,19.5,1600 x 900,60 Hz,TN,TN,16:9,4
HP P274,279,https://cdna.pcpartpicker.com/static/forever/images/product/4c45e06fa648eae80ab127c8273b5c37.256p.jpg,27.0,1920 x 1080,60 Hz,IPS,IPS,16:9,0
HP 27xq,,27,27.0,2560 x 1440,144 Hz,1 ms,TN,16:9,5
Lenovo D24f-10,,https://cdna.pcpartpicker.com/static/forever/images/product/7a17ebc444445c6d51c13ff26d8897ad.256p.jpg,"23.6""",1920 x 1080,144 Hz,1 ms,TN,16:9,0
Lenovo C22-10,,21.5,21.5,1920 x 1080,60 Hz,5 ms,TN,16:9,0
LG 22BK430H-B,109,https://cdna.pcpartpicker.com/static/forever/images/product/d29e0b1290b1c62761625167b46ed45b.256p.jpg,21.5,1920 x 1080,60 Hz,5 ms,IPS,16:9,4.5
Philips 203V5LSB2,,https://cdna.pcpartpicker.com/static/forever/images/product/da1949c927b4884c8dc951b65224fa16.256p.jpg,"19.5""",1600 x 900,60 Hz,5 ms,TN,16:9,0
Philips 276E9QDSB,,https://cdna.pcpartpicker.com/static/forever/images/product/d2bdb612d487fa307aae277d7e0481c8.256p.jpg,"27.0""",1920 x 1080,75 Hz,4 ms,IPS,16:9,0
Philips 328B6QJEB,,https://cdna.pcpartpicker.com/static/forever/images/product/41a1ced33e1cc51dfbf4b1c54d547a4b.256p.jpg,"31.5""",2560 x 1440,60 Hz,5 ms,IPS,16:9,0
Philips 278E9QJAB,,https://cdna.pcpartpicker.com/static/forever/images/product/0874b9ef974514d2dea93b779234849b.256p.jpg,"27.0""",1920 x 1080,75 Hz,4 ms,VA,16:9,0
Pixio PX7P,,27,27.0,2560 x 1440,165 Hz,4 ms,IPS,16:9,5
ViewEra V151HV2,,https://cdna.pcpartpicker.com/static/forever/images/product/8c8759220ca5c142aa8bb2d7c892b490.256p.jpg,"15.0""",1024 x 768,60 Hz,8 ms,TN,4:3,0
ViewEra V191BN2,294.98,https://cdna.pcpartpicker.com/static/forever/images/product/cad2134b4d466582144b268ce47643ff.256p.jpg,19.0,1280 x 1024,60 Hz,5 ms,TN,5:4,0
ViewSonic VA2756-MHD,,https://cdna.pcpartpicker.com/static/forever/images/product/9e97ee43bc4cdc7b8fdf75abcd98bfb3.256p.jpg,"27.0""",1920 x 1080,60 Hz,7 ms,IPS,16:9,4
ViewSonic VG2455,199.99,https://cdna.pcpartpicker.com/static/forever/images/product/0a60b62550c6b0b3cca5512ae50d2e2f.256p.jpg,24.0,1920 x 1080,60 Hz,5 ms,IPS,16:9,0
ViewSonic VG2755-2K,296,https://cdna.pcpartpicker.com/static/forever/images/product/0a60b62550c6b0b3cca5512ae50d2e2f.256p.jpg,"27.0""",2560 x 1440,60 Hz,5 ms,IPS,16:9,0
LG 27UL600-W,1177,https://cdna.pcpartpicker.com/static/forever/images/product/f774f2b9cb2360759b27de7676b01502.256p.jpg,27.0,3840 x 2160,60 Hz,5 ms,IPS,16:9,5
ViewSonic ELITE XG270,,https://cdna.pcpartpicker.com/static/forever/images/product/fad6c7e476fab9af384b18dfab45a9e2.256p.jpg,"27.0""",1920 x 1080,240 Hz,1 ms,IPS,16:9,5
Cooler Master GM34-CW,,https://cdna.pcpartpicker.com/static/forever/images/product/075f0ce255dfef126af60e59d981a444.256p.jpg,34.0,3440 x 1440,144 Hz,VA,VA,21:9,0
LG 27MK400H-B,179.99,https://cdna.pcpartpicker.com/static/forever/images/product/c8ab557824fb1f291237906b5e98fd0f.256p.jpg,27.0,1920 x 1080,60 Hz,2 ms,TN,16:9,0
AOC CQ27G2U/BK,,https://cdna.pcpartpicker.com/static/forever/images/product/b8499ba7265e83e8f193672601b19e69.256p.jpg,27.0,2560 x 1440,144 Hz,VA,VA,16:9,4.5
Acer ED322QR Pbmiipx,,https://cdna.pcpartpicker.com/static/forever/images/product/f69ac8b59f49f867b554d3631407dcb3.256p.jpg,"31.5""",1920 x 1080,144 Hz,4 ms,VA,16:9,4.5
MSI Prestige PS341WU,,https://cdna.pcpartpicker.com/static/forever/images/product/03642c961dcd529c16aaaec7cd7d5ca9.256p.jpg,"34.0""",5120 x 2160,60 Hz,8 ms,IPS,64:27,0
MSI Optix MAG272QR,379,https://cdna.pcpartpicker.com/static/forever/images/product/a0a2e999d596819e7a4e8245aaea4128.256p.jpg,27.0,2560 x 1440,165 Hz,1 ms,VA,16:9,0
Asus BE24WQLB,,https://cdna.pcpartpicker.com/static/forever/images/product/bdbc73eaaed0f14940d9f0216ee37333.256p.jpg,"24.1""",1920 x 1200,60 Hz,5 ms,IPS,16:10,0
Acer CB272 bmiprx,279.99,27,27.0,1920 x 1080,75 Hz,IPS,IPS,16:9,0
Acer Nitro XV273 Xbmiiprzx,,27,27.0,1920 x 1080,240 Hz,IPS,IPS,16:9,0
Acer Predator XN253Q Xbmiprzx,,https://cdna.pcpartpicker.com/static/forever/images/product/5df089106b17ddf8a4271dfcf100beb1.256p.jpg,"24.5""",1920 x 1080,240 Hz,1 ms,TN,16:9,0
ViewSonic VX3258-PC-MHD,356.01,https://cdna.pcpartpicker.com/static/forever/images/product/44243a421793db88da3d3d37b7da265a.256p.jpg,31.5,1920 x 1080,165 Hz,VA,VA,16:9,0
Acer B277 bmiprx,,https://cdna.pcpartpicker.com/static/forever/images/product/a51bb31ccf94e05ba1a153e56f456384.256p.jpg,"27.0""",1920 x 1080,75 Hz,6 ms,IPS,16:9,0
Dell DHSE2417HGX,111.99,https://cdna.pcpartpicker.com/static/forever/images/product/33f9fbbe0122d51998e85f80b4bdda58.256p.jpg,23.6,1920 x 1080,75 Hz,1 ms,TN,16:9,3
Lenovo D24-10,,23.6,23.6,1920 x 1080,60 Hz,TN,TN,16:9,0
Dell UltraSharp U2520D,,https://cdna.pcpartpicker.com/static/forever/images/product/f45b7f8362ac5298c879f42d1c9c03ed.256p.jpg,"25.0""",2560 x 1440,60 Hz,5 ms,IPS,16:9,5
AOC Q2790PQU/BT,,https://cdna.pcpartpicker.com/static/forever/images/product/40711ca56ede0a6030b1103be4ce4a0f.256p.jpg,"27.0""",2560 x 1440,60 Hz,4 ms,IPS,16:9,0
Acer CB282K smiiprx,,28,28.0,3840 x 2160,60 Hz,IPS,IPS,16:9,5
Dell E1920H,188.68,https://cdna.pcpartpicker.com/static/forever/images/product/2b02cc80f19ba689ecb920b2e2ec676b.256p.jpg,18.5,1366 x 768,60 Hz,5 ms,TN,16:9,0
LG 32ML600M-B,395.99,https://cdna.pcpartpicker.com/static/forever/images/product/0b8004c5f92bd4e4309a83a5c55d8707.256p.jpg,32.0,1920 x 1080,75 Hz,5 ms,IPS,16:9,4
LG 43UN700-B,699.99,https://cdna.pcpartpicker.com/static/forever/images/product/d30d94a4f663a51a62345fa20a164264.256p.jpg,42.5,3840 x 2160,60 Hz,8 ms,IPS,16:9,0
Acer XZ242Q Sbmiiphx,,https://cdna.pcpartpicker.com/static/forever/images/product/10b0ebf87c85fa28cf2fd91b6c64e71e.256p.jpg,23.6,1920 x 1080,165 Hz,VA,VA,16:9,0
Philips 226E9QDSB,,https://cdna.pcpartpicker.com/static/forever/images/product/aa04bcda960fd526b6c3e16765c7bd34.256p.jpg,"21.5""",1920 x 1080,75 Hz,4 ms,IPS,16:9,0
Acer XZ342CK Pbmiiphx,,34,34.0,3440 x 1440,144 Hz,VA,VA,21:9,5
LG 32QK500-C,269.99,https://cdna.pcpartpicker.com/static/forever/images/product/2b18dd76ee577d3cefef4a396e50fbed.256p.jpg,32.0,2560 x 1440,75 Hz,5 ms,IPS,16:9,5
VIOTEK GFV27DAB,,27,27.0,2560 x 1440,144 Hz,VA,VA,16:9,5
Philips 275E1S/00,,https://cdna.pcpartpicker.com/static/forever/images/product/330dd719895f54ccff8609b886dbde33.256p.jpg,"27.0""",2560 x 1440,75 Hz,4 ms,IPS,16:9,3
Acer KG281K bmiipx,,https://cdna.pcpartpicker.com/static/forever/images/product/715de10b616997f2b5cddd90fcf82fcd.256p.jpg,"28.0""",3840 x 2160,60 Hz,1 ms,TN,16:9,0
electriQ eiQ-34SUWD144FSHQ,,34,34.0,3440 x 1440,144 Hz,1 ms,VA,21:9,0
LG 35WN65C-B,399,https://cdna.pcpartpicker.com/static/forever/images/product/c0d24b6460e2d159d7cda6c75ce04000.256p.jpg,35.0,3440 x 1440,100 Hz,5 ms,VA,21:9,0
Lenovo 65F8GCC1US,288.95,31.5,31.5,2560 x 1440,75 Hz,4 ms,IPS,16:9,0
NEC EA223WM,,https://cdna.pcpartpicker.com/static/forever/images/product/c4c815fa7bcd53d7ed9d7f7329e5ebe6.256p.jpg,"22.0""",1680 x 1050,60 Hz,5 ms,TN,16:10,5
ViewSonic VX2458-P-MHD,,https://cdna.pcpartpicker.com/static/forever/images/product/6481ff0b14e6dfdeba8cf009d017cbc6.256p.jpg,"23.6""",1920 x 1080,144 Hz,1 ms,TN,16:9,0
Acer Nitro QG271 bii,,https://cdna.pcpartpicker.com/static/forever/images/product/51a2a3faad8a3d5aceea8e6cfc2f3f95.256p.jpg,27.0,1920 x 1080,75 Hz,VA,VA,16:9,0
AOC 24G2E5,,https://cdna.pcpartpicker.com/static/forever/images/product/67f56cb39fe1b7667e6df001c1e2a2c4.256p.jpg,23.8,1920 x 1080,75 Hz,IPS,IPS,16:9,4
X= XRGB27WQ,,https://cdna.pcpartpicker.com/static/forever/images/product/acd428d5ba1faf64539cb35992cb9614.256p.jpg,27.0,2560 x 1440,165 Hz,IPS,IPS,16:9,0
VIOTEK GNV34DBE2,,34,34.0,3440 x 1440,144 Hz,6 ms,VA,21:9,0
Acer KA272U biipx,207.1,https://cdna.pcpartpicker.com/static/forever/images/product/4edce55c895c08098314c70f510eb923.256p.jpg,27.0,2560 x 1440,75 Hz,IPS,IPS,16:9,0
LG 27UK500-B,410,https://cdna.pcpartpicker.com/static/forever/images/product/0db3bb232388152ac8233b06bfe9a456.256p.jpg,27.0,3840 x 2160,60 Hz,5 ms,IPS,16:9,0
LG 43UN700T-B,699.99,43,43.0,3840 x 2160,60 Hz,8 ms,IPS,16:9,0
LG 32UK50T-W,,https://cdna.pcpartpicker.com/static/forever/images/product/efcbf058010317177019b9dfa8575e94.256p.jpg,"31.5""",3840 x 2160,60 Hz,4 ms,VA,16:9,0
LG 27GN880-B,,https://cdna.pcpartpicker.com/static/forever/images/product/966e3d0e42dc12cc23fc0100a5b56737.256p.jpg,"27.0""",2560 x 1440,144 Hz,1 ms,IPS,16:9,4
LG 24QP500-B,199.99,https://cdna.pcpartpicker.com/static/forever/images/product/436b583383135a406f873efc516e2794.256p.jpg,24.0,2560 x 1440,75 Hz,5 ms,IPS,16:9,0
MSI Optix G241V,,https://cdna.pcpartpicker.com/static/forever/images/product/4fccf7c06bd8cf1d5bfb0d430f77992b.256p.jpg,"23.8""",1920 x 1080,75 Hz,4 ms,IPS,16:9,0
Eizo EV2451-BK,,https://cdna.pcpartpicker.com/static/forever/images/product/218c390ec318ea082e08dbabd4a1e35a.256p.jpg,"23.8""",1920 x 1080,60 Hz,5 ms,IPS,16:9,0
Dell U2421HE,269.99,24,24.0,1920 x 1080,60 Hz,5 ms,IPS,16:9,0
VIOTEK RFI25CBA,,25,25.0,1920 x 1080,144 Hz,5 ms,IPS,16:9,0
Monoprice Dark Matter,799.99,https://cdna.pcpartpicker.com/static/forever/images/product/ec2b9d73100785d70af8cb0a627fb4f7.256p.jpg,49.0,5120 x 1440,120 Hz,4 ms,VA,32:9,0
Gigabyte M32QC-SA,324.99,31.5,31.5,2560 x 1440,170 Hz,VA,VA,16:9,4
ViewSonic VA2732-MHD,,https://cdna.pcpartpicker.com/static/forever/images/product/040b5f0dbc1dfa269f8b8c319ea4b60f.256p.jpg,"27.0""",1920 x 1080,75 Hz,4 ms,IPS,16:9,0
MSI Modern MD271CPW,229.99,https://cdna.pcpartpicker.com/static/forever/images/product/123f5769c6b65a91010677f41a049d52.256p.jpg,27.0,1920 x 1080,75 Hz,4 ms,VA,16:9,0
Pixio PX257P,99.99,https://cdna.pcpartpicker.com/static/forever/images/product/8590b79e6f73f32769b08f4ad4795283.256p.jpg,24.5,1920 x 1080,144 Hz,1 ms,IPS,16:9,0
MSI Optix MAG321QR,,https://cdna.pcpartpicker.com/static/forever/images/product/37a3036a46e14b89f00a1fc80f4a33fe.256p.jpg,31.5,2560 x 1440,165 Hz,IPS,IPS,16:9,5
Pixio PX277PRO,,27,27.0,2560 x 1440,165 Hz,1 ms,IPS,16:9,0
X= XG34UWQ,,https://cdna.pcpartpicker.com/static/forever/images/product/2da185063fff3a423b89279ef25a94a0.256p.jpg,"34.0""",3440 x 1440,160 Hz,8 ms,VA,21:9,0
AOC CU34G3S/BK,,https://cdna.pcpartpicker.com/static/forever/images/product/a81563806f0e5ae7ae8e1c0361c5d5e7.256p.jpg,"34.0""",3440 x 1440,165 Hz,4 ms,VA,21:9,0
MSI Optix G242P,,https://cdna.pcpartpicker.com/static/forever/images/product/610889dcec455ec0b037ed2d7a0c9498.256p.jpg,23.8,1920 x 1080,144 Hz,IPS,IPS,16:9,0
MSI Optix MAG2732,299,https://cdna.pcpartpicker.com/static/forever/images/product/01a8b341a6f82092c00cf7b23fa0b283.256p.jpg,27.0,1920 x 1080,165 Hz,IPS,IPS,16:9,0
MSI Optix G271C,,https://cdna.pcpartpicker.com/static/forever/images/product/e6673510d29cdbbe28e3a63600b645da.256p.jpg,27.0,1920 x 1080,165 Hz,VA,VA,16:9,0
MSI Optix G27CQ4P,,https://cdna.pcpartpicker.com/static/forever/images/product/da82beae7392bf03d97f85aaeb1aa5a8.256p.jpg,27.0,2560 x 1440,165 Hz,VA,VA,16:9,0
Samsung SD332,,https://cdna.pcpartpicker.com/static/forever/images/product/a4fe1b68b5e715b4aa0105082b8d13f6.256p.jpg,24.0,1920 x 1080,75 Hz,TN,TN,16:9,0
Samsung SF350,,https://cdna.pcpartpicker.com/static/forever/images/product/a14dcbd56885fddd0d74d67f67bb252a.256p.jpg,"23.5""",1920 x 1080,60 Hz,4 ms,PLS,16:9,0
Samsung SR35,,https://cdna.pcpartpicker.com/static/forever/images/product/8d896ca2697392f20c24d8851a494e0d.256p.jpg,24.0,1920 x 1080,75 Hz,IPS,IPS,16:9,0
Samsung UE510,,https://cdna.pcpartpicker.com/static/forever/images/product/060b404edb220d6b77f92211af581d3c.256p.jpg,28.0,3840 x 2160,,TN,TN,16:9,0
Acer EH301CUR,,https://cdna.pcpartpicker.com/static/forever/images/product/edb848d1ee13763a475ac5b81622b7af.256p.jpg,30.0,2560 x 1080,144 Hz,VA,VA,21:9,0
Acer XZ342CU PBMIIPHX,,https://cdna.pcpartpicker.com/static/forever/images/product/d123d7abe51e12f1d22a66638ba243e4.256p.jpg,34.0,3440 x 1440,144 Hz,VA,VA,21:9,5
Acer ED273,,https://cdna.pcpartpicker.com/static/forever/images/product/5c358e265cb27f851467cc17c1529da7.256p.jpg,27.0,1920 x 1080,75 Hz,VA,VA,16:9,0
Acer ED273 wmidx,,https://cdna.pcpartpicker.com/static/forever/images/product/5c358e265cb27f851467cc17c1529da7.256p.jpg,27.0,1920 x 1080,60 Hz,VA,VA,16:9,0
Acer GF276 Abmipx,,https://cdna.pcpartpicker.com/static/forever/images/product/a9e6ef3d641bcd1ff0b2eb4400cc9270.256p.jpg,27.0,1920 x 1080,75 Hz,1 ms,16:9,16:9,0
Acer QG271 bi,,https://cdna.pcpartpicker.com/static/forever/images/product/a4d05a42396ae4d4c28fea89db263bc9.256p.jpg,27.0,1920 x 1080,75 Hz,VA,VA,16:9,0
Acer VG271U Sbmiipx,,https://cdna.pcpartpicker.com/static/forever/images/product/30fc95dff6ca7b6eef9f0d940e7f4525.256p.jpg,27.0,2560 x 1440,170 Hz,IPS,IPS,16:9,3
Acer XV270U bmiiprx,,https://cdna.pcpartpicker.com/static/forever/images/product/26551f8b5ad97bd58793eca5ebb6020c.256p.jpg,27.0,2560 x 1440,75 Hz,IPS,IPS,16:9,0
Acer XZ273U Pbmiiphx,,https://cdna.pcpartpicker.com/static/forever/images/product/9e32a8179ee7be26a08c589e01cd7feb.256p.jpg,27.0,2560 x 1440,170 Hz,VA,VA,16:9,3
Acer XV320QU LVbmiiphx,,https://cdna.pcpartpicker.com/static/forever/images/product/5882475dadb9f73046d79b48c43825aa.256p.jpg,31.5,2560 x 1440,144 Hz,IPS,IPS,16:9,4
Acer CBL282K SMIIPRX,,https://cdna.pcpartpicker.com/static/forever/images/product/b47c83e0f203185acf15ed691536f9ae.256p.jpg,28.0,3840 x 2160,60 Hz,IPS,IPS,16:9,5
Acer R242Y Ayi,164.56,https://cdna.pcpartpicker.com/static/forever/images/product/2d75344b7ae9b528443e423eb89f15ef.256p.jpg,23.8,1920 x 1080,75 Hz,VA,VA,16:9,0
Acer KA222Q Abi,,https://cdna.pcpartpicker.com/static/forever/images/product/a8ed9ebc7b1ee4743d8beececfba7821.256p.jpg,21.5,1920 x 1080,75 Hz,VA,VA,16:9,0
Dell P2422HE,318.68,https://cdna.pcpartpicker.com/static/forever/images/product/d26ce2a67060f58fda02e984d7be869f.256p.jpg,"23.8""",1920 x 1080,60 Hz,5 ms,IPS,16:9,4
Dell S3422DW,,https://cdna.pcpartpicker.com/static/forever/images/product/4186e1b7bbb3e4445f039124cd0d0006.256p.jpg,"34.0""",3440 x 1440,100 Hz,4 ms,VA,21:9,0
Dell C2422HE,699.99,https://cdna.pcpartpicker.com/static/forever/images/product/5a12ea03818f2650e775745e34539a73.256p.jpg,23.8,1920 x 1080,60 Hz,5 ms,IPS,16:9,0
Dell P2423DE,329.99,https://cdna.pcpartpicker.com/static/forever/images/product/dd2c70581b8ab6e048bc7c156587c0c0.256p.jpg,24.0,2560 x 1440,60 Hz,IPS,IPS,16:9,0
Dell S3423DWC,,https://cdna.pcpartpicker.com/static/forever/images/product/1b09b1319753c084bb26419c1614bbf8.256p.jpg,"34.0""",3440 x 1440,100 Hz,4 ms,VA,21:9,5
LG 22MN430M-B,,https://cdna.pcpartpicker.com/static/forever/images/product/b2ee40e6e59e9baceaee4a9099f36bee.256p.jpg,"21.5""",1920 x 1080,75 Hz,5 ms,IPS,16:9,0
LG 22MP400-B,,https://cdna.pcpartpicker.com/static/forever/images/product/3f64b0dd6f73b9e81f6b9ba397735653.256p.jpg,"21.5""",1920 x 1080,75 Hz,5 ms,VA,16:9,0
LG 24GL650-B,,https://cdna.pcpartpicker.com/static/forever/images/product/cd77b41c950966be01507d638932ab03.256p.jpg,"24.0""",1920 x 1080,144 Hz,1 ms,TN,16:9,0
LG 38WQ88C-W,,https://cdna.pcpartpicker.com/static/forever/images/product/d2bc8e50c0e1f2aa56467ce2263a15b5.256p.jpg,"38.0""",3840 x 1600,60 Hz,5 ms,IPS,12:5,0
LG 27LP600B-P,,https://cdna.pcpartpicker.com/static/forever/images/product/9b83437a2ba11e579fe12fc736f2c6ab.256p.jpg,"27.0""",1920 x 1080,75 Hz,14 ms,IPS,16:9,0
LG 29WK50S-P,,https://cdna.pcpartpicker.com/static/forever/images/product/1c02e5d2dfaaeca433cb7ff86463613b.256p.jpg,29.0,2560 x 1080,75 Hz,IPS,IPS,21:9,0
LG 32MN60T-B,,https://cdna.pcpartpicker.com/static/forever/images/product/3797956f03663ffef8a434eedc2f279f.256p.jpg,"32.0""",1920 x 1080,75 Hz,5 ms,IPS,16:9,3
LG 34WL500-B,,https://cdna.pcpartpicker.com/static/forever/images/product/556ef8d4c8ba3b00ba427cc9f74f5662.256p.jpg,"34.0""",2560 x 1080,75 Hz,5 ms,IPS,21:9,0
MSI Optix MAG301CR3,,https://cdna.pcpartpicker.com/static/forever/images/product/a75d32d37d7b54ca5c106b9213efa245.256p.jpg,29.5,2560 x 1080,200 Hz,VA,VA,21:9,0
MSI Optix AG321CR,,https://cdna.pcpartpicker.com/static/forever/images/product/d7944eeb2a2928668ec6b2df197996ab.256p.jpg,31.5,1920 x 1080,165 Hz,VA,VA,16:9,0
MSI Optix G243,,https://cdna.pcpartpicker.com/static/forever/images/product/013c4b9bf289db062968ed00b8824a75.256p.jpg,23.8,1920 x 1080,165 Hz,VA,VA,16:9,0
MSI Optix G251F,,https://cdna.pcpartpicker.com/static/forever/images/product/cc044e303e2fdb17804f340d1b978d96.256p.jpg,"24.5""",1920 x 1080,165 Hz,1 ms,IPS,16:9,0
MSI Optix G27C7,,https://cdna.pcpartpicker.com/static/forever/images/product/45ef9dd3c52100d8bf53d0148b1b76c5.256p.jpg,27.0,1920 x 1080,165 Hz,VA,VA,16:9,0
MSI Modern MD241PW,179.99,https://cdna.pcpartpicker.com/static/forever/images/product/46f5af348f7444c0305c0e2aa62407b0.256p.jpg,23.8,1920 x 1080,75 Hz,IPS,IPS,16:9,0
MSI Modern MD271QPW,,https://cdna.pcpartpicker.com/static/forever/images/product/ba072a8e81916a37aa502b6bab89d88e.256p.jpg,27.0,2560 x 1440,75 Hz,IPS,IPS,16:9,0
ViewSonic VA3456-MHDJ,,https://cdna.pcpartpicker.com/static/forever/images/product/c7a0d38ccf8c639abc5ba6004954f6f3.256p.jpg,"34.0""",3440 x 1440,75 Hz,4 ms,IPS,21:9,0
ViewSonic VG2448A,146.97,https://cdna.pcpartpicker.com/static/forever/images/product/53890a88f58d53225badcaf8e438a75d.256p.jpg,24.0,1920 x 1080,5,5 ms,IPS,16:9,0
ViewSonic ELITE XG271QG,,https://cdna.pcpartpicker.com/static/forever/images/product/c64e62bc033b46a6c1eabd540994d895.256p.jpg,27.0,2560 x 1440,240 Hz,IPS,IPS,16:9,4
Asus ProArt Display PA328QV,404.65,https://cdna.pcpartpicker.com/static/forever/images/product/cff298f1a2b8fd81d1e4fb3c60828d06.256p.jpg,"31.5""",2560 x 1440,75 Hz,5 ms,IPS,16:9,0
Asus TUF Gaming VG27AQGL1A ZAKU II EDITION,,https://cdna.pcpartpicker.com/static/forever/images/product/b9353f97f87a7b483ca31acdc196ab82.256p.jpg,27.0,2560 x 1440,170 Hz,IPS,IPS,16:9,5
Asus VL279HE,,https://cdna.pcpartpicker.com/static/forever/images/product/b10e1ddae55ee99f77bbf82ebb6b93e8.256p.jpg,"27.0""",1920 x 1080,75 Hz,5 ms,IPS,16:9,0
Asus VA24DQSB,190.91,https://cdna.pcpartpicker.com/static/forever/images/product/abc56c99ba7f020dd99c7bdd26b81049.256p.jpg,"23.8""",1920 x 1080,75 Hz,5 ms,IPS,16:9,0
Asus VZ249QG1R,149.99,https://cdna.pcpartpicker.com/static/forever/images/product/7828ff87f1debdc122a77ba2c252eeb8.256p.jpg,23.8,1920 x 1080,75 Hz,IPS,IPS,16:9,0
Asus VZ27EHE,,https://cdna.pcpartpicker.com/static/forever/images/product/ac8b8af589a59d4faa4833925081e9cd.256p.jpg,27.0,1920 x 1080,75 Hz,IPS,IPS,16:9,0
HP E273q,499,https://cdna.pcpartpicker.com/static/forever/images/product/1e751305146c36e03a7454ee896e8468.256p.jpg,27.0,2560 x 1440,60 Hz,IPS,IPS,16:9,0
Gigabyte S55U,1335.18,54.6,54.6,3840 x 2160,120 Hz,2 ms,VA,16:9,0
Acer XV322QK V,,https://cdna.pcpartpicker.com/static/forever/images/product/68ca844362f15cccdacf7ec7295d2eb1.256p.jpg,31.5,3840 x 2160,144 Hz,VA,VA,16:9,0
Acer KG272U,,https://cdna.pcpartpicker.com/static/forever/images/product/5409896c2faac7aaa113bf321ba0908d.256p.jpg,27.0,2560 x 1440,75 Hz,IPS,IPS,16:9,0
Acer UM.IV6AA.A15,,https://cdna.pcpartpicker.com/static/forever/images/product/085f20d565bf5d0198e5769d67fcdaf9.256p.jpg,19.5,1600 x 900,60 Hz,TN,TN,16:9,0
Acer V287K,,https://cdna.pcpartpicker.com/static/forever/images/product/8cc441450d783302cf72694f793e87e0.256p.jpg,28.0,3840 x 2160,60 Hz,IPS,IPS,16:9,0
Acer ED240Q bi,,https://cdna.pcpartpicker.com/static/forever/images/product/365efe4c5ad822a56faa78651f617b05.256p.jpg,23.6,1920 x 1080,75 Hz,VA,VA,16:9,3
Acer V246HQL,,23.6,23.6,1920 x 1080,60 Hz,5 ms,VA,16:9,0
Philips 27E1N8900,,https://cdna.pcpartpicker.com/static/forever/images/product/c6235f1994bde0212741449ed8eb3b2a.256p.jpg,27.0,3840 x 2160,60 Hz,OLED,OLED,16:9,0
Acer XZ322QU PBMIIPHX,,31.5,31.5,1920 x 1080,165 Hz,VA,VA,16:9,0
Acer KA240Hbid,,24,24.0,1920 x 1080,60 Hz,TN,TN,16:9,0
ASRock PG32QF2B,250.61,https://cdna.pcpartpicker.com/static/forever/images/product/3c3ef95404da3f340578d7f165f6db14.256p.jpg,31.5,2560 x 1440,165 Hz,VA,VA,16:9,0
Asus TUF Gaming VG27VH1BR,,27,27.0,1920 x 1080,165 Hz,VA,VA,16:9,0
Asus ProArt Display PA27AC,,https://cdna.pcpartpicker.com/static/forever/images/product/1e8ff0c1730ed147fd4c5320162baa48.256p.jpg,"27.0""",2560 x 1440,60 Hz,5 ms,IPS,16:9,0
LG 38WN95CP-W,,https://cdna.pcpartpicker.com/static/forever/images/product/9ea9b773c783da7a9c4a92e3d6293959.256p.jpg,"38.0""",3440 x 1440,144 Hz,5 ms,IPS,21:9,0
Gigabyte M27U SA,399.99,https://cdna.pcpartpicker.com/static/forever/images/product/a94226cce798f7ba8dcb9bfc1b4604f5.256p.jpg,27.0,3840 x 2160,160 Hz,IPS,IPS,16:9,5
INNOCN 27C1U-D,,27,27.0,3840 x 2160,60 Hz,IPS,IPS,16:9,0
Philips Creator 27E2F7901,,https://cdna.pcpartpicker.com/static/forever/images/product/cefcedf55e9a6d5c2cf1b51eda212b9c.256p.jpg,"27.0""",3840 x 2160,60 Hz,4 ms,IPS,16:9,0
ASRock CL27FF,,https://cdna.pcpartpicker.com/static/forever/images/product/de148cc0e30ddbcd8e8ef044a5c37e6a.256p.jpg,"27.0""",1920 x 1080,100 Hz,4 ms,IPS,16:9,0
Asus VA329HE,169.99,https://cdna.pcpartpicker.com/static/forever/images/product/46556c53ba02735682c85b242e8316a6.256p.jpg,31.5,1920 x 1080,75 Hz,5 ms,IPS,16:9,0
MSI Modern MD271UL,198.95,https://cdna.pcpartpicker.com/static/forever/images/product/26d72c2c72bedbb58d178b6b2418874e.256p.jpg,"27.0""",3840 x 2160,60 Hz,4 ms,IPS,16:9,0
BenQ EX270QM,570,https://cdna.pcpartpicker.com/static/forever/images/product/800b93dc3f99bf18b7d25cf5dadb267e.256p.jpg,"27.0""",2560 x 1440,240 Hz,1 ms,IPS,16:9,0
BenQ GW2480T,266.54,https://cdna.pcpartpicker.com/static/forever/images/product/4cedcbc5dd519cb3f7a01a241abc41e3.256p.jpg,23.8,1920 x 1080,60 Hz,5 ms,IPS,16:9,0
BenQ ZOWIE XL2731K,,27,27.0,1920 x 1080,165 Hz,TN,TN,16:9,0
Dell E2223HN,122.99,https://cdna.pcpartpicker.com/static/forever/images/product/a61521125c859e5091092521f4ea2f2d.256p.jpg,21.4,1920 x 1080,60 Hz,5 ms,VA,16:9,0
HP P24 G4,157,https://cdna.pcpartpicker.com/static/forever/images/product/0bb6738a23bf9bac1eaaa302fbdea10a.256p.jpg,"23.8""",1920 x 1080,60 Hz,5 ms,IPS,16:9,0
HP Z25xs G3,,https://cdna.pcpartpicker.com/static/forever/images/product/c373dfa76744dc326158b892475c0aa4.256p.jpg,"25.0""",2560 x 1440,60 Hz,14 ms,IPS,16:9,0
HP P34hc G4,543,https://cdna.pcpartpicker.com/static/forever/images/product/c39b080cc4aefde17c553be84cc8636f.256p.jpg,34.0,3440 x 1440,100 Hz,5 ms,VA,21:9,0
HP M24fw,139.99,https://cdna.pcpartpicker.com/static/forever/images/product/7846204eb752f7b41e2e2349de560dfc.256p.jpg,24.0,1920 x 1080,75 Hz,5 ms,IPS,16:9,5
HP E24m G4,338.98,https://cdna.pcpartpicker.com/static/forever/images/product/e4428f07984946e6ebcd6d4d61d15a4b.256p.jpg,"24.0""",1920 x 1080,75 Hz,5 ms,IPS,16:9,0
HP P24 G5,224.28,https://cdna.pcpartpicker.com/static/forever/images/product/26d8d61347328566b4c0a9a0e7ca88b0.256p.jpg,23.8,1920 x 1080,75 Hz,5 ms,IPS,16:9,0
HP V22,189,21.5,21.5,1920 x 1080,60 Hz,TN,TN,16:9,0
HP V27i,189.99,27,27.0,1920 x 1080,5,5 ms,IPS,16:9,0
HP P22v G4,139,21.5,21.5,1920 x 1080,60 Hz,5 ms,TN,16:9,0
HP E23 G4,239,https://cdna.pcpartpicker.com/static/forever/images/product/f308ac3e1872f2898991a8b9394aa542.256p.jpg,23.0,1920 x 1080,60 Hz,5 ms,IPS,16:9,0
HP E24q G4,249,https://cdna.pcpartpicker.com/static/forever/images/product/622dc6281a097ca90ca015dbcf5cd9e5.256p.jpg,23.8,2560 x 1440,4,4 ms,IPS,16:9,0
Lenovo ThinkVision E27q-20,461.34,https://cdna.pcpartpicker.com/static/forever/images/product/8d38ac77946bc82c84bf84f59783ef37.256p.jpg,"27.0""",2560 x 1440,75 Hz,4 ms,IPS,16:9,0
Lenovo ThinkVision P27q-30,399.88,https://cdna.pcpartpicker.com/static/forever/images/product/a6b54e4cf2cacec2ad3949d62b8fdf33.256p.jpg,27.0,2560 x 1440,60 Hz,4 ms,16:9,16:9,0
Lenovo ThinkVision T22i-30,136.74,https://cdna.pcpartpicker.com/static/forever/images/product/e69a04f1faa81067dd8875771f318ba3.256p.jpg,21.5,1920 x 1080,60 Hz,4 ms,IPS,16:9,0
Lenovo D22e-20,125.99,https://cdna.pcpartpicker.com/static/forever/images/product/c15944d2bdbbdba60eb4980f353ccad7.256p.jpg,21.5,1920 x 1080,75 Hz,4 ms,VA,16:9,0
LG 32GN50R-B,,31.5,31.5,1920 x 1080,165 Hz,VA,VA,16:9,0
LG 34BN77C-B,849.37,https://cdna.pcpartpicker.com/static/forever/images/product/9a11c50858699dd097589e74bd3c11e1.256p.jpg,34.0,3440 x 1440,60 Hz,5 ms,IPS,21:9,0
MSI G242C,179,23.6,23.6,1920 x 1080,170 Hz,VA,VA,16:9,0
MSI G271CQP E2,245,https://cdna.pcpartpicker.com/static/forever/images/product/965359d6d53d31a6b7978b63ce45f0b8.256p.jpg,27.0,2560 x 1440,170 Hz,VA,VA,16:9,0
MSI MPG Artymis 273CQRX-QD,599,https://cdna.pcpartpicker.com/static/forever/images/product/9a1270965dca7d3b2a0f801bab8d8782.256p.jpg,27.0,2560 x 1440,240 Hz,VA,VA,16:9,0
MSI Optix G2722,299,27,27.0,1920 x 1080,170 Hz,IPS,IPS,16:9,0
MSI OPTIX G27C4W,,https://cdna.pcpartpicker.com/static/forever/images/product/a13b34737e989b80965028288bee1da5.256p.jpg,27.0,1920 x 1080,165 Hz,VA,VA,16:9,0
NEC E172M-BK,189.99,17,17.0,1280 x 1024,60 Hz,5.5 ms,TN,5:4,0
Philips 328B1,434.59,https://cdna.pcpartpicker.com/static/forever/images/product/46103a6ae88bbd10ec74180354a5c72a.256p.jpg,31.5,3840 x 2160,60 Hz,4 ms,VA,16:9,0
ViewSonic ColorPro VP2786-4K,999.99,https://cdna.pcpartpicker.com/static/forever/images/product/9851a5ed4df80fcb699c9d251fe25085.256p.jpg,27.0,3840 x 2160,60 Hz,5 ms,IPS,16:9,0
Sceptre E325B-QPN168,,31.5,31.5,2560 x 1440,144 Hz,IPS,IPS,16:9,0
Acer XZ323QU X3,,https://cdna.pcpartpicker.com/static/forever/images/product/f5dfcd58317f767a60c6a1231de93059.256p.jpg,"31.5""",2560 x 1440,240 Hz,1 ms,VA,16:9,5
Asus VG245HE,,24,24.0,1920 x 1080,75 Hz,1 ms,TN,16:9,0
Asus ROG Strix XG27AQM-G,,27,27.0,2560 x 1440,270 Hz,0.5 ms,IPS,16:9,0
iiyama G-MASTER GB2470HSU-B5,,https://cdna.pcpartpicker.com/static/forever/images/product/b91bb61927602c0a797efc4c4c424e6f.256p.jpg,23.8,1920 x 1080,165 Hz,IPS,IPS,16:9,0
YEYIAN YMF-VA27-01,,https://cdna.pcpartpicker.com/static/forever/images/product/1524c1653ea5eaf6e2e3f5bd9c69a467.256p.jpg,27.0,1920 x 1080,165 Hz,1 ms,16:9,16:9,0
ViewSonic VG2757V-2K,301.92,https://cdna.pcpartpicker.com/static/forever/images/product/37d8beda1723b759d7ff5306604bdd8a.256p.jpg,"27.0""",2560 x 1440,100 Hz,5 ms,IPS,16:9,0
HP Series 7 Pro 732pk,799.99,https://cdna.pcpartpicker.com/static/forever/images/product/c3dcfbd90bb46a6dc96386baefb8811b.256p.jpg,31.5,3840 x 2160,60 Hz,5 ms,IPS,16:9,0
Corsair XENEON 315QHD165,349.99,https://cdna.pcpartpicker.com/static/forever/images/product/09bf80bdb3c5711bbaeea5cfe01cd563.256p.jpg,31.5,2560 x 1440,165 Hz,8 ms,IPS,16:9,0
MSI PRO MP2412C,,https://cdna.pcpartpicker.com/static/forever/images/product/660041b268e5e96ecd428869e7219d2c.256p.jpg,"23.6""",1920 x 1080,100 Hz,4 ms,VA,16:9,0
Acer XV275U P3biiprx,,https://cdna.pcpartpicker.com/static/forever/images/product/8a5a7c15e3ff0a2772960eafb6432cdb.256p.jpg,27.0,2560 x 1440,170 Hz,Mini LED VA,VA Mini LED,16:9,0
Dell P2317H,279,23,23.0,1920 x 1080,60 Hz,6 ms,IPS,16:9,0
HP V213a,,20.7,20.7,1920 x 1080,60 Hz,TN,TN,16:9,0
HP V214a,,https://cdna.pcpartpicker.com/static/forever/images/product/fbfc025739ce17a22baf21b4a2c7b946.256p.jpg,20.7,1920 x 1080,60 Hz,TN,TN,16:9,0
MSI PRO MP245PG,,23.8,23.8,1920 x 1080,100 Hz,4 ms,IPS,16:9,0
Dell E2209W,,,"22.0""",1680 x 1050,60 Hz,,TN,16:10,0
Asus Eye Care VA27AQSB,215.55,https://cdna.pcpartpicker.com/static/forever/images/product/dd958ae864ce1b761f99748c0b57cb87.256p.jpg,"27.0""",2560 x 1440,75 Hz,,IPS,16:9,0
MSI PRO MP271,345.61,https://cdna.pcpartpicker.com/static/forever/images/product/9f114fd42e5c3ae1bc7c4cd25c249294.256p.jpg,27.0,1920 x 1080,75 Hz,IPS,IPS,16:9,0
LG 34BN770-B,430.49,https://cdna.pcpartpicker.com/static/forever/images/product/9a26a6684f19de1620fbf28dd522a96e.256p.jpg,34.0,3440 x 1440,60 Hz,5 ms,IPS,21:9,0
Philips 329M1RV,873.69,https://cdna.pcpartpicker.com/static/forever/images/product/134b97915930d30d8e4eb177017f17bf.256p.jpg,31.5,3840 x 2160,144 Hz,1 ms,IPS,16:9,0
ViewSonic VA3209-2K-MHD,146.91,https://cdna.pcpartpicker.com/static/forever/images/product/05d212ae171864d41775110c41cca8bb.256p.jpg,"31.5""",2560 x 1440,75 Hz,4 ms,IPS,16:9,0
AOC AGON AG405UXC,593.13,https://cdna.pcpartpicker.com/static/forever/images/product/39f1660ac5d4b4185fe57d7ba9c909fc.256p.jpg,"40.0""",3440 x 1440,144 Hz,4 ms,IPS,21:9,0
LG 24BP750C-B,202.52,https://cdna.pcpartpicker.com/static/forever/images/product/bc57cccce889aae22989554a2beffde0.256p.jpg,23.8,1920 x 1080,75 Hz,5 ms,IPS,16:9,0
Lenovo L2021,191.44,20,20.0,1600 x 900,5,5 ms,TN,16:9,0
LG 34WK650-W,,34,34.0,2560 x 1080,60 Hz,5 ms,IPS,21:9,4.5
LG 34BP85CN-B,469,https://cdna.pcpartpicker.com/static/forever/images/product/c3541fcc75aca76463635cecff6caac9.256p.jpg,34.0,3440 x 1440,75 Hz,5 ms,IPS,21:9,0
LG 34UB88-P,399.99,https://cdna.pcpartpicker.com/static/forever/images/product/d25a7a5d60891868a5be3e4a786e1430.256p.jpg,34.0,3440 x 1440,75 Hz,5 ms,IPS,21:9,0
LG 32GN500-B,,https://cdna.pcpartpicker.com/static/forever/images/product/fd494ee04046ded3d4279265b431c4c8.256p.jpg,"31.5""",1920 x 1080,165 Hz,5 ms,VA,16:9,0
Dell U2421E,298,https://cdna.pcpartpicker.com/static/forever/images/product/6ace64c6870ccf9a6a3b265e6f323634.256p.jpg,"24.1""",1920 x 1200,60 Hz,8 ms,IPS,16:10,0
LG 27MP450-B,169.99,https://cdna.pcpartpicker.com/static/forever/images/product/83c0afcbaa7084a920028111c8e8d757.256p.jpg,27.0,1920 x 1080,75 Hz,5 ms,IPS,16:9,0
HP E27k G5,481.51,https://cdna.pcpartpicker.com/static/forever/images/product/c9a55e078a63ec74e4bbf7209b22d46f.256p.jpg,27.0,3840 x 2160,60 Hz,5 ms,IPS,16:9,0
Lenovo ThinkVision E28u-20,590.45,https://cdna.pcpartpicker.com/static/forever/images/product/cd80ff92e4a02ad7059b5f1c684b631a.256p.jpg,28.0,3840 x 2160,60 Hz,4 ms,IPS,16:9,0
LG 29BQ650-W,232,https://cdna.pcpartpicker.com/static/forever/images/product/d49aa55d9317c9fb98252b4bd7ca2e45.256p.jpg,29.0,2560 x 1080,100 Hz,5 ms,IPS,21:9,0
LG 49WL95C-WY,799.99,49,49.0,5120 x 1440,60 Hz,5 ms,IPS,32:9,0
Philips 34B2U5600C/00,418.97,https://cdna.pcpartpicker.com/static/forever/images/product/5d999fd28269a0d92757c717fa13d2bc.256p.jpg,"34.0""",3440 x 1440,120 Hz,4 ms,VA,21:9,0
HP LE1911,221.2,19,19.0,1280 x 1024,5,5 ms,5:4,5:4,0
Dell UP2516D,,25,25.0,2560 x 1440,60 Hz,6 ms,IPS,16:9,5
Asus MX34VQ,,https://cdna.pcpartpicker.com/static/forever/images/product/e0cbdc33f4a669a1264031b9ad653181.256p.jpg,"34.0""",3440 x 1440,100 Hz,4 ms,VA,21:9,5
Dell U3818DW,1379,https://cdna.pcpartpicker.com/static/forever/images/product/ed2ca083dcfeada32625ab8403262ca8.256p.jpg,38.0,3840 x 1600,60 Hz,5 ms,IPS,12:5,0
LG 34WK95U-W,1251.99,https://cdna.pcpartpicker.com/static/forever/images/product/95928612dc62c38c4673292ac6c134a5.256p.jpg,34.0,5120 x 2160,60 Hz,5 ms,IPS,64:27,0
ViewSonic VX3211-4K-MHD,440.96,https://cdna.pcpartpicker.com/static/forever/images/product/2045af5efec5519dd4b05989a19df49b.256p.jpg,31.5,3840 x 2160,60 Hz,VA,VA,16:9,0
Dell E2420H,145.94,https://cdna.pcpartpicker.com/static/forever/images/product/6b62bb16569cde9ddb3ce48d0ac9a788.256p.jpg,"23.8""",1920 x 1080,60 Hz,5 ms,IPS,16:9,0
Dell E2720H,167.51,https://cdna.pcpartpicker.com/static/forever/images/product/b5de240009ec3ad95dc3a4f0d4afd203.256p.jpg,"27.0""",1920 x 1080,60 Hz,5 ms,IPS,16:9,0
Lenovo ThinkVision T27h-20,399.99,https://cdna.pcpartpicker.com/static/forever/images/product/d619f22cac6decf491b3df96f4e1c30e.256p.jpg,27.0,2560 x 1440,60 Hz,IPS,IPS,16:9,0
Asus VP348QGL,299,https://cdna.pcpartpicker.com/static/forever/images/product/f1cc510e12edcb6e4e18fa9dc744f800.256p.jpg,34.0,3440 x 1440,75 Hz,4 ms,VA,21:9,0
Philips 499P9H,912.74,https://cdna.pcpartpicker.com/static/forever/images/product/fa2b9519bb1807673e8b96f7832d8b41.256p.jpg,"48.8""",5120 x 1440,70 Hz,5 ms,VA,32:9,0
Samsung TU874,569.92,https://cdna.pcpartpicker.com/static/forever/images/product/6759712fa99c2f1559b02f7cd7db3581.256p.jpg,31.5,3840 x 2160,60 Hz,VA,VA,16:9,0
Acer KA272 Abi,277.05,https://cdna.pcpartpicker.com/static/forever/images/product/46c8a235add7c10b054193bbefcb000c.256p.jpg,27.0,1920 x 1080,,VA,VA,16:9,0
Dell P2722HE,288,https://cdna.pcpartpicker.com/static/forever/images/product/4c4efd50ab7c1d31e94e922b9f6c7d0f.256p.jpg,"27.0""",1920 x 1080,60 Hz,5 ms,IPS,16:9,0
ViewSonic ELITE XG320Q,,https://cdna.pcpartpicker.com/static/forever/images/product/d7a7a0cce25b64d3e5a4965c88ced1a1.256p.jpg,"32.0""",2560 x 1440,175 Hz,1 ms,IPS,16:9,0
Gigabyte M28U Arm Edition,,https://cdna.pcpartpicker.com/static/forever/images/product/59ec225b82162b9f32ec7dbcb9253053.256p.jpg,"28.0""",3840 x 2160,144 Hz,1 ms,IPS,16:9,0
Asus VZ279QG1R,185.13,https://cdna.pcpartpicker.com/static/forever/images/product/2a62afe48f41c0d8be337455baa5a4c3.256p.jpg,27.0,1920 x 1080,75 Hz,IPS,IPS,16:9,3
Asus VA24ECPSN,214.07,https://cdna.pcpartpicker.com/static/forever/images/product/c179169db70f51622ec7267e58c92f19.256p.jpg,"23.8""",1920 x 1080,75 Hz,5 ms,IPS,16:9,0
Dell E2423HN,100.8,https://cdna.pcpartpicker.com/static/forever/images/product/55d7c90638b5dad27222ab0a126caf54.256p.jpg,"23.8""",1920 x 1080,60 Hz,5 ms,VA,16:9,0
HP 169L0AA#ABA,289.99,https://cdna.pcpartpicker.com/static/forever/images/product/41cf5f35d0dd477ed5350ed99c2d33ff.256p.jpg,24.0,1920 x 1080,60 Hz,5 ms,IPS,16:9,0
LG 24BK550Y-I,150,https://cdna.pcpartpicker.com/static/forever/images/product/d878c158d241ed34a1ef84dbece516e8.256p.jpg,23.8,1920 x 1080,75 Hz,5 ms,IPS,16:9,0
LG 27BQ75QB-B,390.02,https://cdna.pcpartpicker.com/static/forever/images/product/0fe587438e054cb172048c951ed38faf.256p.jpg,27.0,2560 x 1440,75 Hz,5 ms,IPS,16:9,0
Philips 275B1,281.82,27,27.0,2560 x 1440,75 Hz,4 ms,16:9,16:9,0
MSI PRO MP243XP,131.44,https://cdna.pcpartpicker.com/static/forever/images/product/2319ea1f734259009327c1be7aaba954.256p.jpg,23.8,1920 x 1080,100 Hz,IPS,IPS,16:9,0
AOC 2770VH1,,https://cdna.pcpartpicker.com/static/forever/images/product/70d83ffd0c62a80870be15519cb91ac9.med.256p.jpg,27.0,1920 x 1080,2,2 ms,16:9,16:9,0
ViewSonic VG2428WM,,24,24.0,1920 x 1080,5,5 ms,16:9,16:9,0
ViewSonic VA1931WA-LED,,19,19.0,1366 x 768,5,5 ms,16:9,16:9,0
ViewSonic VX2453mh-LED,,24,24.0,1920 x 1080,2,2 ms,16:9,16:9,4.5
Samsung P2770HD,,27,27.0,1920 x 1080,5,5 ms,TN,16:9,4
Samsung 2333T,,23,23.0,1920 x 1080,8,8 ms,16:9,16:9,2
Samsung S24A300B,,24,24.0,1920 x 1080,5,5 ms,16:9,16:9,0
Samsung BX2331,,23,23.0,1920 x 1080,2,2 ms,16:9,16:9,5
Samsung S22A300B,,https://cdna.pcpartpicker.com/static/forever/images/product/41f93a8ba6167c09d99d6fbe963c30cf.256p.jpg,21.5,1920 x 1080,5,5 ms,16:9,16:9,0
Samsung B2330HD,,23,23.0,1920 x 1080,5,5 ms,16:9,16:9,0
Toshiba PA3769U-1LCH,,23.6,23.6,1920 x 1080,5,5 ms,16:9,16:9,0
Acer S231HLbid,,https://cdna.pcpartpicker.com/static/forever/images/product/39cf1c339405454ab8384fec83bdf9b2.256p.jpg,23.0,1920 x 1080,5,5 ms,16:9,16:9,4
Acer V193WEJbm,,https://cdna.pcpartpicker.com/static/forever/images/product/09c96c6b540b8e0572549aa982424cce.256p.jpg,19.0,1440 x 900,5,5 ms,16:10,16:10,0
Acer V193WEJb,,https://cdna.pcpartpicker.com/static/forever/images/product/87c3ddfc4af202429f8124252351bc75.256p.jpg,19.0,1440 x 900,5,5 ms,16:10,16:10,3
Acer V173DJbm,438.84,https://cdna.pcpartpicker.com/static/forever/images/product/e8ff906235274bf5b6a52615637ed157.256p.jpg,17.0,1280 x 1024,5,5 ms,5:4,5:4,0
Acer V173DJb,169,https://cdna.pcpartpicker.com/static/forever/images/product/dde91a3551312e66b04e83e08e7f17e8.256p.jpg,17.0,1280 x 1024,5,5 ms,5:4,5:4,0
Acer HS244HQbmii,,https://cdna.pcpartpicker.com/static/forever/images/product/548cf176ee7ec5570205c08a9db40cbe.256p.jpg,"23.6""",1920 x 1080,120 Hz,2 ms,TN,16:9,0
Asus VW224U,,22,22.0,1680 x 1050,2,2 ms,16:10,16:10,5
Asus VW226T-TAA,,22,22.0,1680 x 1050,5,5 ms,16:10,16:10,4
Asus VW199T-P,,19.1,19.1,1440 x 900,5,5 ms,16:10,16:10,4
Asus VH232H,,23,23.0,1920 x 1080,5,5 ms,16:9,16:9,4.5
BenQ G2222HDL,,21.5,21.5,1920 x 1080,5,5 ms,TN,16:9,4
BenQ BL2201PU,,22,22.0,1680 x 1050,5,5 ms,TN,16:10,0
LG D2342P-PN,,23,23.0,1920 x 1080,75 Hz,5 ms,TN,16:9,0
LG IPS231P-BN,,23,23.0,1920 x 1080,6,6 ms,IPS,16:9,5
LG M2380D-PU,,23,23.0,1920 x 1080,5,5 ms,TN,16:9,0
NEC LCD175M,,https://cdna.pcpartpicker.com/static/forever/images/product/64385964e2ed95510f84b18f6e2a9b58.256p.jpg,17.0,1280 x 1024,5,5 ms,5:4,5:4,0
NEC LCD2190UXp-BK,,21.3,21.3,1600 x 1200,16,16 ms,4:3,4:3,0
HP LP2475w,,24,24.0,1920 x 1200,6,6 ms,IPS,16:10,0
Hannspree HW-191APB,,https://cdna.pcpartpicker.com/static/forever/images/product/a01b1601a0534a513b476bdb4c4cb739.256p.jpg,19.0,1440 x 900,5,5 ms,16:10,16:10,3
HP LE1901w,,19,19.0,1440 x 900,5,5 ms,16:10,16:10,0
Compaq LA1751g,,17,17.0,1280 x 1024,5,5 ms,5:4,5:4,4
HP 2011x,,20,20.0,1600 x 900,5,5 ms,TN,16:9,0
Compaq LE1711,,https://cdna.pcpartpicker.com/static/forever/images/product/28940ad64ab2c44d9de9c08ad4439528.med.256p.jpg,17.0,1280 x 1024,5,5 ms,5:4,5:4,3
Lenovo L2251X,,22,22.0,1680 x 1050,5,5 ms,16:10,16:10,4
HP LE1901wm,,19,19.0,1440 x 900,5,5 ms,16:10,16:10,0
Gateway FHD2303Lbid,,23,23.0,1920 x 1080,5,5 ms,TN,16:9,0
Planar PX2710MW,,27,27.0,1920 x 1080,2,2 ms,16:9,16:9,0
HP LA2006x,,https://cdna.pcpartpicker.com/static/forever/images/product/cd3832d97a2ca3193e879f11ee9644b2.256p.jpg,20.0,1600 x 900,5,5 ms,16:9,16:9,0
HP ZR24w,,24,24.0,1920 x 1200,60 Hz,7 ms,16:10,16:10,0
Samsung B2330,,23,23.0,1920 x 1080,5,5 ms,16:9,16:9,0
ViewSonic VA2231wm-LED,,22,22.0,1920 x 1080,5,5 ms,16:9,16:9,0
Acer S220HQLAbd,,https://cdna.pcpartpicker.com/static/forever/images/product/e7bf9cf3532885b7b9b99f5fede01483.256p.jpg,"21.5""",1920 x 1080,60 Hz,5 ms,TN,16:9,4
Acer S230HLAbii,,https://cdna.pcpartpicker.com/static/forever/images/product/c0f63d4eacfd6d05e6c22c045abd3d46.med.256p.jpg,23.0,1920 x 1080,5,5 ms,TN,16:9,4.5
ViewEra V191BN-B,,19,19.0,1280 x 1024,5,5 ms,5:4,5:4,0
ViewEra V191HV-B,,19,19.0,1280 x 1024,5,5 ms,5:4,5:4,0
LG W3000H-Bn,,30,30.0,2560 x 1600,5,5 ms,IPS,16:10,0
DoubleSight DS-1900SA,,https://cdna.pcpartpicker.com/static/forever/images/product/a68c8372005fd027609da5d382de3dd8.256p.jpg,19.0,1280 x 1024,5,5 ms,5:4,5:4,0
Compaq LE1911,206.4,19,19.0,1280 x 1024,5,5 ms,5:4,5:4,0
Dell U2312HM,,23,23.0,1920 x 1080,8,8 ms,IPS,16:9,4.5
Dell U2711,835,27,27.0,2560 x 1440,60 Hz,6 ms,IPS,16:9,5
Dell IN2030M,,20,20.0,1600 x 900,60 Hz,5 ms,TN,16:9,4
AOC e2352Phz,,23,23.0,1920 x 1080,60 Hz,5 ms,16:9,16:9,0
AOC 2236Vwa,,22,22.0,1920 x 1080,60 Hz,5 ms,16:9,16:9,0
Acer V243HQAJbmd,,https://cdna.pcpartpicker.com/static/forever/images/product/c113051403513ce2a8a54f3f81987abf.256p.jpg,"23.6""",1920 x 1080,60 Hz,5 ms,TN,16:9,3
Acer V213HLBJbd,,https://cdna.pcpartpicker.com/static/forever/images/product/77c4ecc1a985e6c4d24c2600e2118c27.med.256p.jpg,"21.5""",1920 x 1080,60 Hz,5 ms,TN,16:9,5
Acer B233HL Jbmdh,,https://cdna.pcpartpicker.com/static/forever/images/product/a12b48b233beeaf92d55ff58bd71f4b0.256p.jpg,"23.0""",1920 x 1080,60 Hz,5 ms,TN,16:9,3
Acer V273H bmidz,,27,27.0,1920 x 1080,60 Hz,5 ms,TN,16:9,0
Asus PA248Q,,https://cdna.pcpartpicker.com/static/forever/images/product/c5b487d40e760b7199381423aad80685.256p.jpg,24.1,1920 x 1200,6,6 ms,IPS,16:10,4.5
BenQ XL2420TX,,24,24.0,1920 x 1080,120 Hz,5 ms,TN,16:9,5
BenQ GW2750HM,,27,27.0,1920 x 1080,4,4 ms,16:9,16:9,4.5
Samsung S22A650S,,21.5,21.5,1920 x 1080,60 Hz,8 ms,16:9,16:9,0
Samsung S24B350HL,,23.6,23.6,1920 x 1080,2,2 ms,TN,16:9,3.5
Samsung S22A450MW,,22,22.0,1680 x 1050,5,5 ms,16:10,16:10,0
Samsung S20B300B,,20,20.0,1600 x 900,60 Hz,5 ms,TN,16:9,0
Samsung S19A450BW-1,,19,19.0,1440 x 900,60 Hz,5 ms,16:10,16:10,0
Samsung 943BWT-TAA-1,,19,19.0,1440 x 900,5,5 ms,16:10,16:10,0
Samsung S22B350H,,21.5,21.5,1920 x 1080,2,2 ms,TN,16:9,4.5
BenQ GW2450,,24,24.0,1920 x 1080,4,4 ms,16:9,16:9,4
Dell E2211H,,21.5,21.5,1920 x 1080,5,5 ms,TN,16:9,0
Hannspree HF235DPB,,https://cdna.pcpartpicker.com/static/forever/images/product/fb6ca65a54478906e9ff3c9bddb228ff.med.256p.jpg,23.0,1920 x 1080,5,5 ms,16:9,16:9,0
Samsung S19B420BW,,https://cdna.pcpartpicker.com/static/forever/images/product/c54e1d684810713381ab818f9d867147.256p.jpg,19.0,1400 x 900,60 Hz,5 ms,16:10,16:10,0
Hannspree HF255DPB,,https://cdna.pcpartpicker.com/static/forever/images/product/3f3ea67095d522fe468581e737871549.med.256p.jpg,24.6,1920 x 1080,2,2 ms,16:9,16:9,0
AOC e2351F,,https://cdna.pcpartpicker.com/static/forever/images/product/0a4b5916a240c1a7a5692cf37ef6e75e.med.256p.jpg,23.0,1920 x 1080,60 Hz,5 ms,16:9,16:9,4
Compaq S1922a,,18.5,18.5,1366 x 768,5,5 ms,16:9,16:9,0
LG N1742L-KIT,,17,17.0,1280 x 1024,5,5 ms,5:4,5:4,0
Samsung S24A450B,,24,24.0,1920 x 1080,60 Hz,5 ms,TN,16:9,0
Gateway HX2001L bmd,,20,20.0,1600 x 900,60 Hz,5 ms,16:9,16:9,3
Asus VB175T-TAA,,17,17.0,1280 x 1024,5,5 ms,5:4,5:4,0
HP LA2206x,,21.5,21.5,1920 x 1080,60 Hz,5 ms,16:9,16:9,0
Dell E2213,,https://cdna.pcpartpicker.com/static/forever/images/product/f9b073cf78c432dfba0ce1ef1347d57f.med.256p.jpg,"22.0""",1680 x 1050,60 Hz,5 ms,TN,16:10,0
HP LE2002x,,20,20.0,1600 x 900,60 Hz,5 ms,16:9,16:9,0
LG IPS235V-BN,,23,23.0,1920 x 1080,5,5 ms,IPS,16:9,4.5
LG W2240T-PN,,22,22.0,1920 x 1080,5,5 ms,16:9,16:9,4
Acer S202HLbd,,https://cdna.pcpartpicker.com/static/forever/images/product/dd838ca86e7a208c573b27905b3ae8b3.med.256p.jpg,20.0,1600 x 900,5,5 ms,TN,16:9,4
ViewSonic VX2703MH-LED,,27,27.0,1920 x 1080,3,3 ms,16:9,16:9,4
HP LE2002xm,,20,20.0,1600 x 900,60 Hz,5 ms,16:9,16:9,0
Acer B243PWL Kbmdrz,,https://cdna.pcpartpicker.com/static/forever/images/product/e95db370101cafc79015da1c702a7e38.med.256p.jpg,24.0,1920 x 1200,14,14 ms,IPS,16:10,0
AOC e2752Vh,,27,27.0,1920 x 1080,60 Hz,2 ms,16:9,16:9,4.5
NEC LCD1990SXi,,19,19.0,1280 x 1024,18,18 ms,5:4,5:4,5
LG E1910T-BN,,18.5,18.5,1280 x 1024,5,5 ms,5:4,5:4,0
HP W2072a (A3M50AA#ABA),,20,20.0,1600 x 900,60 Hz,5 ms,16:9,16:9,3.5
Toshiba P1710A,,17,17.0,1280 x 1024,75 Hz,5 ms,5:4,5:4,0
Lenovo LS2221,,21.5,21.5,1920 x 1080,5,5 ms,16:9,16:9,0
Lenovo LT2452p,,24,24.0,1920 x 1200,7,7 ms,IPS,16:10,5
Asus VG23AH,,https://cdna.pcpartpicker.com/static/forever/images/product/d9a7ac3655563ee2c7c3bb20b0dd95b1.256p.jpg,23.0,1920 x 1080,5,5 ms,IPS,16:9,4
Acer P238HLbd,,https://cdna.pcpartpicker.com/static/forever/images/product/88f918df6f21b46a1d002bbc1f9c3872.med.256p.jpg,"23.0""",1920 x 1080,60 Hz,5 ms,TN,16:9,5
Hannspree HL161ABB,,https://cdna.pcpartpicker.com/static/forever/images/product/1ef2361eb7e4af0e152c86a580af8e0e.med.256p.jpg,15.6,1366 x 768,16,16 ms,16:9,16:9,4.5
ViewSonic VP2655wb,,26,26.0,1920 x 1200,,IPS,IPS,16:10,0
Planar 997-6473-00,,21.5,21.5,1600 x 900,60 Hz,5 ms,16:9,16:9,0
Samsung S19B220B,,18.5,18.5,1366 x 768,5,5 ms,16:9,16:9,0
Samsung S19B420B,,18.5,18.5,1366 x 768,5,5 ms,16:9,16:9,0
V7 LED215W2R-DVI,,https://cdna.pcpartpicker.com/static/forever/images/product/10dc3cd7abb4f6967aa8c5063df8c71f.med.256p.jpg,21.5,1920 x 1080,5,5 ms,16:9,16:9,0
ViewSonic VP2770-LED,,https://cdna.pcpartpicker.com/static/forever/images/product/0e02b2e0c83ea539281d2b4f83eb08dd.256p.jpg,27.0,2560 x 1440,12,12 ms,IPS,16:9,3
Dell S2240L,,21.5,21.5,1920 x 1080,60 Hz,7 ms,IPS,16:9,4.5
LG E1942TC-BN,,18.5,18.5,1366 x 768,5,5 ms,16:9,16:9,0
Dell S2740L,,27,27.0,1920 x 1080,60 Hz,7 ms,IPS,16:9,4
Acer B193LAJObmdh,,19,19.0,1280 x 1024,75 Hz,5 ms,TN,5:4,0
Acer V193LAJObm,,https://cdna.pcpartpicker.com/static/forever/images/product/e8dfbb7ad29989526b08d4a52c7c3831.med.256p.jpg,"19.0""",1280 x 1024,75 Hz,5 ms,TN,5:4,0
Acer H226HQLbid,,https://cdna.pcpartpicker.com/static/forever/images/product/ac0ff3a8bbf08267992a8fdb602ba146.med.256p.jpg,"21.5""",1920 x 1080,60 Hz,5 ms,IPS,16:9,4.5
Asus VE198TL,,https://cdna.pcpartpicker.com/static/forever/images/product/35efb3562f82938599da8cee2cc4403c.256p.jpg,19.0,1440 x 900,5,5 ms,16:10,16:10,0
Auria EQ276W,,27,27.0,2560 x 1440,60 Hz,6 ms,IPS,16:9,5
V7 LED215W2RS-8N,,22,22.0,1920 x 1080,5,5 ms,16:9,16:9,0
AOC E2260SWDN,,https://cdna.pcpartpicker.com/static/forever/images/product/22a3be594333458f78c903bfc64e94de.256p.jpg,21.5,1920 x 1080,60 Hz,5 ms,16:9,16:9,4
AOC i2367Fh,,https://cdna.pcpartpicker.com/static/forever/images/product/c743959cf2adf96b6e06eb5b873e01ce.256p.jpg,"23.0""",1920 x 1080,60 Hz,5 ms,IPS,16:9,4
BenQ XL2720T,,27,27.0,1920 x 1080,120 Hz,1 ms,TN,16:9,4.5
Acer V196WLbd,,19,19.0,1440 x 900,60 Hz,5 ms,TN,16:10,0
AOC E2460SD,,24,24.0,1920 x 1080,60 Hz,5 ms,TN,16:9,4.5
AOC E960SN,,19,19.0,1366 x 768,,TN,TN,16:9,4
AOC i2267Fw,,22,22.0,1920 x 1080,60 Hz,5 ms,IPS,16:9,4.5
ViewSonic VX2260s-LED,,22,22.0,1920 x 1080,8,8 ms,TN,16:9,0
HP C9V76AA#ABA,,https://cdna.pcpartpicker.com/static/forever/images/product/d0152d3f61844c31e94cf8520fbf853e.256p.jpg,"21.5""",1920 x 1080,60 Hz,5 ms,TN,16:9,0
Samsung LS22B420BWN/ZA,,22,22.0,1680 x 1050,5,5 ms,16:10,16:10,0
Samsung S19C200NY,,18.5,18.5,1366 x 768,5,5 ms,TN,16:9,0
Samsung S22C150N,,21.5,21.5,1920 x 1080,5,5 ms,TN,16:9,5
Samsung S24C300HL,,23.6,23.6,1920 x 1080,5,5 ms,TN,16:9,5
Samsung S24C750P,,24,24.0,1920 x 1080,5,5 ms,16:9,16:9,5
Samsung S27C230B,,27,27.0,1920 x 1080,5,5 ms,TN,16:9,0
Samsung S27C500H,,27,27.0,1920 x 1080,5,5 ms,16:9,16:9,0
Samsung T24C550ND,,23.6,23.6,1920 x 1080,2,2 ms,16:9,16:9,4
LG 23EA53V-P,,23,23.0,1920 x 1080,5,5 ms,IPS,16:9,5
LG 24EA53V-P,,23.8,23.8,1920 x 1080,60 Hz,5 ms,IPS,16:9,4.5
LG 27EA33V,,27,27.0,1920 x 1080,60 Hz,5 ms,IPS,16:9,4.5
Lenovo LT1712p,,17,17.0,1280 x 1024,75 Hz,5 ms,TN,5:4,0
Philips 190V4LSB,,https://cdna.pcpartpicker.com/static/forever/images/product/7c944d41f6284cebd13fee1df5eb3d05.med.256p.jpg,19.0,1440 x 900,60 Hz,5 ms,16:10,16:10,0
Philips BDL3210Q/00,,31.5,31.5,1366 x 768,60 Hz,8 ms,16:9,16:9,0
Planar 997-6958-00,,19,19.0,1280 x 1024,60 Hz,5 ms,5:4,5:4,0
Toshiba PA5022U-1LC3,,15.6,15.6,1366 x 768,16,16 ms,16:9,16:9,0
ViewSonic VA2446m-LED,,24,24.0,1920 x 1080,5,5 ms,TN,16:9,4
Lenovo 60A4RAR1US,,30,30.0,2560 x 1600,60 Hz,6 ms,IPS,16:10,0
Lenovo 60A6MAR2US,,24,24.0,1920 x 1200,60 Hz,7 ms,IPS,16:10,0
Acer HN274HBBmiiid,,https://cdna.pcpartpicker.com/static/forever/images/product/f94f66365422f9e10cd45d30bca172dd.med.256p.jpg,"27.0""",1920 x 1080,120 Hz,2 ms,TN,16:9,0
HP 23xi,,23,23.0,1920 x 1080,60 Hz,7 ms,IPS,16:9,4.5
Acer B246HYL ymdpr,,https://cdna.pcpartpicker.com/static/forever/images/product/8ee1ff8d783b1fd206b48143b82a5a29.med.256p.jpg,"23.8""",1920 x 1080,60 Hz,6 ms,IPS,16:9,0
Dell E1914H,,18.5,18.5,1366 x 768,5,5 ms,TN,16:9,0
Dell E2014H,155,19.5,19.5,1600 x 900,5,5 ms,TN,16:9,3
BenQ XL2420TE,,https://cdna.pcpartpicker.com/static/forever/images/product/9ed9afa1ec0481fb32bf9020c5de46b0.med.256p.jpg,"24.0""",1920 x 1080,144 Hz,1 ms,TN,16:9,4.5
Acer UM.BV6AA.003,,https://cdna.pcpartpicker.com/static/forever/images/product/3fc78d9bc410abb833fbe3655008db82.med.256p.jpg,"17.0""",1280 x 1024,75 Hz,5 ms,TN,5:4,5
BenQ BENQ XL2420T,,24,24.0,1920 x 1080,120 Hz,2 ms,16:9,16:9,0
HP Z22i,,21.5,21.5,1920 x 1080,60 Hz,8 ms,IPS,16:9,0
Hannspree HL273HPB,,27,27.0,1920 x 1080,60 Hz,2 ms,TN,16:9,5
Asus PB298Q,,29,29.0,2560 x 1080,60 Hz,5 ms,IPS,21:9,5
Dell P2014H,,19.5,19.5,1600 x 900,60 Hz,8 ms,IPS,16:9,5
Hannspree HL163ABB,,https://cdna.pcpartpicker.com/static/forever/images/product/64564cb17c22e2bc1d4842c54932bc45.med.256p.jpg,15.6,1366 x 768,60 Hz,TN,TN,16:9,0
ViewSonic VX2252MH,295.77,https://cdna.pcpartpicker.com/static/forever/images/product/d8aa09fd7ec498fd0d15d7e9c53ed85c.256p.jpg,"21.5""",1920 x 1080,60 Hz,2 ms,TN,16:9,4
BenQ GL2023A,,https://cdna.pcpartpicker.com/static/forever/images/product/ae8dda94c788f0b23e88647d8f7d6378.256p.jpg,"19.5""",1600 x 900,60 Hz,5 ms,TN,16:9,5
CTL MTDP3001,,30,30.0,2560 x 1600,6,6 ms,16:10,16:10,0
Dell E2214H,,21.5,21.5,1920 x 1080,60 Hz,5 ms,TN,16:9,5
LG 19CNV42K-B,,19,19.0,1440 x 900,60 Hz,5 ms,16:10,16:10,0
Samsung S27C390H,,27,27.0,1920 x 1080,60 Hz,5 ms,TN,16:9,0
Yamakasi DS270 IPS SE Perfect,,27,27.0,2560 x 1440,60 Hz,6 ms,IPS,16:9,0
Yamakasi QH2711 DP Black Label,,27,27.0,2560 x 1440,60 Hz,6 ms,IPS,16:9,0
AOC E970SWN,,https://cdna.pcpartpicker.com/static/forever/images/product/ad17c068c35724892f993f1b734bfdf8.256p.jpg,"18.5""",1366 x 768,60 Hz,5 ms,TN,16:9,3.5
Eizo FG2421-BK,,23.5,23.5,1920 x 1080,240 Hz,1 ms,16:9,16:9,0
HP NV23(E1K96AA#ABA),,23,23.0,1920 x 1080,60 Hz,7 ms,IPS,16:9,0
Philips 246V5LHAB/27,,24,24.0,1920 x 1080,60 Hz,5 ms,TN,16:9,0
QNIX QX2710 LED EVOLUTION II DP MULTI,,27,27.0,2560 x 1440,60 Hz,8 ms,PLS,16:9,5
3M C2234SW,,22,22.0,1680 x 1050,5,5 ms,16:10,16:10,0
ViewSonic TD2740,,27,27.0,1920 x 1080,12,12 ms,16:9,16:9,0
ViewSonic VA2249S,,21.5,21.5,1920 x 1080,60 Hz,5 ms,IPS,16:9,4.5
ViewSonic TD2240,,22,22.0,1920 x 1080,25,25 ms,16:9,16:9,0
ViewSonic VP2772,499.99,https://cdna.pcpartpicker.com/static/forever/images/product/36628ab5216160d45b067ea8337b2996.256p.jpg,27.0,2560 x 1440,60 Hz,12 ms,IPS,16:9,0
BenQ GW2760HS,,https://cdna.pcpartpicker.com/static/forever/images/product/c1f4bcbea0b02f5dee8e1b90fc9d804e.256p.jpg,"27.0""",1920 x 1080,60 Hz,4 ms,VA,16:9,4.5
BenQ RL2460HT,,https://cdna.pcpartpicker.com/static/forever/images/product/063184a456199b4efeb6809ab8aea957.256p.jpg,"24.0""",1920 x 1080,60 Hz,1 ms,TN,16:9,5
HP F4M97A8#ABA,,https://cdna.pcpartpicker.com/static/forever/images/product/4c05f0a79c1fb5317cbee4ff1c5e135e.256p.jpg,"17.0""",1280 x 1024,60 Hz,5 ms,TN,5:4,0
Lenovo 60B0HAR1US,,https://cdna.pcpartpicker.com/static/forever/images/product/1e1f143384e18ef2a362b1f77f4f31b5.256p.jpg,"23.0""",1920 x 1080,60 Hz,5 ms,TN,16:9,0
Lenovo LT1713p,,,"17.0""",1280 x 1024,72 Hz,5 ms,TN,5:4,0
LG 24M45H,,24,24.0,1920 x 1080,60 Hz,5 ms,TN,16:9,4.5
Philips 231C5TJKFU,,23,23.0,1920 x 1080,60 Hz,5 ms,IPS,16:9,0
LG 29UB65-P,,29,29.0,2560 x 1080,60 Hz,5 ms,IPS,21:9,5
Samsung S22D300NY,,https://cdna.pcpartpicker.com/static/forever/images/product/5a10ccd17be709a77250f6e92c67d818.256p.jpg,"21.5""",1920 x 1080,60 Hz,5 ms,TN,16:9,3.5
Samsung P2370HD-1,,23,23.0,1920 x 1080,60 Hz,5 ms,16:9,16:9,0
BenQ RL2240HE,,https://cdna.pcpartpicker.com/static/forever/images/product/150d5e6dbd52e4046d657d23a86c6b48.med.256p.jpg,"21.5""",1920 x 1080,60 Hz,1 ms,TN,16:9,4
LG 22M34D-B,,22,22.0,1920 x 1080,60 Hz,5 ms,TN,16:9,0
Samsung S24C650BW,,https://cdna.pcpartpicker.com/static/forever/images/product/bd41d1145699d87ed1a3df417cd87d0f.256p.jpg,"24.0""",1920 x 1200,60 Hz,5 ms,PLS,16:10,0
AOC I2757FH,,27,27.0,1920 x 1080,60 Hz,5 ms,IPS,16:9,4
Asus VX239H,,23,23.0,1920 x 1080,60 Hz,5 ms,IPS,16:9,4.5
Acer XB270H Abprz,,https://cdna.pcpartpicker.com/static/forever/images/product/b045270522afb8281ffdca19c3e953ac.med.256p.jpg,"27.0""",1920 x 1080,144 Hz,1 ms,TN,16:9,4.5
AOC U2868PQU,,28,28.0,3840 x 2160,60 Hz,1 ms,TN,16:9,4
Dell E2015HV,,19.5,19.5,1600 x 900,60 Hz,5 ms,16:9,16:9,3
Dell E2215HV,,21.5,21.5,1920 x 1080,60 Hz,5 ms,16:9,16:9,3
Eizo S1923H-BK,,19,19.0,1280 x 1024,60 Hz,13 ms,VA,5:4,0
LG 19MB35D-B,,https://cdna.pcpartpicker.com/static/forever/images/product/a638f1a96a2758bbdc07b249ef77dfc0.256p.jpg,"19.0""",1280 x 1024,60 Hz,5 ms,IPS,5:4,0
LG 24MB35D-B,,23.8,23.8,1920 x 1080,60 Hz,5 ms,IPS,16:9,0
LG 27MP35VQ-B,,27,27.0,1920 x 1080,60 Hz,5 ms,IPS,16:9,0
Philips 241B4LPYCB,,https://cdna.pcpartpicker.com/static/forever/images/product/bdfd4c5d2b0ea4b5adf9fc24f8b20ef4.256p.jpg,"24.0""",1920 x 1080,60 Hz,5 ms,TN,16:9,0
Planar LA2250RTPW,,21.5,21.5,1920 x 1080,75 Hz,14 ms,16:9,16:9,0
Samsung S32D850T,,32,32.0,2560 x 1440,60 Hz,5 ms,VA,16:9,0
ViewSonic VX2263SMHL-W,,https://cdna.pcpartpicker.com/static/forever/images/product/47a35c368edab67942548df86c6dbe56.med.256p.jpg,"21.5""",1920 x 1080,60 Hz,5 ms,TN,16:9,4.5
LG 34UC97-S,,34,34.0,3440 x 1440,60 Hz,5 ms,IPS,21:9,4
LG 34UM95-P,,34,34.0,3440 x 1440,60 Hz,5 ms,IPS,21:9,4
Dell E2715H,500,27,27.0,1920 x 1080,60 Hz,8 ms,IPS,16:9,5
LG 25UM65-P,,25,25.0,2560 x 1080,60 Hz,14 ms,IPS,21:9,5
Samsung S27D590C,,27,27.0,1920 x 1080,60 Hz,4 ms,VA,16:9,4.5
Dell D2015H,,19.5,19.5,1920 x 1080,60 Hz,25 ms,VA,16:9,0
Dell U2715H,,27,27.0,2560 x 1440,60 Hz,8 ms,IPS,16:9,4
BenQ BL3201PH,,32,32.0,3840 x 2160,60 Hz,4 ms,IPS,16:9,0
AOC E2727SHE,,27,27.0,1920 x 1080,60 Hz,2 ms,TN,16:9,0
ViewSonic VA1917A,,https://cdna.pcpartpicker.com/static/forever/images/product/5bce2e342019dfeab202d3c155e32594.256p.jpg,"18.5""",1366 x 768,60 Hz,5 ms,TN,16:9,0
ViewSonic VA951S,,19,19.0,1280 x 1024,60 Hz,14 ms,TN,5:4,0
AOC G2770PQU,,https://cdna.pcpartpicker.com/static/forever/images/product/61a05616275f2f2a5a5cdb54c176f7f2.256p.jpg,"27.0""",1920 x 1080,144 Hz,1 ms,TN,16:9,0
Acer G277HL bid,,https://cdna.pcpartpicker.com/static/forever/images/product/6cf86787661598c6693aa2e6d2e3cd0c.256p.jpg,"27.0""",1920 x 1080,60 Hz,4 ms,IPS,16:9,4.5
Asus PB278QR,496.36,27,27.0,2560 x 1440,60 Hz,5 ms,IPS,16:9,0
Asus PB279Q,,https://cdna.pcpartpicker.com/static/forever/images/product/55133012e0d3aaca7296b8ef80d8fa1c.256p.jpg,"27.0""",3840 x 2160,60 Hz,5 ms,IPS,16:9,4
Acer S240HL bd,,https://cdna.pcpartpicker.com/static/forever/images/product/caec4f81cbac8f7c088405c23d294550.256p.jpg,"23.6""",1920 x 1080,60 Hz,5 ms,TN,16:9,4
Asus MX259H,,25,25.0,1920 x 1080,60 Hz,5 ms,IPS,16:9,4.5
Philips 243V5LSB,,https://cdna.pcpartpicker.com/static/forever/images/product/5c5abe2c631cda5b539cae2ad1940674.256p.jpg,"23.6""",1920 x 1080,60 Hz,5 ms,TN,16:9,3.5
Acer XB270HA,,27,27.0,1920 x 1080,144 Hz,1 ms,TN,16:9,0
HP 24UH,,24,24.0,1920 x 1080,60 Hz,5 ms,TN,16:9,4
Acer XB270HU bprz,,https://cdna.pcpartpicker.com/static/forever/images/product/83de8e9b63c801a3e5ce20a1ff73ac2c.256p.jpg,"27.0""",2560 x 1440,144 Hz,4 ms,IPS,16:9,4.5
LG 19M37D-B,,18.5,18.5,1366 x 768,60 Hz,5 ms,TN,16:9,3
LG 22MC57HQ-P,,21.5,21.5,1920 x 1080,60 Hz,5 ms,IPS,16:9,4
LG 24MC57HQ-P,,23.8,23.8,1920 x 1080,60 Hz,5 ms,IPS,16:9,0
Acer S200HQL GBD,,https://cdna.pcpartpicker.com/static/forever/images/product/531ad6be9e93932488b124ffa28ebf1c.256p.jpg,"19.5""",1920 x 1080,60 Hz,8 ms,VA,16:9,4
Acer G247HYL bmidx,,https://cdna.pcpartpicker.com/static/forever/images/product/e0a49372ca5d3d028f248d9b7b83591f.256p.jpg,"23.8""",1920 x 1080,60 Hz,4 ms,IPS,16:9,4
Samsung S24E390HL,,23.6,23.6,1920 x 1080,60 Hz,4 ms,PLS,16:9,4
Samsung S27E591C,,27,27.0,1920 x 1080,60 Hz,4 ms,VA,16:9,0
Samsung S32E590C,,31.5,31.5,1920 x 1080,60 Hz,4 ms,VA,16:9,5
HP 27xw,,27,27.0,1920 x 1080,60 Hz,8 ms,IPS,16:9,4.5
Lenovo 60C8MAR1US,,23.8,23.8,1920 x 1080,60 Hz,7 ms,IPS,16:9,0
LG 25UM56-P,,25,25.0,2560 x 1080,60 Hz,5 ms,IPS,21:9,4.5
Acer KN242HYL,,https://cdna.pcpartpicker.com/static/forever/images/product/981649fc053b42012b730a2e20efbe1e.256p.jpg,"23.8""",1920 x 1080,60 Hz,4 ms,IPS,16:9,4.5
LG 27MP36HQ-B,,27,27.0,1920 x 1080,60 Hz,5 ms,IPS,16:9,0
Dell SE2216H,,21.5,21.5,1920 x 1080,60 Hz,12 ms,IPS,16:9,4
Asus VX24AH,,https://cdna.pcpartpicker.com/static/forever/images/product/a093ce3df22cf748623ce828e88d4515.256p.jpg,"24.0""",2560 x 1440,60 Hz,5 ms,IPS,16:9,5
AOC G2770PF,,https://cdna.pcpartpicker.com/static/forever/images/product/4d0566613bbf6034d184414d40c10ddc.256p.jpg,"27.0""",1920 x 1080,144 Hz,1 ms,TN,16:9,4.5
LG W2600H-PF,,25.5,25.5,1920 x 1200,60 Hz,5 ms,TN,16:10,0
iiyama B2482HD-B1,,https://cdna.pcpartpicker.com/static/forever/images/product/48f7de8719a0c3412b8a244c3395f65d.256p.jpg,"24.0""",1920 x 1080,60 Hz,5 ms,TN,16:9,0
LG 23MP67VQ,,23,23.0,1920 x 1080,60 Hz,5 ms,IPS,16:9,0
Asus C624AQ,,https://cdna.pcpartpicker.com/static/forever/images/product/c26682ec866083893512a2458b4b25b4.256p.jpg,"23.8""",1920 x 1080,60 Hz,5 ms,IPS,16:9,0
Asus MX25AQ,,https://cdna.pcpartpicker.com/static/forever/images/product/38e658b2c847f7ad41a0e9eb7ad91540.256p.jpg,"25.0""",2560 x 1440,60 Hz,5 ms,IPS,16:9,5
BenQ GW2455H,,23.6,23.6,1920 x 1080,60 Hz,25 ms,VA,16:9,4
Dell E2414HM,,24,24.0,1920 x 1080,60 Hz,5 ms,TN,16:9,0
HP Z24nf,,https://cdna.pcpartpicker.com/static/forever/images/product/081e2c48046548c6590768b57460914d.256p.jpg,"23.8""",1920 x 1080,60 Hz,8 ms,IPS,16:9,4
NEC P212-BK,,https://cdna.pcpartpicker.com/static/forever/images/product/e0117a75ea26df7d2e8a9713804c0dcf.256p.jpg,"21.0""",1600 x 1200,60 Hz,8 ms,IPS,4:3,0
NEC P212-BK-SV,,https://cdna.pcpartpicker.com/static/forever/images/product/bbe0326b4bb6572cd2574aa149eab4aa.256p.jpg,"21.0""",1600 x 1200,60 Hz,8 ms,IPS,4:3,0
Samsung S22E450BW,,22,22.0,1680 x 1050,60 Hz,5 ms,TN,16:10,0
Samsung S24E650DW,,https://cdna.pcpartpicker.com/static/forever/images/product/ee5def0b4d2d4f4d27587d80c8b3634d.256p.jpg,"24.0""",1920 x 1200,60 Hz,4 ms,PLS,16:10,0
ViewSonic VA2409,,23.6,23.6,1920 x 1080,60 Hz,5 ms,TN,16:9,0
Lenovo 65ACGCC1US,,23.8,23.8,1920 x 1080,75 Hz,7 ms,IPS,16:9,0
Acer XB271HK,,https://cdna.pcpartpicker.com/static/forever/images/product/835bb78eb72119b6fef486b24fa9046e.256p.jpg,"27.0""",3840 x 2160,60 Hz,4 ms,IPS,16:9,3
Asus C620AQ,,https://cdna.pcpartpicker.com/static/forever/images/product/d6aa7aa9c251fa9f61a4097356272427.256p.jpg,"19.5""",1440 x 900,60 Hz,5 ms,IPS,16:10,0
HP Z34c,,https://cdna.pcpartpicker.com/static/forever/images/product/dde3b45a5c2ea41491441227dbc8ff83.256p.jpg,"34.0""",3440 x 1440,60 Hz,8 ms,IPS,21:9,0
Philips 272G5DYEB/27,,https://cdna.pcpartpicker.com/static/forever/images/product/6ce506dec0367b36a5d8546bf74e048f.256p.jpg,"27.0""",1920 x 1080,144 Hz,1 ms,TN,16:9,0
ViewSonic VX2257-MHD,,21.5,21.5,1920 x 1080,75 Hz,2 ms,TN,16:9,3.5
Seiki SM40UNP,,40,40.0,3840 x 2160,60 Hz,8 ms,VA,16:9,5
Samsung U32E850R,,31.5,31.5,3840 x 2160,60 Hz,4 ms,PLS,16:9,0
Acer G227HQLAbid,,21.5,21.5,1920 x 1080,4,4 ms,IPS,16:9,5
LG 34UM88C,,https://cdna.pcpartpicker.com/static/forever/images/product/d2e75b68b0b1c9a071479df4d44ef6f6.256p.jpg,"34.0""",3440 x 1440,60 Hz,5 ms,IPS,21:9,0
Acer XZ350CU bmijphz,,https://cdna.pcpartpicker.com/static/forever/images/product/4efa9a3f6aa8e1524ccd4617d6adc9bf.256p.jpg,"35.0""",2560 x 1080,144 Hz,4 ms,VA,21:9,4
HP ProDisplay P202,,20,20.0,1600 x 900,60 Hz,5 ms,TN,16:9,0
Lenovo T2054p,,19.5,19.5,1440 x 900,60 Hz,7 ms,IPS,16:10,0
LG 25UM58,,https://cdna.pcpartpicker.com/static/forever/images/product/51c1d433491adc29bd72437ecc75157e.256p.jpg,"25.0""",2560 x 1080,75 Hz,5 ms,IPS,21:9,4.5
Samsung SMT-4032,,40,40.0,1920 x 1080,60 Hz,8 ms,16:9,16:9,0
ViewSonic VX2757-mhd,,27,27.0,1920 x 1080,2,2 ms,TN,16:9,5
ViewSonic XG2700-4K,,27,27.0,3840 x 2160,60 Hz,5 ms,IPS,16:9,0
LG 27UD68-W,,27,27.0,3840 x 2160,60 Hz,5 ms,IPS,16:9,4.5
Asus VG278HV,,https://cdna.pcpartpicker.com/static/forever/images/product/136df1ad28e48d42b54f2c1533e73797.256p.jpg,"27.0""",1920 x 1080,144 Hz,1 ms,TN,16:9,4
Wasabi Mango UHD550 REAL 4K HDMI 2.0,,55,55.0,3840 x 2160,60 Hz,5 ms,IPS,16:9,0
Pixio PX277,,27,27.0,2560 x 1440,144 Hz,4 ms,IPS,16:9,4
AOC Q2577PWQ,,25,25.0,2560 x 1440,60 Hz,5 ms,IPS,16:9,0
Asus MG24UQ,,https://cdna.pcpartpicker.com/static/forever/images/product/893c47e7c7922cc06d48531790a8bb59.256p.jpg,"23.6""",3840 x 2160,60 Hz,4 ms,IPS,16:9,4
Samsung U28E850R,,https://cdna.pcpartpicker.com/static/forever/images/product/710ea227e754279c3751b08bd4f5847c.256p.jpg,"28.0""",3840 x 2160,60 Hz,1 ms,TN,16:9,5
AOC U2477PWQ,,23.6,23.6,3840 x 2160,60 Hz,4 ms,PLS,16:9,0
LG 34UM88C-P,,https://cdna.pcpartpicker.com/static/forever/images/product/dfbc343e3d98a2bd0af85ac50fb8af40.256p.jpg,"34.0""",3440 x 1440,60 Hz,5 ms,IPS,21:9,4
LG 27UD58-B,,https://cdna.pcpartpicker.com/static/forever/images/product/1cd9ad7d2f8b7c4b311275f0acd109a7.256p.jpg,"27.0""",3840 x 2160,60 Hz,5 ms,IPS,16:9,4.5
AOC AG271QX,,https://cdna.pcpartpicker.com/static/forever/images/product/d9a19919c50ec4f7c4afa7e65f09c66d.256p.jpg,"27.0""",2560 x 1440,144 Hz,1 ms,TN,16:9,4.5
LG 27UD68-P,,https://cdna.pcpartpicker.com/static/forever/images/product/6363ecb435910fd1e26837e63a7c629d.256p.jpg,"27.0""",3840 x 2160,60 Hz,5 ms,IPS,16:9,4.5
LG 24MP58VQ-P,,https://cdna.pcpartpicker.com/static/forever/images/product/7cd1a4787ec11d9d3274c6939eec707c.256p.jpg,"23.8""",1920 x 1080,60 Hz,5 ms,IPS,16:9,5
Dell U2917W,,29,29.0,2560 x 1080,60 Hz,5 ms,IPS,21:9,0
Asus VZ239H,,https://cdna.pcpartpicker.com/static/forever/images/product/d01ac5aca5e03c81388540f9c7141c61.256p.jpg,"23.0""",1920 x 1080,60 Hz,5 ms,IPS,16:9,4
HP 22es,,21.5,21.5,1920 x 1080,60 Hz,7 ms,IPS,16:9,4
Dell S2817Q,,28,28.0,3840 x 2160,60 Hz,2 ms,TN,16:9,5
Monoprice Zero-G,,27,27.0,2560 x 1440,144 Hz,TN,TN,16:9,0
Acer Predator XB1,,27,27.0,2560 x 1440,165 Hz,4 ms,TN,16:9,4.5
Acer G247HYU,,23.8,23.8,2560 x 1440,60 Hz,4 ms,IPS,16:9,4
Acer KG221Q,,https://cdna.pcpartpicker.com/static/forever/images/product/8a8a5ec41b7f36877f3205c59c66a4f8.256p.jpg,"21.5""",1920 x 1080,75 Hz,1 ms,TN,16:9,4
Samsung Odyssey G60SD,846.27,27,2560,1440,360,0.03,QD-OLED,16:9,,
Samsung Odyssey OLED G8,1192.95,32,3840,2160,240,0.03,OLED,16:9,,
Samsung Odyssey G9 G93SC,1599.99,49,5120,1440,240,0.03,QD-OLED,32:9,,
Samsung Odyssey OLED G6 (G61SD),637.17,27,2560,1440,240,0.03,QD-OLED,16:9,,
Samsung Odyssey G95SC,899.99,49,5120,1440,240,QD-OLED,QD-OLED,32:9,,
Samsung Odyssey G95SD,,49,5120,1440,240,0.03,OLED,32:9,,
Acer V227Q A,318.14,21.5,1920,1080,75,4,VA,16:9,,
Samsung LC27G55TQWNXZA,225,27,2560,1440,144,VA,VA,16:9,,
Acer KA220HQ bi,89,21.5,1920,1080,1,1,TN,16:9,,
Asus VA27DQF,114.45,27,1920,1080,100,IPS,IPS,16:9,,
Samsung LC32G55TQWNXZA,289.99,32,2560,1440,144,,16:9,16:9,,
YEYIAN Avance,,27,2560,1440,180,1,IPS,16:9,,
MSI G274PF,139.99,27,1920,1080,180,1,IPS,16:9,,
Planar PXN2490MW,280.82,23.8,2560,1440,60,6,IPS,16:9,,
Acer RG321QU Pbiipx,274,31.5,2560,1440,165,IPS,IPS,16:9,,
LG 32UN880-B,699,31.5,3840,2160,60,5,IPS,16:9,,
MSI Optix G241VC,,23.6,1920,1080,75,1,VA,16:9,,
AOC 24G2SAE/BK,,23.8,1920,1080,165,VA,VA,16:9,,
LG 34BK95U-W,749.99,34,5120,2160,75,IPS,IPS,64:27,,
Planar PLL2250MW,79.56,21.5,1920,1080,60,12.5,IPS,16:9,,
Acer ED271U Xbmiipx,,27,2560,1440,240,VA,VA,16:9,,
MSI PRO MP221,,21.5,1920,1080,60,TN,TN,16:9,,
Acer XF270 M3biiph,203.98,27,1920,1080,180,,16:9,16:9,,
ViewSonic VA2447-MH,99.99,24,1920,1080,75,5,VA,16:9,,
Philips 243V7QJABF/00,147.94,23.8,1920,1080,75,4,IPS,16:9,,
Philips 322E1C,206.23,31.5,1920,1080,75,4,VA,16:9,,
Asus ROG Strix XG32VC,,31.5,2560,1440,170,VA,VA,16:9,,
LG 27BL55U-B,299,27,3840,2160,60,5,IPS,16:9,,
Acer ED273 Bbmiix,199.99,27,1920,1080,,VA,VA,16:9,,
AOC 24B1XHS,,23.8,1920,1080,60,7,IPS,16:9,,
Samsung C24RG50,,23.5,1920,1080,144,4,VA,16:9,,
Planar PXN2410,89.99,23.8,1920,1080,60,6,IPS,16:9,,
Asus VA24DQF,109,23.8,1920,1080,100,IPS,IPS,16:9,,
AOC AG352UCG,,35,3440,1440,100,4,VA,21:9,,
Dell P2423D,289,23.8,2560,1440,60,IPS,IPS,16:9,,
ViewSonic VA2037A-LED,88.79,20,1600,900,5,5,16:9,16:9,,
Dell P2018H,,20,1600,900,60,TN,TN,16:9,,
MSI Optix MAG322CQRV,,31.5,2560,1440,144,1,VA,16:9,,
Lenovo L24q-30,,23.8,2560,1440,75,IPS,IPS,16:9,,
Lenovo Y27qf-30,,27,2560,1440,250,IPS,IPS,16:9,,
LG 38CB99-W,,38,3840,1600,75,5,IPS,12:5,,
LG 32MN600P-B,199.99,32,1920,1080,60,5,IPS,16:9,,
LG 27BN85UN-B,249,27,3840,2160,60,5,IPS,16:9,,
Dell E1715SE,129.99,17,1280,1024,75,5,TN,5:4,,
Acer V277,180,27,1920,1080,75,IPS,IPS,16:9,,
Acer VG270 bmiix,249,27,1920,1080,75,IPS,IPS,16:9,,
LG 34WN80C-B,780,34,3440,1440,60,5,IPS,21:9,,
Gigabyte AORUS FI27Q-X,,27,2560,1440,240,1,IPS,16:9,,
Dell U3011,,30,2560,1600,60,7,IPS,16:10,,
Lenovo L22e-20,180.69,21.5,1920,1080,60,4,VA,16:9,,
Lenovo L27q-30,381.5,27,2560,1440,75,6,IPS,16:9,,
Asus VL249HE,179.99,24,1920,1080,75,5,IPS,16:9,,
MSI OPTIX MAG273R2,,27,1920,1080,165,IPS,IPS,16:9,,
Pixio PX248 PRO,,24,1920,1080,165,1,IPS,16:9,,
Planar PZN2710Q,199,27,2560,1440,75,6,IPS,16:9,,
Asus CG32UQ,,31.5,3840,2160,60,5,VA,16:9,,
Asus VA27DCP,,27,1920,1080,75,5,IPS,16:9,,
LG 22MP58VQ-P,,21.5,1920,1080,60,5,IPS,16:9,,
Planar PL1910MW,,19,1440,900,5,5,16:10,16:10,,
Acer K242HQL bid,189,23.6,1920,1080,60,5,VA,16:9,,
Acer ED320Q Xbmiipx,234.95,31.5,1920,1080,,VA,VA,16:9,,
Asus VA247HE,159,23.8,1920,1080,75,5,VA,16:9,,
Acer XV272 Mbmiiprx,,27,1920,1080,165,IPS,IPS,16:9,,
Sceptre NEBULA,,38.5,2560,1440,165,VA,VA,16:9,,
HP V24i,,23.8,1920,1080,60,5,IPS,16:9,,
YEYIAN Sigurd 2503,,23.8,1920,1080,200,,16:9,16:9,,
LG 40BP95C-W,1466.25,39.7,5120,2160,72,5,Nano IPS,64:27,,
LG 32EP950-B,,31.5,3840,2160,60,1,OLED,16:9,,
Asus VP229HE,179.99,21.5,1920,1080,75,5,IPS,16:9,,
BenQ PD3200U,,32,3840,2160,60,4,IPS,16:9,,
iiyama ProLite XUB2792QSU-B1,,27,2560,1440,70,5,IPS,16:9,,
Asus ROG Strix XG276Q,,27,1920,1080,170,1,IPS,16:9,,
ASRock PG34WQ15R2B,,34,3440,1440,165,VA,VA,21:9,,
AOC CU34G3S,,34,3440,1440,165,4,VA,21:9,,
iiyama XUB2292HSU-W6,199.68,21.5,1920,1080,100,IPS,IPS,16:9,,
LG 27BK430H-B,193.36,27,1920,1080,75,5,IPS,16:9,,
Samsung M50C,299.99,32,1920,1080,60,4,VA,16:9,,
Dell S2421HS,211.09,23.8,1920,1080,75,4,IPS,16:9,,
Dell P2011H,,20,1600,900,5,5,TN,16:9,,
Samsung T220,,22,1680,1050,60,2,TN,16:10,,
ViewSonic VP3268-4K,1599.99,31.5,3840,2160,60,7,IPS,16:9,,
MSI Optix MPG27C,,27,1920,1080,144,1,VA,16:9,,
BenQ ZOWIE XL2731,,27,1920,1080,144,1,TN,16:9,,
VIOTEK GFV24C,,24,1920,1080,144,VA,VA,16:9,,
Pixio PX273P,,27,1920,1080,165,1,IPS,16:9,,
Pixio PX278,,27,2560,1440,144,1,TN,16:9,,
Acer QG241Y bi,,23.8,1920,1080,75,VA,VA,16:9,,
LG 27MN60T-W,,27,1920,1080,75,5,IPS,16:9,,
LG 32QN55T-B,,32,2560,1440,75,5,IPS,16:9,,
Asus ROG Swift PG329Q-W,,32,2560,1440,175,1,IPS,16:9,,
LG 24BP450Y-I,119.99,23.8,1920,1080,60,5,16:9,16:9,,
Dell P3223QE,519.99,31.5,3840,2160,60,IPS,IPS,16:9,,
LG 34WP75C-B,349.99,34,3440,1440,160,5,VA,21:9,,
LG 32UP550N-W,323.2,31.5,3840,2160,60,4,VA,16:9,,
LG 34WP65CP-B,,34,3440,1440,160,5,VA,21:9,,
LG 38BN95C-W,1827.84,38,3840,1600,144,1,Nano IPS,12:5,,
MSI PRO MP241CAW,108.99,23.6,1920,1080,75,4,VA,16:9,,
Philips 346B1C,365.99,34,3440,1440,100,5,VA,21:9,,
Asus ProArt Display PA27UCX-K,,27,3840,2160,60,4,Mini LED IPS,16:9,,
AOC E2460SH,,24,1920,1080,60,1,TN,16:9,,
BenQ XL2430,,24,1920,1080,144,1,TN,16:9,,
Samsung FT45,239,24,1920,1080,75,5,IPS,16:9,,
Asus VE248Q,,24,1920,1080,2,2,16:9,16:9,,
Asus VE278Q,,27,1920,1080,2,2,16:9,16:9,,
Lenovo LT1952p,,19,1440,900,5,5,16:10,16:10,,
LG 24GM79G-B,,24,1920,1080,144,1,TN,16:9,,
Acer XF240YU bmiidprzx,,23.8,2560,1440,144,1,TN,16:9,,
Samsung C27JG50,,27,2560,1440,144,4,VA,16:9,,
HP X24i,,23.8,1920,1080,144,1,IPS,16:9,,
MSI Optix G27C6,,27,1920,1080,165,VA,VA,16:9,,
AOC 24G2U5/BK,,23.8,1920,1080,75,IPS,IPS,16:9,,
MSI Summit MS321UP,,32,3840,2160,60,4,IPS,16:9,,
ViewSonic VX3268-2KPC-MHD,,32,2560,1440,144,3,VA,16:9,,
ViewEra V191HV2,283.98,19,1280,1024,60,5,TN,5:4,,
Dell P2721Q,534.99,27,3840,2160,60,5,IPS,16:9,,
Samsung LC27JG50QQNZA,,27,2560,1440,144,4,VA,16:9,,
AOC AGON AG273QCG,,27,2560,1440,165,1,TN,16:9,,
LG 27MP40W-B,169.99,27,1920,1080,75,5,IPS,16:9,,
Dell S2340M,,23,1920,1080,60,7,IPS,16:9,,
HP E221,,21.5,1920,1080,60,5,TN,16:9,,
AOC G2460PQU,,24,1920,1080,144,1,TN,16:9,,
LG 23MP55HQ-P,,23,1920,1080,60,5,IPS,16:9,,
Samsung S24D390HL,,23.6,1920,1080,60,5,PLS,16:9,,
ViewSonic VX2475Smhl-4K,,24,3840,2160,60,3,PLS,16:9,,
Acer KG251Q bmiix,,24.5,1920,1080,75,1,TN,16:9,,
HP EliteDisplay E273m,579,27,1920,1080,60,IPS,IPS,16:9,,
LG 27UL650-W,469.99,27,3840,2160,60,5,IPS,16:9,,
Acer Predator CG437K Pbmiiippuzx,1998,43,3840,2160,120,VA,VA,16:9,,
BenQ PD3220U,,31.5,3840,2160,60,5,IPS,16:9,,
ViewSonic VX2758-P-MHD,,27,1920,1080,144,1,TN,16:9,,
Samsung 890 LC34H890WGNXGO,,34,3440,1440,100,4,VA,21:9,,
Acer Nitro XV270U,,27,2560,1440,75,IPS,IPS,16:9,,
Samsung LC27G55TQWEXXY,,27,2560,1440,144,VA,VA,16:9,,
Samsung SR356,209.99,27,1920,1080,75,IPS,IPS,16:9,,
Samsung S70A,,32,3840,2160,60,IPS,VA,16:9,,
Acer RG271 Pbiipx,,27,1920,1080,144,IPS,IPS,16:9,,
GALAX PRISMA-01,,24,1920,1080,75,8,VA,16:9,,
MSI OPTIX MAG270VC2,,27,1920,1080,165,VA,VA,16:9,,
Philips 271E1S,188.49,27,1920,1080,75,4,IPS,16:9,,
LG 34WP500-B,,34,2560,1080,75,5,IPS,21:9,,
Philips 329P1H,562.83,31.5,3840,2160,60,4,IPS,16:9,,
Samsung S60A,279.95,24,2560,1440,75,IPS,IPS,16:9,,
Asus VA27EQSB,159,27,1920,1080,75,5,IPS,16:9,,
Acer ED270 Xbmiipx,459.99,27,1920,1080,165,VA,VA,16:9,,
LG 27BP55U-B,349,27,3840,2160,60,5,IPS,16:9,,
Hannspree HL205ABB,,19.5,1600,900,60,5,TN,16:9,,
Asus VP228DE,,22.8,1920,1080,60,5,TN,16:9,,
ViewSonic VG2440,159.99,24,1920,1080,60,5,VA,16:9,,
Lenovo G24qe-20,,23.8,2560,1440,110,IPS,IPS,16:9,,
HP Z27,659,27,3840,2160,60,8,IPS,16:9,,
Samsung M70UA,,43,3840,2160,60,8,VA,16:9,,
Dell E2222HS,159.55,21.4,1920,1080,60,5,VA,16:9,,
HP E27m G4,559,27,2560,1440,75,5,IPS,16:9,,
HP E22 G4,179.99,21.5,1920,1080,5,5,IPS,16:9,,
HP LA2405x,,24,1920,1200,60,5,TN,16:10,,
Asus MX239H,,23,1920,1080,5,5,IPS,16:9,,
AOC e2050Swd,,19.5,1600,900,60,5,TN,16:9,,
Samsung S24C350HL,,23.6,1920,1080,5,5,TN,16:9,,
Philips 220B4LPCB,,22,1680,1050,60,5,16:10,16:10,,
Dell UP3214Q,,31.5,3840,2160,60,8,IPS,16:9,,
LG 19M35D-B,,18.5,1366,768,60,5,TN,16:9,,
LG 29UM65-P,,29,2560,1080,60,5,IPS,21:9,,
LG 20M37D-B,,19.5,1600,900,60,5,TN,16:9,,
ViewSonic VA2209,,21.5,1920,1080,60,5,TN,16:9,,
Wasabi Mango UHD420,,42,3840,2160,60,5,IPS,16:9,,
Samsung C22F390,,22,1920,1080,60,4,VA,16:9,,
HP 27,,27,1920,1080,60,5,VA,16:9,,
Dell UltraSharp 2209WA,,22,1680,1050,60,IPS,IPS,16:10,,
Asus VG255H,,24.5,1920,1080,75,1,TN,16:9,,
VIOTEK GN24CB,,24,1920,1080,144,3,VA,16:9,,
MSI Optix MAG321CURV,,31.5,3840,2160,60,4,VA,16:9,,
Lenovo L27m-28,398.88,27,1920,1080,4,4,IPS,16:9,,
LG LC24RG50FQNXZA,,23.5,1920,1080,144,4,VA,16:9,,
ViewSonic VS2210-h,,21.5,1920,1080,75,5,IPS,16:9,,
Acer Nitro RX1 RX241Y Pbmiiphx,,23.6,1920,1080,165,IPS,IPS,16:9,,
Acer Nitro VG240Y Dbmipcx,,23.8,1920,1080,75,IPS,IPS,16:9,,
Philips 288E2E,,28,3840,2160,60,4,IPS,16:9,,
LG 32UN500-W,399,31.5,3840,2160,60,4,VA,16:9,,
LG 27QN880-B,748.88,27,2560,1440,75,5,IPS,16:9,,
MSI Optix G321CQP,,31.5,2560,1440,165,VA,VA,16:9,,
Samsung JG50,,32,2560,1440,144,VA,VA,16:9,,
Samsung SE650,,24,1920,1200,60,PLS,PLS,16:10,,
Acer EI342CKR Pbmiippx,620,34,3440,1440,144,VA,VA,21:9,,
Acer VG271 Zbmiipx,,27,1920,1080,240,IPS,IPS,16:9,,
AOC AG323QCX2,,31.5,2560,1440,144,4,VA,16:9,,
Acer Predator X34 GS,,34,3440,1440,144,1,IPS,21:9,,
Samsung Space SR750,,27,2560,1440,144,4,VA,16:9,,
BenQ EX3210R,,31.5,2560,1440,165,VA,VA,16:9,,
Samsung F24T454GYN,209.99,24,1920,1200,75,IPS,IPS,16:10,,
Samsung M70C,,32,3840,2160,60,4,VA,16:9,,
MSI MAG ARTYMIS 242C,,23.6,1920,1080,165,VA,VA,16:9,,
Philips 240B9/00,,24.1,1920,1200,75,4,IPS,16:10,,
LG 24MP450-B,149,23.8,1920,1080,75,5,IPS,16:9,,
ViewSonic VP2768A,409.99,27,2560,1440,60,5,IPS,16:9,,
Asus VS24AH-P,,24,1920,1200,5,5,IPS,16:10,,
Asus VA24EQSB,139,23.8,1920,1080,75,5,IPS,16:9,,
iiyama XUB3493WQSU-B1,,34,3440,1440,75,4,IPS,21:9,,
Asus VA24DQLB,,23.8,1920,1080,75,5,IPS,16:9,,
ViewSonic VA2747-MH,119.99,27,1920,1080,5,5,VA,16:9,,
iiyama G-MASTER GOLD PHOENIX,,28,3840,2160,60,1,TN,16:9,,
HP VH22,119,21.5,1920,1080,60,5,TN,16:9,,
Planar PXL3280W,240.38,31.5,2560,1440,60,8,IPS,16:9,,
BenQ EW2480,221,23.8,1920,1080,75,5,IPS,16:9,,
LG 27UN880-B,873.89,27,3840,2160,60,5,IPS,16:9,,
LG 49WL95C-W,,49,5120,1440,60,5,IPS,32:9,,
Samsung Odyssey G35T,473.45,32,1920,1080,165,5,VA,16:9,,
LG 27MK430H-B,199,27,1920,1080,75,IPS,IPS,16:9,,
LG 40WP95CP-W,,39.7,5120,2160,72,5,IPS,64:27,,
Samsung T27A950,,27,1920,1080,120,5,16:9,16:9,,
HP ZR22w,,21.5,1920,1080,8,8,IPS,16:9,,
LG W1942TQ-BF,177.4,19,1440,900,5,5,16:10,16:10,,
AOC e950Sw,,19,1366,768,60,5,16:9,16:9,,
AOC 2436Vwa,,24,1920,1080,60,5,16:9,16:9,,
HP LV2311,,23,1920,1080,60,5,TN,16:9,,
Dell S2240M,,21.5,1920,1080,60,7,IPS,16:9,,
Acer V193LAJOb,,19,1280,1024,75,5,TN,5:4,,
Eizo EV2436WFS-BK,,24,1920,1200,60,6,IPS,16:10,,
AOC i2369V,,23,1920,1080,60,6,IPS,16:9,,
Asus VN279QL,,27,1920,1080,5,5,TN,16:9,,
QNIX QX2710 Matte,,27,2560,1440,60,6,PLS,16:9,,
Acer T272HLbmjjz,,27,1920,1080,60,5,16:9,16:9,,
HP E4U30A8#ABA,,18.9,1280,1024,60,IPS,IPS,5:4,,
NEC E232WMT-BK,,23,1920,1080,60,5,IPS,16:9,,
LG 25UM55-P,,25,2560,1080,60,14,IPS,21:9,,
Samsung T24E310ND,,23.6,1366,768,60,8,IPS,16:9,,
Dell E2416H,,24,1920,1080,60,5,TN,16:9,,
AOC E2470SWHE,,23.6,1920,1080,60,5,TN,16:9,,
VIOTEK NB32C,,32,1920,1080,60,,16:9,16:9,,
ViewSonic VP2785-4K,479.99,27,3840,2160,60,7,IPS,16:9,,
LG 32GK850G-B,,31.5,2560,1440,165,5,VA,16:9,,
Samsung LS27F350FHNXZA,,27,1920,1080,60,4,PLS,16:9,,
LG 27UD69P-W,,27,3840,2160,60,5,IPS,16:9,,
iiyama Prolite E2283HS-B1,,22,1920,1080,60,1,TN,16:9,,
Acer XZ321QU bmijpphzx,649,31.5,2560,1440,144,1,VA,16:9,,
LG 38WK95C-W,1721.19,37.5,3840,1600,60,5,IPS,12:5,,
Dell SE2219H,,22,1920,1080,60,5,IPS,16:9,,
MSI Oculux NXG251R,,24.5,1920,1080,240,1,TN,16:9,,
MSI Optix MAG241CR,,23.6,1920,1080,144,1,VA,16:9,,
Dell U2719DX,,27,2560,1440,60,5,IPS,16:9,,
Gigabyte AORUS CV27F,,27,1920,1080,165,1,VA,16:9,,
Gigabyte AORUS KD25F,,24.5,1920,1080,240,TN,TN,16:9,,
HP Z24n G2,369.99,24,1920,1200,60,5,IPS,16:10,,
HP P244,,23.8,1920,1080,60,IPS,IPS,16:9,,
LG 27BK400H-B,199.99,27,1920,1080,75,2,TN,16:9,,
LG 38BK95C-W,,37.5,3840,1600,60,5,IPS,12:5,,
Planar PLN2400,142.44,23.6,1920,1080,60,6,IPS,16:9,,
BenQ ZOWIE XL2536,,24.5,1920,1080,144,1,TN,16:9,,
Asus ROG Strix XG27WQ,,27,2560,1440,165,VA,VA,16:9,,
Acer Nitro XF252Q,,24.5,1920,1080,240,1,TN,16:9,,
Dell E2220H,158,21.5,1920,1080,60,5,TN,16:9,,
Lenovo ThinkVision P27q-20,298,27,2560,1440,60,4,IPS,16:9,,
Acer SB230 Bbix,149,23,1920,1080,75,IPS,IPS,16:9,,
MSI Optix AG32CV,,31.5,1920,1080,165,VA,VA,16:9,,
Acer ConceptD CP3271K Pbmiippruzx,,27,3840,2160,144,IPS,IPS,16:9,,
Pixio PX279P,,27,1920,1080,240,1,IPS,16:9,,
Samsung M50B,,32,1920,1080,60,4,VA,16:9,,
Samsung SH850,,24,2560,1440,60,5,PLS,16:9,,
Samsung S61B,,27,2560,1440,75,5,IPS,16:9,,
Acer ED273U Abmiipx,,27,2560,1440,75,VA,VA,16:9,,
Acer VG270U ABMIIPX,,27,2560,1440,75,IPS,IPS,16:9,,
Acer XV272 Lvbmiiprx,,27,1920,1080,144,IPS,IPS,16:9,,
Acer KG282K BMIIPX,,28,3840,2160,60,IPS,IPS,16:9,,
Acer K242HYL Bbix,,23.8,1920,1080,60,4,VA,16:9,,
Acer G236HL,,23,1920,1080,60,TN,TN,16:9,,
Dell P2418HT,409.99,24,1920,1080,60,6,IPS,16:9,,
LG 29WL500-B,347,29,2560,1080,75,5,IPS,21:9,,
MSI Optix MAG281URV,,27.9,3840,2160,60,4,IPS,16:9,,
MSI Optix MAG342CQ,,34,3440,1440,144,VA,VA,21:9,,
MSI Optix G27C6P,,27,1920,1080,165,VA,VA,16:9,,
MSI PRO MP242P,,23.8,1920,1080,75,IPS,IPS,16:9,,
MSI Pro MP242C,139.99,23.6,1920,1080,75,5,VA,16:9,,
ViewSonic VA2459SMH,162.31,24,1920,1080,,IPS,IPS,16:9,,
AOC Porsche Design AGON PRO PD27S,,27,2560,1440,170,1,IPS,16:9,,
AOC AGON Pro AG274UXP,,27,3840,2160,144,1,Nano IPS,16:9,,
Acer AOPEN 20CH1Q BI,,19.5,1366,768,60,TN,TN,16:9,,
Lenovo C27-30,,27,1920,1080,75,4,VA,16:9,,
MSI G2422P,169.99,24,1920,1080,170,4,IPS,16:9,,
LG 27UD68P-B,,27,3840,2160,60,5,IPS,16:9,,
ViewSonic VP3268A-4K,799.99,32,3840,2160,5,5,IPS,16:9,,
HP Z24q G3,295,23.8,2560,1440,90,5,IPS,16:9,,
HP LE1711,,17,1280,1024,5,5,TN,5:4,,
ViewSonic VP3881A,1199.99,38,3840,1600,5,5,IPS,12:5,,
HP E34m G4,599,34,3440,1440,75,5,VA,21:9,,
Philips 221B8LJEB/27,176.85,21.5,1920,1080,60,1,TN,16:9,,
Acer CB382CUR bmiiphuzx,1037.54,37.5,3840,1600,60,IPS,IPS,12:5,,
LG 32QP880-B,517.44,31.5,2560,1440,75,5,IPS,16:9,,
LG 34WN780-B,665,34,3440,1440,75,5,IPS,21:9,,
ViewSonic VX2467-MHD,139.99,24,1920,1080,75,4,VA,16:9,,
Philips 243B1,220.86,23.8,1920,1080,75,4,IPS,16:9,,
Philips 276B1,315.39,27,2560,1440,75,4,IPS,16:9,,
LG 29UM57-P,,29,2560,1080,60,5,IPS,21:9,,
Dell E1715S,,17,1280,1024,60,5,TN,5:4,,
HP V270,209,27,1920,1080,60,5,IPS,16:9,,
ViewEra V172SV2,272.98,17,1280,1024,60,5,TN,5:4,,
Dell SE2419HR,179.99,23.8,1920,1080,75,4,IPS,16:9,,
MSI Optix MAG342CQRV,,34,3440,1440,100,VA,VA,21:9,,
LG 32QN650-B,299.99,32,2560,1440,75,5,IPS,16:9,,
Dell E2722HS,199.99,27,1920,1080,60,5,IPS,16:9,,
HP E27q G4,349,27,2560,1440,60,5,IPS,16:9,,
AOC E2243FWK,,21.5,1920,1080,5,5,16:9,16:9,,
ViewSonic VA2232WM,,22,1680,1050,5,5,16:10,16:10,,
Samsung P2770FH,,27,1920,1080,1,1,16:9,16:9,,
Dell E2011H,,20,1600,900,5,5,16:9,16:9,,
Acer G195WAb,,19,1440,900,5,5,TN,16:10,,
LG W2442PA-BF,,24,1920,1080,5,5,16:9,16:9,,
LG E2441V-BN,,24,1920,1080,5,5,TN,16:9,,
LG E2360V-PN,,23,1920,1080,5,5,TN,16:9,,
HP 2511x,,25,1920,1080,5,5,TN,16:9,,
Asus VS208N-P,,20,1600,900,5,5,16:9,16:9,,
Dell P2211H,,21.5,1920,1080,5,5,TN,16:9,,
Compaq LA2306x,,23,1920,1080,5,5,16:9,16:9,,
Samsung BX2050,,20,1600,900,5,5,16:9,16:9,,
Dell E2210,,22,1680,1050,5,5,TN,16:10,,
Dell E1913S,,19,1280,1024,60,5,5:4,5:4,,
LG E2242T-BN,,21.5,1920,1080,5,5,TN,16:9,,
Acer V246HLbmdp,,24,1920,1080,60,5,TN,16:9,,
AOC i2769Vm,,27,1920,1080,60,5,IPS,16:9,,
Lenovo LT2223p,,21.5,1920,1080,5,5,TN,16:9,,
Philips 278C4QHSN,,27,1920,1080,60,7,16:9,16:9,,
ViewSonic TD2220,229.99,22,1920,1080,5,5,16:9,16:9,,
HP 2159m,,21.5,1920,1080,60,5,16:9,16:9,,
Acer G246HYL bmjj,,23.8,1920,1080,60,6,IPS,16:9,,
HP E4U30AA#ABA,,19,1280,1024,60,8,IPS,5:4,,
Acer B326HK YMJDPPHZ,,32,3840,2160,60,6,IPS,16:9,,
Acer XB240H ABPR,,24,1920,1080,144,1,TN,16:9,,
Asus MX27AQ,,27,2560,1440,60,5,IPS,16:9,,
ViewSonic VG2439SMH,,23.6,1920,1080,60,7,IPS,16:9,,
Planar PXL2780MW,,27,2560,1440,60,7,IPS,16:9,,
Dell E2016H,114.95,19.5,1600,900,60,5,TN,16:9,,
Samsung S19E200BR,,19,1280,1024,60,5,TN,5:4,,
Philips BDM4350UC/00,,42.5,3840,2160,60,5,IPS,16:9,,
Asus VP239H-P,,23,1920,1080,60,5,IPS,16:9,,
Acer K272HUL Ebmidpx,,27,2560,1440,60,1,TN,16:9,,
AOC E2275SWJ,,21.5,1920,1080,1,1,TN,16:9,,
Acer S242HL,,24,1920,1080,60,1,TN,16:9,,
LG 24MP59HT-P,,23.8,1920,1080,75,5,IPS,16:9,,
Acer BM320,,32,3840,2160,60,5,IPS,16:9,,
Acer ED242QR,,23.6,1920,1080,75,4,VA,16:9,,
BenQ XL2735,,27,2560,1440,144,1,TN,16:9,,
AOC I2781FH,,27,1920,1080,60,5,IPS,16:9,,
iiyama Prolite B2780HSU-B1,,27,1920,1080,60,1,TN,16:9,,
VIOTEK GN27D,,27,2560,1440,144,5,VA,16:9,,
AOC AG271UG,,27,3840,2160,60,4,IPS,16:9,,
BenQ SW271,,27,3840,2160,60,5,IPS,16:9,,
Pixio PX329,,31.5,2560,1440,165,5,VA,16:9,,
ViewSonic VP2468,355.9,23.8,1920,1080,60,7,IPS,16:9,,
BenQ EW277HDR,,27,1920,1080,60,4,VA,16:9,,
Lenovo Y27g,,27,1920,1080,144,7,VA,16:9,,
Dell D3218HN,,31.5,1920,1080,60,8,IPS,16:9,,
VIOTEK GN27DW,,27,2560,1440,144,5,VA,16:9,,
VIOTEK GN34CW,,34,3440,1440,100,4,VA,21:9,,
HP Z27n G2,,27,2560,1440,75,6,IPS,16:9,,
Monoprice 131005,,35,3440,1440,100,5,VA,21:9,,
Philips 322M7C/75,,31.5,1920,1080,144,1,VA,16:9,,
Acer B246HL,,24,1920,1080,60,5,TN,16:9,,
BenQ SW240,465.99,24.1,1920,1200,60,5,IPS,16:10,,
HP Z32,,31.5,3840,2160,60,IPS,IPS,16:9,,
VIOTEK SUW49CR,,49,3840,1080,144,4,VA,32:9,,
Acer B206HQL Bympr,,19.5,1920,1080,60,5,VA,16:9,,
LG 27UK600-W,,27,3840,2160,60,5,IPS,16:9,,
MSI Optix MPG341CQRV,,34,3440,1440,120,1,VA,21:9,,
Acer VG270U bmiipx,,27,2560,1440,75,IPS,IPS,16:9,,
Acer EB321HQU Cbidpx,445.58,31.5,2560,1440,60,4,IPS,16:9,,
Philips 43BDL3010Q,,42.5,1920,1080,60,6.5,VA,16:9,,
Acer XZ271U Abmiiphzx,,27,2560,1440,144,TN,TN,16:9,,
Asus VW222U,,22,1680,1050,75,2,TN,16:10,,
LG 29WL50S-B,,29,2560,1080,75,5,IPS,21:9,,
Fox Spirit PGM340,,34,3440,1440,100,VA,VA,21:9,,
Acer X38P,,37.5,3840,1600,175,IPS,IPS,12:5,,
Philips 223V5LHSB2,,21.5,1920,1080,60,5,TN,16:9,,
Philips 243S7EHMB,,23.8,1920,1080,60,5,IPS,16:9,,
LG 32GN50T-B,,32,1920,1080,165,5,VA,16:9,,
ViewSonic XG2705 OMNI,,27,1920,1080,144,1,IPS,16:9,,
Monoprice CrystalPro,,27,2560,1440,60,4,IPS,16:9,,
Cooler Master GM32-FQ,,32,2560,1440,165,IPS,IPS,16:9,,
ViewSonic VA2759-smh,151.44,27,1920,1080,60,4,IPS,16:9,,
MSI Optix G274RW,,27,1920,1080,170,IPS,IPS,16:9,,
Samsung CJ890,,49,3840,1080,144,VA,VA,32:9,,
Acer XV272 Pbmiiprzx,,27,1920,1080,144,IPS,IPS,16:9,,
Acer EG240Y Pbipx,,23.8,1920,1080,165,IPS,IPS,16:9,,
Dell U3821DW,1399,37.5,3840,1600,60,5,IPS,12:5,,
MSI Optix G251PF,,24.5,1920,1080,165,1,IPS,16:9,,
MSI Modern MD241P,236.14,23.8,1920,1080,75,IPS,IPS,16:9,,
iiyama GB2870UHSU-B1,,28,3840,2160,165,IPS,IPS,16:9,,
LG 27EA430V-B,199,27,1920,1080,75,5,IPS,16:9,,
Dell E2417H,,23.8,1920,1080,60,8,IPS,16:9,,
ASRock PG34WQ15R3A,,34,3440,1440,165,VA,VA,21:9,,
BenQ BL2485TC,,23.8,1920,1080,75,5,16:9,16:9,,
BenQ GW2785TC,,27,1920,1080,75,5,IPS,16:9,,
HP Z27k G3,629,27,3840,2160,60,5,IPS,16:9,,
HP V22v,,21.5,1920,1080,60,7,VA,16:9,,
Lenovo ThinkCentre TIO Flex 22i,164,21.5,1920,1080,60,4,IPS,16:9,,
LG 29BN650-B,,29,2560,1080,75,5,IPS,21:9,,
MSI Optix G243CV,,23.6,1920,1080,75,VA,VA,16:9,,
MSI Optix G323CV,266,31.5,1920,1080,75,VA,VA,16:9,,
Samsung S40UA,,24,1920,1080,75,5,IPS,16:9,,
ViewSonic VX2716,,27,1920,1080,100,4,IPS,16:9,,
AOC U27P2CA,,27,3840,2160,60,IPS,IPS,16:9,,
Planar PXN2480MW-WH,253.07,23.8,1920,1080,76,7,IPS,16:9,,
YEYIAN Sigurd 3500,,31.5,1920,1080,165,1,VA,16:9,,
Acer AOPEN 25XV2Q Fbmiiprx,,24.5,1920,1080,390,0.5,IPS,16:9,,
Philips 230B8QJEB/69,,22.5,1920,1200,75,5,IPS,16:10,,
LG 34BQ77QCB,649.99,34,3440,1440,60,IPS,IPS,21:9,,
Acer XB273K Sbmiprzx,899,27,3840,2160,144,4,IPS,16:9,,
BenQ EW2770QZ,,27,2560,1440,60,14,IPS,16:9,,
LG 34WP65G-B,499,34,2560,1080,75,5,IPS,21:9,,
MSI Modern MD272QP,365,27,2560,1440,75,IPS,IPS,16:9,,
Acer BE270U,242.01,27,2560,1440,75,6,IPS,16:9,,
Acer UM.WV6AA.B01,114.99,21.5,1920,1080,60,5,TN,16:9,,
ViewSonic VP3481,1399.99,34,3440,1440,100,5,VA,21:9,,
ViewSonic VX3267U-2K,259.99,31.5,2560,1440,75,4,IPS,16:9,,
Lenovo ThinkVision T27p-30,627,27,3840,2160,60,4,IPS,16:9,,
LG 34BN670-B,493.99,34,2560,1080,75,5,IPS,21:9,,
Philips 272S1M/00,,27,1920,1080,75,4,IPS,16:9,,
Asus PG27AQ,,27,3840,2160,60,4,IPS,16:9,,
ViewSonic VA2719-2K-SMHD,,27,2560,1440,60,14,IPS,16:9,,
Acer Predator X27 bmiiphzx,,27,3840,2160,144,4,IPS,16:9,,
Acer B247W bmiprzx,,23.8,1920,1200,75,4,IPS,16:10,,
BenQ EW2780U,,27,3840,2160,60,5,IPS,16:9,,
ViewSonic VA2456-mhd,141.44,23.8,1920,1080,60,5,IPS,16:9,,
AOC AGON PD27,,27,2560,1440,240,VA,VA,16:9,,
LG 27UK670-B,,27,3840,2160,75,5,IPS,16:9,,
Philips 559M1RYV,,55,3840,2160,144,4,VA,16:9,,
LG 27MK600M-B,199,27,1920,1080,,,16:9,16:9,,
ViewSonic VP2468A,299.99,24,1920,1080,5,5,IPS,16:9,,
ViewSonic ELITE XG251G,,25,1920,1080,360,IPS,IPS,16:9,,
Asus VP299CL,,29,2560,1080,75,IPS,IPS,21:9,,
Acer V247Y,,23.8,1920,1080,75,IPS,IPS,16:9,,
Acer UT222Q,212.48,21.5,1920,1080,60,IPS,IPS,16:9,,
AOC AGON Pro AG324UX,,31.5,3840,2160,144,1,IPS,16:9,,
Philips 498P9,,48.8,5120,1440,70,5,VA,32:9,,
HP P24h G5,179.99,23.8,1920,1080,75,5,IPS,16:9,,
YEYIAN Sigurd 4000,,34,3440,1440,165,VA,VA,21:9,,
AOC F19s,,18.5,1366,768,5,5,16:9,16:9,,
ViewSonic VA2431WM,,23.6,1920,1080,5,5,16:9,16:9,,
ViewSonic VA1931WA,,19,1366,768,5,5,16:9,16:9,,
Samsung S23A300B,,23,1920,1080,5,5,16:9,16:9,,
Samsung T27A750,,27,1920,1080,120,5,16:9,16:9,,
Samsung B2230HD,,22,1920,1080,5,5,16:9,16:9,,
Dell P2411H,,24,1920,1080,5,5,TN,16:9,,
V7 D1711B-N6,,17,1280,1024,5,5,5:4,5:4,,
Asus VH197D,,18.5,1366,768,60,5,16:9,16:9,,
Asus VH236H,,23,1920,1080,2,2,16:9,16:9,,
Asus VG236HE,,23,1920,1080,120,2,16:9,16:9,,
BenQ EW2420,,24,1920,1080,25,25,16:9,16:9,,
BenQ GL2030,,20,1600,900,5,5,TN,16:9,,
LG N194WA-BF,,19,1440,900,5,5,16:10,16:10,,
LG M2280D-PU,,22,1920,1080,5,5,TN,16:9,,
Lenovo L1711p,,17,1280,1024,5,5,5:4,5:4,,
Lenovo L1900p,,19,1280,1024,5,5,5:4,5:4,,
Lenovo L2440p,259,24,1920,1200,5,5,16:10,16:10,,
Samsung B2430HD,,24,1920,1080,5,5,16:9,16:9,,
Samsung B2430H,,24,1920,1080,5,5,16:9,16:9,,
LG W1943SS-PF,,18.5,1366,768,5,5,16:9,16:9,,
Asus PA238Q,,23,1920,1080,6,6,IPS,16:9,,
LG N1742LP-BF,,17,1280,1024,5,5,5:4,5:4,,
LG L2000CP-BF,,20,1600,1200,8,8,4:3,4:3,,
LG W2246T-PF,,21.5,1920,1080,5,5,16:9,16:9,,
Dell P2311H (469-0836),,23,1920,1080,5,5,TN,16:9,,
Samsung 943BT-2,188.89,19,1280,1024,5,5,5:4,5:4,,
Compaq LA2205wg,,22,1680,1050,5,5,16:10,16:10,,
Dell ST2220L,,21.5,1920,1080,5,5,16:9,16:9,,
ViewSonic VA2703,,27,1920,1080,3,3,16:9,16:9,,
Samsung S22B150N,,21.5,1920,1080,5,5,TN,16:9,,
Dell ST2321L,,23,1920,1080,5,5,16:9,16:9,,
ViewSonic VA2212M-LED,,22,1920,1080,5,5,16:9,16:9,,
LG E2442V-BN,,24,1920,1080,5,5,TN,16:9,,
Asus PB238Q,,23,1920,1080,6,6,IPS,16:9,,
ViewSonic VG2439M-LED,,24,1920,1080,5,5,16:9,16:9,,
Acer V233HL,,23,1920,1080,60,5,TN,16:9,,
V7 LED185W2R-DVI,,18.5,1366,768,75,5,16:9,16:9,,
NEC EA244WMi-BK,,24,1920,1200,6,6,IPS,16:10,,
Asus VS207T-P,,19.5,1600,900,5,5,TN,16:9,,
AOC q2963Pm,,29,2560,1080,60,5,IPS,21:9,,
Dell E2213H,,21.5,1920,1080,60,5,TN,16:9,,
Samsung S22C200B,,21.5,1920,1080,5,5,TN,16:9,,
Samsung S23C350H,,23,1920,1080,5,5,TN,16:9,,
Samsung S24C450BW,,24,1920,1200,5,5,16:10,16:10,,
LG 23EA63V-P,,23,1920,1080,5,5,IPS,16:9,,
LG 23EN43T-B,,23,1920,1080,60,5,TN,16:9,,
LG 24EN43V-B,,24,1920,1080,60,5,TN,16:9,,
NEC EA294WMi-BK,449,29,2560,1080,60,6,IPS,21:9,,
Philips 271P4QPJEB,,27,1920,1080,60,6,16:9,16:9,,
AOC E2425SWD,,24,1920,1080,60,5,TN,16:9,,
Acer V206HQLAbmd,,19.5,1600,900,60,5,TN,16:9,,
LG IPS235P-BN,,23,1920,1080,60,5,IPS,16:9,,
Acer FT200HQLbmjj,,20,1600,900,60,5,16:9,16:9,,
3M M2467PW,,24,1920,1080,16,16,16:9,16:9,,
Samsung LE32C,,32,1366,768,60,8,16:9,16:9,,
HP Smartbuy Z30i,,30,2560,1600,60,8,IPS,16:10,,
HP Smartbuy V241,,23.6,1920,1080,60,5,TN,16:9,,
AOC E2060SWDA,,19.5,1600,900,60,5,16:9,16:9,,
AOC E2260SWDA-TAA,,22,1920,1080,60,5,TN,16:9,,
LG 22M45D,,21.5,1920,1080,60,5,TN,16:9,,
LG 27MP65HQ,,27,1920,1080,60,5,IPS,16:9,,
Samsung S27D390H,,27,1920,1080,60,5,TN,16:9,,
Samsung T22C350ND,,21.5,1920,1080,60,2,TN,16:9,,
LG 34UM95,,34,3440,1440,60,5,IPS,21:9,,
Dell UZ2715H,,27,1920,1080,60,8,IPS,16:9,,
Acer V226HQL Abmid,,21.5,1920,1080,60,5,TN,16:9,,
ViewSonic VX2363SMHL-W,,23,1920,1080,60,14,TN,16:9,,
BenQ GW2265HM,,21.5,1920,1080,60,6,VA,16:9,,
Asus VS228T-P,,21.5,1920,1080,60,5,TN,16:9,,
LG 23MP57HQ-P,,23,1920,1080,60,5,IPS,16:9,,
Acer CB270HU,,27,2560,1440,60,6,IPS,16:9,,
Dell U2311H,,23,1920,1080,60,8,IPS,16:9,,
HP 25xw,,25,1920,1080,60,7,IPS,16:9,,
ViewSonic VG2433SMH,,23.6,1920,1080,60,14,IPS,16:9,,
LG 34UC87C,,34,3440,1440,60,5,IPS,21:9,,
Philips 247E6BDAD,,23.6,1920,1080,60,2,TN,16:9,,
Asus VS239HV,,23,1920,1080,60,5,IPS,16:9,,
Samsung S24E650BW,,24,1920,1200,60,4,PLS,16:10,,
Dell S2316M,,23,1920,1080,60,6,IPS,16:9,,
iiyama XU2590HS-B1,,25,1920,1080,60,5,IPS,16:9,,
Philips BDM4065UC,,40,3840,2160,60,3,VA,16:9,,
Eizo CS270-BK-CN,,27,2560,1440,60,15,IPS,16:9,,
LG 27MP47HQ,,27,1920,1080,60,5,IPS,16:9,,
Philips 245C5QHAB,,23.8,1920,1080,60,5,IPS,16:9,,
NEC EA275WMI-BK,,27,2560,1440,6,6,16:9,16:9,,
Asus VA325H,,31.5,1920,1080,60,5,IPS,16:9,,
Asus VA32AQ,,31.5,2560,1440,60,5,IPS,16:9,,
Samsung BX2035,,20,1600,900,2,2,TN,16:9,,
Nixeus NX-EDG27,,27,2560,1440,144,4,IPS,16:9,,
AOC C4008VU8,,40,3840,2160,60,5,VA,16:9,,
ViewSonic XG2530,,25,1920,1080,240,1,TN,16:9,,
Pixio PX277-N,,27,2560,1440,144,6,IPS,16:9,,
Samsung CH711,,32,2560,1440,60,4,VA,16:9,,
Acer ED242QR wi,,23.6,1920,1080,75,4,VA,16:9,,
LG 29UM60-P,,29,2560,1080,75,5,IPS,21:9,,
QNIX QX3218R 165 Curved Captain,,32,1920,1080,144,1,VA,16:9,,
LG 27MU88-W,,27,3840,2160,60,5,IPS,16:9,,
iiyama Prolite B2480HS-B2,,23.6,1920,1080,60,1,TN,16:9,,
iiyama Prolite E2480HS-B1,,23.6,1920,1080,60,2,TN,16:9,,
iiyama Prolite GB2773HS-GB1,,27,1920,1080,144,1,TN,16:9,,
iiyama Prolite X2783HSU-B1,,27,1920,1080,60,4,VA,16:9,,
iiyama Prolite XB2783HSU-B1DP,,27,1920,1080,60,4,VA,16:9,,
iiyama G-MASTER SILVER CROW,,27,2560,1440,75,1,TN,16:9,,
ViewSonic VX3258-2KC-MHD,,31.5,2560,1440,144,5,VA,16:9,,
Samsung LS34J550WQUXEN,,34.1,3440,1440,60,4,VA,21:9,,
LG 34GK950G,,34,3440,1440,120,5,IPS,21:9,,
Acer XZ271U bmijpphzx,,27,2560,1440,144,1,VA,16:9,,
Acer ET322QU,,31.5,2560,1440,75,4,IPS,16:9,,
AOC 27V2H,,27,1920,1080,75,5,IPS,16:9,,
Dell U2419HC,,23.8,1920,1080,60,5,IPS,16:9,,
ViewSonic XG2730,,27,2560,1440,144,1,TN,16:9,,
LG 24MK600M-W,,23.8,1920,1080,75,5,IPS,16:9,,
AOC AG272FCX6,,27,1920,1080,144,1,VA,16:9,,
BenQ BL2780,,27,1920,1080,60,5,IPS,16:9,,
Acer VW237Q,,22.5,1920,1200,60,4,IPS,16:10,,
Acer XF250Q Bbmiiprx,,24.5,1920,1080,144,1,TN,16:9,,
Asus Designo MX279HS,,27,1920,1080,76,5,IPS,16:9,,
BenQ ZOWIE XL2546 DIVINA,,24.5,1920,1080,240,1,TN,16:9,,
HP Z23n G2,279,23,1920,1080,60,5,IPS,16:9,,
HP ProDisplay P223A,,21.5,1920,1080,60,5,VA,16:9,,
Philips 328E9FJAB,,31.5,2560,1440,75,4,VA,16:9,,
V7 L215DS-DUALKIT-N,,21.5,1920,1080,60,5,TN,16:9,,
ViewSonic VG2248,153.94,21.5,1920,1080,60,7,IPS,16:9,,
ViewSonic VG2748,,27,1920,1080,60,7,IPS,16:9,,
Dell S2319HN,,23,1920,1080,60,5,IPS,16:9,,
MSI Optix MAG322CR,,31.5,1920,1080,180,VA,VA,16:9,,
Samsung LS27F354FHNXZA,,27,1920,1080,60,4,PLS,16:9,,
ViewSonic VG2448-PF,249.99,23.8,1920,1080,60,5,IPS,16:9,,
ViewSonic VX2785-2K-MHDU,,27,2560,1440,60,5,IPS,16:9,,
Acer HA270 Abi,,27,1920,1080,75,4,IPS,16:9,,
Acer V247Y bi,,23.8,1920,1080,75,4,IPS,16:9,,
Acer ED323QUR widpx,,31.5,2560,1440,75,4,VA,16:9,,
Dell E2720HS,,27,1920,1080,60,5,IPS,16:9,,
NEC MultiSync PA271Q-BK,,27,2560,1440,60,8,IPS,16:9,,
Asus VL279​HE,,27,1920,1080,75,5,IPS,16:9,,
Philips 274E5QHAB/75,,27,1920,1080,60,5,IPS,16:9,,
Philips 279P1,,27,3840,2160,60,4,IPS,16:9,,
Acer V277 bmix,290.25,27,1920,1080,75,4,IPS,16:9,,
LG 24BK550Y-B,260.57,23.8,1920,1080,75,5,IPS,16:9,,
X= XG24IPS,,23.8,1920,1080,75,8,IPS,16:9,,
X= XPRO27IPS,,27,1920,1080,165,IPS,IPS,16:9,,
Samsung CH890,,34,3440,1440,100,VA,VA,21:9,,
Samsung FT400,,24,1920,1080,60,4,IPS,16:9,,
Samsung FT650,,24,1920,1080,75,5,IPS,16:9,,
Samsung M50A,,24,1920,1080,60,IPS,IPS,16:9,,
Samsung SE310,,23.6,1920,1080,1,TN,TN,16:9,,
Samsung SE790,,34,3440,1440,,VA,VA,21:9,,
Samsung UE590,,23.6,3840,2160,,PLS,PLS,16:9,,
Samsung UE570,,28,3840,2160,,TN,TN,16:9,,
Acer ED272 Abix,,27,1920,1080,75,4,IPS,16:9,,
Acer SB271 bi,,27,1920,1080,75,IPS,IPS,16:9,,
Acer K202HQL bi,129,19.5,1600,900,60,TN,TN,16:9,,
Acer K202HQL Abi,168.88,19.5,1366,768,,TN,TN,16:9,,
Acer XZ325QU PBMIIPHX,,31.5,2560,1440,165,VA,VA,16:9,,
Acer CBA242Y BIR,159.99,23.8,1920,1080,75,IPS,IPS,16:9,,
Acer EI491CR SBMIIIPHX,,49,3840,1080,120,VA,VA,32:9,,
LG 24M47VQ-P,,24,1920,1080,,TN,TN,16:9,,
LG 38WP85C-W,1744.29,37.5,3840,1600,60,5,IPS,12:5,,
LG 32MN500M-B,249.99,32,1920,1080,60,5,IPS,16:9,,
LG 34WL850-W,,34,3440,1440,60,5,IPS,21:9,,
MSI Optix MAG272CQP,,27,2560,1440,165,VA,VA,16:9,,
MSI Optix MAG274,,27,1920,1080,144,IPS,IPS,16:9,,
MSI Optix G321C,,31.5,1920,1080,165,VA,VA,16:9,,
ViewSonic VG2440V,199.99,24,1920,1080,5,5,IPS,16:9,,
ViewSonic VX3268-PC-MHD,,32,1920,1080,165,3,VA,16:9,,
Lenovo 65FDGAC2UK,,23.6,1920,1080,144,TN,TN,16:9,,
Acer R241Y Bbix,,23.8,1920,1080,,IPS,IPS,16:9,,
Eizo FlexScan S2133,,21.3,1600,1200,6,6,IPS,4:3,,
VIOTEK FI24D,,23.8,2560,1440,75,IPS,IPS,16:9,,
Samsung LS32BG850NMXUE,,32,3840,2160,240,1,16:9,16:9,,
LG 34WQ65X-W,,34,2560,1080,60,5,IPS,21:9,,
iiyama ProLite XUB2595WSU-B1,,25,1920,1200,75,4,IPS,16:10,,
AOC 24E2H,,23.8,1920,1080,75,4,IPS,16:9,,
BenQ BL2785TC,,27,1920,1080,75,5,IPS,16:9,,
CTL MTIP2381,99.99,24,1920,1080,8,8,VA,16:9,,
HP Z24f G3,259,23.8,1920,1080,60,5,IPS,16:9,,
HP Z24m G3,,23.8,2560,1440,90,5,IPS,16:9,,
HP E27q G5,,27,2560,1440,75,5,IPS,16:9,,
HP E24i G4,262,24,1920,1200,60,5,IPS,16:10,,
LG 27BN85U-B,589,27,3840,2160,60,5,IPS,16:9,,
LG 27BP85U-W,,27,3840,2160,5,5,IPS,16:9,,
LG 27BQ85U-W,,27,3840,2160,60,5,Nano IPS,16:9,,
Acer EI322QURS,,31.5,2560,1440,165,VA,VA,16:9,,
Planar PXN2480MW,196.99,23.8,1920,1080,60,7,IPS,16:9,,
YEYIAN Sigurd 2502,,23.6,1920,1080,165,1,VA,16:9,,
Dell ST2010B,,20,1600,900,60,5,TN,16:9,,
Acer UM.CC0AA.001,,34,3440,1440,75,5,IPS,21:9,,
LG 24BP55Q-B,227.94,23.8,2560,1440,75,5,IPS,16:9,,
Asus VP349CGL,,34,3440,1440,100,IPS,IPS,21:9,,
LG 27BQ75QC-B,249,27,2560,1440,75,5,IPS,16:9,,
Acer CB342CK smiiphzx,618.65,34,3440,1440,75,IPS,IPS,21:9,,
LG 32UP50S-B,299.99,31.5,3840,2160,60,4,VA,16:9,,
BenQ RL2460S,,24,1920,1080,75,1,TN,16:9,,
Acer CBA242Y Abmirx,,23.8,1920,1080,,VA,VA,16:9,,
NEC P232W-BK-SV,,23,1920,1080,8,8,IPS,16:9,,
Monoprice Zero-G V2,399.99,35,3440,1440,120,4,VA,21:9,,
LG 34WL85C-B,499,34,3440,1440,60,5,IPS,21:9,,
Acer CM2241W,169.99,24,1920,1200,60,IPS,IPS,16:10,,
Asus VA34VCPSN,469,34,3440,1440,100,4,VA,21:9,,
HP E27u G4,479,27,2560,1440,5,5,AHVA,16:9,,
HP Z27q G3,449,27,2560,1440,60,5,IPS,16:9,,
LG 32BP55U-B,429.99,31.5,3840,2160,60,4,VA,16:9,,
MSI MAG 27C6PF,,27,1920,1080,180,0.5,VA,16:9,,
Dell E2013H,,20,1600,900,60,5,16:9,16:9,,
AOC U3477PQU,,34,3440,1440,60,5,IPS,21:9,,
Dell SE2716H,398.98,27,1920,1080,60,6,VA,16:9,,
AOC E2470SWH,,23.6,1920,1080,60,1,TN,16:9,,
Dell U2419HX,399.99,23.8,1920,1080,60,5,IPS,16:9,,
ViewSonic VG2456,259.93,23.8,1920,1080,5,5,IPS,16:9,,
NEC AS19Mi-BK,207.44,19,1280,1024,60,6,IPS,5:4,,
LG 35WN75C-B,599.99,35,3440,1440,100,5,VA,21:9,,
LG 27GN65S-B,249.99,27,1920,1080,144,1,IPS,16:9,,
HP Z24n G3,,24,1920,1200,60,5,IPS,16:10,,
Lenovo 62D9GAR6US,299.99,23.8,1920,1080,60,4,IPS,16:9,,
LG 27BL650C-B,422.91,27,1920,1080,75,5,IPS,16:9,,
MSI G2712V,149.99,27,1920,1080,100,IPS,IPS,16:9,,
Acer Predator XB323K RV,,32,3840,2160,160,1,IPS,16:9,,
ViewSonic VG2457V,389.99,24,1920,1080,100,5,IPS,16:9,,
AOC 2436V,,24,1920,1080,5,5,16:9,16:9,,
AOC F22,,22,1920,1080,5,5,16:9,16:9,,
ViewSonic VX2250wm-LED,,21.5,1920,1080,5,5,16:9,16:9,,
ViewSonic VA926g,,19,1280,1024,5,5,5:4,5:4,,
ViewSonic VA1948m-LED,,19,1440,900,5,5,16:10,16:10,,
ViewSonic VG2236wm-LED,,22,1920,1080,5,5,16:9,16:9,,
Samsung S27A350H,,27,1920,1080,2,2,16:9,16:9,,
Samsung B2240W,,22,1680,1050,5,5,16:10,16:10,,
Samsung B1940MR,,19,1280,1024,5,5,5:4,5:4,,
Samsung C27A750X,,27,1920,1080,2,2,16:9,16:9,,
Samsung T22A350,,21.5,1920,1080,5,5,16:9,16:9,,
Samsung T23A350,,23,1920,1080,5,5,16:9,16:9,,
Acer S201HLbd,,20,1600,900,60,5,16:9,16:9,,
Acer P215HBbd,,21.5,1920,1080,5,5,TN,16:9,,
Acer G215HVAbd,,21.5,1920,1080,5,5,TN,16:9,,
Asus VH226H,,21.5,1920,1080,2,2,16:9,16:9,,
Asus VH242H,,23.6,1920,1080,5,5,TN,16:9,,
Asus VE258Q,,25,1920,1080,2,2,16:9,16:9,,
Asus VB195T,,19,1280,1024,5,5,5:4,5:4,,
Asus VW193DR,,19,1440,900,5,5,16:10,16:10,,
BenQ BL2400PU,,24,1920,1080,8,8,16:9,16:9,,
LG E2770V-BF,,27,1920,1080,14,14,16:9,16:9,,
LG E2381VR,,23,1920,1080,5,5,TN,16:9,,
NEC MD213MG,,21.3,2048,1536,12,12,4:3,4:3,,
Lenovo L2250P,,22,1680,1050,5,5,16:10,16:10,,
Lenovo L1951P,,19,1440,900,5,5,16:10,16:10,,
HP 2211x,,21.5,1920,1080,5,5,16:9,16:9,,
NEC EA192M-BK,,19,1280,1024,5,5,5:4,5:4,,
Acer B243H AJbdr,,24,1920,1080,2,2,16:9,16:9,,
Asus VE198T,,19,1440,900,5,5,16:10,16:10,,
Lenovo D186,,18.5,1366,768,5,5,16:9,16:9,,
Acer H243Hbmid,,24,1920,1080,2,2,16:9,16:9,,
Samsung S23A750D,,23,1920,1080,120,2,16:9,16:9,,
LG W2486L,,24,1920,1080,2,2,TN,16:9,,
Acer G205HVbd,,20,1600,900,5,5,TN,16:9,,
LG N1941WP-PF,,19,1366,768,5,5,16:9,16:9,,
Hannspree HK241DPB,,23.6,1920,1080,5,5,16:9,16:9,,
Sceptre X195W-Naga,,18.5,1366,768,5,5,16:9,16:9,,
LG W2753VC-PF,,27,1920,1080,2,2,TN,16:9,,
LG E2210T-BN,,22,1680,1050,5,5,16:10,16:10,,
ViewEra V172BN-B,,17,1280,1024,8,8,5:4,5:4,,
Philips BDL3215E/00,,32,1366,768,8,8,16:9,16:9,,
Acer V193DJbd,,19,1280,1024,5,5,5:4,5:4,,
HP DreamColor LP2480zx,,24,1920,1200,12,12,IPS,16:10,,
Dell S2330MX,,23,1920,1080,60,2,16:9,16:9,,
Hannspree HL196DBB,,19,1280,1024,5,5,5:4,5:4,,
HP 2310e,,23,1920,1080,5,5,16:9,16:9,,
AOC e2051Sn,,20,1600,900,60,5,16:9,16:9,,
Samsung S27B970D,,27,2560,1440,5,5,16:9,16:9,,
Samsung C24B750X,,24,1920,1080,5,5,TN,16:9,,
Samsung S19A450BR,,19,1280,1024,5,5,TN,5:4,,
Samsung EX2220X,,21.5,1920,1080,5,5,16:9,16:9,,
Samsung S22A650D,,21.5,1920,1080,5,5,16:9,16:9,,
Samsung S27B350H,,27,1920,1080,2,2,TN,16:9,,
Samsung T22B350ND,,21.5,1920,1080,5,5,TN,16:9,,
Samsung T24B350ND,,24,1920,1080,5,5,TN,16:9,,
Samsung T27B350ND,,27,1920,1080,5,5,TN,16:9,,
Samsung S23B550V,,23,1920,1080,2,2,TN,16:9,,
NEC EA273WM-BK,,27,1920,1080,5,5,TN,16:9,,
Acer G276HLDbd,,27,1920,1080,60,6,16:9,16:9,,
Hannspree HL203DPB,,20,1600,900,5,5,16:9,16:9,,
ViewSonic VA1912M-LED,,19,1366,768,5,5,16:9,16:9,,
HP A6B85AA#ABA,,23,1920,1080,60,5,16:9,16:9,,
Hannspree HL272HPB,,27,1920,1080,2,2,16:9,16:9,,
NEC EX231WP-BK,,23,1920,1080,25,25,16:9,16:9,,
HP ZR2240w,250,21.5,1920,1080,60,8,IPS,16:9,,
HP LA2206xc,,21.5,1920,1080,60,5,16:9,16:9,,
LG E2241VB-BN,,21.5,1920,1080,5,5,16:9,16:9,,
LG E2411PU-BN,,24,1920,1080,5,5,16:9,16:9,,
Dell P1913s,,19,1280,1024,60,5,5:4,5:4,,
LG E2342V-BN,,23,1920,1080,5,5,TN,16:9,,
HP LE1851wt,,18.5,1366,768,60,5,16:9,16:9,,
Eizo MX210-BK,,21,1600,1200,60,16,4:3,4:3,,
Asus VK228H-CSM,,21.5,1920,1080,5,5,16:9,16:9,,
ViewSonic VA2223wmLED,,22,1920,1080,75,5,16:9,16:9,,
AOC e2251Swdn,,22,1920,1080,60,5,16:9,16:9,,
LG E2742V-BN,,27,1920,1080,5,5,TN,16:9,,
HP W2371d,,23,1920,1080,60,5,TN,16:9,,
NEC LCD2090UXi-1,,20.1,1600,1200,16,16,IPS,4:3,,
Eizo SX2762W-BK,,27,2560,1440,6,6,IPS,16:9,,
NEC P232W-BK,,23,1920,1080,8,8,IPS,16:9,,
HP LE2002xi,,20,1600,900,60,5,16:9,16:9,,
LG M2452D-PU,,24,1920,1080,5,5,16:9,16:9,,
HP LE2202x LL649AA#ABA),,21.5,1920,1080,60,5,16:9,16:9,,
Acer V183HV Ab,,18.5,1366,768,60,5,16:9,16:9,,
Philips BDL3245E00,,32,1920,1080,60,5,16:9,16:9,,
HP L190w,,19,1440,900,5,5,TN,16:10,,
HP A9S75A8#ABA,,19,1280,1024,5,5,5:4,5:4,,
Planar PLL2410W,,24,1920,1080,60,5,16:9,16:9,,
Samsung S19B420M,,18.5,1366,768,5,5,16:9,16:9,,
Samsung S22B420BW,,22,1680,1050,5,5,16:10,16:10,,
Acer V173DJOb,,17,1280,1024,75,5,TN,5:4,,
Samsung S22A450BW,,22,1680,1050,5,5,16:10,16:10,,
Acer P246HL Abd,,24,1920,1080,60,5,TN,16:9,,
LG IPS234V-PN,,23,1920,1080,75,14,IPS,16:9,,
LG EB2742V-BN,,27,1920,1080,75,5,16:9,16:9,,
Asus VS197T-P,,18.5,1366,768,5,5,16:9,16:9,,
BenQ VW2230H,,21.5,1920,1080,4,4,16:9,16:9,,
Sony SSML22F1,,21.5,1920,1080,,,16:9,16:9,,
ViewSonic VG2437mc-LED,,24,1920,1080,5,5,16:9,16:9,,
BenQ GW2255,,21.5,1920,1080,60,6,16:9,16:9,,
Acer B193WLBJObmdh,,19,1440,900,60,5,TN,16:10,,
Acer B243PWLAJbmdrz,,24,1920,1200,60,14,IPS,16:10,,
Acer V226HQLAbmdp,,21.5,1920,1080,60,8,TN,16:9,,
ViewSonic VG932m-LED,,19,1280,1024,5,5,TN,5:4,,
LG IPS234V-PN.AEK,,23.4,1920,1080,12,12,IPS,16:9,,
HP w2408,,24,1920,1200,60,5,TN,16:10,,
HP 25xi (C3Z97AA#ABA),,25,1920,1080,60,7,IPS,16:9,,
HP P191,,18.5,1366,768,5,5,TN,16:9,,
Samsung S20C300BL,,19.5,1600,900,5,5,TN,16:9,,
Samsung S22C350H,,21.5,1920,1080,5,5,TN,16:9,,
Samsung S22C650D,,21.5,1920,1080,5,5,IPS,16:9,,
Samsung S23C200B,,23,1920,1080,5,5,16:9,16:9,,
Samsung S23C450D,,23,1920,1080,60,5,16:9,16:9,,
Samsung S24B150BL,,23.6,1920,1080,5,5,TN,16:9,,
Samsung S24C200BL,,23.6,1920,1080,5,5,16:9,16:9,,
Samsung S24C450D,,24,1920,1080,5,5,16:9,16:9,,
Samsung S24C570HL,,23.6,1920,1080,5,5,16:9,16:9,,
Samsung S27A850T,,27,2560,1440,5,5,IPS,16:9,,
Samsung S27C570H,,27,1920,1080,5,5,16:9,16:9,,
LG 20EN33TS-B,,19.5,1600,900,5,5,16:9,16:9,,
LG 22EB23PY-B,,22,1680,1050,5,5,16:10,16:10,,
LG 23CAV42K-BL,,23,1920,1080,14,14,IPS,16:9,,
LG 24EB23PM-B,,24,1920,1200,60,5,IPS,16:10,,
LG 27EA83R-D,,27,2560,1440,60,5,IPS,16:9,,
LG 29EA93-P,,29,2560,1080,60,5,IPS,21:9,,
LG 29EB93-P,,29,2560,1080,60,5,IPS,21:9,,
LG N225WU-BN,,21.5,1920,1080,5,5,TN,16:9,,
NEC AS192WM-BK,,19,1440,900,5,5,16:10,16:10,,
NEC E223W-BK,,22,1680,1050,5,5,TN,16:10,,
Philips 227E4LSB,,21.5,1920,1080,60,5,16:9,16:9,,
Samsung ME32B,,32,1920,1080,8,8,16:9,16:9,,
AOC e2060Sn,,20,1600,900,60,5,TN,16:9,,
Gateway HX1953Lbd,,19.5,1600,900,60,5,TN,16:9,,
Lenovo 60A0MAR1US,,19.5,1600,900,75,5,16:9,16:9,,
Acer G206HQLbd,,19.5,1600,900,60,5,TN,16:9,,
Samsung S22C450B,,21.5,1920,1080,5,5,16:9,16:9,,
Eizo EV2336WFS-BK,,23,1920,1080,76,6,IPS,16:9,,
Samsung PB298Q,,29,2560,1080,60,5,IPS,21:9,,
Acer S200HQLbd,,19.5,1600,900,60,5,16:9,16:9,,
Acer V206HQLAbd,,19.5,1600,900,60,5,TN,16:9,,
Asus VN248H,,23.8,1920,1080,5,5,IPS,16:9,,
BenQ BENQGW2255,,21.5,1920,1080,60,6,TN,16:9,,
HP E271i,,27,1920,1080,60,7,IPS,16:9,,
Hannspree HE245DPB,,23.6,1920,1080,60,5,TN,16:9,,
Philips ph-278C4QHSN,,27,1920,1080,60,7,IPS,16:9,,
Acer UM.CB6AA.001,,19,1280,1024,75,5,5:4,5:4,,
Asus MX299Q,,29,2560,1080,5,5,IPS,21:9,,
LG 22EB23P-B,,22,1680,1050,60,5,TN,16:10,,
LG 29LN450W,,29,2560,1080,60,5,IPS,21:9,,
Lenovo LT2423,,24,1920,1080,60,5,TN,16:9,,
NEC EA273WMi-BK,,27,1920,1080,60,6,IPS,16:9,,
Samsung S27B971DS,,27,2560,1440,60,5,PLS,16:9,,
Crossover 27Q LED,,27,2560,1440,60,6,IPS,16:9,,
Yamakasi 300 Sparta LED,,30,2560,1600,60,6,IPS,16:10,,
Yamakasi Q270,,27,2560,1440,60,6,IPS,16:9,,
Crossover 27QW DP IPS,,27,2560,1440,60,6,IPS,16:9,,
QNIX QX2710 Evolution II Matte,,27,2560,1440,60,8,PLS,16:9,,
Planar PXL2230MW,254.25,22,1920,1080,5,5,16:9,16:9,,
NEC V322-PC,,32,1366,768,60,8,16:9,16:9,,
Acer H236HLBmjd,,23,1920,1080,60,5,IPS,16:9,,
Lenovo 60ABAAR1US,,19.5,1600,900,,TN,TN,16:9,,
Dell S2240T,,21.5,1920,1080,60,12,16:9,16:9,,
Samsung ED32C,,32,1366,768,8,8,16:9,16:9,,
Samsung S22C650P,,21.5,1920,1080,60,5,PLS,16:9,,
ViewEra V177TP,378.99,17,1280,1024,5,5,5:4,5:4,,
Gateway KX2703bd,,27,1920,1080,60,6,TN,16:9,,
NEC AS172-BK,389.99,17,1280,1024,76,5,TN,5:4,,
Acer K272HULbmiidp,,27,2560,1440,60,6,IPS,16:9,,
HP Z22i (D7Q14A4),,21.5,1920,1080,60,8,IPS,16:9,,
Acer UM.HS1AA.D01,,27,1920,1080,60,6,TN,16:9,,
AOC E2260SWDN-TAA,,22,1920,1080,60,5,TN,16:9,,
Lenovo 60B3HAR2US,,17,1280,1024,60,5,TN,5:4,,
Gateway KX2153 Abd,,21.5,1920,1080,60,8,TN,16:9,,
LG 23MB35PM-B,,23,1920,1080,60,5,IPS,16:9,,
Samsung S20D300H,,19.5,1600,900,60,5,TN,16:9,,
Samsung S27D590P,,27,1920,1080,60,5,TN,16:9,,
Samsung T28D310NH,,27.5,1366,768,60,6,TN,16:9,,
Dell UZ2215H,,21.5,1920,1080,60,8,IPS,16:9,,
Dell UZ2315H,,23,1920,1080,60,8,IPS,16:9,,
Samsung T27B550,,27,1920,1080,60,5,16:9,16:9,,
HP E221c,,21.5,1920,1080,60,7,TN,16:9,,
NEC EA244UHD-BK,,24,3840,2160,60,6,IPS,16:9,,
Eizo FS2434-BK,,23.8,1920,1080,60,5,IPS,16:9,,
Acer G247HL bid,,24,1920,1080,60,6,TN,16:9,,
LG 24M45VQ,,23.6,1920,1080,60,2,TN,16:9,,
BenQ XL2420G,,24,1920,1080,144,1,TN,16:9,,
Samsung U32D970Q,,31.5,3840,2160,60,8,PLS,16:9,,
LG 34UM94-P,,34,3440,1440,60,5,IPS,21:9,,
Asus VB199T-P,,19,1280,1024,60,5,IPS,5:4,,
AOC E2461FWH,,23.6,1920,1080,60,2,TN,16:9,,
Acer B226HQL,,21.5,1920,1080,60,5,VA,16:9,,
Dell UP2715K,,27,5120,2880,60,8,IPS,16:9,,
Dell E2414Hr,,24,1920,1080,60,5,TN,16:9,,
ViewSonic VX2239WM,,22,1920,1080,60,2,TN,16:9,,
LG 29UB55-B,,29,2560,1080,60,IPS,IPS,21:9,,
AOC I2721VH,,27,1920,1080,60,5,IPS,16:9,,
ViewSonic VA2265SMH,,21.5,1920,1080,60,7,VA,16:9,,
LG 34UC87M-B,,34,3440,1440,60,5,IPS,21:9,,
LG 22MP57HQ,,22,1920,1080,60,5,IPS,16:9,,
LG 29UM67,,29,2560,1080,60,5,IPS,21:9,,
LG 34UM67,,34,2560,1080,60,5,IPS,21:9,,
Acer CB280HK bmjdppr,,28,3840,2160,60,1,TN,16:9,,
LG 23MP47HQ,,23,1920,1080,60,5,IPS,16:9,,
HP 22UH,,21.5,1920,1080,60,5,TN,16:9,,
HP 23xw,,23,1920,1080,60,7,IPS,16:9,,
Asus PB328Q,,32,2560,1440,75,4,VA,16:9,,
Asus PA328Q,,32,3840,2160,60,6,IPS,16:9,,
AOC U2870VQE,,28,3840,2160,60,1,TN,16:9,,
Acer K242HQL BBMD,,23.6,1920,1080,60,5,TN,16:9,,
ViewSonic VP2780-4K,,27,3840,2160,60,5,IPS,16:9,,
Acer Predator XR341CK,,34,3440,1440,75,4,IPS,21:9,,
Samsung S24E650PL,,23.6,1920,1080,60,4,PLS,16:9,,
Nixeus NX-VUE24A,,24,1920,1080,144,1,TN,16:9,,
Dell E2316H,,23,1920,1080,60,5,TN,16:9,,
Lenovo 60CCMAR2US,,22,1680,1050,60,5,TN,16:10,,
LG 27MU67,,27,3840,2160,60,5,IPS,16:9,,
Asus C622AQ,,21.5,1920,1080,60,5,IPS,16:9,,
Dell S2216M,349.99,21.5,1920,1080,60,6,IPS,16:9,,
Dell P2416D,,23.8,2560,1440,60,6,IPS,16:9,,
Acer UT220HQL bmjz,210,21.5,1920,1080,60,8,VA,16:9,,
AOC I2379VHE,,23,1920,1080,60,5,IPS,16:9,,
HP V193b,,18.5,1366,768,60,5,TN,16:9,,
LG 27MC67-B,,27,3840,2160,60,5,IPS,16:9,,
Samsung S22E450D,,21.5,1920,1080,60,5,TN,16:9,,
Samsung S24E370DL,,23.6,1920,1080,60,4,PLS,16:9,,
Acer G246HYL bmjj (UM.QG6AA.001),,23.8,1920,1080,60,6,IPS,16:9,,
Acer V236HL,,23,1920,1080,60,5,TN,16:9,,
BenQ BL2410PT,,24,1920,1080,60,4,VA,16:9,,
LG 24MP47HQ,199.97,23.8,1920,1080,60,5,IPS,16:9,,
HP Z27s,,27,3840,2160,60,6,IPS,16:9,,
QNIX QX2414 LED 144 MULTI Perfect Pixel,,24,1920,1080,144,2,TN,16:9,,
CTL IP2380S,,24,1920,1080,60,6,16:9,16:9,,
Lenovo E2054,199.95,19.5,1440,900,60,14,IPS,16:10,,
LG 34UM57-P,,34,2560,1080,60,IPS,IPS,21:9,,
LG 34UM58-P,,34,2560,1080,60,5,21:9,21:9,,
Samsung S22E390H,,21.5,1920,1080,60,4,PLS,16:9,,
AOC I2481FXH,,23.8,1920,1080,60,4,IPS,16:9,,
Dell P4317Q,,42.5,3840,2160,60,8,IPS,16:9,,
Asus PA329Q,,32,3840,2160,60,5,IPS,16:9,,
AOC I2777FQ,,27,1920,1080,60,5,IPS,16:9,,
Philips 227E6LDSD/27,,21.5,1920,1080,60,1,TN,16:9,,
ViewSonic VX2778-smhd,,27,2560,1440,60,5,PLS,16:9,,
Acer XR342CK,,34,3440,1440,75,5,IPS,21:9,,
iiyama GB2788HS-B1,,27,1920,1080,144,1,TN,16:9,,
Acer XR382CQK bmijqphuzx,,37.5,3840,1600,75,5,IPS,12:5,,
Philips 227E7QDSB/11,,21.5,1920,1080,60,5,IPS,16:9,,
HP w2408h,,24,1920,1200,60,5,16:10,16:10,,
LG 24M47H-P,,23.6,1920,1080,60,5,TN,16:9,,
HP T3M84AA#ABA,,25,1920,1080,60,6,IPS,16:9,,
Lenovo 65CEGAC1UD,,27,2560,1440,4,4,IPS,16:9,,
VIOTEK GN32Q,,32,2560,1440,144,VA,VA,16:9,,
iiyama X4071UHSU-B1,,39.5,3840,2160,60,3,VA,16:9,,
LG 27MP38VQ-B,,27,1920,1080,60,5,IPS,16:9,,
LG 29UB67-B,,29,2560,1080,75,5,IPS,21:9,,
Pixio PX347c Prime,,34,3440,1440,100,8,VA,21:9,,
AOC Q2781PQ,,27,2560,1440,60,4,IPS,16:9,,
BenQ GW2470ML,,23.8,1920,1080,60,4,VA,16:9,,
LG 32UD99-W,,31.5,3840,2160,60,5,IPS,16:9,,
AOC I2470SWQ,,23.8,1920,1080,60,3,IPS,16:9,,
BenQ PD3200Q,,32,2560,1440,60,4,VA,16:9,,
Dell S2718D,,27,2560,1440,60,6,IPS,16:9,,
AOC I2280SWD,,21.5,1920,1080,60,6,IPS,16:9,,
iiyama Prolite B2280HS,,22,1920,1080,60,5,TN,16:9,,
AOC E2250SWDAK,,21.5,1920,1080,60,5,TN,16:9,,
AOC E2752VQ,,27,1920,1080,60,2,TN,16:9,,
BenQ GW2270H,,21.5,1920,1080,60,5,VA,16:9,,
iiyama Prolite XB2485WSU-B3,,24.1,1920,1200,60,4,IPS,16:10,,
Acer ET430K wmiiqppx,,43,3840,2160,60,5,IPS,16:9,,
Philips 349X7FJEW/27,,34,3440,1440,60,4,VA,21:9,,
HP 23BW,,23,1920,1080,60,7,IPS,16:9,,
Acer ET322QK wmiipx,,31.5,3840,2160,60,4,VA,16:9,,
AOC I2381FH,,23,1920,1080,60,4,IPS,16:9,,
LG 24MP60VQ-P,,23.8,1920,1080,75,5,IPS,16:9,,
iiyama E2473HS-GB1,,23.6,1920,1080,60,2,TN,16:9,,
ViewSonic XG2702,,27,1920,1080,144,1,TN,16:9,,
Philips 326M6FJSB,,31.5,2560,1440,60,5,IPS,16:9,,
AOC 27V2Q,,27,1920,1080,75,5,IPS,16:9,,
Dell S2719DM,,27,2560,1440,60,5,IPS,16:9,,
Samsung T190GN,,19,1440,900,60,2,TN,16:10,,
Dell ST2410,,24,1920,1080,60,5,TN,16:9,,
Asus VP248QGL,,24,1920,1080,75,1,TN,16:9,,
Asus C624BQH,,24.1,1920,1200,60,5,IPS,16:10,,
VIOTEK GN32DR,,31.5,2560,1440,144,3,VA,16:9,,
VIOTEK SUW49C,,49,3840,1080,144,4,VA,32:9,,
Samsung C32JG50,,32,2560,1440,144,4,VA,16:9,,
BenQ BL2381T,,22.5,1920,1200,76,5,IPS,16:10,,
Acer B276HUL Cymiippprzx,428.88,27,2560,1440,60,5,IPS,16:9,,
Acer B276HL,,27,1920,1080,60,5,VA,16:9,,
Acer CB281HK,,28,3840,2160,60,1,TN,16:9,,
Acer V276HL Cbmd,,27,1920,1080,60,5,VA,16:9,,
Acer KA200HQ Bbi,,19.5,1600,900,60,5,TN,16:9,,
Acer ET322QU Abmiprx,,31.5,2560,1440,75,4,IPS,16:9,,
Acer VA240H bp,,24,1920,1080,60,5,TN,16:9,,
Asus Designo Curve MX38VC,,38,3840,1600,75,5,IPS,12:5,,
Asus VZ27AQ,,27,2560,1440,75,5,IPS,16:9,,
BenQ BL2480T,299.99,23.8,1920,1080,60,5,IPS,16:9,,
Asus ProArt PA32UC,,32,3840,2160,60,5,IPS,16:9,,
Asus ASUSPRO C422AQH,,21.5,1920,1080,60,5,IPS,16:9,,
Asus PB278QV,,27,2560,1440,75,5,IPS,16:9,,
HP Z24i G2,659,24,1920,1200,60,14,IPS,16:10,,
HP 22eb,,21.5,1920,1080,60,6,IPS,16:9,,
LG 22MB35PY-I,399.75,21.5,1920,1080,60,5,IPS,16:9,,
LG 49BL95C-W,,49,5120,1440,60,5,IPS,32:9,,
LG 34BL650-B,379,34,2560,1080,75,5,IPS,21:9,,
NEC P243W-BK,999.95,24.1,1920,1200,60,8,IPS,16:10,,
Philips 243S5LDAB,,23.6,1920,1080,60,1,TN,16:9,,
Philips 328E9QJAB,,31.5,1920,1080,75,4,VA,16:9,,
Philips 326E8FJSB,,31.5,2560,1440,75,5,VA,16:9,,
Philips 241B7QPJKEB,294.91,23.8,1920,1080,60,5,IPS,16:9,,
V7 L236VA-2N,,23.6,1920,1080,60,5,VA,16:9,,
ViewSonic XG2760,,27,2560,1440,165,1,TN,16:9,,
Asus ProArt PA32UCX,,32,3840,2160,60,5,IPS,16:9,,
Pixio PX5 Hayabusa,,24.5,1920,1080,240,1,TN,16:9,,
LG 27BL65U-W,,27,3840,2160,60,5,IPS,16:9,,
LG 27BL85U,,27,3840,2160,60,5,IPS,16:9,,
Philips 226E9QDSB/27,,21.5,1920,1080,75,4,IPS,16:9,,
Nixeus NX-EDG34S,,34,3440,1440,144,4,VA,21:9,,
Acer KA270HK bmjdppx,,27,3840,2160,60,4,IPS,16:9,,
Acer ER320HQ,,31.5,1920,1080,60,4,IPS,16:9,,
Acer HA230 Abi,,23,1920,1080,60,4,IPS,16:9,,
Acer EI491CR Pbmiiipx,,49,3840,1080,144,4,VA,32:9,,
Acer V246HQL bi,199.99,23.6,1920,1080,60,5,VA,16:9,,
Asus ProArt PA329C,,32,3840,2160,60,5,IPS,16:9,,
Asus Designo MX27UCS,,27,3840,2160,60,5,IPS,16:9,,
Samsung LS24H851QFNXZA,329.99,23.8,2560,1440,60,5,PLS,16:9,,
ViewSonic VP2785-2K,,27,2560,1440,60,5,IPS,16:9,,
Acer K242HL Dbid,,24,1920,1080,60,1,TN,16:9,,
HP E27d G4,549,27,2560,1440,60,IPS,IPS,16:9,,
NEC EA271Q-BK,539.95,27,2560,1440,60,6,PLS,16:9,,
ViewSonic VG2753,,27,1920,1080,60,7,IPS,16:9,,
LG 32UK550-B,,31.5,3840,2160,60,4,VA,16:9,,
Acer K242HL bmidx,,24,1920,1080,60,5,TN,16:9,,
Lenovo ThinkVision T27q-20,,27,2560,1440,60,4,IPS,16:9,,
VIOTEK GNV34CB,,34,2560,1080,100,8,VA,21:9,,
VIOTEK GN35LD,,35,2560,1080,144,VA,VA,21:9,,
VIOTEK SUW49DA,,49,5120,1440,120,8,VA,32:9,,
BenQ BL2483,,24,1920,1080,60,1,TN,16:9,,
Samsung LC34J791WTEXXS,,34,3440,1440,100,4,VA,21:9,,
Dell S199WFP,,19,1440,900,60,TN,TN,16:10,,
Monoprice 40776,,34,3440,1440,144,4,VA,21:9,,
Acer V227Q bip,195.62,21.5,1920,1080,75,4,IPS,16:9,,
Acer V246HL bi,,24,1920,1080,60,5,TN,16:9,,
AOC VIPRB-E2280SWDN,,22,1920,1080,60,TN,TN,16:9,,
Acer KG221Q ABMIX,,21.5,1920,1080,75,1,TN,16:9,,
HUAWEI MateView Wireless,,28.2,3840,2560,60,IPS,IPS,3:2,,
Pixio PX274P,,27,2560,1440,75,IPS,IPS,16:9,,
X= XRGB27UHD,,27,3840,2160,144,5,IPS,16:9,,
MSI Optix MAG275R2,,27,1920,1080,170,IPS,IPS,16:9,,
Acer CB272U smiiprx,474.99,27,2560,1440,75,IPS,IPS,16:9,,
Acer CB242Y bmiprx,158,23.8,1920,1080,75,IPS,IPS,16:9,,
Samsung LF27T700QQNXZA,,27,2560,1440,75,5,IPS,16:9,,
Samsung SE450,,21.5,1920,1080,60,TN,TN,16:9,,
Samsung SE370,,23.6,1920,1080,60,,16:9,16:9,,
Samsung S32A60,269.97,32,2560,1440,75,VA,VA,16:9,,
Acer EI342CKR Sbmiipphx,,34,3440,1440,144,VA,VA,21:9,,
Acer CB272 bir,,27,1920,1080,75,IPS,IPS,16:9,,
Acer CB273U BEMIPRUZX,346,27,2560,1440,75,IPS,IPS,16:9,,
Acer Nitro QG1,,23.8,1920,1080,65,VA,VA,16:9,,
Acer CB292CU bmiiprx,,29,2560,1080,75,IPS,IPS,21:9,,
Dell C2722DE,,27,2560,1440,60,5,IPS,16:9,,
LG 27LQ625S-PU,196.99,27,1920,1080,83,14,IPS,16:9,,
LG 32UK580-B,,32,3840,2160,4,4,VA,16:9,,
LG 34WL550-B,,34,2560,1080,75,5,IPS,21:9,,
LG 34WL60TM-B,,34,2560,1080,75,5,IPS,21:9,,
LG 34WP50S-W,299.99,34,2560,1080,75,5,IPS,21:9,,
MSI Optix MAG271VCR,,27,1920,1080,165,VA,VA,16:9,,
MSI Optix MAG2742,,27,1920,1080,165,IPS,IPS,16:9,,
MSI Optix MAG273,,27,1920,1080,144,IPS,IPS,16:9,,
MSI Optix G274R,,27,1920,1080,170,IPS,IPS,16:9,,
MSI PRO MP242V,,23.8,1920,1080,75,IPS,IPS,16:9,,
MSI PRO MP271CW,,27,1920,1080,75,5,VA,16:9,,
MSI PRO MP271P,,27,1920,1080,75,IPS,IPS,16:9,,
ViewSonic VA2447-MHJ,129.99,24,1920,1080,75,5,VA,16:9,,
ViewSonic VG2756-2K,450.76,27,2560,1440,14,14,IPS,16:9,,
ViewSonic VX2768-PC-MHD,,27,1920,1080,165,3,VA,16:9,,
Asus VA279HAL,,27,1920,1080,75,6,VA,16:9,,
Asus VZ24EHE,,23.8,1920,1080,75,IPS,IPS,16:9,,
Dell S2318HN,,23,1920,1080,60,6,IPS,16:9,,
Acer BC270U,,27,2560,1440,60,VA,VA,16:9,,
Acer B247Y A,299.99,23.8,1920,1080,75,VA,VA,16:9,,
Acer EG241Y Pbmiipx,,23.8,1920,1080,165,VA,VA,16:9,,
Acer V247YU,399.99,23.8,2560,1440,75,4,IPS,16:9,,
Acer V226HQL Gbid,,21.5,1920,1080,75,TN,TN,16:9,,
Acer B227Q B,,21.5,1920,1080,75,4,VA,16:9,,
Dell E2418HN,342.69,23.8,1920,1080,60,5,IPS,16:9,,
LG 32QP880P-B,,31.5,2560,1440,75,5,IPS,16:9,,
LG 34WP88CP-B,,34,3440,1440,60,5,IPS,21:9,,
LG 27GR95QR-B,,26.5,2560,1440,240,0.03,OLED,16:9,,
LG 34WQ68X-W,,34,2560,1440,100,5,IPS,16:9,,
LG 35WN75C-W,,35,3440,1440,100,5,VA,21:9,,
Acer Predator X34 S,,34,3440,1440,144,1,IPS,21:9,,
LG 38GN95B-B,,37.5,3840,1600,160,1,IPS,12:5,,
INNOCN 27M2U,,27,3840,2160,60,,16:9,16:9,,
KTC M32P10,,31.5,3840,2160,144,IPS,IPS,16:9,,
Lenovo L193p,,19,1280,1024,75,5,TN,5:4,,
Acer UM.HE1AA.H02,,27,1920,1080,100,VA,VA,16:9,,
Acer Vero B7 B247Y H,,23.8,1920,1080,100,4,VA,16:9,,
Acer KE242Y,,23.8,1920,1080,75,IPS,IPS,16:9,,
AOC C32V3H,,31.5,1920,1080,75,4,VA,16:9,,
AOC CQ30G3E,,30,2560,1080,75,VA,VA,21:9,,
AOC CU32V3,,31.5,3840,2160,60,4,VA,16:9,,
AOC DNH-27E2H,,27,1920,1080,75,4,IPS,16:9,,
BenQ EW2880U,,28,3840,2160,60,5,IPS,16:9,,
BenQ GW2475H,189.49,23.8,1920,1080,60,5,IPS,16:9,,
BenQ GW2485TC,,23.8,1920,1080,75,5,IPS,16:9,,
CTL MTIP2781,,27,2560,1440,75,7,IPS,16:9,,
Dell E2724HS,,27,1920,1080,60,5,VA,16:9,,
Dell P3222QE,,31.5,3840,2160,60,5,IPS,16:9,,
Dell S2719NX,,27,1920,1080,60,5,16:9,16:9,,
HP P22 G5,,21.5,1920,1080,75,5,IPS,16:9,,
HP E344c,,34,3440,1440,60,16,VA,21:9,,
HP P24v G4,,23.8,1920,1080,60,5,IPS,16:9,,
Lenovo ThinkCentre TIO Flex -i,310,27,1920,1080,60,4,IPS,16:9,,
LG 27BK550Y-I,,27,1920,1080,75,5,IPS,16:9,,
LG 32BK50QWB,750,32,2560,1440,75,8,IPS,16:9,,
LG 32BQ85U-W,,31.5,3840,2160,60,5,Nano IPS,16:9,,
LG 38BN75C-B,,38,3840,1600,60,5,IPS,12:5,,
MSI Modern MD272P,204.99,27,1920,1080,75,5,IPS,16:9,,
MSI Optix G271C E2,,27,1920,1080,170,VA,VA,16:9,,
MSI Optix G274CV,,27,1920,1080,75,VA,VA,16:9,,
MSI Optix G27C5 E2,,27,1920,1080,170,VA,VA,16:9,,
MSI Optix G281UV,,27.9,3840,2160,60,4,IPS,16:9,,
NEC E273F-BK,,27,1920,1080,60,6,IPS,16:9,,
Samsung FT872,,31.5,3840,2160,60,8,VA,16:9,,
Samsung S80TB,,27,3840,2160,60,5,IPS,16:9,,
Samsung LS27CM501ENXZA,,27,1920,1080,60,4,VA,16:9,,
Lenovo T24i-20,199.99,23.9,1920,1080,60,4,IPS,16:9,,
YEYIAN Sigurd 3001,,27,1920,1080,165,1,VA,16:9,,
HP V201a,,19.4,1600,900,60,5,TN,16:9,,
AOC U28G2AE/BK,,28,3840,2160,60,IPS,IPS,16:9,,
MSI G245CV,139.99,23.6,1920,1080,100,VA,VA,16:9,,
Asus BE24ECSNK,279,23.8,1920,1080,60,5,IPS,16:9,,
ViewSonic VA2252Sm,,21.5,1920,1080,60,7,VA,16:9,,
ViewSonic VA2447-MHU,129.99,24,1920,1080,75,5,VA,16:9,,
ViewSonic VA2747-MHJ,159.99,27,1920,1080,75,5,VA,16:9,,
Acer B287K bmiipprzx,339.87,28,3840,2160,60,IPS,IPS,16:9,,
HP Z27u G3,389.99,27,2560,1440,60,5,IPS,16:9,,
LG 34CB99-W,,34,3440,1440,60,5,IPS,21:9,,
ViewSonic VG2748A,239.99,27,1920,1080,5,5,IPS,16:9,,
ViewSonic VX2767-MHD,159.99,27,1920,1080,4,4,VA,16:9,,
Acer V196L bd,249.99,19,1280,1024,75,5,TN,5:4,,
ViewSonic VP2768,476.38,27,2560,1440,60,14,IPS,16:9,,
Acer EB321HQU Awidpx,,31.5,2560,1440,60,4,IPS,16:9,,
Dell S2419HN,,23.8,1920,1080,60,5,IPS,16:9,,
Acer BM270 bmiipphuzx,459.99,27,3840,2160,60,4,IPS,16:9,,
NEC AS224WMI-BK,288.99,21.5,1920,1080,60,6,IPS,16:9,,
Philips 258B6QUEB,,25,2560,1440,60,5,IPS,16:9,,
NEC EA231WU-BK,259.99,22.5,1920,1200,60,5,IPS,16:10,,
LG 49WL95C-WE,1499.99,49,5120,1440,60,5,IPS,32:9,,
LG 27LQ600S-W,209.99,27,1920,1080,75,14,IPS,16:9,,
LG 34WN650-W,349.99,34,2560,1080,75,5,IPS,21:9,,
ViewSonic VP2776,799.99,27,2560,1440,165,5,IPS,16:9,,
ViewSonic VP3481A,,34,3440,1440,100,5,VA,21:9,,
Asus VA24DCP,,23.8,1920,1080,75,5,IPS,16:9,,
LG 34BL85CB,,34,3440,1440,60,5,IPS,21:9,,
AOC 2036S,,20,1600,900,5,5,16:9,16:9,,
AOC 2036Sa,,20,1600,900,5,5,16:9,16:9,,
Asus ML239H,,23,1920,1080,5,5,IPS,16:9,,
AOC 2236vw,,22,1920,1080,60,5,16:9,16:9,,
AOC 919Vwa,,19,1440,900,5,5,16:10,16:10,,
AOC E2243FW,,21.5,1920,1080,5,5,16:9,16:9,,
AOC e2343F,,23,1920,1080,5,5,TN,16:9,,
AOC E2343FK,,23,1920,1080,5,5,TN,16:9,,
AOC E2043F,,20,1600,900,5,5,16:9,16:9,,
AOC e2043Fk,,20,1600,900,5,5,16:9,16:9,,
Eizo S2100-BK,,21.3,1600,1200,8,8,4:3,4:3,,
ViewSonic VA2223wm,,21.5,1920,1080,5,5,16:9,16:9,,
ViewSonic VG732M,,17,1280,1024,5,5,5:4,5:4,,
ViewSonic VG932m,,19,1280,1024,5,5,5:4,5:4,,
ViewSonic VA705b,,17,1280,1024,5,5,5:4,5:4,,
ViewSonic VA2248m-LED,,22,1920,1080,5,5,16:9,16:9,,
ViewSonic VX2253mh-LED,,22,1920,1080,5,5,16:9,16:9,,
ViewSonic VG2228WM,,22,1920,1080,5,5,16:9,16:9,,
ViewSonic VA2448m-LED,,24,1920,1080,5,5,16:9,16:9,,
ViewSonic VG2436wm-LED,,24,1920,1080,5,5,16:9,16:9,,
ViewSonic VA2033-LED,,20,1600,900,5,5,16:9,16:9,,
ViewSonic VX2753mh-LED,,27,1920,1080,1,1,16:9,16:9,,
ViewSonic VA2333-LED,,23,1920,1080,5,5,16:9,16:9,,
ViewSonic VP2365wb,,23,1920,1080,14,14,IPS,16:9,,
ViewSonic VA1932WM,,19,1440,900,5,5,16:10,16:10,,
ViewSonic VA2231WM,,21.5,1920,1080,5,5,16:9,16:9,,
Samsung B1940EW,,19,1440,900,5,5,16:10,16:10,,
Samsung E1920NR,,19,1280,1024,5,5,5:4,5:4,,
Samsung S23A550H,,23,1920,1080,2,2,16:9,16:9,,
Samsung B1940ER,,19,1280,1024,5,5,5:4,5:4,,
Samsung MD230,,23,1920,1080,8,8,16:9,16:9,,
Samsung B2240EW,,22,1680,1050,5,5,16:10,16:10,,
Samsung S20A350B,,20,1600,900,5,5,16:9,16:9,,
Samsung S22A350H,,21.5,1920,1080,2,2,16:9,16:9,,
Samsung S23A350H,,23,1920,1080,2,2,16:9,16:9,,
Samsung S24A350H,,24,1920,1080,2,2,16:9,16:9,,
Samsung PX2370,,23,1920,1080,2,2,TN,16:9,,
Samsung S27A950D,,27,1920,1080,120,2,16:9,16:9,,
Samsung S23A950D,,23,1920,1080,120,2,16:9,16:9,,
Samsung S27A550H,,27,1920,1080,2,2,16:9,16:9,,
Samsung B2240MW,,22,1680,1050,5,5,16:10,16:10,,
Samsung S20A300B,,20,1600,900,5,5,16:9,16:9,,
Samsung B1740R,,17,1280,1024,5,5,5:4,5:4,,
Samsung T23A950,,23,1920,1080,120,5,16:9,16:9,,
Samsung T23A750,,23,1920,1080,5,5,16:9,16:9,,
Samsung T24A350,,24,1920,1080,5,5,16:9,16:9,,
Dell U2211H,,21.5,1920,1080,8,8,IPS,16:9,,
V7 D1912-N6,,19,1280,1024,5,5,5:4,5:4,,
V7 D1912B-N6,,19,1280,1024,5,5,5:4,5:4,,
V7 D22W12-N6,,22,1680,1050,5,5,16:10,16:10,,
Acer S212HLbd,,21.5,1920,1080,5,5,TN,16:9,,
Acer V243HAJbd,,24,1920,1080,2,2,16:9,16:9,,
Acer B193DJbmdh,,19,1280,1024,5,5,5:4,5:4,,
Acer V233HAJbmd,,23,1920,1080,5,5,16:9,16:9,,
Acer B193WGJbmdh,,19,1440,900,5,5,16:10,16:10,,
Acer V233HAJbd,,23,1920,1080,5,5,16:9,16:9,,
Acer V223WEJbmd,,22,1680,1050,5,5,16:10,16:10,,
Acer S273HL bmii,,27,1920,1080,2,2,TN,16:9,,
Acer V223WEJbd,,22,1680,1050,5,5,16:10,16:10,,
Acer V213HBJbd,,21.5,1920,1080,5,5,16:9,16:9,,
Acer S211HLbd,,21.5,1920,1080,5,5,16:9,16:9,,
Acer V193WEJbd,,19,1440,900,5,5,16:10,16:10,,
Acer G185HAb,,18.5,1366,768,5,5,16:9,16:9,,
Acer V193DJbm,,19,1280,1024,5,5,5:4,5:4,,
Acer S232HLAbid,,23,1920,1080,5,5,TN,16:9,,
Acer V193DJb,,19,1280,1024,5,5,5:4,5:4,,
Acer G245HBbd,,24,1920,1080,5,5,TN,16:9,,
Acer V173DJbd,,17,1280,1024,5,5,5:4,5:4,,
Acer H274HLBMID,,27,1920,1080,5,5,TN,16:9,,
Acer G245HQAbd,,23.6,1920,1080,5,5,TN,16:9,,
Acer S243HLbmii,,24,1920,1080,2,2,TN,16:9,,
Asus VE208T,,20,1600,900,5,5,16:9,16:9,,
Asus VW248TLB,,24,1920,1080,5,5,16:9,16:9,,
Asus VK246H,,24,1920,1080,2,2,16:9,16:9,,
Asus VB171T,,17,1280,1024,5,5,5:4,5:4,,
Asus VW228TLB,,21.5,1920,1080,5,5,16:9,16:9,,
Asus VW193TR,,19,1440,900,5,5,16:10,16:10,,
Asus VH222H-P,,21.5,1920,1080,5,5,16:9,16:9,,
Asus VH202T-P,,20,1600,900,5,5,16:9,16:9,,
Asus VH192D,,18.5,1366,768,5,5,16:9,16:9,,
Asus PA246Q,,24.1,1920,1200,6,6,IPS,16:10,,
Asus ML249H,,24,1920,1080,8,8,16:9,16:9,,
Asus ML228H,,21.5,1920,1080,2,2,16:9,16:9,,
Asus VW196T-P,,19,1440,900,5,5,16:10,16:10,,
Asus VB175T,,17,1280,1024,5,5,5:4,5:4,,
Asus ML248H,,24,1920,1080,2,2,16:9,16:9,,
Asus VE276Q,,27,1920,1080,2,2,16:9,16:9,,
Asus VE198D,,19,1440,900,5,5,16:10,16:10,,
Asus VK278Q,,27,1920,1080,2,2,16:9,16:9,,
Asus VW224T,,22,1680,1050,5,5,16:10,16:10,,
LG E2750VR-SN,,27,1920,1080,5,5,TN,16:9,,
LG E2281VR-BN,,22,1920,1080,5,5,16:9,16:9,,
LG IPS226V-PN,,21.5,1920,1080,8,8,IPS,16:9,,
LG E2370V-BF,,23,1920,1080,14,14,IPS,16:9,,
NEC P221W-BK-SV,,22,1680,1050,8,8,16:10,16:10,,
NEC MD212MC,,21.3,1600,1200,20,20,4:3,4:3,,
NEC EA221WM-BK,,22,1680,1050,5,5,16:10,16:10,,
NEC PA241W-BK-SV,,24.1,1920,1200,16,16,16:10,16:10,,
HP LE1911i,,19,1280,1024,5,5,5:4,5:4,,
Hannspree HZ281HPB,,27.5,1920,1200,3,3,16:10,16:10,,
Hannspree HW-173ABB,,17,1440,900,5,5,16:10,16:10,,
HP LE2201w,,22,1680,1050,5,5,16:10,16:10,,
Hannspree HX-191DPB,,19,1280,1024,5,5,5:4,5:4,,
Hannspree HL227DBB,,21.5,1920,1080,5,5,16:9,16:9,,
Hannspree HH241DPB,,23.6,1920,1080,5,5,16:9,16:9,,
Hannspree HZ201DPB,,20,1600,900,5,5,16:9,16:9,,
HP LA1905wg,,19,1440,900,5,5,16:10,16:10,,
Hannspree HZ194APB,,18.5,1366,768,5,5,16:9,16:9,,
Hannspree HF225DPB,,21.5,1920,1080,5,5,16:9,16:9,,
Hannspree SL231DPB,,23,1920,1080,5,5,16:9,16:9,,
HP ZR30w,,30,2560,1600,7,7,IPS,16:10,,
Compaq LA1905wg,,19,1440,900,5,5,TN,16:10,,
HP S1933,,18.5,1366,768,5,5,TN,16:9,,
Compaq LE1911i,,19,1280,1024,5,5,5:4,5:4,,
Planar PL1910M-WH,,19,1280,1024,5,5,5:4,5:4,,
Planar PX2210MW,,21.6,1920,1080,5,5,16:9,16:9,,
Planar PL1700-BK,,17,1280,1024,5,5,5:4,5:4,,
Planar 997-2795-00-BN,,17,1280,1024,5,5,5:4,5:4,,
Planar PL1711M-BK,,17,1280,1024,5,5,5:4,5:4,,
Planar PL1711M-WH,,17,1280,1024,5,5,5:4,5:4,,
HP LA1951G,,19,1280,1024,5,5,5:4,5:4,,
Planar PL1700M,,17,1280,1024,8,8,5:4,5:4,,
Planar PL1910M,,19,1280,1024,5,5,5:4,5:4,,
Lenovo L2321x,,23,1920,1080,5,5,16:9,16:9,,
NEC P221W-BK,,22,1680,1050,8,8,16:10,16:10,,
Planar PL1911M-BK,,19,1280,1024,5,5,5:4,5:4,,
NEC LCD2490W2-BK-SV,1080.72,24,1920,1200,8,8,IPS,16:10,,
NEC PA271W-BK,,27,2560,1440,16,16,16:9,16:9,,
NEC PA241W-BK,,24.1,1920,1200,8,8,16:10,16:10,,
Gateway FHX2402Lbid,,24,1920,1080,5,5,TN,16:9,,
HP LE1751g,,17,1280,1024,5,5,5:4,5:4,,
Gateway FHX2152Lbd,,21.5,1920,1080,5,5,TN,16:9,,
HP LE1901wi,,19,1440,900,5,5,16:10,16:10,,
NEC LCD2090UXi-BK-1,,20.1,1600,1200,16,16,IPS,4:3,,
Planar PX2411MW,,23.6,1920,1080,2,2,16:9,16:9,,
Planar PL2010MW,203.55,20,1600,900,5,5,16:9,16:9,,
NEC EA232WMi,,23,1920,1080,14,14,IPS,16:9,,
Planar SA2311W,,23,1920,1080,120,2,16:9,16:9,,
NEC EX231W-BK,,23,1920,1080,5,5,16:9,16:9,,
Planar PJ19W,,18.5,1366,768,5,5,16:9,16:9,,
Planar PX2211MW,,21.6,1920,1080,5,5,16:9,16:9,,
NEC E231W-BK,,23,1920,1080,5,5,16:9,16:9,,
NEC EA241WM-BK,,24,1920,1200,5,5,16:10,16:10,,
NEC AS171-BK,,17,1280,1024,5,5,5:4,5:4,,
NEC AS191WM-BK,,19,1440,900,5,5,16:10,16:10,,
NEC E222W-BK,,22,1680,1050,5,5,16:10,16:10,,
Planar 997-5260-00-BN,,19,1440,900,5,5,16:10,16:10,,
Samsung TC240,,23.6,1920,1080,5,5,16:9,16:9,,
Planar PL1920M,,19,1280,1024,5,5,5:4,5:4,,
Planar PL1911MW,,19,1440,900,5,5,16:10,16:10,,
Hannspree HH193DPB,,19,1280,1024,5,5,5:4,5:4,,
NEC E201W-BK,,20,1600,900,,,16:9,16:9,,
Acer B273Hbmidhz,,27,1920,1080,5,5,16:9,16:9,,
Acer B223WGJbmdr,,22,1680,1050,5,5,16:10,16:10,,
Acer V183HLAJb,,18.5,1366,768,5,5,TN,16:9,,
Hannspree HL193ABB,,18.5,1366,768,5,5,16:9,16:9,,
NEC AS231WM-BK,,23,1920,1080,5,5,16:9,16:9,,
Samsung P1980ER,,19,1280,1024,5,5,5:4,5:4,,
Planar PL1700M-BK(997-2796-00),,17,1280,1024,5,5,5:4,5:4,,
Planar PL1910W,,18.5,1366,768,5,5,16:9,16:9,,
BenQ VW2420H,,24,1920,1080,25,25,16:9,16:9,,
Samsung NC240,,23.6,1920,1080,5,5,16:9,16:9,,
HP 2509p,,25,1920,1080,3,3,16:9,16:9,,
ViewSonic VA1906a-LED,,19,1366,768,5,5,16:9,16:9,,
NEC LCD2090UXi-BK-SV,,20.1,1600,1200,16,16,4:3,4:3,,
NEC PA231W-BK,,23,1920,1080,8,8,16:9,16:9,,
Samsung S27A750D,,27,1920,1080,2,2,16:9,16:9,,
Acer V203HCJbd,,20,1600,900,5,5,16:9,16:9,,
NEC AS221WM-BK,,22,1680,1050,5,5,16:10,16:10,,
ViewSonic VA1931wm,,19,1366,768,5,5,16:9,16:9,,
NEC LCD2490WUXi2-BK,,24,1920,1200,8,8,16:10,16:10,,
Asus ML238H,,23,1920,1080,2,2,16:9,16:9,,
Acer V203HCJbmd,,20,1600,900,5,5,16:9,16:9,,
LG L1942PE-BS,,19,1280,1024,5,5,5:4,5:4,,
LG W2246PM-BF,,21.5,1920,1080,5,5,16:9,16:9,,
Asus VE248HL-TAA,,24,1920,1080,2,2,16:9,16:9,,
Planar PL1900,,19,1280,1024,5,5,5:4,5:4,,
Acer H274HLbmd,,27,1920,1080,5,5,TN,16:9,,
Samsung S22A100N,,21.5,1920,1080,5,5,16:9,16:9,,
NEC AS192-BK,,19,1280,1024,5,5,TN,5:4,,
ViewSonic VG1932wm-LED,,19,1440,900,5,5,16:10,16:10,,
LG N1941W-KIT,,19,1366,768,5,5,16:9,16:9,,
Asus VS198D-P,,19,1440,900,5,5,16:10,16:10,,
Hannspree HF-237HPB,,23,1920,1080,5,5,16:9,16:9,,
Hannspree HF-257HPB,,24.6,1920,1080,2,2,16:9,16:9,,
ViewEra V196BN,,19,1280,1024,5,5,5:4,5:4,,
ViewSonic VP2365-LED,,23,1920,1080,6,6,IPS,16:9,,
Asus MT276HE,,27,1920,1080,2,2,16:9,16:9,,
ViewSonic VG2732m-LED,,27,1920,1080,3,3,16:9,16:9,,
Planar PL2210W,,22,1920,1080,5,5,16:9,16:9,,
Dell E2311H,,23,1920,1080,5,5,TN,16:9,,
Planar 997-6502-00,,24,1920,1080,5,5,16:9,16:9,,
Planar PL1702,,17,1280,1024,5,5,5:4,5:4,,
Samsung NC190-1,,19,1280,1024,5,5,5:4,5:4,,
Samsung C23A750X,,23,1920,1080,2,2,16:9,16:9,,
Acer S200HLAbd,,20,1600,900,5,5,TN,16:9,,
Samsung S27A850D,,27,2560,1440,5,5,16:9,16:9,,
LG E2210P-BN,,22,1680,1050,5,5,16:10,16:10,,
Samsung 320MP-3,,32,1366,768,8,8,16:9,16:9,,
ViewEra V172SV-B,,17,1280,1024,8,8,5:4,5:4,,
NEC E321,,32,1366,768,8,8,16:9,16:9,,
LG M3204CCBA,,32,1366,768,,,16:9,16:9,,
ViewSonic CD3225,759.74,32,1920,1080,8,8,16:9,16:9,,
NEC V321-2,,32,1366,768,8,8,16:9,16:9,,
Planar PXL2430MW,,23.5,1920,1080,5,5,16:9,16:9,,
ViewSonic VP2765-LED,,27,1920,1080,5,5,16:9,16:9,,
Samsung E2420L,,23.6,1920,1080,5,5,16:9,16:9,,
Acer G245HQ Abmid,,23.6,1920,1080,5,5,TN,16:9,,
NEC EX201W-BK,,20,1600,900,5,5,TN,16:9,,
iZ3D H220Z1,,22,1680,1050,5,5,16:10,16:10,,
DoubleSight DS-220C,,21.5,1920,1080,5,5,TN,16:9,,
DoubleSight DS- 2200WA,,21.5,1920,1080,5,5,TN,16:9,,
DoubleSight DS-275W,,27,2560,1440,6,6,16:9,16:9,,
NEC P241W-BK,799,24.1,1920,1200,8,8,16:10,16:10,,
DoubleSight DS-277W,,27,2560,1440,6,6,IPS,16:9,,
HP ZR2040w,,20,1600,900,7,7,IPS,16:9,,
ViewSonic VA1938WA-LED,,19,1366,768,5,5,16:9,16:9,,
DoubleSight DS-307W,,30,2560,1600,7,7,IPS,16:10,,
HP LP2480zx,,24,1920,1200,12,12,IPS,16:10,,
DoubleSight DS-245V,,24,1920,1200,5,5,IPS,16:10,,
HP 2011x (XP597AA#ABA),,20,1600,900,5,5,TN,16:9,,
HP 2511x (XP599AA#ABA),,25,1920,1080,5,5,TN,16:9,,
Samsung BX2350,,23,1920,1080,2,2,16:9,16:9,,
ViewEra V185MV,,18.5,1366,768,5,5,16:9,16:9,,
Dell S2230MX,,21.5,1920,1080,60,2,16:9,16:9,,
ViewSonic VG2228wm-LED,,22,1920,1080,5,5,16:9,16:9,,
Samsung S19A200NW,,19,1440,900,5,5,TN,16:10,,
ViewSonic V3D231,,23,1920,1080,2,2,16:9,16:9,,
Acer V203HL BJbmd,,20,1600,900,60,5,TN,16:9,,
AOC i2353Ph,,23,1920,1080,60,5,16:9,16:9,,
Acer HR274Hbmii,,27,1920,1080,60,2,TN,16:9,,
Acer S235HLbii,,23,1920,1080,60,5,TN,16:9,,
Acer V243HL DJbmd,,24,1920,1080,60,5,TN,16:9,,
Acer V213HLBJbmd,,21.5,1920,1080,60,5,TN,16:9,,
BenQ GW2450HM,,24,1920,1080,4,4,16:9,16:9,,
Samsung LS24A650SS/ZA,,24,1920,1080,60,8,16:9,16:9,,
Samsung S24A450BW-1,,24,1920,1200,5,5,16:10,16:10,,
Samsung S24A450BW,,24,1920,1200,5,5,TN,16:10,,
Samsung T27B750ND,,27,1920,1080,5,5,TN,16:9,,
Samsung S22A460B-1,,21.5,1920,1080,5,5,16:9,16:9,,
Samsung EX2020X,,20,1600,900,5,5,16:9,16:9,,
Samsung S24A460B-1,,24,1920,1080,5,5,16:9,16:9,,
Samsung S19A450MW,,19,1440,900,5,5,TN,16:10,,
Samsung S24A450MW,,24,1920,1200,60,5,TN,16:10,,
Samsung C24A650X,,24,1920,1080,8,8,16:9,16:9,,
Samsung S27B750V,,27,1920,1080,2,2,TN,16:9,,
Samsung S22A200B,,21.5,1920,1080,5,5,TN,16:9,,
Samsung S24B750V,,24,1920,1080,2,2,TN,16:9,,
Samsung S27A650D,,27,1920,1080,60,8,16:9,16:9,,
Samsung S24A650D,,24,1920,1080,60,8,16:9,16:9,,
Samsung S27B550V,,27,1920,1080,2,2,TN,16:9,,
BenQ RL2450HT,,24,1920,1080,5,5,TN,16:9,,
BenQ GW2250,,21.5,1920,1080,4,4,16:9,16:9,,
AOC e2250Swdn,,22,1920,1080,60,5,16:9,16:9,,
Hannspree SM198DPR,,19,1440,900,5,5,16:10,16:10,,
Acer G236HLBbd,,23,1920,1080,60,5,TN,16:9,,
Hannspree HF205DPB,,20,1600,900,5,5,16:9,16:9,,
Acer V203HLBJObd,,20,1600,900,60,5,TN,16:9,,
Hannspree SM238DPR,,23,1920,1080,5,5,16:9,16:9,,
ViewSonic VG2239M-LED,,22,1920,1080,5,5,16:9,16:9,,
NEC E322,,32,1366,768,8,8,16:9,16:9,,
NEC EA232WMI-BK,,23,1920,1080,14,14,IPS,16:9,,
Hannspree HL249DPB,,23.6,1920,1080,5,5,16:9,16:9,,
NEC EA243WM-BK,,24,1920,1200,5,5,TN,16:10,,
ViewSonic VA2342-LED,,23,1920,1080,5,5,16:9,16:9,,
V7 460FP-3/SBB-DT3,,18.5,1366,768,5,5,16:9,16:9,,
HP L2201x,,21.5,1920,1080,60,16,16:9,16:9,,
LG IPS231B-BN,,23,1920,1080,5,5,IPS,16:9,,
ViewSonic VX2336S-LED,,23,1920,1080,14,14,IPS,16:9,,
NEC PA271W-BK-SV,,27,2560,1440,16,16,IPS,16:9,,
Acer V243HL DJObmd,,24,1920,1080,60,5,16:9,16:9,,
NEC AS241W-BK,,24,1920,1080,5,5,TN,16:9,,
HP ZR2740w,,27,2560,1440,60,14,IPS,16:9,,
ViewSonic VA1912A-LED,,19,1366,768,5,5,16:9,16:9,,
Hannspree HE225DPB,,21.5,1920,1080,5,5,16:9,16:9,,
Planar PXL2451MW,,23.6,1920,1080,60,5,16:9,16:9,,
NEC PA231W-BK-SV,,23,1920,1080,8,8,16:9,16:9,,
Hannspree HL229DPB,,21.5,1920,1080,5,5,16:9,16:9,,
LG E2211PU-BN,,22,1920,1080,5,5,16:9,16:9,,
LG E2441T-BN,,24,1920,1080,5,5,16:9,16:9,,
ViewSonic VA2251M-LED,,22,1920,1080,5,5,16:9,16:9,,
LG N1910LZ-BF,,19,1280,1024,5,5,TN,5:4,,
LG IPS234T-PN,,23,1920,1080,14,14,IPS,16:9,,
LG E2211T-BN,,22,1920,1080,5,5,16:9,16:9,,
HP LE2202x,,21.5,1920,1080,5,5,TN,16:9,,
LG IPS224T-PN,,22,1920,1080,14,14,IPS,16:9,,
LG EB2442T-BN,,24,1920,1080,5,5,16:9,16:9,,
LG IPS225T-BN,,21.5,1920,1080,8,8,IPS,16:9,,
LG EB2242T-BN,,22,1920,1080,5,5,16:9,16:9,,
V7 LED236W3-8N,,23.6,1920,1080,5,5,16:9,16:9,,
LG EW224T,,22,1920,1080,5,5,16:9,16:9,,
LG E2050T-SN,,20,1600,900,5,5,16:9,16:9,,
ViewSonic VA2451M-TAA,,24,1920,1080,5,5,16:9,16:9,,
LG IPS235T-BN,,23,1920,1080,8,8,IPS,16:9,,
ViewSonic VA2251M-TAA,,22,1920,1080,5,5,16:9,16:9,,
LG D2342PB-PN,,23,1920,1080,5,5,16:9,16:9,,
LG N2210WZ-BF,,22,1680,1050,5,5,TN,16:10,,
ViewSonic VA1931wm-LED,,19,1366,768,60,5,16:9,16:9,,
LaCie 324i,,24,1920,1200,60,6,IPS,16:10,,
HP W2371d (B3A19AA#ABA),,23,1920,1080,60,5,TN,16:9,,
Asus VW226TL-TAA,,22,1680,1050,5,5,16:10,16:10,,
LG E2211TB-BN,,22,1920,1080,5,5,16:9,16:9,,
Asus VK248H-CSM,,24,1920,1080,2,2,16:9,16:9,,
Hannspree HL248DPB,,23.6,1920,1080,5,5,16:9,16:9,,
Hannspree HL269DPB,,26,1920,1080,5,5,16:9,16:9,,
HP L191s,,19,1280,1024,60,5,5:4,5:4,,
Eizo S2433WFS-BK,,24,1920,1200,6,6,16:10,16:10,,
Hannspree HL190ABB,,18.5,1366,768,5,5,16:9,16:9,,
Lenovo LS1922,,18.5,1366,768,5,5,16:9,16:9,,
NEC LCD1990SXi-BK,,19,1280,1024,18,18,IPS,5:4,,
LG E2711PY-BN,,27,1920,1080,60,5,16:9,16:9,,
Acer B243HL DJObmdr,,24,1920,1080,5,5,16:9,16:9,,
HP L240w,,24,1920,1200,60,5,TN,16:10,,
ViewSonic VA2451M-LED,,24,1920,1080,5,5,16:9,16:9,,
ViewSonic VA2232WM-LED,,22,1680,1050,5,5,16:10,16:10,,
Lenovo LS2421p,,23.6,1920,1080,5,5,16:9,16:9,,
Lenovo LT2323p,,23,1920,1080,5,5,16:9,16:9,,
Planar PX2611W,,26,1920,1200,5,5,IPS,16:10,,
V7 LED185W2R-8N,,18.5,1366,768,75,5,16:9,16:9,,
NEC EA223WM-BK,,22,1680,1050,5,5,TN,16:10,,
V7 LED236W3R-8N,,24,1920,1080,75,5,16:9,16:9,,
V7 LED215W2R-8N,,21.5,1920,1080,75,5,16:9,16:9,,
DoubleSight DS-1900S-R,,19,1280,1024,60,8,5:4,5:4,,
NEC LCD175M-BK,,17,1280,1024,5,5,5:4,5:4,,
Planar PLL1910W,,18.5,1366,768,60,5,16:9,16:9,,
NEC ASLCD93VX-BK,,19,1280,1024,5,5,5:4,5:4,,
NEC ASLCD194WXM-BK,,19,1440,900,5,5,16:10,16:10,,
NEC LCD2490WUXi-BK-SV,,24.1,1920,1200,16,16,16:10,16:10,,
NEC LCD175VXM+BK,,17,1280,1024,5,5,5:4,5:4,,
Acer G245Hbmid,,24,1920,1080,5,5,16:9,16:9,,
ViewSonic VA926,,19,1280,1024,5,5,5:4,5:4,,
NEC EA222WMe-BK,,22,1680,1050,5,5,TN,16:10,,
ViewSonic VX2739WM,,27,1920,1080,1,1,TN,16:9,,
LG EW234T-PN,,23,1920,1080,5,5,TN,16:9,,
HP L2311c,,23,1920,1080,5,5,TN,16:9,,
Planar 997-6498-00-BN,,22,1920,1080,75,5,16:9,16:9,,
Eizo SX2462W-BK,,24.1,1920,1200,5,5,IPS,16:10,,
Eizo CG223W-BK,,22,1680,1050,6,6,16:10,16:10,,
Eizo S1921XSH-BK,,19,1280,1024,20,20,5:4,5:4,,
NEC P241W-BK-SV,,24,1920,1200,85,8,IPS,16:10,,
Planar PLL1900MW,,19,1366,768,60,5,16:9,16:9,,
ViewSonic VX2460h-LED,,24,1920,1080,2,2,16:9,16:9,,
AOC E943FWSK,,18.5,1366,768,60,5,16:9,16:9,,
V7 LED185W1-8N,,18.5,1366,768,5,5,16:9,16:9,,
V7 LED215W2-8N,,21.5,1920,1080,5,5,16:9,16:9,,
V7 D22W12A-N6,,22,1680,1050,76,5,16:10,16:10,,
Acer S181HL Gb,,18.5,1366,768,5,5,16:9,16:9,,
Planar 997-6501-00,,22,1920,1080,60,5,16:9,16:9,,
Acer G185HVb,,18.5,1366,768,60,5,TN,16:9,,
Acer G276HLDbmid,,27,1920,1080,60,6,16:9,16:9,,
Acer V203HLBJObmd,,20,1600,900,60,5,TN,16:9,,
Acer V173 DJObm,,17,1280,1024,75,5,5:4,5:4,,
Acer V173 DJObd,,17,1280,1024,75,5,TN,5:4,,
Acer G245HQLbd,,23.6,1920,1080,60,5,TN,16:9,,
ViewSonic VG2239M-TAA,,22,1920,1080,5,5,16:9,16:9,,
Samsung S19B220NW,,19,1440,900,5,5,16:10,16:10,,
HP 1912nm,,18.5,1366,768,5,5,16:9,16:9,,
V7 LED236W3R-HDMI,,24,1920,1080,5,5,16:9,16:9,,
ViewSonic VA705-LED,,17,1280,1024,5,5,5:4,5:4,,
LG N2311AZ-BF,,23,1920,1080,14,14,IPS,16:9,,
AOC E2060SDA,,20,1600,900,5,5,16:9,16:9,,
Samsung LF19PPBCB/ZA,,19,1280,1024,5,5,5:4,5:4,,
AOC E2243FWSK,,22,1920,1080,60,5,16:9,16:9,,
AOC E2343FSK,,23,1920,1080,60,5,16:9,16:9,,
V7 LED215W2R-SPEAKERS,,21.5,1920,1080,5,5,16:9,16:9,,
Asus VB178T,,17,1280,1024,5,5,5:4,5:4,,
Samsung S24A650S,,24,1920,1080,60,8,16:9,16:9,,
Acer G206HLBbd,,20,1600,900,60,5,TN,16:9,,
HP C0H31A8#ABA,,23,1920,1080,60,5,16:9,16:9,,
Zalman MZ215ED,,21.5,1920,1080,5,5,16:9,16:9,,
ViewSonic VX2370Smh-LED,,23,1920,1080,7,7,IPS,16:9,,
Acer G215HVBbd,,21.5,1920,1080,60,5,TN,16:9,,
Zalman MZ230ED,,23,1920,1080,5,5,16:9,16:9,,
LG IPS224V-PN,,21.5,1920,1080,14,14,IPS,16:9,,
AOC E2460SWD,,24,1920,1080,60,5,16:9,16:9,,
Lenovo 3028LB2,,23,1920,1080,7,7,16:9,16:9,,
NEC EA224WMi-BK,,22,1920,1080,5,5,IPS,16:9,,
Acer M230A,,23,1920,1080,5,5,TN,16:9,,
Acer V193LAJObd,,19,1280,1024,75,5,TN,5:4,,
Acer B223WL,,22,1680,1050,5,5,16:10,16:10,,
Acer S271HLCbid,,27,1920,1080,60,6,16:9,16:9,,
Acer V233HLBJObd,,23,1920,1080,60,5,TN,16:9,,
Acer S181HLMb,,18.5,1366,768,5,5,16:9,16:9,,
Asus VG27AH,,27,1920,1080,5,5,IPS,16:9,,
BenQ VW2430H,,24,1920,1080,4,4,16:9,16:9,,
V7 LED185W2RS-8N,,18.5,1366,768,5,5,16:9,16:9,,
AOC E2051F,,20,1600,900,60,5,16:9,16:9,,
DoubleSight DS-1700-R,,17,2560,1024,75,8,5:2,5:2,,
LG E2722PY-BN,,27,1920,1080,14,14,IPS,16:9,,
Sony SSML24F1,,24,1920,1080,,,16:9,16:9,,
LG IPS237L-BN,,23,1920,1080,5,5,IPS,16:9,,
LG IPS277L-BN,,27,1920,1080,5,5,IPS,16:9,,
Samsung S24A850DW,,24,1920,1080,5,5,16:9,16:9,,
V7 LED215W2-DVI,,21.5,1920,1080,5,5,16:9,16:9,,
ViewSonic VA2037m-LED,,20,1600,900,5,5,16:9,16:9,,
ViewSonic VA2406m-LED,,24,1920,1080,5,5,16:9,16:9,,
ViewSonic VA926-LED,,19,1280,1024,5,5,5:4,5:4,,
ViewSonic VG732m-LED,,17,1280,1024,,,5:4,5:4,,
ViewSonic VX2270Smh-LED,,22,1920,1080,7,7,IPS,16:9,,
Asus PA249Q,,24,1920,1200,6,6,IPS,16:10,,
Acer V196WLb,,19,1440,900,60,5,TN,16:10,,
Acer V196WLbm,,19,1440,900,60,5,TN,16:10,,
Acer B226WLymdr,,22,1680,1050,60,5,TN,16:10,,
Acer V226WLbmd,,22,1680,1050,60,5,TN,16:10,,
Acer V226WLbd,,22,1680,1050,60,5,TN,16:10,,
Acer B246HLymdr,,24,1920,1080,60,5,TN,16:9,,
Acer UM.HB6AA.001,,27,1920,1080,60,6,IPS,16:9,,
Acer B233HLBJObmdh,,23,1920,1080,60,5,TN,16:9,,
Acer B226HQLAymdr,,21.5,1920,1080,60,8,TN,16:9,,
Acer V226HQLAbd,,21.5,1920,1080,60,8,TN,16:9,,
Acer UM.WV6AA.A02 (V226HQL Abmd),,21.5,1920,1080,60,8,TN,16:9,,
AOC E2260SD,,22,1680,1050,60,5,TN,16:10,,
AOC E960SRDA,,19,1280,1024,60,5,TN,5:4,,
Acer G196HQLb,,18.5,1366,768,60,5,TN,16:9,,
ViewSonic VA2703-LED,,27,1920,1080,,TN,TN,16:9,,
Dell E2313H,,23,1920,1080,60,5,TN,16:9,,
DoubleSight DS-245V2,,24,1920,1200,75,5,IPS,16:10,,
DoubleSight DS-309W,,30,2560,1600,7,7,IPS,16:10,,
Acer S236HLtmjj,214.57,23,1920,1080,60,6,IPS,16:9,,
Asus VW22AT-CSM,,22,1680,1050,5,5,TN,16:10,,
Gateway KX2153bd,,21.5,1920,1080,60,5,TN,16:9,,
HP 2311gt (QJ684AA#ABA),,23,1920,1080,60,5,TN,16:9,,
HP C4D30AA#ABA,,21.5,1920,1080,60,7,IPS,16:9,,
HP ZR2330w,,23,1920,1080,60,14,IPS,16:9,,
HP C9E49AA#ABA,,21.5,1920,1080,5,5,TN,16:9,,
HP P201,,20,1600,900,5,5,TN,16:9,,
HP C9F26AA#ABA,,20,1600,900,5,5,TN,16:9,,
HP P201m,,20,1600,900,5,5,TN,16:9,,
HP C9V73A8#ABA,,20,1600,900,5,5,TN,16:9,,
HP C9V73AA#ABA,,20,1600,900,60,5,TN,16:9,,
HP C9V75A8#ABA,,23,1920,1080,60,5,TN,16:9,,
HP C9V75AA#ABA,,23,1920,1080,60,5,TN,16:9,,
HP D2W67A8#ABA,234.7,19,1280,1024,60,5,TN,5:4,,
HP D2W67AA#ABA,,19,1280,1024,5,5,TN,5:4,,
HP EM887AA,,19,1280,1024,5,5,TN,5:4,,
Samsung C27A650X,,27,1920,1080,8,8,16:9,16:9,,
Samsung NS240,,24,1920,1200,5,5,16:10,16:10,,
Samsung S19C450BR,,19,1280,1024,5,5,TN,5:4,,
Samsung S20C200B,,20,1600,900,5,5,TN,16:9,,
Samsung S22C200NY,,21.5,1920,1080,5,5,TN,16:9,,
Samsung S24B30BL,,23.6,1920,1080,5,5,TN,16:9,,
Samsung S24C370HL,,23.6,1920,1080,5,5,TN,16:9,,
Samsung S24C450DL,,23.6,1920,1080,5,5,16:9,16:9,,
Samsung S27C350H,,27,1920,1080,5,5,TN,16:9,,
Hannspree HE195ABB,,18.5,1366,768,5,5,TN,16:9,,
Hannspree HE247DPB,,23.6,1920,1080,5,5,TN,16:9,,
Hannspree HS233H3B,,23,1920,1080,120,3,16:9,16:9,,
Hannspree HX193DPB,,19,1280,1024,5,5,TN,5:4,,
LG 19CNV42K-BL,,19,1440,900,5,5,16:10,16:10,,
LG 22EA63T-P,,21.5,1920,1080,5,5,IPS,16:9,,
LG 22EC33T-B,,21.5,1920,1080,5,5,TN,16:9,,
LG 22EN43T-B,,21.5,1920,1080,5,5,TN,16:9,,
LG 24EB23PY-B,,24,1920,1200,60,5,IPS,16:10,,
LG 24EN33TW-B,,23.6,1920,1080,60,5,TN,16:9,,
LG 24EN33VW-B,,23.6,1920,1080,60,5,16:9,16:9,,
LG 27EA63V-P,,27,1920,1080,60,5,IPS,16:9,,
LG 27EC33V-B,,27,1920,1080,60,5,IPS,16:9,,
LG 27EN43V-B,,27,1920,1080,60,5,TN,16:9,,
LG D2343PB-BN,,23,1920,1080,5,5,16:9,16:9,,
LG E2211PB-BN,,22,1920,1080,5,5,TN,16:9,,
LG E2411PB-BN,,24,1920,1080,5,5,16:9,16:9,,
CTL MTLP200,,20,1600,900,5,5,16:9,16:9,,
CTL MTLP2151,,22,1920,1080,2,2,TN,16:9,,
CTL LP2361,,24,1920,1080,2,2,16:9,16:9,,
CTL MTLP2701,,27,1920,1080,2,2,16:9,16:9,,
DoubleSight DS-279W,,27,2560,1440,60,6,IPS,16:9,,
Eizo CG243W-BK,,24.1,1920,1200,60,IPS,IPS,16:10,,
Eizo FS2333-BK,,23,1920,1080,60,IPS,IPS,16:9,,
Eizo S2202WH-BK,,22,1680,1050,5,5,16:10,16:10,,
Eizo SX2262W-BK,,22,1920,1200,6,6,16:10,16:10,,
Lenovo LI2221s,,21.5,1920,1080,60,14,IPS,16:9,,
Lenovo LI2321S,,23,1920,1080,60,14,IPS,16:9,,
Lenovo LI2721S,,27,1920,1080,60,14,IPS,16:9,,
NEC EA234WMI-BK,,23,1920,1080,75,6,16:9,16:9,,
NEC P242W-BK,,24,1920,1200,60,8,IPS,16:10,,
Philips 19B4LPCB/27,,19,1280,1024,60,5,5:4,5:4,,
Philips 19S4LSB/27,,19,1280,1024,60,5,5:4,5:4,,
Philips 220S4LSB,,22,1680,1050,60,5,16:10,16:10,,
Philips 221S3UCB,,21.5,1920,1080,60,5,16:9,16:9,,
Planar PLL2210W,,22,1920,1080,5,5,TN,16:9,,
Planar PXL2251MW,,21.5,1920,1080,60,5,16:9,16:9,,
Planar 997-7019-00,,22,1920,1080,60,5,16:9,16:9,,
Planar PXL2760MW,,27,1920,1080,60,,16:9,16:9,,
Planar 997-7188-00,,19,1366,768,60,5,16:9,16:9,,
V7 LED185W2S-9N,,19,1366,768,5,5,TN,16:9,,
V7 LED19W2S-9N,,19,1440,900,5,5,TN,16:10,,
V7 LED215W2S-9N,,22,1920,1080,5,5,TN,16:9,,
V7 LED236W3S-9N,,24,1920,1080,5,5,16:9,16:9,,
V7 LED26W3S-9N,,26,1920,1080,5,5,16:9,16:9,,
Gateway FHX2303LAbd,,23,1920,1080,60,5,TN,16:9,,
Gateway HX1853Lb,,18.5,1366,768,60,5,TN,16:9,,
NEC P242W-BK-SV,,24,1920,1200,8,8,IPS,16:10,,
Planar PLL2710W,,27,1920,1080,,,16:9,16:9,,
HP B6R49AS#ABA (x2401),,24,1920,1080,60,12,16:9,16:9,,
Acer B276HULymiidprz,,27,2560,1440,60,6,IPS,16:9,,
HP 20xi,,20,1600,900,60,7,IPS,16:9,,
Asus PQ321Q,,31.5,3840,2160,8,8,16:9,16:9,,
Acer T232HLbmidz ( UM.VT2AA.001),,23,1920,1080,60,5,IPS,16:9,,
AOC aoc E2460SWHU,,23.6,1920,1080,60,2,TN,16:9,,
Acer B296CLbmiidprz,,29,2560,1080,60,8,IPS,21:9,,
Acer B236HLymdr,,23,1920,1080,60,6,IPS,16:9,,
Asus PA279Q,,27,2560,1440,6,6,IPS,16:9,,
BenQ GL2250TM,,21.5,1920,1080,5,5,TN,16:9,,
HP 22xi,,21.5,1920,1080,60,7,IPS,16:9,,
LG LG-D2343PB-BN,,23,1920,1080,60,14,IPS,16:9,,
Lenovo 4434HE-B,,19,1280,1024,60,5,IPS,5:4,,
Philips 272P4QPJKEB/27,,27,2560,1440,60,12,PLS,16:9,,
Philips 298P4QJEB/27,,29,2560,1080,60,5,IPS,21:9,,
Samsung S24B240K,,23.6,1920,1080,60,5,TN,16:9,,
Samsung S24C450DW,,24,1920,1200,60,5,TN,16:10,,
V7 D185W1-8N,,18.5,1366,768,60,5,16:9,16:9,,
AOC e2752She,,27,1920,1080,60,2,TN,16:9,,
LG 29EB73-P,,29,2560,1080,75,5,IPS,21:9,,
Planar 997-7244-00,,17,1280,1024,60,5,TN,5:4,,
BenQ XL2411T,,24,1920,1080,144,5,TN,16:9,,
AOC E2360SD,,23,1920,1080,60,5,TN,16:9,,
Acer UM.VV6AA.C01,,23,1920,1080,60,5,16:9,16:9,,
Acer UM.VV6AA.C02,,23,1920,1080,60,5,16:9,16:9,,
BenQ VW2235H,,21.5,1920,1080,6,6,16:9,16:9,,
HP C9E54AA#ABA,,18.5,1366,768,60,5,TN,16:9,,
LG 23MD53D,,23,1920,1080,60,5,IPS,16:9,,
LG 29EA73-P,,29,2560,1080,60,5,IPS,21:9,,
LG D2743P-BN,,27,1920,1080,60,5,IPS,16:9,,
LG DM2352D-PN,,23,1920,1080,60,5,IPS,16:9,,
LG TM2792D-SN,,27,1920,1080,75,5,IPS,16:9,,
Asus PB248Q,,24.1,1920,1200,60,6,IPS,16:10,,
NEC AS193i-BK,,19,1280,1024,60,14,IPS,5:4,,
Acer S242HLBwid,,24,1920,1080,60,5,TN,16:9,,
Asus VX229H,,21.5,1920,1080,60,5,TN,16:9,,
BenQ BL2710PT,,27,2560,1440,60,12,VA,16:9,,
HP HP LA2205WG-NEW,,22,1680,1050,60,TN,TN,16:10,,
HP E3F38A8#ABA,,23,1920,1080,60,5,TN,16:9,,
NEC AS222WM-BK,,21.5,1920,1080,60,5,TN,16:9,,
NEC PA242W-BK,,24,1920,1200,60,8,IPS,16:10,,
Samsung S24C650PL,,23.6,1920,1080,60,5,PLS,16:9,,
Samsung S27C650P,,27,1920,1080,60,4,PLS,16:9,,
NEC MD242C2,,24,1920,1200,60,8,IPS,16:10,,
Yamakasi DS270 IPS SE,,27,2560,1440,60,6,IPS,16:9,,
QNIX Perfect Pixel QX2710 Matte,,27,2560,1440,60,8,PLS,16:9,,
QNIX QX2710 DisplayPort Matte,,27,2560,1440,60,8,PLS,16:9,,
LG W2452T-TF,,24,1920,1200,60,2,16:10,16:10,,
Crossover 2763AMG,,27,2560,1440,60,6,IPS,16:9,,
Crossover 27Q LED-P BLADE,,27,2560,1440,60,6,IPS,16:9,,
Crossover 27QD LED Blade,,27,2560,1440,60,6,IPS,16:9,,
Crossover 27QW IPS LED,,27,2560,1440,60,6,IPS,16:9,,
Crossover 27QW IPS LED Perfect,,27,2560,1440,60,6,IPS,16:9,,
Crossover BLACK TUNE 2735AMG,,27,2560,1440,60,6,IPS,16:9,,
Crossover BLACK TUNE 30X DRIVER,,30,2560,1600,60,6,IPS,16:10,,
Crossover Black Tune 2755 AMG,,27,2560,1440,60,6,IPS,16:9,,
Crossover Black Tune 30X-P Pivot Driver,,30,2560,1600,60,6,IPS,16:10,,
Crossover 290HD IPS LED,,29,2560,1080,60,5,IPS,21:9,,
Yamakasi 300 Sparta LED Premium,,30,2560,1600,60,6,IPS,16:10,,
Yamakasi DS270,,27,2560,1440,60,6,IPS,16:9,,
Yamakasi Q270 SE,,27,2560,1440,60,6,IPS,16:9,,
QNIX QX2710 LED EVOLUTION II DPORT,,27,2560,1440,60,8,PLS,16:9,,
QNIX QX2710 Perfect Pixel,,27,2560,1440,60,8,PLS,16:9,,
Acer H276HLbmid,,27,1920,1080,60,5,IPS,16:9,,
NEC PA302W-BK,1942.56,30,2560,1600,60,6,IPS,16:10,,
Philips 19B4LCB5,,19,1280,1024,60,5,TN,5:4,,
Philips 19S4LSB5,,19,1280,1024,60,5,TN,5:4,,
Planar 997-7145-00,,27,2560,1440,60,IPS,IPS,16:9,,
Achieva QH2700-IPSMS DP Thunderbolt Perfect Pixel,,27,2560,1440,60,IPS,IPS,16:9,,
Achieva QH2700-IPSMS LITE EDGE,,27,2560,1440,60,6,IPS,16:9,,
Crossover 27QW HDMI PERFECT PIXEL,,27,2560,1440,60,6,IPS,16:9,,
QNIX QX2710 Evolution II Matte Perfect,,27,2560,1440,60,8,PLS,16:9,,
QNIX QX2710 LED EVOLUTION II DP MULTI PERFECT,,27,2560,1440,60,8,PLS,16:9,,
Yamakasi DS270 IPS PERFECT PIXEL,,27,2560,1440,60,6,IPS,16:9,,
Yamakasi DS270 IPS SE (Perfect Pixel),,27,2560,1440,60,6,IPS,16:9,,
HP L2206tm,,21.5,1920,1080,60,5,16:9,16:9,,
ViewSonic TD2420,,23.6,1920,1080,5,5,16:9,16:9,,
Acer UM.HT2AA.002,,27,2560,1440,60,5,16:9,16:9,,
Acer UM.HB6AA.A01,,27,2560,1440,60,6,IPS,16:9,,
Acer T272HL bmidz,,27,1920,1080,60,5,16:9,16:9,,
Acer T232HLbmidz,,23,1920,1080,60,5,IPS,16:9,,
Dell S2340T,,23,1920,1080,60,8,IPS,16:9,,
Eizo EV2316WFS-BK,,23,1920,1080,60,5,TN,16:9,,
HP 23tm,,23,1920,1080,7,7,16:9,16:9,,
Hannspree HT231DPBU,,23,1920,1080,5,5,16:9,16:9,,
Hannspree HT231HPBU,,23,1920,1080,5,5,16:9,16:9,,
NEC V322-AVT,,32,1366,768,60,8,16:9,16:9,,
Planar 997-7273-00,,32,1920,1080,60,,16:9,16:9,,
Samsung S24C770T,,24,1920,1080,5,5,16:9,16:9,,
Asus SD222-YA,,21.5,1920,1080,60,,16:9,16:9,,
NEC PA302W,,30,2560,1600,6,6,IPS,16:10,,
3M M2256PW,,22,1680,1050,8,8,16:10,16:10,,
3M C2254PW,,22,1680,1050,8,8,16:10,16:10,,
Samsung NC191-T,,19,1280,1024,5,5,5:4,5:4,,
Samsung MD32C,,32,1920,1080,60,8,16:9,16:9,,
Samsung NC241-T,298,23.6,1920,1080,5,5,16:9,16:9,,
BenQ GL2450HT,,24,1920,1080,60,5,TN,16:9,,
Dell UP2414Q,,23.8,3840,2160,60,6,IPS,16:9,,
HP ProDisplay Smartbuy P231,,23,1920,1080,60,5,TN,16:9,,
NEC PA272W,,27,2560,1440,85,6,IPS,16:9,,
Philips C271P4QPJEW,,27,1920,1080,60,12,16:9,16:9,,
Samsung S27B971D,,27,2560,1440,60,5,PLS,16:9,,
ViewSonic VA2349S,,23,1920,1080,60,5,IPS,16:9,,
CTL MTLP2000,,20,1600,900,60,2,16:9,16:9,,
HP D7P94A4#ABA,,30,2560,1600,60,8,IPS,16:10,,
HP D7Q13A4#ABA,,23,1920,1080,60,8,IPS,16:9,,
HP D9E49AA#ABA,,21.5,1920,1080,60,7,IPS,16:9,,
HP E2T08A6#ABA,249,21.5,1920,1080,60,5,16:9,16:9,,
Lenovo 60AAHAR1US,,19,1280,1024,7,7,5:4,5:4,,
Planar PXL2240MW,,22,1920,1080,5,5,16:9,16:9,,
Planar 997-7451-00,,19,1280,1024,60,5,5:4,5:4,,
ViewEra V197TP,,19,1280,1024,5,5,5:4,5:4,,
NEC EA193MI-BK,,19,1280,1024,75,6,IPS,5:4,,
Acer G237HLbi,,23,1920,1080,60,6,IPS,16:9,,
NEC E224WI-BK,,21.5,1920,1080,76,6,IPS,16:9,,
NEC E243WMi-BK,,23.8,1920,1080,60,5,IPS,16:9,,
NEC EA274WMI-BK,,27,2560,1440,60,6,IPS,16:9,,
NEC PA272W-BK-SV,,27,2560,1440,85,6,IPS,16:9,,
HP E4S07AA#ABA,,23,1920,1080,60,5,TN,16:9,,
Asus VN289H,,28,1920,1080,60,5,VA,16:9,,
Asus VN289Q,,28,1920,1080,60,5,VA,16:9,,
LG 22MB35PU-B,,22,1920,1080,60,5,TN,16:9,,
LG 24MB35PU-B,,23.8,1920,1080,60,5,IPS,16:9,,
AOC E2460SD-TAA,,24,1920,1080,60,5,TN,16:9,,
HP D7P92A8#ABA,,27,2560,1440,60,8,IPS,16:9,,
HP F0W81AA#ABA,,24,1920,1200,60,8,IPS,16:10,,
Lenovo LT1953,,19,1440,900,60,5,TN,16:10,,
Lenovo 60B9HAR1US,,20,1600,900,60,5,TN,16:9,,
LG 22MB35D-B,,22,1920,1080,60,5,TN,16:9,,
LG 22MB35P-B,,22,1920,1080,60,5,TN,16:9,,
LG 22MB65P-B,,22,1680,1050,60,5,TN,16:10,,
LG 24M34D-B,,23.6,1920,1080,60,5,TN,16:9,,
LG 27MB65PY-B,,27,1920,1080,60,5,TN,16:9,,
NEC E171M-BK,249.99,17,1280,1024,60,5,TN,5:4,,
Samsung S24C650DW,,24,1920,1200,60,5,PLS,16:10,,
Acer B206HQL ymdh,,19.5,1600,900,60,5,TN,16:9,,
Acer G227HQLbi,,21.5,1920,1080,60,6,IPS,16:9,,
Hannspree HX194DPB,,19,1280,1024,60,5,TN,5:4,,
LG 24MB35DM-B,,23.8,1920,1080,60,5,IPS,16:9,,
LG 24MB35P-B,176.89,23.8,1920,1080,60,5,IPS,16:9,,
LG 24MB35PY-B,,23.8,1920,1080,60,5,IPS,16:9,,
LG 25UM64-S,,25,2560,1080,60,14,IPS,21:9,,
BenQ RL2240H,,21.5,1920,1080,60,5,TN,16:9,,
Acer B326HUL ymiidphz,,32,2560,1440,60,6,VA,16:9,,
BenQ PG2401PT,,24.1,1920,1200,60,5,IPS,16:10,,
HP E2T08AA#ABA,,21.5,1920,1080,60,5,TN,16:9,,
HP E9Q82A8#ABA,,24,1920,1200,60,12,IPS,16:10,,
HP F3J72A8#ABA,,23,1920,1080,60,7,IPS,16:9,,
Lenovo 60B8AAR6US,,18.5,1366,768,60,5,TN,16:9,,
Acer V246HL Bmid,,24,1920,1080,60,5,TN,16:9,,
HP D7R00A8#ABA,,27,2560,1440,60,12,IPS,16:9,,
HP E9Q82A4#ABA,,24,1920,1200,60,12,IPS,16:10,,
LG 24MP55HQ-P,,23.8,1920,1080,60,5,IPS,16:9,,
LG 27MP34HQ-B,,27,1920,1080,60,5,IPS,16:9,,
NEC PA272W-SV,,27,2560,1440,85,6,IPS,16:9,,
HP D7R00A4#ABA,,27,2560,1440,60,7,IPS,16:9,,
LG 22M35D,,22,1920,1080,60,5,TN,16:9,,
AOC I2421VWH,,24,1920,1080,60,5,IPS,16:9,,
Asus VN289QL,,28,1920,1080,60,5,VA,16:9,,
Asus VT207N,,19.5,1600,900,5,5,16:9,16:9,,
Eizo T2381W,,23,1920,1080,60,6,IPS,16:9,,
HP C4D27AA#ABA,,27,1920,1080,60,7,IPS,16:9,,
HP D7P92A4#ABA,,27,2560,1440,76,8,IPS,16:9,,
HP E5Z68AA#ABA,,23.6,1920,1080,60,5,16:9,16:9,,
HP F7M93UC#ABA,,23,1920,1080,60,8,IPS,16:9,,
HP NV24,,23.8,1920,1080,60,7,IPS,16:9,,
Philips 271S4LPYEB,,27,1920,1080,60,5,TN,16:9,,
Philips 298X4QJAB/27,,29,2560,1080,60,5,IPS,21:9,,
Planar 997-7305-00,,19.5,1600,900,60,5,TN,16:9,,
Planar 997-7602-00,,27,1920,1080,60,14,16:9,16:9,,
Planar 997-7685-00,,28,3840,2160,60,5,TN,16:9,,
Planar 997-7687-00,,20,1600,900,60,5,16:9,16:9,,
Planar 997-7698-00,,23,1920,1080,60,14,TN,16:9,,
V7 L18500WS-9N,,18.5,1366,768,60,5,TN,16:9,,
V7 L23600WHS-9N,,23.6,1920,1080,60,5,TN,16:9,,
HP E2T08A8#ABA,,21.5,1920,1080,60,5,TN,16:9,,
HP G9W86A6#ABA,,18.5,1366,768,60,5,TN,16:9,,
Acer G276HL Gbmid,,27,1920,1080,60,6,TN,16:9,,
Acer B286HK ymjdpprz,,28,3840,2160,60,2,TN,16:9,,
HP F0W81A8,,24,1920,1200,60,8,IPS,16:10,,
ViewSonic VA2445m-LED,,24,1920,1080,60,5,TN,16:9,,
ViewSonic VX2858Sml,,28,1920,1080,60,6,VA,16:9,,
Acer XB280HK,,28,3840,2160,60,1,TN,16:9,,
LG 27MB85R-B,,27,2560,1440,60,5,IPS,16:9,,
Acer XB280HK bprz,,28,3840,2160,60,1,TN,16:9,,
Asus PA238QR,,23,1920,1080,60,6,IPS,16:9,,
LG 23ET63B-W,,23,1920,1080,60,5,IPS,16:9,,
LG 34UM65,,34,2560,1080,60,14,IPS,21:9,,
Acer UM.HT2AA.002 (T272HUL bmidpcz),,27,2560,1440,60,5,VA,16:9,,
Eizo S1933H-BK,,19,1280,1024,60,14,IPS,5:4,,
Philips 272G5DYEB,,27,1920,1080,144,5,TN,16:9,,
Planar PXL2470MW,,23.6,1920,1080,60,14,IPS,16:9,,
Gateway FHX2153L,,21.5,1920,1080,60,5,TN,16:9,,
Wasabi Mango QHD275 SUPREME,,27,2560,1440,60,6,IPS,16:9,,
AOC P2370SD,,23,1920,1080,60,7,IPS,16:9,,
Dell E2414Hx,,24,1920,1080,60,5,TN,16:9,,
Eizo CX241-BK-CN,,24.1,1920,1200,60,8,IPS,16:10,,
HP F9Z10AA#ABA,,23,1920,1080,60,8,IPS,16:9,,
LG 27MB85Z-B,,27,2560,1440,60,5,IPS,16:9,,
Planar PLL1910M,,19,1280,1024,60,14,5:4,5:4,,
V7 L27000WHS-9N,,27,1920,1080,60,5,16:9,16:9,,
ViewSonic VA2455Sm,,23.6,1920,1080,60,9,IPS,16:9,,
Lenovo LI2821,,28,3840,2160,60,5,TN,16:9,,
Acer T232HL Abmjjz,,23,1920,1080,60,5,IPS,16:9,,
CTL MTIP2152,,21.5,1920,1080,60,6,IPS,16:9,,
HP E221i,,21.5,1920,1080,60,8,IPS,16:9,,
Acer UM.FB6AA.003,,24,1920,1200,60,6,IPS,16:10,,
HP K1M38AA,,27,1920,1080,60,14,IPS,16:9,,
ViewSonic VG2438SM,,24,1920,1200,60,5,PLS,16:10,,
ViewSonic VG939SM,,19,1280,1024,60,14,IPS,5:4,,
ViewSonic VA2465SMH,,23.6,1920,1080,60,7,VA,16:9,,
Monoprice 12156,,28,3840,2160,60,1,TN,16:9,,
Acer UM.FV6AA.006,,24,1920,1200,60,6,16:10,16:10,,
Acer B276HK YMJDPPRZ,,27,3840,2160,60,6,IPS,16:9,,
Philips 247E4LHAB,,23.6,1920,1080,60,2,TN,16:9,,
AOC E2476VWM6,,23.6,1920,1080,60,1,TN,16:9,,
ViewSonic VA2855SMH,,28,1920,1080,60,7,VA,16:9,,
Acer S277HK wmidpp,,27,3840,2160,60,4,IPS,16:9,,
Planar 997-7848-00,,24,1920,1080,60,5,IPS,16:9,,
Samsung S24E360HL,,23.6,1920,1080,60,4,PLS,16:9,,
Dell P2314T,789,23,1920,1080,60,8,IPS,16:9,,
Monoprice 12178,,24,1920,1080,144,1,TN,16:9,,
LG 27MP57HT,,27,1920,1080,60,5,IPS,16:9,,
LG 27MP67HQ,,27,1920,1080,60,5,IPS,16:9,,
Acer H257HU SMIDPX,,25,2560,1440,60,4,IPS,16:9,,
LG 24MC37D-B,,23.5,1920,1080,60,5,TN,16:9,,
Acer B246HQL Aymidr,,23.6,1920,1080,60,6,IPS,16:9,,
Acer V246HQL Cbd,249,23.6,1920,1080,60,5,TN,16:9,,
LG 25UM57-P,,25,2560,1080,60,5,IPS,21:9,,
LG 29UM67P,,29,2560,1080,60,5,IPS,21:9,,
Philips 272S4LPJCB/27,,27,2560,1440,60,5,TN,16:9,,
HP Z27q,,27,5120,2880,60,14,IPS,16:9,,
LG 27MP77HM-P,,27,1920,1080,60,5,IPS,16:9,,
Acer V246HQL Cbid,,23.6,1920,1080,60,5,TN,16:9,,
HP K0Q34AA#ABA,,23.6,1920,1080,60,8,IPS,16:9,,
NEC EA274WMI-BK-SV,,27,2560,1440,60,6,IPS,16:9,,
Samsung S27E360H,,27,1920,1080,60,4,PLS,16:9,,
Samsung S29E790C,,29,2560,1080,60,4,VA,21:9,,
ViewSonic VG2847SMH,,28,1920,1080,60,7,VA,16:9,,
Acer K242HQKbmjdp,,23.6,3840,2160,60,4,IPS,16:9,,
Acer K242HQL BBID,,23.6,1920,1080,60,5,TN,16:9,,
Planar PXL2271MW,,22,1920,1080,60,2,IPS,16:9,,
HP C4D29AA,,21.5,1920,1080,60,7,IPS,16:9,,
HP K7X31AA#ABA,,23,1920,1080,60,5,16:9,16:9,,
HP L1E32A8#ABA,,20,1600,900,60,5,TN,16:9,,
LG 22MC37D-B,,21.5,1920,1080,60,5,TN,16:9,,
Planar PXL2270MW,141.61,21.5,1920,1080,60,5,IPS,16:9,,
ViewSonic VG2233SMH,,22,1920,1080,60,4,IPS,16:9,,
Acer S275HL bmii (UM.HS5AA.001),,27,1920,1080,60,6,IPS,16:9,,
Acer V206WQL bd,,19.5,1440,900,60,6,IPS,16:10,,
Lenovo 60C9MAR1US,,24,1920,1200,60,7,IPS,16:10,,
Asus VN289QR,,28,1920,1080,60,5,IPS,16:9,,
LG 22MB35DM-I,,21.5,1920,1080,60,5,IPS,16:9,,
LG 22MB35PU-I,,21.5,1920,1080,60,5,IPS,16:9,,
LG 34UB67-B,,34.1,2560,1080,60,5,IPS,21:9,,
Eizo CG277-BK,,27,2560,1440,60,6,IPS,16:9,,
Eizo CX271-BK,,27,2560,1440,60,6,IPS,16:9,,
Asus C422AQ,,21.5,1920,1080,60,5,IPS,16:9,,
Asus VE228TLB,,21.5,1920,1080,60,5,TN,16:9,,
BenQ BL2711U,,27,3840,2160,60,4,IPS,16:9,,
Lenovo 60D2HAR1US,,19,1280,1024,60,7,IPS,5:4,,
LG 22MB35D-I,,21.5,1920,1080,60,5,IPS,16:9,,
LG 22MB35P-I,158.14,21.5,1920,1080,60,5,IPS,16:9,,
LG 22MB35Y-I,,21.5,1920,1080,60,5,IPS,16:9,,
LG 27MC37HQ-B,,27,1920,1080,60,5,IPS,16:9,,
LG 27MP37VQ-B,,27,1920,1080,60,5,IPS,16:9,,
NEC AS203WMi-BK,188.99,20,1600,900,60,14,IPS,16:9,,
NEC AS242W-BK,169.6,23.6,1920,1080,60,5,TN,16:9,,
NEC PA322UHD-BK,,31.5,3840,2160,60,10,IPS,16:9,,
ViewSonic VA2452Sm,,23.6,1920,1080,60,7,VA,16:9,,
ViewSonic VG2437SMC,,23.6,1920,1080,60,7,VA,16:9,,
Acer XB270HU Abprz,,27,2560,1440,144,4,TN,16:9,,
Acer H277H smidx,,27,1920,1080,60,4,IPS,16:9,,
HP J3G14A4#ABA,,27,5120,2880,60,14,IPS,16:9,,
NEC PA322UHD-BK-SV,,31.5,3840,2160,60,10,IPS,16:9,,
Samsung S22E650D,,21.5,1920,1080,60,4,PLS,16:9,,
Samsung S27E650D,,27,1920,1080,60,4,PLS,16:9,,
Philips 272P4APJKEB,,27,2560,1440,60,5,VA,16:9,,
Samsung LS23E20KBSV/GO,,23,1920,1080,60,5,TN,16:9,,
Acer UM.QB0AA.002,,23.8,3840,2160,60,6,IPS,16:9,,
Lenovo 60C7MAR1US,,23,1920,1080,60,7,IPS,16:9,,
Lenovo 60CAMAR6US,,21.5,1920,1080,60,7,IPS,16:9,,
Lenovo 60CBMAR6US,,21.5,1920,1080,60,7,IPS,16:9,,
Samsung LS22E20KBSV/GO,,21.5,1920,1080,60,5,TN,16:9,,
AOC e2426swd,,23.6,1920,1080,5,5,16:9,16:9,,
Asus C423AQ,,23,1920,1080,60,5,IPS,16:9,,
Asus C623AQR,,23,1920,1080,60,5,IPS,16:9,,
Samsung U24E590D,,23.6,3840,2160,60,4,PLS,16:9,,
HP ENVY 34c,,34,3440,1440,60,8,VA,21:9,,
HP 27vx,,27,1920,1080,60,7,IPS,16:9,,
LG 29UC97C,,29,2560,1080,60,5,IPS,21:9,,
Asus C424AQ,,23.8,1920,1080,60,5,IPS,16:9,,
Dell E2316Hr,,23,1920,1080,60,5,TN,16:9,,
Dell E2715HM,,27,1920,1080,60,8,IPS,16:9,,
Dell UP3216Q,599.99,31.5,3840,2160,60,6,IPS,16:9,,
HP Z24s,,24,3840,2160,60,14,IPS,16:9,,
NEC EA275UHD-BK,,27,3840,2160,60,6,IPS,16:9,,
NEC EA275UHD-BK-SV,,27,3840,2160,60,6,IPS,16:9,,
NEC P212-SV,,21,1600,1200,60,8,IPS,4:3,,
Samsung LS19E20KBRV/GO,,19,1280,1024,60,5,TN,5:4,,
Samsung LS24E20KBLV/GO,,23.6,1920,1080,60,5,TN,16:9,,
Samsung LS24E45KDSG/GO,,24,1920,1080,60,5,TN,16:9,,
Samsung LS27E45KDSG/GO,,27,1920,1080,60,5,TN,16:9,,
Samsung S19E450BR,,19,1280,1024,60,5,TN,5:4,,
Samsung S23E200B,,23,1920,1080,60,5,TN,16:9,,
Samsung S24E200BL,,23.6,1920,1080,60,5,TN,16:9,,
Samsung S24E450DL,,23.6,1920,1080,60,5,TN,16:9,,
Samsung S27E650C,,27,1920,1080,60,4,VA,16:9,,
Acer B196L,,19,1280,1024,75,5,TN,5:4,,
Acer B346C bmjdphzx,,34,2560,1080,60,6,IPS,21:9,,
Acer ET.VS0HP.A02,,23,1920,1080,60,5,TN,16:9,,
Acer UM.CB6AA.002,,19,1440,900,60,5,TN,16:10,,
Acer UM.EV5AA.A01,,22,1680,1050,60,5,TN,16:10,,
Acer V276HLBMD,,27,1920,1080,60,6,VA,16:9,,
HP 27c,,27,1920,1080,60,8,VA,16:9,,
HP E221c (D9E49A8#ABA),,21.5,1920,1080,60,7,IPS,16:9,,
HP P19A,,19,1280,1024,60,5,TN,5:4,,
HP Z23i(D7Q13A8#ABA),,23,1920,1080,60,8,IPS,16:9,,
LG 22MP47HQ,,21.5,1920,1080,60,5,IPS,16:9,,
LG 24M37D-B,,23.6,1920,1080,60,5,TN,16:9,,
LG 27MP37HQ-B,,27,1920,1080,60,5,IPS,16:9,,
LG 27MP77HM,,27,1920,1080,60,5,IPS,16:9,,
Philips 223V5LHSB/27,,21.5,1920,1080,60,5,TN,16:9,,
BenQ GW2255HM,,21.5,1920,1080,60,6,VA,16:9,,
Acer B346CK,,34,3440,1440,60,6,IPS,21:9,,
Acer B346CK bmijphzx,,34,3440,1440,60,6,IPS,21:9,,
Acer G277HL Abid,,27,1920,1080,60,4,VA,16:9,,
Acer H277HU kmipuz,,27,2560,1440,60,4,IPS,16:9,,
Acer B246HYL Bymjjpprzx,,23.8,1920,1080,60,6,IPS,16:9,,
Dell E2016HV,,19.5,1600,900,60,5,TN,16:9,,
Dell SE2216HV,,21.5,1920,1080,60,12,VA,16:9,,
HP S240ml,,23.8,1920,1080,60,7,IPS,16:9,,
HP ProDisplay P242va,,24,1920,1080,60,8,VA,16:9,,
LG 34UM68,,34,2560,1080,75,5,IPS,21:9,,
NEC E203Wi-BK,,20,1600,900,60,14,IPS,16:9,,
NEC EA275WMI-BK-SV,,27,2560,1440,60,6,IPS,16:9,,
NEC EA305WMI-BK,,29.8,2560,1600,60,6,IPS,16:10,,
Samsung LS27D85KTSR/GO,,27,2560,1440,60,5,PLS,16:9,,
Sony LMD-2110W,,21.5,1920,1080,,,16:9,16:9,,
ViewSonic XG2701,,27,1920,1080,144,1,TN,16:9,,
LG 34UM64-P,,34,2560,1080,60,5,IPS,21:9,,
AOC E2429SWHE,,23.6,1920,1080,60,5,TN,16:9,,
HP FN747AA,,23,1920,1080,60,5,TN,16:9,,
BenQ BL2411PT,,24,1920,1200,60,5,IPS,16:10,,
Pixio PX274,,27,2560,1440,60,4,IPS,16:9,,
Samsung U24E850R,,23.5,3840,2160,60,4,PLS,16:9,,
Samsung BX2431,,24,1920,1080,60,2,TN,16:9,,
Asus VP228T,,21.5,1920,1080,75,1,TN,16:9,,
Asus VP228TE,,21.5,1920,1080,75,1,TN,16:9,,
iiyama GB2488HSU-B2,,24,1920,1080,144,1,TN,16:9,,
Acer Z271,,27,1920,1080,144,4,VA,16:9,,
LG E2260,,22,1920,1080,,,16:9,16:9,,
Lenovo LI2364d,,23,1920,1080,75,7,IPS,16:9,,
Philips BDM3490UC/27,,34.1,3440,1440,60,5,IPS,21:9,,
HP T3M70AA#ABA,,21.5,1920,1080,60,7,IPS,16:9,,
Philips BDM3270QP2,,32,2560,1440,60,4,VA,16:9,,
HP W5A12AA#ABA,,27,3840,2160,60,5,16:9,16:9,,
HP 27sv,,27,1920,1080,60,7,IPS,16:9,,
Asus MX27UC,,27,3840,2160,60,5,IPS,16:9,,
Acer XZ271,,27,1920,1080,144,4,VA,16:9,,
VIOTEK GN32C,,32,1920,1080,144,4,VA,16:9,,
AOC E2050SW,,19.5,1600,900,60,5,TN,16:9,,
AOC E2260PQ/BK,,22,1680,1050,60,2,TN,16:10,,
AOC E2260PWDA,,21.5,1920,1080,60,5,TN,16:9,,
AOC E2260PWHU,,21.5,1920,1080,60,2,TN,16:9,,
AOC E2260SDA,,22,1680,1050,60,5,TN,16:10,,
Dell S2418HX,,23.8,1920,1080,60,6,IPS,16:9,,
Dell S2418NX,,24,1920,1080,60,6,IPS,16:9,,
Dell S2317HWi,,23,1920,1080,60,6,IPS,16:9,,
Dell U2717DA,,27,2560,1440,60,8,IPS,16:9,,
Dell S2218H,,21.5,1920,1080,60,6,IPS,16:9,,
Dell U2417HA,,24,1920,1080,60,8,IPS,16:9,,
Pixio PX245c,,23.6,1920,1080,144,3,VA,16:9,,
Pixio PX325c,,31.5,1920,1080,144,4,VA,16:9,,
AOC E2228SWN,,21.5,1920,1080,60,5,TN,16:9,,
Philips 288P6LJEB,,28,3840,2160,60,5,TN,16:9,,
Acer R221Q,,21.5,1920,1080,60,4,IPS,16:9,,
Acer R221Q bid,,21.5,1920,1080,60,4,IPS,16:9,,
VIOTEK GN32LD,,31.5,2560,1440,144,3,VA,16:9,,
Nixeus NX-EDG27S,,27,2560,1440,144,4,IPS,16:9,,
Acer KA241 bid,,24,1920,1080,60,5,TN,16:9,,
iiyama XUB3490WQSU-B1,,34,3440,1440,60,5,IPS,21:9,,
LG 27MP68VQ-P,,27,1920,1080,60,5,IPS,16:9,,
LG 27UD69-W,,27,3840,2160,60,5,IPS,16:9,,
QNIX QX3228R,,32,1920,1080,144,1,VA,16:9,,
Acer CB351C bmidphzx,,35,2560,1080,60,4,VA,21:9,,
Dell UP2718Q,,27,3840,2160,60,4,IPS,16:9,,
Acer ED322Q wmidx,,31.5,1920,1080,60,4,VA,16:9,,
LG 32MU99-W,,31.5,3840,2160,60,5,IPS,16:9,,
Samsung UH750,799,31.5,3840,2160,60,4,16:9,16:9,,
LG 32UD60-B,,32,3840,2160,60,4,VA,16:9,,
AOC E2470SWDA,,23.6,1920,1080,60,5,TN,16:9,,
AOC E2770She,,27,1920,1080,60,2,TN,16:9,,
iiyama G-Master GE2788HS-B2,,27,1920,1080,60,1,TN,16:9,,
AOC I2470PWQU,,23.8,1920,1080,60,5,IPS,16:9,,
AOC U3277FWQ,,31.5,3840,2160,60,4,VA,16:9,,
AOC U3277PQU,,31.5,3840,2160,60,4,IPS,16:9,,
BenQ VZ2770H,,27,1920,1080,60,4,VA,16:9,,
iiyama Prolite X2283HSU-B1DP,,21.5,1920,1080,60,5,VA,16:9,,
iiyama Prolite X2888HS-B2,,28,1920,1080,75,5,VA,16:9,,
Pixio PX276,,27,2560,1440,144,1,TN,16:9,,
LG 27UD60-B,,27,3840,2160,60,5,IPS,16:9,,
Acer CB271HU bmidprx,,27,2560,1440,60,4,IPS,16:9,,
Philips 221E1HSB/69,,21.6,1920,1080,60,5,TN,16:9,,
AOC I2281FWH,,21.5,1920,1080,60,4,IPS,16:9,,
AOC PDS241,,23.8,1920,1080,60,4,IPS,16:9,,
AOC PDS271,,27,1920,1080,60,4,IPS,16:9,,
HP 2MW70A6#ABA,,27,1920,1080,60,5,IPS,16:9,,
AOC AG322FCX,,31.5,1920,1080,144,4,VA,16:9,,
HP T3U85AA,,20.7,1920,1080,60,5,TN,16:9,,
Acer H277HK smidppx,,27,3840,2160,60,4,IPS,16:9,,
Philips 236V4LHAB,,23,1920,1080,60,5,TN,16:9,,
Monoprice 127772,,32,3840,2160,60,2,IPS,16:9,,
Monoprice 124658,,27,3840,2160,60,IPS,IPS,16:9,,
Samsung S24H850,,23.8,2560,1440,60,5,PLS,16:9,,
AOC AG322QC4,,31.5,2560,1440,144,4,VA,16:9,,
ViewSonic VX2376-smhd,,23,1920,1080,60,7,IPS,16:9,,
Lenovo Y27F,,27,1920,1080,144,7,VA,16:9,,
AOC 24V2H,,23.8,1920,1080,75,5,IPS,16:9,,
Crossover 34U100,,34,3440,1440,100,3,PVA,21:9,,
Monoprice 33821,,32,2560,1440,144,VA,VA,16:9,,
Dell P3418HW,,34,2560,1080,60,5,IPS,21:9,,
Dell IN1910N,,18.5,1366,768,60,TN,TN,16:9,,
Asus VA279HAEL,,27,1920,1080,60,6,VA,16:9,,
Asus C623AQH,,23,1920,1080,60,5,IPS,16:9,,
Asus Designo MZ279HL,,27,1920,1080,75,5,IPS,16:9,,
Acer V227Q bi,,21.5,1920,1080,75,4,IPS,16:9,,
VIOTEK GN34CB,,34,3440,1440,100,4,VA,21:9,,
VIOTEK GN27C2,,27,1920,1080,144,6,VA,16:9,,
VIOTEK GN35DR,,35,2560,1080,144,4,VA,21:9,,
VIOTEK GN30CB,,30,2560,1080,75,8,VA,21:9,,
Acer KG270 biix,,27,1920,1080,75,1,TN,16:9,,
HP 27q,1259.08,27,2560,1440,60,5,PLS,16:9,,
Eizo FS2735,,27,2560,1440,144,4,IPS,16:9,,
VIOTEK GN27DB,,27,2560,1440,144,5,VA,16:9,,
Mbest MB279QR144,,27,2560,1440,144,3,VA,16:9,,
AOC 27E1H,,27,1920,1080,60,5,IPS,16:9,,
HP 1CA86AA#ABB,,23.8,1920,1080,60,5,IPS,16:9,,
BenQ PD2720U,,27,3840,2160,60,5,IPS,16:9,,
BenQ BL2581T,,25,1920,1200,60,5,IPS,16:10,,
Monoprice 138035,,35,3440,1440,120,4,VA,21:9,,
Acer B277 bmiprzx,239.99,27,1920,1080,75,4,IPS,16:9,,
Acer EB275U bmiiiprx,,27,2560,1440,75,5,IPS,16:9,,
Acer H277HK smipuz,,27,3840,2160,60,4,IPS,16:9,,
Acer VA270H,,27,1920,1080,60,5,VA,16:9,,
Acer V276HL,,27,1920,1080,60,5,VA,16:9,,
Acer V206WQL b,,19.5,1440,900,60,5,IPS,16:10,,
Acer B247Y bmiprczx bmiprczx,,23.8,1920,1080,75,4,IPS,16:9,,
Acer V246HYL Cbi,,23.8,1920,1080,60,5,IPS,16:9,,
Acer B226HQL ymiprx,,21.5,1920,1080,60,5,TN,16:9,,
Acer B196L Aymdr,,19,1280,1024,60,5,IPS,5:4,,
Acer V206HQL Cbmp,,19.5,1920,1080,60,5,VA,16:9,,
Acer B246HYL ymipr,,23.8,1920,1080,60,5,IPS,16:9,,
Acer K222HQL bid,,21.5,1920,1080,60,5,TN,16:9,,
Acer V246HYL Dbid,,23.8,1920,1080,60,5,IPS,16:9,,
Acer V277 bmipx,299.99,27,1920,1080,75,4,IPS,16:9,,
Acer V226HQL Bbi,,21.5,1920,1080,60,5,TN,16:9,,
Acer BW257 bmiprx,,25,1920,1200,75,4,IPS,16:10,,
Acer V276HL Cbix,159.62,27,1920,1080,60,5,VA,16:9,,
Asus ProArt PA34VC,,34,3440,1440,100,5,IPS,21:9,,
Acer EB243YU Abmiiiprx,,23.8,2560,1440,75,5,IPS,16:9,,
AOC 20E1H,,19.5,1600,900,60,5,TN,16:9,,
BenQ BL2480,,23.8,1920,1080,60,5,IPS,16:9,,
Asus ASUSPRO C622AQH,,21.5,1920,1080,75,5,IPS,16:9,,
Asus VA32UQ,,31.5,3840,2160,60,4,VA,16:9,,
CTL MTIP2153,,22,1920,1080,60,6,IPS,16:9,,
CTL MTIP2780S,,27,1920,1080,6,6,IPS,16:9,,
HP Z22n G2,,21.5,1920,1080,60,5,IPS,16:9,,
HP Z24nf G2,,23.8,1920,1080,60,5.4,IPS,16:9,,
HP VH27,,27,1920,1080,,IPS,IPS,16:9,,
HP EliteDisplay S270N,,27,3840,2160,60,IPS,IPS,16:9,,
HP N223,202.7,21.5,1920,1080,60,5,TN,16:9,,
HP EliteDisplay S340C,,34,3440,1440,60,IPS,IPS,21:9,,
HP EliteDisplay S240n,,23.8,1920,1080,7,7,IPS,16:9,,
HP ProDisplay P203,,20,1600,900,60,TN,TN,16:9,,
HP ProDisplay P223,,21.5,1920,1080,60,5,VA,16:9,,
HP EliteDisplay E243d,,23.8,1920,1080,60,IPS,IPS,16:9,,
HP P224,,21.5,1920,1080,60,IPS,IPS,16:9,,
Lenovo T24i 10,,23.8,1920,1080,60,6,IPS,16:9,,
LG 27BK85U-W,,27,3840,2160,60,,16:9,16:9,,
LG 34BK650-W,,34,2560,1080,60,5,IPS,21:9,,
LG 32QK500-W,,32,2560,1440,75,8,IPS,16:9,,
LG 32BK50Q-W,,31.5,2560,1440,75,8,IPS,16:9,,
NEC E203W-BK,,20,1600,900,60,5.5,TN,16:9,,
NEC E221N-BK,299.99,21.5,1920,1080,60,6,IPS,16:9,,
NEC E241N-BK,,23.8,1920,1080,60,6,IPS,16:9,,
NEC E245WMI-BK,,24,1920,1200,60,6,IPS,16:10,,
NEC EA245WMI-BK-SV,699,24,1920,1200,60,5,IPS,16:10,,
NEC EA271F-BK,356.99,27,1920,1080,60,6,IPS,16:9,,
NEC EA271U-BK,659,27,3840,2160,60,5,IPS,16:9,,
NEC EA271U-BK-SV,,27,3840,2160,60,5,IPS,16:9,,
NEC EA295WMi-BK,,29,2560,1080,60,6,IPS,21:9,,
NEC PA243W,849,24.1,1920,1200,60,IPS,IPS,16:10,,
NEC PA243W-BK,,24.1,1920,1200,60,IPS,IPS,16:10,,
NEC E233WMI-BK,,23,1920,1080,60,14,IPS,16:9,,
NEC EA271Q-BK-SV,769,27,2560,1440,60,6,PLS,16:9,,
NEC EX341R-BK,,34,3440,1440,60,5,VA,21:9,,
NEC EX341R-BK-SV,,34,3440,1440,60,5,VA,21:9,,
NEC EA295WMi-BK-SV,,29,2560,1080,60,6,IPS,21:9,,
NEC EA241F-BK,318.49,23.8,1920,1080,60,5,IPS,16:9,,
NEC EA241F-BK-SV,,23.8,1920,1080,60,5,IPS,16:9,,
NEC EA245WMI-BK,465,24,1920,1200,60,5,IPS,16:10,,
NEC PA271Q-BK-SV,,27,2560,1440,60,8,IPS,16:9,,
Philips 271B8QJEB,,27,1920,1080,60,5,IPS,16:9,,
Philips 329P9H,,31.5,3840,2160,60,5,IPS,16:9,,
Planar PXN2470MW,154.15,23.8,1920,1080,60,6,IPS,16:9,,
Planar PXL2471MW,,23.8,1920,1080,60,5,IPS,16:9,,
Planar PLN2200,,21.5,1920,1080,60,6,IPS,16:9,,
MSI Optix MAG272R,,27,1920,1080,165,VA,VA,16:9,,
BenQ SW270C,,27,2560,1440,60,5,IPS,16:9,,
Sharp LL-B270,,27,1920,1080,60,8,VA,16:9,,
Sharp LL-B240,,23.8,1920,1080,60,VA,VA,16:9,,
V7 L215ADS-2N,,21.5,1920,1080,60,5,IPS,16:9,,
V7 L28TN4K-2N,,28,3840,2160,60,2,TN,16:9,,
V7 L27ADS-2N,,27,1920,1080,60,6,IPS,16:9,,
V7 L27HAS2K-2N,,27,2560,1440,60,5,IPS,16:9,,
V7 L236E-3N,,23.6,1920,1080,60,5,VA,16:9,,
V7 L270E-3N,,27,1920,1080,60,5,TN,16:9,,
V7 L238E-2N,,23.8,1920,1080,60,5,IPS,16:9,,
V7 L215E-2N,,21.5,1920,1080,6,6,TN,16:9,,
ViewEra V172BN2,239.98,17,1280,1024,60,5,TN,5:4,,
ViewEra V178HB,209.92,17,1280,1024,60,5,TN,5:4,,
ViewEra V198HB,229.98,19,1280,1024,60,5,TN,5:4,,
ViewEra V215HBM,233.98,21.5,1920,1080,60,5,TN,16:9,,
ViewSonic VA708A,,17,1280,1024,60,5,TN,5:4,,
ViewSonic VP2458,,23.8,1920,1080,60,7,IPS,16:9,,
ViewSonic VG2765,,27,2560,1440,60,5,IPS,16:9,,
ViewSonic Elite XG350R-C,1199.99,35,3440,1440,100,3,VA,21:9,,
ViewSonic VG3448,,34,3440,1440,60,5,VA,21:9,,
LG 32BL95U-W,,31.5,3840,2160,60,5,IPS,16:9,,
Samsung LS27R750QENXZA,,27,2560,1440,144,4,VA,16:9,,
AXM 2778,,27,1920,1080,240,1,TN,16:9,,
Philips 328P6VUBREB,,31.5,3840,2160,60,4,VA,16:9,,
Lenovo Y44w-10,,43.4,3840,1200,120,4,VA,16:5,,
Asus VX279C,,27,1920,1080,75,5,IPS,16:9,,
Acer HA270 Bbix,,27,1920,1080,75,IPS,IPS,16:9,,
Philips 271B8QTAA,,27,1920,1080,60,5,IPS,16:9,,
ViewSonic VX2485-MHU,159.99,24,1920,1080,75,5,IPS,16:9,,
Samsung LS32R750UENXZA,,31.5,3840,2160,60,4,VA,16:9,,
Acer B226HQL ymdr,229.5,21.5,1920,1080,60,5,TN,16:9,,
Acer CB271H,,27,1920,1080,60,4,IPS,16:9,,
Acer B277K bmiipprzx,,27,3840,2160,60,4,IPS,16:9,,
Acer BH276 Pbmiiprzx,,27,1920,1080,144,1,TN,16:9,,
HP EliteDisplay E243p,,23.8,1920,1080,60,IPS,IPS,16:9,,
HP P22h G4,175,21.5,1920,1080,60,5,IPS,16:9,,
NEC AS221F-BK,238.44,21.5,1920,1080,60,6,IPS,16:9,,
Planar PLL2251MW,,21.5,1920,1080,60,12.5,IPS,16:9,,
HP P24h G4,,23.8,1920,1080,60,14,IPS,16:9,,
Philips 241B8QTAA,,23.8,1920,1080,60,5,IPS,16:9,,
NEC LCD1960NXi,,19,1280,1024,60,IPS,IPS,5:4,,
Philips 246E9QDSB/27,,23.8,1920,1080,75,4,IPS,16:9,,
LG 34WK500-P,,34,2560,1080,75,5,IPS,21:9,,
Acer V246HQL Cbi,,23.6,1920,1080,60,5,TN,16:9,,
Dell E2318HE,,23,1920,1080,60,5,IPS,16:9,,
NEC AS241F-BK,300.49,23.8,1920,1080,60,6,IPS,16:9,,
HP E24d G4,499.99,23.8,1920,1080,60,5,IPS,16:9,,
Philips 252B9,,25,1920,1200,60,5,IPS,16:10,,
VIOTEK NB32CB,,32,1920,1080,75,5,VA,16:9,,
ViewSonic ELITE XG270QC,,27,2560,1440,165,3,VA,16:9,,
VIOTEK GFI27QXA,,27,3840,2160,144,5,IPS,16:9,,
Nixeus NX-EDG27 v2,,27,2560,1440,144,4,IPS,16:9,,
AXM 2798,,27,2560,1440,144,1,TN,16:9,,
Philips 246E9QDSB,,23.8,1920,1080,75,4,IPS,16:9,,
Philips 242E1GSJ/27,,23.8,1920,1080,144,4,VA,16:9,,
VIOTEK GNV34DB,,34,3440,1440,100,5,VA,21:9,,
LG 22BL450Y-W,,21.5,1920,1080,75,5,IPS,16:9,,
Lenovo 61E8GAR1US,,27,2560,1440,60,IPS,IPS,16:9,,
Monoprice 42107,,32,2560,1440,165,6,VA,16:9,,
LG 24M49VQ-P,,23.5,1920,1080,60,2,TN,16:9,,
NEC EA261WM-BK,,26,1920,1200,60,5,TN,16:10,,
Samsung LS22E310HS/ZA,,21.5,1920,1080,60,TN,TN,16:9,,
Monoprice 40865,,49,5120,1440,120,4,VA,32:9,,
Monoprice 42108,,31.5,2560,1440,165,6,VA,16:9,,
Monoprice 40775,,23.6,1920,1080,144,6,VA,16:9,,
Acer V226HQL bid,249.99,21.5,1920,1080,60,5,TN,16:9,,
Acer V227Q Abmix,214.56,21.5,1920,1080,75,4,VA,16:9,,
Acer HA220Q Bbix,,21.5,1920,1080,75,IPS,IPS,16:9,,
Acer B246WL Aymidprz,,24,1920,1200,60,5,IPS,16:10,,
Acer BW237Q bmiprx,,22.5,1920,1200,60,4,IPS,16:10,,
X= XG27IPS,,27,1920,1080,75,8,IPS,16:9,,
X= XG24CURV,,23.8,1920,1080,75,8,VA,16:9,,
Acer PE320QK,,31.5,3840,2160,60,4,IPS,16:9,,
LG 32UL750-W,968.88,31.5,3840,2160,60,4,VA,16:9,,
Lenovo 65FAGCC2US,,28,3840,2160,60,4,IPS,16:9,,
Samsung F27T85,,27,2560,1440,75,IPS,IPS,16:9,,
Pixio PX273,,27,1920,1080,165,VA,VA,16:9,,
X= XG22VA,,21.4,1920,1080,75,12,VA,16:9,,
X= XG27CURV,,27,1920,1080,75,4,VA,16:9,,
LG 38WN75C-B,,38,3840,1600,60,5,IPS,12:5,,
MSI Optix MAG245R2,,23.8,1920,1080,170,,16:9,16:9,,
MSI Optix MAG275R,,27,1920,1080,144,IPS,IPS,16:9,,
Acer CB242Y Dbmiprcx,,23.8,1920,1080,75,IPS,IPS,16:9,,
Samsung CH580,,27,1920,1080,60,VA,VA,16:9,,
Samsung FT850,,27,2560,1440,75,4,PLS,16:9,,
Samsung TU872,,32,3840,2160,60,8,VA,16:9,,
Samsung SE348,,22,1920,1080,,TN,TN,16:9,,
Samsung S31A,,24,1920,1080,60,9,VA,16:9,,
Samsung LS24A400VENXZA,279,24,1920,1080,75,5,IPS,16:9,,
Samsung SD850,,27,2560,1440,60,VA,VA,16:9,,
Samsung SH650,,27,1920,1080,60,5,PLS,16:9,,
Samsung SF351,,31.5,1920,1080,,VA,VA,16:9,,
Samsung UD970,,31.5,3840,2160,60,VA,VA,16:9,,
Acer CB272 bmiprux,,27,1920,1080,75,IPS,IPS,16:9,,
Acer CBA272 bir,,27,1920,1080,75,IPS,IPS,16:9,,
Acer CB272 Dbmiprx,,27,1920,1080,75,IPS,IPS,16:9,,
Acer EH273 BIX,,27,1920,1080,75,VA,VA,16:9,,
Acer R270 SMIPX,176.43,27,1920,1080,75,IPS,IPS,16:9,,
Acer RX271 PBMIIPHX,,27,1920,1080,144,IPS,IPS,16:9,,
Acer K272HL Hbi,,27,1920,1080,,VA,VA,16:9,,
Acer CBA322QU SMIIPRZX,,31.5,2560,1440,75,IPS,IPS,16:9,,
Acer ET322QK Abmiipx,,31.5,3840,2160,60,VA,VA,16:9,,
Acer VG281K bmiipx,,28,3840,2160,60,IPS,IPS,16:9,,
Acer CB242Y bmirx,230,23.8,1920,1080,75,IPS,IPS,16:9,,
Acer CBA242Y ABMIPRX,158,23.8,1920,1080,,VA,VA,16:9,,
Acer PG241Y Pbiipx,,23.8,1920,1080,144,VA,VA,16:9,,
Acer UT241Y,,23.8,1920,1080,60,4,IPS,16:9,,
Acer CB292CU bmiipruzx,,29,2560,1080,75,IPS,IPS,21:9,,
Acer KA220HQ bid,,21.5,1920,1080,,TN,TN,16:9,,
Dell C3422WE,1046,34.1,3440,1440,60,5,IPS,21:9,,
Dell S2422HZ,,23.8,1920,1080,75,IPS,IPS,16:9,,
Dell P2422HA CVAA,,23.8,1920,1080,60,5,IPS,16:9,,
Dell C2723H,,27,1920,1080,60,5,IPS,16:9,,
Dell U3023E,,30,2560,1600,60,5,IPS,16:10,,
Dell SE3223Q,,31.5,3840,2160,60,VA,VA,16:9,,
LG 24LQ510S-PU,,23.6,1366,768,83,14,16:9,16:9,,
LG 24MP500-B,,24,1920,1080,75,5,IPS,16:9,,
LG 27GK65S-B,,27,1920,1080,144,5,IPS,16:9,,
LG 34WL75C-B,,34,3440,1440,60,5,IPS,21:9,,
LG 34WP85C-B,,34,3440,1440,60,5,IPS,21:9,,
LG 34WP88C-B,799.99,34,3440,1440,60,5,IPS,21:9,,
LG 27LP615B-PU,,27,1920,1080,75,14,IPS,16:9,,
LG 27LQ615S-PU,199.99,27,1920,1080,83,14,IPS,16:9,,
LG 27UK580-B,,27,3840,2160,60,5,IPS,16:9,,
LG 27UP80B-W,449.99,27,3840,2160,60,5,IPS,16:9,,
LG 29UM59A-P,,29,2560,1080,60,IPS,IPS,21:9,,
LG 29WP50S-W,,29,2560,1080,75,5,IPS,21:9,,
LG 34WL600-B,,34,2560,1080,75,5,IPS,21:9,,
LG 34WL750-B,,34,3440,1440,60,5,IPS,21:9,,
MSI Optix G272P,,27,1920,1080,144,IPS,IPS,16:9,,
MSI Optix G27C7P,,27,1920,1080,165,VA,VA,16:9,,
MSI Creator PS321URV,,32,3840,2160,60,4,IPS,16:9,,
MSI Modern MD241P Ultramarine,179.99,23.8,1920,1080,75,IPS,IPS,16:9,,
MSI Modern MD271P,199.99,27,1920,1080,75,IPS,IPS,16:9,,
MSI Modern MD271PW,193.99,27,1920,1080,75,IPS,IPS,16:9,,
MSI Modern MD271QP,,27,2560,1440,75,IPS,IPS,16:9,,
MSI Modern MD272PW,219.99,27,1920,1080,75,IPS,IPS,16:9,,
MSI Modern MD271CP,,27,1920,1080,75,4,VA,16:9,,
ViewSonic VG2456A,259.99,24,1920,1080,5,5,IPS,16:9,,
ViewSonic VG2740V,,27,1920,1080,5,5,IPS,16:9,,
Asus VA27VQSE,,27,1920,1080,75,VA,VA,16:9,,
HP E273q (Head Only),,27,2560,1440,60,IPS,IPS,16:9,,
Monoprice 30673,,23.8,2560,1440,144,VA,VA,16:9,,
Lenovo ThinkVision S28u-10,,28,3840,2160,60,4,IPS,16:9,,
Asus TUF GAMING VG247QR1A,,23.8,1920,1080,165,VA,VA,16:9,,
Acer VA241Y,,23.8,1920,1080,60,VA,VA,16:9,,
Acer BL270,,27,1920,1080,60,IPS,IPS,16:9,,
Acer PE270K bmiipruzx,759.99,27,3840,2160,60,4,IPS,16:9,,
Acer UM.HV1AA.A03,,27,1920,1080,75,VA,VA,16:9,,
Acer BL280K Bmiiprx,,28,3840,2160,60,IPS,IPS,16:9,,
Acer B246HYL Cymiprx,,23.8,1920,1080,60,VA,VA,16:9,,
Acer B247Y D,399.99,23.8,1920,1080,75,IPS,IPS,16:9,,
Acer B248Y,250,23.8,1920,1080,75,IPS,IPS,16:9,,
Acer V247Y A,237.49,23.8,1920,1080,75,IPS,IPS,16:9,,
Acer B227Q Abmiprx,299.99,21.5,1920,1080,75,VA,VA,16:9,,
Acer Nitro QG221Q bmiix,,21.5,1920,1080,75,VA,VA,16:9,,
Acer R221Q Bbix,,21.5,1920,1080,75,IPS,IPS,16:9,,
Acer V226HQL Gbi,,21.5,1920,1080,,IPS,IPS,16:9,,
Acer 19CX1Q b,,18.5,1366,768,60,TN,TN,16:9,,
Acer V227Q B,,21.5,1920,1080,75,4,VA,16:9,,
Acer XB273 Pbmiprzx,,27,1920,1080,144,IPS,IPS,16:9,,
Samsung C49G93TSSR,,49,5120,1440,240,1,VA,32:9,,
Philips 439P9H,,43.4,3840,1200,100,4,VA,16:5,,
Asus VP227HE,,21.4,1920,1080,75,5,VA,16:9,,
Asus VA247HEY,,23.8,1920,1080,75,VA,VA,16:9,,
AOC CQ34G2,,34,2560,1080,75,VA,VA,21:9,,
AOC Q34G3,,34,2560,1080,75,IPS,IPS,21:9,,
Dell DELL-E2218HN,,21.5,1920,1080,60,TN,TN,16:9,,
Dell P1914SF,,19,1280,1024,60,8,IPS,5:4,,
Dell P3421WN,,34,3440,1440,60,5,IPS,21:9,,
Dell U2412ME,,24,1920,1200,60,8,IPS,16:10,,
HP E24u G4,243.47,23.8,1920,1080,60,5,IPS,16:9,,
HP Z24u G3,207.99,24,1920,1200,60,5,IPS,16:10,,
HP Z34c G3,899,34,3440,1440,6,6,IPS,21:9,,
HP Z32k G3,,31.5,3840,2160,60,5,IPS,16:9,,
HP P32u G5,,31.5,2560,1440,75,5,IPS,16:9,,
HP 9VG71AA#ABA,275,27,1920,1080,60,5,IPS,16:9,,
Lenovo ThinkCentre TIO Flex 24i,289,23.8,1920,1080,60,4,IPS,16:9,,
Lenovo ThinkVision S27e-20,,27,1920,1080,60,4,IPS,16:9,,
LG 27BL450Y-B,231.39,27,1920,1080,75,5,IPS,16:9,,
LG 24BL650C-B,322.98,23.8,1920,1080,75,5,IPS,16:9,,
LG 24BP75Q-B,249,23.8,2560,1440,60,5,IPS,16:9,,
LG 24CK550Z-BP,,23.8,1920,1080,60,14,IPS,16:9,,
LG 27MQ70QC-S,,27,2560,1440,75,5,IPS,16:9,,
LG 32BL75U-W,579,31.5,3840,2160,60,4,VA,16:9,,
LG 35BN75C-B,,35,3440,1440,100,5,VA,21:9,,
LG 43BN70U-B,,42.5,3840,2160,60,8,IPS,16:9,,
MSI Modern MD272QP UltraMarine,,27,2560,1440,75,4,IPS,16:9,,
MSI Optix G27C6 E2,,27,1920,1080,170,VA,VA,16:9,,
MSI Pro MP272C,,27,1920,1080,75,5,VA,16:9,,
Philips 272P7VUBNB,,27,3840,2160,60,5,IPS,16:9,,
Planar PXN2400,125.99,23.8,1920,1080,60,5,IPS,16:9,,
Planar PZN2410,201.13,23.8,1920,1080,60,6,IPS,16:9,,
Planar PXN2710Q,,27,2560,1440,60,6,IPS,16:9,,
Planar PZN3410Q,,27,2560,1440,60,6,IPS,16:9,,
Samsung S65UA,599.99,34,3440,1440,100,5,VA,21:9,,
V7 L238IPS-HAS-N,156.34,23.8,1920,1080,60,5,IPS,16:9,,
V7 L238IPS-N,,23.8,1920,1080,60,5,IPS,16:9,,
V7 L270IPS-HAS-N,,27,1920,1080,60,5,16:9,16:9,,
NEC E271N-BK,280.49,27,1920,1080,60,6,16:9,16:9,,
AOC Q32P2CA,,31.5,2560,1440,75,,16:9,16:9,,
YEYIAN Sigurd 3501,,31.5,2560,1440,165,1,VA,16:9,,
Acer Nitro XZ452CU V,,45.5,5120,1440,165,VA,VA,32:9,,
Sceptre U279W-4000RK,,26.9,3840,2160,70,5,IPS,16:9,,
Sceptre U278W-4000RK,,26.9,3840,2160,70,5,IPS,16:9,,
HP V212a,,20.7,1920,1080,60,TN,TN,16:9,,