name,price,image,socket,form_factor,memory_max,memory_slots,color,rating
MSI MAG B850 TOMAHAWK MAX WIFI,217.99,https://cdna.pcpartpicker.com/static/forever/images/product/fe0743e587416e7fa161bfd0dca8237f.256p.jpg,AM5,ATX,256 GB,4,Black / Green,4.5
Gigabyte B850 AORUS ELITE WIFI7,178.85,https://cdna.pcpartpicker.com/static/forever/images/product/d3a0054902d36d38a60d09d83698d7c8.256p.jpg,AM5,ATX,256 GB,4,Black,4.5
Asus PRIME B550M-A WIFI II,89.4,https://cdna.pcpartpicker.com/static/forever/images/product/ff4b4e2c7f72b014f39f1864b19e7250.256p.jpg,AM4,Micro ATX,128 GB,4,Blue / Silver,4
Asus B650E MAX GAMING WIFI W,149.99,https://cdna.pcpartpicker.com/static/forever/images/product/233f7973b2f73df3b3273091792a871d.256p.jpg,AM5,ATX,256 GB,4,White,4.5
Gigabyte B650 EAGLE AX,112.99,,AM5,ATX,192 GB,4,Gray / Black,4.5
Asus TUF GAMING B650-PLUS WIFI,134.4,https://cdna.pcpartpicker.com/static/forever/images/product/d9e08ab3fe18574bdc4f01dcfecce0ea.256p.jpg,AM5,ATX,128 GB,4,Black,4
Gigabyte A520M K V2,42.99,https://cdna.pcpartpicker.com/static/forever/images/product/ad69b238cf570ec07fb8a00adda58eda.256p.jpg,AM4,Micro ATX,64 GB,2,Brown / Black,3.5
MSI B550M PRO-VDH WIFI,89.99,https://cdna.pcpartpicker.com/static/forever/images/product/57b4a5399dc626e9c5786f786aeb94ac.256p.jpg,AM4,Micro ATX,128 GB,4,Black,4.5
Gigabyte B550 EAGLE WIFI6,99.94,https://cdna.pcpartpicker.com/static/forever/images/product/9435af2197a80fcb37bc356ec9b83413.256p.jpg,AM4,ATX,128 GB,4,Black,4
Gigabyte B650M GAMING PLUS WIFI,168.51,https://cdna.pcpartpicker.com/static/forever/images/product/dbb71bb11592fff92343d7d68db13544.256p.jpg,AM5,Micro ATX,192 GB,4,Silver / Black,3.5
ASRock B850M Pro-A WiFi,117.99,https://cdna.pcpartpicker.com/static/forever/images/product/e114446516cb565272b30e82624774be.256p.jpg,AM5,Micro ATX,256 GB,4,Black,4.5
Asus TUF GAMING B850-E WIFI,129.97,,AM5,ATX,256 GB,4,Black,5
Gigabyte B550M K,69.99,https://cdna.pcpartpicker.com/static/forever/images/product/f52a9a0b2a28f096b5b1e5bf02707224.256p.jpg,AM4,Micro ATX,128 GB,4,Brown / Silver,3.5
Gigabyte X870E AORUS ELITE WIFI7,259.99,https://cdna.pcpartpicker.com/static/forever/images/product/1e1c3a84fdb8ea01eec98abd4c40d5d8.256p.jpg,AM5,ATX,256 GB,4,Black,4.5
Gigabyte B850 EAGLE WIFI6E,149.99,https://cdna.pcpartpicker.com/static/forever/images/product/2a9181a93dc5c38ea219e25f07ff1322.256p.jpg,AM5,ATX,256 GB,4,Gray / Black,4.5
ASRock B850I Lightning WiFi,179.99,,AM5,Mini ITX,128 GB,2,Black,4
MSI MAG B650 TOMAHAWK WIFI,159.99,https://cdna.pcpartpicker.com/static/forever/images/product/dc9235e0d8052745493eb900bb9df6f6.256p.jpg,AM5,ATX,256 GB,4,Black,4.5
ASRock B650M Pro RS WiFi,159.25,https://cdna.pcpartpicker.com/static/forever/images/product/d7893755609db1feb833c99ad9d243bf.256p.jpg,AM5,Micro ATX,256 GB,4,Black / Silver,4.5
Gigabyte B760M GAMING PLUS WIFI DDR4,119.13,https://cdna.pcpartpicker.com/static/forever/images/product/6dcbd73f46d20ca37c1e80a00f3ef206.256p.jpg,LGA1700,Micro ATX,128 GB,4,Black / Silver,4
Asus ROG STRIX B850-A GAMING WIFI,199.99,,AM5,ATX,192 GB,4,White,4.5
Asus TUF GAMING B850-PLUS WIFI,189.98,,AM5,ATX,256 GB,4,Black / Silver,4
Asus ROG STRIX B650E-I GAMING WIFI,206.99,https://cdna.pcpartpicker.com/static/forever/images/product/bf950d502a28575d015348684bf78a37.256p.jpg,AM5,Mini ITX,96 GB,2,Black,4
MSI PRO B550M-VC WIFI,115.73,https://cdna.pcpartpicker.com/static/forever/images/product/3ba98d49243674bac25ebc39e6cc1fbc.256p.jpg,AM4,Micro ATX,128 GB,4,Black,4.5
MSI MAG B550 TOMAHAWK MAX WIFI,,https://cdna.pcpartpicker.com/static/forever/images/product/cf20560e7e4a9e474fcb4c88238e4ffd.256p.jpg,AM4,ATX,128 GB,4,Silver / Black,4.5
MSI MAG X870 TOMAHAWK WIFI,232.68,https://cdna.pcpartpicker.com/static/forever/images/product/ec3fc6477ed914f51a028bc29f0e20aa.256p.jpg,AM5,ATX,256 GB,4,Black,4.5
Asus ROG CROSSHAIR X870E DARK HERO,550,https://cdna.pcpartpicker.com/static/forever/images/product/a14b5a84c03bd229c4a6b4882da29013.256p.jpg,AM5,ATX,256 GB,4,Black,5
Gigabyte A620I AX,122.94,https://cdna.pcpartpicker.com/static/forever/images/product/69a825f37db70263d7e51fb24fb8e887.256p.jpg,AM5,Mini ITX,96 GB,2,Black / Gray,4
Asus TUF GAMING B550-PLUS WIFI II,105.94,https://cdna.pcpartpicker.com/static/forever/images/product/6b136eab8dcdd8f78e02da5a09b96795.256p.jpg,AM4,ATX,128 GB,4,Black / Gray,4
MSI B650 GAMING PLUS WIFI,133.28,https://cdna.pcpartpicker.com/static/forever/images/product/ff33ebb87ed9f5fa5f9c54d6d316ae82.256p.jpg,AM5,ATX,192 GB,4,Black,4.5
MSI PRO B760-P WIFI DDR4,128.97,https://cdna.pcpartpicker.com/static/forever/images/product/28e8ce6b41464b892862574420f45b63.256p.jpg,LGA1700,ATX,128 GB,4,Black,4.5
Gigabyte X870 AORUS ELITE WIFI7 ICE,226.69,https://cdna.pcpartpicker.com/static/forever/images/product/d1f30b497f0fd6289278b33ec776f86b.256p.jpg,AM5,ATX,256 GB,4,White,4.5
Asus ROG CROSSHAIR X870E GLACIAL,913.99,https://cdna.pcpartpicker.com/static/forever/images/product/eb96890a852502233ce1cd81673d0ad6.256p.jpg,AM5,EATX,256 GB,4,White / Silver,0
MSI B850 GAMING PLUS WIFI6E,119.99,https://cdna.pcpartpicker.com/static/forever/images/product/34e776866180181de790f98268092efd.256p.jpg,AM5,ATX,256 GB,4,Silver,4.5
Asus ROG STRIX B550-F GAMING WIFI II,142.94,https://cdna.pcpartpicker.com/static/forever/images/product/923cae0c8159c98aaf91541a20f95dc9.256p.jpg,AM4,ATX,128 GB,4,Black / Red,4.5
MSI PRO B850-S WIFI6E,109.99,https://cdna.pcpartpicker.com/static/forever/images/product/bf040b7e95e6a515f5c1fabd2a011a08.256p.jpg,AM5,ATX,256 GB,4,Black,5
ASRock B850M-X R2.0,104.99,https://cdna.pcpartpicker.com/static/forever/images/product/7d10673e332d20614128a532027ca071.256p.jpg,AM5,Micro ATX,128 GB,2,Black / White,5
ASRock B550M-ITX/ac,118.94,https://cdna.pcpartpicker.com/static/forever/images/product/66aa5dd590cf1bb5fe8de0417f9ed7e6.256p.jpg,AM4,Mini ITX,64 GB,2,Silver / Black,4
Gigabyte A520I AC,83.99,https://cdna.pcpartpicker.com/static/forever/images/product/87329029966463ec6eac31fad52fae85.256p.jpg,AM4,Mini ITX,64 GB,2,Black,4.5
Asus ROG STRIX B850-I GAMING WIFI,248.99,https://cdna.pcpartpicker.com/static/forever/images/product/573b392b2d5a728c3a15f84dce93449b.256p.jpg,AM5,Mini ITX,128 GB,2,Black,4
Gigabyte B650 GAMING X AX V2,124.99,,AM5,ATX,192 GB,4,Gray / Black,4.5
Gigabyte B550M GAMING X WIFI6,96.95,https://cdna.pcpartpicker.com/static/forever/images/product/cd5f3bb9add2e4123ade1d5161553326.256p.jpg,AM4,Micro ATX,128 GB,4,Gray / Black,4
Gigabyte Z790 EAGLE AX,164.99,https://cdna.pcpartpicker.com/static/forever/images/product/3d487ee6ea150ca534c123f409cbae68.256p.jpg,LGA1700,ATX,256 GB,4,Gray / Black,4.5
Gigabyte B850M GAMING X WIFI6E,155.47,,AM5,Micro ATX,256 GB,4,Black,4
Asus ROG STRIX X870E-E GAMING WIFI,405.45,https://cdna.pcpartpicker.com/static/forever/images/product/e6ec6fd92a901825fcbcc79fea85c79f.256p.jpg,AM5,ATX,256 GB,4,Black,4.5
Gigabyte B850M EAGLE WIFI6E ICE,145,https://cdna.pcpartpicker.com/static/forever/images/product/bd78975c5fc0c5510c5293181fe77831.256p.jpg,AM5,Micro ATX,256 GB,4,White,5
Gigabyte B550M AORUS ELITE AX,103.94,https://cdna.pcpartpicker.com/static/forever/images/product/bf6939e818d9dd155a2acf5199ef6720.256p.jpg,AM4,Micro ATX,128 GB,4,Black / Silver,4.5
ASRock B650I Lightning Wifi,148.99,https://cdna.pcpartpicker.com/static/forever/images/product/40e47e0c22c38ba2269880dd81c305f3.256p.jpg,AM5,Mini ITX,96 GB,2,Black,4
ASRock B650M Pro RS,118.99,https://cdna.pcpartpicker.com/static/forever/images/product/4dc751a89c74d335cae25cbc50b4c67e.256p.jpg,AM5,Micro ATX,256 GB,4,Black / Silver,4.5
Gigabyte X870 GAMING WIFI6,169.99,https://cdna.pcpartpicker.com/static/forever/images/product/2a78caa1159b44ac04ac0b6245d7a20b.256p.jpg,AM5,ATX,256 GB,4,Black / Gray,4.5
Gigabyte B650 AORUS ELITE AX,191.07,https://cdna.pcpartpicker.com/static/forever/images/product/322a6059c413dd736536e5ad5c3a2285.256p.jpg,AM5,ATX,192 GB,4,Black / Silver,4.5
MSI MPG B550 GAMING PLUS,99.99,https://cdna.pcpartpicker.com/static/forever/images/product/607f7ca77131a0bf7dc6b75617795203.256p.jpg,AM4,ATX,128 GB,4,Black,4.5
MSI Z790 GAMING PLUS WIFI,169.99,https://cdna.pcpartpicker.com/static/forever/images/product/8ebf82190e0ae9871ce4a1a4c824e204.256p.jpg,LGA1700,ATX,256 GB,4,Black,4.5
MSI MAG X870E TOMAHAWK WIFI,255.99,https://cdna.pcpartpicker.com/static/forever/images/product/d45365fc05268cf82bf9720808262049.256p.jpg,AM5,ATX,256 GB,4,Black / Green,4.5
Gigabyte B550I AORUS PRO AX,134.99,https://cdna.pcpartpicker.com/static/forever/images/product/46324a9aac9a2c2e7b705b32a4632fba.256p.jpg,AM4,Mini ITX,64 GB,2,Black / Silver,4
ASRock B850M-C,,https://cdna.pcpartpicker.com/static/forever/images/product/fbf5fefe22dfd446d301061a2153fc3a.256p.jpg,AM5,Micro ATX,256 GB,4,Black,0
Asus B760M-AYW WIFI D4 II,,https://cdna.pcpartpicker.com/static/forever/images/product/1e20fcdfc3ac73aae41d19e73b2d505c.256p.jpg,LGA1700,Micro ATX,64 GB,2,Black / Silver,4.5
Asus TUF GAMING B650-E WIFI,139.99,https://cdna.pcpartpicker.com/static/forever/images/product/287ac861ab77945d4c6d046865f62b5e.256p.jpg,AM5,ATX,192 GB,4,Black / Orange,4
Asus ROG STRIX B860-I GAMING WIFI,191.89,https://cdna.pcpartpicker.com/static/forever/images/product/680d520ef892efb6864b638be584cc9a.256p.jpg,LGA1851,Mini ITX,128 GB,2,Black / Silver,5
Gigabyte B550 GAMING X V2,89.99,https://cdna.pcpartpicker.com/static/forever/images/product/09d3314474cf5fefa2bd5c5941bb33b5.256p.jpg,AM4,ATX,128 GB,4,Black,4.5
Asus ROG STRIX B850-F GAMING WIFI,239.99,https://cdna.pcpartpicker.com/static/forever/images/product/da67975baa3e2a69497334af8eee81ce.256p.jpg,AM5,ATX,192 GB,4,Black,4.5
ASRock B550M Pro4,88,https://cdna.pcpartpicker.com/static/forever/images/product/472d12f3f649d3c11155e02f9fd70e22.256p.jpg,AM4,Micro ATX,128 GB,4,Silver / Black,4.5
Gigabyte X870 EAGLE WIFI7,178.99,https://cdna.pcpartpicker.com/static/forever/images/product/a06aef05389e93f5e4de5dc26d807abe.256p.jpg,AM5,ATX,256 GB,4,Black,4.5
Gigabyte B850 EAGLE WIFI7 ICE,164.99,https://cdna.pcpartpicker.com/static/forever/images/product/388f3e3de66324acbe4ade80d674298b.256p.jpg,AM5,ATX,256 GB,4,White,4.5
Asus ROG CROSSHAIR X870E EXTREME,164.99,https://cdna.pcpartpicker.com/static/forever/images/product/32edc55907aae5cb63ec877846bb73ac.256p.jpg,AM5,EATX,256 GB,4,Black / Silver,5
MSI MAG B850M MORTAR WIFI,179.99,https://cdna.pcpartpicker.com/static/forever/images/product/5299771c95c4e8b3d5f41cd252b1cd0b.256p.jpg,AM5,Micro ATX,256 GB,4,Black / Green,4.5
MSI PRO H610M-G DDR4,59.99,https://cdna.pcpartpicker.com/static/forever/images/product/8a6d9e0f04302ca47ff65d23bda24e49.256p.jpg,LGA1700,Micro ATX,64 GB,2,Black / Silver,4.5
Asus ROG STRIX X870E-E GAMING WIFI7 NEO,418.99,https://cdna.pcpartpicker.com/static/forever/images/product/8f5d017038559af64401d6d81acf88a8.256p.jpg,AM5,ATX,256 GB,4,Black,0
ASRock A620AI WiFi,123.94,https://cdna.pcpartpicker.com/static/forever/images/product/c3add07e7b316b6ba9612df7157dbc1e.256p.jpg,AM5,Mini ITX,128 GB,2,Black,4
ASRock B860 Rock WiFi 7,134.05,,LGA1851,ATX,256 GB,4,Silver / Black,0
MSI A520M-A PRO,44.99,https://cdna.pcpartpicker.com/static/forever/images/product/f210cab1260cc8cd402ee007cc382029.256p.jpg,AM4,Micro ATX,64 GB,2,Black,3.5
Asus ROG STRIX X870-I GAMING WIFI,373.61,https://cdna.pcpartpicker.com/static/forever/images/product/4e5ec27085e7971c37ce5794396f9639.256p.jpg,AM5,Mini ITX,128 GB,2,Black,4
ASRock B650M-H/M.2+,90.06,https://cdna.pcpartpicker.com/static/forever/images/product/07c31fe938c6e8531c051bc527759992.256p.jpg,AM5,Micro ATX,96 GB,2,Silver / Black,4.5
ASRock B850M-X WiFi R2.0,106.5,https://cdna.pcpartpicker.com/static/forever/images/product/cf3d0f0524d2e319b2e8eb117d9b63ca.256p.jpg,AM5,Micro ATX,128 GB,2,Black / White,4.5
Gigabyte B850 AORUS ELITE WIFI7 ICE,189.98,https://cdna.pcpartpicker.com/static/forever/images/product/b0c60fa6ec041477ad48e09d4203a0da.256p.jpg,AM5,ATX,256 GB,4,White / Silver,4.5
ASRock B450M-HDV R4.0,,https://cdna.pcpartpicker.com/static/forever/images/product/2b2897ac0de148a2935c3277573131b3.256p.jpg,AM4,Micro ATX,64 GB,2,Black / White,3.5
MSI PRO B850M-P WIFI,139.99,https://cdna.pcpartpicker.com/static/forever/images/product/e5ef70a31eda568d633f331a887b2aae.256p.jpg,AM5,Micro ATX,256 GB,4,Black / Silver,4.5
Asus ProArt X870E-CREATOR WIFI,447.74,https://cdna.pcpartpicker.com/static/forever/images/product/90a7314681e18b425d4240b917dd7d3e.256p.jpg,AM5,ATX,256 GB,4,Black / Gold,4.5
Asus ROG STRIX B650-A GAMING WIFI,158.97,https://cdna.pcpartpicker.com/static/forever/images/product/127cc163cf3e552499471f1908f99cfe.256p.jpg,AM5,ATX,192 GB,4,Black / Silver,4.5
MSI PRO B650M-A WIFI,151.49,https://cdna.pcpartpicker.com/static/forever/images/product/a7ffc5ab34c099836bb0ff9f9dfcab6d.256p.jpg,AM5,Micro ATX,192 GB,4,Black,4
Gigabyte B850 GAMING X WIFI6E,173.99,https://cdna.pcpartpicker.com/static/forever/images/product/62258989025bb9dd8fb1abaa606d1444.256p.jpg,AM5,ATX,256 GB,4,Gray / Black,4.5
MSI MEG X870E GODLIKE MAX,,https://cdna.pcpartpicker.com/static/forever/images/product/564ea74c1994e6960b6305f850b5b780.256p.jpg,AM5,EATX,256 GB,4,Black,0
ASRock B650 Steel Legend WiFi,163.4,https://cdna.pcpartpicker.com/static/forever/images/product/f154f20635f7e56b180c01266156053f.256p.jpg,AM5,ATX,256 GB,4,White / Silver,5
MSI PRO B850M-A WIFI,186.32,https://cdna.pcpartpicker.com/static/forever/images/product/9f36e7016dcb0e90f99d71e992ed2ca6.256p.jpg,AM5,Micro ATX,256 GB,4,Black / Silver,5
Asus ROG STRIX X870E-A GAMING WIFI7 NEO,292,https://cdna.pcpartpicker.com/static/forever/images/product/c8f9c6e956b89c5d25b7d91eba679419.256p.jpg,AM5,ATX,256 GB,4,White,0
ASRock B550 Phantom Gaming 4/ac,106.1,https://cdna.pcpartpicker.com/static/forever/images/product/987495c240f254ae7314bdd8ae3c426c.256p.jpg,AM4,ATX,128 GB,4,Silver / Black,4
Gigabyte X870I AORUS PRO ICE,264.98,https://cdna.pcpartpicker.com/static/forever/images/product/08f4be6287189613c69c5b5dfd6cd88b.256p.jpg,AM5,Mini ITX,128 GB,2,White,3.5
MSI PRO B760M-P DDR4,85.9,https://cdna.pcpartpicker.com/static/forever/images/product/bc24eb1e51b0165c40c5fa45e30055ce.256p.jpg,LGA1700,Micro ATX,128 GB,4,Black,3.5
Asus ROG STRIX X870-A GAMING WIFI,298.99,https://cdna.pcpartpicker.com/static/forever/images/product/8759f89d039f01404d65dcb994629292.256p.jpg,AM5,ATX,256 GB,4,White,4.5
MSI PRO B650M-P,107.94,https://cdna.pcpartpicker.com/static/forever/images/product/f03f1d667284f39b3eaf208a50cdbb68.256p.jpg,AM5,Micro ATX,192 GB,4,Black / Silver,4.5
Asus TUF GAMING B850M-PLUS WIFI,190.99,https://cdna.pcpartpicker.com/static/forever/images/product/1d8ae56612d85a6804f4da9a9bc4c5e4.256p.jpg,AM5,Micro ATX,256 GB,4,Black,4.5
Gigabyte B550M DS3H AC R2,88.96,https://cdna.pcpartpicker.com/static/forever/images/product/61e134589d40c606cd6ac71cd3603434.256p.jpg,AM4,Micro ATX,128 GB,4,Black,4.5
MSI PRO B650-S WIFI,136.34,https://cdna.pcpartpicker.com/static/forever/images/product/a3020fc8322a2821927ed01af1155620.256p.jpg,AM5,ATX,192 GB,4,Black,4.5
Gigabyte B650M GAMING WIFI6E,111.02,https://cdna.pcpartpicker.com/static/forever/images/product/7486bd0a06a2794a9f33b9104c25ca57.256p.jpg,AM5,Micro ATX,128 GB,2,Silver / Black,4
MSI MPG X870E CARBON WIFI,397.99,https://cdna.pcpartpicker.com/static/forever/images/product/fac31c8cea999908580b1081eed58c0e.256p.jpg,AM5,ATX,256 GB,4,Black,4
Asus TUF GAMING B860M-PLUS WIFI,169.99,https://cdna.pcpartpicker.com/static/forever/images/product/2656853c7563ea7353bcb7ebbb3ef261.256p.jpg,LGA1851,Micro ATX,256 GB,4,Black / Silver,5
MSI PRO X870E-P WIFI,204.94,https://cdna.pcpartpicker.com/static/forever/images/product/818755e4ae3a17cd1e3dc208ed4017fe.256p.jpg,AM5,ATX,256 GB,4,Black / Silver,4
Asus ROG STRIX B850-G GAMING WIFI,205.9,https://cdna.pcpartpicker.com/static/forever/images/product/ad06e905477b8cff21bf5a105c68768a.256p.jpg,AM5,Micro ATX,256 GB,4,White,5
MSI PRO B650-P WIFI,226.62,https://cdna.pcpartpicker.com/static/forever/images/product/b381dd1cf368e92388a8bfc64866fcc5.256p.jpg,AM5,ATX,192 GB,4,Black,4
MSI B550-A PRO,94.99,https://cdna.pcpartpicker.com/static/forever/images/product/fc65ca9d5cae55e189d9d159896a659c.256p.jpg,AM4,ATX,128 GB,4,Black / Silver,4.5
Gigabyte B850M EAGLE WIFI6E,151.25,https://cdna.pcpartpicker.com/static/forever/images/product/a6491e56a9da34963366a7c07b77542f.256p.jpg,AM5,Micro ATX,256 GB,4,Black,5
ASRock A620AM-X WiFi,86.99,https://cdna.pcpartpicker.com/static/forever/images/product/c82b0a58c390e8674066c2b1b26dfd84.256p.jpg,AM5,Micro ATX,128 GB,2,Black,0
MSI PRO Z790-A MAX WIFI,237.33,https://cdna.pcpartpicker.com/static/forever/images/product/55e781311c4d62e83df9ac297a64c01a.256p.jpg,LGA1700,ATX,256 GB,4,Silver / Black,4.5
Asus ROG STRIX Z890-E GAMING WIFI,289.99,https://cdna.pcpartpicker.com/static/forever/images/product/e454bdc289a21a76440be26aaacc1c38.256p.jpg,LGA1851,ATX,256 GB,4,Black,5
MSI MPG B850I EDGE TI WIFI,249.9,https://cdna.pcpartpicker.com/static/forever/images/product/9215de4401fbfce1a54ecc659fc6f3b5.256p.jpg,AM5,Mini ITX,128 GB,2,Silver,4
Gigabyte X870 AORUS ELITE WIFI7,239.99,https://cdna.pcpartpicker.com/static/forever/images/product/a6142ac6b6282d5d01bf025a8e7418a0.256p.jpg,AM5,ATX,256 GB,4,Black,4.5
Asus TUF GAMING B550M-PLUS WIFI II,114.79,,AM4,Micro ATX,128 GB,4,Black / Gray,4.5
Gigabyte A520M DS3H V2,54.99,https://cdna.pcpartpicker.com/static/forever/images/product/0090b895d648338f39bc35ccaa60ca67.256p.jpg,AM4,Micro ATX,128 GB,4,Gray / Brown,4.5
MSI B760 GAMING PLUS WIFI,119.99,https://cdna.pcpartpicker.com/static/forever/images/product/f22d681ccfd01238e756443a474f400b.256p.jpg,LGA1700,ATX,192 GB,4,Black / Silver,4.5
MSI B850 GAMING PLUS WIFI,144.95,https://cdna.pcpartpicker.com/static/forever/images/product/2bbb6b8dc2a1b1dbd36d70f7733677f3.256p.jpg,AM5,ATX,256 GB,4,Silver / Black,4.5
MSI B760 GAMING PLUS WIFI DDR4,144.95,https://cdna.pcpartpicker.com/static/forever/images/product/1185025125d45ddfcc03516e4b54b199.256p.jpg,LGA1700,ATX,128 GB,4,Black / Silver,4
Asus ROG CROSSHAIR X870E HERO,477.99,https://cdna.pcpartpicker.com/static/forever/images/product/308921dd82c7029537edd075cf518569.256p.jpg,AM5,ATX,256 GB,4,Black,4
Asus PRIME A620A-PLUS WIFI,107.99,https://cdna.pcpartpicker.com/static/forever/images/product/25073433276e2d87533500fa52d9daab.256p.jpg,AM5,ATX,256 GB,4,Black / Silver,0
ASRock Phantom Gaming X870E Nova WiFi,298.94,https://cdna.pcpartpicker.com/static/forever/images/product/eaa95c0e62803b458f2f0d163dfffa91.256p.jpg,AM5,ATX,256 GB,4,Black / Purple,4.5
MSI X870E GAMING PLUS WIFI,179.99,,AM5,ATX,256 GB,4,Black,3.5
Asus ROG CROSSHAIR X870E HERO BTF,526,https://cdna.pcpartpicker.com/static/forever/images/product/7ef93e079182741ba6097774e6184d29.256p.jpg,AM5,ATX,256 GB,4,Black,4.5
Asus TUF GAMING B650E-E WIFI,145.47,https://cdna.pcpartpicker.com/static/forever/images/product/6e091a3954e7ac61e63a226aced54d9b.256p.jpg,AM5,ATX,256 GB,4,Black,4.5
Asus TUF GAMING X870-PLUS WIFI,205.19,https://cdna.pcpartpicker.com/static/forever/images/product/0817e1eae7204d437ef0084b49c0c855.256p.jpg,AM5,ATX,192 GB,4,Black,4
Gigabyte B850M AORUS ELITE WIFI6E ICE,171.94,https://cdna.pcpartpicker.com/static/forever/images/product/0b600a0ada98f511e01e72c821404686.256p.jpg,AM5,Micro ATX,256 GB,4,White / Silver,4
ASRock B550M-HDV,65.9,https://cdna.pcpartpicker.com/static/forever/images/product/f50779cfddeda830b0af852915702a00.256p.jpg,AM4,Micro ATX,64 GB,2,Black,4
Asus PRIME B550-PLUS AC-HES,140.05,https://cdna.pcpartpicker.com/static/forever/images/product/d1cc901f52eef99cab0cc4d4255401ea.256p.jpg,AM4,ATX,128 GB,4,Silver / Black,4.5
ASRock A520M-ITX/ac,93.99,https://cdna.pcpartpicker.com/static/forever/images/product/940a04508f4187af83971871163c4f19.256p.jpg,AM4,Mini ITX,64 GB,2,Black / Silver,4
MSI B760M GAMING PLUS WIFI,109.99,https://cdna.pcpartpicker.com/static/forever/images/product/96638c2881bd646987778b312655d859.256p.jpg,LGA1700,Micro ATX,192 GB,4,Black / Silver,4.5
MSI B450 TOMAHAWK MAX,,https://cdna.pcpartpicker.com/static/forever/images/product/0a8a0ca77620c63b68fec6323537d50a.256p.jpg,AM4,ATX,128 GB,4,Black,4.5
Gigabyte B550M DS3H R2,75.99,https://cdna.pcpartpicker.com/static/forever/images/product/e501e4c130b02dc46f34e25335339e50.256p.jpg,AM4,Micro ATX,128 GB,4,Black,4
MSI Z890 GAMING PLUS WIFI,209.99,https://cdna.pcpartpicker.com/static/forever/images/product/09616b3a79d984fcecbcc06409660931.256p.jpg,LGA1851,ATX,256 GB,4,Black,5
Asus TUF GAMING A520M-PLUS WIFI,74.48,https://cdna.pcpartpicker.com/static/forever/images/product/e17b78b80ad50c2c96668bb12c1f190e.256p.jpg,AM4,Micro ATX,128 GB,4,Black / Orange,4
ASRock X870E Taichi,393.31,https://cdna.pcpartpicker.com/static/forever/images/product/23ef2a9c06fcdba69a77129c3df09ee6.256p.jpg,AM5,EATX,256 GB,4,Black,4.5
Gigabyte B650I AX,129.94,https://cdna.pcpartpicker.com/static/forever/images/product/84541ae6fccab36ca43f3d19efa9cae2.256p.jpg,AM5,Mini ITX,96 GB,2,Black,4.5
ASRock A620AM-X,84.93,https://cdna.pcpartpicker.com/static/forever/images/product/162bc2113d47478aa0465769effe2ca4.256p.jpg,AM5,Micro ATX,128 GB,2,Black,0
ASRock B850M Pro RS WiFi,119.9,,AM5,Micro ATX,256 GB,4,Silver / Black,4.5
ASRock B860M Pro-A WiFi,119.99,https://cdna.pcpartpicker.com/static/forever/images/product/031ef52033c32c65736b49587d067864.256p.jpg,LGA1851,Micro ATX,256 GB,4,Black,5
Asus TUF GAMING Z790-PLUS WIFI,200.19,https://cdna.pcpartpicker.com/static/forever/images/product/aeb8a7dad48da098b42945e9439076fe.256p.jpg,LGA1700,ATX,192 GB,4,Black / Gray,4.5
Asus ROG STRIX B550-A GAMING,119.99,https://cdna.pcpartpicker.com/static/forever/images/product/5ac88d84f61dd91c0621ac30c4dc5480.256p.jpg,AM4,ATX,128 GB,4,Black / White,4.5
Gigabyte X870E AORUS PRO ICE,213.41,https://cdna.pcpartpicker.com/static/forever/images/product/e10a4432559e6016902b572d4e062e7c.256p.jpg,AM5,ATX,256 GB,4,White,4.5
Asus TUF GAMING B850M-E WIFI,207.25,https://cdna.pcpartpicker.com/static/forever/images/product/2b84e9827be355bfd8f5967e2af45222.256p.jpg,AM5,Micro ATX,256 GB,4,Black,5
Gigabyte B650 AORUS ELITE AX ICE,109.99,https://cdna.pcpartpicker.com/static/forever/images/product/7352b7865a2e77e70371d5c81a01f5a7.256p.jpg,AM5,ATX,192 GB,4,Silver,4.5
Asus PRIME B650-PLUS WIFI,109.99,https://cdna.pcpartpicker.com/static/forever/images/product/3ed831f2c6b1c74abe73d5c4d40bd306.256p.jpg,AM5,ATX,192 GB,4,Black / Silver,4.5
MSI B450M-A PRO MAX II,,https://cdna.pcpartpicker.com/static/forever/images/product/a1a4552c218bc30c1738a3642c5691dd.256p.jpg,AM4,Micro ATX,64 GB,2,Black,4
MSI MAG Z890 TOMAHAWK WIFI,283.89,https://cdna.pcpartpicker.com/static/forever/images/product/c4627c92bb33a5c35c247e2b415d25ed.256p.jpg,LGA1851,ATX,256 GB,4,Black / Yellow,4
Gigabyte B850 GAMING WIFI6,131.99,https://cdna.pcpartpicker.com/static/forever/images/product/3138eb73b8a80dfd7e279a4c1d7ab934.256p.jpg,AM5,ATX,256 GB,4,Black / Gray,4
ASRock B650M-HDV/M.2 White,149.65,https://cdna.pcpartpicker.com/static/forever/images/product/d28123654f51c07102f4b17dc4a08e54.256p.jpg,AM5,Micro ATX,128 GB,2,White,4
Gigabyte Z890 EAGLE WIFI7 PLUS,226.55,https://cdna.pcpartpicker.com/static/forever/images/product/9f1aa8989add66812cfab5153e0d077b.256p.jpg,LGA1851,ATX,256 GB,4,Black,0
Gigabyte B650M GAMING WIFI,,https://cdna.pcpartpicker.com/static/forever/images/product/2cbcf2df64df4dec51dd406ad61c913d.256p.jpg,AM5,Micro ATX,96 GB,2,Black / Silver,3.5
MSI PRO B850-P WIFI,139.99,https://cdna.pcpartpicker.com/static/forever/images/product/5b18758444f0beaee3b10e125a16688e.256p.jpg,AM5,ATX,256 GB,4,Silver / Black,4.5
MSI B850 GAMING PRO WIFI6E,139.99,https://cdna.pcpartpicker.com/static/forever/images/product/a6c8c68d676cc7ecf78ebcfae15e4365.256p.jpg,AM5,ATX,256 GB,4,Black / Silver,4.5
MSI B650M GAMING PLUS WIFI,138.85,https://cdna.pcpartpicker.com/static/forever/images/product/69431e8d4900acff3cc388ff5f5f3ea7.256p.jpg,AM5,Micro ATX,192 GB,4,Silver / Black,4
ASRock B650M-HDV/M.2,93.17,https://cdna.pcpartpicker.com/static/forever/images/product/e4a16a219fbf878e01a4beae50bbc0ef.256p.jpg,AM5,Micro ATX,96 GB,2,Silver / Black,4.5
Gigabyte B550 AORUS ELITE AX V2,138.41,,AM4,ATX,128 GB,4,Black / Silver,4.5
Gigabyte X870 AORUS STEALTH,299.99,https://cdna.pcpartpicker.com/static/forever/images/product/965c13a83c76991c0b3ccb4921e559a8.256p.jpg,AM5,ATX,256 GB,4,Black,4.5
Gigabyte Z890 AORUS ELITE WIFI7,229.99,https://cdna.pcpartpicker.com/static/forever/images/product/c1cf44c1af8dfec51dc186c626c4325b.256p.jpg,LGA1851,ATX,256 GB,4,Black,5
Gigabyte Z790 AORUS ELITE AX,199.99,https://cdna.pcpartpicker.com/static/forever/images/product/ba20600286bf8f74ce71df37ed8aef65.256p.jpg,LGA1700,ATX,256 GB,4,Black,4.5
Gigabyte B650E EAGLE WIFI6E,141.99,,AM5,ATX,256 GB,4,Black,4
Asus B650E MAX GAMING WIFI,,https://cdna.pcpartpicker.com/static/forever/images/product/be86ce9c2456f1c3f19fd90476084431.256p.jpg,AM5,ATX,192 GB,4,Black / Silver,4.5
MSI MAG B550 TOMAHAWK,,https://cdna.pcpartpicker.com/static/forever/images/product/b4c7550465b4b8115e71249aaf216a65.256p.jpg,AM4,ATX,128 GB,4,Black / Silver,4.5
MSI B850M GAMING PLUS WIFI6E,109.99,https://cdna.pcpartpicker.com/static/forever/images/product/37827bd7e65261b435700a312e780343.256p.jpg,AM5,Micro ATX,256 GB,4,Silver / White,3
MSI PRO A620AM-B EVO,69.9,https://cdna.pcpartpicker.com/static/forever/images/product/7e04f58a580ef3ffa97f96754132c14d.256p.jpg,AM5,Micro ATX,128 GB,2,Black,0
Asus TUF GAMING X570-PLUS (WI-FI),,https://cdna.pcpartpicker.com/static/forever/images/product/8d7d0435e8a2af93b5d91a1a5dccd476.256p.jpg,AM4,ATX,128 GB,4,Black / Gold,4.5
Gigabyte B850I AORUS PRO,229.9,https://cdna.pcpartpicker.com/static/forever/images/product/eaf7d7e4417a44ec7b73e8da2a29142b.256p.jpg,AM5,Mini ITX,128 GB,2,,4
Asus X870 MAX GAMING WIFI7,214.99,,AM5,ATX,256 GB,4,Black,4.5
Asus ROG STRIX B650E-F GAMING WIFI,219,https://cdna.pcpartpicker.com/static/forever/images/product/b950287e2f141caa4638fc93dc99a6ba.256p.jpg,AM5,ATX,192 GB,4,Black,4.5
ASRock A520M-HDV,50.5,https://cdna.pcpartpicker.com/static/forever/images/product/44867ec7814048eb5afc863cc9bc1de3.256p.jpg,AM4,Micro ATX,64 GB,2,Black / Silver,4
Asus ROG STRIX X870E-H GAMING WIFI7,277.99,https://cdna.pcpartpicker.com/static/forever/images/product/7ed8f842403b1b5afa15e3d8055f7c19.256p.jpg,AM5,ATX,256 GB,4,Black,5
ASRock B650 PRO RS,132.94,https://cdna.pcpartpicker.com/static/forever/images/product/f8e28c7914e887b4cc29725df194a430.256p.jpg,AM5,ATX,256 GB,4,Black / Silver,4.5
ASRock H610M-ITX/eDP,,https://cdna.pcpartpicker.com/static/forever/images/product/7a31f350898b15d320c00478dc2488cf.256p.jpg,LGA1700,Mini ITX,64 GB,2,Silver / Black,0
Asus PRIME B840-PLUS WIFI,100.53,,AM5,ATX,192 GB,4,Silver / Black,5
MSI MAG B850 TOMAHAWK MAX WIFI II,199.99,https://cdna.pcpartpicker.com/static/forever/images/product/657d885a232288fea3aa7fdf5a0c6384.256p.jpg,AM5,ATX,256 GB,4,Black,0
Asus TUF GAMING B650E-PLUS WIFI,204.72,https://cdna.pcpartpicker.com/static/forever/images/product/54e3f2f7c2cbb05cfc37c8f430d547ea.256p.jpg,AM5,ATX,256 GB,4,Black / Silver,4.5
Gigabyte X870E AORUS MASTER X3D ICE,454.99,https://cdna.pcpartpicker.com/static/forever/images/product/ed1f6782e1b86645c63ded6d9341826a.256p.jpg,AM5,ATX,256 GB,4,White,4.5
ASRock B850 Rock WiFi 7,154,https://cdna.pcpartpicker.com/static/forever/images/product/cc67149aa051e1a2b00bda708e97bf8c.256p.jpg,AM5,ATX,256 GB,4,Silver / Black,0
MSI MAG B860 TOMAHAWK WIFI,179.99,https://cdna.pcpartpicker.com/static/forever/images/product/713074681356fa5f3825c29a20501a5c.256p.jpg,LGA1851,ATX,256 GB,4,Black / Yellow,5
MSI MAG X870E TOMAHAWK MAX WIFI,309.95,https://cdna.pcpartpicker.com/static/forever/images/product/41e89e2431317a76f39140037254aa3e.256p.jpg,AM5,ATX,256 GB,4,Black,0
Gigabyte B650M AORUS ELITE AX,179.22,https://cdna.pcpartpicker.com/static/forever/images/product/959c60578b19c2067f96036a19691ac0.256p.jpg,AM5,Micro ATX,192 GB,4,Black,4
Asus TUF GAMING B850M-PLUS WIFI7,190.99,https://cdna.pcpartpicker.com/static/forever/images/product/e0e3724861b6744bef59a7c1b3bb64be.256p.jpg,AM5,Micro ATX,256 GB,4,Black,0
Asus ROG STRIX X870E-E GAMING WIFI7 R2/USBC CARD,,,AM5,ATX,256 GB,4,Black,5
Asus PRIME B550M-K ARGB,91.99,https://cdna.pcpartpicker.com/static/forever/images/product/78308ecae147c55634084fc2030f9fb8.256p.jpg,AM4,Micro ATX,64 GB,2,Black,4
MSI MAG Z790 TOMAHAWK WIFI,189.99,https://cdna.pcpartpicker.com/static/forever/images/product/4776555bd90ed817bdfa00fc78ae3043.256p.jpg,LGA1700,ATX,256 GB,4,Black,4.5
MSI B550 GAMING WIFI,99.98,https://cdna.pcpartpicker.com/static/forever/images/product/f3e4ed820c87b4b1aa95a00a28c0119d.256p.jpg,AM4,ATX,128 GB,4,Black / Silver,0
Asus PRIME Z890M-PLUS WIFI,185.9,https://cdna.pcpartpicker.com/static/forever/images/product/4c4a6fde402d0af7f5c696afad3ac1f6.256p.jpg,LGA1851,Micro ATX,256 GB,4,Black / Silver,0
Asus TUF GAMING B760M-PLUS WIFI II,157,https://cdna.pcpartpicker.com/static/forever/images/product/e88401bf243576dc4626866d019cd58e.256p.jpg,LGA1700,Micro ATX,192 GB,4,Black / Orange,4
ASRock B860I WiFi,145.47,,LGA1851,Mini ITX,128 GB,2,Black,0
Asus PRIME B850-PLUS WIFI,,https://cdna.pcpartpicker.com/static/forever/images/product/5c6d1daac79543ebc852c86ef267d527.256p.jpg,AM5,ATX,256 GB,4,Black / Silver,4.5
MSI MEG X870E GODLIKE,962.98,https://cdna.pcpartpicker.com/static/forever/images/product/ad4f70457b02886f1e6f9c9ae20a72f1.256p.jpg,AM5,EATX,256 GB,4,Black,5
Asus TUF GAMING X870E-PLUS WIFI7,249.99,https://cdna.pcpartpicker.com/static/forever/images/product/a50762ffa9e13f8e51e5e914137c47a1.256p.jpg,AM5,ATX,256 GB,4,Black / Silver,4
ASRock X870 Pro RS WiFi,185.9,https://cdna.pcpartpicker.com/static/forever/images/product/3c18873a597e1d70ab53fca8e67c2897.256p.jpg,AM5,ATX,256 GB,4,White,4.5
MSI PRO X870-P WIFI,219.99,https://cdna.pcpartpicker.com/static/forever/images/product/7c477d52ba6b9b085a3207046aecebd2.256p.jpg,AM5,ATX,256 GB,4,Black / Silver,4.5
Gigabyte B550 EAGLE,85.99,https://cdna.pcpartpicker.com/static/forever/images/product/5c304b473c4754ff4b55490afa4c6cd5.256p.jpg,AM4,ATX,128 GB,4,Black,4
ASRock H610M-HDV/M.2+ D5,59.85,https://cdna.pcpartpicker.com/static/forever/images/product/c13414ccd20045deb0d2ff0e53e51c48.256p.jpg,LGA1700,Micro ATX,96 GB,2,White / Black,0
MSI MAG B850 TOMAHAWK WIFI,179.99,https://cdna.pcpartpicker.com/static/forever/images/product/ced0d078aa0d7106e9994ed6943eac67.256p.jpg,AM5,ATX,256 GB,4,Black,0
ASRock B550M Steel Legend,201.33,https://cdna.pcpartpicker.com/static/forever/images/product/e45d552e13e60103e6fa9e4c89345e65.256p.jpg,AM4,Micro ATX,128 GB,4,Silver / Black,4.5
Gigabyte A520M S2H,51.97,https://cdna.pcpartpicker.com/static/forever/images/product/63b64f6b10bbfb2c406fdbf40bde777d.256p.jpg,AM4,Micro ATX,64 GB,2,Black,4.5
MSI B550M PRO-VDH,79.99,https://cdna.pcpartpicker.com/static/forever/images/product/cd4ef210d3d8dfca5503e8b301064744.256p.jpg,AM4,Micro ATX,128 GB,4,Black,4
Asus ROG STRIX B450-F GAMING II,,https://cdna.pcpartpicker.com/static/forever/images/product/0f27bb84f57d51a9cb2b0c91d25efb0f.256p.jpg,AM4,ATX,128 GB,4,Black,4.5
Gigabyte X870E AORUS XTREME X3D AI TOP,1032.95,https://cdna.pcpartpicker.com/static/forever/images/product/6fdce9019bc0bfeae832f72fcc7701e9.256p.jpg,AM5,EATX,256 GB,4,Black,0
MSI PRO Z790-P WIFI,149.99,https://cdna.pcpartpicker.com/static/forever/images/product/157047663b648bb72039e6208a029ef3.256p.jpg,LGA1700,ATX,256 GB,4,Black / Silver,4.5
ASRock B450M/ac R2.0,127.5,https://cdna.pcpartpicker.com/static/forever/images/product/3097c6aa9533b84ddbaa1ce0be506081.256p.jpg,AM4,Micro ATX,128 GB,4,Black / Silver,4.5
Gigabyte X870 AORUS STEALTH ICE,299.99,https://cdna.pcpartpicker.com/static/forever/images/product/4c263d43ab302ef40ad11a46fa4de96e.256p.jpg,AM5,ATX,256 GB,4,White,0
ASRock B550M WiFi,,https://cdna.pcpartpicker.com/static/forever/images/product/5fe4548cee10e86ecf0608b409db7d81.256p.jpg,AM4,Micro ATX,128 GB,4,Black / Silver,0
ASRock B860 Challenger WiFi,173.27,https://cdna.pcpartpicker.com/static/forever/images/product/ea55fb9be26d4c1b9d254bc0d2749051.256p.jpg,LGA1851,ATX,256 GB,4,Black,0
ASRock A620AM-HVS,67.5,https://cdna.pcpartpicker.com/static/forever/images/product/e6b38be6b7580035925d00529efb1240.256p.jpg,AM5,Micro ATX,128 GB,2,Black,0
Gigabyte B550M AORUS ELITE,75.98,https://cdna.pcpartpicker.com/static/forever/images/product/ae499a3a43fc2a8161dfbb77c1ca4158.256p.jpg,AM4,Micro ATX,128 GB,4,Black / Orange,4
Asus ROG STRIX B550-F GAMING,149.63,https://cdna.pcpartpicker.com/static/forever/images/product/2fab0cd72166896f8652fe39a7be1984.256p.jpg,AM4,ATX,128 GB,4,Black,4.5
Asus B850 MAX GAMING WIFI W,164.39,https://cdna.pcpartpicker.com/static/forever/images/product/41fc6d471b31d1e2031cc34c217aa30d.256p.jpg,AM5,ATX,256 GB,4,White,0
Gigabyte Z890 AORUS XTREME AI TOP,1413.44,https://cdna.pcpartpicker.com/static/forever/images/product/ddb6ec4f2000dc88c1cfacee76009b57.256p.jpg,LGA1851,EATX,256 GB,4,Black,0
Gigabyte B450M DS3H,,https://cdna.pcpartpicker.com/static/forever/images/product/176028811e50cad67b57ed0e604229c9.256p.jpg,AM4,Micro ATX,128 GB,4,Black / Silver,3.5
Asus ProArt Z890-CREATOR WIFI,476.99,,LGA1851,ATX,256 GB,4,Black / Gold,4
Gigabyte B850M AORUS ELITE WIFI6E,175.99,,AM5,Micro ATX,256 GB,4,Black,4.5
Asus TUF GAMING Z890-PLUS WIFI,199.99,https://cdna.pcpartpicker.com/static/forever/images/product/cb9e06cb50bcc3690faba12e20b5efea.256p.jpg,LGA1851,ATX,256 GB,4,Black,4
ASRock B850M Riptide WiFi,148.94,https://cdna.pcpartpicker.com/static/forever/images/product/b17a445556fd7abaaebb5f907bf7942d.256p.jpg,AM5,Micro ATX,256 GB,4,Black,4.5
Asus ROG STRIX B450-F GAMING,,https://cdna.pcpartpicker.com/static/forever/images/product/66e5b5e4d0a52b6a2f99bb53bf52eee7.256p.jpg,AM4,ATX,128 GB,4,Black,4.5
Asus Z790 GAMING WIFI7,,https://cdna.pcpartpicker.com/static/forever/images/product/c4369596c853d9da016e5878929ce45d.256p.jpg,LGA1700,ATX,192 GB,4,Silver / Black,3.5
Gigabyte X870 GAMING X WIFI7,209.99,https://cdna.pcpartpicker.com/static/forever/images/product/3feaa1924ccb3b93fe8e77e9c1e84835.256p.jpg,AM5,ATX,256 GB,4,Black,5
Gigabyte A620M S2H,77.99,https://cdna.pcpartpicker.com/static/forever/images/product/03c26875e0aea2b2da3cc1f1804cf65f.256p.jpg,AM5,Micro ATX,96 GB,2,Gray / Black,2
MSI B650M PROJECT ZERO,212.48,https://cdna.pcpartpicker.com/static/forever/images/product/5d6438f204d9a75545fa27ce60fbb3b9.256p.jpg,AM5,Micro ATX,256 GB,4,Silver / Black,5
MSI B840 GAMING PLUS WIFI,105.99,https://cdna.pcpartpicker.com/static/forever/images/product/6a5219cf327ef9665462e69429306ec4.256p.jpg,AM5,ATX,256 GB,4,Silver / Black,4
ASRock B760M-ITX/D4 WiFi,153.77,https://cdna.pcpartpicker.com/static/forever/images/product/b8646e92e87b1c16015c33affa1529bc.256p.jpg,LGA1700,Mini ITX,64 GB,2,Silver / Black,0
Gigabyte B650 EAGLE,116.99,,AM5,ATX,192 GB,4,Black / Gray,5
Gigabyte X870E AORUS PRO X3D ICE,343.99,https://cdna.pcpartpicker.com/static/forever/images/product/84624908aaa917381476f6be48adc2fd.256p.jpg,AM5,ATX,256 GB,4,White,5
MSI PRO Z790-A WIFI II,255.25,https://cdna.pcpartpicker.com/static/forever/images/product/ffe82c9d60de6bf56b1413cd90f71a92.256p.jpg,LGA1700,ATX,256 GB,4,Silver / Black,0
Asus ROG STRIX B850-E GAMING WIFI,254.99,,AM5,ATX,256 GB,4,Black,5
Asus PRIME B650M-A AX II,268.47,https://cdna.pcpartpicker.com/static/forever/images/product/5d5ee347c25c68a482c14cd91df23cbb.256p.jpg,AM5,Micro ATX,192 GB,4,Black / Silver,4.5
Gigabyte X870M AORUS ELITE WIFI7,240.99,https://cdna.pcpartpicker.com/static/forever/images/product/7ae79f11d99f07c1ec5077d54c24f015.256p.jpg,AM5,Micro ATX,256 GB,4,Black,4.5
ASRock B850M Pro-A,110.94,https://cdna.pcpartpicker.com/static/forever/images/product/5d0219eba9971f08319b01c93c292523.256p.jpg,AM5,Micro ATX,256 GB,4,Black,0
Asus ROG MAXIMUS Z890 HERO,349.99,https://cdna.pcpartpicker.com/static/forever/images/product/a35b5eeaee6cdb44ec2f0b888b582a29.256p.jpg,LGA1851,ATX,256 GB,4,Black,4
MSI B850M GAMING PLUS WIFI,129.95,https://cdna.pcpartpicker.com/static/forever/images/product/cf29b831e163f3ac432b7799809a27d7.256p.jpg,AM5,Micro ATX,256 GB,4,Silver / Black,4.5
Asus PRIME B760M-A WIFI D4,105.95,https://cdna.pcpartpicker.com/static/forever/images/product/58ca25245971f2e05c298d2b6accc4d2.256p.jpg,LGA1700,Micro ATX,128 GB,4,Silver / Black,5
Asus ProArt B850-CREATOR WIFI NEO,259.99,https://cdna.pcpartpicker.com/static/forever/images/product/d2a6efd0a0029c894f45a7b270063690.256p.jpg,AM5,ATX,256 GB,4,Black / Gold,0
Gigabyte B760M GAMING X WIFI6E GEN5,121,https://cdna.pcpartpicker.com/static/forever/images/product/8fa5331061c3b4098b846dfb4fe72957.256p.jpg,LGA1700,Micro ATX,256 GB,4,Black / Gray,5
Gigabyte B560M DS3H AC,,https://cdna.pcpartpicker.com/static/forever/images/product/0deb2420299098824fb58d364339023b.256p.jpg,LGA1200,Micro ATX,128 GB,4,Black,4
ASRock B850M Challenger WiFi,131.99,https://cdna.pcpartpicker.com/static/forever/images/product/2c3bfc61777728f5d1909891fb19b6c7.256p.jpg,AM5,Micro ATX,256 GB,4,Black,0
Asus ROG STRIX X870-F GAMING WIFI,337,https://cdna.pcpartpicker.com/static/forever/images/product/10aa151066c248c524d1a2a4793e91c0.256p.jpg,AM5,ATX,192 GB,4,Black,4.5
MSI MPG X870E CARBON MAX WIFI,,https://cdna.pcpartpicker.com/static/forever/images/product/68b0bfa12667d94b0d66a37d6a9831c8.256p.jpg,AM5,ATX,256 GB,4,Black,0
Asus ROG STRIX B760-I GAMING WIFI,169,https://cdna.pcpartpicker.com/static/forever/images/product/9b8e42f3b4e9ba5f9b18b87beb9359ec.256p.jpg,LGA1700,Mini ITX,96 GB,2,Black,4.5
MSI MEG X870E GODLIKE X EDITION,,https://cdna.pcpartpicker.com/static/forever/images/product/1031e721346ad398504b67aba2524836.256p.jpg,AM5,EATX,256 GB,4,Black / Gold,0
Gigabyte B650M AORUS ELITE AX ICE,148.9,,AM5,Micro ATX,192 GB,4,Silver,4.5
ASRock B850M Pro RS WiFi White,197.22,https://cdna.pcpartpicker.com/static/forever/images/product/1f97469f8aee3a9fdea1b2737fda6d3a.256p.jpg,AM5,Micro ATX,256 GB,4,White,0
Asus TUF GAMING B850I WIFI NEO,,https://cdna.pcpartpicker.com/static/forever/images/product/b9d0c11ee976d944bdec0fc9f50fa576.256p.jpg,AM5,Mini ITX,128 GB,2,Black,0
MSI PRO Z890-P WIFI,189.98,https://cdna.pcpartpicker.com/static/forever/images/product/3b787e7524b2e464c1fd53821e480fd5.256p.jpg,LGA1851,ATX,256 GB,4,Black / Silver,4.5
Gigabyte B760M DS3H DDR4,82.99,https://cdna.pcpartpicker.com/static/forever/images/product/fa9a999bdf4679ce16db3dd924575170.256p.jpg,LGA1700,Micro ATX,128 GB,4,Black,4
Gigabyte B850 EAGLE ICE,139.99,,AM5,ATX,256 GB,4,White,5
MSI MPG B650I EDGE WIFI,,https://cdna.pcpartpicker.com/static/forever/images/product/67b21f33b930179c2c462faa514ae6f3.256p.jpg,AM5,Mini ITX,128 GB,2,Black / Silver,3.5
MSI PRO B840-P WIFI,99.99,https://cdna.pcpartpicker.com/static/forever/images/product/93d5075a8c12fbe641b5bb67f4a4fd3b.256p.jpg,AM5,ATX,256 GB,4,Silver,5
Gigabyte X870E AORUS ELITE X3D,299.99,https://cdna.pcpartpicker.com/static/forever/images/product/de2754f1e4fffd0550e704b243527026.256p.jpg,AM5,ATX,256 GB,4,Black,4
ASRock B650M PG RIPTIDE WIFI,189.1,https://cdna.pcpartpicker.com/static/forever/images/product/6df39531014dfa084ccce11055f42764.256p.jpg,AM5,Micro ATX,256 GB,4,Black,4.5
Asus Prime B450M-A II,301.94,https://cdna.pcpartpicker.com/static/forever/images/product/dbeb8cc8ade3dfcbfed111e7b3b4d00f.256p.jpg,AM4,Micro ATX,128 GB,4,,4
MSI MAG X870E TOMAHAWK MAX WIFI PZ,327.99,https://cdna.pcpartpicker.com/static/forever/images/product/02e89b67343c08f2d1ff0b41388ecce3.256p.jpg,AM5,ATX,256 GB,4,White / Gray,5
Asus TUF GAMING B650M-PLUS WIFI,163.94,https://cdna.pcpartpicker.com/static/forever/images/product/41f2fc275ab34cc9fcd97bea2a63ba7d.256p.jpg,AM5,Micro ATX,192 GB,4,Black,4.5
ASRock A520M-HVS,44.99,https://cdna.pcpartpicker.com/static/forever/images/product/a7e207172698e41a90780c8441399304.256p.jpg,AM4,Micro ATX,64 GB,2,Black / Silver,4
ASRock A520M/ac,,https://cdna.pcpartpicker.com/static/forever/images/product/0382553ae32e0d683d87ed07529361e5.256p.jpg,AM4,Micro ATX,64 GB,2,Black / Silver,4.5
MSI MPG X870E EDGE TI WIFI,297.99,https://cdna.pcpartpicker.com/static/forever/images/product/c4c8f2a6a1e68f45227b8d0901995a43.256p.jpg,AM5,ATX,256 GB,4,Silver / White,4.5
Gigabyte X870E AORUS PRO,299.99,https://cdna.pcpartpicker.com/static/forever/images/product/b67c09d12ff76df65b86485c3faeb5dc.256p.jpg,AM5,ATX,256 GB,4,Black,4.5
Gigabyte B650I AORUS ULTRA,,https://cdna.pcpartpicker.com/static/forever/images/product/d24b8a128d98467e0dd3bc57882ddd55.256p.jpg,AM5,Mini ITX,96 GB,2,Black / Silver,4
MSI PRO B760M-P,97.61,https://cdna.pcpartpicker.com/static/forever/images/product/137ad64d79a4c297a240af43d1c16379.256p.jpg,LGA1700,Micro ATX,192 GB,4,Black,0
Asus TUF GAMING B850-BTF WIFI W,205.99,https://cdna.pcpartpicker.com/static/forever/images/product/2560b9984c5667f9e7d893a89b71a9c7.256p.jpg,AM5,ATX,256 GB,4,White / Silver,5
Asus PRIME H610I-PLUS D4-CSM,98.97,https://cdna.pcpartpicker.com/static/forever/images/product/0910ab20a011a742b9fcf2f1aab43c8d.256p.jpg,LGA1700,Mini ITX,64 GB,2,Silver / Black,3.5
ASRock B860M Pro-A,109.99,https://cdna.pcpartpicker.com/static/forever/images/product/e6772233bbd69b2e60202385e0b6e503.256p.jpg,LGA1851,Micro ATX,256 GB,4,Black,0
MSI MAG B760 TOMAHAWK WIFI,139.99,https://cdna.pcpartpicker.com/static/forever/images/product/a4708cb253c33dacabd68b704a383137.256p.jpg,LGA1700,ATX,192 GB,4,Black,4.5
ASRock X870 Steel Legend WiFi,221.94,https://cdna.pcpartpicker.com/static/forever/images/product/d60b1f6fdb6cd0fd0054ba44bd0d8d93.256p.jpg,AM5,ATX,256 GB,4,White,3.5
Asus PRIME A520M-K,48.95,https://cdna.pcpartpicker.com/static/forever/images/product/744eea778bfa75c0307acf77a631c98a.256p.jpg,AM4,Micro ATX,64 GB,2,Black / Silver,4
ASRock B850M Steel Legend WiFi,147.9,https://cdna.pcpartpicker.com/static/forever/images/product/b79a4103bd136cf3dcfcfdb299453e0e.256p.jpg,AM5,Micro ATX,256 GB,4,Silver / Black,4.5
Gigabyte H610M S2H V2,51.47,,LGA1700,Micro ATX,96 GB,2,Black / Silver,0
MSI B450M PRO-VDH MAX,,https://cdna.pcpartpicker.com/static/forever/images/product/9f282b8b21d7c5b1fae9b0474ed77164.256p.jpg,AM4,Micro ATX,64 GB,4,Black / Silver,4
Gigabyte B850 AORUS STEALTH ICE,267.99,https://cdna.pcpartpicker.com/static/forever/images/product/5a58e2af32dcdab0e248f986f7f8cde5.256p.jpg,AM5,ATX,256 GB,4,White,5
ASRock B850 Pro RS WiFi,153.99,https://cdna.pcpartpicker.com/static/forever/images/product/1ffad79736a50eb4e3c9b38a8712964f.256p.jpg,AM5,ATX,256 GB,4,Silver / Black,4
Gigabyte X870E AERO X3D DARK WOOD,385.99,https://cdna.pcpartpicker.com/static/forever/images/product/6f590f9f06b86effa76071de91ad7770.256p.jpg,AM5,ATX,256 GB,4,Black / Brown,0
ASRock B550 Phantom Gaming 4,82,https://cdna.pcpartpicker.com/static/forever/images/product/916a6391766f1cfa419a70e439faf4ab.256p.jpg,AM4,ATX,128 GB,4,Silver / Black,4
MSI MEG X870E ACE MAX,629.89,https://cdna.pcpartpicker.com/static/forever/images/product/629c533eaae1faef68318bb191ef11e7.256p.jpg,AM5,ATX,256 GB,4,Black / Copper,0
MSI MPG B850 EDGE TI WIFI,209.99,https://cdna.pcpartpicker.com/static/forever/images/product/96e46dd70c74cd0a13c6e161f4a0fa72.256p.jpg,AM5,ATX,256 GB,4,Silver / White,4.5
ASRock B450M Pro4,,https://cdna.pcpartpicker.com/static/forever/images/product/8f8baff091bfd5ef531c7ddb1a602ca4.256p.jpg,AM4,Micro ATX,128 GB,4,Black / Silver,4.5
MSI B550M-A PRO,,https://cdna.pcpartpicker.com/static/forever/images/product/a4366c2ada785fb496f07fed9710977b.256p.jpg,AM4,Micro ATX,64 GB,2,Black,3.5
ASRock B650M PG Lightning Wifi,217.01,https://cdna.pcpartpicker.com/static/forever/images/product/1a90e8359fccb756980a4cea99fab24f.256p.jpg,AM5,Micro ATX,256 GB,4,Silver / Black,4
MSI MAG X870E GAMING PLUS MAX WIFI,259.49,https://cdna.pcpartpicker.com/static/forever/images/product/72a8b8d636ca82a0af6e077a8b8732fc.256p.jpg,AM5,ATX,256 GB,4,White,0
Asus PRIME X870-P WIFI,179.99,https://cdna.pcpartpicker.com/static/forever/images/product/b8d7644383eb0f52cf18ebde7e83176b.256p.jpg,AM5,ATX,192 GB,4,Black / Silver,4
ASRock B650 PG LIGHTNING,127,https://cdna.pcpartpicker.com/static/forever/images/product/e620945c5a6d2b798d7c52e3d29cfe6c.256p.jpg,AM5,ATX,256 GB,4,Black,4.5
MSI PRO H810I WIFI,143.99,https://cdna.pcpartpicker.com/static/forever/images/product/f3da499099cd4a813a7efc50bc19eb67.256p.jpg,LGA1851,Mini ITX,128 GB,2,Silver / Black,0
Asus TUF GAMING B650M-E WIFI,187,https://cdna.pcpartpicker.com/static/forever/images/product/875ed088cf2861ac6613d2b5f32184f8.256p.jpg,AM5,Micro ATX,192 GB,4,Black,4
Gigabyte B650 AORUS ELITE AX V2,,https://cdna.pcpartpicker.com/static/forever/images/product/2bb6d5c9fa86895c102e1ee17fbebdf3.256p.jpg,AM5,ATX,192 GB,4,Black / Silver,4.5
Asus ROG Crosshair VIII Dark Hero,,https://cdna.pcpartpicker.com/static/forever/images/product/2df814ba2689b57e85f7f46b634f073e.256p.jpg,AM4,ATX,128 GB,4,Black / Silver,4.5
Asus TUF GAMING B860-PLUS WIFI,188.99,https://cdna.pcpartpicker.com/static/forever/images/product/f97de77a54de310cb46697e9a8f8e179.256p.jpg,LGA1851,ATX,256 GB,4,Black / Gray,0
Gigabyte X870E AORUS MASTER,386.99,,AM5,ATX,256 GB,4,Black,4
Asus PRIME B760M-A AX,,https://cdna.pcpartpicker.com/static/forever/images/product/98306ad4df2d2566069162fdf4ecb6d2.256p.jpg,LGA1700,Micro ATX,128 GB,4,Silver / Black,4
Gigabyte B850 AORUS STEALTH,267.99,https://cdna.pcpartpicker.com/static/forever/images/product/9c34dac29875b5d422a8ab78397986dc.256p.jpg,AM5,ATX,256 GB,4,Black,0
MSI MAG X670E TOMAHAWK WIFI,249.99,https://cdna.pcpartpicker.com/static/forever/images/product/c4516e2f81a19d4c9045028a3bae013b.256p.jpg,AM5,ATX,192 GB,4,Black,4
ASRock A620I LIGHTNING WIFI,,https://cdna.pcpartpicker.com/static/forever/images/product/fa6f8039fa88f183baa55bd2e96d8c85.256p.jpg,AM5,Mini ITX,96 GB,2,Black,4.5
MSI PRO B860M-A WIFI,159.99,https://cdna.pcpartpicker.com/static/forever/images/product/6c74beb5c52c860a45a3c0a014e85e70.256p.jpg,LGA1851,Micro ATX,256 GB,4,Silver / Black,4.5
MSI B550 GAMING GEN3,,https://cdna.pcpartpicker.com/static/forever/images/product/cbc52effd345bd5e9d66b5f7d198f8b4.256p.jpg,AM4,ATX,128 GB,4,Black,4
Asus Z890 AYW GAMING WIFI W,,https://cdna.pcpartpicker.com/static/forever/images/product/a7627ce734924502f021fb3435ae7f51.256p.jpg,LGA1851,ATX,256 GB,4,White,4
Asus PRO Q570M-C/CSM,159.68,https://cdna.pcpartpicker.com/static/forever/images/product/0e2ee20fe8f5790f312185515729937e.256p.jpg,LGA1200,Micro ATX,128 GB,4,Green / Black,0
Gigabyte X870E AORUS ELITE WIFI7 ICE,249.98,,AM5,ATX,256 GB,4,White,4
Asus ROG STRIX B650E-E GAMING WIFI,244.9,https://cdna.pcpartpicker.com/static/forever/images/product/e3b2e2ac5b388ff871fc87bd0b61be20.256p.jpg,AM5,ATX,192 GB,4,Black,4.5
ASRock B850 Pro-A,132.5,https://cdna.pcpartpicker.com/static/forever/images/product/93789ab3bb348cbcc17fe4a6cd5b6d81.256p.jpg,AM5,ATX,256 GB,4,Black / Silver,5
MSI PRO-H610M-E-DDR4,53.99,https://cdna.pcpartpicker.com/static/forever/images/product/9d6fd92eb1418fa9fa2e69d1b4f2c55f.256p.jpg,LGA1700,Micro ATX,64 GB,2,Black,4.5
ASRock B850M Pro RS,115.99,https://cdna.pcpartpicker.com/static/forever/images/product/95787ed72ed3ff34c68d6943f4806d91.256p.jpg,AM5,Micro ATX,256 GB,4,Silver / Black,0
ASRock B450 Pro4 R2.0,77.94,https://cdna.pcpartpicker.com/static/forever/images/product/234d48de1af93682a5636e8bba4242d3.256p.jpg,AM4,ATX,128 GB,4,Black,5
Asus PRIME B760-PLUS D4,119.99,https://cdna.pcpartpicker.com/static/forever/images/product/a9110e876178cf1ae046ba1041ed189a.256p.jpg,LGA1700,ATX,128 GB,4,Silver / Black,4
MSI PRO B760M-A WIFI DDR4,,https://cdna.pcpartpicker.com/static/forever/images/product/6bc2735a3e9fd678f10b45359fd4121d.256p.jpg,LGA1700,Micro ATX,128 GB,4,Black,4
Asus PRIME B650M-A WIFI II,145.27,https://cdna.pcpartpicker.com/static/forever/images/product/ad4cb091a8b12d54b7ea92865fbddc2f.256p.jpg,AM5,Micro ATX,192 GB,4,Black / Silver,4
Gigabyte B850M FORCE WIFI6E V2,,https://cdna.pcpartpicker.com/static/forever/images/product/714714b993e614dda725af7d8dec87ac.256p.jpg,AM5,Micro ATX,128 GB,2,Silver / Black,0
Gigabyte H610M K V2,59.99,https://cdna.pcpartpicker.com/static/forever/images/product/770e3cb54e01e399cac73cb81e08d2eb.256p.jpg,LGA1700,Micro ATX,96 GB,2,Brown / Black,0
ASRock X870 Pro-A WiFi,178.99,https://cdna.pcpartpicker.com/static/forever/images/product/caa52056a0445c27c97bb6debd9bcc24.256p.jpg,AM5,ATX,256 GB,4,Black,0
MSI B840M GAMING PLUS WIFI6E,109.99,https://cdna.pcpartpicker.com/static/forever/images/product/dea4ba35e608bbf535d5683528bc69d0.256p.jpg,AM5,Micro ATX,256 GB,4,Silver,0
Gigabyte B840M GAMING PLUS WIFI6E,156.16,,AM5,Micro ATX,256 GB,4,Black / Silver,0
Asus ROG STRIX Z790-F GAMING WIFI II,338.08,https://cdna.pcpartpicker.com/static/forever/images/product/b356fe76c27a1f43cacae343afd36e40.256p.jpg,LGA1700,ATX,192 GB,4,Black,4.5
ASRock B760M PG Lightning Wifi,139.36,https://cdna.pcpartpicker.com/static/forever/images/product/26cf39c0b04f5c21fe64549ff925c336.256p.jpg,LGA1700,Micro ATX,192 GB,4,Black,4.5
Asus ROG STRIX Z890-A GAMING WIFI,228.99,https://cdna.pcpartpicker.com/static/forever/images/product/d21b2cddbc5a0cc065f5060e532c32d1.256p.jpg,LGA1851,ATX,256 GB,4,White,0
ASRock H810M-X WiFi,89.99,https://cdna.pcpartpicker.com/static/forever/images/product/0768c7d8d48a4dbad80224b65f82ca46.256p.jpg,LGA1851,Micro ATX,128 GB,2,Silver / Black,0
ASRock X870 Taichi Creator,343.28,https://cdna.pcpartpicker.com/static/forever/images/product/77c4d394d1fef02edb767bd9a51d1707.256p.jpg,AM5,ATX,256 GB,4,Black / Gold,0
Asus ROG CROSSHAIR X870E APEX,528.99,https://cdna.pcpartpicker.com/static/forever/images/product/5062e49eb8bbd20c8095147db90fba14.256p.jpg,AM5,ATX,128 GB,2,Black,4
Asus PRIME Z490-P,,https://cdna.pcpartpicker.com/static/forever/images/product/3b490ce2d863a9c02c5022c8651a8d30.256p.jpg,LGA1200,ATX,128 GB,4,Black / Silver,5
Asus PRIME B550-PLUS,95.99,https://cdna.pcpartpicker.com/static/forever/images/product/5fbb536e5e0aca5e5e22aebc9e6510d5.256p.jpg,AM4,ATX,128 GB,4,Black / White,4
Asus TUF GAMING B760-PLUS WIFI,122.99,https://cdna.pcpartpicker.com/static/forever/images/product/bc0dae2e2b9ee30cfad6a2b8da8d8da3.256p.jpg,LGA1700,ATX,192 GB,4,Black,4
MSI B650M GAMING WIFI,,https://cdna.pcpartpicker.com/static/forever/images/product/fe46f19e6481adb92a6bf89b7a5c7e26.256p.jpg,AM5,Micro ATX,96 GB,2,Silver / Black,4.5
Gigabyte B450M DS3H WIFI,,https://cdna.pcpartpicker.com/static/forever/images/product/c2733ca93b166fee878d09ed0817eed2.256p.jpg,AM4,Micro ATX,128 GB,4,Brown / Black,4
ASRock A520M Pro4,73.94,https://cdna.pcpartpicker.com/static/forever/images/product/15d547cc972da3c22daaceda74a194f0.256p.jpg,AM4,Micro ATX,128 GB,4,Black / Silver,0
Asus ROG STRIX X570-E GAMING WIFI II,,https://cdna.pcpartpicker.com/static/forever/images/product/76fc8bab81e216b0d4a2bcf9a157a0ab.256p.jpg,AM4,ATX,128 GB,4,Black,4
Gigabyte B550M DS3H,,,AM4,Micro ATX,128 GB,4,Black / Gold,4
Gigabyte B650M D3HP AX,112.49,https://cdna.pcpartpicker.com/static/forever/images/product/9f65900ab94286e8bd58699c80326ce3.256p.jpg,AM5,Micro ATX,192 GB,4,Black / Gray,4
Asus ROG STRIX B550-I GAMING,,https://cdna.pcpartpicker.com/static/forever/images/product/08c85837e3736c855a86c6bbbe7fd31c.256p.jpg,AM4,Mini ITX,64 GB,2,Black,4
Gigabyte B550 UD AC,,https://cdna.pcpartpicker.com/static/forever/images/product/9c84b688f61e7464302774dcde515727.256p.jpg,AM4,ATX,128 GB,4,Brown / Black,4.5
ASRock B550M Pro RS,,,AM4,Micro ATX,128 GB,4,White,4
Gigabyte X870E AORUS MASTER X3D,458.99,https://cdna.pcpartpicker.com/static/forever/images/product/6f139a87264201d23c30a358ac4f24d9.256p.jpg,AM5,ATX,256 GB,4,Black,0
Asus TUF GAMING B550-PLUS,105.9,https://cdna.pcpartpicker.com/static/forever/images/product/b8e3f4d3ece869ff631939ebbfe373d4.256p.jpg,AM4,ATX,128 GB,4,Black,4
ASRock X870E Taichi Lite,308.39,https://cdna.pcpartpicker.com/static/forever/images/product/51d3893f9b7a2d72a0097c0580e42dae.256p.jpg,AM5,EATX,256 GB,4,Black / Silver,4.5
ASRock X870 Pro RS,177.95,https://cdna.pcpartpicker.com/static/forever/images/product/a7829aa75b8f218b039fc3f48c3fb516.256p.jpg,AM5,ATX,256 GB,4,White,4.5
Asus TUF GAMING B650-PLUS,152.84,https://cdna.pcpartpicker.com/static/forever/images/product/5f8686d981bf4c02d5aed34bb633d559.256p.jpg,AM5,ATX,128 GB,4,Black / Orange,4
Gigabyte Z890 AORUS ELITE WIFI7 PLUS,251.99,https://cdna.pcpartpicker.com/static/forever/images/product/b1565d00848849d2cb4aaaec06e3573f.256p.jpg,LGA1851,ATX,256 GB,4,Black,0
MSI B450 TOMAHAWK,,https://cdna.pcpartpicker.com/static/forever/images/product/8ba566ff15c0bdf7435a68cc0e5152fa.256p.jpg,AM4,ATX,128 GB,4,Black / Silver,4.5
Asus ROG STRIX B850-F GAMING WIFI7 NEO,309.59,https://cdna.pcpartpicker.com/static/forever/images/product/f1e1eb656df17a157153cc2347e618b9.256p.jpg,AM5,ATX,256 GB,4,Black,0
MSI MPG Z890I EDGE TI WIFI,269.99,https://cdna.pcpartpicker.com/static/forever/images/product/1201c842ae2cf1132b9e5c71060e5014.256p.jpg,LGA1851,Mini ITX,128 GB,2,White,0
Asus TUF GAMING B560M-PLUS WIFI,,,LGA1200,Micro ATX,128 GB,4,Gold / Black,4.5
Asus PRIME Z890-P WIFI,204.99,https://cdna.pcpartpicker.com/static/forever/images/product/ff7bc597d0e9858e8029459e513e2438.256p.jpg,LGA1851,ATX,256 GB,4,Black / Silver,0
MSI MAG B650M MORTAR WIFI,313.2,https://cdna.pcpartpicker.com/static/forever/images/product/d47024624729bbe5fca24a6ee1a3a010.256p.jpg,AM5,Micro ATX,192 GB,4,Black,4
Gigabyte B760M D3HP DDR4,99.18,https://cdna.pcpartpicker.com/static/forever/images/product/81b78f2d881ecbeac4023a4aa271b368.256p.jpg,LGA1700,Micro ATX,128 GB,4,Black / Gray,0
ASRock B760M-HDV/M.2,82.99,https://cdna.pcpartpicker.com/static/forever/images/product/6d1f619fbf406671849ca10109dbd413.256p.jpg,LGA1700,Micro ATX,96 GB,2,White / Black,4
Gigabyte B450M K,,https://cdna.pcpartpicker.com/static/forever/images/product/b9ebe8eb9d11bc4ac792b0b4ee3cfc22.256p.jpg,AM4,Micro ATX,64 GB,2,Brown / Silver,3.5
Gigabyte B760I AORUS PRO,244.84,https://cdna.pcpartpicker.com/static/forever/images/product/2916da5244ab170613836e466777919b.256p.jpg,LGA1700,Mini ITX,96 GB,2,Silver / Black,4.5
MSI PRO B840M-P WIFI6E,94.99,https://cdna.pcpartpicker.com/static/forever/images/product/ee148fbf04510a3bcb2876d186c9a7e7.256p.jpg,AM5,Micro ATX,256 GB,4,Black / Silver,0
Asus ROG STRIX Z890-H GAMING WIFI,316.88,,LGA1851,ATX,256 GB,4,Black,5
ASRock B850 Steel Legend WiFi,174.5,https://cdna.pcpartpicker.com/static/forever/images/product/30f5f3b9f60b1167239fee968998ce39.256p.jpg,AM5,ATX,256 GB,4,White / Black,4.5
Asus ROG MAXIMUS Z790 HERO,566.18,https://cdna.pcpartpicker.com/static/forever/images/product/aa51afa11630bd214fbb34854ea57663.256p.jpg,LGA1700,ATX,192 GB,4,Black,4
Asus X870 MAX GAMING WIFI7 W,224.99,https://cdna.pcpartpicker.com/static/forever/images/product/9311e053723b095faf71a70540b8295b.256p.jpg,AM5,ATX,256 GB,4,White,5
Asus PRIME B660-PLUS D4,141.12,https://cdna.pcpartpicker.com/static/forever/images/product/5dd842664e7633f330f43db654431014.256p.jpg,LGA1700,ATX,128 GB,4,Silver / Black,4
MSI B650M BOMBER WIFI,,https://cdna.pcpartpicker.com/static/forever/images/product/b108272c925974ba66994aee555b28d8.256p.jpg,AM5,Micro ATX,128 GB,2,Black / Silver,5
Asus PRIME Z790-P WIFI,164.99,https://cdna.pcpartpicker.com/static/forever/images/product/a3e5fe5dadb5c626221a5c13bb9a9c3b.256p.jpg,LGA1700,ATX,192 GB,4,Black / Silver,3.5
ASRock X570 Phantom Gaming-ITX/TB3,,https://cdna.pcpartpicker.com/static/forever/images/product/896d25ea1d8ea692bf45a9e527dfb076.256p.jpg,AM4,Mini ITX,64 GB,2,Black / Silver,3.5
Asus PRIME B850M-A WIFI,128.94,https://cdna.pcpartpicker.com/static/forever/images/product/3ad34be1915cb81ac27d7353b8a43223.256p.jpg,AM5,Micro ATX,256 GB,4,Black / Silver,0
ASRock Phantom Gaming X870 Riptide WiFi,221.94,https://cdna.pcpartpicker.com/static/forever/images/product/a3d3820d2dc15d622503bab5374400d7.256p.jpg,AM5,ATX,256 GB,4,Black / Purple,4.5
Gigabyte X570SI AORUS PRO AX,,https://cdna.pcpartpicker.com/static/forever/images/product/bb7fb2cc19909b2f9e8af87a0058782d.256p.jpg,AM4,Mini ITX,64 GB,2,Black / Silver,4.5
MSI PRO H610M-G WIFI DDR4,64.98,https://cdna.pcpartpicker.com/static/forever/images/product/dbf30595315b2d8d8f44563f694653d1.256p.jpg,LGA1700,Micro ATX,64 GB,2,Black / Silver,4
MSI B450 Gaming Plus MAX,,,AM4,ATX,128 GB,4,Red / Black,4
Asus PRIME B450M-A,,https://cdna.pcpartpicker.com/static/forever/images/product/e65206672e3e1d7c4187555f9f06860c.256p.jpg,AM4,Micro ATX,64 GB,4,Black,4
Asus PRIME Z590-P,,https://cdna.pcpartpicker.com/static/forever/images/product/307d7230bae7729101d661206280f2be.256p.jpg,LGA1200,ATX,128 GB,4,Silver / Black,4.5
MSI MAG Z890 TOMAHAWK WIFI II,223.19,https://cdna.pcpartpicker.com/static/forever/images/product/30e3d82b08b7bb955bc9503f27f5824a.256p.jpg,LGA1851,ATX,256 GB,4,Black,0
ASRock B450M Steel Legend,,https://cdna.pcpartpicker.com/static/forever/images/product/5ce59d7b48575933151f3c038fd23882.256p.jpg,AM4,Micro ATX,128 GB,4,Black / White,4
Gigabyte X570 AORUS ELITE WIFI,374.71,https://cdna.pcpartpicker.com/static/forever/images/product/920123df323bf6d2b80994b4f4bb6f4b.256p.jpg,AM4,ATX,128 GB,4,Black,4
MSI MPG Z490 GAMING EDGE WIFI,404.25,https://cdna.pcpartpicker.com/static/forever/images/product/194e14cf897c9728b8a9e85d0bd85a1b.256p.jpg,LGA1200,ATX,128 GB,4,Black / Silver,4.5
Asus ROG STRIX Z790-A GAMING WIFI II,288.04,https://cdna.pcpartpicker.com/static/forever/images/product/f8ae5122cf0714c64af32c0d940ce6d7.256p.jpg,LGA1700,ATX,192 GB,4,Black / Silver,5
Asus PRIME B650EM-A WIFI,,https://cdna.pcpartpicker.com/static/forever/images/product/2517b68ad5d2cf484fdde195d345cada.256p.jpg,AM5,Micro ATX,256 GB,4,Black / Silver,0
Gigabyte B450M DS3H V2,,https://cdna.pcpartpicker.com/static/forever/images/product/3a708ded86d8f8c1f3f5091a1e5ff60b.256p.jpg,AM4,Micro ATX,128 GB,4,Black,4
MSI B550 GAMING WIFI6E,,https://cdna.pcpartpicker.com/static/forever/images/product/5a7535b3496a04b9fc41b3cd8c034361.256p.jpg,AM4,ATX,128 GB,4,Black / Silver,0
MSI PRO B850-V EVO WIFI,235.73,https://cdna.pcpartpicker.com/static/forever/images/product/d03b9bfbfe420fce14dfc22169c794dd.256p.jpg,AM5,ATX,256 GB,4,Black,0
MSI PRO Z890-S WIFI,209.99,https://cdna.pcpartpicker.com/static/forever/images/product/4cf97c9919523e3c6014a81401fcafca.256p.jpg,LGA1851,ATX,256 GB,4,Black / Silver,0
MSI PRO A620M-E,143.81,https://cdna.pcpartpicker.com/static/forever/images/product/34c7498342efbe846f61fdb593687e7e.256p.jpg,AM5,Micro ATX,96 GB,2,Black,3.5
NZXT N7-B85XT-B1,247.32,https://cdna.pcpartpicker.com/static/forever/images/product/db199014d65a963429e9d6a2e172ff8e.256p.jpg,AM5,ATX,256 GB,4,Black,0
Gigabyte B860 AORUS ELITE WIFI7 ICE,189.99,,LGA1851,ATX,256 GB,4,White / Silver,5
NZXT N7 B550,,https://cdna.pcpartpicker.com/static/forever/images/product/5908ccb20bcf4d4f03ba62b82cbadc27.256p.jpg,AM4,ATX,128 GB,4,White / Black,4.5
MSI MPG X570 GAMING PLUS,,https://cdna.pcpartpicker.com/static/forever/images/product/92979c8799485abab31cc64ca7111ee9.256p.jpg,AM4,ATX,128 GB,4,Black / Red,4
Asus PRIME A520M-A II/CSM,59.99,https://cdna.pcpartpicker.com/static/forever/images/product/45bdff2b3d24752d29add64ace75c685.256p.jpg,AM4,Micro ATX,128 GB,4,Silver / Black,3.5
Gigabyte X870E AORUS PRO X3D,343.99,https://cdna.pcpartpicker.com/static/forever/images/product/280f9b041002252cfb1f95016740ceb9.256p.jpg,AM5,ATX,256 GB,4,Black,0
MSI PRO Z690-A WIFI DDR4,,https://cdna.pcpartpicker.com/static/forever/images/product/9a893a5445108a083b1727bcd344b9c1.256p.jpg,LGA1700,ATX,128 GB,4,Black / Silver,4.5
Gigabyte X870E AERO X3D WOOD,374.99,https://cdna.pcpartpicker.com/static/forever/images/product/33c7a08707de5ea393fa0b22607b8c96.256p.jpg,AM5,ATX,256 GB,4,Silver / Brown,0
ASRock Z890 Pro RS WiFi,157.19,https://cdna.pcpartpicker.com/static/forever/images/product/c08cd8109b9e69802fe20deaf949863c.256p.jpg,LGA1851,ATX,256 GB,4,Silver / Black,0
Gigabyte B850 AI TOP,364.99,,AM5,ATX,256 GB,4,Black,5
Asus PRIME B550M-A AC,139.81,https://cdna.pcpartpicker.com/static/forever/images/product/e4dfe919e40ad3962fc5a662b56e8310.256p.jpg,AM4,Micro ATX,128 GB,4,Black / Silver,4
Asus ROG MAXIMUS Z890 EXTREME,708.59,https://cdna.pcpartpicker.com/static/forever/images/product/01ea459be81e09e4e44b793a936c566e.256p.jpg,LGA1851,EATX,256 GB,4,Black,0
Gigabyte B760M DS3H WIFI6E GEN5,114.99,,LGA1700,Micro ATX,256 GB,4,Black / Silver,0
MSI PRO B840M-B,89.99,https://cdna.pcpartpicker.com/static/forever/images/product/d83cb277030d499f24892b7eb863fadc.256p.jpg,AM5,Micro ATX,128 GB,2,Black,0
Gigabyte B650M S2H,82.95,https://cdna.pcpartpicker.com/static/forever/images/product/e1da0209a373409c2c4d0b57b6d8c400.256p.jpg,AM5,Micro ATX,96 GB,2,Black / Gray,4
MSI PRO B650-A WIFI,212.78,https://cdna.pcpartpicker.com/static/forever/images/product/1ebe7481f8913ec4a4ee845a71de622b.256p.jpg,AM5,ATX,256 GB,4,Black / Silver,5
MSI MPG X570 GAMING EDGE WIFI,,https://cdna.pcpartpicker.com/static/forever/images/product/3deabe7b14a53642a29d3ff57a04bafa.256p.jpg,AM4,ATX,128 GB,4,Black / Silver,4
ASRock B450 Pro4,73,https://cdna.pcpartpicker.com/static/forever/images/product/6af31fac978e4ad06f77903b4422f47d.256p.jpg,AM4,ATX,64 GB,4,Black / Silver,4
Asus PRIME B760M-K D4,91.97,https://cdna.pcpartpicker.com/static/forever/images/product/5d9e3afee89f06baacca0a86be2bbe7e.256p.jpg,LGA1700,Micro ATX,64 GB,2,Silver / Black,4
Asus ROG STRIX X870E-H GAMING WIFI7 HATSUNE MIKU EDITION,,https://cdna.pcpartpicker.com/static/forever/images/product/40eb512adea85ba4dc671cf7b5d80eba.256p.jpg,AM5,ATX,256 GB,4,Black / Blue,5
Asus ROG STRIX Z790-E GAMING WIFI II,472.28,https://cdna.pcpartpicker.com/static/forever/images/product/ea9335fbc8a992cf112531ffec280ca5.256p.jpg,LGA1700,ATX,192 GB,4,Black,4
Gigabyte B450 AORUS PRO WIFI (rev. 1.0),,https://cdna.pcpartpicker.com/static/forever/images/product/91e3b7d48688c9370598eeec8d1b4711.256p.jpg,AM4,ATX,64 GB,4,Black / Silver,4
Gigabyte B760M DS3H AX DDR4,130.99,https://cdna.pcpartpicker.com/static/forever/images/product/1e1171229ea0b41e28b03a87511cd5ed.256p.jpg,LGA1700,Micro ATX,128 GB,4,Black,3.5
Asus TUF GAMING Z790-BTF WIFI,817.51,,LGA1700,ATX,192 GB,4,Silver / Black,4
Gigabyte B760I AORUS PRO DDR4,,https://cdna.pcpartpicker.com/static/forever/images/product/3bbc935f3e854d8716864a6a1314862e.256p.jpg,LGA1700,Mini ITX,64 GB,2,Black / Gray,0
MSI PRO B850M-A WIFI PZ,189.95,https://cdna.pcpartpicker.com/static/forever/images/product/7c3651b4fa87b6822961b2681fe3cda3.256p.jpg,AM5,Micro ATX,256 GB,4,Silver,5
Asus ROG STRIX Z890-F GAMING WIFI,239.99,,LGA1851,ATX,256 GB,4,Black,5
MSI MAG B550M MORTAR WIFI,,,AM4,Micro ATX,128 GB,4,Silver / Black,4.5
ASRock B550M-C,,,AM4,Micro ATX,128 GB,4,Black / Silver,0
NZXT N9 X870E,267.83,https://cdna.pcpartpicker.com/static/forever/images/product/0dae00750df15c248f7fd45239efbb2c.256p.jpg,AM5,ATX,192 GB,4,White,5
Gigabyte B550M H ARGB,,https://cdna.pcpartpicker.com/static/forever/images/product/9dd849fa3a1aa4624e731134a99e1b9c.256p.jpg,AM4,Micro ATX,64 GB,2,Black / Gray,0
Asus TUF GAMING A520M-PLUS II,70.72,https://cdna.pcpartpicker.com/static/forever/images/product/7d40b019f8b09b66ce42fe2babcbd8dc.256p.jpg,AM4,Micro ATX,128 GB,4,Black,4
ASRock B860 Challenger WiFi White,183.05,https://cdna.pcpartpicker.com/static/forever/images/product/ab76e15d20fbbeb621415af51b7c4236.256p.jpg,LGA1851,ATX,256 GB,4,White,0
ASRock B860 Pro-A WiFi,122.99,https://cdna.pcpartpicker.com/static/forever/images/product/b5b2aa8b86179b233c18cb01b28d1da3.256p.jpg,LGA1851,ATX,256 GB,4,Black,5
Asus TUF GAMING X570-PRO WIFI II,,https://cdna.pcpartpicker.com/static/forever/images/product/d8f837b412606ab7c5d15d3200a9336d.256p.jpg,AM4,ATX,128 GB,4,Black,5
Asus TUF GAMING Z690-PLUS WIFI D4,,https://cdna.pcpartpicker.com/static/forever/images/product/f6a3e400c28a84d7add7dabc7f5cbd6a.256p.jpg,LGA1700,ATX,128 GB,4,Black / Silver,4.5
Asus TUF GAMING X670E-PLUS WIFI,,,AM5,ATX,192 GB,4,Black / Orange,4
ASRock X870 LiveMixer WiFi,177.59,https://cdna.pcpartpicker.com/static/forever/images/product/7e600395fcd0b885aca1f5d991ec2c59.256p.jpg,AM5,ATX,256 GB,4,Silver / Black,0
Asus ROG STRIX B550-F GAMING (WI-FI),193.32,https://cdna.pcpartpicker.com/static/forever/images/product/43a0885cf9fef707a7e310b9f37a3ed9.256p.jpg,AM4,ATX,128 GB,4,Black,4.5
MSI Z490-A PRO,,https://cdna.pcpartpicker.com/static/forever/images/product/20b2f4cc60ded2ad4529beae7b0dda14.256p.jpg,LGA1200,ATX,128 GB,4,Black / Silver,4.5
Gigabyte B450 AORUS ELITE,,https://cdna.pcpartpicker.com/static/forever/images/product/57bebf1d8a60ecd2f578b999810ac8d3.256p.jpg,AM4,ATX,64 GB,4,Black / Silver,4.5
Asus TUF GAMING A620AM-PLUS WIFI,120.77,https://cdna.pcpartpicker.com/static/forever/images/product/136465282635767c0567c21e47d2fe50.256p.jpg,AM5,Micro ATX,256 GB,4,Black / Gray,0
Gigabyte Z890M AORUS ELITE WIFI7 ICE,189.95,https://cdna.pcpartpicker.com/static/forever/images/product/0f5b0e558ca949041f1066fc32af2307.256p.jpg,LGA1851,Micro ATX,256 GB,4,White / Silver,0
Asus PRIME B860-PLUS WIFI,149.99,https://cdna.pcpartpicker.com/static/forever/images/product/cea40d3622e21d043d289a4661778f7e.256p.jpg,LGA1851,ATX,256 GB,4,Silver / Black,0
MSI MAG X870E GAMING MAX WIFI,219.9,https://cdna.pcpartpicker.com/static/forever/images/product/fff131ce98f7ea14fe1179f6d799374d.256p.jpg,AM5,ATX,256 GB,4,Silver / Black,0
Gigabyte H610M D3H WIFI DDR4,89.7,https://cdna.pcpartpicker.com/static/forever/images/product/580f96b04e50c49437d00456d5b38893.256p.jpg,LGA1700,Micro ATX,64 GB,2,Black,0
Gigabyte B650E AORUS ELITE X AX ICE,254.28,,AM5,ATX,192 GB,4,Silver / White,4
ASRock B660M Pro RS,,https://cdna.pcpartpicker.com/static/forever/images/product/5602839ae99179798119982f3d94a277.256p.jpg,LGA1700,Micro ATX,128 GB,4,Gray / Black,4
MSI MPG Z890 CARBON WIFI,329.99,https://cdna.pcpartpicker.com/static/forever/images/product/e7338afef7f4f1d4b4d9415c7e08a440.256p.jpg,LGA1851,ATX,256 GB,4,Black,0
MSI PRO B550-VC,,https://cdna.pcpartpicker.com/static/forever/images/product/9fbd314b4f9cba3c311c944654b5785a.256p.jpg,AM4,ATX,128 GB,4,Black,5
ASRock A620AM Pro-A WiFi,88.47,https://cdna.pcpartpicker.com/static/forever/images/product/baa4592ae11dd5a08f8ff41b7100c307.256p.jpg,AM5,Micro ATX,256 GB,4,Black,0
MSI X870 GAMING PLUS WIFI,199.99,https://cdna.pcpartpicker.com/static/forever/images/product/d12159191629629d3c107e4bbe7607c1.256p.jpg,AM5,ATX,256 GB,4,Black / White,3.5
Asus Pro WS B850M-ACE SE,,,AM5,Micro ATX,256 GB,4,Black,0
Gigabyte B650M K,,https://cdna.pcpartpicker.com/static/forever/images/product/29ab3c7a2a85cc3ee249d842417d5277.256p.jpg,AM5,Micro ATX,192 GB,4,Brown / Silver,4
MSI MAG X570 TOMAHAWK WIFI,,,AM4,ATX,128 GB,4,Black,4.5
Asus TUF GAMING B550M-PLUS,109.99,https://cdna.pcpartpicker.com/static/forever/images/product/8ba86ad36c9f0fa6bea4be9e4d7d74ed.256p.jpg,AM4,Micro ATX,128 GB,4,Black,4
MSI PRO B850M-VC WIFI6E,,https://cdna.pcpartpicker.com/static/forever/images/product/e182f5989da1c1f9cc61fa8ed07b2be3.256p.jpg,AM5,Micro ATX,256 GB,4,Black,0
Asus PRIME H610M-K D4,64.99,https://cdna.pcpartpicker.com/static/forever/images/product/3b89e743024c3a66c0c0ceb2cce0968f.256p.jpg,LGA1700,Micro ATX,64 GB,2,Silver / Black,3.5
Asus ROG CROSSHAIR 2006,,https://cdna.pcpartpicker.com/static/forever/images/product/2c94d053474e43c53a2b98f195798fe1.256p.jpg,AM5,ATX,256 GB,4,Copper / Black,0
Gigabyte B550M DS3H AC,,https://cdna.pcpartpicker.com/static/forever/images/product/f297e0c6c4d4721c02cf4d51f53674aa.256p.jpg,AM4,Micro ATX,128 GB,4,Black,3.5
Asus ROG STRIX X670E-E GAMING WIFI,,,AM5,ATX,192 GB,4,Black / Silver,4.5
MSI B450M MORTAR TITANIUM,,https://cdna.pcpartpicker.com/static/forever/images/product/00d01d92abc6b855882834ca3a480d98.256p.jpg,AM4,Micro ATX,64 GB,4,White,4.5
Asus TUF GAMING A620M-PLUS WIFI,109.96,https://cdna.pcpartpicker.com/static/forever/images/product/33d3d8343003832c2648a149e61397b5.256p.jpg,AM5,Micro ATX,192 GB,4,Black / Orange,4.5
ASRock X870E Taichi OCF,339.01,https://cdna.pcpartpicker.com/static/forever/images/product/6a023b3340c51d15a6c02ff3c4db44bb.256p.jpg,AM5,ATX,128 GB,2,Black / Yellow,0
ASRock Z890M Riptide WiFi,220.47,https://cdna.pcpartpicker.com/static/forever/images/product/2e87d115e6df039e50bee6cb21a5a12e.256p.jpg,LGA1851,Micro ATX,256 GB,4,Black / Silver,4
ASRock B850 Pro RS,130.24,https://cdna.pcpartpicker.com/static/forever/images/product/2183c22efcf580ec830b89ee1444d350.256p.jpg,AM5,ATX,256 GB,4,Silver / Black,5
ASRock B860 Lightning WiFi,133.41,https://cdna.pcpartpicker.com/static/forever/images/product/1ebd6134830c29b410b9f6c0f7d15957.256p.jpg,LGA1851,ATX,256 GB,4,Black,0
MSI B760M PROJECT ZERO,139.99,https://cdna.pcpartpicker.com/static/forever/images/product/11fc33319a384baac53d8baeba97b2ce.256p.jpg,LGA1700,Micro ATX,256 GB,4,Silver / Black,5
Gigabyte B650M D3HP,99.99,https://cdna.pcpartpicker.com/static/forever/images/product/2c8a58d5597ab3e1cd648cb328928e74.256p.jpg,AM5,Micro ATX,192 GB,4,Black,3
ASRock B550M Phantom Gaming 4,82.38,https://cdna.pcpartpicker.com/static/forever/images/product/ec80afe70f19afab3d9c70d0a62e4104.256p.jpg,AM4,Micro ATX,128 GB,4,Black,4
Gigabyte B550 AORUS ELITE V2,,,AM4,ATX,128 GB,4,Black,4.5
ASRock B760M Steel Legend WiFi,135.5,https://cdna.pcpartpicker.com/static/forever/images/product/7016e17322fc1002bf4e9ebf3c9cc755.256p.jpg,LGA1700,Micro ATX,192 GB,4,Silver / Black,4.5
Gigabyte B760 GAMING X DDR4,,https://cdna.pcpartpicker.com/static/forever/images/product/aa2dd96f20f66045db6ae621a0f31aa9.256p.jpg,LGA1700,ATX,128 GB,4,Black,4
ASRock B860 Pro-A,119.2,https://cdna.pcpartpicker.com/static/forever/images/product/4c74c2b44e7280e84f1381690f1a951d.256p.jpg,LGA1851,ATX,256 GB,4,Black,0
Asus ROG Strix X570-I Gaming,,https://cdna.pcpartpicker.com/static/forever/images/product/8e75b0858ab998bd0664f5fb1912c9a0.256p.jpg,AM4,Mini ITX,64 GB,2,Black,4
Asus PRIME H810M-A WIFI-CSM,,,LGA1851,Micro ATX,128 GB,2,Silver / Black,0
Asus TUF GAMING B450-PLUS II,98.99,https://cdna.pcpartpicker.com/static/forever/images/product/fc1659aeb38b586449c2f9175141149d.256p.jpg,AM4,ATX,128 GB,4,Black,4.5
Asus Z790-AYW WIFI W,108,https://cdna.pcpartpicker.com/static/forever/images/product/1d1eedb305ec67d83af48722f3f8f263.256p.jpg,LGA1700,ATX,192 GB,4,White,0
Gigabyte B860M AORUS ELITE WIFI6E,178.99,https://cdna.pcpartpicker.com/static/forever/images/product/493d89c354ec6c495978aeb597b4f313.256p.jpg,LGA1851,Micro ATX,256 GB,4,Black,0
Gigabyte B450 AORUS M,,https://cdna.pcpartpicker.com/static/forever/images/product/9c229eef9d9724da36a40412ab564c17.256p.jpg,AM4,Micro ATX,128 GB,4,Black / Gray,4.5
Asus TUF GAMING B850M-PLUS WIFI7 W,170,https://cdna.pcpartpicker.com/static/forever/images/product/3137b2a1c2ba3367e38d530214a9256f.256p.jpg,AM5,Micro ATX,256 GB,4,White / Silver,0
Gigabyte B850M EAGLE WIFI7,176.95,https://cdna.pcpartpicker.com/static/forever/images/product/88925e7c6fb5f3b9c490d62fd35b034f.256p.jpg,AM5,Micro ATX,256 GB,4,Black,0
Asus PRIME B760-PLUS,108,https://cdna.pcpartpicker.com/static/forever/images/product/9ae5b4f1c9b5f2db1f0d9c956e0594dc.256p.jpg,LGA1700,ATX,192 GB,4,Black / Silver,4
ASRock H810M-X,103.14,https://cdna.pcpartpicker.com/static/forever/images/product/9c14935fbed3dc54d16ed801cad09f8d.256p.jpg,LGA1851,Micro ATX,128 GB,2,Silver / Black,0
MSI B850MPOWER,,https://cdna.pcpartpicker.com/static/forever/images/product/97975ba1224f7950370c48a5ee44fe8b.256p.jpg,AM5,Micro ATX,128 GB,2,Black / Yellow,5
MSI MEG Z890 GODLIKE,1079.09,https://cdna.pcpartpicker.com/static/forever/images/product/62f8296abbae0b281501128275e804ad.256p.jpg,LGA1851,EATX,256 GB,4,Black,0
Asus PRIME H510M-K,,https://cdna.pcpartpicker.com/static/forever/images/product/87c06dc69a443c1f6fc125a4d450f9e0.256p.jpg,LGA1200,Micro ATX,64 GB,2,Black / Silver,4
Gigabyte B850M FORCE WIFI6E,123.99,https://cdna.pcpartpicker.com/static/forever/images/product/3e79197c25562b19edbcb01d63c7a741.256p.jpg,AM5,Micro ATX,128 GB,2,Silver / Orange,0
MSI B450-A PRO MAX,,https://cdna.pcpartpicker.com/static/forever/images/product/491312c7eb6c3a47c8a7c53e063b397e.256p.jpg,AM4,ATX,64 GB,4,Brown / Black,4.5
Gigabyte X870E AORUS ELITE X3D ICE,317.14,https://cdna.pcpartpicker.com/static/forever/images/product/6f786d3da1c258dd288f849224400472.256p.jpg,AM5,ATX,256 GB,4,White,5
ASRock B650 Pro RS WiFi,153.59,https://cdna.pcpartpicker.com/static/forever/images/product/ccef8c9b5cad8a1a27840cb7082b4bcb.256p.jpg,AM5,ATX,256 GB,4,Silver / Black,4
MSI PRO X870E-S EVO WIFI,219.9,https://cdna.pcpartpicker.com/static/forever/images/product/fff0e3a44ad5bd37e11522568e941cb3.256p.jpg,AM5,ATX,256 GB,4,Black / Silver,0
ASRock B550 Pro4,91.63,https://cdna.pcpartpicker.com/static/forever/images/product/9c582991edb4ccf7cdaaab81543bf668.256p.jpg,AM4,ATX,128 GB,4,Silver / Black,4
Asus ROG STRIX Z690-E GAMING WIFI,,,LGA1700,ATX,192 GB,4,Black,4.5
Gigabyte B650 GAMING X AX,145.47,https://cdna.pcpartpicker.com/static/forever/images/product/40037fa5f1c2c2b92273f1a5547ed181.256p.jpg,AM5,ATX,192 GB,4,Black / Gray,4.5
Asus ROG STRIX Z690-A GAMING WIFI D4,,,LGA1700,ATX,128 GB,4,Silver / Black,4.5
Gigabyte H610M S2H V3 DDR4,58.99,https://cdna.pcpartpicker.com/static/forever/images/product/bb7445f7cc8a93440b65cec5891d4e9b.256p.jpg,LGA1700,Micro ATX,64 GB,2,Black / Silver,3
MSI PRO B650M-B,,https://cdna.pcpartpicker.com/static/forever/images/product/01fe1706639823e34bc745e4716593a5.256p.jpg,AM5,Micro ATX,96 GB,2,Black,3
MSI B850 GAMING PLUS WIFI PZ,219.95,https://cdna.pcpartpicker.com/static/forever/images/product/48c02e19ac0bf9b44e730a95d1bdf2a2.256p.jpg,AM5,ATX,256 GB,4,Silver / Turquoise,5
MSI PRO B550M-P GEN3,,https://cdna.pcpartpicker.com/static/forever/images/product/46caf124c1c17a69d8be93063ee82037.256p.jpg,AM4,Micro ATX,128 GB,4,Black,4
Asus PRIME X570-P,,https://cdna.pcpartpicker.com/static/forever/images/product/2131ac4689d1bfc99721a81de8904a52.256p.jpg,AM4,ATX,128 GB,4,Black / White,4
Asus ROG STRIX Z490-E GAMING,,https://cdna.pcpartpicker.com/static/forever/images/product/cecf707cb59521400fc68f887de78eb0.256p.jpg,LGA1200,ATX,128 GB,4,Black,4.5
Gigabyte Z890 AORUS MASTER,335.4,https://cdna.pcpartpicker.com/static/forever/images/product/af79445d1367a949f47a3126840f12f7.256p.jpg,LGA1851,ATX,256 GB,4,Black / Silver,5
Asus ROG MAXIMUS Z790 DARK HERO,,https://cdna.pcpartpicker.com/static/forever/images/product/a7c9c4159cc9aa72f29988cd1f376e9c.256p.jpg,LGA1700,ATX,192 GB,4,Black,4
MSI MAG Z690 TOMAHAWK WIFI DDR4,,https://cdna.pcpartpicker.com/static/forever/images/product/980d40e0b3880c97083a46d508fc6452.256p.jpg,LGA1700,ATX,128 GB,4,Black / Silver,4.5
MSI B450 TOMAHAWK MAX II,,https://cdna.pcpartpicker.com/static/forever/images/product/118d595f83da3a4df004e96aeb90b6b1.256p.jpg,AM4,ATX,128 GB,4,Black / Silver,4
Gigabyte H610I DDR4,97.99,https://cdna.pcpartpicker.com/static/forever/images/product/da31e47777c32420093b626447dc3dcd.256p.jpg,LGA1700,Mini ITX,64 GB,2,Black / Gray,5
ASRock B850 Riptide WiFi,182.71,https://cdna.pcpartpicker.com/static/forever/images/product/0fbb56d177dff0ea8a248265f6762442.256p.jpg,AM5,ATX,256 GB,4,Black,4
Asus ROG STRIX B760-A GAMING WIFI,177.99,https://cdna.pcpartpicker.com/static/forever/images/product/c07d400fa14664b0d61d4851dc209036.256p.jpg,LGA1700,ATX,192 GB,4,Silver / Black,4.5
Asus PRIME B650M-R,96.99,https://cdna.pcpartpicker.com/static/forever/images/product/9a98087b38e3a012772767d53f8b98d3.256p.jpg,AM5,Micro ATX,96 GB,2,Silver / Black,0
Asus TUF GAMING B850-PRO WIFI7 W NEO,346.97,,AM5,ATX,256 GB,4,White,0
Gigabyte B650 UD AX (rev. 1.0),121.91,https://cdna.pcpartpicker.com/static/forever/images/product/6ba35f56bd877380c9286ed6f7700a2a.256p.jpg,AM5,ATX,192 GB,4,Black / Gray,0
Gigabyte B450 I AORUS PRO WIFI,,https://cdna.pcpartpicker.com/static/forever/images/product/5a8664f585ae411dbb63683bac2ef41a.256p.jpg,AM4,Mini ITX,64 GB,2,Black / Silver,4
Asus PRIME B650M-K,99.99,https://cdna.pcpartpicker.com/static/forever/images/product/941df7da6c2fc2576584a82f0b05ada7.256p.jpg,AM5,Micro ATX,96 GB,2,Silver / Black,0
Asus TUF GAMING B650EM-E WIFI,,https://cdna.pcpartpicker.com/static/forever/images/product/70a4e0bc6b0dbfc0781417da948a74c6.256p.jpg,AM5,Micro ATX,256 GB,4,Black,5
ASRock B860 Steel Legend WiFi,172.97,https://cdna.pcpartpicker.com/static/forever/images/product/930805dd97e21666e466ff2804f911c6.256p.jpg,LGA1851,ATX,256 GB,4,White / Silver,5
Asus PRIME Z790-A WIFI,,https://cdna.pcpartpicker.com/static/forever/images/product/337ab1b8659caaac6b9b11ebd5d986ec.256p.jpg,LGA1700,ATX,192 GB,4,Black / Silver,4
Asus ProArt X670E-CREATOR WIFI,457.98,https://cdna.pcpartpicker.com/static/forever/images/product/37fcaa6002284b90a44830672869067d.256p.jpg,AM5,ATX,192 GB,4,Black / Copper,4.5
Gigabyte H610M H V3 DDR4,52.99,,LGA1700,Micro ATX,64 GB,2,Black / Silver,0
Asus PRIME B550M-K,89.95,https://cdna.pcpartpicker.com/static/forever/images/product/b763277f0ff72f671b15e8cf62ad7221.256p.jpg,AM4,Micro ATX,128 GB,4,Black / White,3
Gigabyte Z790 AORUS ELITE X WIFI7,270.49,https://cdna.pcpartpicker.com/static/forever/images/product/a42ec2d24365991ac8e4f9a3067f2e85.256p.jpg,LGA1700,ATX,256 GB,4,Black,4.5
Gigabyte A620M GAMING X AX,,https://cdna.pcpartpicker.com/static/forever/images/product/0c7d1181cfa23b0a5b715c4cce2dace7.256p.jpg,AM5,Micro ATX,192 GB,4,Brown / Gray,5
Asus PRIME X570-PRO,369.53,https://cdna.pcpartpicker.com/static/forever/images/product/b06a90d7ec5a485121a21751cdc3d9b9.256p.jpg,AM4,ATX,128 GB,4,Black / White,4
Asus ROG Crosshair VIII Hero (WI-FI),849.29,https://cdna.pcpartpicker.com/static/forever/images/product/9b0c678ccf7522e6ad454d3976a2e174.256p.jpg,AM4,ATX,128 GB,4,Black,4.5
Gigabyte Z890 AORUS PRO ICE,260.99,https://cdna.pcpartpicker.com/static/forever/images/product/8ceac99637cdd1b429744608c9ebd8f5.256p.jpg,LGA1851,ATX,256 GB,4,White / Silver,0
ASRock B850 LiveMixer WiFi,162.9,https://cdna.pcpartpicker.com/static/forever/images/product/ecd86d9094fdf31610b32e0281a2743d.256p.jpg,AM5,ATX,256 GB,4,Silver / Black,4
Gigabyte B660M DS3H DDR4,,https://cdna.pcpartpicker.com/static/forever/images/product/9a09d966167a7cdc937d39d9bf9edc8b.256p.jpg,LGA1700,Micro ATX,128 GB,4,Black,4
Asus ROG Strix X570-E Gaming,,https://cdna.pcpartpicker.com/static/forever/images/product/8edda8b2608b4fe4e5c3777f9e6df4fd.256p.jpg,AM4,ATX,128 GB,4,Black,4.5
Gigabyte B840 EAGLE WIFI6E,128.99,,AM5,ATX,256 GB,4,Black,0
MSI PRO Z790-P WIFI DDR4,335.9,https://cdna.pcpartpicker.com/static/forever/images/product/b114a7539486e8a860362aa759fe6c29.256p.jpg,LGA1700,ATX,128 GB,4,Black / Silver,4
MSI Z890 GAMING PLUS WIFI6E,194.39,https://cdna.pcpartpicker.com/static/forever/images/product/ffb41844106b3b23a83a86979b4948cb.256p.jpg,LGA1851,ATX,256 GB,4,Black,0
Gigabyte X670 AORUS ELITE AX,,https://cdna.pcpartpicker.com/static/forever/images/product/ac3a77e0e11d610407a9ef39970b00d7.256p.jpg,AM5,ATX,192 GB,4,Black,4
ASRock Z890I Nova WiFi,265.19,https://cdna.pcpartpicker.com/static/forever/images/product/b2bb8e9560637ce9b779e19dd2e5e272.256p.jpg,LGA1851,Mini ITX,128 GB,2,Black,0
Asus PRIME B760M-A D4,148.6,https://cdna.pcpartpicker.com/static/forever/images/product/936e6313d4360a2bf050bfe79ac03ebe.256p.jpg,LGA1700,Micro ATX,128 GB,4,Silver / Black,4.5
Gigabyte Z890 UD WIFI6E,172.99,https://cdna.pcpartpicker.com/static/forever/images/product/946d202eac3d801e534eb8be78d4cd75.256p.jpg,LGA1851,ATX,256 GB,4,Black / Gray,5
Gigabyte B760M H DDR4,71.99,,LGA1700,Micro ATX,64 GB,2,Brown / Gray,5
Gigabyte B760 GAMING X GEN5,120.99,https://cdna.pcpartpicker.com/static/forever/images/product/9db377904a5a5f4871021364cfd66ce4.256p.jpg,LGA1700,ATX,256 GB,4,Black / Gray,0
Asus PRIME B450-PLUS,,https://cdna.pcpartpicker.com/static/forever/images/product/2d6aec01983abcfd48c2d450cc27ce1b.256p.jpg,AM4,ATX,64 GB,4,Black / Silver,4
Gigabyte Z890 AORUS ELITE WIFI7 ICE,229.99,https://cdna.pcpartpicker.com/static/forever/images/product/c10b9c5969f9aadfa20b56186d9b7ce8.256p.jpg,LGA1851,ATX,256 GB,4,White / Silver,5
Asus PRIME B840M-A WIFI,89.99,,AM5,Micro ATX,192 GB,4,Silver / Black,0
Gigabyte A520M DS3H WIFI6E,77.99,https://cdna.pcpartpicker.com/static/forever/images/product/01002a98e2d94f904d59d1dee2efb1a8.256p.jpg,AM4,Micro ATX,128 GB,4,Black / Gray,0
Asus TUF GAMING B760M-PLUS WIFI D4,557.96,https://cdna.pcpartpicker.com/static/forever/images/product/3bd83927f70a99f317391f13be943f3f.256p.jpg,LGA1700,Micro ATX,128 GB,4,Black / Orange,5
MSI MAG X570S TOMAHAWK MAX WIFI,,https://cdna.pcpartpicker.com/static/forever/images/product/17b2fe7f91dc3d74fd0b7503dc6dd8ad.256p.jpg,AM4,ATX,128 GB,4,Black,4.5
Asus Prime X470-Pro,,https://cdna.pcpartpicker.com/static/forever/images/product/f53a232186a58d1d9f0e2d678c8cee6c.256p.jpg,AM4,ATX,64 GB,4,Black / White,4.5
Asus ROG MAXIMUS Z890 HERO BTF,580,https://cdna.pcpartpicker.com/static/forever/images/product/935d6b65592cdbcec9a3ac844d855a1b.256p.jpg,LGA1851,ATX,256 GB,4,Black,0
MSI X670E GAMING PLUS WIFI,200.5,https://cdna.pcpartpicker.com/static/forever/images/product/f8d60a74e775beebaf456eebb23c4ca4.256p.jpg,AM5,ATX,192 GB,4,Silver / Black,4
MSI MEG X570 UNIFY,,https://cdna.pcpartpicker.com/static/forever/images/product/52fcf89a31a9e8e111ad2c41bbefef3c.256p.jpg,AM4,ATX,128 GB,4,Black,4.5
Asus ROG MAXIMUS Z890 APEX,357.99,https://cdna.pcpartpicker.com/static/forever/images/product/4163030289d6ca10a359a9e2f7bfac62.256p.jpg,LGA1851,ATX,128 GB,2,White,0
Asus PRIME A520M-R,,https://cdna.pcpartpicker.com/static/forever/images/product/599599b9b776b7d1ca815a1e0fc6b48e.256p.jpg,AM4,Micro ATX,64 GB,2,Silver / Black,0
MSI MAG Z790 TOMAHAWK WIFI DDR4,,https://cdna.pcpartpicker.com/static/forever/images/product/c597a817d68d2a0f048cc47d819817c9.256p.jpg,LGA1700,ATX,128 GB,4,Black,4.5
MSI MPG B550 GAMING EDGE WIFI,,https://cdna.pcpartpicker.com/static/forever/images/product/e1677ccd8b20b24c91fd17885a1b8b8a.256p.jpg,AM4,ATX,128 GB,4,Black / Silver,4.5
MSI PRO B760-VC WIFI,,https://cdna.pcpartpicker.com/static/forever/images/product/e60d19ffdbd244aba4d1a13a8bfd80cd.256p.jpg,LGA1700,ATX,192 GB,4,Black,5
ASRock H610M-HDV/M.2 R2.0,63.59,https://cdna.pcpartpicker.com/static/forever/images/product/15844b38782a46a3217f13e9771b9472.256p.jpg,LGA1700,Micro ATX,64 GB,2,Silver / Black,0
MSI PRO H610M-E,57.95,https://cdna.pcpartpicker.com/static/forever/images/product/72359710cd9ef62c326e45b1ea913297.256p.jpg,LGA1700,Micro ATX,96 GB,2,Black,0
MSI MAG B850 GAMING PLUS MAX WIFI,189.95,https://cdna.pcpartpicker.com/static/forever/images/product/2a8bc4c99c51e4b488203980a6085b23.256p.jpg,AM5,ATX,256 GB,4,Silver,0
ASRock B550 Phantom Gaming-ITX/ax,,https://cdna.pcpartpicker.com/static/forever/images/product/755a68d1af3619f456f9011ce2f3d470.256p.jpg,AM4,Mini ITX,64 GB,2,Silver / Black,4.5
Asus ROG STRIX Z590-E GAMING WIFI,,https://cdna.pcpartpicker.com/static/forever/images/product/c75b75e88a785bd88aed00e0e6b9822a.256p.jpg,LGA1200,ATX,128 GB,4,Black,4.5
ASRock B860M-X WiFi,123.25,https://cdna.pcpartpicker.com/static/forever/images/product/92f1a8b240b4977be0808455f734aea5.256p.jpg,LGA1851,Micro ATX,128 GB,2,Silver / Black,5
MSI B450M MORTAR MAX,,,AM4,Micro ATX,128 GB,4,Black,4.5
Asus PRIME B550M-A,98.5,https://cdna.pcpartpicker.com/static/forever/images/product/68437d2eec7d3f058132c02a4b56609b.256p.jpg,AM4,Micro ATX,128 GB,4,Black / White,3
ASRock B760M Pro RS WiFi White,,https://cdna.pcpartpicker.com/static/forever/images/product/3a6a6be1f36a67edf0295546a61f90ff.256p.jpg,LGA1700,Micro ATX,192 GB,4,White,5
ASRock B650M PG Lightning,98.18,https://cdna.pcpartpicker.com/static/forever/images/product/cda8cdc421bf75624299135baaedcbde.256p.jpg,AM5,Micro ATX,256 GB,4,Silver / Black,5
Asus TUF GAMING X570-PLUS,569.46,https://cdna.pcpartpicker.com/static/forever/images/product/c96321a1e039a1f7fd1bc917c5ae72b7.256p.jpg,AM4,ATX,128 GB,4,Black / Gold,4
Gigabyte X870E AORUS XTREME AI TOP,714.98,https://cdna.pcpartpicker.com/static/forever/images/product/1b63f7fcd230dc74b5c8d669c1335f18.256p.jpg,AM5,EATX,256 GB,4,Black,4
MSI MAG B860M MORTAR WIFI,,https://cdna.pcpartpicker.com/static/forever/images/product/0ffc02109bf8132b4258e65690109068.256p.jpg,LGA1851,Micro ATX,256 GB,4,Black / Green,5
Gigabyte H810M GAMING WIFI6,107.99,https://cdna.pcpartpicker.com/static/forever/images/product/726df2e410d14291f89c5e0f1260ca48.256p.jpg,LGA1851,Micro ATX,128 GB,2,Black / Silver,0
Gigabyte X570 I AORUS PRO WIFI,,https://cdna.pcpartpicker.com/static/forever/images/product/9565cb7b88f9b718ecc1c13397f9093e.256p.jpg,AM4,Mini ITX,64 GB,2,Black / Silver,4
ASRock B560M-C,,,LGA1200,Micro ATX,128 GB,4,Black,0
Gigabyte X870 AORUS ELITE X3D ICE,258.93,https://cdna.pcpartpicker.com/static/forever/images/product/893bc490300dfdcbcf064e931fb42818.256p.jpg,AM5,ATX,256 GB,4,White / Silver,0
MSI Z890 GAMING WIFI,189.99,https://cdna.pcpartpicker.com/static/forever/images/product/62545ab345b64eb6ea0415a17dcd80ed.256p.jpg,LGA1851,ATX,256 GB,4,Black,0
Asus PRIME B450M-K II,80.86,https://cdna.pcpartpicker.com/static/forever/images/product/569d03cbfe6089accbf20201c3988cdc.256p.jpg,AM4,Micro ATX,64 GB,2,Black,4
Asus PRIME B660M-A WIFI D4,190.18,,LGA1700,Micro ATX,128 GB,4,Silver / Black,4.5
Gigabyte Z890I AORUS ULTRA,249.99,https://cdna.pcpartpicker.com/static/forever/images/product/11784634a80670ffa11bfd19f631f633.256p.jpg,LGA1851,Mini ITX,128 GB,2,Black,0
MSI X470 GAMING PLUS MAX,,https://cdna.pcpartpicker.com/static/forever/images/product/67c9fcef981a962757caaf4c26082dc0.256p.jpg,AM4,ATX,128 GB,4,Black,4.5
Gigabyte B860I AORUS PRO ICE,199.99,https://cdna.pcpartpicker.com/static/forever/images/product/085d0111282950d95dcf15b06c03b589.256p.jpg,LGA1851,Mini ITX,128 GB,2,White / Silver,4
ASRock B860I Lightning WiFi,190.47,https://cdna.pcpartpicker.com/static/forever/images/product/a0be5b13bb6aec8fdc7a11b01e44afa2.256p.jpg,LGA1851,Mini ITX,128 GB,2,Black,0
Asus ROG STRIX Z890-I GAMING WIFI,350.03,,LGA1851,Mini ITX,128 GB,2,Black,0
Asus PRIME H610M-A WIFI D4,76.97,https://cdna.pcpartpicker.com/static/forever/images/product/6d99196283095ea508a0d79de5c19a1f.256p.jpg,LGA1700,Micro ATX,64 GB,2,Black / Silver,0
Gigabyte B460M DS3H V2,,,LGA1200,Micro ATX,128 GB,4,Brown / Black,3
ASRock X870E Taichi White,427.19,https://cdna.pcpartpicker.com/static/forever/images/product/2181bff1967905b4c24d71db28b01ad2.256p.jpg,AM5,EATX,256 GB,4,White / Silver,0
MSI A520M PRO,47.99,,AM4,Micro ATX,64 GB,2,Black,0
MSI PRO B850-VC WIFI,,,AM5,ATX,256 GB,4,Black,4.5
MSI B460M PRO-VDH WIFI,,https://cdna.pcpartpicker.com/static/forever/images/product/ae77a055d3c505f261e8525b209b724e.256p.jpg,LGA1200,Micro ATX,128 GB,4,Black,4
MSI PRO Z690-A DDR4,,https://cdna.pcpartpicker.com/static/forever/images/product/2fc4e6cbd108d11defb86e2298e675b8.256p.jpg,LGA1700,ATX,128 GB,4,Black / Silver,4
Gigabyte B650M GAMING X AX,210.81,https://cdna.pcpartpicker.com/static/forever/images/product/0353b298313e3922909d14b2e75dc647.256p.jpg,AM5,Micro ATX,192 GB,4,Black,4
Asus PRIME X870-P,427.19,https://cdna.pcpartpicker.com/static/forever/images/product/311e5f41a386547c56737c64c456bd72.256p.jpg,AM5,ATX,192 GB,4,Black / Silver,0
Gigabyte B850M DS3H,123.74,https://cdna.pcpartpicker.com/static/forever/images/product/c7b45d73d1d255c9d1044ddaa73fbda9.256p.jpg,AM5,Micro ATX,256 GB,4,Gray / Black,4
Gigabyte H610M K DDR4,52.99,https://cdna.pcpartpicker.com/static/forever/images/product/bacff4fa3de7be1acfe6eb5b8a96d014.256p.jpg,LGA1700,Micro ATX,64 GB,2,Black,4
ASRock Fatal1ty B450 Gaming-ITX/ac,,https://cdna.pcpartpicker.com/static/forever/images/product/7f9f592447b8f0ca453780f12ee90143.256p.jpg,AM4,Mini ITX,64 GB,2,Black / Silver,4.5
Asus TUF GAMING Z790-PLUS WIFI D4,,https://cdna.pcpartpicker.com/static/forever/images/product/2be963b585dcedbf36b8f34fc4646268.256p.jpg,LGA1700,ATX,128 GB,4,Black,4.5
Gigabyte B840M AORUS ELITE WIFI6E,145.99,https://cdna.pcpartpicker.com/static/forever/images/product/c66922c94d9e926d76f45d576c3d092e.256p.jpg,AM5,Micro ATX,256 GB,4,Black / Gray,0
Asus ROG STRIX B860-G GAMING WIFI,202.99,https://cdna.pcpartpicker.com/static/forever/images/product/e6f5d252e783c25da2847e7e0fa8558d.256p.jpg,LGA1851,Micro ATX,256 GB,4,White / Silver,0
ASRock Z890 Pro RS,188.95,https://cdna.pcpartpicker.com/static/forever/images/product/dddf48ef5901ed10e2fd91c654fa9e30.256p.jpg,LGA1851,ATX,256 GB,4,Silver / Black,5
NZXT N7 B650E,,https://cdna.pcpartpicker.com/static/forever/images/product/f1c3a980e562664049693b11a32d2b99.256p.jpg,AM5,ATX,128 GB,4,White,4
MSI MPG Z490 GAMING PLUS,,https://cdna.pcpartpicker.com/static/forever/images/product/e63a3a4436b6dfd5254125d5576357b6.256p.jpg,LGA1200,ATX,128 GB,4,Black / Silver,4.5
Asus PRIME A620AM-K,76.98,,AM5,Micro ATX,128 GB,2,Black,0
Gigabyte X570 AORUS ELITE,,https://cdna.pcpartpicker.com/static/forever/images/product/a4e109f27fa379eb0d7d408866e73932.256p.jpg,AM4,ATX,128 GB,4,Black / Silver,4
MSI MAG B660 TOMAHAWK WIFI DDR4,,https://cdna.pcpartpicker.com/static/forever/images/product/42b49b9f2159609f852b3d66df24e1e5.256p.jpg,LGA1700,ATX,128 GB,4,Black / Silver,4.5
Gigabyte Z890 EAGLE WIFI7,181.45,https://cdna.pcpartpicker.com/static/forever/images/product/34de227b943c27e3486ab6e4aff51341.256p.jpg,LGA1851,ATX,256 GB,4,Silver / Black,4.5
Asus PRIME A620M-K,82.99,https://cdna.pcpartpicker.com/static/forever/images/product/d1a0115588f349df17f04a6ba77e0bbc.256p.jpg,AM5,Micro ATX,96 GB,2,Black / Silver,0
Gigabyte B650M DS3H,195.25,https://cdna.pcpartpicker.com/static/forever/images/product/c2e7c6c86640a343fb44ae052217c200.256p.jpg,AM5,Micro ATX,192 GB,4,Brown / Black,4
ASRock B550 PG Riptide,101.94,https://cdna.pcpartpicker.com/static/forever/images/product/3bf59da471d4483317639c41ebc86761.256p.jpg,AM4,ATX,128 GB,4,Black / Silver,0
Asus B650M-AYW WIFI,,https://cdna.pcpartpicker.com/static/forever/images/product/bcc8fa53373885d083e66d46392063d5.256p.jpg,AM5,Micro ATX,96 GB,2,Black / Silver,0
MSI MEG Z890 UNIFY-X,439.59,https://cdna.pcpartpicker.com/static/forever/images/product/b624a2a67511d94c2a3152243d4ba16f.256p.jpg,LGA1851,ATX,128 GB,2,Black,5
Asus TUF Gaming Z590-PLUS WIFI,,https://cdna.pcpartpicker.com/static/forever/images/product/1796254752a632d703fb5659e1647668.256p.jpg,LGA1200,ATX,128 GB,4,Silver / Black,4.5
Gigabyte B860M EAGLE PLUS WIFI6E,143.5,https://cdna.pcpartpicker.com/static/forever/images/product/dad18a7d29e93b8df15799b3b9bc5d08.256p.jpg,LGA1851,Micro ATX,256 GB,4,Black / Silver,0
ASRock H610M/ac,82.79,,LGA1700,Micro ATX,64 GB,2,Silver / Black,4
ASRock Z790I Lightning WiFi,319.51,https://cdna.pcpartpicker.com/static/forever/images/product/6a1c1eaf4c583a67136a6b0a81cdfe03.256p.jpg,LGA1700,Mini ITX,128 GB,2,Black,0
Asus ROG CROSSHAIR X670E HERO,612.07,https://cdna.pcpartpicker.com/static/forever/images/product/fc1500861d9fdb521459849de62b11d4.256p.jpg,AM5,ATX,192 GB,4,Black / Silver,4
Asus TUF B450-PLUS GAMING,,https://cdna.pcpartpicker.com/static/forever/images/product/668bf1bbaa0fa3547782eb126a0f37d8.256p.jpg,AM4,ATX,64 GB,4,Black / Gold,4
MSI MAG Z790 TOMAHAWK MAX WIFI,237.33,https://cdna.pcpartpicker.com/static/forever/images/product/189e0cc552fd73c9fdcdac77b8ff29b3.256p.jpg,LGA1700,ATX,256 GB,4,Black / Yellow,4.5
Asus PRIME B560M-A,,,LGA1200,Micro ATX,128 GB,4,Silver / Black,4.5
MSI PRO B840-VC WIFI,,,AM5,ATX,256 GB,4,Black / Silver,0
MSI PRO B660M-A WIFI DDR4,,https://cdna.pcpartpicker.com/static/forever/images/product/3cbf74a6886df1b73c6db3935b1b24e1.256p.jpg,LGA1700,Micro ATX,128 GB,4,Black / Silver,4.5
Asus ROG STRIX B850-A GAMING WIFI7 NEO,,https://cdna.pcpartpicker.com/static/forever/images/product/d725d6c23e36c8ac41493671a4888ffe.256p.jpg,AM5,ATX,256 GB,4,White / Silver,0
ASRock B860M Rock WiFi,131.72,https://cdna.pcpartpicker.com/static/forever/images/product/6d78181faa71514541b8e5b9a5374e17.256p.jpg,LGA1851,Micro ATX,128 GB,2,Silver / Black,0
Asus B760M MAX GAMING WIFI,,https://cdna.pcpartpicker.com/static/forever/images/product/33b3064a814ba3600bed255f3bf60718.256p.jpg,LGA1700,Micro ATX,192 GB,4,Black / Silver,0
ASRock B850 Pro-A WiFi,137.5,https://cdna.pcpartpicker.com/static/forever/images/product/6b81b6bf0304164761e106acccfd838c.256p.jpg,AM5,ATX,256 GB,4,Black / Silver,4
MSI X570-A PRO,,https://cdna.pcpartpicker.com/static/forever/images/product/c5f7ee28c940f48c5076de03dc4f4a3e.256p.jpg,AM4,ATX,128 GB,4,Black / Silver,4
Gigabyte H610I,101.94,,LGA1700,Mini ITX,64 GB,2,Black,0
MSI MPG X670E CARBON WIFI,345.09,https://cdna.pcpartpicker.com/static/forever/images/product/99e70e655229a0978dd3c4e2d7afcaa0.256p.jpg,AM5,ATX,192 GB,4,Black,4
Asus ROG STRIX X670E-F GAMING WIFI,,,AM5,ATX,192 GB,4,Black / Silver,4.5
Asus ROG Strix X570-F Gaming,,https://cdna.pcpartpicker.com/static/forever/images/product/574d3700f198139cb7039f77517c7deb.256p.jpg,AM4,ATX,128 GB,4,Black,4.5
Asus ROG Strix B450-I Gaming,,https://cdna.pcpartpicker.com/static/forever/images/product/d16e04d394d588e9045d587653cad761.256p.jpg,AM4,Mini ITX,64 GB,2,Black / Silver,4.5
Asus ROG STRIX X670E-A GAMING WIFI,357.58,https://cdna.pcpartpicker.com/static/forever/images/product/79d3e1321b69d90d179d741c40b1fde1.256p.jpg,AM5,ATX,192 GB,4,Silver / Black,4
Gigabyte A620M DS3H,82.99,https://cdna.pcpartpicker.com/static/forever/images/product/b4c62ce4f09448f9549c8f660c62654c.256p.jpg,AM5,Micro ATX,192 GB,4,Gray / Black,0
ASRock B450 Steel Legend,,https://cdna.pcpartpicker.com/static/forever/images/product/c80202c0ee63d3f7e3811a6521f23f68.256p.jpg,AM4,ATX,128 GB,4,Black / Silver,4
Gigabyte B760 GAMING X WIFI6E GEN5,127,https://cdna.pcpartpicker.com/static/forever/images/product/f8a4005fb47f447653f71fd48f2902b9.256p.jpg,LGA1700,ATX,256 GB,4,Black / Gray,0
ASRock Phantom Gaming Z890 Nova WiFi,237.22,https://cdna.pcpartpicker.com/static/forever/images/product/9b7c30c581d9ef7c5405f7c5744fe99a.256p.jpg,LGA1851,ATX,256 GB,4,Black,5
MSI PRO B760-P II,136.99,https://cdna.pcpartpicker.com/static/forever/images/product/b936bf6b3398b0cc0caf0241bf05dfb3.256p.jpg,LGA1700,ATX,256 GB,4,Black / Silver,0
Asus TUF GAMING X870-PRO WIFI7 W NEO,633.58,,AM5,ATX,256 GB,4,White / Silver,0
MAXSUN Challenger B650M WIFI ICE,,https://cdna.pcpartpicker.com/static/forever/images/product/eefeaf90d31a5b830b2a1fb8253d6a1f.256p.jpg,AM5,Micro ATX,96 GB,2,White,0
Asus PRIME B860M-A WIFI-CSM,225.16,https://cdna.pcpartpicker.com/static/forever/images/product/4e71038d63efeda0fea8dcba1247409c.256p.jpg,LGA1851,Micro ATX,256 GB,4,Silver / Black,0
Asus Z790-AYW WIFI W II,,https://cdna.pcpartpicker.com/static/forever/images/product/b22deeb4627bdcc5bb070b2f51cbe5b6.256p.jpg,LGA1700,ATX,192 GB,4,White,0
Asus ROG MAXIMUS Z690 HERO,,https://cdna.pcpartpicker.com/static/forever/images/product/1a155076718d51342d45b49f293ee0db.256p.jpg,LGA1700,ATX,192 GB,4,Black / Silver,4
ASRock X570 Phantom Gaming 4,,https://cdna.pcpartpicker.com/static/forever/images/product/8a06ea6e7b235ca15f1d095336f5a417.256p.jpg,AM4,ATX,128 GB,4,Black / Silver,4
Gigabyte Z790 S WIFI DDR4 (rev. 1.0),,https://cdna.pcpartpicker.com/static/forever/images/product/16f18e0e04094d4f438827f7542a2ac0.256p.jpg,LGA1700,ATX,128 GB,4,Black,0
ASRock Z890 Riptide WiFi,249.99,https://cdna.pcpartpicker.com/static/forever/images/product/611b8e9459084de39235fa27e489ee1d.256p.jpg,LGA1851,ATX,256 GB,4,Black,0
Asus ROG STRIX X670E-I GAMING WIFI,424.92,,AM5,Mini ITX,96 GB,2,Black / Silver,3.5
ASRock B650E PG-ITX WIFI,229.99,https://cdna.pcpartpicker.com/static/forever/images/product/67ed1ef953105402f8b02745a1b3358e.256p.jpg,AM5,Mini ITX,96 GB,2,Black / Red,4.5
Gigabyte Z890 AORUS MASTER AI TOP,527.99,https://cdna.pcpartpicker.com/static/forever/images/product/4075de3253e3cd51f9485d5fedd71497.256p.jpg,LGA1851,EATX,256 GB,4,Black / Silver,5
Gigabyte B650E AORUS STEALTH ICE,234.82,,AM5,ATX,192 GB,4,White / Silver,4
Gigabyte H510M S2H,,,LGA1200,Micro ATX,64 GB,2,Brown / Gray,0
ASRock B450M PRO4 R2.0,,https://cdna.pcpartpicker.com/static/forever/images/product/c289ccdec3ef04b9f29b7e33e59e7c02.256p.jpg,AM4,Micro ATX,128 GB,4,Gray / Black,4
MSI PRO B760M-A WIFI,69,https://cdna.pcpartpicker.com/static/forever/images/product/d1b1855b0b8f75a2a93ce36fcfe435b1.256p.jpg,LGA1700,Micro ATX,192 GB,4,Black,3
Gigabyte Z790 AORUS PRO X,,https://cdna.pcpartpicker.com/static/forever/images/product/a8495725e51b379eb0d32c9199ebf463.256p.jpg,LGA1700,ATX,256 GB,4,Silver,4.5
Gigabyte B840M EAGLE WIFI6,104.99,https://cdna.pcpartpicker.com/static/forever/images/product/66e3f281ec7f5159a18f68a2f93f01d4.256p.jpg,AM5,Micro ATX,128 GB,2,Silver / Black,2
MSI MPG X570 GAMING PRO CARBON WIFI,,https://cdna.pcpartpicker.com/static/forever/images/product/b2368a8a40b6ebf42d1200034bcc749c.256p.jpg,AM4,ATX,128 GB,4,Black / Silver,4.5
Asus PRIME B650M-A AX6 II,,https://cdna.pcpartpicker.com/static/forever/images/product/0da92bacca6e474a293a9b0031f0774b.256p.jpg,AM5,Micro ATX,192 GB,4,Silver / Black,3
Gigabyte B550 AORUS ELITE,,https://cdna.pcpartpicker.com/static/forever/images/product/92478e7c05b1206120d4c5582388500e.256p.jpg,AM4,ATX,128 GB,4,Black / Silver,4.5
MSI B450M PRO-M2 MAX,,https://cdna.pcpartpicker.com/static/forever/images/product/6a87254f04f369861e342ac8c1c813e5.256p.jpg,AM4,Micro ATX,32 GB,2,Black,3.5
Asus ROG STRIX Z790-E GAMING WIFI,506.93,https://cdna.pcpartpicker.com/static/forever/images/product/79687dad482d6163f14752ea4764c5f2.256p.jpg,LGA1700,ATX,192 GB,4,Black,4.5
Gigabyte B850M D3HP,119.99,https://cdna.pcpartpicker.com/static/forever/images/product/678a12c96c1b7d8dfad396a6336604d9.256p.jpg,AM5,Micro ATX,256 GB,4,Gray / Black,5
MSI PRO H610M-S WIFI DDR4,,https://cdna.pcpartpicker.com/static/forever/images/product/958aa5d881825ac40d45ab0c63fe93c9.256p.jpg,LGA1700,Micro ATX,64 GB,2,Black,0
Asus ROG STRIX X470-F Gaming,,https://cdna.pcpartpicker.com/static/forever/images/product/4022fb38e5c803b79c2bc6c5927caa0d.256p.jpg,AM4,ATX,64 GB,4,Black,4.5
Gigabyte B460M DS3H AC,,,LGA1200,Micro ATX,128 GB,4,Black / Silver,4.5
NZXT N7-B85XT-W1,279,,AM5,ATX,256 GB,4,White / Black,0
MSI MAG B550M MORTAR MAX WIFI,,https://cdna.pcpartpicker.com/static/forever/images/product/064b80e6db991487b8a673fedbf947f6.256p.jpg,AM4,Micro ATX,128 GB,4,Silver / Black,4
Asus ROG STRIX B760-F GAMING WIFI,183.99,https://cdna.pcpartpicker.com/static/forever/images/product/6362331ecbafba634bf70bd1962de6e2.256p.jpg,LGA1700,ATX,192 GB,4,Black,0
ASRock Z890 Taichi,395.99,https://cdna.pcpartpicker.com/static/forever/images/product/8c927c6ab294c224efa4e606ebf39021.256p.jpg,LGA1851,ATX,256 GB,4,Black / Gold,0
MSI X470 GAMING PLUS,,https://cdna.pcpartpicker.com/static/forever/images/product/78e8a65a1c3b8c775d4326e3f3707c24.256p.jpg,AM4,ATX,128 GB,4,Red / Black,4.5
Asus TUF GAMING B850M-PLUS,226.37,,AM5,Micro ATX,192 GB,4,Black,0
ASRock X870 Challenger WiFi,197.99,https://cdna.pcpartpicker.com/static/forever/images/product/69b4a711df2e1641a4d6f602c1e367a9.256p.jpg,AM5,ATX,256 GB,4,Black / Silver,0
Gigabyte B860 EAGLE WIFI6E,149.99,https://cdna.pcpartpicker.com/static/forever/images/product/52afbd9db12fc04019410825f0b88350.256p.jpg,LGA1851,ATX,256 GB,4,Gray / Black,0
MSI PRO Z790-A WIFI,274.4,https://cdna.pcpartpicker.com/static/forever/images/product/ba8a47cf76ca2ff720bf84952382fb64.256p.jpg,LGA1700,ATX,256 GB,4,Black / Silver,5
MSI H510M-A PRO,,https://cdna.pcpartpicker.com/static/forever/images/product/f9e3e541c282e5d932fce04c93183883.256p.jpg,LGA1200,Micro ATX,64 GB,2,Black,4.5
Asus PRIME Z690-P WIFI D4,,https://cdna.pcpartpicker.com/static/forever/images/product/c8d3a6bdd5dca14503c17ec89c305da8.256p.jpg,LGA1700,ATX,128 GB,4,Silver / Black,4
MSI B450 GAMING PRO CARBON MAX WIFI,,,AM4,ATX,128 GB,4,Black,4
Asus PRIME H810M-A-CSM,95.99,,LGA1851,Micro ATX,128 GB,2,Silver / Black,0
MSI MPG B550I GAMING EDGE WIFI,,https://cdna.pcpartpicker.com/static/forever/images/product/982b108e4d586adff6ca952f3f8ea924.256p.jpg,AM4,Mini ITX,64 GB,2,Black / Silver,4
MSI MEG Z890 ACE,429.95,https://cdna.pcpartpicker.com/static/forever/images/product/d1e13ec99d30c170a4e6c0332a3e35f0.256p.jpg,LGA1851,ATX,256 GB,4,Black / Gold,0
Asus ROG STRIX Z790-A GAMING WIFI D4,161.5,https://cdna.pcpartpicker.com/static/forever/images/product/15c3c641097716024f8c373d5625eaa7.256p.jpg,LGA1700,ATX,128 GB,4,Black / Silver,4
Gigabyte A620M GAMING X,94.99,https://cdna.pcpartpicker.com/static/forever/images/product/b37fdf19135c96a2fca8a2a0c754a34b.256p.jpg,AM5,Micro ATX,192 GB,4,Brown / Gray,4
MSI PRO B650-VC WIFI,,https://cdna.pcpartpicker.com/static/forever/images/product/b3711bd81d288fdfad8f83dd22434815.256p.jpg,AM5,ATX,192 GB,4,Black / Silver,0
Asus ROG STRIX Z790-H GAMING WIFI,,https://cdna.pcpartpicker.com/static/forever/images/product/6612a5f3f9129c69313ef18ef003d6ff.256p.jpg,LGA1700,ATX,192 GB,4,Black,4.5
Gigabyte B450 AORUS ELITE V2,,https://cdna.pcpartpicker.com/static/forever/images/product/84c88ff577f173d87f25f0aec5ffa734.256p.jpg,AM4,ATX,128 GB,4,Black,4
Gigabyte H410M H V2,,https://cdna.pcpartpicker.com/static/forever/images/product/5420748584136a6bbb941341c4ad8912.256p.jpg,LGA1200,Micro ATX,64 GB,2,Gray / Black,3
MSI PRO Z890-S WIFI PZ,246.99,https://cdna.pcpartpicker.com/static/forever/images/product/0ca3535d73484ee610fae3c6366db941.256p.jpg,LGA1851,ATX,256 GB,4,Silver,0
Asus TUF GAMING Z890-PRO WIFI,251.9,https://cdna.pcpartpicker.com/static/forever/images/product/9601ead7d3b02a73c4a664cc183afed9.256p.jpg,LGA1851,ATX,256 GB,4,White,0
Gigabyte B650M AORUS ELITE,142,https://cdna.pcpartpicker.com/static/forever/images/product/1a3d71a0f51df03d074dfaa652a470f4.256p.jpg,AM5,Micro ATX,192 GB,4,Black,0
Asus PRIME B650-PLUS,146.81,https://cdna.pcpartpicker.com/static/forever/images/product/5f40e01f92976a82be218243948e79f8.256p.jpg,AM5,ATX,192 GB,4,Black / Silver,4
MSI B450 GAMING PRO CARBON AC,,https://cdna.pcpartpicker.com/static/forever/images/product/a6ae20785466eef236198522ad3a4fa5.256p.jpg,AM4,ATX,128 GB,4,Black,4.5
MSI MPG B560I GAMING EDGE WIFI,,https://cdna.pcpartpicker.com/static/forever/images/product/40299fd817e280269325b671d0830ca6.256p.jpg,LGA1200,Mini ITX,64 GB,2,Black,4.5
MSI B550M PRO-VDH WIFI (CEC),,,AM4,Micro ATX,128 GB,4,Black,0
ASRock B760 Pro RS/D4,105.99,https://cdna.pcpartpicker.com/static/forever/images/product/d291725d18732ce92757141e9f3d0b14.256p.jpg,LGA1700,ATX,128 GB,4,Silver / Black,4.5
ASRock Z890 LiveMixer WiFi,214,https://cdna.pcpartpicker.com/static/forever/images/product/d84f834ee35ca028ae5eaf2c71496469.256p.jpg,LGA1851,ATX,256 GB,4,Silver / Black,5
Gigabyte X570 GAMING X,,https://cdna.pcpartpicker.com/static/forever/images/product/b47f7ffe27d4db797ed8d2c93fc5a9ee.256p.jpg,AM4,ATX,128 GB,4,Black / Silver,4
Asus B850M AYW GAMING WIFI,,https://cdna.pcpartpicker.com/static/forever/images/product/f92a9a4c5e832f262623df8a40d0c344.256p.jpg,AM5,Micro ATX,128 GB,2,Black / Silver,0
Gigabyte X570S AORUS ELITE,,,AM4,ATX,128 GB,4,Black,5
MSI MPG Z790I EDGE WIFI,,https://cdna.pcpartpicker.com/static/forever/images/product/714cd45dccc6131a2421da263288ff95.256p.jpg,LGA1700,Mini ITX,128 GB,2,Silver / Black,4.5
MSI B450M GAMING PLUS,,,AM4,Micro ATX,64 GB,2,Black / Red,4.5
ASRock A620AM Pro RS WiFi,97.99,https://cdna.pcpartpicker.com/static/forever/images/product/32348ca20c7f89c126cd603f8c1fa47f.256p.jpg,AM5,Micro ATX,256 GB,4,Black / Silver,0
ASRock B760M-C/D4,,,LGA1700,Micro ATX,128 GB,4,Black,0
MSI MPG B860I EDGE TI WIFI,202.16,https://cdna.pcpartpicker.com/static/forever/images/product/dcb3d9c9c24ddb08039032feafbf24c9.256p.jpg,LGA1851,Mini ITX,128 GB,2,Silver,0
ASRock B760I Lightning WiFi,241.69,https://cdna.pcpartpicker.com/static/forever/images/product/b9b6630a47656d1dd4acec1cb456faa9.256p.jpg,LGA1700,Mini ITX,96 GB,2,Black,0
MSI B450M-A PRO MAX,,https://cdna.pcpartpicker.com/static/forever/images/product/cb6c094055503662d13cd473b02fd616.256p.jpg,AM4,Micro ATX,64 GB,2,Black,3.5
Asus PRIME B860-PLUS WIFI-CSM,,https://cdna.pcpartpicker.com/static/forever/images/product/ca5d3b47fcbbd95499b6fdbf9e27d382.256p.jpg,LGA1851,ATX,256 GB,4,Silver / Black,0
Asus PRIME Z790-V WIFI,,https://cdna.pcpartpicker.com/static/forever/images/product/5840384c4f3fc3b40b84fc749d8130d2.256p.jpg,LGA1700,ATX,192 GB,4,Black / Silver,4.5
MSI MPG B760I EDGE WIFI,189.99,https://cdna.pcpartpicker.com/static/forever/images/product/35653339d70cf612648b07999c65a2ea.256p.jpg,LGA1700,Mini ITX,96 GB,2,Black / Silver,4.5
Gigabyte B860M DS3H WIFI6E,134.99,,LGA1851,Micro ATX,256 GB,4,Silver / Black,0
Asus TUF GAMING B550M-PLUS (WI-FI),391.89,,AM4,Micro ATX,128 GB,4,Black,4
MSI MAG B550M MORTAR,,https://cdna.pcpartpicker.com/static/forever/images/product/23e007cedb830463d4607e84df5e63b4.256p.jpg,AM4,Micro ATX,128 GB,4,Black / Silver,4
Asus PRIME B760M-R D4,,https://cdna.pcpartpicker.com/static/forever/images/product/2a309276481817da7c2db10f26695d98.256p.jpg,LGA1700,Micro ATX,64 GB,2,Black,0
ASRock B660M-C,,,LGA1700,Micro ATX,128 GB,4,Black,0
Asus TUF GAMING B650M-E,135.68,https://cdna.pcpartpicker.com/static/forever/images/product/91716b408f6bb955841bd9f783df5859.256p.jpg,AM5,Micro ATX,192 GB,4,Black,0
Asus PRIME Z690-P D4,,https://cdna.pcpartpicker.com/static/forever/images/product/a7562889742db292c4348c393c61da0d.256p.jpg,LGA1700,ATX,128 GB,4,Silver / Black,4.5
Asus ROG STRIX Z690-F GAMING WIFI,351.62,https://cdna.pcpartpicker.com/static/forever/images/product/83512363851c2b140f4d6a517ffb24f3.256p.jpg,LGA1700,ATX,192 GB,4,Black / Silver,4
ASRock B760M Pro RS,113.47,https://cdna.pcpartpicker.com/static/forever/images/product/a2af354dd4fa6c7177c80c9a5da7eb1f.256p.jpg,LGA1700,Micro ATX,192 GB,4,Silver / Black,0
NZXT N7 Z790,270.36,https://cdna.pcpartpicker.com/static/forever/images/product/46fcff37a9ae862aa21cc72913360550.256p.jpg,LGA1700,ATX,192 GB,4,White / Black,4
Gigabyte X470 AORUS ULTRA GAMING,,,AM4,ATX,64 GB,4,Black / Orange,4
MSI MAG B760 TOMAHAWK WIFI DDR4,,https://cdna.pcpartpicker.com/static/forever/images/product/782040348dfc95208f398830d485c09f.256p.jpg,LGA1700,ATX,128 GB,4,Black,4.5
MSI PRO Z890-A WIFI,199.99,https://cdna.pcpartpicker.com/static/forever/images/product/48b2fb905b52d26da0a017d5887e54da.256p.jpg,LGA1851,ATX,256 GB,4,Black / Silver,0
ASRock Z890 Steel Legend WiFi,229.96,https://cdna.pcpartpicker.com/static/forever/images/product/dae8ccb0129fa25584270bb60ef76e5e.256p.jpg,LGA1851,ATX,256 GB,4,Silver,4.5
Asus TUF GAMING B760-PLUS WIFI D4,181.99,https://cdna.pcpartpicker.com/static/forever/images/product/4b7fdf959aa3376429de0968af8353f5.256p.jpg,LGA1700,ATX,192 GB,4,Black / Orange,0
Asus PRIME B560-PLUS,,https://cdna.pcpartpicker.com/static/forever/images/product/9ff7242b59122ddd64439dea6d70d194.256p.jpg,LGA1200,ATX,128 GB,4,Silver / Black,4
MSI MPG B650 EDGE WIFI,265.23,https://cdna.pcpartpicker.com/static/forever/images/product/80d11763562e9606ea6b8d00094d45fa.256p.jpg,AM5,ATX,192 GB,4,Black / Silver,4.5
ASRock B860 Pro RS,138.76,https://cdna.pcpartpicker.com/static/forever/images/product/1cebad8e3dcce1037572085d265c8124.256p.jpg,LGA1851,ATX,256 GB,4,Silver / Black,0
ASRock B450M/AC,,https://cdna.pcpartpicker.com/static/forever/images/product/ea1628c2a28e359cc6350962be8b2bce.256p.jpg,AM4,Micro ATX,64 GB,4,Black,4.5
MSI B450M BAZOOKA MAX WIFI,,,AM4,Micro ATX,128 GB,4,Black / Silver,4
ASRock X670E Taichi Carrara,562.66,https://cdna.pcpartpicker.com/static/forever/images/product/4512c53464fa2014ed6a597b4fe41e00.256p.jpg,AM5,EATX,256 GB,4,Black / White,4.5
Asus B760M-AYW WIFI,,https://cdna.pcpartpicker.com/static/forever/images/product/91df39ddb79f55843eb515af485044d6.256p.jpg,LGA1700,Micro ATX,96 GB,2,Silver / Black,0
ASRock B650M-C,,,AM5,Micro ATX,256 GB,4,Black,4
MSI MPG Z790 EDGE WIFI,393.14,https://cdna.pcpartpicker.com/static/forever/images/product/6cd8c884884b6665f368a5eb3149152c.256p.jpg,LGA1700,ATX,256 GB,4,Silver / Black,4.5
Asus B860M MAX GAMING AX,,,LGA1851,Micro ATX,256 GB,4,Silver / Black,0
Asus ROG STRIX B550-E GAMING,,https://cdna.pcpartpicker.com/static/forever/images/product/dab44f4f8369d56dbaa568de8a99700b.256p.jpg,AM4,ATX,128 GB,4,Black,4.5
Gigabyte B450M DS3H V3 (rev. 1.5),,,AM4,ATX,128 GB,4,Black / Gray,0
Asus PRIME B660M-A AC D4,224.85,https://cdna.pcpartpicker.com/static/forever/images/product/3aaa77493cffcd8e1896ccb9bf6ec393.256p.jpg,LGA1700,Micro ATX,128 GB,4,Silver / Black,4
Gigabyte X870E EAGLE X3D WIFI7,269.99,https://cdna.pcpartpicker.com/static/forever/images/product/cd3805ac5fc1241ce52c7d9555000e32.256p.jpg,AM5,ATX,256 GB,4,Black,0
ASRock Z890 Lightning WiFi,226.45,https://cdna.pcpartpicker.com/static/forever/images/product/66ab30ed8e3574e96b3ed174badc25c3.256p.jpg,LGA1851,ATX,256 GB,4,Black,0
ASRock B760M Pro-A D4 WiFi,,https://cdna.pcpartpicker.com/static/forever/images/product/adc000551cbdbec660e74532b3892c4b.256p.jpg,LGA1700,Micro ATX,128 GB,4,White / Black,0
MSI MPG Z690 EDGE WIFI DDR4,,https://cdna.pcpartpicker.com/static/forever/images/product/7bd129b49035870c6e05dea7d676c2fc.256p.jpg,LGA1700,ATX,128 GB,4,Black / Gray,4.5
Gigabyte B760M AORUS ELITE WIFI6E GEN5,147.5,https://cdna.pcpartpicker.com/static/forever/images/product/b4c509ffb36aaf5a7b905f94cdcd7127.256p.jpg,LGA1700,Micro ATX,256 GB,4,Black / Silver,0
Gigabyte B860 GAMING X WIFI6E,159.98,https://cdna.pcpartpicker.com/static/forever/images/product/e0f8be3be20f075bf53cfb5d9f9cd1da.256p.jpg,LGA1851,ATX,256 GB,4,Silver / Black,0
Gigabyte Z890M GAMING X,159.94,https://cdna.pcpartpicker.com/static/forever/images/product/b87ba77a19d3345ef925b7fa0d0840c2.256p.jpg,LGA1851,Micro ATX,256 GB,4,Silver / Black,0
MSI PRO B760M-E DDR4,,https://cdna.pcpartpicker.com/static/forever/images/product/2480764b0348460c5574ca80febc46b4.256p.jpg,LGA1700,Micro ATX,64 GB,2,Black,2
Asus ROG Crosshair VIII Impact,281.49,https://cdna.pcpartpicker.com/static/forever/images/product/005aa9940eb3ecffa05ae374dec365a8.256p.jpg,AM4,Mini DTX,64 GB,2,Black,4.5
Gigabyte B840M D2H,84.95,,AM5,Micro ATX,128 GB,2,Gray / Black,0
MSI PRO Z690-A WIFI,201.7,https://cdna.pcpartpicker.com/static/forever/images/product/b92bb62d182daebc0d9f5494dd0b2b68.256p.jpg,LGA1700,ATX,192 GB,4,Black / Silver,4.5
MSI Z590 PRO WIFI,,,LGA1200,ATX,128 GB,4,Black,3.5
Gigabyte B850M FORCE,114.99,https://cdna.pcpartpicker.com/static/forever/images/product/84916b7371a88e0d92fa3a6db47cbeca.256p.jpg,AM5,Micro ATX,128 GB,2,Silver / Orange,0
ASRock B760M-HDV/M.2 D4,72.9,https://cdna.pcpartpicker.com/static/forever/images/product/a7fd9170fe183994410a2a89fc8b782b.256p.jpg,LGA1700,Micro ATX,64 GB,2,Silver / Black,0
Gigabyte B550M AORUS PRO-P,,https://cdna.pcpartpicker.com/static/forever/images/product/b22b15a301bbfba8670a17c926e8669f.256p.jpg,AM4,Micro ATX,128 GB,4,Black,4.5
Asus TUF GAMING Z790-PRO WIFI,260.48,https://cdna.pcpartpicker.com/static/forever/images/product/d31f8288903c781a94e963b0a3eeb4b4.256p.jpg,LGA1700,ATX,192 GB,4,Black,4
Asus ROG STRIX B660-A GAMING WIFI D4,,https://cdna.pcpartpicker.com/static/forever/images/product/7fe63b29bddcb13e4d580479760d9f59.256p.jpg,LGA1700,ATX,128 GB,4,Silver / Black,4
Asus PRIME H610M-E D4-CSM,128.96,https://cdna.pcpartpicker.com/static/forever/images/product/d239f039aeb86a1e0895a904a29ae9c5.256p.jpg,LGA1700,Micro ATX,64 GB,2,Silver / Black,0
Gigabyte B450M S2H,,https://cdna.pcpartpicker.com/static/forever/images/product/4c0cef1aab6e43c455a289e1bcb02d15.256p.jpg,AM4,Micro ATX,32 GB,2,Black,4
Gigabyte B860M AORUS ELITE WIFI6E ICE,151.94,https://cdna.pcpartpicker.com/static/forever/images/product/733dd08a329230849882c81d4595b5f0.256p.jpg,LGA1851,Micro ATX,256 GB,4,White / Silver,0
Asus TUF B450M-PLUS GAMING,,https://cdna.pcpartpicker.com/static/forever/images/product/62dfa5a99f75d0bae639163baac74e0e.256p.jpg,AM4,Micro ATX,64 GB,4,Black / Gold,4
Gigabyte X570 AORUS PRO WIFI,,https://cdna.pcpartpicker.com/static/forever/images/product/42dca73470ac6d956d8e1947e8c4ae67.256p.jpg,AM4,ATX,128 GB,4,Black / Silver,4
Asus Pro WS Z890-ACE SE,461.14,https://cdna.pcpartpicker.com/static/forever/images/product/5410e1505e171272567312a8653b8cee.256p.jpg,LGA1851,ATX,256 GB,4,Black / Silver,0
MSI B860 GAMING PLUS WIFI,149.99,https://cdna.pcpartpicker.com/static/forever/images/product/196d62051e3e6471e827b842a81612f2.256p.jpg,LGA1851,ATX,256 GB,4,Silver / Black,5
Asus B850M MAX GAMING WIFI,,https://cdna.pcpartpicker.com/static/forever/images/product/3b5b474f1f131e7e1613729ffd1f8723.256p.jpg,AM5,Micro ATX,256 GB,4,Black / Silver,0
Gigabyte Z790 D AX,157.99,https://cdna.pcpartpicker.com/static/forever/images/product/760d55356501261799eed10443fab2be.256p.jpg,LGA1700,ATX,256 GB,4,Black / Gray,0
Gigabyte H810M K,74.99,https://cdna.pcpartpicker.com/static/forever/images/product/4bd6b608e4b162a2927cdaf4036a3be7.256p.jpg,LGA1851,Micro ATX,128 GB,2,Gray / Black,0
Asus ROG STRIX B860-F GAMING WIFI,195,https://cdna.pcpartpicker.com/static/forever/images/product/d0d5015adccff188cd2b1237e303b0a1.256p.jpg,LGA1851,ATX,256 GB,4,Black,0
Gigabyte X870M AORUS ELITE WIFI7 ICE,303.99,https://cdna.pcpartpicker.com/static/forever/images/product/3beaad1c0f931cb06c42eb6b242f419e.256p.jpg,AM5,Micro ATX,256 GB,4,White / Silver,4
Asus PRIME X670E-PRO WIFI,307.94,,AM5,ATX,192 GB,4,Silver / Black,4.5
ASRock B650M Pro X3D WiFi,,https://cdna.pcpartpicker.com/static/forever/images/product/82fc956e4ab34cb038af78f65f005c17.256p.jpg,AM5,Micro ATX,256 GB,4,Black / Silver,5
ASRock X870 NOVA WiFi,271,https://cdna.pcpartpicker.com/static/forever/images/product/972a718f77c79d01a9e96f3c377628c9.256p.jpg,AM5,ATX,256 GB,4,Black,4
Gigabyte B850M AORUS ELITE WIFI7 ICE-P,,https://cdna.pcpartpicker.com/static/forever/images/product/267b500115083349aee430ab5c658b88.256p.jpg,AM5,Micro ATX,256 GB,4,White / Orange,0
Gigabyte Z590 UD AC,,https://cdna.pcpartpicker.com/static/forever/images/product/d194f5096bf0c5c5abe41aff46406a4e.256p.jpg,LGA1200,ATX,128 GB,4,Black,4.5
ASRock X570 Taichi,,https://cdna.pcpartpicker.com/static/forever/images/product/a43cfe6b3deca519ea05604568cb0b4b.256p.jpg,AM4,ATX,128 GB,4,Black / Silver,4
ASRock B760 Pro RS,103.16,https://cdna.pcpartpicker.com/static/forever/images/product/fe967fa13b63205d6be3f8e7167f07e8.256p.jpg,LGA1700,ATX,192 GB,4,Silver / Black,5
Asus PRIME B860M-K,91.4,https://cdna.pcpartpicker.com/static/forever/images/product/84a52c75106e932c0a38a9500be370c8.256p.jpg,LGA1851,Micro ATX,128 GB,2,Silver / Black,0
Asus ProArt Z790-CREATOR WIFI,,https://cdna.pcpartpicker.com/static/forever/images/product/5c97796e4cb17f7bc3b02aabeb7a5331.256p.jpg,LGA1700,ATX,192 GB,4,Black / Copper,4.5
Asus PRIME H610M-K D4-ARGB,,https://cdna.pcpartpicker.com/static/forever/images/product/48f537712d94d1c2bfba7302e6dc9a7e.256p.jpg,LGA1700,Micro ATX,64 GB,2,Black / Silver,0
MSI MAG B660M MORTAR WIFI DDR4,,https://cdna.pcpartpicker.com/static/forever/images/product/eb3e04f617daed2ecda0771a9c43fe0c.256p.jpg,LGA1700,Micro ATX,128 GB,4,Silver / Black,4.5
Gigabyte Z690 GAMING X DDR4,,https://cdna.pcpartpicker.com/static/forever/images/product/760693fb090dd6499ee94a2edbcaf36f.256p.jpg,LGA1700,ATX,128 GB,4,Black / Gray,4.5
ASRock B850M Rock WiFi,127.99,https://cdna.pcpartpicker.com/static/forever/images/product/692c92e8f5a661bfede5f81c2fafb8b5.256p.jpg,AM5,Micro ATX,128 GB,2,Silver / Black,0
ASRock Z790 Pro RS,164.99,https://cdna.pcpartpicker.com/static/forever/images/product/518e0ec4e6c7deb5649c25a9402d04a5.256p.jpg,LGA1700,ATX,256 GB,4,Silver / Black,4
Gigabyte B550 AORUS PRO AC,,https://cdna.pcpartpicker.com/static/forever/images/product/1009a4848207e1aef6dc810d47ba4b38.256p.jpg,AM4,ATX,128 GB,4,Black / Orange,4.5
ASRock B760M-C,,,LGA1700,Micro ATX,192 GB,4,Black / Silver,0
ASRock B550M PG RIPTIDE,,https://cdna.pcpartpicker.com/static/forever/images/product/1ff527bac6e377074a62cc55f571554b.256p.jpg,AM4,Micro ATX,128 GB,4,,5
ASRock B860M Steel Legend WiFi,175.34,https://cdna.pcpartpicker.com/static/forever/images/product/d2f6349a1292e3024609e36d93fc1148.256p.jpg,LGA1851,Micro ATX,256 GB,4,White / Silver,0
ASRock B850M Challenger,121,https://cdna.pcpartpicker.com/static/forever/images/product/b8581292904719d2901d149dbc573d1e.256p.jpg,AM5,Micro ATX,256 GB,4,Black,0
MSI PRO H810M-B,89.99,https://cdna.pcpartpicker.com/static/forever/images/product/f61d2b3981bc813b66bc2a75e192bc6a.256p.jpg,LGA1851,Micro ATX,128 GB,2,Silver / Black,0
Asus ROG MAXIMUS Z690 FORMULA,,https://cdna.pcpartpicker.com/static/forever/images/product/b6a544cdc9c56b5b1fa513b7c1dc08fc.256p.jpg,LGA1700,ATX,192 GB,4,Silver / Black,4
Asus PRIME H610M-A WIFI,84.95,,LGA1700,Micro ATX,96 GB,2,Black / White,0
Asus PRIME B760M-A WIFI,116.94,https://cdna.pcpartpicker.com/static/forever/images/product/eeb76f1d5d04f9bc162fb3f1f2b98af1.256p.jpg,LGA1700,Micro ATX,192 GB,4,Silver / Black,0
Asus ROG STRIX B860-A GAMING WIFI,208.99,https://cdna.pcpartpicker.com/static/forever/images/product/07610bffd7091fb7077914fcdcb30065.256p.jpg,LGA1851,ATX,256 GB,4,White / Silver,0
MSI PRO Z790-VC WIFI,414.25,https://cdna.pcpartpicker.com/static/forever/images/product/15bd58bcb4c724fd4a1acbf6743fc54e.256p.jpg,LGA1700,ATX,256 GB,4,Black,4
Asus ROG MAXIMUS XII EXTREME,,https://cdna.pcpartpicker.com/static/forever/images/product/c2d25873f2d7424f159c1f45e5baf953.256p.jpg,LGA1200,EATX,128 GB,4,Black,5
Gigabyte X570 AORUS MASTER,,https://cdna.pcpartpicker.com/static/forever/images/product/aa2a85185b9f4d565c2525ce974959da.256p.jpg,AM4,ATX,128 GB,4,Black / Silver,4
MSI MPG B550 GAMING CARBON WIFI,,,AM4,ATX,128 GB,4,Black / Silver,4.5
Gigabyte B450M AORUS ELITE,,https://cdna.pcpartpicker.com/static/forever/images/product/9174cacbe116eb3dca5da4cb446e9275.256p.jpg,AM4,Micro ATX,128 GB,4,Black / Orange,0
ASRock X870E Challenger WiFi,414.25,https://cdna.pcpartpicker.com/static/forever/images/product/d7a0d52db8e5e41e68a498a10f055d45.256p.jpg,AM5,ATX,256 GB,4,Black,0
Gigabyte B760M D3HP WIFI6,86.96,https://cdna.pcpartpicker.com/static/forever/images/product/12788b84dfc847637edece26e8cebdb6.256p.jpg,LGA1700,Micro ATX,192 GB,4,Gray / Black,0
Gigabyte X670E AORUS PRO X,342.72,https://cdna.pcpartpicker.com/static/forever/images/product/ed96e79adfb854293ada324c83e2db65.256p.jpg,AM5,ATX,192 GB,4,White / Silver,4.5
Gigabyte B760M GAMING X DDR4,,https://cdna.pcpartpicker.com/static/forever/images/product/7d596cfba2d745cae24db7b90b3a17ba.256p.jpg,LGA1700,Micro ATX,128 GB,4,Black,0
MSI PRO B850-S EVO WIFI,149.99,https://cdna.pcpartpicker.com/static/forever/images/product/863a5de21852b8d622045f625b4b6cb8.256p.jpg,AM5,ATX,256 GB,4,Black,0
NZXT N9 Z890,345.46,https://cdna.pcpartpicker.com/static/forever/images/product/b447f944b502052d28aa0203263112a9.256p.jpg,LGA1851,ATX,192 GB,4,White,0
MSI MEG X570 ACE,,https://cdna.pcpartpicker.com/static/forever/images/product/a997f929e59ac43cd8f3624831ad6076.256p.jpg,AM4,ATX,128 GB,4,Black / Silver,4.5
ASRock X870 Challenger WiFi White,212.39,https://cdna.pcpartpicker.com/static/forever/images/product/06ee2da163b14965e945e7171c829af0.256p.jpg,AM5,ATX,256 GB,4,White / Silver,0
MSI PRO B860-P WIFI,127.97,https://cdna.pcpartpicker.com/static/forever/images/product/600c8502126822b9ce257b48aba46421.256p.jpg,LGA1851,ATX,256 GB,4,Silver / Black,0
Asus TUF GAMING B760M-BTF WIFI,655.33,https://cdna.pcpartpicker.com/static/forever/images/product/0b0ce62d19b1ef32083715df2f55477c.256p.jpg,LGA1700,Micro ATX,192 GB,4,Black,5
Asus PRIME X670-P WIFI,272.22,https://cdna.pcpartpicker.com/static/forever/images/product/6bff70937b063c912ac14f9e59122abe.256p.jpg,AM5,ATX,192 GB,4,Silver / Black,4.5
Gigabyte X670E AORUS MASTER (rev. 1.0),,https://cdna.pcpartpicker.com/static/forever/images/product/a0e737c18ea39e7e659bb5bdc3fa2d23.256p.jpg,AM5,EATX,192 GB,4,Black / Silver,4
Gigabyte X570S AORUS MASTER,,,AM4,ATX,128 GB,4,Black / Silver,4.5
MSI B560M PRO-VDH WIFI,,https://cdna.pcpartpicker.com/static/forever/images/product/5be07f4d5e1d91d779c39a7af8c9efa3.256p.jpg,LGA1200,Micro ATX,128 GB,4,Black,4
ASRock B860M-H2,84.49,https://cdna.pcpartpicker.com/static/forever/images/product/e03536a1549b8704877ad10950e2e853.256p.jpg,LGA1851,Micro ATX,128 GB,2,Black / Silver,0
ASRock B760M PG Riptide Wifi,,,LGA1700,Micro ATX,192 GB,4,Black,4.5
MSI MAG Z490 TOMAHAWK,377.41,https://cdna.pcpartpicker.com/static/forever/images/product/6589dc86615c173320d6187377bf211c.256p.jpg,LGA1200,ATX,128 GB,4,Black / Silver,4.5
Gigabyte B560 DS3H AC,,,LGA1200,ATX,128 GB,4,Brown / Black,0
ASRock B650E PG RIPTIDE WIFI,,https://cdna.pcpartpicker.com/static/forever/images/product/3d0c178741ea08557f25b7636b3097de.256p.jpg,AM5,ATX,256 GB,4,Black / Blue,4
Gigabyte B840M H,112.86,https://cdna.pcpartpicker.com/static/forever/images/product/7e53898200b7ea73f5c655b7f03cee29.256p.jpg,AM5,Micro ATX,128 GB,2,Black,0
MSI B450I GAMING PLUS AC,,https://cdna.pcpartpicker.com/static/forever/images/product/67ff516e368b73b0f97dc52a22218056.256p.jpg,AM4,Mini ITX,64 GB,2,Black / Red,4
ASRock X570M Pro4,,https://cdna.pcpartpicker.com/static/forever/images/product/bda46269be432cc2e0ebb43cb52b71fc.256p.jpg,AM4,Micro ATX,128 GB,4,Black / Silver,4
MSI PRO B860-P,144.53,https://cdna.pcpartpicker.com/static/forever/images/product/ebd8550cb2b5bbe680da7f5aa98cc763.256p.jpg,LGA1851,ATX,256 GB,4,Silver / Black,0
Gigabyte A520M DS3H AC,,https://cdna.pcpartpicker.com/static/forever/images/product/81d8a7588cf998859f2c5639cf5d33e1.256p.jpg,AM4,Micro ATX,128 GB,4,Black,0
Asus PRIME B850M-K,,https://cdna.pcpartpicker.com/static/forever/images/product/ac5c753a72b2e91ef07c721387ad87ae.256p.jpg,AM5,Micro ATX,128 GB,2,Black / Silver,0
Asus PRIME Z490-A,,https://cdna.pcpartpicker.com/static/forever/images/product/ca97560468e970991cb541bd2fb0a310.256p.jpg,LGA1200,ATX,128 GB,4,Black / Silver,4.5
Asus TUF GAMING B550-PRO,526.24,https://cdna.pcpartpicker.com/static/forever/images/product/b2b65e8e354ffdd4dc44aa7420c1c3b2.256p.jpg,AM4,ATX,128 GB,4,Black,3.5
Gigabyte H510M H,,https://cdna.pcpartpicker.com/static/forever/images/product/0d0acd5fa1dc83a42dac43d2c2536a17.256p.jpg,LGA1200,Micro ATX,64 GB,2,Black,4.5
Asus PRIME B840M-A WIFI-CSM,220.02,https://cdna.pcpartpicker.com/static/forever/images/product/448ed644ebba95fc3a52be8e0f511d22.256p.jpg,AM5,Micro ATX,192 GB,4,Silver / Black,4
Gigabyte Z890 AERO G,262.99,https://cdna.pcpartpicker.com/static/forever/images/product/cbac2505cf69e045d8a69d52e2986179.256p.jpg,LGA1851,ATX,256 GB,4,Silver / White,5
Asus Pro B550M-C/CSM,143.04,https://cdna.pcpartpicker.com/static/forever/images/product/0b7246ada4c3b1f71fd7252399d47dbf.256p.jpg,AM4,Micro ATX,128 GB,4,Green,5
Asus TUF GAMING A620M-PLUS,108.99,,AM5,Micro ATX,192 GB,4,Black / Orange,0
MSI MAG B760M MORTAR WIFI II,,https://cdna.pcpartpicker.com/static/forever/images/product/de5829bdbacdae65d28e219d9c7bd526.256p.jpg,LGA1700,Micro ATX,192 GB,4,Silver / Black,5
Asus TUF GAMING B550-PLUS (WI-FI),,,AM4,ATX,128 GB,4,Black,4
Gigabyte X870 AORUS TACHYON ICE,479.99,,AM5,EATX,128 GB,2,White / Silver,0
Asus PRIME Z790-P,167.16,https://cdna.pcpartpicker.com/static/forever/images/product/997c7f74249a64114966497160e7f9e2.256p.jpg,LGA1700,ATX,192 GB,4,Silver / Black,0
Gigabyte Z890M AORUS ELITE WIFI7,,https://cdna.pcpartpicker.com/static/forever/images/product/7757f8dca0e8ccfeffa0f650781f4f87.256p.jpg,LGA1851,Micro ATX,256 GB,4,Black,0
MSI MEG Z690 ACE,,https://cdna.pcpartpicker.com/static/forever/images/product/8ad4f1db3c55cd4fac99785f3507be98.256p.jpg,LGA1700,EATX,192 GB,4,Black / Gold,4.5
ASRock B760M-H2/M.2,,https://cdna.pcpartpicker.com/static/forever/images/product/c5971c762f3108f119f8528486dcbafd.256p.jpg,LGA1700,Micro ATX,96 GB,2,Black / Silver,0
Gigabyte H810M GAMING WIFI6 GEN5,104.99,https://cdna.pcpartpicker.com/static/forever/images/product/8c1355c47ed29b48f412bb7ef925cdff.256p.jpg,LGA1851,Micro ATX,128 GB,2,Black / Silver,0
Asus ROG STRIX Z690-I GAMING WIFI,,,LGA1700,Mini ITX,96 GB,2,Black / Silver,4.5
Gigabyte X870 AORUS ELITE X3D,,https://cdna.pcpartpicker.com/static/forever/images/product/3e35587483f270e9eb4d217cc41d6569.256p.jpg,AM5,ATX,256 GB,4,Black,0
Gigabyte B860 DS3H WIFI6E,125.3,,LGA1851,ATX,256 GB,4,Silver / Black,0
ASRock H810M-H,76,,LGA1851,Micro ATX,128 GB,2,Black,0
ASRock H610M-HVS/M.2 R2.0,55.94,https://cdna.pcpartpicker.com/static/forever/images/product/877615dbade942fea044058c3ed19985.256p.jpg,LGA1700,Micro ATX,64 GB,2,Black / Silver,0
ASRock X570 Steel Legend,,https://cdna.pcpartpicker.com/static/forever/images/product/974f48fb1fd0b2032cb549076173f522.256p.jpg,AM4,ATX,128 GB,4,Black / Silver,4
Gigabyte Z690 AORUS ELITE AX DDR4,,,LGA1700,ATX,128 GB,4,Black / Silver,4
MSI B450I GAMING PLUS MAX WIFI,,,AM4,Mini ITX,64 GB,2,Black,4.5
Gigabyte B850M C,,https://cdna.pcpartpicker.com/static/forever/images/product/934cefa1a52edd062f936a709e8ca5bc.256p.jpg,AM5,Micro ATX,256 GB,4,Black / Gray,0
MSI PRO B760-VC WIFI IV,,https://cdna.pcpartpicker.com/static/forever/images/product/5dbf796f1931c7a7e2a4edfd5f09a2d4.256p.jpg,LGA1700,ATX,256 GB,4,Black / Silver,0
MSI MPG Z790 CARBON WIFI II,,https://cdna.pcpartpicker.com/static/forever/images/product/ac78611ddc58059b047c71f590b4a8c1.256p.jpg,LGA1700,ATX,256 GB,4,Black,0
Biostar B450MHP,,https://cdna.pcpartpicker.com/static/forever/images/product/fd570bc9e28a9e1dd8ff3479e3893180.256p.jpg,AM4,Micro ATX,64 GB,2,Black / Silver,0
Gigabyte B650E EAGLE,,,AM5,ATX,256 GB,4,Black / Gray,0
Gigabyte B550 VISION D-P,,https://cdna.pcpartpicker.com/static/forever/images/product/61f74b0523e5063fb0ad7c14a063a2a6.256p.jpg,AM4,ATX,128 GB,4,White / Black,4.5
Gigabyte B660 DS3H AC DDR4,,https://cdna.pcpartpicker.com/static/forever/images/product/2931bf3cf2cd9b40c75929eaf74afe8e.256p.jpg,LGA1700,ATX,128 GB,4,Black,0
Gigabyte Z790M AORUS ELITE AX ICE,,https://cdna.pcpartpicker.com/static/forever/images/product/19c28b791ec9cdfdbde1f1404c2a72f1.256p.jpg,LGA1700,Micro ATX,256 GB,4,White / Silver,4
MAXSUN MS-Challenger-H610ITX-2LAN-V3,,https://cdna.pcpartpicker.com/static/forever/images/product/145be7b72750b46f7364675c0509f819.256p.jpg,LGA1700,Mini ITX,64 GB,2,Black,0
Asus ROG MAXIMUS Z790 HERO EVA-02 EDITION,,https://cdna.pcpartpicker.com/static/forever/images/product/6726da10d4de16c5af458894d138b757.256p.jpg,LGA1700,ATX,192 GB,4,Red / Black,5
Asus ROG STRIX B660-I GAMING WIFI,,https://cdna.pcpartpicker.com/static/forever/images/product/a9ca60ab55682a35c7062ee1ceeee799.256p.jpg,LGA1700,Mini ITX,96 GB,2,Black / Silver,4.5
Asus TUF GAMING B450M-PLUS II,,https://cdna.pcpartpicker.com/static/forever/images/product/68305fa9e238881f1a689561a3170724.256p.jpg,AM4,Micro ATX,128 GB,4,Black,4
ASRock B860 Pro RS WiFi,142.63,https://cdna.pcpartpicker.com/static/forever/images/product/505004f504851017df4e9394f4506ed5.256p.jpg,LGA1851,ATX,256 GB,4,Silver / Black,5
Asus PRIME Z790M-PLUS,187.08,https://cdna.pcpartpicker.com/static/forever/images/product/4b2fc3e79cbf37fbd674346d96bb60cb.256p.jpg,LGA1700,Micro ATX,192 GB,4,Silver / Black,4
ASRock B850 Challenger WiFi,,https://cdna.pcpartpicker.com/static/forever/images/product/ae65d74bc190e77bb92d7906e88b34d0.256p.jpg,AM5,ATX,256 GB,4,Black,0
Asus TUF GAMING B650M-PLUS,133.07,https://cdna.pcpartpicker.com/static/forever/images/product/ff9630104ffa055742562e22a2622bdb.256p.jpg,AM5,Micro ATX,192 GB,4,Black,4.5
MSI MEG X670E GODLIKE,,https://cdna.pcpartpicker.com/static/forever/images/product/e28f66dd08c38303d9936eb7ad61e820.256p.jpg,AM5,EATX,192 GB,4,Black,3
MSI B450 Gaming Plus,,https://cdna.pcpartpicker.com/static/forever/images/product/f8ee0cc9ff0462299e65707677d6fd26.256p.jpg,AM4,ATX,64 GB,4,Red / Black,4
ASRock B860M Pro RS,123.46,https://cdna.pcpartpicker.com/static/forever/images/product/3f15a410eff2755d784ff80a5cc2828e.256p.jpg,LGA1851,Micro ATX,256 GB,4,Silver / Black,0
MSI MEG Z490I UNIFY,,https://cdna.pcpartpicker.com/static/forever/images/product/2aba8a9a8ab9f0685f137318489fccf6.256p.jpg,LGA1200,Mini ITX,64 GB,2,Black / Silver,4.5
Asus ROG Crosshair VIII Extreme,,,AM4,EATX,128 GB,4,Black,4.5
MSI MPG Z790 EDGE TI MAX WIFI,304.29,https://cdna.pcpartpicker.com/static/forever/images/product/7b4e500bfddbc62a1ace4be747de0f3c.256p.jpg,LGA1700,ATX,256 GB,4,Silver / Black,4.5
MSI Z590-A PRO,,https://cdna.pcpartpicker.com/static/forever/images/product/1c9e3ff5fea16a7d988e76109cae812c.256p.jpg,LGA1200,ATX,128 GB,4,Black,4.5
ASRock B850M Challenger WiFi White,,,AM5,Micro ATX,256 GB,4,White,0
Asus TUF GAMING Z690-PLUS WIFI,,https://cdna.pcpartpicker.com/static/forever/images/product/bbcbadd34fbafd7aec92df1961872b0f.256p.jpg,LGA1700,ATX,192 GB,4,Black / Gray,4.5
Asus TUF GAMING B660M-PLUS WIFI D4,,https://cdna.pcpartpicker.com/static/forever/images/product/5d0324640b543e18f422d62a06547b99.256p.jpg,LGA1700,Micro ATX,128 GB,4,Black / Orange,4.5
MSI MPG Z790 CARBON MAX WIFI II,,https://cdna.pcpartpicker.com/static/forever/images/product/e880d1bb74faaaf7ea866147ef4b7fcc.256p.jpg,LGA1700,ATX,256 GB,4,Black,5
Asus TUF GAMING B650EM-PLUS WIFI,,,AM5,Micro ATX,256 GB,4,Black,0
ASRock X570D4U-2L2T,,https://cdna.pcpartpicker.com/static/forever/images/product/19e154c882e3b23d818da6f10b3e87ba.256p.jpg,AM4,Micro ATX,128 GB,4,Green / Silver,0
MSI PRO A620M-B,89.99,https://cdna.pcpartpicker.com/static/forever/images/product/79413285909a450a67e6970386d9f4c2.256p.jpg,AM5,Micro ATX,128 GB,2,Black,0
Asus PRIME H510M-E,,https://cdna.pcpartpicker.com/static/forever/images/product/267d06bcba51133cc3f9d3478f096c98.256p.jpg,LGA1200,Micro ATX,64 GB,2,Silver / Black,3
MSI B840M GAMING WIFI6E,,https://cdna.pcpartpicker.com/static/forever/images/product/c8f1dad87c04130c618400ac6f5e80d3.256p.jpg,AM5,Micro ATX,128 GB,2,White,0
Asus X870 AYW GAMING WIFI W,,https://cdna.pcpartpicker.com/static/forever/images/product/5923ed06a8b43d9b5b55031bf5d6fbaf.256p.jpg,AM5,ATX,256 GB,4,White / Silver,5
ASRock Z690M-ITX/ax,,https://cdna.pcpartpicker.com/static/forever/images/product/74450edb9c12a5661dcfb371d65cadea.256p.jpg,LGA1700,Mini ITX,64 GB,2,Silver / Black,4
Asus TUF GAMING B460M-PLUS (WI-FI),,https://cdna.pcpartpicker.com/static/forever/images/product/c053d6da37d85215460196e9d5b47129.256p.jpg,LGA1200,Micro ATX,128 GB,4,Black / Gold,5
MSI PRO B650-VC WIFI II,,,AM5,ATX,96 GB,2,Black / White,0
NZXT N5 Z690,,https://cdna.pcpartpicker.com/static/forever/images/product/c3e7261c03da9b3cf339aae6831da16d.256p.jpg,LGA1700,ATX,128 GB,4,Black / White,4.5
MSI PRO H610M-G,70.94,https://cdna.pcpartpicker.com/static/forever/images/product/8058f9afc3fab911459dcb018d972b55.256p.jpg,LGA1700,Micro ATX,96 GB,2,Black,3
ASRock B860M Pro RS WiFi,141.55,https://cdna.pcpartpicker.com/static/forever/images/product/047eddbb9458c8f23fa3b92a544d3d04.256p.jpg,LGA1851,Micro ATX,256 GB,4,Silver / Black,0
Asus PRIME H510M-A,,https://cdna.pcpartpicker.com/static/forever/images/product/8f0ef1bba686d32bfa569322ce9557d9.256p.jpg,LGA1200,Micro ATX,64 GB,2,Black / Silver,4
MSI MPG Z790 CARBON WIFI,297.23,https://cdna.pcpartpicker.com/static/forever/images/product/b8ef8e3c62545fe74d31b60821b11395.256p.jpg,LGA1700,ATX,256 GB,4,Black,4.5
Asus PRIME B460M-A,,https://cdna.pcpartpicker.com/static/forever/images/product/411205deb82f6fbd7150fd3fc323b034.256p.jpg,LGA1200,Micro ATX,128 GB,4,Silver / Black,2.5
MSI B760M GAMING PLUS WIFI DDR4,,,LGA1700,Micro ATX,128 GB,4,Black / Silver,0
Asus PRIME Z790-P WIFI D4,,https://cdna.pcpartpicker.com/static/forever/images/product/4c6191b7c2517ed29187cc7b5a33ca29.256p.jpg,LGA1700,ATX,128 GB,4,Black / Silver,4
ASRock H670M Pro RS,172.99,https://cdna.pcpartpicker.com/static/forever/images/product/7119b4079fa5ef885fa22df3258fd4e7.256p.jpg,LGA1700,Micro ATX,128 GB,4,Gray / Black,5
Asus TUF GAMING A620-PRO WIFI,138.99,https://cdna.pcpartpicker.com/static/forever/images/product/49208f47419ffb45779b712090e0407d.256p.jpg,AM5,ATX,192 GB,4,Black,4
ASRock A620M-HDV/M.2,,https://cdna.pcpartpicker.com/static/forever/images/product/a00629e6f5d93a9d8daf0981a338e993.256p.jpg,AM5,Micro ATX,96 GB,2,Gray / Black,4
MSI MPG B550I GAMING EDGE MAX WIFI,,https://cdna.pcpartpicker.com/static/forever/images/product/564bdda291837163d88de223da1a4e97.256p.jpg,AM4,Mini ITX,64 GB,2,Black,4
Asus PRIME B850M-A-CSM,144.97,,AM5,Micro ATX,256 GB,4,Black / Silver,0
ASRock B550 Rock WiFi,187.99,https://cdna.pcpartpicker.com/static/forever/images/product/75783c7bb2becd875d3b3b1a1f5670b1.256p.jpg,AM4,ATX,128 GB,4,Black / Silver,0
Asus PRIME A520M-E,91.98,https://cdna.pcpartpicker.com/static/forever/images/product/058c2ed4146c9edbacf2a651788a5b57.256p.jpg,AM4,Micro ATX,64 GB,2,Black,0
Gigabyte X570S AORUS ELITE AX,,https://cdna.pcpartpicker.com/static/forever/images/product/8ba97ee3dffbeb15bc7f27c76cde6acc.256p.jpg,AM4,ATX,128 GB,4,Black / Silver,4.5
ASRock B760M Pro RS/D4 WiFi,,https://cdna.pcpartpicker.com/static/forever/images/product/d6fc3fbfef491858e397d52bbd96660c.256p.jpg,LGA1700,Micro ATX,128 GB,4,Silver / Black,4.5
Gigabyte B650M C V3 (rev. 1.0),,,AM5,Micro ATX,192 GB,4,Black / Gray,0
Asus PRIME H810M-A WIFI,107.99,https://cdna.pcpartpicker.com/static/forever/images/product/4e5f8dfab60d07aa6bcbacd29259fa99.256p.jpg,LGA1851,Micro ATX,128 GB,2,Silver / Black,0
MSI PRO X670-P WIFI,282.66,https://cdna.pcpartpicker.com/static/forever/images/product/270f20bdd07acc93f5221b539ab75a18.256p.jpg,AM5,ATX,192 GB,4,Black / White,4
Gigabyte B450 AORUS PRO,,https://cdna.pcpartpicker.com/static/forever/images/product/bc45b20d26c2d0d6a1cd544b3ca508a1.256p.jpg,AM4,ATX,64 GB,4,Black / Silver,4
MSI MPG X570S EDGE MAX WIFI,,https://cdna.pcpartpicker.com/static/forever/images/product/30406225bfb8697157a274fb6ca21532.256p.jpg,AM4,ATX,128 GB,4,Black / Silver,5
MSI PRO A620AM-G EVO WIFI,99.95,https://cdna.pcpartpicker.com/static/forever/images/product/98ebc914ca01943b3db6e72a772a73cb.256p.jpg,AM5,Micro ATX,128 GB,2,Black,0
Gigabyte B760M DS3H GEN5,94.99,,LGA1700,Micro ATX,256 GB,4,Black,0
Asus ROG MAXIMUS XII HERO (WI-FI),,https://cdna.pcpartpicker.com/static/forever/images/product/c364a2ad0b5ee287c355c84251ec1042.256p.jpg,LGA1200,ATX,128 GB,4,Black,4.5
Gigabyte B760 DS3H AC DDR4,,,LGA1700,ATX,128 GB,4,Black,0
Biostar B650MT,,https://cdna.pcpartpicker.com/static/forever/images/product/56bb8f2ea40127b8cc5592952667a057.256p.jpg,AM5,Micro ATX,128 GB,2,Black / Silver,0
MSI PRO B550M-B,74.99,https://cdna.pcpartpicker.com/static/forever/images/product/5df404d9eb5d87c53d22bebd708c6c40.256p.jpg,AM4,Micro ATX,64 GB,2,Black,0
ASRock Z890 Taichi AQUA,386.39,https://cdna.pcpartpicker.com/static/forever/images/product/f9f1c33d42c44bba55512982672f5755.256p.jpg,LGA1851,EATX,256 GB,4,White,0
Gigabyte B550 GAMING X,114.88,,AM4,ATX,128 GB,4,Black / Silver,4.5
Gigabyte A620M H (rev. 1.0),,,AM5,Micro ATX,96 GB,2,Black,0
Asus PRIME H610M-A D4-CSM,82.94,https://cdna.pcpartpicker.com/static/forever/images/product/8ed1dcf077ac2fd28b8a2b7abb95c881.256p.jpg,LGA1700,Micro ATX,64 GB,2,Silver / Black,0
MSI PRO Z690-A,,https://cdna.pcpartpicker.com/static/forever/images/product/b5a26e85c9dd9054f055da70b8ae00cc.256p.jpg,LGA1700,ATX,192 GB,4,Black / Silver,5
Asus ROG STRIX Z790-I GAMING WIFI,364.22,https://cdna.pcpartpicker.com/static/forever/images/product/b563a3e75d0604956621ad22f540eea7.256p.jpg,LGA1700,Mini ITX,128 GB,2,Black,4
MSI MEG Z590 GODLIKE,,https://cdna.pcpartpicker.com/static/forever/images/product/da2413c76d82ff59705e35c361abdc93.256p.jpg,LGA1200,EATX,128 GB,4,Black / Silver,0
Gigabyte B760 GAMING X AX,136.33,https://cdna.pcpartpicker.com/static/forever/images/product/4d65b7ee40bd1e21573b5aa67d7ead85.256p.jpg,LGA1700,ATX,192 GB,4,Black / Gray,3.5
ASRock X670E Steel Legend,267.96,https://cdna.pcpartpicker.com/static/forever/images/product/9397f3c0f9828c4f441a3b9b0a2ca914.256p.jpg,AM5,ATX,256 GB,4,Black / White,4.5
Asus ProArt X570-CREATOR WIFI,,https://cdna.pcpartpicker.com/static/forever/images/product/ef6dc4532e7aaa112359ca18b3589ca9.256p.jpg,AM4,ATX,128 GB,4,Black,5
Asus PRIME B450M-K,,https://cdna.pcpartpicker.com/static/forever/images/product/0f761cfa8bc9fe6e702e05af80a9a8b2.256p.jpg,AM4,Micro ATX,32 GB,2,Black,3.5
Asus TUF B450M-PRO GAMING,,https://cdna.pcpartpicker.com/static/forever/images/product/bc40b4ffd4af9722d780e04aa9468fe3.256p.jpg,AM4,Micro ATX,64 GB,4,Black,5
Asus ROG Crosshair VIII Hero,,https://cdna.pcpartpicker.com/static/forever/images/product/945dca08c9cef9b0f0b6be99e30b1d1f.256p.jpg,AM4,ATX,128 GB,4,Black,4.5
ASRock B560M Pro4,,https://cdna.pcpartpicker.com/static/forever/images/product/d133ebca1d420765f0246e6ea6f96b50.256p.jpg,LGA1200,Micro ATX,128 GB,4,Silver / Black,4
Gigabyte B850M AORUS STEALTH,,,AM5,Micro ATX,256 GB,4,Black,0
Gigabyte A520M H ARGB,49,https://cdna.pcpartpicker.com/static/forever/images/product/7240af07d9f02afe73012fee621e38c0.256p.jpg,AM4,Micro ATX,64 GB,2,Black / Gray,0
Gigabyte B860M D3HP,114.98,https://cdna.pcpartpicker.com/static/forever/images/product/dce219031f950b1c91e88e05ffd76498.256p.jpg,LGA1851,Micro ATX,256 GB,4,Silver / Black,0
Asus TUF GAMING B660-PLUS WIFI D4,,https://cdna.pcpartpicker.com/static/forever/images/product/6e4f0611d3d2a632bdf56cf81175c9c9.256p.jpg,LGA1700,ATX,128 GB,4,Yellow / Black,4.5
Colorful CVN B650M GAMING FROZEN V14,,,AM5,Micro ATX,192 GB,4,White / Silver,0
Asus PRIME A620AM-A-CSM,94.98,,AM5,Micro ATX,256 GB,4,Silver / Black,0
ASRock H470M-HVS,,https://cdna.pcpartpicker.com/static/forever/images/product/aa2ceab4dc9713763804e80bf4d79044.256p.jpg,LGA1200,Micro ATX,64 GB,2,Black / Silver,0
ASRock Z790 PG LIGHTNING,168.7,https://cdna.pcpartpicker.com/static/forever/images/product/9a3aa21f9bee4d159ab134cee40b7e2a.256p.jpg,LGA1700,ATX,256 GB,4,Black,4
Gigabyte A520M K,,https://cdna.pcpartpicker.com/static/forever/images/product/9534f6b449532be90a964bcf4ae0aee1.256p.jpg,AM4,Micro ATX,64 GB,2,Brown / Black,0
MSI MPG Z890 EDGE TI WIFI,279.99,https://cdna.pcpartpicker.com/static/forever/images/product/7672f091457c7a45f5d10c97cfc54a62.256p.jpg,LGA1851,ATX,256 GB,4,Silver / White,0
Asus PRIME B860M-A WIFI,133.5,https://cdna.pcpartpicker.com/static/forever/images/product/1ed75b77a147c2f6eca7a35833781048.256p.jpg,LGA1851,Micro ATX,256 GB,4,Silver / Black,0
Gigabyte Z890 GAMING X WIFI7,201.04,https://cdna.pcpartpicker.com/static/forever/images/product/7012206474836b3a572a6ea33a1dd8a2.256p.jpg,LGA1851,ATX,256 GB,4,Silver / Black,0
Gigabyte H610M S2H V2 DDR4,,https://cdna.pcpartpicker.com/static/forever/images/product/ad339932a7dfe5609df1e92934a1ddac.256p.jpg,LGA1700,Micro ATX,64 GB,2,Black / Gray,0
Asus B860M AYW GAMING WIFI,,https://cdna.pcpartpicker.com/static/forever/images/product/f9599b43ae12e9756204b09020d11785.256p.jpg,LGA1851,Micro ATX,128 GB,2,Silver / Black,5
ASRock X670E PG Lightning,280.21,https://cdna.pcpartpicker.com/static/forever/images/product/01b02c816f63d30602bc30111f91b024.256p.jpg,AM5,ATX,256 GB,4,Black,4.5
Asus PRIME B650M-A WIFI II-CSM,,https://cdna.pcpartpicker.com/static/forever/images/product/2b6913a7e0d836799baf20ffd155affa.256p.jpg,AM5,Micro ATX,192 GB,4,Silver / Black,3
Asus PRIME B550M-A/CSM,98.54,https://cdna.pcpartpicker.com/static/forever/images/product/8ce406d6c564d26dad9c5d31717ce8c2.256p.jpg,AM4,Micro ATX,128 GB,4,Black / White,4.5
Gigabyte Z590 AORUS ELITE AX,,https://cdna.pcpartpicker.com/static/forever/images/product/3b15aecb9e732104d74a171096c8c286.256p.jpg,LGA1200,ATX,128 GB,4,Black,4.5
ASRock B860M LiveMixer WiFi,152.94,https://cdna.pcpartpicker.com/static/forever/images/product/3e824deb7f9a809edb1331e5aab278a7.256p.jpg,LGA1851,Micro ATX,256 GB,4,Silver / Black,0
Asus PROART B650-CREATOR,267.61,https://cdna.pcpartpicker.com/static/forever/images/product/dd4cf8735aed68d6aafb67c7fe43d5a5.256p.jpg,AM5,ATX,192 GB,4,Black / Copper,4.5
Asus TUF GAMING Z490-PLUS (WI-FI),,https://cdna.pcpartpicker.com/static/forever/images/product/a74655304314feef2a2f8ac2e8d9dd35.256p.jpg,LGA1200,ATX,128 GB,4,Black,4
Gigabyte X670 GAMING X AX V2,254.69,https://cdna.pcpartpicker.com/static/forever/images/product/b67a1e4545fcead0479584c7632cfb20.256p.jpg,AM5,ATX,192 GB,4,Black / Gray,4.5
ASRock X870E Challenger WiFi White,279.59,https://cdna.pcpartpicker.com/static/forever/images/product/3b81fc8c235b749102cd74478c42a9b5.256p.jpg,AM5,ATX,256 GB,4,White / Silver,0
ASRock Z890 Pro-A WiFi,180.94,https://cdna.pcpartpicker.com/static/forever/images/product/524f3d449a6efbfa96b02d9ae652c888.256p.jpg,LGA1851,ATX,256 GB,4,Black / Silver,0
MSI B850 MLG EDITION,,https://cdna.pcpartpicker.com/static/forever/images/product/95bf32d542201da88818d27f2141b970.256p.jpg,AM5,ATX,256 GB,4,Black / Red,0
Gigabyte B860M GAMING X WIFI6E,149.99,https://cdna.pcpartpicker.com/static/forever/images/product/6639a667d3cc8842dc519cd9c5b69ea4.256p.jpg,LGA1851,Micro ATX,256 GB,4,Silver / Black,0
ASRock B650M PG RIPTIDE,198.46,https://cdna.pcpartpicker.com/static/forever/images/product/35e87e8f9716f19c0b94ec1ab5d53b52.256p.jpg,AM5,Micro ATX,256 GB,4,Black,4
MAXSUN eSport B650ITX WIFI ICE,,https://cdna.pcpartpicker.com/static/forever/images/product/d339287a83cccd7a5f3e947508f7a965.256p.jpg,AM5,Mini ITX,96 GB,2,White / Black,5
Gigabyte X670E AORUS XTREME (rev. 1.0),,https://cdna.pcpartpicker.com/static/forever/images/product/31a088e94827352e97fcbb47beb198af.256p.jpg,AM5,EATX,256 GB,4,Black,0
Gigabyte B450M GAMING,,https://cdna.pcpartpicker.com/static/forever/images/product/961541a8556ff2281e8193af2a797f77.256p.jpg,AM4,Micro ATX,32 GB,2,Red / Black,4
Gigabyte B860M EAGLE V2,670.43,https://cdna.pcpartpicker.com/static/forever/images/product/f7f1c3c7ac95ace27ba195e84caa6b5c.256p.jpg,LGA1851,Micro ATX,128 GB,2,Silver / Black,0
MSI B860M GAMING PLUS WIFI,151.99,https://cdna.pcpartpicker.com/static/forever/images/product/83648f9d89f42984e1839e2d7f288d1e.256p.jpg,LGA1851,Micro ATX,256 GB,4,Silver / Black,0
ASRock B550M WiFi SE,,https://cdna.pcpartpicker.com/static/forever/images/product/0fc2e547dbaf2f2c4351495d94deba54.256p.jpg,AM4,Micro ATX,128 GB,4,Black / Silver,0
ASRock B450M Pro4-F,,https://cdna.pcpartpicker.com/static/forever/images/product/4f1f39b57058fb142da06a72b4a6942b.256p.jpg,AM4,Micro ATX,64 GB,4,Black / Silver,4
Asus ROG MAXIMUS Z790 APEX ENCORE,670.43,https://cdna.pcpartpicker.com/static/forever/images/product/91e34753af28278fd0d3c593b5edc25e.256p.jpg,LGA1700,ATX,96 GB,2,Black,5
MSI MAG B550M BAZOOKA,,https://cdna.pcpartpicker.com/static/forever/images/product/a17c97dadd5b6357253e2b6ac02b3674.256p.jpg,AM4,Micro ATX,128 GB,4,Black / Silver,4.5
ASRock B860 LiveMixer WiFi,169.99,https://cdna.pcpartpicker.com/static/forever/images/product/ab2e9f64ca08b6a89fd07cf58f03de31.256p.jpg,LGA1851,ATX,256 GB,4,Silver / Black,0
Gigabyte B840 GAMING X WIFI6E,133.99,https://cdna.pcpartpicker.com/static/forever/images/product/a38b50a5ba881e6bbeea19f112a6d23d.256p.jpg,AM5,ATX,256 GB,4,Black,0
Asus TUF GAMING X570-PRO (WI-FI),,,AM4,ATX,128 GB,4,Black / Gold,4.5
Gigabyte Z790 UD AC,,https://cdna.pcpartpicker.com/static/forever/images/product/aa75b3ccbf0e96275d21e3b66acf27e9.256p.jpg,LGA1700,ATX,256 GB,4,Black,4
MSI MAG A520M VECTOR WIFI,,,AM4,Micro ATX,64 GB,2,Black,0
ASRock B550 Steel Legend,,https://cdna.pcpartpicker.com/static/forever/images/product/15c51240979f078f0e854bfbac411df6.256p.jpg,AM4,ATX,128 GB,4,Silver / Black,4.5
ASRock A620M Pro RS WiFi,,https://cdna.pcpartpicker.com/static/forever/images/product/f0abb9ead9bd79c65decb45090f929cf.256p.jpg,AM5,Micro ATX,256 GB,4,Silver / Black,4.5
Asus ROG MAXIMUS Z690 APEX,,https://cdna.pcpartpicker.com/static/forever/images/product/cdbb713a445d5ed29fe57fe4b6c79986.256p.jpg,LGA1700,ATX,96 GB,2,Black / Silver,4
ASRock B760M-X Gen5,88,https://cdna.pcpartpicker.com/static/forever/images/product/65e17b7b34490b05f49ef0cc8c01d40a.256p.jpg,LGA1700,Micro ATX,128 GB,2,White,0
Asus Strix B550-XE Gaming WiFi,,https://cdna.pcpartpicker.com/static/forever/images/product/3114b72ef47554d2cb1e65b9b4a149ca.256p.jpg,AM4,ATX,128 GB,4,Black,4
MSI MPG X570S CARBON MAX WIFI,,https://cdna.pcpartpicker.com/static/forever/images/product/2a49697c90d97268cc6c8b606296a8d0.256p.jpg,AM4,ATX,128 GB,4,Black / Silver,5
Asus PRIME Z690-A,,https://cdna.pcpartpicker.com/static/forever/images/product/d9514f6a0376cb65729f780c759de9e3.256p.jpg,LGA1700,ATX,192 GB,4,Silver / Black,4
Gigabyte Z790 AORUS ELITE AX DDR4,268.43,https://cdna.pcpartpicker.com/static/forever/images/product/644bc466ea862b254a71b1e5ce666981.256p.jpg,LGA1700,ATX,128 GB,4,Black,4
MSI MPG Z590 GAMING CARBON WIFI,,https://cdna.pcpartpicker.com/static/forever/images/product/1d0a5cbc317e65088720563bf4261345.256p.jpg,LGA1200,ATX,128 GB,4,Black,4.5
Asus ROG STRIX Z790-F GAMING WIFI,342.67,https://cdna.pcpartpicker.com/static/forever/images/product/c35f94251014862326456a00eabf270e.256p.jpg,LGA1700,ATX,192 GB,4,Black,4.5
Asus ROG MAXIMUS Z790 FORMULA,733.01,https://cdna.pcpartpicker.com/static/forever/images/product/6bcf5b97a60640346360d29a75dbe3b6.256p.jpg,LGA1700,ATX,192 GB,4,Silver / Black,4.5
Asus PRIME B760M-A AX6 II,,,LGA1700,Micro ATX,192 GB,4,Black / Silver,5
Gigabyte B650EM FORCE WIFI6E,,,AM5,Micro ATX,128 GB,2,Silver / Black,0
Gigabyte Z790 GAMING X AX,212.64,https://cdna.pcpartpicker.com/static/forever/images/product/a2cfa91e56327c615c297e6490708deb.256p.jpg,LGA1700,ATX,256 GB,4,Black,4.5
Asus ROG STRIX B760-A GAMING WIFI D4,,https://cdna.pcpartpicker.com/static/forever/images/product/c1355fb3cf80b5d9dec90f0c61cf217b.256p.jpg,LGA1700,ATX,128 GB,4,Silver / Black,4
MSI MPG Z690 CARBON WIFI,,https://cdna.pcpartpicker.com/static/forever/images/product/585ed44aad3928449cdc1dfdd2b1f4ac.256p.jpg,LGA1700,ATX,192 GB,4,Black / Silver,5
ASRock Z790 PG SONIC,264.33,https://cdna.pcpartpicker.com/static/forever/images/product/b3cfd88d277accd9d8deb08293e4762b.256p.jpg,LGA1700,ATX,256 GB,4,Black / Blue,4
ASRock Z890 Pro-A,166.99,https://cdna.pcpartpicker.com/static/forever/images/product/85a7560a0cf3b94f82373a0144a11035.256p.jpg,LGA1851,ATX,256 GB,4,Black / Silver,0
Gigabyte B560M DS3H,,,LGA1200,Micro ATX,128 GB,4,Black,4
Asus Prime B760M-K,91.73,https://cdna.pcpartpicker.com/static/forever/images/product/b2252f5c50d9c0ec3bce3d9ad933a326.256p.jpg,LGA1700,Micro ATX,96 GB,2,Silver / Black,0
Asus ROG STRIX Z590-A GAMING WIFI,,https://cdna.pcpartpicker.com/static/forever/images/product/26c7bbab7b32ae78c245e9fc475a1a7a.256p.jpg,LGA1200,ATX,128 GB,4,Silver / Black,4.5
ASRock Z790 Steel Legend WiFi,225.53,https://cdna.pcpartpicker.com/static/forever/images/product/a13431bd4998b9f20657e72bfc66a654.256p.jpg,LGA1700,ATX,256 GB,4,Silver / Black,4.5
Gigabyte B560M AORUS ELITE,,https://cdna.pcpartpicker.com/static/forever/images/product/423fb6fe78af4acffee5d96a0407ae06.256p.jpg,LGA1200,Micro ATX,128 GB,4,Black,0
Gigabyte Z790 AORUS ELITE X AX,,https://cdna.pcpartpicker.com/static/forever/images/product/ec8cd0f0899de0094f352ff065f2cedd.256p.jpg,LGA1700,ATX,256 GB,4,Black,4
Gigabyte Z790 AORUS XTREME X ICE,,,LGA1700,EATX,256 GB,4,White,0
Asus PRIME H610M-D D4-CSM,,https://cdna.pcpartpicker.com/static/forever/images/product/36969534f66868517095085e50e23ebd.256p.jpg,LGA1700,Micro ATX,64 GB,2,Silver / Black,4
ASRock Z790 Riptide WiFi,326.48,https://cdna.pcpartpicker.com/static/forever/images/product/3d764bd5c37b911655be4037c86c92b9.256p.jpg,LGA1700,ATX,256 GB,4,Black,0
ASRock H510M-HDV/M.2 SE,,https://cdna.pcpartpicker.com/static/forever/images/product/19311c5e50110735a54fd1883b3291f5.256p.jpg,LGA1200,Micro ATX,64 GB,2,Black / Silver,0
Gigabyte B450 Gaming X,,https://cdna.pcpartpicker.com/static/forever/images/product/1ecb31a85c5183b572400df2bbac6a9b.256p.jpg,AM4,ATX,64 GB,4,Black / Red,3
MSI B560M PRO-E,,https://cdna.pcpartpicker.com/static/forever/images/product/5a843c87a105d258665cf818a1c2eff6.256p.jpg,LGA1200,Micro ATX,64 GB,2,Black,4
Asus ROG STRIX B760-G GAMING WIFI,326.48,https://cdna.pcpartpicker.com/static/forever/images/product/e6e96094aafb06640ac8479abed519ef.256p.jpg,LGA1700,Micro ATX,192 GB,4,Silver / Black,5
MSI Z790 PROJECT ZERO,,https://cdna.pcpartpicker.com/static/forever/images/product/54ee3ba948d4651a92bb76719b5dcddd.256p.jpg,LGA1700,ATX,256 GB,4,Silver / Black,5
Gigabyte Z790 AORUS ELITE AX ICE,226.66,https://cdna.pcpartpicker.com/static/forever/images/product/2051b2128d8cee860a49c9168e9b89e7.256p.jpg,LGA1700,ATX,256 GB,4,Silver / White,4.5
MSI B460M-A PRO,,https://cdna.pcpartpicker.com/static/forever/images/product/c1d472b20c6815d4965bde13a3f5c56b.256p.jpg,LGA1200,Micro ATX,64 GB,2,Black,4
Asus PRIME Z590-A,,https://cdna.pcpartpicker.com/static/forever/images/product/f4f0d0323c502837328a04293c9b3f3c.256p.jpg,LGA1200,ATX,128 GB,4,Silver / Black,4
Asus ROG CROSSHAIR X670E EXTREME,,https://cdna.pcpartpicker.com/static/forever/images/product/879487c4a8edbf36caa7271342e4911d.256p.jpg,AM5,EATX,192 GB,4,Black / Silver,5
Gigabyte B650 AERO G,193.27,https://cdna.pcpartpicker.com/static/forever/images/product/1fe62a57c146231d2ee5b68a501eb49c.256p.jpg,AM5,ATX,192 GB,4,Black / Silver,5
Asus PRIME Z890-P,197.99,https://cdna.pcpartpicker.com/static/forever/images/product/ac9810a6c763fe0dabd841e5609478fa.256p.jpg,LGA1851,ATX,256 GB,4,Black / Silver,0
Gigabyte Z690 UD AX DDR4,,https://cdna.pcpartpicker.com/static/forever/images/product/53145af8beee7ff976abda9265cc17b9.256p.jpg,LGA1700,ATX,128 GB,4,Black,4
Gigabyte B760 AORUS ELITE AX,172.43,https://cdna.pcpartpicker.com/static/forever/images/product/97fc0f9486f06fc911edb51a0eceb299.256p.jpg,LGA1700,ATX,192 GB,4,Black,4.5
Gigabyte Z490 UD,,https://cdna.pcpartpicker.com/static/forever/images/product/b786180ce0187fec555ee7a00a413343.256p.jpg,LGA1200,ATX,128 GB,4,Black / Silver,5
Biostar B450MH,,https://cdna.pcpartpicker.com/static/forever/images/product/0cbcdd636b43ad2b7b175731eaf81737.256p.jpg,AM4,Micro ATX,32 GB,2,Black / Yellow,3.5
Gigabyte H610M H V2,55.86,,LGA1700,Micro ATX,96 GB,2,Brown / Black,0
ASRock Z590-C/ac,,,LGA1200,ATX,128 GB,4,Black,5
MSI B550-A PRO (CEC),,,AM4,ATX,128 GB,4,Black,0
ASRock X570D4U,357.02,https://cdna.pcpartpicker.com/static/forever/images/product/18b223d3b65952f5e9da956ae905f6f3.256p.jpg,AM4,Micro ATX,128 GB,4,Green,0
MSI PRO Z890-S WIFI WHITE,,https://cdna.pcpartpicker.com/static/forever/images/product/64e2353acbeb300daad92a658bd01a92.256p.jpg,LGA1851,ATX,256 GB,4,White,0
Asus TUF GAMING B660M-PLUS WIFI,159.96,,LGA1700,Micro ATX,192 GB,4,Yellow / Black,0
Gigabyte X570 UD,,https://cdna.pcpartpicker.com/static/forever/images/product/575459297fc3c5490b6a3878a2bd578f.256p.jpg,AM4,ATX,128 GB,4,Black / Silver,3.5
Biostar A620MS,,https://cdna.pcpartpicker.com/static/forever/images/product/ca38ebee21a3ca90c0332498fc30a98c.256p.jpg,AM5,Micro ATX,96 GB,2,Black,0
MSI B450-A PRO,,https://cdna.pcpartpicker.com/static/forever/images/product/72b7822298b15a3a4aca43122bc97c6f.256p.jpg,AM4,ATX,64 GB,4,Brown / Black,4.5
Biostar B450NH,,,AM4,Mini ITX,64 GB,2,Black / Silver,0
MSI PRO Z790-S WIFI,,https://cdna.pcpartpicker.com/static/forever/images/product/dcc736a4add915bf6f959281a7e93579.256p.jpg,LGA1700,ATX,256 GB,4,Black,5
Gigabyte Z790 AORUS MASTER X,341.36,https://cdna.pcpartpicker.com/static/forever/images/product/9bef86e9d29c37ba74b97f179c07e12e.256p.jpg,LGA1700,EATX,256 GB,4,Black,4
Asus PRIME B550M-A (WI-FI),,,AM4,Micro ATX,128 GB,4,Black / White,4
Gigabyte B660M DS3H AX DDR4,,https://cdna.pcpartpicker.com/static/forever/images/product/dec3061935ec099e0df452bced424dac.256p.jpg,LGA1700,Micro ATX,128 GB,4,Black,4
Asus ROG CROSSHAIR X670E GENE,,https://cdna.pcpartpicker.com/static/forever/images/product/acb1b91409be46f038c9eedd7ed2e497.256p.jpg,AM5,Micro ATX,96 GB,2,Black / Silver,4
Gigabyte B550 AORUS ELITE AX V3 (rev. 1.5),,,AM4,ATX,128 GB,4,Black,0
Asus PRIME B840M-A-CSM,129.99,https://cdna.pcpartpicker.com/static/forever/images/product/aa5ffcf481164c6baea3d4689929f0d1.256p.jpg,AM5,Micro ATX,192 GB,4,Silver / Black,0
ASRock Z890 Taichi Lite,344.95,https://cdna.pcpartpicker.com/static/forever/images/product/9274b2d7d6fc9b1517c140f5aebb8f9b.256p.jpg,LGA1851,ATX,256 GB,4,Silver / Black,0
Asus PRIME B660M-K D4,,https://cdna.pcpartpicker.com/static/forever/images/product/c727393bc396b85afa7c01b41ddb1ea8.256p.jpg,LGA1700,Micro ATX,64 GB,2,Silver / Black,0
MSI B450M MORTAR,,https://cdna.pcpartpicker.com/static/forever/images/product/e4d37ed51507e14a982aea0501f1a44c.256p.jpg,AM4,Micro ATX,64 GB,4,Black,4.5
Gigabyte X570 AORUS ULTRA,,https://cdna.pcpartpicker.com/static/forever/images/product/98611dd0985f37fc66676d41b2588727.256p.jpg,AM4,ATX,128 GB,4,Black / Silver,4.5
MSI B560M-A PRO,,https://cdna.pcpartpicker.com/static/forever/images/product/cda08202f43f32e123a0d38807caf5a3.256p.jpg,LGA1200,Micro ATX,64 GB,2,Black,4
Asus B840M MAX GAMING AX,,,AM5,Micro ATX,256 GB,4,Silver / Black,0
Asus ROG Strix B850-I Gaming WiFi7 W,,,AM5,Mini ITX,128 GB,2,White,0
Gigabyte B760M DS3H AX,,https://cdna.pcpartpicker.com/static/forever/images/product/183f9ccb12919c40ea74d1e58bf669e4.256p.jpg,LGA1700,Micro ATX,192 GB,4,Black,4.5
Asus Pro WS X570-ACE,,https://cdna.pcpartpicker.com/static/forever/images/product/c6263d0f6befa67835e41c22a8d50d88.256p.jpg,AM4,ATX,128 GB,4,Black,4
Gigabyte Z790 AORUS PRO X WIFI7,,https://cdna.pcpartpicker.com/static/forever/images/product/4e8ba034d57bfbc8dec7ce683eac3e92.256p.jpg,LGA1700,ATX,256 GB,4,Black,5
ASRock B760M Pro RS/D4,,https://cdna.pcpartpicker.com/static/forever/images/product/6839aa6664ce09a6e2ef2ce2e7a6a2a3.256p.jpg,LGA1700,Micro ATX,128 GB,4,Silver / Black,5
Asus ROG MAXIMUS XIII HERO,,https://cdna.pcpartpicker.com/static/forever/images/product/8100048645e67c23f99513b75d01a17c.256p.jpg,LGA1200,ATX,128 GB,4,Black,4.5
Asus PRIME B760M-A AX D4,,https://cdna.pcpartpicker.com/static/forever/images/product/18887870cafc66f32705ce236bc03d05.256p.jpg,LGA1700,Micro ATX,128 GB,4,Silver / Black,0
Gigabyte Z890 AORUS ELITE X ICE,304.14,https://cdna.pcpartpicker.com/static/forever/images/product/cbde46ef19e2a45adaca5dce0eb1df70.256p.jpg,LGA1851,ATX,256 GB,4,White / Silver,4
Asus CROSSHAIR VI HERO,,https://cdna.pcpartpicker.com/static/forever/images/product/f87832c9b274d65dd0d3474c75bb9374.256p.jpg,AM4,ATX,128 GB,4,Black,4
ASRock B450M-HDV,,https://cdna.pcpartpicker.com/static/forever/images/product/ea1aa3c419cdea887fec5eb103d601a2.256p.jpg,AM4,Micro ATX,32 GB,2,Black / Silver,3
MSI MAG B560 TOMAHAWK WIFI,,https://cdna.pcpartpicker.com/static/forever/images/product/c62f5ea5afd9d8e116f389af3e7fab63.256p.jpg,LGA1200,ATX,128 GB,4,Black,4.5
MSI MEG X670E ACE,,https://cdna.pcpartpicker.com/static/forever/images/product/8cb6c0703f29f646c3ba084b174f78e7.256p.jpg,AM5,EATX,192 GB,4,Black / Gold,4.5
MSI PRO-B660M-A-CEC-WIFI-DDR4,,,LGA1700,Micro ATX,128 GB,4,Black / Silver,0
MSI MEG Z790 GODLIKE MAX,,https://cdna.pcpartpicker.com/static/forever/images/product/222207db464aa7592525f54aec392d88.256p.jpg,LGA1700,EATX,256 GB,4,Black,0
ASRock Z790 Nova WiFi,,https://cdna.pcpartpicker.com/static/forever/images/product/563af526f75023373a0984a400a2197d.256p.jpg,LGA1700,ATX,256 GB,4,Black,5
Gigabyte Z790 EAGLE,175.99,https://cdna.pcpartpicker.com/static/forever/images/product/2a03a7ca82ad9e635d6e749882a90c83.256p.jpg,LGA1700,ATX,256 GB,4,Gray / Black,5
Gigabyte B760M D3HP,98.99,https://cdna.pcpartpicker.com/static/forever/images/product/66c3dc76cba59c3808c93a6f4efea922.256p.jpg,LGA1700,Micro ATX,192 GB,4,Black / Gray,0
Asus PRIME B660M-A D4,362.98,https://cdna.pcpartpicker.com/static/forever/images/product/c1e1fa4dfe59826eda4651c34d487e32.256p.jpg,LGA1700,Micro ATX,128 GB,4,Silver / Black,4
Gigabyte Z690 AORUS ULTRA,,https://cdna.pcpartpicker.com/static/forever/images/product/0798ba78058487d1bf6f360dac772b29.256p.jpg,LGA1700,ATX,192 GB,4,Black,4.5
ASRock A620AM Pro RS,85.99,https://cdna.pcpartpicker.com/static/forever/images/product/3a9d9b245def89c3860f5ac191bd05b6.256p.jpg,AM5,Micro ATX,256 GB,4,Silver / Black,0
ASRock B660M-ITX/ac,,https://cdna.pcpartpicker.com/static/forever/images/product/f799abb73653b256f1bebb87d30f9468.256p.jpg,LGA1700,Mini ITX,64 GB,2,Silver / Black,4.5
MSI MAG Z590 TOMAHAWK WIFI,,https://cdna.pcpartpicker.com/static/forever/images/product/4af41d22c160814fa0c2e22a1a1e7209.256p.jpg,LGA1200,ATX,128 GB,4,Black,0
MSI MAG B560M MORTAR WIFI,,https://cdna.pcpartpicker.com/static/forever/images/product/7fac2531fd84562ab9ca62b2c32f1f4d.256p.jpg,LGA1200,Micro ATX,128 GB,4,Black / White,4.5
Gigabyte B760M C,,https://cdna.pcpartpicker.com/static/forever/images/product/c918141fb123b6a66ad38a1e951b9ea1.256p.jpg,LGA1700,Micro ATX,192 GB,4,Brown / Gray,4
ASRock B860M-X,100.47,https://cdna.pcpartpicker.com/static/forever/images/product/020a42f34bc3a1b35c31a98bd936aece.256p.jpg,LGA1851,Micro ATX,128 GB,2,Silver / Black,0
Asus PRIME H810M-E-CSM,,https://cdna.pcpartpicker.com/static/forever/images/product/4a5381fc151d2d3702af7a25bb9732ae.256p.jpg,LGA1851,Micro ATX,128 GB,2,Black / Silver,0
Asus PRIME B860M-A-CSM,133,https://cdna.pcpartpicker.com/static/forever/images/product/f9c7c51998d21b9d0469034fa8058d10.256p.jpg,LGA1851,Micro ATX,256 GB,4,Silver / Black,0
Asus ProArt B760-CREATOR WIFI,219.98,https://cdna.pcpartpicker.com/static/forever/images/product/039624c59cb12abd7bd77e96eb59a6ce.256p.jpg,LGA1700,ATX,192 GB,4,Black,0
Gigabyte A520 AORUS ELITE,109.39,,AM4,ATX,128 GB,4,Black / Orange,4.5
Asus ROG MAXIMUS Z790 HERO BTF,700.49,,LGA1700,ATX,192 GB,4,Black,0
Gigabyte B450M H,,https://cdna.pcpartpicker.com/static/forever/images/product/20019a23d24541e596a3d8f9400b4350.256p.jpg,AM4,Micro ATX,32 GB,2,Black,3.5
MSI PRO B840-S EVO WIFI6E,106.68,https://cdna.pcpartpicker.com/static/forever/images/product/15b55c425e1cbc822180050c6ce93b51.256p.jpg,AM5,ATX,256 GB,4,Black,0
ASRock Z790M-ITX WIFI,,https://cdna.pcpartpicker.com/static/forever/images/product/7d9f6150d4458e8b5e0eb8200817c963.256p.jpg,LGA1700,Mini ITX,128 GB,2,Black,4
ASRock Z790 PRO RS WIFI,270.79,https://cdna.pcpartpicker.com/static/forever/images/product/0a9cc0cdde3a83295545ae04856c18ee.256p.jpg,LGA1700,ATX,256 GB,4,Silver / Black,4.5
Gigabyte B860 DS3H,131.99,https://cdna.pcpartpicker.com/static/forever/images/product/2d40a17ccd68728ba9621a7dd2b9e0fb.256p.jpg,LGA1851,ATX,256 GB,4,Silver / Black,0
Asus PRIME H610M-A D4,,https://cdna.pcpartpicker.com/static/forever/images/product/a901d58c3295f0ed5d4d0e2c2fb0a1a1.256p.jpg,LGA1700,Micro ATX,64 GB,2,Silver / Black,3
ASRock X570 Pro4,,https://cdna.pcpartpicker.com/static/forever/images/product/75e744946902a18df556c10f40ccbb35.256p.jpg,AM4,ATX,128 GB,4,Black / Silver,4
Asus Z890 MAX GAMING WIFI7,,,LGA1851,ATX,256 GB,4,Silver / Black,0
Gigabyte Z890 EAGLE,200.63,https://cdna.pcpartpicker.com/static/forever/images/product/7544721586f20c81c56730bc19cbaca6.256p.jpg,LGA1851,ATX,256 GB,4,Gray / Black,0
ASRock X670E Pro RS,243.26,https://cdna.pcpartpicker.com/static/forever/images/product/975e9a3029bf353a95c58e325231c7eb.256p.jpg,AM5,ATX,256 GB,4,Black,4
MSI PRO Z790-A WIFI DDR4,,https://cdna.pcpartpicker.com/static/forever/images/product/57474efa65b30513d07f280b54c4c1c6.256p.jpg,LGA1700,ATX,128 GB,4,Black / Silver,4.5
Gigabyte Z790 AORUS MASTER,,https://cdna.pcpartpicker.com/static/forever/images/product/3e4762007b6ce3aed42a5fba22808f41.256p.jpg,LGA1700,EATX,256 GB,4,Black / Silver,5
Gigabyte Z490 AORUS PRO AX,,https://cdna.pcpartpicker.com/static/forever/images/product/3718be5ef70c16f5dfb16cf28596ab9e.256p.jpg,LGA1200,ATX,128 GB,4,Black / Silver,4
Gigabyte B560M DS3H V2,,https://cdna.pcpartpicker.com/static/forever/images/product/b8218e0c4ec72b41e378db0418d24032.256p.jpg,LGA1200,Micro ATX,128 GB,4,Black,4
Gigabyte B760M GAMING X AX DDR4,,https://cdna.pcpartpicker.com/static/forever/images/product/573013b092908c16d07b52d277c1d643.256p.jpg,LGA1700,Micro ATX,128 GB,4,Black,5
ASRock B760 Pro RS WiFi White,293.73,https://cdna.pcpartpicker.com/static/forever/images/product/5590e203a8036c8bc5a43eb19e2672fa.256p.jpg,LGA1700,ATX,192 GB,4,White,0
Asus PRIME B650M-A II-CSM,142.18,https://cdna.pcpartpicker.com/static/forever/images/product/93351829058bca9c17060c77fe98ca1f.256p.jpg,AM5,Micro ATX,192 GB,4,Silver / Black,0
ASRock B460M Pro4,,https://cdna.pcpartpicker.com/static/forever/images/product/edcc1e5a839a1e5dcbd02b39fbc6a193.256p.jpg,LGA1200,Micro ATX,128 GB,4,Black / Silver,4
ASRock B650 LiveMixer,248.32,https://cdna.pcpartpicker.com/static/forever/images/product/9dff4993915c579be209e4744adccb62.256p.jpg,AM5,ATX,256 GB,4,Orange / Black,4.5
Asus PRIME B450M-A/CSM,,https://cdna.pcpartpicker.com/static/forever/images/product/72348f323717803396909dcfff98c0ca.256p.jpg,AM4,Micro ATX,64 GB,4,Black / Silver,4
Gigabyte B550M AORUS PRO,,,AM4,Micro ATX,128 GB,4,Black / Silver,4
Colorful CVN X570M GAMING FROZEN V14,,https://cdna.pcpartpicker.com/static/forever/images/product/625387ce0a424c7dd44ce871060bfea9.256p.jpg,AM4,Micro ATX,128 GB,4,White,0
Asus PRIME B560M-A AC,,,LGA1200,Micro ATX,128 GB,4,Black / Silver,4
Asus TUF GAMING B550M-E WIFI,,https://cdna.pcpartpicker.com/static/forever/images/product/64ce28abf36ecadd250c1813e9900212.256p.jpg,AM4,Micro ATX,128 GB,4,Orange / Black,4.5
MSI MPG B650 CARBON WIFI,,https://cdna.pcpartpicker.com/static/forever/images/product/cd6e35609bf675d82e592e737d980fca.256p.jpg,AM5,ATX,192 GB,4,Black,4.5
Gigabyte Z890M FORCE DUO X WIFI7,,https://cdna.pcpartpicker.com/static/forever/images/product/706582a450bbe1205e212990f7e21017.256p.jpg,LGA1851,Micro ATX,256 GB,2,Black / Orange,0
Gigabyte B860M D3W,109.99,https://cdna.pcpartpicker.com/static/forever/images/product/e793fc4d0b49a93411b171bd63cebeb1.256p.jpg,LGA1851,Micro ATX,256 GB,4,Black / Gray,0
MSI MAG B460M MORTAR WIFI,,,LGA1200,Micro ATX,128 GB,4,Silver / Black,5
Asus TUF GAMING B560-PLUS WIFI,,https://cdna.pcpartpicker.com/static/forever/images/product/11d96e04d37c62b6ebbad5a426d447ef.256p.jpg,LGA1200,ATX,128 GB,4,Black,5
Asus TUF X470-PLUS GAMING,,https://cdna.pcpartpicker.com/static/forever/images/product/8f9c4e5a54a474f18e509d3e1e2a286a.256p.jpg,AM4,ATX,64 GB,4,Black,4.5
Gigabyte B560 HD3,,,LGA1200,ATX,128 GB,4,Black / Gray,0
Gigabyte B650 UD AC,210.64,https://cdna.pcpartpicker.com/static/forever/images/product/4859a1f70e2605f784eed059b043aaab.256p.jpg,AM5,ATX,192 GB,4,Black / Gray,0
Asus ROG STRIX X470-I GAMING,,https://cdna.pcpartpicker.com/static/forever/images/product/a3b75c1c43405c9460434fc5f434139d.256p.jpg,AM4,Mini ITX,32 GB,2,Black,4.5
ASRock Fatal1ty B450 GAMING K4,,https://cdna.pcpartpicker.com/static/forever/images/product/dbfb02d6b58c68e437bd56d7426600eb.256p.jpg,AM4,ATX,64 GB,4,Black / Silver,3.5
ASRock B760M PG SONIC WiFi,,https://cdna.pcpartpicker.com/static/forever/images/product/b8026daf53b2a992927ac1bf3ffdef82.256p.jpg,LGA1700,Micro ATX,192 GB,4,Blue / Silver,5
Asus PRIME B760M-F D4,,,LGA1700,Micro ATX,64 GB,2,Black / Silver,0
MSI PRO H610M-G WIFI,,https://cdna.pcpartpicker.com/static/forever/images/product/e1ac6b1041d0e68192405ccba52cc035.256p.jpg,LGA1700,Micro ATX,96 GB,2,Black,0
ASRock B760 Pro RS/D4 WiFi White,,,LGA1700,ATX,128 GB,4,White,0
MSI MPG B760I EDGE WIFI DDR4,,https://cdna.pcpartpicker.com/static/forever/images/product/94c46e2e9613c476f40cb5a5efab5a86.256p.jpg,LGA1700,Mini ITX,64 GB,2,Silver / Black,0
MSI MPG Z590 GAMING EDGE WIFI,,https://cdna.pcpartpicker.com/static/forever/images/product/7d154252a6076bf1d471f115fac9529b.256p.jpg,LGA1200,ATX,128 GB,4,Black,4.5
NZXT N7 Z590,,https://cdna.pcpartpicker.com/static/forever/images/product/757ee49166bda45257bac5e38e4d7958.256p.jpg,LGA1200,ATX,128 GB,4,White,5
ASRock B660M-HDV,,https://cdna.pcpartpicker.com/static/forever/images/product/39a1944d21b5b9851377e359ba857915.256p.jpg,LGA1700,Micro ATX,64 GB,2,Gray / Black,4
Gigabyte B860M EAGLE WIFI6,,https://cdna.pcpartpicker.com/static/forever/images/product/d2f5bba664489e33315458677d7afd8b.256p.jpg,LGA1851,Micro ATX,128 GB,2,Silver / Black,0
ASRock B850M-X,200.85,,AM5,Micro ATX,128 GB,2,Black / White,4
Gigabyte Z690 UD DDR4,,https://cdna.pcpartpicker.com/static/forever/images/product/159988fc557918e2e0ee7ae0be4f7056.256p.jpg,LGA1700,ATX,128 GB,4,Black,4
Gigabyte B760 DS3H AX DDR4,152,https://cdna.pcpartpicker.com/static/forever/images/product/bd3b169b2ffa95d798da924716053f29.256p.jpg,LGA1700,ATX,128 GB,4,Black,0
Gigabyte Z590 VISION G,,https://cdna.pcpartpicker.com/static/forever/images/product/77ba48f9d73f9e4f2e0e975ccd525c0c.256p.jpg,LGA1200,ATX,128 GB,4,Black / White,5
Gigabyte Z890 AORUS ELITE DUO X,,https://cdna.pcpartpicker.com/static/forever/images/product/96131a278907ce8fded87369b667618a.256p.jpg,LGA1851,ATX,256 GB,2,Black,0
MSI PRO B760-P WIFI,,https://cdna.pcpartpicker.com/static/forever/images/product/a1593ef52cb9662fc6be593dcb858df0.256p.jpg,LGA1700,ATX,192 GB,4,Black / Silver,5
MSI H410M PRO,,https://cdna.pcpartpicker.com/static/forever/images/product/07ab1b14b228436914af0494b75ae65c.256p.jpg,LGA1200,Micro ATX,64 GB,2,Black / Silver,4
Gigabyte B550 AORUS PRO V2,,https://cdna.pcpartpicker.com/static/forever/images/product/c5081f46a5f8d3058f66b62a15b14860.256p.jpg,AM4,ATX,128 GB,4,Black,4
ASRock B560M-ITX/ac,,https://cdna.pcpartpicker.com/static/forever/images/product/793660677d4733671b31e654a3480395.256p.jpg,LGA1200,Mini ITX,64 GB,2,Silver / Black,3.5
Gigabyte B760M GAMING AC DDR4 GEN5,,https://cdna.pcpartpicker.com/static/forever/images/product/3e6ea7ee69ea876f280532bd1dd143bd.256p.jpg,LGA1700,Micro ATX,64 GB,2,Black / Red,0
Asus ProArt B550-CREATOR,,https://cdna.pcpartpicker.com/static/forever/images/product/1ce1eafa8b20ad8db2be06efcc97a0e9.256p.jpg,AM4,ATX,128 GB,4,Black,4
MSI PRO B760-P DDR4 II,,https://cdna.pcpartpicker.com/static/forever/images/product/953f076ae89076d94a94748d425af572.256p.jpg,LGA1700,ATX,128 GB,4,Black,5
Gigabyte B460M DS3H,,https://cdna.pcpartpicker.com/static/forever/images/product/ed9e6c55c1809ab560fa268f537556d7.256p.jpg,LGA1200,Micro ATX,128 GB,4,Black / Silver,4
Gigabyte Z690 AORUS PRO,,https://cdna.pcpartpicker.com/static/forever/images/product/e9ca40040bf3b820315f0c355fb0c623.256p.jpg,LGA1700,ATX,192 GB,4,Black,4
Gigabyte H410M S2H V2,,https://cdna.pcpartpicker.com/static/forever/images/product/263f8742f91942dc36df9a45703635d6.256p.jpg,LGA1200,Micro ATX,64 GB,2,Black / Gray,5
Gigabyte B660 GAMING X AX DDR4,,https://cdna.pcpartpicker.com/static/forever/images/product/5f39595e6f270ae24f1c00748cdde442.256p.jpg,LGA1700,ATX,128 GB,4,Black,4.5
Asus PRIME H610M-K,,https://cdna.pcpartpicker.com/static/forever/images/product/890dd985047c1f3f96a9a2820ea5e1eb.256p.jpg,LGA1700,Micro ATX,96 GB,2,Black,0
MSI PRO H610M-S DDR4,,,LGA1700,Micro ATX,64 GB,2,Black,0
MAXSUN iCraft B760M CROSS,,https://cdna.pcpartpicker.com/static/forever/images/product/38871f8e6ae364d3b1cf4d4451189349.256p.jpg,LGA1700,Micro ATX,192 GB,4,White / Pink,0
Gigabyte B840M DS3H,99.99,https://cdna.pcpartpicker.com/static/forever/images/product/3c04cbb5ddc3fc5d2764957bd33c87ac.256p.jpg,AM5,Micro ATX,256 GB,4,Gray / Black,0
MSI PRO Z890-P WIFI6E,219.95,https://cdna.pcpartpicker.com/static/forever/images/product/359203cbde89002cfe362dfa1720b211.256p.jpg,LGA1851,ATX,256 GB,4,Silver / Black,0
Gigabyte Z590I AORUS ULTRA,,https://cdna.pcpartpicker.com/static/forever/images/product/c26651c4cf95f9c71f949a874cfaf605.256p.jpg,LGA1200,Mini ITX,64 GB,2,Black,5
Asus PRIME H410M-K,,https://cdna.pcpartpicker.com/static/forever/images/product/80de7f8f7b6f880f1064dc30f65359d7.256p.jpg,LGA1200,Micro ATX,64 GB,2,Black,0
Asus PRIME H410M-E,,https://cdna.pcpartpicker.com/static/forever/images/product/bca24ebfda4294ec135fb72d5d383f62.256p.jpg,LGA1200,Micro ATX,64 GB,2,Black,2
MSI PRO B660M-A DDR4,,https://cdna.pcpartpicker.com/static/forever/images/product/0d7b7d744db6d56deb8713b55bb1ec50.256p.jpg,LGA1700,Micro ATX,128 GB,4,Black / Silver,4.5
Asus TUF GAMING B450M-PRO II,,https://cdna.pcpartpicker.com/static/forever/images/product/0d16eb2090f750f6aefea79707fab443.256p.jpg,AM4,Micro ATX,128 GB,4,Black / Yellow,0
MSI MPG Z490 GAMING CARBON WIFI,,https://cdna.pcpartpicker.com/static/forever/images/product/515217b4cc007c0a98c7f3ed5b302621.256p.jpg,LGA1200,ATX,128 GB,4,Black / Silver,4.5
Gigabyte Z890 AORUS TACHYON ICE,,,LGA1851,EATX,128 GB,2,White,0
MSI X470 GAMING PRO CARBON,,https://cdna.pcpartpicker.com/static/forever/images/product/dcb6611f58da74d1a2fbc3425e093cb1.256p.jpg,AM4,ATX,64 GB,4,Black / Silver,4.5
Gigabyte H410M S2 V3,,https://cdna.pcpartpicker.com/static/forever/images/product/90b2b9f515ce594f5f25db3d61e0aa1d.256p.jpg,LGA1200,Micro ATX,64 GB,2,Black / Gray,0
Biostar B550T-SILVER,,,AM4,Mini ITX,64 GB,2,Black / Silver,0
MSI MAG B760M MORTAR MAX WIFI DDR4,,https://cdna.pcpartpicker.com/static/forever/images/product/7e2b9f25deb5eccabcc2f1c7f2d479c0.256p.jpg,LGA1700,Micro ATX,128 GB,4,Silver / Black,5
Asus PRIME B460-PLUS,,https://cdna.pcpartpicker.com/static/forever/images/product/623e822ef71496a2c8ec4c741bdf4975.256p.jpg,LGA1200,ATX,128 GB,4,Silver / Black,4
Asus PRIME Z690-P WIFI,,https://cdna.pcpartpicker.com/static/forever/images/product/2590da71233ad2c13ac7830cfa66de05.256p.jpg,LGA1700,ATX,192 GB,4,Silver / Black,4.5
MSI MPG Z690 FORCE WIFI,,https://cdna.pcpartpicker.com/static/forever/images/product/1ba24bfcac3647fb9e04f747d06cd999.256p.jpg,LGA1700,ATX,192 GB,4,Silver / Black,4.5
Gigabyte B650M C V2,,https://cdna.pcpartpicker.com/static/forever/images/product/995aeb968509e85e4793757e36d6f4e7.256p.jpg,AM5,Micro ATX,192 GB,4,Black / Gray,0
Gigabyte B550 AORUS MASTER,,,AM4,ATX,128 GB,4,Black / Silver,3.5
Asus TUF GAMING B760M-PLUS D4,,https://cdna.pcpartpicker.com/static/forever/images/product/d40867f14e524468c7de6b4c3fafe3b5.256p.jpg,LGA1700,Micro ATX,128 GB,4,Black / Orange,4.5
Asus PRIME Z790M-PLUS D4,,https://cdna.pcpartpicker.com/static/forever/images/product/7931d39ab4d4d2d0bf071c8ec49fce60.256p.jpg,LGA1700,Micro ATX,128 GB,4,Black / Silver,5
Gigabyte X470 AORUS GAMING 5 WIFI,,,AM4,ATX,64 GB,4,Black / Orange,4
Asus TUF GAMING X670E-PLUS,,,AM5,ATX,192 GB,4,Black / Orange,5
MSI B860M GAMING WIFI,,,LGA1851,Micro ATX,128 GB,2,White,0
Asus TUF GAMING B860M-PLUS,176,https://cdna.pcpartpicker.com/static/forever/images/product/cffd9bc0a19311d2a27836e5a80eec10.256p.jpg,LGA1851,Micro ATX,256 GB,4,Black / Silver,0
Gigabyte Z790 D,150.94,https://cdna.pcpartpicker.com/static/forever/images/product/ed3dc9f9f0201604ae10f51f0e89df83.256p.jpg,LGA1700,ATX,256 GB,4,Black / Gray,0
Asus PRIME Z890M-PLUS WIFI-CSM,,https://cdna.pcpartpicker.com/static/forever/images/product/8cbc8ec67a76dbe719aece982be5bbc4.256p.jpg,LGA1851,Micro ATX,256 GB,4,Black / Silver,0
ASRock B450M Steel Legend Pink,,https://cdna.pcpartpicker.com/static/forever/images/product/2756ecf275c50172b32577bc7924bd74.256p.jpg,AM4,Micro ATX,128 GB,4,Black / Pink,0
Asus TUF GAMING Z590-PLUS,,https://cdna.pcpartpicker.com/static/forever/images/product/79cf41ff5ecacbe0e1003201d8c32fa0.256p.jpg,LGA1200,ATX,128 GB,4,Black,0
MSI MEG Z790 ACE,,https://cdna.pcpartpicker.com/static/forever/images/product/5ef48137da178d49465e6adeb3dea8fa.256p.jpg,LGA1700,EATX,256 GB,4,Gold / Black,4.5
ASRock Z790-C,,,LGA1700,ATX,256 GB,4,Black,0
ASRock Z890 Pro RS WiFi White,207.95,https://cdna.pcpartpicker.com/static/forever/images/product/9b8dc3145e73fd1c334dec1d11efc6f4.256p.jpg,LGA1851,ATX,256 GB,4,White / Silver,5
Gigabyte X870E EAGLE WIFI7,241,https://cdna.pcpartpicker.com/static/forever/images/product/4db8489cca4160a2c78a120427d7bb42.256p.jpg,AM5,ATX,256 GB,4,Black,0
Asus PRIME H610M-E D4,68.99,https://cdna.pcpartpicker.com/static/forever/images/product/7e812ac7ffc64a148eea6799a92d3a64.256p.jpg,LGA1700,Micro ATX,64 GB,2,Silver / Black,3
MSI MEG X570 GODLIKE,,https://cdna.pcpartpicker.com/static/forever/images/product/ceb331fef7af4383c3e3c11e0eb889df.256p.jpg,AM4,EATX,128 GB,4,Black,4.5
Asus ROG STRIX B560-A GAMING WIFI,,,LGA1200,ATX,128 GB,4,Black / Silver,4.5
Gigabyte B550M AORUS PRO AX,,https://cdna.pcpartpicker.com/static/forever/images/product/ea6f903c1b15ab06b1f0062a6c6f1eb2.256p.jpg,AM4,Micro ATX,128 GB,4,Black / Silver,4
MSI MPG Z590 GAMING PLUS,,https://cdna.pcpartpicker.com/static/forever/images/product/67bcd1637776810fd7a833ec56c3d86c.256p.jpg,LGA1200,ATX,128 GB,4,Black,5
MSI MAG Z690 TOMAHAWK WIFI,,https://cdna.pcpartpicker.com/static/forever/images/product/b00223dd35a79e4d8e4a6dd626eac1c5.256p.jpg,LGA1700,ATX,192 GB,4,Black / Silver,4.5
Gigabyte B650 AORUS PRO AX,,https://cdna.pcpartpicker.com/static/forever/images/product/6acd2774192249907129ce16f47594d6.256p.jpg,AM5,ATX,192 GB,4,Black,4.5
ASRock B650E STEEL LEGEND WIFI,,https://cdna.pcpartpicker.com/static/forever/images/product/4b64346ef710dff8dd8aff4bf2077131.256p.jpg,AM5,ATX,256 GB,4,Black / Silver,4
Biostar Z690MX2-E D4,,https://cdna.pcpartpicker.com/static/forever/images/product/f138792158036c4128cc3de8a44f1139.256p.jpg,LGA1700,Micro ATX,64 GB,2,Black,0
ASRock Z890 Taichi OCF,440.47,https://cdna.pcpartpicker.com/static/forever/images/product/2dc1708aea35a68e3da7ef73dbfa9502.256p.jpg,LGA1851,ATX,128 GB,2,Black / Gold,0
Asus Pro B760M-CT-CSM,134.5,https://cdna.pcpartpicker.com/static/forever/images/product/127efc15cbc5cb550628b185d55cfe9c.256p.jpg,LGA1700,Micro ATX,192 GB,4,Green / Black,0
Asus PRIME A620M-E-CSM,98.99,https://cdna.pcpartpicker.com/static/forever/images/product/923fe8999d232df4183aad69d2a39c67.256p.jpg,AM5,Micro ATX,96 GB,2,Black / Silver,0
Asus PRIME B850-PLUS WIFI-CSM,,https://cdna.pcpartpicker.com/static/forever/images/product/ac49e4247614da9287e01142bdaba19f.256p.jpg,AM5,ATX,256 GB,4,Black / Silver,0
Gigabyte Z790 AORUS ELITE DDR4,,https://cdna.pcpartpicker.com/static/forever/images/product/c19c4d45a6d0006ac52c8b392c649581.256p.jpg,LGA1700,ATX,128 GB,4,Black,0
Asus ROG STRIX Z490-F GAMING,,https://cdna.pcpartpicker.com/static/forever/images/product/0e7d8da2d88a98fd6b3e9ef04d71e7b6.256p.jpg,LGA1200,ATX,128 GB,4,Black,4.5
Gigabyte X570S AERO G,,https://cdna.pcpartpicker.com/static/forever/images/product/c7bf181c3c8bfed7474232be75a1325b.256p.jpg,AM4,ATX,128 GB,4,Black / White,4.5
MSI MEG X570S ACE MAX,,https://cdna.pcpartpicker.com/static/forever/images/product/2a6409322117a6b2e5a7c8f788799754.256p.jpg,AM4,ATX,128 GB,4,Black,5
ASRock B650M-CW,,,AM5,Micro ATX,256 GB,4,White,0
Asus ROG STRIX Z590-I GAMING WIFI,,https://cdna.pcpartpicker.com/static/forever/images/product/eab5fc15cc9e87e6fd34515796ab8bd0.256p.jpg,LGA1200,Mini ITX,64 GB,2,Black,4.5
MSI MEG Z690 UNIFY,,https://cdna.pcpartpicker.com/static/forever/images/product/341ed4c3950fc86796176147645ea472.256p.jpg,LGA1700,ATX,192 GB,4,Black / Silver,4.5
MSI MPG Z790 EDGE WIFI DDR4,,https://cdna.pcpartpicker.com/static/forever/images/product/c99d3cc0cb5c05aa50c9b264c0bae8c5.256p.jpg,LGA1700,ATX,128 GB,4,Silver / Black,4.5
Gigabyte Z790M AORUS ELITE AX,,https://cdna.pcpartpicker.com/static/forever/images/product/b72cee87798cfa182a4464569de7a180.256p.jpg,LGA1700,Micro ATX,256 GB,4,Black / Silver,4
Gigabyte B760M AORUS ELITE X AX,,https://cdna.pcpartpicker.com/static/forever/images/product/8611cf70dc3edd2b1bdb0ab1a3630beb.256p.jpg,LGA1700,Micro ATX,192 GB,4,White / Silver,5
ASRock H610M-H2/M.2 D5,59.94,https://cdna.pcpartpicker.com/static/forever/images/product/2af2aef9931a326f904614963d8fae11.256p.jpg,LGA1700,Micro ATX,96 GB,2,Black / Silver,0
MSI MAG B850M GAMING PRO MAX WIFI,,,AM5,Micro ATX,256 GB,4,Black / Silver,0
MSI MEG X870E UNIFY-X MAX,,,AM5,ATX,128 GB,2,Black / Silver,0
Asus TUF GAMING B760M-PLUS II,146.05,,LGA1700,Micro ATX,192 GB,4,Black,0
Asus TUF GAMING H770-PRO WIFI,180.66,https://cdna.pcpartpicker.com/static/forever/images/product/7f5cfbcbb72c2d3658c0c8c36598dcc7.256p.jpg,LGA1700,ATX,192 GB,4,Black,5
MSI MPG Z490M GAMING EDGE WIFI,,https://cdna.pcpartpicker.com/static/forever/images/product/6c4ebeab8f7f2c3fedfcf0fee448a3a6.256p.jpg,LGA1200,Micro ATX,128 GB,4,Black / Silver,4.5
Gigabyte Z590 AORUS MASTER,,https://cdna.pcpartpicker.com/static/forever/images/product/dc3885f711fcf1a1bb4fe3a92a4d31ca.256p.jpg,LGA1200,ATX,128 GB,4,Black,5
Asus ROG STRIX B560-G GAMING WIFI,,https://cdna.pcpartpicker.com/static/forever/images/product/0053591f87e0cf5bb665d09a645179b3.256p.jpg,LGA1200,Micro ATX,128 GB,4,Black / Silver,0
MSI PRO B660-A DDR4,,https://cdna.pcpartpicker.com/static/forever/images/product/de7d51beb6dace39938b060916d3b967.256p.jpg,LGA1700,ATX,128 GB,4,Black / Silver,4.5
MSI MEG Z690I UNIFY,,https://cdna.pcpartpicker.com/static/forever/images/product/de5030e1c9d6414129904346bca3142e.256p.jpg,LGA1700,Mini ITX,96 GB,2,Black / Silver,4
ASRock A620M Pro RS,,https://cdna.pcpartpicker.com/static/forever/images/product/8892b1f7aa163894f65de89b5125ded2.256p.jpg,AM5,Micro ATX,256 GB,4,Silver / Black,4
Gigabyte A520M DS3H,63.59,https://cdna.pcpartpicker.com/static/forever/images/product/40737f2bffd14d45d4c632d4bf787322.256p.jpg,AM4,Micro ATX,128 GB,4,Black,0
Gigabyte Z790 UD AX,,https://cdna.pcpartpicker.com/static/forever/images/product/c794a02522d98299795e660e5c88616b.256p.jpg,LGA1700,ATX,256 GB,4,Black,4
Gigabyte B860M DS3H,130.99,,LGA1851,Micro ATX,256 GB,4,Silver / Black,0
MSI B450M PRO-VDH,,,AM4,Micro ATX,128 GB,4,Brown,4.5
Asus ROG STRIX Z490-A GAMING,,https://cdna.pcpartpicker.com/static/forever/images/product/cb4e876cae7731cf99bec692e4722f08.256p.jpg,LGA1200,ATX,128 GB,4,Black / Silver,4.5
ASRock X670E Taichi,,https://cdna.pcpartpicker.com/static/forever/images/product/ce8a4e4e533b9ad5e41cd8ae4ecb27ce.256p.jpg,AM5,EATX,256 GB,4,Black,4
ASRock Z790 LiveMixer,250.23,https://cdna.pcpartpicker.com/static/forever/images/product/f721f4424e3895646ab0d4a4df6eac02.256p.jpg,LGA1700,ATX,256 GB,4,Purple / Black,0
Gigabyte X570S GAMING X,,https://cdna.pcpartpicker.com/static/forever/images/product/0302451fa168d3a0f9c43a01d407f22f.256p.jpg,AM4,ATX,128 GB,4,Black / Silver,4
Asus PRIME A620M-A-CSM,99.99,https://cdna.pcpartpicker.com/static/forever/images/product/0554074bc754bea1da7da3212742ff4a.256p.jpg,AM5,Micro ATX,192 GB,4,Silver / Black,0
Gigabyte Z890 AI TOP,,https://cdna.pcpartpicker.com/static/forever/images/product/d615ed6dce86f842b584bc418b42723b.256p.jpg,LGA1851,EATX,256 GB,4,Gray / Black,0
MSI B450M BAZOOKA V2,,https://cdna.pcpartpicker.com/static/forever/images/product/c601a5ff1be00797abc7ad53aae5aab4.256p.jpg,AM4,Micro ATX,64 GB,4,Black,4.5
Asus TUF GAMING B760M-E D4,,https://cdna.pcpartpicker.com/static/forever/images/product/cfd7b0c50cbafbef09bd2a7982152046.256p.jpg,LGA1700,Micro ATX,128 GB,4,Black / Orange,0
Asus PRIME B550M-K ARGB-CSM,,https://cdna.pcpartpicker.com/static/forever/images/product/a0a7c7185e4025c1f9e63c9e86a0c9e6.256p.jpg,AM4,Micro ATX,64 GB,2,Black,0
Asus PRIME A620-PLUS WIFI6,,https://cdna.pcpartpicker.com/static/forever/images/product/04313163bdec5b759a12dcbaa256aa16.256p.jpg,AM5,ATX,192 GB,4,Silver / Black,0
MSI PRO B860-VC WIFI,,https://cdna.pcpartpicker.com/static/forever/images/product/1c7618dcca85b7298459b3cf473b38ef.256p.jpg,LGA1851,ATX,256 GB,4,Black,0
Asus TUF GAMING B850M-PLUS II,,https://cdna.pcpartpicker.com/static/forever/images/product/9dc78ceb8c89457c6b11f16af8a09354.256p.jpg,AM5,Micro ATX,256 GB,4,Black,0
Asus Pro B650M-CT-CSM,150.99,https://cdna.pcpartpicker.com/static/forever/images/product/057a9ff304ee0fc52535209424204ce8.256p.jpg,AM5,Micro ATX,192 GB,4,Green / Black,0
Asus ROG STRIX Z690-A GAMING WIFI,,https://cdna.pcpartpicker.com/static/forever/images/product/ab57fd1c56e6e5f56a0a497c32d62865.256p.jpg,LGA1700,ATX,192 GB,4,Black / Silver,0
Gigabyte Z890 AERO D,,https://cdna.pcpartpicker.com/static/forever/images/product/222968cbe80a634e93a89f24e436df20.256p.jpg,LGA1851,EATX,256 GB,4,White,0
Asus ROG Crosshair VII Hero,,https://cdna.pcpartpicker.com/static/forever/images/product/d90b81225cdcf9f82849ed82166148d5.256p.jpg,AM4,ATX,64 GB,4,Black,4.5
Gigabyte B550 AORUS PRO,,https://cdna.pcpartpicker.com/static/forever/images/product/c772cded968687080b566c95f2bf4ebc.256p.jpg,AM4,ATX,128 GB,4,Black / Orange,4
Asus PRIME Z790-V AX,,,LGA1700,ATX,192 GB,4,Silver / Black,4.5
MAXSUN MS-eSport B850ITX WIFI ICE,,,AM5,Mini ITX,96 GB,2,White / Orange,0
MSI B850M GAMING WIFI6E,,,AM5,Micro ATX,128 GB,2,Silver / Black,0
Gigabyte H810M S2H,85.99,https://cdna.pcpartpicker.com/static/forever/images/product/94caad31ac99029c3bddae92d440a209.256p.jpg,LGA1851,Micro ATX,128 GB,2,Gray / Black,0
Asus PRIME X670-P,259.83,https://cdna.pcpartpicker.com/static/forever/images/product/2264bc95c6cb7728ef32c592b839cf09.256p.jpg,AM5,ATX,192 GB,4,Silver / Black,0
Asus ROG Crosshair VIII Formula,,https://cdna.pcpartpicker.com/static/forever/images/product/1ed55ce09a637fe4bcd65c013a2b7706.256p.jpg,AM4,ATX,128 GB,4,Black,4.5
ASRock X570S PG Riptide,,https://cdna.pcpartpicker.com/static/forever/images/product/9f5f88bb36bfd1faf68bc706b7268361.256p.jpg,AM4,ATX,128 GB,4,Black,4
ASRock Z690 Pro RS,,https://cdna.pcpartpicker.com/static/forever/images/product/ca0f9a6ddff8347ea4fbf29af0b4a9c0.256p.jpg,LGA1700,ATX,128 GB,4,Silver / Black,4
Gigabyte B650M AORUS PRO AX,,https://cdna.pcpartpicker.com/static/forever/images/product/c26264a8553a096c1a10f8caed6361c2.256p.jpg,AM5,Micro ATX,192 GB,4,Black,5
Asus PRIME Z590-V,,https://cdna.pcpartpicker.com/static/forever/images/product/ecc680e77f09481a2aaa70817dcb47c1.256p.jpg,LGA1200,ATX,128 GB,4,Silver / Black,5
Asus ROG STRIX Z690-G GAMING WIFI,,,LGA1700,Micro ATX,128 GB,4,Black / Silver,5
Gigabyte B760M AORUS ELITE AX DDR4,,https://cdna.pcpartpicker.com/static/forever/images/product/b340d36b05fc6208ef47d6b8071cb05c.256p.jpg,LGA1700,Micro ATX,128 GB,4,Black / Silver,5
Gigabyte B760 DS3H AC,,,LGA1700,ATX,192 GB,4,Gray / Black,0
Gigabyte Z590 AORUS PRO AX,,https://cdna.pcpartpicker.com/static/forever/images/product/96053e69a5efa51f2e859b46b48518c5.256p.jpg,LGA1200,ATX,128 GB,4,Black,0
MSI PRO Z790-P DDR4,,,LGA1700,ATX,128 GB,4,Black / Silver,0
Gigabyte A520M H,,,AM4,Micro ATX,64 GB,2,Black,0
MSI MAG B560 TORPEDO,,https://cdna.pcpartpicker.com/static/forever/images/product/42e6220705d2333ebdc7fd0f2569d269.256p.jpg,LGA1200,ATX,128 GB,4,Black / Blue,4.5
MSI B550M PRO,,https://cdna.pcpartpicker.com/static/forever/images/product/f316628bfd017d609ff393c8e1a6f1e5.256p.jpg,AM4,Micro ATX,64 GB,2,Black,0
MSI MPG B850M EDGE TI MAX WIFI,,,AM5,Micro ATX,256 GB,4,Silver / White,0
Asus Pro B660M-C D4-CSM,200.59,https://cdna.pcpartpicker.com/static/forever/images/product/69bdfae1a7e7909c50f429117a8697aa.256p.jpg,LGA1700,Micro ATX,128 GB,4,Green / Black,0
Biostar A520MT,,https://cdna.pcpartpicker.com/static/forever/images/product/d4237a69a079151399ec43cb65d3f367.256p.jpg,AM4,Micro ATX,64 GB,2,Black,0
Gigabyte Z490 VISION D,,https://cdna.pcpartpicker.com/static/forever/images/product/8c5542652068cd628b91edcff90853c1.256p.jpg,LGA1200,ATX,128 GB,4,Black / Silver,5
Gigabyte B660 GAMING X DDR4,,https://cdna.pcpartpicker.com/static/forever/images/product/beefb54755f119d72ea33f16daf4f6db.256p.jpg,LGA1700,ATX,128 GB,4,Black,5
ASRock Z490M-ITX/ac,,https://cdna.pcpartpicker.com/static/forever/images/product/16fe24308112e494272ce61473afd9fa.256p.jpg,LGA1200,Mini ITX,64 GB,2,Black / Silver,4
Gigabyte B660I AORUS Pro DDR4,,https://cdna.pcpartpicker.com/static/forever/images/product/dcf453385ef7920db0c8de239540fb59.256p.jpg,LGA1700,Mini ITX,64 GB,2,Black,4
MSI Z790 GAMING PRO WIFI,,https://cdna.pcpartpicker.com/static/forever/images/product/1446d9ff59f65688199a1054f4433cb0.256p.jpg,LGA1700,ATX,256 GB,4,Black,4
Gigabyte B760M C V2 (rev. 1.0),,,LGA1700,Micro ATX,192 GB,4,,0
Gigabyte Z890 AORUS TACHYON DUO X ICE,590.39,https://cdna.pcpartpicker.com/static/forever/images/product/86d9356479edcf52073da8de861fa5b1.256p.jpg,LGA1851,EATX,256 GB,2,Silver / White,0
Gigabyte B760M E,79.99,https://cdna.pcpartpicker.com/static/forever/images/product/390adcfca7f059ce86c7d7720875d10d.256p.jpg,LGA1700,Micro ATX,96 GB,2,Black / Gray,0
Asus B850 MAX GAMING WIFI,,,AM5,ATX,256 GB,4,Black,0
MSI MEG Z790 GODLIKE,,https://cdna.pcpartpicker.com/static/forever/images/product/7d4d7c7fab393fed25a5fc13777260fe.256p.jpg,LGA1700,EATX,256 GB,4,Black,0
Asus ROG STRIX Z790-A GAMING WIFI,,https://cdna.pcpartpicker.com/static/forever/images/product/49d39cadb02a6240b9d632c0532a07f3.256p.jpg,LGA1700,ATX,192 GB,4,Silver / Black,4
Asus ROG Crosshair VII Hero (Wi-Fi),,https://cdna.pcpartpicker.com/static/forever/images/product/c24006eeef3effdb643769c5edf21d1b.256p.jpg,AM4,ATX,64 GB,4,Black,4.5
MSI B450M PRO-M2,,https://cdna.pcpartpicker.com/static/forever/images/product/ef675852c52dc65806e9e2edf192436c.256p.jpg,AM4,Micro ATX,32 GB,2,Brown / Black,4
Asus ROG STRIX Z490-I GAMING,,https://cdna.pcpartpicker.com/static/forever/images/product/492ec8e6be27848f7e5128099cd13489.256p.jpg,LGA1200,Mini ITX,64 GB,2,Black,4
MSI MAG B460M MORTAR,,,LGA1200,Micro ATX,128 GB,4,Black / Silver,4
MSI PRO B660M-E DDR4,,https://cdna.pcpartpicker.com/static/forever/images/product/9b8a13f83625ea6a7e0dfd117eec4f54.256p.jpg,LGA1700,Micro ATX,64 GB,2,Black / Silver,3
Asus PRIME B650M-A WIFI,,https://cdna.pcpartpicker.com/static/forever/images/product/ef9c625c13fc944d47be35b09efe3fc5.256p.jpg,AM5,Micro ATX,128 GB,4,Silver / Black,0
ASRock Z590M Pro4,246.68,https://cdna.pcpartpicker.com/static/forever/images/product/20dd1894abde42b423d63a0eba472e98.256p.jpg,LGA1200,Micro ATX,128 GB,4,Black / Silver,4.5
MSI MAG X570S TORPEDO MAX,,https://cdna.pcpartpicker.com/static/forever/images/product/315ead9c291af3472171e1ef5381451a.256p.jpg,AM4,ATX,128 GB,4,Blue / Black,5
Gigabyte B550M S2H,,https://cdna.pcpartpicker.com/static/forever/images/product/8534c6e8baa15926be151d31ae0f58ef.256p.jpg,AM4,Micro ATX,64 GB,2,Black / Silver,5
Gigabyte H510M H V2,,https://cdna.pcpartpicker.com/static/forever/images/product/2edcdac93e1925d67d0a77660cd7e093.256p.jpg,LGA1200,Micro ATX,64 GB,2,Gray / Brown,3
MSI B450M PRO-VDH PLUS,,https://cdna.pcpartpicker.com/static/forever/images/product/13108bbc44d8049742accf77e555bd52.256p.jpg,AM4,Micro ATX,128 GB,4,Black,4
Asus TUF GAMING Z490-PLUS,,https://cdna.pcpartpicker.com/static/forever/images/product/13685876a95c5df302d4860e478a2297.256p.jpg,LGA1200,ATX,128 GB,4,Black,4.5
Asus PRIME H410M-A,,https://cdna.pcpartpicker.com/static/forever/images/product/635490edb83c4a78cbb0fa8e4fe62577.256p.jpg,LGA1200,Micro ATX,64 GB,2,Black,0
ASRock X570 PG Velocita,,https://cdna.pcpartpicker.com/static/forever/images/product/26b1b35a22216b31a52a714e1c3379bb.256p.jpg,AM4,ATX,128 GB,4,Black / Silver,5
Gigabyte B850M AORUS STEALTH ICE,,,AM5,Micro ATX,256 GB,4,Silver,0
Asus PRIME X870-P WIFI-CSM,,https://cdna.pcpartpicker.com/static/forever/images/product/d0f689e111489300d3fec4548ec02c04.256p.jpg,AM5,ATX,192 GB,4,Black / Silver,4
Gigabyte B760M GAMING WIFI6 PLUS GEN5,,https://cdna.pcpartpicker.com/static/forever/images/product/b14cc7354012bd800aecaa49d72e74a3.256p.jpg,LGA1700,Micro ATX,128 GB,2,Black / Silver,0
Gigabyte X570 AORUS XTREME,,https://cdna.pcpartpicker.com/static/forever/images/product/cc4901211c7cf87d385a8b843b10d598.256p.jpg,AM4,EATX,128 GB,4,Black / Silver,4
Asus PRIME H410M-A/CSM,,https://cdna.pcpartpicker.com/static/forever/images/product/d19d97b7a9672aeef2dd49246a9b0f5b.256p.jpg,LGA1200,Micro ATX,64 GB,2,Black,0
ASRock B550M/ac,,https://cdna.pcpartpicker.com/static/forever/images/product/e4e2005e5e817dc1a4001059498d7c03.256p.jpg,AM4,Micro ATX,128 GB,4,Black / White,4.5
Gigabyte H410M S2H,,,LGA1200,Micro ATX,64 GB,2,Black / Silver,4
ASRock B550 Taichi,,https://cdna.pcpartpicker.com/static/forever/images/product/cf2906aa82a035fc3170724501e03547.256p.jpg,AM4,ATX,128 GB,4,Gold / Black,4
Gigabyte A520M AORUS ELITE,188.77,https://cdna.pcpartpicker.com/static/forever/images/product/c161caf12ae0211db60b753078e17fb6.256p.jpg,AM4,Micro ATX,128 GB,4,Black / Orange,4
Gigabyte Z790 AORUS XTREME X,,https://cdna.pcpartpicker.com/static/forever/images/product/763ca5e39e73fb10f61168ec7c6fc54d.256p.jpg,LGA1700,EATX,256 GB,4,Black,0
Gigabyte Z490 AORUS ELITE AC,,https://cdna.pcpartpicker.com/static/forever/images/product/6382da9b28009771892408034c177d0b.256p.jpg,LGA1200,ATX,128 GB,4,Black / Silver,4.5
Gigabyte X470 AORUS GAMING 7 WIFI,,,AM4,ATX,64 GB,4,Black / Orange,4.5
Asus TUF B450-Pro Gaming,,https://cdna.pcpartpicker.com/static/forever/images/product/2b1307ed5382ce8896b27905534c7a6b.256p.jpg,AM4,ATX,64 GB,4,Black,5
Biostar A520MH,,,AM4,Micro ATX,64 GB,2,Black / Silver,0
ASRock Z590 Pro4,,https://cdna.pcpartpicker.com/static/forever/images/product/97b9aab75867b11e67ec809cee52d7f9.256p.jpg,LGA1200,ATX,128 GB,4,Black / Silver,4
Gigabyte Z690 AORUS MASTER,,https://cdna.pcpartpicker.com/static/forever/images/product/ea41140e6443430b9d3072b2307a20e1.256p.jpg,LGA1700,EATX,192 GB,4,Black,4
ASRock Z690 Steel Legend,,https://cdna.pcpartpicker.com/static/forever/images/product/9993d1e39678a69930ddf0f79f1e8db9.256p.jpg,LGA1700,ATX,128 GB,4,Silver / Black,4.5
MSI MAG B660M MORTAR DDR4,,https://cdna.pcpartpicker.com/static/forever/images/product/6d8d4dfe35837731b3232f9c4232463c.256p.jpg,LGA1700,Micro ATX,128 GB,4,Black / Silver,5
Asus TUF GAMING H670-PRO WIFI D4,488.8,https://cdna.pcpartpicker.com/static/forever/images/product/58d73221cace541dec0a2ccb37685ac1.256p.jpg,LGA1700,ATX,128 GB,4,Gray / Black,4.5
EVGA X570 FTW WIFI,824.62,,AM4,ATX,128 GB,4,Black,4
MSI PRO B550-P GEN3,,https://cdna.pcpartpicker.com/static/forever/images/product/881123709f9b9e9139596364dbcad25e.256p.jpg,AM4,ATX,128 GB,4,Brown / Black,0
Asus PRIME B560-PLUS AC-HES,,,LGA1200,ATX,128 GB,4,Silver / Black,0
Gigabyte H810M H,76.98,https://cdna.pcpartpicker.com/static/forever/images/product/8321357db4cf9694ccda0ce56f5cf2fa.256p.jpg,LGA1851,Micro ATX,128 GB,2,Gray / Black,0
ASRock A620AM Pro-A,89.9,https://cdna.pcpartpicker.com/static/forever/images/product/7767b0b23747dc9b24b4b08902506376.256p.jpg,AM5,Micro ATX,256 GB,4,Black,0
ASRock B850M-X WiFi,119.53,https://cdna.pcpartpicker.com/static/forever/images/product/cf2d6960afa69ad0b9cd843b565dc389.256p.jpg,AM5,Micro ATX,128 GB,2,Black / White,5
MSI MEG Z490 UNIFY,,https://cdna.pcpartpicker.com/static/forever/images/product/53c70fcbb989c7288620bd1220284d18.256p.jpg,LGA1200,ATX,128 GB,4,Black / Silver,5
Asus ROG STRIX B450-E GAMING,,https://cdna.pcpartpicker.com/static/forever/images/product/584a5f1af581d01cbe14fed6164c03c3.256p.jpg,AM4,ATX,64 GB,4,Black,4.5
Gigabyte B560M AORUS PRO AX,,https://cdna.pcpartpicker.com/static/forever/images/product/2cb77dc8f050d38c6bb010512c4121a6.256p.jpg,LGA1200,Micro ATX,128 GB,4,Black / Silver,4.5
Asus PRIME Z690-P,,https://cdna.pcpartpicker.com/static/forever/images/product/0f24e5ab95cefd570be21ea3c84d6aa2.256p.jpg,LGA1700,ATX,192 GB,4,Silver / Black,5
Gigabyte B660M AORUS Pro AX DDR4,,https://cdna.pcpartpicker.com/static/forever/images/product/272449e0e71f2c7277319fde80aeebe5.256p.jpg,LGA1700,Micro ATX,128 GB,4,Black,4
MSI PRO B660M-A WIFI,,https://cdna.pcpartpicker.com/static/forever/images/product/e8d958869556a64d75d9a86bfe38ae10.256p.jpg,LGA1700,Micro ATX,192 GB,4,Black / Silver,0
MSI PRO B760M-A DDR4 II,,,LGA1700,Micro ATX,128 GB,4,Silver / Black,0
ASRock B650E Taichi Lite,,https://cdna.pcpartpicker.com/static/forever/images/product/c6ccd0409eda9bd8279015be7db84645.256p.jpg,AM5,EATX,256 GB,4,Black / Gray,4.5
MSI PRO B650M-E,,,AM5,Micro ATX,96 GB,2,Black,0
Asus TUF GAMING B760M-BTF WIFI D4,,https://cdna.pcpartpicker.com/static/forever/images/product/638de02dec886e50599fa812341eab27.256p.jpg,LGA1700,Micro ATX,128 GB,4,Black,0
Gigabyte B850M AORUS PRO WIFI7,,,AM5,Micro ATX,256 GB,4,Black,0
MSI B850M GAMING PRO WIFI6E,,,AM5,Micro ATX,256 GB,4,Black / Silver,0
Asus ProArt B660-CREATOR D4,483.53,https://cdna.pcpartpicker.com/static/forever/images/product/8fc107c92c64aba1c81bc2dffccb85e4.256p.jpg,LGA1700,ATX,128 GB,4,Black,5
Gigabyte H610M D3W DDR4,64.99,https://cdna.pcpartpicker.com/static/forever/images/product/9848f67482bea6747b863dcb85edf197.256p.jpg,LGA1700,Micro ATX,64 GB,2,Black,0
Asus PROART B760-CREATOR D4,,https://cdna.pcpartpicker.com/static/forever/images/product/6c3ffc3951f9f1cf49ec7afd4a8cc371.256p.jpg,LGA1700,ATX,128 GB,4,Black / Copper,5
Asus PRIME B760M-A D4-CSM,,,LGA1700,Micro ATX,128 GB,4,Silver / Black,0
Gigabyte X570 AORUS PRO,,https://cdna.pcpartpicker.com/static/forever/images/product/1f55e1951f120ade42b3c8e5ee5d2bf7.256p.jpg,AM4,ATX,128 GB,4,Black / Silver,4.5
Gigabyte Z490 GAMING X,,https://cdna.pcpartpicker.com/static/forever/images/product/f3bb9d2f44dab8f0cf391b6afc4590ef.256p.jpg,LGA1200,ATX,128 GB,4,Black / Silver,0
ASRock B660 Pro RS,,https://cdna.pcpartpicker.com/static/forever/images/product/29ca827eff36903986ef1dd6df94327f.256p.jpg,LGA1700,ATX,128 GB,4,Gray / Black,4.5
MSI X470 GAMING PRO MAX,,,AM4,ATX,128 GB,4,Black / Silver,0
Asus TUF GAMING A520M-PLUS,,https://cdna.pcpartpicker.com/static/forever/images/product/f6fa8a983122641ec914fd3c662fdff6.256p.jpg,AM4,Micro ATX,128 GB,4,Black,0
MSI PRO Z690-P DDR4,,https://cdna.pcpartpicker.com/static/forever/images/product/062e34f166539c107cc15326fcc2f97e.256p.jpg,LGA1700,ATX,128 GB,4,Black / Silver,4
Asus MAXIMUS Z690 HERO EVA,,https://cdna.pcpartpicker.com/static/forever/images/product/ff8d52ff01d4353caade76c5c9a3fab1.256p.jpg,LGA1700,ATX,128 GB,4,Purple / Green,5
Asus ROG MAXIMUS Z790 EXTREME,,https://cdna.pcpartpicker.com/static/forever/images/product/0bdeb76dab36d2c0f3871d8000f30052.256p.jpg,LGA1700,EATX,192 GB,4,Black,0
ASRock Z790 Lightning WiFi,,https://cdna.pcpartpicker.com/static/forever/images/product/2e6342ab22eebed5107e254ef41879ff.256p.jpg,LGA1700,ATX,256 GB,4,Silver / Black,5
MSI B760M BOMBER WIFI DDR4,,https://cdna.pcpartpicker.com/static/forever/images/product/66563f4db3da3ac0f384a344e0986d97.256p.jpg,LGA1700,Micro ATX,64 GB,2,Black,0
Gigabyte H510M S2H V3,,https://cdna.pcpartpicker.com/static/forever/images/product/272de4fc73355a8f464bcae4aead7baf.256p.jpg,LGA1200,Micro ATX,64 GB,2,Gray / Black,0
Gigabyte Z890 D PLUS,176.99,https://cdna.pcpartpicker.com/static/forever/images/product/893ce51fd749b0733830c42d2d031124.256p.jpg,LGA1851,ATX,256 GB,4,Black,0
Asus PRIME H770-PLUS,165.81,,LGA1700,ATX,192 GB,4,Silver / Black,0
MSI X470 GAMING PRO,,https://cdna.pcpartpicker.com/static/forever/images/product/470671de5c12b7d59f060f016dab3c6a.256p.jpg,AM4,ATX,64 GB,4,Black / Red,4.5
MSI B450M BAZOOKA,,https://cdna.pcpartpicker.com/static/forever/images/product/b2720d644220687e658907133bc6154d.256p.jpg,AM4,Micro ATX,64 GB,4,Black / Silver,4
Gigabyte Z590 AORUS ULTRA,,https://cdna.pcpartpicker.com/static/forever/images/product/b007391b85dd4c48aae3d0cd21458138.256p.jpg,LGA1200,ATX,128 GB,4,Black,5
Gigabyte Z690 AORUS ELITE AX,,,LGA1700,ATX,192 GB,4,Black,4.5
MSI PRO B850M-G,,https://cdna.pcpartpicker.com/static/forever/images/product/c82b07ffb3f14425660b5ad6292820ec.256p.jpg,AM5,Micro ATX,128 GB,2,Silver / Black,0
ASRock H610M COMBO,,,LGA1700,Micro ATX,96 GB,4,Black,0
Gigabyte B550 AORUS ELITE AX,166.4,https://cdna.pcpartpicker.com/static/forever/images/product/8885d4ef198d1a3c5d33430a932d5789.256p.jpg,AM4,ATX,128 GB,4,Black,5
Asus B760M-AYW WIFI D4,,https://cdna.pcpartpicker.com/static/forever/images/product/36c8e3df380864ac8b8626eae214a27a.256p.jpg,LGA1700,Micro ATX,64 GB,2,Silver / Black,0
ASRock X470 Taichi,,https://cdna.pcpartpicker.com/static/forever/images/product/e676befe5917bc8a763d340006a082fd.256p.jpg,AM4,ATX,64 GB,4,Black / Silver,4
Asus Prime Z590-P WiFi,,https://cdna.pcpartpicker.com/static/forever/images/product/5a3f41360eef6999bd056610da62359a.256p.jpg,LGA1200,ATX,128 GB,4,Black / Silver,4.5
Asus CROSSHAIR VI HERO (WI-FI AC),,https://cdna.pcpartpicker.com/static/forever/images/product/918573bf9d925e5a1a502dc355dfce8a.256p.jpg,AM4,ATX,64 GB,4,Black / Gray,4
Asus ROG STRIX Z490-G GAMING (WI-FI),,https://cdna.pcpartpicker.com/static/forever/images/product/4bdf3bec9672a60f4bc48622d9d88e60.256p.jpg,LGA1200,Micro ATX,128 GB,4,Black,4.5
ASRock B550 Extreme4,,https://cdna.pcpartpicker.com/static/forever/images/product/d66de10cff8d949e382c4bc82bf1c79a.256p.jpg,AM4,ATX,128 GB,4,Blue / Black,4
Biostar B550MH,,https://cdna.pcpartpicker.com/static/forever/images/product/7efa2683a7cca4cd7b4fda2e7656bab5.256p.jpg,AM4,Micro ATX,64 GB,2,Black,0
ASRock B460M Pro4/ac,,,LGA1200,Micro ATX,128 GB,4,Silver / Black,0
Gigabyte Z690I AORUS ULTRA DDR4,,https://cdna.pcpartpicker.com/static/forever/images/product/978cd3f6c32970354f1e1b9348b21459.256p.jpg,LGA1700,Mini ITX,64 GB,2,Black / Silver,3
NZXT N7-Z69XT-W1,,https://cdna.pcpartpicker.com/static/forever/images/product/ab5f3ec82862abac7ef258dae5b1b918.256p.jpg,LGA1700,ATX,128 GB,4,White / Black,4.5
Gigabyte X570S UD,,https://cdna.pcpartpicker.com/static/forever/images/product/4736f196cc69fdfededf19c7bc5fbe97.256p.jpg,AM4,ATX,128 GB,4,Black / Gray,4.5
ASRock B860M-C,,,LGA1851,Micro ATX,256 GB,4,Black / Silver,0
ASRock Z790M PG LIGHTNING/D4,,https://cdna.pcpartpicker.com/static/forever/images/product/38ea337431522ff4c9546f5aabff3cfb.256p.jpg,LGA1700,Micro ATX,128 GB,4,Black,4
Asus Pro Q670M-C-CSM,199.73,https://cdna.pcpartpicker.com/static/forever/images/product/2f02443c6f86de9cd54a2c119f40bbe3.256p.jpg,LGA1700,Micro ATX,128 GB,4,Green / Black,0
MSI Z890 GAMING WIFI6E,,https://cdna.pcpartpicker.com/static/forever/images/product/a7b400948ae4b3fea348ea169b4432df.256p.jpg,LGA1851,ATX,256 GB,4,Black / Gray,0
MSI MEG B550 UNIFY,,https://cdna.pcpartpicker.com/static/forever/images/product/4f635aa82319c4a555b140c7e765ec95.256p.jpg,AM4,ATX,128 GB,4,Black / Silver,4.5
Asus ROG STRIX B560-F GAMING WIFI,,https://cdna.pcpartpicker.com/static/forever/images/product/1bdae554bff5a80f2f0cd380bc605cd7.256p.jpg,LGA1200,ATX,128 GB,4,Black / Silver,5
MSI MAG B460 TOMAHAWK,,,LGA1200,ATX,128 GB,4,Black / Silver,4.5
Asus PRIME Z590M-PLUS,,,LGA1200,Micro ATX,128 GB,4,Silver / Black,5
Asus TUF GAMING B550M-ZAKU (WI-FI),,,AM4,Micro ATX,128 GB,4,Black / Red,5
MSI B850M GAMING WIFI,,,AM5,Micro ATX,128 GB,2,Black / Silver,0
ASRock Z790 Taichi Carrara,,https://cdna.pcpartpicker.com/static/forever/images/product/212a489ab7d6fa7162f084615fa0ba49.256p.jpg,LGA1700,EATX,256 GB,4,White / Black,5
Asus Pro B860M-CT-CSM,,https://cdna.pcpartpicker.com/static/forever/images/product/3c2e2c8f35c11c4576325f0a88621ca1.256p.jpg,LGA1851,Micro ATX,256 GB,4,Black,0
Gigabyte B550M K WIFI6E,103,,AM4,Micro ATX,128 GB,4,Black,0
ASRock X570 Taichi Razer Edition,,,AM4,ATX,128 GB,4,Black / Silver,5
MSI PRO H610M-B DDR4,,https://cdna.pcpartpicker.com/static/forever/images/product/4cc9f87a05db9ff1336ae4b44c3d3170.256p.jpg,LGA1700,Micro ATX,64 GB,2,Black / Silver,3.5
MSI MAG B660 TOMAHAWK EVA e-PROJECT,,https://cdna.pcpartpicker.com/static/forever/images/product/f98e8e9ffe26fc5a7f6a2cd83e6f8701.256p.jpg,LGA1700,ATX,192 GB,4,Purple / Black,5
Gigabyte X570S AORUS PRO AX,,,AM4,ATX,128 GB,4,Black / Gray,0
ASRock A620M-HDV/M.2+,,https://cdna.pcpartpicker.com/static/forever/images/product/03b92d1d0e72e38643ac9894c672229b.256p.jpg,AM5,Micro ATX,96 GB,2,Gray / Black,0
ASRock B760M-ITX Gen5 WiFi,,,LGA1700,Mini ITX,128 GB,2,Black / Silver,0
Asus TUF GAMING B560M-PLUS,,https://cdna.pcpartpicker.com/static/forever/images/product/e9ff2c20625b185736ebd4f5956c9034.256p.jpg,LGA1200,Micro ATX,128 GB,4,Black / Gold,0
ASRock H670M-ITX/ax,,https://cdna.pcpartpicker.com/static/forever/images/product/4b32e90e6dc2e90d66380bf509bace8b.256p.jpg,LGA1700,Mini ITX,64 GB,2,Silver / Black,4
Gigabyte Z590 UD,,https://cdna.pcpartpicker.com/static/forever/images/product/208db3ceb431e95c8ca87d1e54b6cde9.256p.jpg,LGA1200,ATX,128 GB,4,Black,4
Asus PRIME H610M-D D4,86.16,https://cdna.pcpartpicker.com/static/forever/images/product/1053c11813900b46330137539c53ecf6.256p.jpg,LGA1700,Micro ATX,64 GB,2,Silver / Black,0
Asus PRIME H770-PLUS D4,,https://cdna.pcpartpicker.com/static/forever/images/product/f5e9c9d5cf322b7184bbdaf42c474734.256p.jpg,LGA1700,ATX,128 GB,4,Silver / Black,5
Gigabyte Z490 VISION G,,https://cdna.pcpartpicker.com/static/forever/images/product/3a190c962f8bedfd2ae4c99facbb67bc.256p.jpg,LGA1200,ATX,128 GB,4,White / Black,4.5
Supermicro C9Z490-PGW,,,LGA1200,ATX,128 GB,4,Black,0
MSI MEG X570S UNIFY-X MAX,,https://cdna.pcpartpicker.com/static/forever/images/product/062ccbc067774462b901c55f57728d84.256p.jpg,AM4,ATX,64 GB,2,Black,5
Biostar A520MHP,,https://cdna.pcpartpicker.com/static/forever/images/product/ee6d3511b7326b268d4653445a723401.256p.jpg,AM4,Micro ATX,64 GB,2,Black,0
Gigabyte B550 VISION D,,,AM4,ATX,128 GB,4,White / Black,4
ASRock B560M-HDV,,https://cdna.pcpartpicker.com/static/forever/images/product/29aa9e2d89faae8dc5755319220b70c3.256p.jpg,LGA1200,Micro ATX,64 GB,2,Silver / Black,4
Gigabyte Z590 AORUS ELITE,,https://cdna.pcpartpicker.com/static/forever/images/product/c5c915c9fa480ce1af0d6036e9058c05.256p.jpg,LGA1200,ATX,128 GB,4,Black,0
ASRock Z690 Extreme,,https://cdna.pcpartpicker.com/static/forever/images/product/0f4ee3db793afcd6770a9d4e9bd25707.256p.jpg,LGA1700,ATX,128 GB,4,Black / Silver,4.5
MSI MPG Z690 EDGE WIFI,,https://cdna.pcpartpicker.com/static/forever/images/product/0a58e22b78e6d649ab26b5fe3d2045e3.256p.jpg,LGA1700,ATX,192 GB,4,,4.5
Asus PRIME B650M-A AX,,https://cdna.pcpartpicker.com/static/forever/images/product/bd38418e457dcdf128d1348a5f135249.256p.jpg,AM5,Micro ATX,128 GB,4,Black / Silver,3
Gigabyte Z790 UD,,https://cdna.pcpartpicker.com/static/forever/images/product/208159740c08ab561ebd0542f4a17a54.256p.jpg,LGA1700,ATX,256 GB,4,Black,5
ASRock X470 Master SLI/AC,,https://cdna.pcpartpicker.com/static/forever/images/product/1e55d46e97ca6759c77c6ee07b4f3efa.256p.jpg,AM4,ATX,64 GB,4,Black / Silver,4.5
Gigabyte B460M AORUS PRO,,,LGA1200,Micro ATX,128 GB,4,Black / Orange,0
Gigabyte Z690M AORUS ELITE AX DDR4,,https://cdna.pcpartpicker.com/static/forever/images/product/d2ac9cad67e113797bd01879b3e893dd.256p.jpg,LGA1700,Micro ATX,128 GB,4,Black,0
ASRock H610M-ITX/ac,,https://cdna.pcpartpicker.com/static/forever/images/product/c6bd136f61052d08911a4ba3107052ad.256p.jpg,LGA1700,Mini ITX,64 GB,2,Silver / Black,5
Gigabyte B660 AORUS Master DDR4,,https://cdna.pcpartpicker.com/static/forever/images/product/0dbf29e8515ec993f93f4b55adc50af5.256p.jpg,LGA1700,ATX,128 GB,4,Black,4
Gigabyte Z790 AERO G,,https://cdna.pcpartpicker.com/static/forever/images/product/3c50888138b49e55e085067f364813f7.256p.jpg,LGA1700,ATX,256 GB,4,,3
ASRock B450M Pro4-F R2.0,,https://cdna.pcpartpicker.com/static/forever/images/product/4f1f39b57058fb142da06a72b4a6942b.256p.jpg,AM4,Micro ATX,128 GB,4,Black,0
Asus PRIME B850-PLUS,,,AM5,ATX,256 GB,4,Black / Silver,0
ASRock H610M-X D5 Gen5 WiFi,,,LGA1700,Micro ATX,128 GB,2,White,0
Gigabyte B860M GAMING WIFI6,164.99,https://cdna.pcpartpicker.com/static/forever/images/product/44a9f9c6e53f0afd14ed59c49a9515ba.256p.jpg,LGA1851,Micro ATX,128 GB,2,Silver / Black,0
ASRock B860M Lightning WiFi,177.92,https://cdna.pcpartpicker.com/static/forever/images/product/a99c5639a022a9563440d37567172a8e.256p.jpg,LGA1851,Micro ATX,256 GB,4,Black,0
Asus PRIME B760M-PLUS,164.23,,LGA1700,Micro ATX,192 GB,4,Silver / Black,0
Asus TUF GAMING B760M-PLUS WIFI,,https://cdna.pcpartpicker.com/static/forever/images/product/6d70b2ac8271bf32169edb907c9b656f.256p.jpg,LGA1700,Micro ATX,192 GB,4,Black / Orange,0
Gigabyte Z590 GAMING X,,https://cdna.pcpartpicker.com/static/forever/images/product/56ea14d099601a45d21ca8ec9b0fe62a.256p.jpg,LGA1200,ATX,128 GB,4,Black / Silver,5
ASRock X570 Phantom Gaming 4S,,,AM4,ATX,128 GB,4,Black,4.5
Asus ROG MAXIMUS XII FORMULA,,https://cdna.pcpartpicker.com/static/forever/images/product/200641bc77489636f9c30d0b09f5c041.256p.jpg,LGA1200,ATX,128 GB,4,Black,5
Asus ROG STRIX B460-I GAMING,,https://cdna.pcpartpicker.com/static/forever/images/product/75739b96d1131e6dbeb04e9006553892.256p.jpg,LGA1200,Mini ITX,64 GB,2,Black / Silver,4.5
MSI H410M-A PRO,,https://cdna.pcpartpicker.com/static/forever/images/product/d8871d772174d9ada6ab3a8a7996e7e4.256p.jpg,LGA1200,Micro ATX,64 GB,2,Black / Silver,4
ASRock H610M-HDV/M.2,77.2,https://cdna.pcpartpicker.com/static/forever/images/product/b52af165995ed5a653bb6b77a735088a.256p.jpg,LGA1700,Micro ATX,64 GB,2,Gray / Black,4
Asus ROG MAXIMUS Z790 APEX,,https://cdna.pcpartpicker.com/static/forever/images/product/4fcf1efe5a80982782b220a06f5cb44e.256p.jpg,LGA1700,ATX,96 GB,2,Silver / Black,5
MSI MAG B760M MORTAR WIFI,,https://cdna.pcpartpicker.com/static/forever/images/product/69755273dbbda3a64d4507d6bd0e6886.256p.jpg,LGA1700,Micro ATX,192 GB,4,Black / Silver,4.5
ASRock B850 Challenger WiFi White,,,AM5,ATX,256 GB,4,White / Silver,5
Asus PRIME B860-PLUS-CSM,143.47,https://cdna.pcpartpicker.com/static/forever/images/product/ae68505bf31ded45ebc02a3a3ef20239.256p.jpg,LGA1851,ATX,256 GB,4,Silver / Black,0
Asus PRIME Z690M-PLUS D4,,https://cdna.pcpartpicker.com/static/forever/images/product/027db57e648195a626b263d9fcfb61d3.256p.jpg,LGA1700,Micro ATX,128 GB,4,Silver / Black,4
ASRock Z790 Pro RS/D4,,https://cdna.pcpartpicker.com/static/forever/images/product/50e6d2dab3bb0d1c5f4d3ffcbed04407.256p.jpg,LGA1700,ATX,128 GB,4,Silver / Black,4
Asus PRIME A520M-A/CSM,,https://cdna.pcpartpicker.com/static/forever/images/product/fe72189a9e2059607c90035cbb663593.256p.jpg,AM4,Micro ATX,128 GB,4,Black / Silver,5
MSI MAG B560M BAZOOKA,,https://cdna.pcpartpicker.com/static/forever/images/product/e415933146712f429d3a8c88fd8f75dc.256p.jpg,LGA1200,Micro ATX,128 GB,4,Black / Green,4
MSI H510I PRO WIFI,,https://cdna.pcpartpicker.com/static/forever/images/product/d9f76873a3639baaba89ca1855e20cdc.256p.jpg,LGA1200,Mini ITX,64 GB,2,Black / Silver,3
Asus PRIME B560M-K,,https://cdna.pcpartpicker.com/static/forever/images/product/abb3f185ea2937925b5156bab3c1d1e6.256p.jpg,LGA1200,Micro ATX,64 GB,2,Silver / Black,0
Gigabyte Z690 AERO G DDR4,,https://cdna.pcpartpicker.com/static/forever/images/product/89dd60ce355219a8f404557ef3be21ed.256p.jpg,LGA1700,ATX,128 GB,4,Black / Silver,4
ASRock B660M Steel Legend,,https://cdna.pcpartpicker.com/static/forever/images/product/4aa2553211a64203ce15a2edcaba203c.256p.jpg,LGA1700,Micro ATX,128 GB,4,Silver / Black,3.5
EVGA Z690 DARK K|NGP|N,,https://cdna.pcpartpicker.com/static/forever/images/product/058b4650c3d3abeee7d8b88dd2048895.256p.jpg,LGA1700,EATX,64 GB,2,Black / Gold,4.5
Gigabyte Z690I AORUS ULTRA PLUS DDR4 (rev. 1.0),,https://cdna.pcpartpicker.com/static/forever/images/product/8cb8f4e6a2aa86dd3a8fddf418e60d24.256p.jpg,LGA1700,Mini ITX,64 GB,2,,3.5
Asus PRIME B760M-A,,https://cdna.pcpartpicker.com/static/forever/images/product/93b2cbd20841b2be3a0673d877d387be.256p.jpg,LGA1700,Micro ATX,128 GB,4,Silver / Black,0
MSI B760M BOMBER WIFI,,,LGA1700,Micro ATX,128 GB,2,Black,0
Gigabyte B760M AORUS ELITE AX,,https://cdna.pcpartpicker.com/static/forever/images/product/cac6ebccacffa18aa88dd37be959b5c4.256p.jpg,LGA1700,Micro ATX,192 GB,4,Black / Silver,4
ASRock B560M Pro4/ac,205.17,,LGA1200,Micro ATX,128 GB,4,Silver / Black,4.5
ASRock B550 PG Velocita,,https://cdna.pcpartpicker.com/static/forever/images/product/758d72faff4ea6f64e167ff938db9460.256p.jpg,AM4,ATX,128 GB,4,Silver / Black,4.5
Asus PRIME X570-P/CSM,,https://cdna.pcpartpicker.com/static/forever/images/product/0d685a972a9d82f027167d823ab20ea9.256p.jpg,AM4,ATX,128 GB,4,Black / Silver,5
MSI MPG Z590 GAMING FORCE,,https://cdna.pcpartpicker.com/static/forever/images/product/5242ce48db07728c3e99ee5d821d4e3e.256p.jpg,LGA1200,ATX,128 GB,4,Black,4
MSI H510M PRO,,,LGA1200,Micro ATX,64 GB,2,Beige,5
Asus ROG STRIX Z590-F GAMING WIFI,,https://cdna.pcpartpicker.com/static/forever/images/product/4824e9bd4e0220ee1eb9adb772a898fa.256p.jpg,LGA1200,ATX,128 GB,4,Black / Silver,0
Asus ROG STRIX B560-I GAMING WIFI,,https://cdna.pcpartpicker.com/static/forever/images/product/cdf6955c0d853328e42f723943219af5.256p.jpg,LGA1200,Mini ITX,64 GB,2,Black,0
MSI MPG Z590M GAMING EDGE WIFI,,,LGA1200,Micro ATX,128 GB,4,Black,5
MSI PRO B650M-A,,,AM5,Micro ATX,192 GB,4,Black / Silver,0
Asus PRIME H610M-A,,,LGA1700,Micro ATX,96 GB,2,Silver / Black,0
Asus PRIME B650M-F,,,AM5,Micro ATX,96 GB,2,Black / Silver,0
Gigabyte B760 DS3H AX V2 (rev. 1.0),,,LGA1700,ATX,192 GB,4,Black / Gray,0
MSI MAG B850M MORTAR,,,AM5,Micro ATX,256 GB,4,Black,0
Asus PRIME B840M-K,103.09,https://cdna.pcpartpicker.com/static/forever/images/product/4df211d3a365b02d73efe05d071eedc4.256p.jpg,AM5,Micro ATX,128 GB,2,Black / Silver,0
Asus A620M-F GAMING WIFI,115.87,,AM5,Micro ATX,128 GB,2,Black,0
Gigabyte H510M S2,,,LGA1200,Micro ATX,64 GB,2,Black,4
ASRock Z690 PG Riptide,,https://cdna.pcpartpicker.com/static/forever/images/product/9f2f42feda76208965cf313f5d2ff6ff.256p.jpg,LGA1700,ATX,128 GB,4,Black / Silver,4
Asus ROG STRIX B660-F GAMING WIFI,,https://cdna.pcpartpicker.com/static/forever/images/product/a7ab76579e2bc9644d377760f1393d4b.256p.jpg,LGA1700,ATX,192 GB,4,Black,0
Gigabyte H510M K V2,,https://cdna.pcpartpicker.com/static/forever/images/product/d39af5a9b5d5f482c75de384478da88e.256p.jpg,LGA1200,Micro ATX,64 GB,2,Black / Gray,3
MSI MPG B760M EDGE TI WIFI,,https://cdna.pcpartpicker.com/static/forever/images/product/ef756bd7df5eff40c8b685ec6a08a704.256p.jpg,LGA1700,Micro ATX,192 GB,4,Silver / Black,5
Asus PRIME Z490-V,,,LGA1200,ATX,128 GB,4,Black / Silver,0
Asus TUF GAMING B450M-PRO S,,,AM4,Micro ATX,128 GB,4,Black,4
ASRock H510M-HVS,,https://cdna.pcpartpicker.com/static/forever/images/product/0fcab49e9804719828522669c8dc72aa.256p.jpg,LGA1200,Micro ATX,64 GB,2,Silver / Black,4
MSI B560M PRO-VDH,,https://cdna.pcpartpicker.com/static/forever/images/product/bd99f06db24a22d07dce8b0fb6e20b13.256p.jpg,LGA1200,Micro ATX,128 GB,4,Black,5
Gigabyte X670 GAMING X AX (rev. 1.0),259.44,https://cdna.pcpartpicker.com/static/forever/images/product/85d7cef2663bab800aafb1e14be74d6b.256p.jpg,AM5,ATX,192 GB,4,Black,0
Asus ROG STRIX B760-G GAMING WIFI D4,,https://cdna.pcpartpicker.com/static/forever/images/product/6f953292dcd136e955b00f2e8da52b5b.256p.jpg,LGA1700,Micro ATX,128 GB,4,Silver / Black,0
Gigabyte B650M H,,,AM5,Micro ATX,96 GB,2,Black / Gray,0
Colorful CVN B760I FROZEN WIFI V20,,,LGA1700,Mini ITX,64 GB,2,White / Black,0
Gigabyte H610M GAMING WIFI DDR4 (rev. 1.0),,https://cdna.pcpartpicker.com/static/forever/images/product/b7048a8b381b378c8cff9c01605d7501.256p.jpg,LGA1700,Micro ATX,64 GB,2,Black / White,0
Asus PRO A520M-C II/CSM,101.48,https://cdna.pcpartpicker.com/static/forever/images/product/8a1f5d36d5e67eb57479ffc71615bfb0.256p.jpg,AM4,Micro ATX,64 GB,2,Green / Black,0
MAXSUN Terminator B760ITX D4 WIFI,,https://cdna.pcpartpicker.com/static/forever/images/product/c881ed396ca07fb749592add90b48a59.256p.jpg,LGA1700,Mini ITX,64 GB,2,Silver / Black,0
MSI MEG Z490 ACE,,https://cdna.pcpartpicker.com/static/forever/images/product/a22733cc8b0dca99ebe441e3579c8c59.256p.jpg,LGA1200,ATX,128 GB,4,Black / Gold,5
Asus PRIME H810M-K,94.99,https://cdna.pcpartpicker.com/static/forever/images/product/fb9487899339d97acb733e53434a6348.256p.jpg,LGA1851,Micro ATX,128 GB,2,Black / Silver,0
Gigabyte H610M S2H DDR4,,https://cdna.pcpartpicker.com/static/forever/images/product/31312c506017fd4fa08acec1ac1b0221.256p.jpg,LGA1700,Micro ATX,64 GB,2,Black / Gray,4
ASRock B860M-X Gen5 WiFi,201.77,https://cdna.pcpartpicker.com/static/forever/images/product/66775214d883201bbb56501a79b1db07.256p.jpg,LGA1851,Micro ATX,128 GB,2,Black / Silver,0
Gigabyte Z490 AORUS ELITE,,https://cdna.pcpartpicker.com/static/forever/images/product/3f9d9810e5da7dccec1e35cc3f83bdfb.256p.jpg,LGA1200,ATX,128 GB,4,Black / Silver,4.5
MSI MAG B560M MORTAR,,https://cdna.pcpartpicker.com/static/forever/images/product/4308454571eb3a869eaf8612e6237344.256p.jpg,LGA1200,Micro ATX,128 GB,4,Black,0
ASRock Z690M Phantom Gaming 4,,https://cdna.pcpartpicker.com/static/forever/images/product/abfabb07faf57f591fb6a92b97968efd.256p.jpg,LGA1700,Micro ATX,128 GB,4,Silver / Black,3
MSI MEG Z790 ACE MAX,,https://cdna.pcpartpicker.com/static/forever/images/product/024eb988851c0b8c2ed60770af35f937.256p.jpg,LGA1700,EATX,256 GB,4,Black,4
ASRock Fatal1ty X470 Gaming-ITX/ac,,https://cdna.pcpartpicker.com/static/forever/images/product/b9c0d7468cf651f2551a9b88e9867871.256p.jpg,AM4,Mini ITX,32 GB,2,Black / Silver,4
ASRock X570 Steel Legend WiFi ax,,https://cdna.pcpartpicker.com/static/forever/images/product/96f75b59e1df38973955a3633a616f26.256p.jpg,AM4,ATX,128 GB,4,Black / Silver,4
Asus TUF GAMING B460-PLUS,,,LGA1200,ATX,128 GB,4,Black / Gold,0
Asus ROG MAXIMUS Z690 EXTREME,,,LGA1700,EATX,192 GB,4,,4
Gigabyte Z690 AORUS ELITE DDR4,,https://cdna.pcpartpicker.com/static/forever/images/product/f6a4f10ff678fab8b7f3f59b69ffb31f.256p.jpg,LGA1700,ATX,128 GB,4,Black / Silver,5
ASRock B660M Phantom Gaming 4,,https://cdna.pcpartpicker.com/static/forever/images/product/612c2cceb96d03cdcacc9894ef456277.256p.jpg,LGA1700,Micro ATX,128 GB,4,Silver / Black,3.5
Gigabyte H610M H DDR4,62.47,https://cdna.pcpartpicker.com/static/forever/images/product/4d5464d35f1b66c518b1586f4664f1dd.256p.jpg,LGA1700,Micro ATX,64 GB,2,Black / Gray,0
MSI PRO B660M-P DDR4,,https://cdna.pcpartpicker.com/static/forever/images/product/27077329a38f377a72a5c6a990d877df.256p.jpg,LGA1700,Micro ATX,128 GB,4,Black / Silver,4
ASRock Z790 Taichi,,https://cdna.pcpartpicker.com/static/forever/images/product/77fceefdb487f8f0d8d54ec5bc855332.256p.jpg,LGA1700,EATX,256 GB,4,Black / Gold,4.5
ASRock B650E TAICHI,,https://cdna.pcpartpicker.com/static/forever/images/product/a8473ca3c807e889b8b3497fb35a5d1e.256p.jpg,AM5,EATX,256 GB,4,Black,5
MSI H510M PRO-E,,https://cdna.pcpartpicker.com/static/forever/images/product/63d7c0b9a52d64e813c362df486a319d.256p.jpg,LGA1200,Micro ATX,64 GB,2,Black / Silver,0
MSI PRO H510M-B II,,,LGA1200,Micro ATX,64 GB,2,Black,0
Gigabyte B840M DS3H WIFI6,114.95,https://cdna.pcpartpicker.com/static/forever/images/product/55337559c555dced016995c588769a8e.256p.jpg,AM5,Micro ATX,256 GB,4,Black,0
Asus TUF GAMING B660M-E D4,177.5,https://cdna.pcpartpicker.com/static/forever/images/product/981d9a57e6ee1f5317d8834775d95854.256p.jpg,LGA1700,Micro ATX,128 GB,4,Black / Orange,0
Asus ProArt Z690-CREATOR WIFI,,https://cdna.pcpartpicker.com/static/forever/images/product/5bc96193a9aa7440282d9cb9e275d482.256p.jpg,LGA1700,ATX,192 GB,4,Black / Copper,0
MSI B450M BAZOOKA PLUS,,https://cdna.pcpartpicker.com/static/forever/images/product/c3ff756da0cfeb7bb3871f65dd318b33.256p.jpg,AM4,Micro ATX,64 GB,4,Black,4.5
ASRock X570 Phantom Gaming 4 WiFi ax,,https://cdna.pcpartpicker.com/static/forever/images/product/c20c0fa4744420882da85f221f93b897.256p.jpg,AM4,ATX,128 GB,4,Black,3
ASRock B550 Taichi Razer Edition,,,AM4,ATX,128 GB,4,Black / Silver,4.5
Gigabyte B650E AORUS MASTER,,https://cdna.pcpartpicker.com/static/forever/images/product/f1f5d5b02763a1ad11b8769edbe88207.256p.jpg,AM5,ATX,192 GB,4,Black / Silver,3
ASRock H410M-HDV/M.2,,,LGA1200,Micro ATX,64 GB,2,Black,5
Asus PRIME B460M-K,,https://cdna.pcpartpicker.com/static/forever/images/product/23d8f4dd3b953b1dcc86841972621020.256p.jpg,LGA1200,Micro ATX,64 GB,2,Silver / Black,0
Asus TUF GAMING B460M-PLUS,,,LGA1200,Micro ATX,128 GB,4,Black / Gold,0
Asus Z590 WIFI GUNDAM EDITION,,https://cdna.pcpartpicker.com/static/forever/images/product/ba4a0d90db4bc09042fcd2b86d4182ce.256p.jpg,LGA1200,ATX,128 GB,4,Black / White,5
Gigabyte B760 DS3H,,https://cdna.pcpartpicker.com/static/forever/images/product/f858f55e1c61cc4b452fabbb7d1217b3.256p.jpg,LGA1700,ATX,192 GB,4,Gray / Black,4
MSI PRO B850-VC WIFI6E,,,AM5,ATX,256 GB,4,Black,0
MSI PRO B860M-P WIFI6E,134.94,,LGA1851,Micro ATX,256 GB,4,Silver / Black,0
Asus Pro A620M-C-CSM,107.99,https://cdna.pcpartpicker.com/static/forever/images/product/7c090a58cfbd6ec73459633a8aaac3d9.256p.jpg,AM5,Micro ATX,96 GB,2,Green / Black,0
Asus PRIME Z890-P WIFI-CSM,,https://cdna.pcpartpicker.com/static/forever/images/product/055a899c51ef3532ec4ed11c5fb34e34.256p.jpg,LGA1851,ATX,256 GB,4,Black / Silver,0
ASRock H810M-P Gen5,96.55,,LGA1851,Micro ATX,128 GB,2,Black / Silver,0
ASRock H510M-HDV/M.2,,https://cdna.pcpartpicker.com/static/forever/images/product/3923ed6201dc18a71727e26e644f8dd6.256p.jpg,LGA1200,Micro ATX,64 GB,2,Silver / Black,0
Gigabyte Z790 D DDR4,,https://cdna.pcpartpicker.com/static/forever/images/product/143821409aabad30435bef48a7a97d26.256p.jpg,LGA1700,ATX,128 GB,4,Black,3
ASRock A520M Phantom Gaming 4,,https://cdna.pcpartpicker.com/static/forever/images/product/0f3208d5ef7954c65ddf802fb5d82ae1.256p.jpg,AM4,Micro ATX,128 GB,4,Black,0
Gigabyte GA-B460M AORUS ELITE,,https://cdna.pcpartpicker.com/static/forever/images/product/8bd5690f8f76b5fb27cfab0f3cbf6dc0.256p.jpg,LGA1200,Micro ATX,128 GB,4,Black / Orange,0
Asus TUF GAMING Z690-PLUS D4,,https://cdna.pcpartpicker.com/static/forever/images/product/ad306eea0d65b908af26a7cea096c634.256p.jpg,LGA1700,ATX,128 GB,4,Black / Silver,4.5
MSI MEG Z590 UNIFY,,https://cdna.pcpartpicker.com/static/forever/images/product/ca1e32038e721e60ec3dc713bf4d8362.256p.jpg,LGA1200,ATX,128 GB,4,Black,5
Gigabyte B660M GAMING X DDR4,,https://cdna.pcpartpicker.com/static/forever/images/product/d471823ff48e0d9d208d1ba1c95335e1.256p.jpg,LGA1700,Micro ATX,128 GB,4,Black,4
ASRock Z790 PG-ITX/TB4,,https://cdna.pcpartpicker.com/static/forever/images/product/16a907300f7b90f354aaa4ea49b61dbc.256p.jpg,LGA1700,Mini ITX,128 GB,2,Black,4.5
ASRock H470M-HDV/M.2,,https://cdna.pcpartpicker.com/static/forever/images/product/1a5e590914a4d554a8ec26284e6c4452.256p.jpg,LGA1200,Micro ATX,64 GB,2,Black / Silver,5
Asus PRIME B650M-A II,,https://cdna.pcpartpicker.com/static/forever/images/product/38a47f7e527c69e85728dcf25b6accc1.256p.jpg,AM5,Micro ATX,192 GB,4,Silver / Black,0
Gigabyte Z790 GAMING PLUS AX,,https://cdna.pcpartpicker.com/static/forever/images/product/f9fa3629bcbedd44bac99faaeef9a53b.256p.jpg,LGA1700,ATX,256 GB,4,Black / Gray,0
ASRock B760M Pro-A WiFi,,,LGA1700,Micro ATX,192 GB,4,White / Black,0
Gigabyte H610M D3W,70.99,,LGA1700,Micro ATX,128 GB,2,Black,0
MSI PRO B760M-G DDR4,,https://cdna.pcpartpicker.com/static/forever/images/product/bde13bcf9eb92027c23e9aa76d6289a9.256p.jpg,LGA1700,Micro ATX,64 GB,2,Black,0
Asus TUF GAMING Z790-PLUS D4,,https://cdna.pcpartpicker.com/static/forever/images/product/cd5ace3f799417439086a4befa19f122.256p.jpg,LGA1700,ATX,128 GB,4,Black,0
Gigabyte B860M E,127.86,https://cdna.pcpartpicker.com/static/forever/images/product/1632a9b82b371da6c5513001663baf08.256p.jpg,LGA1851,Micro ATX,128 GB,2,Black / Silver,0
ASRock Z490 Phantom Gaming 4,,,LGA1200,ATX,128 GB,4,Black / Gray,0
ASRock Z490 Pro4,,https://cdna.pcpartpicker.com/static/forever/images/product/24cc66652169bc811f7a8e3cd5a0c5c2.256p.jpg,LGA1200,ATX,128 GB,4,Black / Silver,2.5
Gigabyte Z490I AORUS ULTRA,,https://cdna.pcpartpicker.com/static/forever/images/product/266f6a8a3a4f191decc99a21f2479aca.256p.jpg,LGA1200,Mini ITX,64 GB,2,Black / Silver,4.5
ASRock H410M-HDV,,https://cdna.pcpartpicker.com/static/forever/images/product/1d7702d2e925a800b955ba13ffc910fd.256p.jpg,LGA1200,Micro ATX,64 GB,2,Black / Silver,4
Colorful BATTLE-AX B550M-HD PRO V14,,,AM4,Micro ATX,64 GB,2,Black,0
ASRock H510M-ITX/ac,,https://cdna.pcpartpicker.com/static/forever/images/product/a82e88824c7a78d303ace319054b724a.256p.jpg,LGA1200,Mini ITX,64 GB,2,Silver / Black,4.5
MSI A520M PRO-VH,,https://cdna.pcpartpicker.com/static/forever/images/product/3f0f1f209d64cb4747e75479629c802c.256p.jpg,AM4,Micro ATX,64 GB,2,Black,0
Gigabyte B660M AORUS ELITE DDR4,,,LGA1700,Micro ATX,128 GB,4,Black,0
Gigabyte B660M AORUS ELITE AX DDR4,,https://cdna.pcpartpicker.com/static/forever/images/product/c6e77f59b87e7d334a1b5acebd2a2f93.256p.jpg,LGA1700,Micro ATX,128 GB,4,Black,0
MSI PRO B760-VC WIFI II,,,LGA1700,ATX,192 GB,4,Black,4
Gigabyte B760M K V2 DDR4,,,LGA1700,Micro ATX,64 GB,2,Black,0
Gigabyte B760M GAMING X AX,152.54,https://cdna.pcpartpicker.com/static/forever/images/product/09d7be2e1d104590cb81a642d011d6f0.256p.jpg,LGA1700,Micro ATX,192 GB,4,Brown / Black,0
ASRock B650M Pro X3D,,,AM5,Micro ATX,256 GB,4,Black / Silver,0
Asus TUF GAMING B660M-PLUS D4,,https://cdna.pcpartpicker.com/static/forever/images/product/efc7ba145e826bead586bb67c852110d.256p.jpg,LGA1700,Micro ATX,128 GB,4,Orange / Black,0
Biostar B550MHP,,https://cdna.pcpartpicker.com/static/forever/images/product/533e6e395b85fac87b62fc7acc67850c.256p.jpg,AM4,Micro ATX,64 GB,2,Black,0
Gigabyte Z490M,,https://cdna.pcpartpicker.com/static/forever/images/product/7f4db9758ea4151fd11d84cfdb49d240.256p.jpg,LGA1200,Micro ATX,128 GB,4,Black / Silver,4
Asus ROG MAXIMUS XII APEX,,https://cdna.pcpartpicker.com/static/forever/images/product/7e4f7ddd1020e66a1d84343950c2f955.256p.jpg,LGA1200,ATX,64 GB,2,Black,5
Asus ROG STRIX B460-H GAMING,,,LGA1200,ATX,128 GB,4,Black / Red,4.5
Asus PRIME H410M-D,,,LGA1200,Micro ATX,64 GB,2,Black,0
ASRock B560 Pro4,,https://cdna.pcpartpicker.com/static/forever/images/product/364f59787d500fae1bab697546f7a2f3.256p.jpg,LGA1200,ATX,128 GB,4,Silver / Black,4.5
ASRock B560M Steel Legend,,https://cdna.pcpartpicker.com/static/forever/images/product/0a2040e9a0b15e6bafffe9e54958b55d.256p.jpg,LGA1200,Micro ATX,128 GB,4,Silver / Black,4
Gigabyte Z590I VISION D,,,LGA1200,Mini ITX,64 GB,2,Black / White,4
ASRock Z690 Taichi,,https://cdna.pcpartpicker.com/static/forever/images/product/91f7ffe4afd4663b5129637ef6c2047c.256p.jpg,LGA1700,ATX,192 GB,4,Black / Copper,3.5
ASRock Z690 Phantom Gaming 4,,https://cdna.pcpartpicker.com/static/forever/images/product/dc5b17c4469cb4125bb2641af3cfc0e5.256p.jpg,LGA1700,ATX,128 GB,4,Black / Silver,3
MSI MAG B660M BAZOOKA DDR4,493.47,https://cdna.pcpartpicker.com/static/forever/images/product/d4a82aed82fe7cb5597cbf2973e829e5.256p.jpg,LGA1700,Micro ATX,128 GB,4,Green / Black,0
Gigabyte Z690I AORUS ULTRA LITE DDR4 (rev. 1.0),,https://cdna.pcpartpicker.com/static/forever/images/product/d856b58936b550b4878d30739c4966b8.256p.jpg,LGA1700,Mini ITX,64 GB,2,Silver / Black,3.5
Gigabyte B650 AORUS ELITE,,https://cdna.pcpartpicker.com/static/forever/images/product/2d91b52cef25ffadeee141320136ae17.256p.jpg,AM5,ATX,192 GB,4,Black / Silver,0
ASRock B760M PG Riptide,,https://cdna.pcpartpicker.com/static/forever/images/product/532ccedf9fb9a984493debaf06220ee7.256p.jpg,LGA1700,Micro ATX,192 GB,4,Black / Blue,4.5
Asus PRIME B760M-A WIFI D4-CSM,,https://cdna.pcpartpicker.com/static/forever/images/product/b64dbf719f1e241c4f4cebbc410acd1b.256p.jpg,LGA1700,Micro ATX,128 GB,4,Silver / Black,0
MSI PRO B760M-B,,,LGA1700,Micro ATX,96 GB,2,Black,0
ASRock B650M PG Riptide WiFi White,,,AM5,Micro ATX,256 GB,4,White / Black,5
MAXSUN Challenger B760ITX D5 WIFI,,https://cdna.pcpartpicker.com/static/forever/images/product/6e63d917c93d9d869c45f03d7d053d1e.256p.jpg,LGA1700,Mini ITX,96 GB,2,Black / White,0
Asus PRO H610M-CT D4-CSM,88.18,https://cdna.pcpartpicker.com/static/forever/images/product/a73a9c8fdc19343f293607def42c1ff1.256p.jpg,LGA1700,Micro ATX,64 GB,2,Green / Black,0
Biostar A620MP-E PRO,,,AM5,Micro ATX,192 GB,4,Black / Silver,0
ASRock B760 Pro RS WiFi,,https://cdna.pcpartpicker.com/static/forever/images/product/1281bb455635dfdf78b5ab61a8e71608.256p.jpg,LGA1700,ATX,192 GB,4,Black / Silver,0
Gigabyte B460M D2V,,https://cdna.pcpartpicker.com/static/forever/images/product/f61bff2ab1f35d014c47ada649a0a8ec.256p.jpg,LGA1200,Micro ATX,64 GB,2,Black / Silver,0
ASRock B460M-HDV,,,LGA1200,Micro ATX,64 GB,2,Black,3.5
Asus PRIME Z490M-PLUS,,https://cdna.pcpartpicker.com/static/forever/images/product/cbe1a09a362cb4bf3d0c688e7ae06a70.256p.jpg,LGA1200,Micro ATX,128 GB,4,Black / White,5
Gigabyte H410M H,,,LGA1200,Micro ATX,64 GB,2,Black / Silver,0
NZXT N7 Z490,,https://cdna.pcpartpicker.com/static/forever/images/product/d9bd736ab6155b03b62a019187c91f44.256p.jpg,LGA1200,ATX,128 GB,4,White / Black,0
Colorful CVN B550M GAMING FROZEN V14,,,AM4,Micro ATX,128 GB,4,White / Silver,0
Gigabyte B560M AORUS PRO,,https://cdna.pcpartpicker.com/static/forever/images/product/a722ba89b0ed73fa31dc610bac8b33e0.256p.jpg,LGA1200,Micro ATX,128 GB,4,Black,4.5
ASRock Z590 Steel Legend WiFi 6E,,,LGA1200,ATX,128 GB,4,Silver / Black,4
ASRock Z590 Phantom Gaming 4,,,LGA1200,ATX,128 GB,4,Silver / Black,5
MSI MEG Z590I UNIFY,,https://cdna.pcpartpicker.com/static/forever/images/product/9d4667a9947754e1451e3832ee031490.256p.jpg,LGA1200,Mini ITX,64 GB,2,Black,4.5
MSI B560M PRO,,https://cdna.pcpartpicker.com/static/forever/images/product/b99c6c20a2166aa46fa7717028c02c8a.256p.jpg,LGA1200,Micro ATX,64 GB,2,Black,5
EVGA X570 DARK,,https://cdna.pcpartpicker.com/static/forever/images/product/15a6049454d210c5e3232f0a6c0ba128.256p.jpg,AM4,EATX,64 GB,2,Black,5
EVGA Z790 CLASSIFIED,,https://cdna.pcpartpicker.com/static/forever/images/product/42cd79f1126a2f5d1c58ceb748367c46.256p.jpg,LGA1700,EATX,128 GB,4,Black,0
Biostar B450MX-S,,,AM4,Micro ATX,128 GB,4,Black / Silver,0
Gigabyte B760 GAMING X AX DDR4,,https://cdna.pcpartpicker.com/static/forever/images/product/6d2f9d2b94400d40c34d12a26bd24fea.256p.jpg,LGA1700,ATX,128 GB,4,Black,0
Asus PRIME H510M-A R2.0,,https://cdna.pcpartpicker.com/static/forever/images/product/97ef99f1de4ff5e7063708fbd693b1af.256p.jpg,LGA1200,Micro ATX,64 GB,2,Silver / Black,3
Asus PRIME H610M-A WIFI-CSM,,,LGA1700,Micro ATX,96 GB,2,Black,0
ASRock A620M-C,,,AM5,Micro ATX,256 GB,4,Black,0
MSI MPG Z790 EDGE MONSTER HUNTER EDITION,,https://cdna.pcpartpicker.com/static/forever/images/product/58f21385630591807de624f095f3296e.256p.jpg,LGA1700,ATX,256 GB,4,Black / Red,0
ASRock H610M-HVS,115.14,https://cdna.pcpartpicker.com/static/forever/images/product/36ac403a9360a338e354f0b4740115ce.256p.jpg,LGA1700,Micro ATX,64 GB,2,Gray / Black,0
MSI MEG Z490 GODLIKE,,https://cdna.pcpartpicker.com/static/forever/images/product/f1f3e8915b51712fbf04073c3ee4f581.256p.jpg,LGA1200,EATX,128 GB,4,Black / Silver,4.5
MSI H810M GAMING WIFI6E,,,LGA1851,Micro ATX,128 GB,2,Silver,0
Gigabyte Z790I AORUS ULTRA,,https://cdna.pcpartpicker.com/static/forever/images/product/df1db4a3566a5ff21c21693b6c97ced3.256p.jpg,LGA1700,Mini ITX,128 GB,2,Silver / Black,4.5
Biostar H610MHC 2.0,,https://cdna.pcpartpicker.com/static/forever/images/product/69b4f8fab16a186a46e21bb0556e1835.256p.jpg,LGA1700,Micro ATX,64 GB,2,Black,0
ASRock X570 Extreme4,,https://cdna.pcpartpicker.com/static/forever/images/product/2d1b2aac65d64d9f823e33f0680fa5c3.256p.jpg,AM4,ATX,128 GB,4,Black / Silver,3
MSI PRESTIGE X570 CREATION,,https://cdna.pcpartpicker.com/static/forever/images/product/35026e8dfc53c701de772f1a6162d026.256p.jpg,AM4,EATX,128 GB,4,Black / Silver,3.5
Gigabyte B460M D3H,,,LGA1200,Micro ATX,128 GB,4,Black / Silver,4
ASRock H410M-HVS,,https://cdna.pcpartpicker.com/static/forever/images/product/116f4f19d3ad04997bdff10f8941598a.256p.jpg,LGA1200,Micro ATX,64 GB,2,Black / Silver,0
Gigabyte B550M GAMING,,https://cdna.pcpartpicker.com/static/forever/images/product/d1f6224000a91aaffc09b011516bede0.256p.jpg,AM4,Micro ATX,64 GB,2,Black / Silver,0
MSI MPG B460I GAMING EDGE WIFI,,,LGA1200,Mini ITX,64 GB,2,Black / Silver,4
MSI B460M PRO,,https://cdna.pcpartpicker.com/static/forever/images/product/5db7322e98bf8c2a60a11fe257625c9e.256p.jpg,LGA1200,Micro ATX,64 GB,2,Black,4
ASRock Z690 Extreme WiFi 6E,,https://cdna.pcpartpicker.com/static/forever/images/product/86d18fdbf9c3484e23efc421f5ed6312.256p.jpg,LGA1700,ATX,128 GB,4,Black / Blue,5
Asus ROG STRIX B660-G GAMING WIFI,,https://cdna.pcpartpicker.com/static/forever/images/product/a9f2e436ad712c8dd1ae9cd71674b6ff.256p.jpg,LGA1700,Micro ATX,128 GB,4,Black,0
Gigabyte B760 AORUS ELITE AX DDR4,,https://cdna.pcpartpicker.com/static/forever/images/product/8069e2fb445563e108f1a55cb90f2b7c.256p.jpg,LGA1700,ATX,128 GB,4,Black / Silver,0
Asus PRIME H610M-K ARGB,,https://cdna.pcpartpicker.com/static/forever/images/product/3914168c6dad9dc73f36a89d6e5b16b9.256p.jpg,LGA1700,Micro ATX,96 GB,2,Black,0
Gigabyte B560M DS3H V3,,https://cdna.pcpartpicker.com/static/forever/images/product/aaf63fe8562e1b5b68d6df09c1d6982c.256p.jpg,LGA1200,Micro ATX,128 GB,4,Black,0
Gigabyte B650E A PRO X USB4,,,AM5,ATX,256 GB,4,Black,0
Gigabyte B760M DS3H WIFI6E DDR4 GEN5,,,LGA1700,Micro ATX,128 GB,4,Black,0
Gigabyte A620AM C,,,AM5,Micro ATX,256 GB,4,Black / Gray,0
Asus Pro A620M-DASH-CSM,123.82,https://cdna.pcpartpicker.com/static/forever/images/product/2cceba642fa8ac9a89bf32e4c0ce693d.256p.jpg,AM5,Micro ATX,96 GB,2,Green,0
Asus TUF GAMING B760M-PLUS,,https://cdna.pcpartpicker.com/static/forever/images/product/071aa905570af994c53b9f148e14bea5.256p.jpg,LGA1700,Micro ATX,192 GB,4,Black / Orange,0
NZXT N7-Z69XT-B1,,https://cdna.pcpartpicker.com/static/forever/images/product/4d3fd784fe9c5bc4d2fab06ece3e9c10.256p.jpg,LGA1700,ATX,128 GB,4,Black,5
Gigabyte B550 AORUS PRO AX,,https://cdna.pcpartpicker.com/static/forever/images/product/9e69dc7f3a9c5f7f44040d7e568e12cd.256p.jpg,AM4,ATX,128 GB,4,Black,4.5
Asus PRIME H510M-A WIFI,,https://cdna.pcpartpicker.com/static/forever/images/product/2c8bf49b0c87926c8fd3881f87d72ea1.256p.jpg,LGA1200,Micro ATX,64 GB,2,Black / Silver,0
Asus PRIME H510M-R,,https://cdna.pcpartpicker.com/static/forever/images/product/bba61b0cb8420c21c81f257a0df54692.256p.jpg,LGA1200,Micro ATX,64 GB,2,Black,0
Biostar B760MX2-E PRO D4,,https://cdna.pcpartpicker.com/static/forever/images/product/29ff674fdf48d34dfc4540a0056baa22.256p.jpg,LGA1700,Micro ATX,128 GB,4,Silver / Black,0
Gigabyte B550M H,,https://cdna.pcpartpicker.com/static/forever/images/product/ffde1c24acb49ab89f3344b4844f7271.256p.jpg,AM4,Micro ATX,64 GB,2,Black / Silver,0
MSI H410I PRO WIFI,,https://cdna.pcpartpicker.com/static/forever/images/product/edfd8f902d13827db7284a13214c4681.256p.jpg,LGA1200,Mini ITX,64 GB,2,Black / Silver,0
Asus B850M AYW GAMING OC WIFI7 W,,,AM5,Micro ATX,128 GB,2,White,0
Gigabyte Z490 AORUS MASTER,,https://cdna.pcpartpicker.com/static/forever/images/product/587172a118c4eb46ada8aae826355cd3.256p.jpg,LGA1200,ATX,128 GB,4,Black / Silver,5
Asus ROG STRIX B460-F GAMING,,https://cdna.pcpartpicker.com/static/forever/images/product/c3f7897ebc2a164979760d8cd40eac68.256p.jpg,LGA1200,ATX,128 GB,4,Black / Silver,5
Asus ROG STRIX B460-G GAMING,,https://cdna.pcpartpicker.com/static/forever/images/product/a86077f71dc7d6ae8a5447e8941cafdf.256p.jpg,LGA1200,Micro ATX,128 GB,4,Black / Red,5
MSI MAG B550 TORPEDO,,https://cdna.pcpartpicker.com/static/forever/images/product/748f19eae58bf66e8926b970b0cb109b.256p.jpg,AM4,ATX,128 GB,4,Black,0
Asus PRIME H570-PLUS,,https://cdna.pcpartpicker.com/static/forever/images/product/b9229031adab35e17be8da76cb2b8fb3.256p.jpg,LGA1200,ATX,128 GB,4,Silver / Black,3
ASRock Z590M-ITX/ax,,https://cdna.pcpartpicker.com/static/forever/images/product/c554e90d4fd5bacfcec80e716ee6b307.256p.jpg,LGA1200,Mini ITX,64 GB,2,Silver / Black,5
Asus TUF GAMING H570-PRO WIFI,,,LGA1200,ATX,128 GB,4,Black / Silver,0
Asus TUF GAMING B560M-E,,,LGA1200,Micro ATX,128 GB,4,Black / Gold,0
MSI MAG B660M MORTAR WIFI,,https://cdna.pcpartpicker.com/static/forever/images/product/216729131f210716beb015e723b8e661.256p.jpg,LGA1700,Micro ATX,192 GB,4,Silver / Black,4
Gigabyte B660M GAMING X AX DDR4,,,LGA1700,Micro ATX,128 GB,4,Black,4
Asus PRIME B650-PLUS-CSM,,https://cdna.pcpartpicker.com/static/forever/images/product/85546ad6202867e897c2e7e391d8f61f.256p.jpg,AM5,ATX,192 GB,4,Silver / Black,0
Gigabyte B760 DS3H AX,,https://cdna.pcpartpicker.com/static/forever/images/product/0a6890930229ab873358cef9fb178f25.256p.jpg,LGA1700,ATX,192 GB,4,Gray / Black,0
Gigabyte Z790 S WIFI DDR4 (rev. 1.1/1.2),,,LGA1700,ATX,128 GB,4,Black,0
Asus PRIME B650M-A AX6 II-CSM,,https://cdna.pcpartpicker.com/static/forever/images/product/7af46759627f7042900ba40f332d5c78.256p.jpg,AM5,Micro ATX,192 GB,4,Black,0
Gigabyte B850M DS3H ICE,,,AM5,Micro ATX,256 GB,4,White / Silver,0
Asus PRIME B760M-F WIFI,,,LGA1700,Micro ATX,96 GB,2,Black,0
Gigabyte B550 AORUS ELITE WIFI7,,,AM4,ATX,128 GB,4,Black / Silver,0
Gigabyte B660 DS3H DDR4,,https://cdna.pcpartpicker.com/static/forever/images/product/f092d9c02393de19d3fb97c19b4f39cb.256p.jpg,LGA1700,ATX,128 GB,4,Black,4
ASRock Z790 PG Lightning/D4,,https://cdna.pcpartpicker.com/static/forever/images/product/734e5145e6e94b381114913f48776a44.256p.jpg,LGA1700,ATX,128 GB,4,Black,0
Gigabyte B760 GAMING X,154.18,https://cdna.pcpartpicker.com/static/forever/images/product/8bfdf9a0772f586173afbdb0411b2f70.256p.jpg,LGA1700,ATX,192 GB,4,Black / Gray,0
ASRock B760M PG Lightning/D4,,https://cdna.pcpartpicker.com/static/forever/images/product/38d36e0e317b719f38c0d67ffd1870ae.256p.jpg,LGA1700,Micro ATX,128 GB,4,Black,0
Gigabyte B860M EAGLE WIFI6 V2,,https://cdna.pcpartpicker.com/static/forever/images/product/5a037270934084a1c579f2a99215cb97.256p.jpg,LGA1851,Micro ATX,128 GB,2,Silver / Black,0
ASRock Z490 Taichi,,https://cdna.pcpartpicker.com/static/forever/images/product/14dcd444ba6b014710f7967648695a78.256p.jpg,LGA1200,ATX,128 GB,4,Black / Gold,0
ASRock B460 Pro4,,https://cdna.pcpartpicker.com/static/forever/images/product/0e4e7daabc4283363b6b351e3f741fbc.256p.jpg,LGA1200,ATX,128 GB,4,Black / Silver,5
MSI MAG B460 TORPEDO,,https://cdna.pcpartpicker.com/static/forever/images/product/52345c60e73997237d8d1235bc652e86.256p.jpg,LGA1200,ATX,128 GB,4,Black,5
ASRock B560 Steel Legend,,https://cdna.pcpartpicker.com/static/forever/images/product/2ee3fa1251e7ddd5a51a88a97aa734c1.256p.jpg,LGA1200,ATX,128 GB,4,Silver / Black,4.5
Gigabyte B560 AORUS PRO AX,,https://cdna.pcpartpicker.com/static/forever/images/product/b0659ed423c6593ef0d9b87425a548db.256p.jpg,LGA1200,ATX,128 GB,4,Black,0
MSI MAG Z590 TORPEDO,,https://cdna.pcpartpicker.com/static/forever/images/product/e3dc5dea7509a2dde2c7864cb25e68f0.256p.jpg,LGA1200,ATX,128 GB,4,Black / Blue,3
Asus PRIME H670-PLUS D4,,,LGA1700,ATX,128 GB,4,Silver / Black,4
Asus Pro B760M-C-CSM,125.99,https://cdna.pcpartpicker.com/static/forever/images/product/a6936f04eb8417935831c54c0a9076e4.256p.jpg,LGA1700,Micro ATX,128 GB,4,Green / Black,0
Gigabyte H610M K,,https://cdna.pcpartpicker.com/static/forever/images/product/1c59d4b4b74cefd909e0e32ace232583.256p.jpg,LGA1700,Micro ATX,96 GB,2,Brown / Gray,0
Gigabyte B650 Gaming X,,https://cdna.pcpartpicker.com/static/forever/images/product/b7cc8d647ede7748ec97e29b62e6ed80.256p.jpg,AM5,ATX,192 GB,4,Black,0
ASRock B760M Pro-A D4,,,LGA1700,Micro ATX,128 GB,4,White / Black,0
MSI B650 GAMING PLUS,,,AM5,ATX,256 GB,4,Black,0
Asus PRIME B850-PLUS-CSM,,,AM5,ATX,256 GB,4,Silver / Black,0
MSI PRO B650M-X,,,AM5,Micro ATX,128 GB,2,Black / Silver,0
Gigabyte B760M AORUS ELITE WIFI6E DDR4 GEN5,,,LGA1700,Micro ATX,128 GB,4,Black / Silver,0
Asus PRIME B650EM-A,,,AM5,Micro ATX,256 GB,4,Black / Silver,0
MSI MAG Z890M GAMING PLUS WIFI,,,LGA1851,Micro ATX,256 GB,4,Black,0
Gigabyte B760M GAMING DDR4,139.99,https://cdna.pcpartpicker.com/static/forever/images/product/0d6eb9b729f5b5681507c52f432959e7.256p.jpg,LGA1700,Micro ATX,64 GB,2,Black / Red,0
MSI MEG Z590 UNIFY-X,,https://cdna.pcpartpicker.com/static/forever/images/product/12fcf401698178ab99e2625b122417a9.256p.jpg,LGA1200,ATX,64 GB,2,Black,0
Asus PRIME X870-P-CSM,,https://cdna.pcpartpicker.com/static/forever/images/product/34e704afaf811dd966b2f2cc182d523d.256p.jpg,AM5,ATX,192 GB,4,Black / Silver,0
ASRock H410M-ITX/ac,,,LGA1200,Mini ITX,64 GB,2,Black,0
Asus ROG CROSSHAIR VI EXTREME,,https://cdna.pcpartpicker.com/static/forever/images/product/015bf21d8a7175deebf0f46c36ad4c1d.256p.jpg,AM4,EATX,64 GB,4,Black / Silver,4
Asus TUF GAMING H470-PRO (WI-FI),,,LGA1200,ATX,128 GB,4,Black / Silver,0
Biostar A32M2,,,AM4,Micro ATX,32 GB,2,Black,0
ASRock Z590 Taichi,,https://cdna.pcpartpicker.com/static/forever/images/product/c155cb72633e218428e6a9c3cea625c9.256p.jpg,LGA1200,ATX,128 GB,4,Black / Silver,0
MSI MEG Z690 UNIFY-X,,,LGA1700,ATX,96 GB,2,Black / Silver,5
MSI B560-A PRO,,https://cdna.pcpartpicker.com/static/forever/images/product/31ff6ad1ec00ebd7c12c7739e22465fb.256p.jpg,LGA1200,ATX,128 GB,4,Black,0
MSI MAG B660 TOMAHAWK WIFI,,,LGA1700,ATX,192 GB,4,Black / Silver,0
MSI MAG B660M MORTAR MAX WIFI DDR4,,https://cdna.pcpartpicker.com/static/forever/images/product/09a4459ede25f17f4f012e6083f22127.256p.jpg,LGA1700,Micro ATX,128 GB,4,Black / Silver,5
ASRock B660M Pro RS/ax,,https://cdna.pcpartpicker.com/static/forever/images/product/8acfa208530fe499fbf79d8172c2ba5a.256p.jpg,LGA1700,Micro ATX,128 GB,4,Silver / Black,5
Asus ROG STRIX B660-A GAMING WIFI,,https://cdna.pcpartpicker.com/static/forever/images/product/8ef7cf71af0a9a07a015bbc7a498f051.256p.jpg,LGA1700,ATX,128 GB,4,Silver / Black,0
Asus PRIME A620-PLUS WIFI,,https://cdna.pcpartpicker.com/static/forever/images/product/b6e2779f67fe1ba06bce9406787e8528.256p.jpg,AM5,ATX,192 GB,4,Silver / Black,0
Asus PRIME B760M-A AX6,,,LGA1700,Micro ATX,192 GB,4,Silver / Black,0
MAXSUN iCraft Z890 Arctic,,,LGA1851,ATX,256 GB,4,White / Silver,0
Gigabyte Q870M D3H,218.04,https://cdna.pcpartpicker.com/static/forever/images/product/ebd116cc75e962babf506148e0381b96.256p.jpg,LGA1851,Micro ATX,256 GB,4,Black / Gray,0
Gigabyte B840M D3HP WIFI6E,149.02,https://cdna.pcpartpicker.com/static/forever/images/product/0a5b0a123bdcacea9dcbf8ac14bb84a6.256p.jpg,AM5,Micro ATX,256 GB,4,Black / Gray,0
Gigabyte Z490 UD AC,,https://cdna.pcpartpicker.com/static/forever/images/product/ffa7e43d03d781ddc117d93296eb30ce.256p.jpg,LGA1200,ATX,128 GB,4,Black / Silver,4
MSI B450M PRO-M2 V2,,https://cdna.pcpartpicker.com/static/forever/images/product/0688cff3c45e71449a2be6441455301b.256p.jpg,AM4,Micro ATX,32 GB,2,Brown / Black,4
ASRock X570 Phantom Gaming X,,https://cdna.pcpartpicker.com/static/forever/images/product/9599433f6ef2a7256041de15ee3d1be9.256p.jpg,AM4,ATX,128 GB,4,Black / Silver,5
Asus ProART Z490-CREATOR 10G,,https://cdna.pcpartpicker.com/static/forever/images/product/6d79c7dfefe021f56fc057d2985c4831.256p.jpg,LGA1200,ATX,128 GB,4,Black,5
ASRock B460M Steel Legend,,https://cdna.pcpartpicker.com/static/forever/images/product/2c906b6b28f46c1f69118d62e6826062.256p.jpg,LGA1200,Micro ATX,128 GB,4,Black / Silver,3
ASRock B460M-ITX/ac,,,LGA1200,Mini ITX,64 GB,2,Black / Silver,4
MSI B460M PRO-VDH,,https://cdna.pcpartpicker.com/static/forever/images/product/64c03f78e274b935855ccf410fe63be4.256p.jpg,LGA1200,Micro ATX,128 GB,4,Black,0
Gigabyte Z590 AORUS XTREME,,https://cdna.pcpartpicker.com/static/forever/images/product/365363bdf35b2b01f55e8104d08abe13.256p.jpg,LGA1200,EATX,128 GB,4,Black,0
Gigabyte Z590 VISION D,,https://cdna.pcpartpicker.com/static/forever/images/product/7bcba10be67cafc5a4686ec15319461a.256p.jpg,LGA1200,ATX,128 GB,4,Black / White,5
MSI MAG Z690 TORPEDO,,https://cdna.pcpartpicker.com/static/forever/images/product/3b2cd3f6421f36aa4ce6771d37268c4c.256p.jpg,LGA1700,ATX,192 GB,4,Blue / Black,0
Gigabyte Z690 AERO G,,https://cdna.pcpartpicker.com/static/forever/images/product/dba3458db505e33cff64c70961c85e68.256p.jpg,LGA1700,ATX,128 GB,4,Black / Silver,4.5
Gigabyte Z690 UD,,https://cdna.pcpartpicker.com/static/forever/images/product/de942c6d466a800a933e934a6f805de2.256p.jpg,LGA1700,ATX,192 GB,4,Black,0
Gigabyte B660 DS3H AX DDR4,,https://cdna.pcpartpicker.com/static/forever/images/product/f869ae4f379b00fc791dc87ddbfa2882.256p.jpg,LGA1700,ATX,128 GB,4,Black,4.5
MSI PRO Z790-P,,https://cdna.pcpartpicker.com/static/forever/images/product/3235e86e47508b67afee8a658b106d6a.256p.jpg,LGA1700,ATX,256 GB,4,Black / Silver,0
Biostar B660MXC PRO,,,LGA1700,Micro ATX,128 GB,4,Black / Silver,0
MSI PRO H410M-B,,,LGA1200,Micro ATX,64 GB,2,Black / Silver,0
MSI Z590 PRO WIFI (CEC),,,LGA1200,ATX,128 GB,4,Black / Silver,0
Asus PRIME B650M-A,,https://cdna.pcpartpicker.com/static/forever/images/product/72a5671af848c41d7d26caf03bd02d7f.256p.jpg,AM5,Micro ATX,128 GB,4,Silver / Black,0
MSI PRO B760M-E,,,LGA1700,Micro ATX,96 GB,2,Black,0
Asus PRIME H610I-PLUS-CSM,,,LGA1700,Mini ITX,96 GB,2,Black / Silver,0
Asus PRIME H610I-PLUS,,,LGA1700,Mini ITX,96 GB,2,Black / Silver,0
Asus PRIME H610M-F D4 R2.0,,,LGA1700,Micro ATX,64 GB,2,Silver / Black,0
Asus PRIME B760M-F,,,LGA1700,Micro ATX,96 GB,2,Black / Gray,0
MSI PRO B650-S,,,AM5,ATX,256 GB,4,Black,0
Gigabyte B860M C,,,LGA1851,Micro ATX,256 GB,4,Silver / Black,0
Gigabyte Z890 EAGLE PLUS,,https://cdna.pcpartpicker.com/static/forever/images/product/92dd64ba06edbf449d891214d1014379.256p.jpg,LGA1851,ATX,256 GB,4,Black,0
Gigabyte Z690 AORUS TACHYON,361.43,https://cdna.pcpartpicker.com/static/forever/images/product/b1e9cd5d2fc8cbfbf013f21e4505e4a5.256p.jpg,LGA1700,EATX,96 GB,2,Black,0
ASRock X470D4U2-2T,,https://cdna.pcpartpicker.com/static/forever/images/product/243e88f333e879a67012535745b3c383.256p.jpg,AM4,Micro ATX,64 GB,4,Green,0
Biostar H610MT-E,,https://cdna.pcpartpicker.com/static/forever/images/product/5e9d8a6c01f2576e40bdf50d529bd2ea.256p.jpg,LGA1700,Micro ATX,64 GB,2,Black,0
Asus A620M-AYW WIFI,,,AM5,Micro ATX,96 GB,2,Silver / Black,0
Gigabyte B460M GAMING HD,,https://cdna.pcpartpicker.com/static/forever/images/product/affab5405247cf1d2354dc3aab29a6f8.256p.jpg,LGA1200,Micro ATX,64 GB,2,Black / Red,3
Asus ROG STRIX Z490-H GAMING,,https://cdna.pcpartpicker.com/static/forever/images/product/283a04abf8f2df0c378f9569e99f4310.256p.jpg,LGA1200,ATX,128 GB,4,Black / Red,0
Asus TUF GAMING B460-PRO (WI-FI),,https://cdna.pcpartpicker.com/static/forever/images/product/2f132b9fdce575ff6d80697a0b5ac5ef.256p.jpg,LGA1200,ATX,128 GB,4,Black / Gold,5
Asus Pro H410M-C/CSM,,https://cdna.pcpartpicker.com/static/forever/images/product/4122142945ceb543184ea63286e56d51.256p.jpg,LGA1200,Micro ATX,64 GB,2,Green,0
Gigabyte B460 HD3,,https://cdna.pcpartpicker.com/static/forever/images/product/53e3454a23096f704407a61d75703f70.256p.jpg,LGA1200,ATX,128 GB,4,Black / Silver,4
MSI MAG B460M BAZOOKA,,https://cdna.pcpartpicker.com/static/forever/images/product/b870ed70394b28ab24741391fe4bbcfc.256p.jpg,LGA1200,Micro ATX,128 GB,4,Black / Silver,4
Asus PRIME H470-PLUS,,https://cdna.pcpartpicker.com/static/forever/images/product/35be67897dcbdedd08362460e1d091c8.256p.jpg,LGA1200,ATX,128 GB,4,Black / White,3
Asus PRIME H570M-PLUS,,https://cdna.pcpartpicker.com/static/forever/images/product/df5d4b69e71ca92d4a8e416d9c7d3a83.256p.jpg,LGA1200,Micro ATX,128 GB,4,Silver / Black,0
ASRock Z690 Phantom Gaming-ITX/TB4,,https://cdna.pcpartpicker.com/static/forever/images/product/9eba83abb45981abec369e470fc2aaa8.256p.jpg,LGA1700,Mini ITX,96 GB,2,Black / Red,5
Gigabyte Z690 GAMING X,,,LGA1700,ATX,192 GB,4,Black / Gray,4
ASRock B660 Steel Legend,,https://cdna.pcpartpicker.com/static/forever/images/product/58cfe76f3e3bb2947027a718df3c4ffd.256p.jpg,LGA1700,ATX,128 GB,4,Silver / Black,5
ASRock Z690 Taichi Razer Edition,,https://cdna.pcpartpicker.com/static/forever/images/product/523fbd6fc9cee330b8af035f98d88340.256p.jpg,LGA1700,ATX,192 GB,4,Black,5
Gigabyte B560I AORUS PRO AX,,,LGA1200,Mini ITX,64 GB,2,Black / Silver,0
EVGA Z790 DARK K|NGP|N,,https://cdna.pcpartpicker.com/static/forever/images/product/88f389556d83ea16a9026ebe32a7418d.256p.jpg,LGA1700,EATX,64 GB,2,Black,0
Gigabyte B760M DS3H,,https://cdna.pcpartpicker.com/static/forever/images/product/e36204b43c5cb20d70ebc3a1fdaeeda1.256p.jpg,LGA1700,Micro ATX,192 GB,4,Black / Silver,0
Gigabyte B650M C,,https://cdna.pcpartpicker.com/static/forever/images/product/230c0ba9e65e1c8ae5d12100269d9968.256p.jpg,AM5,Micro ATX,192 GB,4,Brown / Black,5
Asus PRIME B760M-A-CSM,,https://cdna.pcpartpicker.com/static/forever/images/product/ee1015311fdf9ffd0d5b93bfe7e265b8.256p.jpg,LGA1700,Micro ATX,128 GB,4,Silver / Black,0
Asus ProArt B760-CREATOR,,https://cdna.pcpartpicker.com/static/forever/images/product/9066e1b43796c8db45989d3aba6d022f.256p.jpg,LGA1700,ATX,192 GB,4,Black / Copper,0
Asus PRIME H610M-R,,,LGA1700,Micro ATX,96 GB,2,Black,0
ASRock B650 PG Lightning WiFi,,,AM5,ATX,256 GB,4,Black / Gray,0
MSI B760M GAMING WIFI,,,LGA1700,Micro ATX,96 GB,2,Silver / Black,0
Gigabyte B860M K,,,LGA1851,Micro ATX,128 GB,2,Silver / Black,0
ASRock A620M-C R2.0,,,AM5,Micro ATX,256 GB,4,Black,0
MSI PRO B850M-E EVO,,,AM5,Micro ATX,128 GB,2,Black,0
Gigabyte B840M GAMING X WIFI6E,177.59,https://cdna.pcpartpicker.com/static/forever/images/product/116216e54e4357c5745e19dedc8360d7.256p.jpg,AM5,Micro ATX,256 GB,4,Black,0
Asus PRO H610M-C D4-CSM,80.97,https://cdna.pcpartpicker.com/static/forever/images/product/861a9d75fd28db2cd208a07d66148dcd.256p.jpg,LGA1700,Micro ATX,64 GB,2,Green / Black,0
Gigabyte B760M GAMING WIFI PLUS,,https://cdna.pcpartpicker.com/static/forever/images/product/6557c28470848d2b27e15499b2832062.256p.jpg,LGA1700,Micro ATX,96 GB,2,Silver / Black,5
ASRock X470D4U,,https://cdna.pcpartpicker.com/static/forever/images/product/2cef717c28f211dc57c07dfab2727a72.256p.jpg,AM4,Micro ATX,64 GB,4,Green,4
ASRock Z490M Pro4,,https://cdna.pcpartpicker.com/static/forever/images/product/3db97ce07c9a42909760758bb092a3e5.256p.jpg,LGA1200,Micro ATX,128 GB,4,Black / Silver,5
Gigabyte H470 HD3,,,LGA1200,ATX,128 GB,4,Black / Silver,4.5
Gigabyte B460 AORUS PRO AC,,,LGA1200,ATX,128 GB,4,Black / Silver,4
Asus Pro B460M-C/CSM,,https://cdna.pcpartpicker.com/static/forever/images/product/53343f58edf63b5c340094218c05463b.256p.jpg,LGA1200,Micro ATX,128 GB,4,Green / Black,0
Asus PRIME A520M-E/CSM,,,AM4,Micro ATX,64 GB,2,Black,0
MSI MEG B550 UNIFY-X,,https://cdna.pcpartpicker.com/static/forever/images/product/31140f5436a0a0a255c3ad661944f07d.256p.jpg,AM4,ATX,64 GB,2,Black,5
ASRock Z590 Phantom Gaming-ITX/TB4,,,LGA1200,Mini ITX,64 GB,2,Black / Red,5
Asus Pro B560M-CT/CSM,,https://cdna.pcpartpicker.com/static/forever/images/product/93166b02860fe00d0a46f8da5688e121.256p.jpg,LGA1200,Micro ATX,128 GB,4,Green,0
ASRock Z690 Steel Legend WiFi 6E,,https://cdna.pcpartpicker.com/static/forever/images/product/88395bda54216a5b355c46cdc66325a5.256p.jpg,LGA1700,ATX,128 GB,4,Silver / Black,5
Gigabyte Z690I AORUS ULTRA,,,LGA1700,Mini ITX,96 GB,2,Black / Silver,0
MSI PRO-B660M-B-DDR4,,https://cdna.pcpartpicker.com/static/forever/images/product/c32fd122538f1ccaca23be1dd0549cc8.256p.jpg,LGA1700,Micro ATX,64 GB,2,Black / Silver,4
Biostar B550M-SILVER,,,AM4,Micro ATX,128 GB,4,Black / Silver,0
Gigabyte B760M D2H DDR4,,,LGA1700,Micro ATX,64 GB,2,Black,0
Colorful BATTLE-AX Z790M-PLUS D5 V20,,https://cdna.pcpartpicker.com/static/forever/images/product/697b49217b03a00d4f741c6639e15244.256p.jpg,LGA1700,Micro ATX,128 GB,4,Black / Orange,0
ASRock Z790 Taichi Lite,,https://cdna.pcpartpicker.com/static/forever/images/product/5de3e37c203dc910d4eeb50945906f5d.256p.jpg,LGA1700,EATX,256 GB,4,Black / Gray,4
MSI MPG Z790 CARBON MAX WIFI,,https://cdna.pcpartpicker.com/static/forever/images/product/95033b0fa2830b0a615c0123eec8c878.256p.jpg,LGA1700,ATX,256 GB,4,Black,0
MSI PRO H610M-G II,,,LGA1700,Micro ATX,96 GB,2,Black,0
MAXSUN H610M 666 WIFI6 ARGB,,,LGA1700,Micro ATX,64 GB,2,Black / Blue,0
Gigabyte B760M DS3H DDR4 GEN5,,,LGA1700,Micro ATX,128 GB,4,Black,0
MSI PRO H610M-A DDR4,,,LGA1700,Micro ATX,64 GB,2,Black / Silver,0
MSI PRO H810M-E,,,LGA1851,Micro ATX,128 GB,2,Black,0
Asus PRIME B550M-K WIFI,,https://cdna.pcpartpicker.com/static/forever/images/product/25ad36bbee92e59363bbb1b5da01bb18.256p.jpg,AM4,Micro ATX,64 GB,2,Black,0
Asus PRIME H610M-A WIFI D4-CSM,,,LGA1700,Micro ATX,64 GB,2,Silver / Black,0
Asus PRIME B760M-A WIFI-CSM,,https://cdna.pcpartpicker.com/static/forever/images/product/402e15a30c2ff57e13f87677f25662db.256p.jpg,LGA1700,Micro ATX,128 GB,4,Silver / Black,0
Gigabyte Z490M GAMING X,,https://cdna.pcpartpicker.com/static/forever/images/product/aa9d897000e8766dd54718cffc099b61.256p.jpg,LGA1200,Micro ATX,128 GB,4,Black / Silver,5
ASRock Z690 PG Velocita,,https://cdna.pcpartpicker.com/static/forever/images/product/98f17933ef16f60a333cac5a291c039f.256p.jpg,LGA1700,ATX,192 GB,4,Silver / Black,4.5
Gigabyte B760M GAMING AC DDR4,,https://cdna.pcpartpicker.com/static/forever/images/product/7de76b4a51e6c6d838115428304d22f0.256p.jpg,LGA1700,Micro ATX,64 GB,2,Black / Red,0
ASRock X470 Taichi Ultimate,,https://cdna.pcpartpicker.com/static/forever/images/product/76e7c8c0e2dc42ca53d84ae41585dd5f.256p.jpg,AM4,ATX,64 GB,4,Silver / Black,3
ASRock X470 Master SLI,,https://cdna.pcpartpicker.com/static/forever/images/product/ef3bb3a555853be572250ab38362e1fd.256p.jpg,AM4,ATX,64 GB,4,Black,3
ASRock H470M Pro4,,https://cdna.pcpartpicker.com/static/forever/images/product/8b7a94902331cf33f34efb07bdf41e62.256p.jpg,LGA1200,Micro ATX,128 GB,4,Black / Silver,5
Gigabyte Z490 GAMING X AX,,,LGA1200,ATX,128 GB,4,Brown / Black,0
MSI MEG Z590 ACE,,,LGA1200,ATX,128 GB,4,Black,5
Asus ROG Maximus XIII Extreme,700,https://cdna.pcpartpicker.com/static/forever/images/product/f9fccd20c6c786f358e020244f02cc00.256p.jpg,LGA1200,EATX,128 GB,4,Silver / Black,0
Gigabyte Z590M GAMING X,,https://cdna.pcpartpicker.com/static/forever/images/product/5e38d9c3abafe257f4f881b65933c624.256p.jpg,LGA1200,Micro ATX,128 GB,4,Black / Silver,0
Gigabyte B560M D3H,,https://cdna.pcpartpicker.com/static/forever/images/product/286e4d3a103ff85e019310dbf9f206e5.256p.jpg,LGA1200,Micro ATX,128 GB,4,Brown / Black,0
ASRock H610M-HDV,70.98,https://cdna.pcpartpicker.com/static/forever/images/product/6fb7dceb9d17279c983640fca2ff76e6.256p.jpg,LGA1700,Micro ATX,64 GB,2,Gray / Black,5
Gigabyte B660M AORUS Pro DDR4,,https://cdna.pcpartpicker.com/static/forever/images/product/76fbe2515de0e4fde2cd3d71297a85fd.256p.jpg,LGA1700,Micro ATX,128 GB,4,Black,4
Gigabyte B660M GAMING DDR4,,https://cdna.pcpartpicker.com/static/forever/images/product/261c4a960a7327dd0eca4d69e9dd7ad7.256p.jpg,LGA1700,Micro ATX,64 GB,2,Black / Red,0
EVGA Z690 CLASSIFIED,,,LGA1700,EATX,128 GB,4,Black / Silver,0
Gigabyte H470M K,,https://cdna.pcpartpicker.com/static/forever/images/product/0cc6ed7cf90a359f7d540251d5b56921.256p.jpg,LGA1200,Micro ATX,64 GB,2,Black,0
MSI A520M PRO-VDH,,,AM4,Micro ATX,128 GB,4,Brown / Black,0
Biostar B550MXC PRO,,https://cdna.pcpartpicker.com/static/forever/images/product/4ccb494eae979c392898d4ec77d12def.256p.jpg,AM4,Micro ATX,128 GB,4,Brown / Black,0
Biostar B450MX,,,AM4,Micro ATX,128 GB,4,Brown / Black,0
ASRock B660M Pro RS/D5,,,LGA1700,Micro ATX,192 GB,4,Black / Gray,0
ASRock Z690 Steel Legend WiFi 6E/D5,,,LGA1700,ATX,192 GB,4,Silver / Black,4
Biostar X870E VALKYRIE,,https://cdna.pcpartpicker.com/static/forever/images/product/dad04a3ea0abec3f204baee2e5682f23.256p.jpg,AM5,ATX,192 GB,4,Black / Gold,0
Asus Z790M GAMING PLUS WIFI,,,LGA1700,Micro ATX,256 GB,4,White,0
MSI PRO B850M-P,,,AM5,Micro ATX,256 GB,4,Black / Silver,0
MSI B760M GAMING PLUS WIFI GEN5 II,,,LGA1700,Micro ATX,256 GB,4,Black,0
ASRock B760M-H/M.2,,https://cdna.pcpartpicker.com/static/forever/images/product/415658b82f771d6448e27297e6724bb7.256p.jpg,LGA1700,Micro ATX,96 GB,2,Silver / Black,5
ASRock H810M-X Gen5,,,LGA1851,Micro ATX,128 GB,2,Silver / Black,0
ASRock H610M-HDV/M.2 D5 Gen5,67.99,https://cdna.pcpartpicker.com/static/forever/images/product/0e9ef5293e3fc18ed9d62ccd74aee199.256p.jpg,LGA1700,Micro ATX,128 GB,2,Black / Silver,0
ASRock B460 Phantom Gaming 4,,https://cdna.pcpartpicker.com/static/forever/images/product/c260f3f95ce3c6ef17b2ffcdd4bbca2e.256p.jpg,LGA1200,ATX,128 GB,4,Black,4
ASRock Z590 Steel Legend,,,LGA1200,ATX,128 GB,4,Silver / Black,5
ASRock Fatal1ty X470 Gaming K4,,https://cdna.pcpartpicker.com/static/forever/images/product/4d3f257e7a9dc497dbf242951781e0cc.256p.jpg,AM4,ATX,64 GB,4,Black / Silver,4
MSI B450M PRO-VDH V2,,https://cdna.pcpartpicker.com/static/forever/images/product/207ad292b54669818048908d7c74eaf9.256p.jpg,AM4,Micro ATX,128 GB,4,Black,3
Gigabyte Z490 AORUS XTREME,,,LGA1200,EATX,128 GB,4,Black / Silver,5
Gigabyte H470I AORUS PRO AX,,https://cdna.pcpartpicker.com/static/forever/images/product/6cd039be8ec1a736abafe709946f56ee.256p.jpg,LGA1200,Mini ITX,64 GB,2,Black / Silver,4
Gigabyte H410M S2,,https://cdna.pcpartpicker.com/static/forever/images/product/da2d60a2e5ed2215a73a9a369d26ad25.256p.jpg,LGA1200,Micro ATX,64 GB,2,Black / Silver,0
EVGA Z490 FTW WIFI,,https://cdna.pcpartpicker.com/static/forever/images/product/38ba96e5eabd832922ce12552eaaedb1.256p.jpg,LGA1200,ATX,128 GB,4,Black,0
Asus ROG STRIX H470-I GAMING,,https://cdna.pcpartpicker.com/static/forever/images/product/f7e5456ed8ccc8ba884b60359c28c94a.256p.jpg,LGA1200,Mini ITX,64 GB,2,Black,4
EVGA Z490 DARK K|NGP|N,979.14,,LGA1200,EATX,64 GB,2,Black / Yellow,0
ASRock H510M-HDV,,,LGA1200,Micro ATX,64 GB,2,Silver / Black,3
ASRock Z590 Extreme WiFi 6E,,https://cdna.pcpartpicker.com/static/forever/images/product/2305ca9f7610a043376457921ceebab4.256p.jpg,LGA1200,ATX,128 GB,4,Black / Blue,0
ASRock H470M-HDV,,https://cdna.pcpartpicker.com/static/forever/images/product/7a4e99a040db8414b5daca1e76823cb5.256p.jpg,LGA1200,Micro ATX,64 GB,2,Black / Silver,0
ASRock Z690 Phantom Gaming 4/D5,,https://cdna.pcpartpicker.com/static/forever/images/product/5ec1e021b7b748e876efae58e140ef4c.256p.jpg,LGA1700,ATX,192 GB,4,Black / Silver,0
Gigabyte Z690M AORUS ELITE DDR4,,https://cdna.pcpartpicker.com/static/forever/images/product/058555e23b78287773ffb235f0701564.256p.jpg,LGA1700,Micro ATX,128 GB,4,Black,0
Biostar B650EGTQ,,,AM5,Micro ATX,192 GB,4,Black / Blue,0
Biostar B650M-SILVER,,https://cdna.pcpartpicker.com/static/forever/images/product/bb6aa884922447383586537f1d1d10db.256p.jpg,AM5,Micro ATX,192 GB,4,Silver / Black,0
MSI PRO B660M-P WIFI DDR4,,https://cdna.pcpartpicker.com/static/forever/images/product/a8e607a70fa11b14c95e46984a68f63f.256p.jpg,LGA1700,Micro ATX,128 GB,4,Black,2
MSI Z590 PLUS,,https://cdna.pcpartpicker.com/static/forever/images/product/2d635dac8301cc67ce810d8ca203d4d6.256p.jpg,LGA1200,ATX,128 GB,4,Black / Silver,0
Gigabyte Z790 GAMING X,,https://cdna.pcpartpicker.com/static/forever/images/product/cc65b88d52210c7583e9000f12c50372.256p.jpg,LGA1700,ATX,256 GB,4,Black / Gray,0
ASRock Z690-C/D5,,,LGA1700,ATX,192 GB,4,Black / Silver,0
MSI PRO B760-P DDR4,,,LGA1700,ATX,128 GB,4,Black / Silver,0
Gigabyte Z790M AORUS ELITE,,https://cdna.pcpartpicker.com/static/forever/images/product/e94bf94d90cf1482662d9bd4c1df71fd.256p.jpg,LGA1700,Micro ATX,256 GB,4,Silver / Black,0
MSI PRO B760M-A DDR4,,,LGA1700,Micro ATX,128 GB,4,Black,0
Asus PRIME H510M-R R2.0,,https://cdna.pcpartpicker.com/static/forever/images/product/f1add4cc35bafceaf72afa7b62ee50f2.256p.jpg,LGA1200,Micro ATX,64 GB,2,Black,0
Asus PRIME H610M-D,,https://cdna.pcpartpicker.com/static/forever/images/product/621d03db8ccf084e9976f564b17f4ace.256p.jpg,LGA1700,Micro ATX,96 GB,2,Black,0
Gigabyte Z790 D AC,,https://cdna.pcpartpicker.com/static/forever/images/product/6cb5bc79db75288f6d963290978e7759.256p.jpg,LGA1700,ATX,256 GB,4,Gray / Black,0
Asus B760M-AYW PRO WIFI,,,LGA1700,ATX,96 GB,2,Black / Silver,0
Gigabyte B850M AORUS ELITE,,,AM5,Micro ATX,256 GB,4,Black,0
MSI PRO Z890-S WIFI6E W,,,LGA1851,ATX,256 GB,4,White,0
MSI PRO B660M-G DDR4,182.49,https://cdna.pcpartpicker.com/static/forever/images/product/8658cf6d48409be106fc2995fad9984d.256p.jpg,LGA1700,Micro ATX,64 GB,2,Black / Silver,0
ASRock H670 PG Riptide,,https://cdna.pcpartpicker.com/static/forever/images/product/2ff5c859fc52c9bda07f739cf93d7ff8.256p.jpg,LGA1700,ATX,128 GB,4,Black,4.5
Gigabyte B660M D3H DDR4,,https://cdna.pcpartpicker.com/static/forever/images/product/157c3527e5c4162004df2f489b1fc21c.256p.jpg,LGA1700,Micro ATX,128 GB,4,Black,0
Biostar H610MH D5,101.08,https://cdna.pcpartpicker.com/static/forever/images/product/06e632533ee7eca5cc7d12c381d7ef4b.256p.jpg,LGA1700,Micro ATX,96 GB,2,Black / Silver,0
Gigabyte B860M E GEN5,,https://cdna.pcpartpicker.com/static/forever/images/product/ef65ee5c17650b9fa0df0a7e8bb6059b.256p.jpg,LGA1851,Micro ATX,128 GB,2,Gray / Black,0
Gigabyte B840M D3HP,130.88,,AM5,Micro ATX,256 GB,4,Black / Gray,0
MSI X470 GAMING M7 AC,,https://cdna.pcpartpicker.com/static/forever/images/product/46d2f6f499b5e22e0623c64a7210ccd4.256p.jpg,AM4,ATX,64 GB,4,Black / Silver,4.5
ASRock Z490 Steel Legend,,https://cdna.pcpartpicker.com/static/forever/images/product/7b46fda1dbdfcf1f806c900ea875714d.256p.jpg,LGA1200,ATX,128 GB,4,Black / Silver,0
Colorful CVN X570M GAMING PRO V14,,,AM4,Micro ATX,128 GB,4,Black / Silver,0
ASRock H570 Phantom Gaming 4,,https://cdna.pcpartpicker.com/static/forever/images/product/28d090056fda9b5ba869e8eaad1e7726.256p.jpg,LGA1200,ATX,128 GB,4,Silver / Black,0
ASRock Z590 Extreme,,https://cdna.pcpartpicker.com/static/forever/images/product/fdf23a9c904c3c0b6331e130ad06f7a2.256p.jpg,LGA1200,ATX,128 GB,4,Black / Blue,0
ASRock Z590M Phantom Gaming 4,,,LGA1200,Micro ATX,128 GB,4,Silver / Black,3
Asus ROG STRIX B560-E GAMING WIFI,,https://cdna.pcpartpicker.com/static/forever/images/product/3c74c7d690ca66e96c9efa311dcc8c0e.256p.jpg,LGA1200,ATX,128 GB,4,Black,0
Asus PRIME H510M-D,,https://cdna.pcpartpicker.com/static/forever/images/product/a0db7e59e339f5fe270a0458f2197bf1.256p.jpg,LGA1200,Micro ATX,64 GB,2,Black / Silver,0
Gigabyte Z690 AERO D,,,LGA1700,EATX,192 GB,4,Black / Silver,3.5
ASRock H670 Steel Legend,,https://cdna.pcpartpicker.com/static/forever/images/product/3b58f1b6abc5e000f76faee149474459.256p.jpg,LGA1700,ATX,128 GB,4,Silver / Gray,4
Gigabyte B660M D2H DDR4,,https://cdna.pcpartpicker.com/static/forever/images/product/3d660132e144f382cb4c0e4f21ee6923.256p.jpg,LGA1700,Micro ATX,64 GB,2,Black,0
Asus PRIME X670E-PRO WIFI-CSM,,https://cdna.pcpartpicker.com/static/forever/images/product/eb86a877f49ea8338b52393163a9447f.256p.jpg,AM5,ATX,192 GB,4,Silver / Black,5
Gigabyte Z790 AORUS XTREME,,https://cdna.pcpartpicker.com/static/forever/images/product/977f5351f578860c9740a61d6854859a.256p.jpg,LGA1700,EATX,256 GB,4,Black,0
Gigabyte H510M-S2H-V2-rev-13,,,LGA1200,Micro ATX,64 GB,4,Black,0
Asus PRIME B760M-K D4-CSM,,https://cdna.pcpartpicker.com/static/forever/images/product/3b11d7c6552eb2cce400f727939be550.256p.jpg,LGA1700,Micro ATX,64 GB,2,Silver / Black,0
Gigabyte B760M AORUS ELITE DDR4,,,LGA1700,Micro ATX,128 GB,4,Black,0
Biostar B550MX/E PRO,,,AM4,Micro ATX,128 GB,4,Black / Silver,0
Biostar B650MP-E PRO,,https://cdna.pcpartpicker.com/static/forever/images/product/52f0df95d7d2a6f781e6781aac79fe55.256p.jpg,AM5,Micro ATX,192 GB,4,Black / Silver,3
Gigabyte Z690 AORUS ELITE AX (rev. 1.4),,,LGA1700,ATX,128 GB,4,Black,0
Gigabyte B650M D2H,,,AM5,Micro ATX,96 GB,2,Black,0
Gigabyte B760M D3H,,https://cdna.pcpartpicker.com/static/forever/images/product/b04e2374f0bd001c52b190c2b2cf1745.256p.jpg,LGA1700,Micro ATX,192 GB,4,Black / Gray,0
Gigabyte Z790 S DDR4 (rev. 1.0),,,LGA1700,ATX,128 GB,4,Black,0
MSI B760M GAMING PLUS WIFI DDR4 II,,,LGA1700,Micro ATX,128 GB,4,Black / Red,0
MSI Z790M GAMING PLUS WIFI,,,LGA1700,Micro ATX,256 GB,4,Silver / Black,0
MSI PRO B860M-B,,,LGA1851,Micro ATX,128 GB,2,Black / Silver,0
Gigabyte B650EM C,,,AM5,Micro ATX,256 GB,4,Black / Gray,0
Asus PRIME A520M-K ARGB-CSM,,,AM4,Micro ATX,64 GB,2,Black,0
Gigabyte H810M S2H GEN5,149.55,https://cdna.pcpartpicker.com/static/forever/images/product/31d35837b897d234ba5826f3b3dd9fff.256p.jpg,LGA1851,Micro ATX,128 GB,2,Black / Gray,0
Asus PRIME X670-P WIFI-CSM,,https://cdna.pcpartpicker.com/static/forever/images/product/4d481bee820886ef32d0cf3e7817e812.256p.jpg,AM5,ATX,192 GB,4,Silver / Black,0
Gigabyte B760M D3H DDR4,,https://cdna.pcpartpicker.com/static/forever/images/product/c374138f693d2085f6fe688036ae7c90.256p.jpg,LGA1700,Micro ATX,128 GB,4,Black,0
Colorful CVN Z790D5 GAMING FROZEN V20,,https://cdna.pcpartpicker.com/static/forever/images/product/e46be240bd3ee2f0b40cc95dadc468a5.256p.jpg,LGA1700,ATX,192 GB,4,Silver / Copper,0
ASRock X570 Creator,,https://cdna.pcpartpicker.com/static/forever/images/product/29c3c9cef2ad68a27259fb7a4f93be16.256p.jpg,AM4,ATX,128 GB,4,Black / Silver,0
ASRock Z490 Extreme4,,https://cdna.pcpartpicker.com/static/forever/images/product/c755830f28d0dab51a56165e922cb6d1.256p.jpg,LGA1200,ATX,128 GB,4,Black / Silver,0
Gigabyte H470M DS3H,,https://cdna.pcpartpicker.com/static/forever/images/product/e8c25aea4f4cf76f33c198b8998cb69e.256p.jpg,LGA1200,Micro ATX,128 GB,4,Black / Silver,4
Gigabyte H410M DS2V,,https://cdna.pcpartpicker.com/static/forever/images/product/9e93bd2a249dad928fc7df8f5731dec0.256p.jpg,LGA1200,Micro ATX,64 GB,2,Black / Silver,0
ASRock B460 Steel Legend,,https://cdna.pcpartpicker.com/static/forever/images/product/0b5178a63b550f621cc01d7b830f367b.256p.jpg,LGA1200,ATX,128 GB,4,Black / Silver,3.5
ASRock Z490 Phantom Gaming 4/ac,,,LGA1200,ATX,128 GB,4,Black / Gray,0
ASRock H410M/ac,,https://cdna.pcpartpicker.com/static/forever/images/product/43e34278f41aa002321e9e120a61bfac.256p.jpg,LGA1200,Micro ATX,64 GB,2,Black,0
Biostar B550GTA,,https://cdna.pcpartpicker.com/static/forever/images/product/ef9a7461fa2ba1e2b238413694ab1e83.256p.jpg,AM4,ATX,128 GB,4,Black,0
Biostar H410MH,,,LGA1200,Micro ATX,64 GB,2,Black,0
ASRock H570 Steel Legend,,https://cdna.pcpartpicker.com/static/forever/images/product/b1c7f4e0cc117dcffaec598ba4831912.256p.jpg,LGA1200,ATX,128 GB,4,Silver / Black,4
ASRock Z590 PG Velocita,,https://cdna.pcpartpicker.com/static/forever/images/product/ffa59b5e13c0dd4b2dffc217094aa355.256p.jpg,LGA1200,ATX,128 GB,4,Silver / Black,0
MSI B560M PRO WIFI,,,LGA1200,Micro ATX,64 GB,2,Black,0
Biostar Z590I Valkyrie,,https://cdna.pcpartpicker.com/static/forever/images/product/ddd1edb7fa1da5757b9ea5245b51bdf8.256p.jpg,LGA1200,Mini ITX,64 GB,2,Black / Gold,0
Asus Pro H510M-CT/CSM,,,LGA1200,Micro ATX,64 GB,2,Green,0
Biostar Z690A VALKYRIE,,,LGA1700,ATX,128 GB,4,Black / Gray,0
MSI MAG B660M MORTAR,,,LGA1700,Micro ATX,192 GB,4,Black / Silver,0
Asus PRIME H610M-K D4-CSM,,,LGA1700,Micro ATX,64 GB,2,Silver / Black,0
Gigabyte B660M GAMING AC DDR4,,https://cdna.pcpartpicker.com/static/forever/images/product/eeea9f1fede0f4697f86e19ceffeb79b.256p.jpg,LGA1700,Micro ATX,64 GB,2,Black / Red,5
MSI MEG Z690 GODLIKE,,https://cdna.pcpartpicker.com/static/forever/images/product/a5ad0637f14141f9770fd56d1f497574.256p.jpg,LGA1700,EATX,192 GB,4,Black / Silver,0
ASRock Z690M PG RIPTIDE/D5,,https://cdna.pcpartpicker.com/static/forever/images/product/8d57cd1736cfdce21702c2b881e4efb1.256p.jpg,LGA1700,Micro ATX,192 GB,4,Black / Silver,0
Gigabyte Z690I AORUS ULTRA LITE,,https://cdna.pcpartpicker.com/static/forever/images/product/5cb9082b6bca2089f336fdffc9522304.256p.jpg,LGA1700,Mini ITX,96 GB,2,Black,3.5
Asus PRIME H610I-PLUS D4,,,LGA1700,Mini ITX,64 GB,2,Silver / Black,0
Biostar X670E VALKYRIE,,https://cdna.pcpartpicker.com/static/forever/images/product/dd5b2c70ca5c6174c1b255f97fa775b7.256p.jpg,AM5,ATX,192 GB,4,Black,0
Asus PRIME-H510M-F,,,LGA1200,Micro ATX,64 GB,2,Black / Silver,0
Asus PRIME H610M-F D4,,,LGA1700,Micro ATX,64 GB,2,Black / Silver,4
MSI B560M PRO-VDH WIFI (CEC),,,LGA1200,Micro ATX,128 GB,4,Black,0
Biostar B45M2,,,AM4,Micro ATX,32 GB,2,Black / Silver,0
ECS B450AM4-M,,,AM4,Micro ATX,64 GB,4,Brown / Black,0
Asus PRIME A620M-A,,,AM5,Micro ATX,192 GB,4,Silver / Black,0
MSI Z790 GAMING WIFI,,https://cdna.pcpartpicker.com/static/forever/images/product/61506ae2eb9bda3a81247f4cadfe6f3b.256p.jpg,LGA1700,ATX,256 GB,4,Black,5
Asus PRIME A620M-E,,https://cdna.pcpartpicker.com/static/forever/images/product/78245365f429a75105bf560f6ab705df.256p.jpg,AM5,Micro ATX,96 GB,2,Black / Silver,0
Gigabyte Z790 AORUS ELITE X,,,LGA1700,ATX,256 GB,4,Black,0
Biostar H610MHP 2.0,,https://cdna.pcpartpicker.com/static/forever/images/product/1984940910dfb1160f5c6c768cea5b72.256p.jpg,LGA1700,Micro ATX,64 GB,2,Black,0
Asus PRIME B760M-F D4-CSM,,,LGA1700,Micro ATX,64 GB,2,Black,0
Gigabyte B650M D2HP (rev. 1.2),,,AM5,Micro ATX,96 GB,2,Black / Gray,0
Asus Pro H810M-C-CSM,,https://cdna.pcpartpicker.com/static/forever/images/product/6baf8835f38d23908f4b231911f0f956.256p.jpg,LGA1851,Micro ATX,128 GB,2,Green / Black,0
Gigabyte B860M AORUS PRO WIFI7,,,LGA1851,Micro ATX,256 GB,4,Black,0
Asus PRIME H610M-F WIFI D4,,,LGA1700,Micro ATX,64 GB,2,Black / Silver,0
Gigabyte B760M AORUS ELITE GEN5,,,LGA1700,Micro ATX,256 GB,4,Black / Silver,0
ASRock B850M Pro Plus WiFi,,,AM5,Micro ATX,256 GB,4,Silver,0
Asus PRIME A620AM-A,,,AM5,Micro ATX,256 GB,4,Black / Silver,0
Asus TUF GAMING A620AM-PLUS,,,AM5,Micro ATX,256 GB,4,Black / Gray,0
Gigabyte B650EM DS3H WIFI6E,,,AM5,Micro ATX,256 GB,4,Black / Gray,0
Biostar B760MXC PRO,,https://cdna.pcpartpicker.com/static/forever/images/product/da25b0197e1bec48f6033770442471f7.256p.jpg,LGA1700,Micro ATX,192 GB,4,Black / Silver,0
Gigabyte Q670M D3H,,,LGA1700,Micro ATX,128 GB,4,Brown / Gray,0
Gigabyte B760M AORUS PRO AX DDR4,,https://cdna.pcpartpicker.com/static/forever/images/product/d7d6fb0f20ae347d82a530a313eaa80a.256p.jpg,LGA1700,Micro ATX,128 GB,4,Black / Silver,0
Gigabyte B760M AORUS PRO AX,,https://cdna.pcpartpicker.com/static/forever/images/product/d7d6fb0f20ae347d82a530a313eaa80a.256p.jpg,LGA1700,Micro ATX,192 GB,4,Black / Silver,5
ASRock X570 Extreme4 WiFi ax,,,AM4,ATX,128 GB,4,Black / Silver,0
ASRock Z490 Phantom Gaming-ITX/TB3,,https://cdna.pcpartpicker.com/static/forever/images/product/f0e3f73ddbb1fba3927c9afb843563d9.256p.jpg,LGA1200,Mini ITX,64 GB,2,Black,0
ASRock Z490 Phantom Gaming 4/ax,,,LGA1200,ATX,128 GB,4,Black / Gray,0
Asus PRIME H470M-PLUS/CSM,,https://cdna.pcpartpicker.com/static/forever/images/product/cc88673092273a7b0605dfb3fc349cca.256p.jpg,LGA1200,Micro ATX,128 GB,4,Black / Silver,4
MSI B550M PRO-DASH,,,AM4,Micro ATX,128 GB,4,Black,0
Asus ROG Maximus XIII Apex,,https://cdna.pcpartpicker.com/static/forever/images/product/d6d110f31b6ce43e2c9e1006be862158.256p.jpg,LGA1200,ATX,64 GB,2,Black,4.5
Gigabyte H510M DS2V,,https://cdna.pcpartpicker.com/static/forever/images/product/0215457fa4ec0caf31c3a196affbe0c8.256p.jpg,LGA1200,Micro ATX,64 GB,2,Black,0
Asus PRIME H510M-A/CSM,,https://cdna.pcpartpicker.com/static/forever/images/product/d649d64a0fa32a9f56d1579c58bd6a84.256p.jpg,LGA1200,Micro ATX,64 GB,2,Black / Silver,4
Asus Pro H510M-C/CSM,,https://cdna.pcpartpicker.com/static/forever/images/product/ec395f799ffb1d1cc17338f1062ca1bd.256p.jpg,LGA1200,Micro ATX,64 GB,2,Green,0
Gigabyte Z690 AORUS XTREME,,https://cdna.pcpartpicker.com/static/forever/images/product/ddbc51f12fde98ab45ca8f9b42bd8c3f.256p.jpg,LGA1700,EATX,192 GB,4,Black,0
Biostar Z690GTA,,,LGA1700,ATX,128 GB,4,Blue / Black,0
Gigabyte Z690 AORUS PRO DDR4,,https://cdna.pcpartpicker.com/static/forever/images/product/0765b9913dda22d07eaf806d257bdb5f.256p.jpg,LGA1700,ATX,128 GB,4,Black / Silver,0
Gigabyte Z690 UD AX,,https://cdna.pcpartpicker.com/static/forever/images/product/e2a7c8818d4836e51172d19e5b7ab0f5.256p.jpg,LGA1700,ATX,192 GB,4,Black,0
Asus Pro H610M-C-CSM,,https://cdna.pcpartpicker.com/static/forever/images/product/b46792036f1756e97012a034efa2ebb8.256p.jpg,LGA1700,Micro ATX,64 GB,2,Green / Black,0
MSI MEG Z590 ACE GOLD EDITION,,https://cdna.pcpartpicker.com/static/forever/images/product/9a297e554d8ad89c97b663e3cea1f203.256p.jpg,LGA1200,ATX,128 GB,4,Silver / Gold,0
MSI MAG H670 TOMAHAWK WIFI DDR4,,https://cdna.pcpartpicker.com/static/forever/images/product/b0390ddfdf81a432d785e4a9b27457ac.256p.jpg,LGA1700,ATX,128 GB,4,Black / Silver,0
MSI PRO B660M-B,,https://cdna.pcpartpicker.com/static/forever/images/product/227347fe407e5d2f739486f79ef9e659.256p.jpg,LGA1700,Micro ATX,96 GB,2,Black / Silver,0
Gigabyte Z690M DS3H DDR4,,https://cdna.pcpartpicker.com/static/forever/images/product/8f3d6b2be4758005f6ae8fb3e72ff215.256p.jpg,LGA1700,Micro ATX,128 GB,4,Brown / Gray,0
Gigabyte H510M K,,https://cdna.pcpartpicker.com/static/forever/images/product/abef74faa3ff8debea6743889505e212.256p.jpg,LGA1200,Micro ATX,64 GB,2,Black,4
Gigabyte H610M S2 DDR4 (rev. 1.2),,,LGA1700,Micro ATX,64 GB,2,Black,0
Biostar H510MH 2.0,,,LGA1200,Micro ATX,64 GB,2,Black / Silver,0
MSI MAG B760M MORTAR,,https://cdna.pcpartpicker.com/static/forever/images/product/4e4cc0421527835fc22bb3854cd7e2da.256p.jpg,LGA1700,Micro ATX,192 GB,4,Silver / Black,0
Asus PRIME B650M-A-CSM,353.54,https://cdna.pcpartpicker.com/static/forever/images/product/924954f164466be7ba031d7aac3daaca.256p.jpg,AM5,Micro ATX,128 GB,4,Silver / Black,0
ASRock Z690-C/ac,,,LGA1700,ATX,128 GB,4,Black / Silver,3
Asus PRIME H610M-E-CSM,,https://cdna.pcpartpicker.com/static/forever/images/product/e430f2c29207a46686ad982bd2974601.256p.jpg,LGA1700,Micro ATX,96 GB,2,Silver / Black,0
ASRock B760M PG Lightning,,https://cdna.pcpartpicker.com/static/forever/images/product/d3afad48aa379dfa0b93272244d9d613.256p.jpg,LGA1700,Micro ATX,192 GB,4,Black,0
Asus PRIME A520M-R-CSM,,,AM4,Micro ATX,64 GB,2,Silver / Black,0
MSI PRO A620M-C EX,,,AM5,Micro ATX,96 GB,2,Black,0
Asus PRIME H510M-F R3.0,,,LGA1200,Micro ATX,64 GB,2,Silver / Black,0
MSI PRO Z890-P,,,LGA1851,ATX,256 GB,4,Silver / Black,0
Gigabyte B860M H,,,LGA1851,Micro ATX,128 GB,2,Silver / Black,0
MAXSUN Challenger H610M ITX 2LAN,,,LGA1700,Mini ITX,64 GB,2,Black,0
Biostar B650M X3D PRO+,,,AM5,Micro ATX,192 GB,4,Black / Silver,0
Asus B760M-AYW WIFI II,,,LGA1700,Micro ATX,96 GB,2,Black / Silver,0
Asus PRIME B650EM-A WIFI-CSM,,,AM5,Micro ATX,256 GB,4,Black / Silver,0
Gigabyte B760M H,,,LGA1700,Micro ATX,128 GB,2,Black,0
MSI PRO B850M-B GEN4,,,AM5,Micro ATX,128 GB,2,Black / Silver,0
Gigabyte B850M FORCE V2,,,AM5,Micro ATX,128 GB,2,Silver / Black,0
Asus PRIME Z790M-PLUS D4-CSM,,,LGA1700,Micro ATX,128 GB,4,Black / Silver,0
Biostar B850MT2-E DJ,,https://cdna.pcpartpicker.com/static/forever/images/product/b7c450011f57f8509e77cd4b84d94a61.256p.jpg,AM5,Micro ATX,128 GB,2,Black,0
MSI PRO H810M-B WIFI6E,,,LGA1851,Micro ATX,128 GB,2,Silver / Black,0
Biostar B650MS2-E,,https://cdna.pcpartpicker.com/static/forever/images/product/129fc49f042b2ace7e97b6bb192c8c95.256p.jpg,AM5,Micro ATX,96 GB,2,Black,0
Biostar X470GTN,,https://cdna.pcpartpicker.com/static/forever/images/product/5d58a457d0482fae4455ebf8b62af432.256p.jpg,AM4,Mini ITX,32 GB,2,Black,4
Biostar B450GT3,,,AM4,Micro ATX,64 GB,4,Black / Silver,0
Biostar X470NH,,,AM4,Mini ITX,32 GB,2,Black / Silver,0
Gigabyte H470 AORUS PRO AX,,,LGA1200,ATX,128 GB,4,Black / Silver,0
Asus ROG STRIX Z490-G GAMING,,,LGA1200,Micro ATX,128 GB,4,Black,0
Asus Pro Q470M-C/CSM,,https://cdna.pcpartpicker.com/static/forever/images/product/2807810d19037c2e34507a7dfae25c4b.256p.jpg,LGA1200,Micro ATX,128 GB,4,Green,0
ASRock Z490D4U-2L2T,,https://cdna.pcpartpicker.com/static/forever/images/product/361a36c530070055ea5af2c5ebd134db.256p.jpg,LGA1200,Micro ATX,128 GB,4,Green / Blue,0
Asus PRIME B460I-PLUS,,,LGA1200,Mini ITX,64 GB,2,Silver / Black,0
ASRock H570M-ITX/ac,,https://cdna.pcpartpicker.com/static/forever/images/product/3fae37f7a08636c4a4c203a47ef30bf3.256p.jpg,LGA1200,Mini ITX,64 GB,2,Silver / Black,4.5
Gigabyte Z490 UD AC-Y1,,https://cdna.pcpartpicker.com/static/forever/images/product/7abe0f69218ecabf456b93f83c447427.256p.jpg,LGA1200,ATX,128 GB,4,Black,0
Gigabyte Z690 UD AC,,,LGA1700,ATX,192 GB,4,Black,0
Gigabyte B660 AORUS Master,,https://cdna.pcpartpicker.com/static/forever/images/product/a0d88f97a32db5b3efa273de60f535db.256p.jpg,LGA1700,ATX,192 GB,4,Black,0
Gigabyte B660M GAMING X AX,,,LGA1700,Micro ATX,192 GB,4,Black,0
Biostar H610MH,,,LGA1700,Micro ATX,64 GB,2,Gray / Black,0
Gigabyte Z690I AORUS ULTRA PLUS (rev. 1.0),,https://cdna.pcpartpicker.com/static/forever/images/product/0a1c9d7c26f7bb4314944c61e8f38b5b.256p.jpg,LGA1700,Mini ITX,96 GB,2,,4
Asus PRIME X670-P-CSM,,https://cdna.pcpartpicker.com/static/forever/images/product/f95558831b24efc3f03748699e588459.256p.jpg,AM5,ATX,192 GB,4,Silver / Black,0
Biostar Z790 VALKYRIE,,,LGA1700,ATX,256 GB,4,Black,0
Gigabyte B660-AORUS-ELITE-DDR4,,,LGA1700,ATX,128 GB,4,Black,0
Asus PRO-B660M-C-CSM,,,LGA1700,Micro ATX,128 GB,4,Green / Black,0
MSI PRO B660M-G,,https://cdna.pcpartpicker.com/static/forever/images/product/bced2e057937cb7d034f220fb54f8191.256p.jpg,LGA1700,Micro ATX,96 GB,2,Black / Silver,0
Gigabyte B760 AORUS MASTER DDR4,,https://cdna.pcpartpicker.com/static/forever/images/product/faa12f5f775f5abef505fc388addc49a.256p.jpg,LGA1700,ATX,128 GB,4,Black,0
Gigabyte B760M AORUS ELITE,,,LGA1700,Micro ATX,192 GB,4,Black / Silver,0
Gigabyte B760M POWER DDR4,,,LGA1700,Micro ATX,64 GB,2,Black,0
Gigabyte B760M D2H,,,LGA1700,Micro ATX,96 GB,2,Black,0
Biostar B560MX-E PRO,,,LGA1200,Micro ATX,128 GB,4,Brown / Silver,0
Gigabyte B560M DS3H PLUS,,,LGA1200,Micro ATX,128 GB,4,Black,0
MSI PRO B760M-G,,,LGA1700,Micro ATX,96 GB,2,Black,0
Gigabyte H610M S2H,,https://cdna.pcpartpicker.com/static/forever/images/product/6bb856eb2991ddfd386e8ea41a1674b9.256p.jpg,LGA1700,Micro ATX,64 GB,2,Brown / Silver,0
Gigabyte B650E AORUS TACHYON,,,AM5,ATX,96 GB,2,Silver / Black,0
Gigabyte H410M S2 V2,,https://cdna.pcpartpicker.com/static/forever/images/product/d145cff873c02ba4d214744a3cdafe2a.256p.jpg,LGA1200,Micro ATX,64 GB,2,Gray / Black,0
Gigabyte Z790 AORUS ELITE AX-W,,https://cdna.pcpartpicker.com/static/forever/images/product/e9f2ca8a7b1652d7e2f410234f4d6adb.256p.jpg,LGA1700,ATX,256 GB,4,Silver / Black,5
Asus PRIME B650M-K-CSM,,,AM5,Micro ATX,96 GB,2,Silver / Black,0
Gigabyte H610M H,,https://cdna.pcpartpicker.com/static/forever/images/product/bdb11cfa4d5a68f3702f5a91f698d278.256p.jpg,LGA1700,Micro ATX,64 GB,2,Brown / Silver,0
Gigabyte B760M D DDR4,,,LGA1700,Micro ATX,64 GB,2,Gray / Black,0
Gigabyte H410M K,,,LGA1200,Micro ATX,64 GB,2,Brown / Gray,0
Asus PRIME H610M-E,,,LGA1700,Micro ATX,96 GB,2,Silver / Black,0
Biostar B550MT,,https://cdna.pcpartpicker.com/static/forever/images/product/c5a88a18f84d02f6da039f977480b214.256p.jpg,AM4,Micro ATX,64 GB,2,Black,0
Asus EX-B650M-V7,,,AM5,Micro ATX,96 GB,2,Black / Red,0
MSI PRO B760-VC,,,LGA1700,ATX,192 GB,4,Black,0
ASRock B760M Pro-A,,,LGA1700,Micro ATX,192 GB,4,White / Black,0
Asus PRIME H410M-K R3.0,,,LGA1200,Micro ATX,64 GB,2,Silver / Black,0
MSI Z790MPOWER,,https://cdna.pcpartpicker.com/static/forever/images/product/b07c9719bb36a3ddc12e5105a50f9b66.256p.jpg,LGA1700,Micro ATX,128 GB,2,Black / Silver,0
ASRock H610M-X D5,,,LGA1700,Micro ATX,96 GB,2,Black / Silver,0
Gigabyte Z790 D WIFI (rev. 1.0),,,LGA1700,ATX,256 GB,4,Black / Gray,0
MSI MAG A520M BAZOOKA WIFI,,,AM4,Micro ATX,128 GB,4,Black,0
Asus PRIME B860M-K-CSM,,,LGA1851,Micro ATX,128 GB,2,Silver / Black,0
Biostar B850MT-E PRO,,,AM5,Micro ATX,256 GB,4,Black / Gray,0
MAXSUN iCraft Z790ITX WIFI,,,LGA1700,Mini ITX,96 GB,2,Black / Silver,0
MAXSUN iCraft Z890 PACIFIC,,,LGA1851,ATX,256 GB,4,Black,0
MAXSUN B660M GAMING WIFI ICE,,,LGA1700,Micro ATX,64 GB,2,Silver / Blue,0
Asus PRIME B850M-K-CSM,,,AM5,Micro ATX,128 GB,2,Black / Silver,0
Asus PRIME B850M-A,,,AM5,Micro ATX,256 GB,4,Black / Silver,0
Gigabyte B760M AORUS ELITE DDR4 GEN5,,,LGA1700,Micro ATX,128 GB,4,,0
Asus PRIME H810M-E,,,LGA1851,Micro ATX,128 GB,2,Black / Silver,0
MSI PRO B850M-A,,,AM5,Micro ATX,256 GB,4,Black / Silver,0
MSI PRO B860M-B WIFI,,,LGA1851,Micro ATX,128 GB,2,Black / Silver,0
Asus PRIME B760M-A WIFI II-CSM,,,LGA1700,Micro ATX,256 GB,4,Black / Silver,0
MSI PRO H610M-S WIFI,,,LGA1700,Micro ATX,128 GB,2,Black,0
ASRock H610M-HVS/M.2 D5 Gen5,67,https://cdna.pcpartpicker.com/static/forever/images/product/97103e5344bca2a640b4cb5d4ea071da.256p.jpg,LGA1700,Micro ATX,128 GB,2,Black,0
Asus B850 MAX GAMING WIFI-CSM,,,AM5,ATX,256 GB,4,Black,0
Gigabyte X870 AORUS INFINITY,,,AM5,EATX,128 GB,2,Black / Silver,0
Biostar B760MX2-E D4,,,LGA1700,Micro ATX,64 GB,2,Black,0
Supermicro C9Z490-PG,810.12,https://cdna.pcpartpicker.com/static/forever/images/product/0a6ee2a39d4fde8844650309cb8222d4.256p.jpg,LGA1200,ATX,128 GB,4,Black,0
Gigabyte X470 AORUS GAMING 7 WIFI-50,,,AM4,ATX,64 GB,4,Black / Silver,5
Biostar X570GT8,,,AM4,ATX,128 GB,4,Black,5
Biostar X570GT,,,AM4,Micro ATX,128 GB,4,Black,0
Gigabyte Z490 AORUS ULTRA,,https://cdna.pcpartpicker.com/static/forever/images/product/94681a92c6fd144abcf99ad8b65b25db.256p.jpg,LGA1200,ATX,128 GB,4,Black / Silver,4
Gigabyte Z490 AORUS ULTRA G2,,https://cdna.pcpartpicker.com/static/forever/images/product/1ac2bdc36c3baa970b5eb5713d992b2a.256p.jpg,LGA1200,ATX,128 GB,4,Black / Red,5
ASRock H470 Phantom Gaming 4,,https://cdna.pcpartpicker.com/static/forever/images/product/383a970abc71794caed4efbd404b76b8.256p.jpg,LGA1200,ATX,128 GB,4,Black / Gray,0
ASRock H410M-HDVP,,,LGA1200,Micro ATX,64 GB,2,Black / Silver,0
Biostar B550GTQ,,https://cdna.pcpartpicker.com/static/forever/images/product/3739f5e5d1ad6bf8b4163d2a599a6dc8.256p.jpg,AM4,Micro ATX,128 GB,4,Black,0
MSI H410M PRO-VH,,https://cdna.pcpartpicker.com/static/forever/images/product/6142cbf689405697433bd59edab36f66.256p.jpg,LGA1200,Micro ATX,64 GB,2,Black / Silver,0
Biostar Z490GTA EVO,,,LGA1200,ATX,128 GB,4,Black,0
Biostar Racing Z490A-Silver,,https://cdna.pcpartpicker.com/static/forever/images/product/d8eedf1ea5f6b8fde067bb4dd76cfc2d.256p.jpg,LGA1200,ATX,128 GB,4,Black / White,0
Colorful CVN B460I GAMING FROZEN V20,,,LGA1200,Mini ITX,64 GB,2,White / Black,5
ASRock H510M/ac,,https://cdna.pcpartpicker.com/static/forever/images/product/de7216adaf1715556cfa863eb422c949.256p.jpg,LGA1200,Micro ATX,64 GB,2,Silver / Black,0
ASRock H570M Pro4,,https://cdna.pcpartpicker.com/static/forever/images/product/bf77e10db3a61408cb32784d2522b076.256p.jpg,LGA1200,Micro ATX,128 GB,4,Silver / Black,0
Asus PRIME H570M-PLUS/CSM,,https://cdna.pcpartpicker.com/static/forever/images/product/7e0bb1f4143a1e8e8a5c02a5412bfab7.256p.jpg,LGA1200,Micro ATX,128 GB,4,Black / Silver,0
EVGA Z590 FTW WIFI,,,LGA1200,ATX,128 GB,4,Black / Silver,4
Asus Pro B560M-C/CSM,,https://cdna.pcpartpicker.com/static/forever/images/product/09bbe1f1b8396fa707f9c64a7da1c925.256p.jpg,LGA1200,Micro ATX,128 GB,4,Green / Black,0
Biostar H510MH/E 2.0,,https://cdna.pcpartpicker.com/static/forever/images/product/92132a4f49c12256fde33562921896e3.256p.jpg,LGA1200,Micro ATX,64 GB,2,Black,0
ASRock Z590 Phantom Gaming 4/ac+,,,LGA1200,ATX,128 GB,4,Black,0
Asus PRIME H410I-PLUS/CSM,,https://cdna.pcpartpicker.com/static/forever/images/product/63aa59282e085370d27319d72a620df8.256p.jpg,LGA1200,Mini ITX,64 GB,2,Black,4
Biostar Z690 VALKYRIE,,,LGA1700,ATX,192 GB,4,Black / Gray,0
MSI MAG Z690M MORTAR WIFI,,https://cdna.pcpartpicker.com/static/forever/images/product/9e798d3b194264abfe82433176334a9a.256p.jpg,LGA1700,Micro ATX,192 GB,4,Silver / Black,5
ASRock Z690 STEEL LEGEND/D5,,https://cdna.pcpartpicker.com/static/forever/images/product/3cb2d9fa4b880deda9173138b9b213d9.256p.jpg,LGA1700,ATX,192 GB,4,Black / White,5
Gigabyte Q670M D3H DDR4 (rev. 1.0),,,LGA1700,Micro ATX,128 GB,4,Brown / Black,0
Biostar B760A-SILVER,,,LGA1700,ATX,192 GB,4,Silver / Black,0
Gigabyte B760 AORUS ELITE,,https://cdna.pcpartpicker.com/static/forever/images/product/5ca3bb6130674083bb4c3ba0b97a5fc7.256p.jpg,LGA1700,ATX,192 GB,4,Black,4
MSI MAG B760M MORTAR MAX WIFI,,https://cdna.pcpartpicker.com/static/forever/images/product/826e733a5780d89d11bc471740015cec.256p.jpg,LGA1700,Micro ATX,192 GB,4,Silver / Black,0
Biostar B650MXC PRO,,,AM5,Micro ATX,192 GB,4,Black / Silver,0
Gigabyte B760M GAMING X,,,LGA1700,Micro ATX,192 GB,4,Brown / Black,0
Asus PRIME A620M-K-CSM,,,AM5,Micro ATX,96 GB,2,Black / Silver,0
Colorful CVN Z790M FROZEN D5 V20,,https://cdna.pcpartpicker.com/static/forever/images/product/9b832cdf45bab5537467fb54772488ee.256p.jpg,LGA1700,Micro ATX,128 GB,4,Silver / Black,0
Colorful CVN Z790 GAMING FROZEN V20,,https://cdna.pcpartpicker.com/static/forever/images/product/db7986ca98c652c69ff1aa7d9f676d15.256p.jpg,LGA1700,ATX,128 GB,4,Silver / Black,0
MSI PRO Z790-P II,,,LGA1700,ATX,256 GB,4,Black,0
Asus PRIME H610M-R-CSM,,,LGA1700,Micro ATX,96 GB,2,Black,0
Asus PRIME B650M-R-CSM,,,AM5,Micro ATX,96 GB,2,Silver / Black,0
MSI PRO Z690-P WIFI,,,LGA1700,ATX,192 GB,4,Black,0
Gigabyte B760M D,,,LGA1700,Micro ATX,96 GB,2,Black / Gray,0
Gigabyte Z590M,,https://cdna.pcpartpicker.com/static/forever/images/product/9afc7f1aa161362ddb90ab47c313635e.256p.jpg,LGA1200,Micro ATX,128 GB,4,Black / Brown,0
Gigabyte B760M G AX,,,LGA1700,Micro ATX,96 GB,2,Black / Silver,0
Asus Z790-AYW WIFI W-CSM,,,LGA1700,ATX,192 GB,4,White,0
MSI Z790 GAMING PLUS WIFI7,,,LGA1700,ATX,256 GB,4,Black,0
Asus PRIME B650-PLUS WIFI-CSM,,,AM5,ATX,192 GB,4,Black / Silver,0
Gigabyte Z890 UD,,,LGA1851,ATX,256 GB,4,Black / Gray,0
Biostar A520MS,,,AM4,Micro ATX,64 GB,2,Black,0
Asus PRIME B860-PLUS,,,LGA1851,ATX,256 GB,4,Silver / Black,0
Asus PRIME B860M-A,,,LGA1851,Micro ATX,256 GB,4,Silver / Black,0
MAXSUN Terminator Z890-A WIFI,,,LGA1851,ATX,256 GB,4,Silver / Black,0
MSI PRO B860-VC WIFI6E,,,LGA1851,ATX,256 GB,4,Black,0
Asus EX-B650EM-V7 PLUS,,,AM5,Micro ATX,128 GB,2,Black / Red,0
Asus B850M AYW GAMING WIFI-CSM,,,AM5,Micro ATX,128 GB,2,Black / Silver,0
Biostar A620MS-E,,,AM5,Micro ATX,128 GB,2,Black,0
Biostar A520MHK,,,AM4,Micro ATX,64 GB,2,Black / Silver,0
MSI H510M PLUS II,,,LGA1200,Micro ATX,64 GB,2,Black,0
MSI PRO B840M-P EVO WIFI6E PZ,,,AM5,Micro ATX,256 GB,4,Silver,0
ASRock B560M-HDV/M.2,,,LGA1200,Micro ATX,64 GB,2,Black,0
Biostar A620MT-E 2.0,,https://cdna.pcpartpicker.com/static/forever/images/product/4588ff0f7330c4715bff846a4eacd0a5.256p.jpg,AM5,Micro ATX,128 GB,2,Black / Gray,0
MSI PRO H610M-S DDR4 II,,,LGA1700,Micro ATX,64 GB,2,Black,0
MSI B550 GAMING,,,AM4,ATX,128 GB,4,Black / Silver,0
Gigabyte Z590 AORUS TACHYON,400.78,,LGA1200,EATX,64 GB,2,Black,0
Gigabyte A620M C,,https://cdna.pcpartpicker.com/static/forever/images/product/16c2b54dafb97715f15952826a75beec.256p.jpg,AM5,Micro ATX,192 GB,4,Gray / Black,0
Biostar B450MHC,,https://cdna.pcpartpicker.com/static/forever/images/product/4eb725d5967393933c1dc25677a5746f.256p.jpg,AM4,Micro ATX,32 GB,2,Black / Yellow,0
Biostar X570GTA,,https://cdna.pcpartpicker.com/static/forever/images/product/ef4a7ae1a0f5d7289a7393db220d6698.256p.jpg,AM4,ATX,128 GB,4,Black / Silver,0
ASRock Z490 Phantom Gaming 4/2.5G,,https://cdna.pcpartpicker.com/static/forever/images/product/c0c13044e9229b9512cc8c8144fc9c60.256p.jpg,LGA1200,ATX,128 GB,4,Black / Gray,0
ASRock Z490 PG Velocita,,https://cdna.pcpartpicker.com/static/forever/images/product/7f9aa3e00a61d93877f1a9a73d0075fb.256p.jpg,LGA1200,ATX,128 GB,4,Black / Silver,0
ASRock H470M-ITX/ac,,,LGA1200,Mini ITX,64 GB,2,Black / Silver,4.5
ASRock A520M-HDVP,,,AM4,Micro ATX,64 GB,2,Black / Silver,0
ASRock A520M-HDVP/DASH,,,AM4,Micro ATX,64 GB,2,Black / Silver,0
Biostar B450GT,,,AM4,Micro ATX,128 GB,4,Black,0
Biostar Z490GTN,,,LGA1200,Mini ITX,64 GB,2,Black,0
Colorful CVN X570 GAMING PRO V14,,,AM4,ATX,128 GB,4,Black / Silver,0
Colorful CVN B550M GAMING PRO V14,,,AM4,Micro ATX,128 GB,4,Black / Silver,0
Gigabyte H410M DS2V V2,,,LGA1200,Micro ATX,64 GB,2,Black / Silver,0
ASRock Z590 OC Formula,,https://cdna.pcpartpicker.com/static/forever/images/product/f556b08b2f92352fe57929ba1628a29f.256p.jpg,LGA1200,EATX,64 GB,2,Green / Black,0
ASRock B560M Pro4/ac+,,https://cdna.pcpartpicker.com/static/forever/images/product/420a045e8ab4dc574465995eb19f2e1a.256p.jpg,LGA1200,Micro ATX,128 GB,4,Black / Silver,0
Biostar Z590 VALKYRIE,,https://cdna.pcpartpicker.com/static/forever/images/product/46bde6d977d87d005d1ad3256c0745aa.256p.jpg,LGA1200,ATX,128 GB,4,Black / Gold,0
Asus PRIME B560M-A/CSM,,https://cdna.pcpartpicker.com/static/forever/images/product/526b6a9c328efdad76a1198ddbf699bd.256p.jpg,LGA1200,Micro ATX,128 GB,4,Silver / Black,5
Asus PRO H410M-C2/CSM,,,LGA1200,Micro ATX,64 GB,2,Green,0
Gigabyte Z690 AORUS ELITE,,,LGA1700,ATX,192 GB,4,Black,0
Asus EX-B660M-V5 D4,,,LGA1700,Micro ATX,64 GB,2,Red / Black,0
Gigabyte B660M AORUS Pro AX,,,LGA1700,Micro ATX,192 GB,4,Black,0
Gigabyte B660 GAMING X,,,LGA1700,ATX,192 GB,4,Black,0
Biostar B660GTA,,,LGA1700,ATX,128 GB,4,Blue / Black,0
Biostar B660MX-E,,,LGA1700,Micro ATX,64 GB,2,Gray / Black,0
Gigabyte Q570M D3H,,https://cdna.pcpartpicker.com/static/forever/images/product/41fb774a62272bb17c29bff0d7232c8d.256p.jpg,LGA1200,Micro ATX,128 GB,4,Black,0
Gigabyte Z790 AORUS ELITE,,,LGA1700,ATX,256 GB,4,Black,0
Gigabyte B660-AORUS-ELITE-AX-DDR4,,,LGA1700,ATX,128 GB,4,Black,0
Biostar B660MX-E PRO,,,LGA1700,Micro ATX,128 GB,4,Black / Silver,0
MSI A520M PRO-C DASH,,,AM4,Micro ATX,64 GB,2,Brown / Black,0
Gigabyte H470M H,,https://cdna.pcpartpicker.com/static/forever/images/product/8716195316cf170b8e58185769729a8f.256p.jpg,LGA1200,Micro ATX,64 GB,2,Black,0
Gigabyte Z690 UD DDR4 V2,,,LGA1700,ATX,128 GB,4,Black,0
Asus PRIME H410M-F,,,LGA1200,Micro ATX,64 GB,2,Black / Silver,0
MSI PRO-B660M-VC-WIFI-DDR4,,,LGA1700,Micro ATX,128 GB,4,Black,0
MSI Z490 PLUS,,,LGA1200,ATX,128 GB,4,Black,0
Biostar H510MHP 2.0,,https://cdna.pcpartpicker.com/static/forever/images/product/101ac6b1cf77e2f1e1d25fab7776bd5f.256p.jpg,LGA1200,Micro ATX,64 GB,2,Black,0
Biostar B560MHP 2.0,,https://cdna.pcpartpicker.com/static/forever/images/product/7dcc29262b6803b129689becd87795ad.256p.jpg,LGA1200,Micro ATX,64 GB,2,Black,0
Gigabyte Z790 AORUS TACHYON,,https://cdna.pcpartpicker.com/static/forever/images/product/31f8ea4e075d2983802254acb2094b42.256p.jpg,LGA1700,EATX,128 GB,2,Silver / Black,0
Asus PRIME B760-PLUS-CSM,,,LGA1700,ATX,192 GB,4,Silver / Black,0
Asus PRIME H610M-R D4-CSM,,,LGA1700,Micro ATX,64 GB,2,Black,0
Asus EX-B760M-V5,,,LGA1700,Micro ATX,96 GB,2,Red / Black,0
Gigabyte H510M S2 V2,,,LGA1200,Micro ATX,64 GB,2,Brown / Gray,0
Asus PRIME H510M-E R2.0,,https://cdna.pcpartpicker.com/static/forever/images/product/e5c05a828d50224a371d00cab479aa44.256p.jpg,LGA1200,Micro ATX,64 GB,2,Silver / Black,0
Gigabyte B760M AORUS ELITE AX (rev. 1.2),,,LGA1700,Micro ATX,192 GB,1,Black / Silver,0
Gigabyte B760M GAMING WIFI,,https://cdna.pcpartpicker.com/static/forever/images/product/37684ff8813431c42ce1156be328f021.256p.jpg,LGA1700,Micro ATX,128 GB,2,Silver / Black,0
Asus PRIME Z790-V WIFI-CSM,,,LGA1700,ATX,192 GB,4,Black / Silver,0
Biostar A620MT,,https://cdna.pcpartpicker.com/static/forever/images/product/97c32f352d864fc801894649ce80d0cd.256p.jpg,AM5,Micro ATX,96 GB,2,Black,0
Asus Pro H610M-CT2 D4-CSM,,,LGA1700,Micro ATX,64 GB,2,Green,0
Biostar B650MS2,,,AM5,Micro ATX,96 GB,2,Black / Silver,0
Biostar H610MHD D5,,,LGA1700,Micro ATX,96 GB,2,Black,0
MSI MAG B760M MORTAR II,,,LGA1700,Micro ATX,192 GB,4,Silver / Black,0
ASRock A620M-HDVP,,,AM5,Micro ATX,96 GB,2,Black,0
ASRock Q670M vPro,,,LGA1700,Micro ATX,192 GB,4,Black / Silver,0
Biostar H510MHP-E 3.0,,,LGA1200,Micro ATX,64 GB,2,Black / Silver,0
Asus Z790-AYW OC WIFI,,,LGA1700,ATX,96 GB,2,Black / Silver,0
MSI MAG B550M VECTOR WIFI,,,AM4,Micro ATX,64 GB,2,Black,0
Asus PRIME B650M-F-CSM,,,AM5,Micro ATX,96 GB,2,Black / Silver,0
Asus B860M-BRO,,,LGA1851,Micro ATX,128 GB,2,White / Black,0
Asus EX-B860M-V5-CSM,,,LGA1851,Micro ATX,128 GB,2,Red / Black,0
Asus PRIME H810M-A,,,LGA1851,Micro ATX,128 GB,2,Silver / Black,0
Gigabyte B860M POWER,,,LGA1851,Micro ATX,128 GB,2,Gray / Black,0
Asus Z790-AYW WIFI W II-CSM,,,LGA1700,ATX,192 GB,4,White,0
MSI PRO B860M-VC WIFI6E,,,LGA1851,Micro ATX,256 GB,4,Black,0
MSI PRO B850M-X,,,AM5,Micro ATX,128 GB,2,Silver / Black,0
Gigabyte B760M GAMING WIFI6E GEN5,,,LGA1700,Micro ATX,128 GB,2,Silver / Black,0
Asus EX-B850M-V7-CSM,,,AM5,Micro ATX,128 GB,2,Red / Black,0
Asus PRIME A620AM-K-CSM,,,AM5,Micro ATX,128 GB,2,Black,0
Biostar A620MH AURORA,,,AM5,Micro ATX,128 GB,2,Black,0
Asus PRIME B760M-A WIFI II,,,LGA1700,Micro ATX,256 GB,4,Black / Silver,0
Gigabyte B860M K GEN5,,,LGA1851,Micro ATX,128 GB,2,Black / Gray,0
Asus EX-B850M-V9,,,AM5,Micro ATX,256 GB,4,Black / Red,0
ASRock H610M-X D5 Gen5,,,LGA1700,Micro ATX,128 GB,2,White,0
Asus B850M-E AYW GAMING WIFI,,,AM5,Micro ATX,128 GB,2,Silver / Black,0
MSI PRO H610M-S WIFI DDR4 II,,,LGA1700,Micro ATX,64 GB,2,Black,0
Gigabyte B550 UD WF6E,,,AM4,ATX,128 GB,4,Black,0
Asus PRIME A520M-K ARGB,,https://cdna.pcpartpicker.com/static/forever/images/product/dc2b5319ad84bfea791c4763695eea92.256p.jpg,AM4,Micro ATX,64 GB,2,Black,0
Gigabyte B840M FORCE WIFI6E,,,AM5,Micro ATX,128 GB,2,Black / Orange,0
Biostar H610MHP,94.52,,LGA1700,Micro ATX,64 GB,2,Brown / Black,0
Asus PRIME Z890-P-CSM,,,LGA1851,ATX,256 GB,4,Black / Silver,0
MSI X470 GAMING PRO CARBON AC,,,AM4,ATX,64 GB,4,Black / Silver,0
Biostar X470GTQ,,,AM4,Micro ATX,64 GB,4,Black / Silver,0
ASRock Z490 Phantom Gaming 4SR,,,LGA1200,ATX,128 GB,4,Black,0
ASRock H470 Steel Legend,,https://cdna.pcpartpicker.com/static/forever/images/product/9348f065839fa43339ce5e23a01b2ee9.256p.jpg,LGA1200,ATX,128 GB,4,Black / Silver,0
ASRock H410M-HDVP2,,,LGA1200,Micro ATX,64 GB,2,Black / Silver,0
Biostar Racing Z490T-Silver,,https://cdna.pcpartpicker.com/static/forever/images/product/e5d1814998040aac9c73be2435b5f1f5.256p.jpg,LGA1200,Mini ITX,64 GB,2,Black / Silver,0
Biostar Z490GTA,,,LGA1200,ATX,128 GB,4,Black,0
Biostar H410MHG,,,LGA1200,Micro ATX,64 GB,2,Black,0
ASRock Z590 Phantom Gaming 4/ac,,,LGA1200,ATX,128 GB,4,Silver / Black,0
Biostar Z590GTA,,https://cdna.pcpartpicker.com/static/forever/images/product/c13865b8196dc87754c9108ec979b117.256p.jpg,LGA1200,ATX,128 GB,4,Blue / Black,0
Gigabyte H410M HD3P,,,LGA1200,Micro ATX,64 GB,2,Black / Silver,0
Gigabyte H410M SH2 V2,,,LGA1200,Micro ATX,64 GB,2,Black / Silver,0
Asus EX-B560M-V5,,,LGA1200,Micro ATX,64 GB,2,Red / Black,0
Asus PRIME H510M-A WIFI/CSM,,,LGA1200,Micro ATX,64 GB,2,Black / Silver,0
Asus PRIME H510M-D/CSM,,https://cdna.pcpartpicker.com/static/forever/images/product/af83ebb001cc2f126220c74ae9e06b70.256p.jpg,LGA1200,Micro ATX,64 GB,2,Black / Silver,0
EVGA Z590 DARK,,https://cdna.pcpartpicker.com/static/forever/images/product/fcc0e13efea7a5045cdef353e79dd147.256p.jpg,LGA1200,EATX,64 GB,2,Black,0
ASRock B660M-HDVP/D5,,,LGA1700,Micro ATX,96 GB,2,Black / Silver,0
ASRock H610M-HDVP/D5,,,LGA1700,Micro ATX,96 GB,2,Black / Silver,0
Asus PRIME H670-PLUS D4-CSM,,,LGA1700,ATX,128 GB,4,Silver / Black,0
Gigabyte B660M AORUS Pro,,,LGA1700,Micro ATX,192 GB,4,Black,0
Gigabyte B660M GAMING X,,,LGA1700,Micro ATX,192 GB,4,Black,0
Biostar B660GTQ,,,LGA1700,Micro ATX,128 GB,4,Blue / Black,0
Biostar B660GTN,,,LGA1700,Mini ITX,64 GB,2,Blue / Black,0
Gigabyte B660M POWER DDR4,,,LGA1700,Micro ATX,64 GB,2,Black,0
MSI PRO H610M-C EX,,,LGA1700,Micro ATX,96 GB,2,Black / Silver,0
MSI PRO B660-A,,,LGA1700,ATX,192 GB,4,Black / Silver,0
Biostar Z690A-SILVER,,,LGA1700,ATX,128 GB,4,Silver / Black,0
MSI Z790-S01,,,LGA1700,ATX,256 GB,4,Black / Silver,0
Asus PRIME B650M-A WIFI-CSM,,,AM5,Micro ATX,128 GB,4,Silver / Black,0
Gigabyte Z690 UD AX DDR4 V2,,,LGA1700,ATX,128 GB,4,Black,0
Asus EX-B660M-V5-PRO-D4,,,LGA1700,Micro ATX,64 GB,2,Red / Black,0
Asus Z490-GUNDAM (WI-FI),,,LGA1200,ATX,128 GB,4,Silver / Black,0
Asus PRIME B760M-AJ D4,,,LGA1700,Micro ATX,128 GB,4,Silver / Black,0
Gigabyte B760 AORUS ELITE DDR4,,,LGA1700,ATX,128 GB,4,Black / Silver,0
Biostar B760M-SILVER,,,LGA1700,Micro ATX,192 GB,4,Silver / Black,0
Gigabyte B760M AORUS PRO DDR4,,,LGA1700,Micro ATX,128 GB,4,Black / Silver,0
Gigabyte B760M AORUS PRO,,,LGA1700,Micro ATX,192 GB,4,Black / Silver,0
Biostar B560M-SILVER,,,LGA1200,Micro ATX,128 GB,4,Silver / Black,0
Biostar B560MHP,,,LGA1200,Micro ATX,64 GB,2,Black,0
Biostar B760MX2-E,,https://cdna.pcpartpicker.com/static/forever/images/product/548a09dbae573b33799be5a8f320a8e8.256p.jpg,LGA1700,Micro ATX,96 GB,2,Black,0
Gigabyte B760M POWER,,,LGA1700,Micro ATX,96 GB,2,Gray / Black,0
Asus PRIME B760M-K-CSM,,,LGA1700,Micro ATX,96 GB,2,Silver / Black,0
Gigabyte A620M S2H (rev. 1.0),,,AM5,Micro ATX,96 GB,2,Black,0
ASRock B760M-HDVP,,,LGA1700,Micro ATX,96 GB,2,Black / Silver,0
Asus Pro Q670M-CE D4-CSM,,,LGA1700,Micro ATX,128 GB,4,Green / Black,0
ASRock B660M-HDVP/D5 R2.0,,,LGA1700,Micro ATX,96 GB,2,Black / Silver,0
Asus PRIME B760M-R D4-CSM,,,LGA1700,Micro ATX,64 GB,2,Black / Silver,0
Asus PRIME H610M-F D4 R2.0-CSM,,,LGA1700,Micro ATX,64 GB,2,Black / Silver,0
Asus PRIME H610M-K D4 ARGB-CSM,,,LGA1700,Micro ATX,64 GB,2,Black / Silver,0
Asus PRIME Z790-V AX-CSM,,,LGA1700,ATX,192 GB,4,Silver / Black,0
Gigabyte H610M S2 V3 DDR4,,,LGA1700,Micro ATX,64 GB,2,Black / Gray,0
Asus EX-B760M-V7,,,LGA1700,Micro ATX,96 GB,2,Black / Red,0
Asus Pro Q670M-CE-CSM,,,LGA1700,Micro ATX,192 GB,4,Green / Black,0
Asus PRIME B760M-F-CSM,,,LGA1700,Micro ATX,96 GB,2,Black / Gray,0
Gigabyte B660M K DDR4 (rev. 1.0),,,LGA1700,Micro ATX,64 GB,2,Black,0
Biostar H510MHP 4.0,,,LGA1200,Micro ATX,64 GB,2,Black / Silver,0
Asus B760M-AYW PRO WIFI-CSM,,,LGA1700,Micro ATX,96 GB,2,Black / Silver,0
Asus B860M-BRO-CSM,,,LGA1851,Micro ATX,128 GB,2,White / Black,0
Asus H810M AYW GAMING WIFI,,,LGA1851,Micro ATX,128 GB,2,Silver / Black,0
Gigabyte B860M AORUS ELITE,,,LGA1851,Micro ATX,256 GB,4,Black,0
Gigabyte B860M GAMING X,,,LGA1851,Micro ATX,256 GB,4,Silver / Black,0
Gigabyte B860M D,,,LGA1851,Micro ATX,128 GB,2,Silver / Black,0
MSI PRO H810M-C EX,,,LGA1851,Micro ATX,128 GB,2,Black,0
Biostar Z890 VALKYRIE,,https://cdna.pcpartpicker.com/static/forever/images/product/06a42fa771e42f6c57ad9204e0507a9e.256p.jpg,LGA1851,ATX,256 GB,4,Black,0
Biostar B860M-SILVER,,,LGA1851,Micro ATX,256 GB,4,Silver,0
MSI PRO B860M-VC WIFI,,,LGA1851,Micro ATX,256 GB,4,Black,0
ASRock B850M-A,,,AM5,Micro ATX,128 GB,2,Black / Silver,0
MSI PRO B860M-X,,,LGA1851,Micro ATX,128 GB,2,Black / Silver,0
Biostar H610MT-E D5,,,LGA1700,Micro ATX,96 GB,2,Black,0
MSI PRO B760M-X III,,,LGA1700,Micro ATX,128 GB,2,Black / Silver,0
Asus PRIME B760M-A II-CSM,,,LGA1700,Micro ATX,256 GB,4,Black / Silver,0
ASRock B860M-X Gen5,,https://cdna.pcpartpicker.com/static/forever/images/product/8161819b21919f10f048cfa15ee0459e.256p.jpg,LGA1851,Micro ATX,128 GB,2,Black / Silver,0
Asus B840M AYW GAMING WIFI,,,AM5,Micro ATX,128 GB,2,Silver / Black,0
Biostar A520MSP,,,AM4,Micro ATX,64 GB,2,Black,0
Biostar A520MHP 2.0,,,AM4,Micro ATX,64 GB,2,Black,0
ASRock H810M-HDVP,,,LGA1851,Micro ATX,128 GB,2,Black,0
ASRock H810M-X Gen5 WiFi,,,LGA1851,Micro ATX,128 GB,2,Silver / Black,0
MSI MAG B860M MORTAR,,,LGA1851,Micro ATX,256 GB,4,Black,0
Asus EX-B850M-V9-CSM,,,AM5,Micro ATX,256 GB,4,Black / Red,0
Biostar H810MT-E 2.0,,https://cdna.pcpartpicker.com/static/forever/images/product/771e309d30e081137d2b96ec67a9d69b.256p.jpg,LGA1851,Micro ATX,128 GB,2,Black,0
MSI PRO B860M-S,,,LGA1851,Micro ATX,128 GB,2,Black,0
Asus PRIME H810M-X 2.5G,,,LGA1851,Micro ATX,128 GB,2,Black / Silver,0
MSI PRO Z890-VC WIFI6E,,,LGA1851,ATX,256 GB,4,Silver / Black,0
Biostar B850MS-E,,,AM5,Micro ATX,128 GB,2,Black,0
ASRock B860M-HDVP,,,LGA1851,Micro ATX,128 GB,2,Black / Silver,0
Asus PRIME B550M-K WIFI-CSM,,,AM4,Micro ATX,64 GB,2,Black,0
MSI PRO B550-S WIFI6E,,,AM4,ATX,128 GB,4,Black,0
Biostar X470GT8,,https://cdna.pcpartpicker.com/static/forever/images/product/83d69e0c3fec315506fcb4ccadc42369.256p.jpg,AM4,ATX,64 GB,4,Black / Silver,0
Biostar X470GTA,,,AM4,ATX,64 GB,4,Black / Silver,0
EVGA Z490 DARK,,,LGA1200,EATX,64 GB,2,Black,0
Asus PRIME H470-PLUS/CSM,,,LGA1200,ATX,128 GB,4,Black / Silver,0
Biostar B460GTA,,,LGA1200,ATX,128 GB,4,Black,0
Biostar B460GTQ,,,LGA1200,Micro ATX,128 GB,4,Black,0
MSI H410M PRO-C,,https://cdna.pcpartpicker.com/static/forever/images/product/9a408bfc64a90aa8290974b133276e44.256p.jpg,LGA1200,Micro ATX,64 GB,2,Black / Silver,0
Biostar X470MH,,,AM4,Micro ATX,32 GB,2,Black,0
ASRock B560M-HDV-A,,,LGA1200,Micro ATX,64 GB,2,Silver / Black,0
Biostar B560GTQ,,https://cdna.pcpartpicker.com/static/forever/images/product/0f3d6b5fa923ffac4264b0061dad06f5.256p.jpg,LGA1200,Micro ATX,128 GB,4,Black / Blue,0
ASRock Z590-C/ax,,,LGA1200,ATX,128 GB,4,Black,0
Asus EX-H610M-V3 D4-CSM,,,LGA1700,Micro ATX,64 GB,2,Red / Black,0
Asus EX-H610M-V3 D4,,,LGA1700,Micro ATX,64 GB,2,Red / Black,0
Biostar H610MX-E,,,LGA1700,Micro ATX,64 GB,2,Gray / Black,0
Gigabyte B660 DS3H AC,,,LGA1700,ATX,128 GB,4,Black,0
Biostar B660M-SILVER,,,LGA1700,Micro ATX,128 GB,4,Silver / Black,0
Biostar Z790A-SILVER,,,LGA1700,ATX,256 GB,4,Black / Silver,0
Gigabyte H610M HD3P (rev. 1.0),,,LGA1700,Micro ATX,64 GB,2,Brown / Black,0
Gigabyte H610M HD3P (rev. 2.0),,,LGA1700,Micro ATX,64 GB,2,Brown / Black,0
Biostar B660T-SILVER,,,LGA1700,Mini ITX,64 GB,2,Silver / Black,0
Gigabyte Z690 GAMING X DDR4 V2,,,LGA1700,ATX,128 GB,4,Black,0
Gigabyte Z690 AORUS ELITE AX DDR4 V2,,,LGA1700,ATX,128 GB,4,Black / Silver,0
ASRock B660M PG Riptide,,,LGA1700,Micro ATX,128 GB,4,Black / Blue,0
Asus PRIME H610M-F D4-CSM,,,LGA1700,Micro ATX,64 GB,2,Black / Silver,0
MSI Z590M PRO,,,LGA1200,Micro ATX,128 GB,4,Black / Silver,0
Asus EX-B760M-V5 D4-CSM,,,LGA1700,Micro ATX,64 GB,2,Red / Black,0
Asus EX-B760M-V5 D4,,,LGA1700,Micro ATX,64 GB,2,Red / Black,0
Biostar B760MZ-E PRO,,,LGA1700,Micro ATX,192 GB,4,Brown / Black,0
Biostar H410MH S2,,,LGA1200,Micro ATX,64 GB,2,Black,0
Biostar H510MHP,,,LGA1200,Micro ATX,64 GB,2,Black,0
Biostar H510MX/E 2.0,,,LGA1200,Micro ATX,64 GB,2,Black,0
Biostar B560MH-E PRO,,,LGA1200,Micro ATX,128 GB,4,Brown / Silver,0
Biostar B560MH-E 2.0,,,LGA1200,Micro ATX,64 GB,2,Brown / Black,0
Biostar B760T-SILVER,,,LGA1700,Mini ITX,96 GB,2,Silver / Black,0
Biostar B760MX-E D4,,,LGA1700,Micro ATX,64 GB,2,Black,0
Biostar B760MX-E,,,LGA1700,Micro ATX,96 GB,2,Black,0
Biostar B760MH D4,,,LGA1700,Micro ATX,64 GB,2,Black,0
Gigabyte H610M S2,,,LGA1700,Micro ATX,64 GB,2,Brown / Silver,0
Biostar B760MXC PRO 2.0,,,LGA1700,Micro ATX,128 GB,4,Black / Silver,0
Asus EX-B760M-V5-CSM,,,LGA1700,Micro ATX,96 GB,2,Red / Black,0
ASRock H610M-HDVP/D5 R2.0,,,LGA1700,Micro ATX,96 GB,2,Black,0
Asus PRIME H510M-E R2.0-CSM,,,LGA1200,Micro ATX,64 GB,2,Silver / Black,0
Asus PRIME H510M-A R2.0-CSM,,,LGA1200,Micro ATX,64 GB,2,Silver / Black,0
Asus PRIME H770-PLUS-CSM,,,LGA1700,ATX,192 GB,4,Silver / Black,0
Biostar B760NH-E,,https://cdna.pcpartpicker.com/static/forever/images/product/290e5c547430488ae281a533a6e266bb.256p.jpg,LGA1700,Mini ITX,96 GB,2,Silver / Black,0
Asus PRIME H610M-K-CSM,,,LGA1700,Micro ATX,96 GB,2,Black / Silver,0
Asus PRIME H610M-K ARGB-CSM,,,LGA1700,Micro ATX,96 GB,2,Black / Silver,0
Biostar H610MS,,,LGA1700,Micro ATX,64 GB,2,Brown / Black,0
Biostar H610MX2-E D5,,,LGA1700,Micro ATX,96 GB,2,Brown / Black,0
Biostar H610MHC-E,,,LGA1700,Micro ATX,64 GB,2,Black,0
Asus PRIME H610M-D-CSM,,,LGA1700,Micro ATX,96 GB,2,Black / Silver,0
Biostar B650MT-E PRO,,,AM5,Micro ATX,192 GB,4,Black / Silver,0
ASRock B660M-ITX/eDP,,,LGA1700,Mini ITX,64 GB,2,Black / Silver,0
Biostar Z590MHP,,https://cdna.pcpartpicker.com/static/forever/images/product/67b8b22ca2d60138bc328887d219debc.256p.jpg,LGA1200,Micro ATX,64 GB,2,Black / Silver,0
Asus PRIME B760M-PLUS-CSM,,,LGA1700,Micro ATX,192 GB,4,Silver / Black,0
Gigabyte H610M D3H DDR4 (rev. 1.0),,,LGA1700,Micro ATX,64 GB,2,Black,0
Asus PRIME H510M-F R3.0-CSM,,,LGA1200,Micro ATX,64 GB,2,Silver / Black,0
Biostar H610MHP-E,,,LGA1700,Micro ATX,64 GB,2,Black,0
Asus Z790-AYW OC WIFI-CSM,,,LGA1700,ATX,96 GB,2,Silver / Black,0
ASRock B860M-CW,,,LGA1851,Micro ATX,256 GB,4,White / Black,0
Asus EX-B860M-V5,,,LGA1851,Micro ATX,128 GB,2,Red / Black,0
Asus B860M-E-CSM,,,LGA1851,Micro ATX,128 GB,2,Black / Gray,0
Asus B860M-E,,,LGA1851,Micro ATX,128 GB,2,Black / Gray,0
Gigabyte B860M D2H,,,LGA1851,Micro ATX,128 GB,2,Silver / Black,0
Biostar Z890A-SILVER,,https://cdna.pcpartpicker.com/static/forever/images/product/94d3ba634635d436b1cd1865b8487060.256p.jpg,LGA1851,ATX,256 GB,4,Silver / Black,0
Biostar Z890AX-E PRO,,https://cdna.pcpartpicker.com/static/forever/images/product/1b8dbb31db4395445c59f405139284f0.256p.jpg,LGA1851,ATX,256 GB,4,Black,0
Biostar B850M-SILVER,,,AM5,Micro ATX,256 GB,4,Silver,0
Biostar B860MT-E PRO,,,LGA1851,Micro ATX,256 GB,4,Black / Gray,0
MSI PRO B860M-C EX,,,LGA1851,Micro ATX,128 GB,2,Black,0
Asus EX-B650EM-V7 PLUS-CSM,,,AM5,Micro ATX,128 GB,2,Black / Red,0
Biostar B860MT2-E DJ,,,LGA1851,Micro ATX,128 GB,2,Black,0
Biostar B840MT-E,,,AM5,Micro ATX,128 GB,2,Black,0
Biostar A620MHC,,,AM5,Micro ATX,128 GB,2,Black,0
Asus EX-B760M-V7 II,,,LGA1700,Micro ATX,96 GB,4,Black / Red,0
Asus PRIME B650EM-A-CSM,,,AM5,Micro ATX,256 GB,4,Black / Silver,0
Asus PRIME B760M-F WIFI-CSM,,,LGA1700,Micro ATX,96 GB,2,Black / Silver,0
Asus EX-B850M-V7,,,AM5,Micro ATX,128 GB,2,Red / Black,0
Asus PRIME H610M-F WIFI-CSM,,,LGA1700,Micro ATX,96 GB,2,Black,0
Asus PRIME H610M-F WIFI,,,LGA1700,Micro ATX,96 GB,2,Black,0
Asus PRIME B760M-A II,,,LGA1700,Micro ATX,256 GB,4,Black / Silver,0
Gigabyte H810M H GEN5,,,LGA1851,Micro ATX,128 GB,2,Gray / Black,0
Gigabyte H810M K GEN5,,,LGA1851,Micro ATX,128 GB,2,Gray / Black,0
Gigabyte H810M D2HX SI GEN5,,,LGA1851,Micro ATX,128 GB,2,White / Black,0
Gigabyte H610M K GEN5,,,LGA1700,Micro ATX,128 GB,2,Black / Gray,0
Asus PRIME B840M-K-CSM,,,AM5,Micro ATX,128 GB,2,Black / Silver,0
Gigabyte H610M H GEN5,,,LGA1700,Micro ATX,128 GB,2,Black,0
ASRock A520M-HDVP R2.0,,,AM4,Micro ATX,64 GB,2,Black,0
Asus PRIME H810M-K-CSM,,,LGA1851,Micro ATX,128 GB,2,Black / Silver,0
Asus PRIME B840M-R,,https://cdna.pcpartpicker.com/static/forever/images/product/eef12b84dc45c956477b8e97924c2e54.256p.jpg,AM5,Micro ATX,128 GB,2,Black / Silver,0
Asus PRIME B840M-R-CSM,,,AM5,Micro ATX,128 GB,2,Black / Silver,0
Gigabyte H410M K 2.0,,,LGA1200,Micro ATX,64 GB,2,Black / Gray,0
Asus PRIME H810M-X 2.5G-CSM,,,LGA1851,Micro ATX,128 GB,2,Black,0
MSI PRO B550-S,,,AM4,ATX,128 GB,4,Black,0
ASRock A620AM-P,,,AM5,Micro ATX,128 GB,2,Black,0