name,price,image,connection_type,color,maximum_dpi,tracking_method,hand_orientation,rating
Logitech G305 LIGHTSPEED,42.98,https://cdna.pcpartpicker.com/static/forever/images/product/0041ec7f09c5b96850347e2254991f73.256p.jpg,Wireless,Black,12000,Optical,Right,4.5
Logitech PRO X2 SUPERSTRIKE,,https://cdna.pcpartpicker.com/static/forever/images/product/eeb57a9b46ded9924512a55a6c76c27b.256p.jpg,"Wired, Wireless",White / Black,44000,Optical,Right,5
Logitech G502 Hero,43.47,https://cdna.pcpartpicker.com/static/forever/images/product/125c1da538a8704be799ef12a506e177.256p.jpg,Wired,Black,25600,Optical,Right,4.5
Razer Basilisk V3,41.44,https://cdna.pcpartpicker.com/static/forever/images/product/d662cc7b90e3fd45502f7c77d9b54269.256p.jpg,Wired,Black,26000,Optical,Right,4.5
Logitech PRO X Superlight 2,99.99,https://cdna.pcpartpicker.com/static/forever/images/product/8bd4ec52b9e7e8664ea7573dccccc0c4.256p.jpg,"Wired, Wireless",Black,32000,Optical,Right,4.5
Logitech G700s,,Laser,Wireless,Black,8200,Laser,Right,4.5
Logitech G502 X Plus,99.99,https://cdna.pcpartpicker.com/static/forever/images/product/9cfeaf467cdc4fb77c735a6f491aba6b.256p.jpg,"Wired, Wireless",Black,25600,Optical,Right,4.5
Logitech G Pro X Superlight,120.96,https://cdna.pcpartpicker.com/static/forever/images/product/575c76df1ce4d5588c5749e289515e4c.256p.jpg,Wireless,Black,25400,Optical,Right,4.5
Razer Viper V4 Pro,,https://cdna.pcpartpicker.com/static/forever/images/product/140d5b4153f9e7de21b69ae697ecfdd5.256p.jpg,"Wired, Wireless",Black,50000,Optical,Right,0
Razer Viper V3 Pro,129,https://cdna.pcpartpicker.com/static/forever/images/product/25eb6d79d56298ee00645faac8d6aff1.256p.jpg,"Wired, Wireless",Black,35000,Optical,Right,4.5
Logitech G502 LIGHTSPEED,97.01,https://cdna.pcpartpicker.com/static/forever/images/product/688ab5cb5e71622cfe889c082d784cdb.256p.jpg,Wireless,Black,25600,Optical,Right,4.5
Asus ROG Harpe Ace Extreme,226.38,https://cdna.pcpartpicker.com/static/forever/images/product/e97b771577f100e48dec340162528ae3.256p.jpg,"Wired, Wireless, Bluetooth Wireless",Black,42000,Optical,Right,0
Razer DeathAdder Essential,16.99,https://cdna.pcpartpicker.com/static/forever/images/product/d6fd43322f07dedde7c5c3d9e53706d1.256p.jpg,Wired,Black / Green,6400,Optical,Right,4.5
Razer Viper V3 HyperSpeed,63.44,Optical,Wireless,Black,30000,Optical,Right,5
Razer Basilisk V3 Pro,107.26,https://cdna.pcpartpicker.com/static/forever/images/product/b5ae883a17a1d332780a63f64f8df4b0.256p.jpg,"Wired, Wireless, Bluetooth Wireless",Black,30000,Optical,Right,4
Lenovo GX30M39704 300,13.91,https://cdna.pcpartpicker.com/static/forever/images/product/9f6b69ae376d3d89ec24b134f9a08a9b.256p.jpg,Wired,Black / Orange,Both,Laser,Both,1
Redragon COBRA M711,24.44,https://cdna.pcpartpicker.com/static/forever/images/product/ed20fdc4053c1979e2f89767aafda5d1.256p.jpg,Wired,Black / Multicolor,10000,Optical,Right,4.5
Logitech TrackMan,399.95,Trackball,Wireless,Black / Silver,Right,Trackball,Right,4
Logitech G203 Lightsync,23.59,https://cdna.pcpartpicker.com/static/forever/images/product/b8e80e45051e0b167cbda318107448f9.256p.jpg,Wired,Black,8000,Optical,Right,4.5
Razer Basilisk V3 Pro 35K,146.56,https://cdna.pcpartpicker.com/static/forever/images/product/3edd4b262d72b21afa356dba0286386d.256p.jpg,"Wired, Wireless, Bluetooth Wireless",White,35000,Optical,Right,0
Logitech B100,14.34,Optical,Wired,Black,800,Optical,,4
Razer DeathAdder V4 Pro,,https://cdna.pcpartpicker.com/static/forever/images/product/88e9e7d1c7dd5c517fd31999b5abc5f2.256p.jpg,"Wired, Wireless",Black,45000,Optical,Right,0
Razer DeathAdder V3,48.9,https://cdna.pcpartpicker.com/static/forever/images/product/527a2ec03a543912ea15c59764aeb279.256p.jpg,Wired,Black,30000,Optical,Right,5
Razer Naga V2 Pro,179,Optical,Wired, Wireless, Bluetooth Wireless,Black,30000,Optical,Right,5
Logitech G Pro,89.99,https://cdna.pcpartpicker.com/static/forever/images/product/800bb5629053de7c02501a11b4e0f87d.256p.jpg,Wired, Wireless,Black,25600,Optical,Both,4.5
Corsair SABRE v2 PRO,64,https://cdna.pcpartpicker.com/static/forever/images/product/4dd650bb6dceb28d78278a7fe1e4d8a7.256p.jpg,"Wired, Wireless",Black,33000,Optical,Right,0
Logitech MX Master 4,127.86,https://cdna.pcpartpicker.com/static/forever/images/product/3891dfbeec8fca9ad45e28f8705f8a41.256p.jpg,"Wireless, Bluetooth Wireless",Gunmetal,8000,Optical,Right,0
Razer Basilisk V3 X Hyperspeed,43.49,https://cdna.pcpartpicker.com/static/forever/images/product/1bb09ad5b3b239b0aeebb8aa47a91339.256p.jpg,Wired, Wireless, Bluetooth Wireless,Black,18000,Optical,Right,4
Glorious MODEL O,27.54,https://cdna.pcpartpicker.com/static/forever/images/product/ab7f3f6e7b4d49a7dbaec72d7ec00b2b.256p.jpg,Wired,Black,12000,Optical,Right,4.5
Logitech PRO X SUPERLIGHT 2 DEX,116.38,https://cdna.pcpartpicker.com/static/forever/images/product/ef157c63ae31a89ae83c743c4bc77394.256p.jpg,"Wired, Wireless",Black,44000,Optical,Right,5
Logitech G703 LIGHTSPEED,72.73,https://cdna.pcpartpicker.com/static/forever/images/product/a3ff804c87be83ea9e268dd26afe13da.256p.jpg,Wireless,Black,25600,Optical,Right,4.5
Logitech G502 X,121.95,https://cdna.pcpartpicker.com/static/forever/images/product/99a256af2fe5bb228f2fcd17e2d6b544.256p.jpg,Wired, Wireless,Black,25600,Optical,Right,5
Corsair DARK CORE RGB PRO SE,59.99,https://cdna.pcpartpicker.com/static/forever/images/product/fbeb5a62840993fa50c1836186087dfc.256p.jpg,Wireless,Black,18000,Optical,Right,4.5
Redragon M908 IMPACT MMO,28.03,https://cdna.pcpartpicker.com/static/forever/images/product/a7b3569bd05187fd56ea87990243adb0.256p.jpg,Wired,Black,12400,Optical,Right,5
Razer DeathAdder V3 Pro,90,https://cdna.pcpartpicker.com/static/forever/images/product/e3084d9b915b8235a748e6a825ca39b4.256p.jpg,Wireless,Black,30000,Optical,Right,5
Corsair SCIMITAR RGB ELITE,63.49,https://cdna.pcpartpicker.com/static/forever/images/product/dfb52b07215736a9d55388366a53d86a.256p.jpg,Wired,Black,18000,Optical,Right,4.5
Razer Cobra,34.9,https://cdna.pcpartpicker.com/static/forever/images/product/3ab945d2593627d5e338010263e4460c.256p.jpg,Wired,Black,8500,Optical,Right,5
SteelSeries Aerox 5,64.99,https://cdna.pcpartpicker.com/static/forever/images/product/1854a0026f919a1085b9b9f3ee6d1f2d.256p.jpg,"Wired, Wireless, Bluetooth Wireless",Black,18000,Optical,Right,4
Razer Viper Ultimate w/Dock,329.53,https://cdna.pcpartpicker.com/static/forever/images/product/0164b1a008c25224ac32d76cd1223380.256p.jpg,Wireless,Black,20000,Optical,Both,4.5
Razer DeathAdder V2 X HyperSpeed,53.47,https://cdna.pcpartpicker.com/static/forever/images/product/d2dbffeb64fc0566b7db5ea37b02ed0c.256p.jpg,"Wireless, Bluetooth Wireless",Black,14000,Optical,Right,5
SteelSeries Aerox 3 (2022),85.47,https://cdna.pcpartpicker.com/static/forever/images/product/9d5161c04ba0f238b7639036a48e55ae.256p.jpg,"Wired, Wireless, Bluetooth Wireless",Black,18000,Optical,Right,5
Razer DeathAdder V3 HyperSpeed,85.47,https://cdna.pcpartpicker.com/static/forever/images/product/0249c146601de0904b0b9ab204172599.256p.jpg,"Wired, Wireless",Black,26000,Optical,Right,4.5
Asus P707 ROG SPATHA X,99.95,https://cdna.pcpartpicker.com/static/forever/images/product/3b425661832992431efa165c454bd178.256p.jpg,Wireless,Black,19000,Optical,Right,4
Asus ROG HARPE ACE AIM LAB EDITION,85.47,https://cdna.pcpartpicker.com/static/forever/images/product/39f5483248fb55771d174204732924e7.256p.jpg,"Wired, Wireless",Black,36000,Optical,Right,4.5
SteelSeries Rival 5,56.99,https://cdna.pcpartpicker.com/static/forever/images/product/6d35eedc32891db22347dce86786474e.256p.jpg,Wired,Black,18000,Optical,Right,4.5
Razer Basilisk V3 Pro w/Dock Pro,207.99,https://cdna.pcpartpicker.com/static/forever/images/product/f3ac232d47683dd615b3d89f99e1bba2.256p.jpg,"Wired, Wireless, Bluetooth Wireless",Black,30000,Optical,Right,4.5
Asus P702 ROG GLADIUS II WIRELESS,251.11,Optical,Wireless,Black / Red,16000,Optical,Right,4.5
Corsair NIGHTSWORD RGB,99.99,Optical,Wired,Black,18000,Optical,Right,4.5
Asus TUF GAMING Mini Hatsune Miku Edition,103.24,https://cdna.pcpartpicker.com/static/forever/images/product/24d70727a40a355c59ab65f63aa31d61.256p.jpg,"Wired, Wireless, Bluetooth Wireless",White / Teal,12000,Optical,Both,5
Logitech G502 Proteus Spectrum,84.99,https://cdna.pcpartpicker.com/static/forever/images/product/196cfc73981cd14257b11cc3b0a3b8f9.256p.jpg,Wired,Black,12000,Optical,Right,4.5
Redragon M656,16.98,Optical,Wireless,Red,4000,Optical,Right,0
Redragon M916 PRO,32.95,,"Wired, Wireless, Bluetooth Wireless",Black,26000,Optical,Right,0
Razer Cobra Pro,104.99,https://cdna.pcpartpicker.com/static/forever/images/product/3733de46a75b40d61a0afcf6098db3ad.256p.jpg,Wired, Wireless, Bluetooth Wireless,Black,30000,Optical,Right,5
Logitech G303 Daedalus Apex,507.21,Optical,Wired,Black / Orange,12000,Optical,Right,4.5
ROCCAT KONE Pure Ultra,62.99,https://cdna.pcpartpicker.com/static/forever/images/product/67ba4d41b7b0a45db3429c045c2d9178.256p.jpg,Wired,Black,16000,Optical,Right,5
SteelSeries Rival 3,39.99,https://cdna.pcpartpicker.com/static/forever/images/product/178a8d67052dc8ac01b07c8b84924a0b.256p.jpg,Wireless,Black,18000,Optical,Right,4
Corsair M65 RGB ULTRA,61.83,https://cdna.pcpartpicker.com/static/forever/images/product/3af6a83672ccc3c3c73a158f711fecd5.256p.jpg,Wired,Black / Silver,26000,Optical,Right,4.5
Logitech MX MASTER 3S,119.99,https://cdna.pcpartpicker.com/static/forever/images/product/80f5ae114fd88013fa45e170e1098214.256p.jpg,Wireless,Gray,8000,Optical,Right,4.5
Asus TUF Gaming M3 Gen II,49.48,https://cdna.pcpartpicker.com/static/forever/images/product/d71ae983cd0f7109069235daaef89830.256p.jpg,Wired,Black / Yellow,8000,Optical,Right,3
8BitDo Retro R8 - N Edition,48.71,https://cdna.pcpartpicker.com/static/forever/images/product/834ba3460d49ffd9dbc07a46a86ee749.256p.jpg,"Wired, Wireless, Bluetooth Wireless",Gray,26000,Optical,Right,0
Corsair IRONCLAW RGB WIRELESS,81.99,https://cdna.pcpartpicker.com/static/forever/images/product/cbb2405830d9a31ec7994511d57c8f79.256p.jpg,Wireless,Black,18000,Optical,Right,3.5
Asus ROG Harpe II Ace,,https://cdna.pcpartpicker.com/static/forever/images/product/c39e895b4870a42ef00b286c75a12377.256p.jpg,"Wired, Wireless, Bluetooth Wireless",Black,42000,Optical,Right,3
Logitech M90,9.97,https://cdna.pcpartpicker.com/static/forever/images/product/3942bf430d7f5b33bd01e2b0d0b7abdb.256p.jpg,Wired,Black,1000,Optical,Both,0
MSI Forge GM320,45.98,https://cdna.pcpartpicker.com/static/forever/images/product/63a328a7629b6d2c690e1f622a21f478.256p.jpg,Wired,Black,12800,Optical,Right,3
Logitech MX Master 3,165.32,https://cdna.pcpartpicker.com/static/forever/images/product/d3a9b615f187bce607d610088fbbfdfd.256p.jpg,Wireless,Black / Silver,4000,Laser,Right,4.5
Logitech G403 HERO,56.99,https://cdna.pcpartpicker.com/static/forever/images/product/1e8c3800a012015b0400211b5d370aa0.256p.jpg,Wired,Black / Blue,25600,Optical,Right,4.5
Logitech G309 LIGHTSPEED,62.98,https://cdna.pcpartpicker.com/static/forever/images/product/ee37c5b67b796f0d1c47db7cb2c2f5f1.256p.jpg,"Wireless, Bluetooth Wireless",Black,25600,Optical,Right,0
Logitech G102 LIGHTSYNC RGB,45,Optical,Wired,Black,8000,Optical,Right,4
Razer Naga V2 HyperSpeed,71.98,https://cdna.pcpartpicker.com/static/forever/images/product/514ed09a4e76c9430f252c293473b0b0.256p.jpg,Wireless, Bluetooth Wireless,Black,30000,Optical,Right,0
Glorious Model I 2,89.99,https://cdna.pcpartpicker.com/static/forever/images/product/6502f3433ea325a35eef3486515a4a89.256p.jpg,"Wired, Wireless, Bluetooth Wireless",White,26000,Optical,Right,4.5
be quiet! Dark Perk Ergo,69.95,,"Wired, Wireless",Black,32000,Optical,Right,0
Corsair SCIMITAR ELITE WIRELESS MMO,88.79,https://cdna.pcpartpicker.com/static/forever/images/product/759d79af5341d713e6b5c55d71e786a8.256p.jpg,Wired, Wireless, Bluetooth Wireless,Black,26000,Optical,Right,0
Redragon M602,29.9,Optical,Wired,Black,7200,Optical,Right,4
Razer Viper 8KHz,67.72,https://cdna.pcpartpicker.com/static/forever/images/product/57e54358c52493a49f369c4374aaf201.256p.jpg,Wired,Black,20000,Optical,Both,5
Endgame Gear OP1 8k v2,59.99,https://cdna.pcpartpicker.com/static/forever/images/product/e0d393b53f78f42a88bca334ceda1324.256p.jpg,Wired,Black,30000,Optical,Right,0
Corsair Scimitar Elite SE,119.99,https://cdna.pcpartpicker.com/static/forever/images/product/97b60f92e9a93e32a500a67cd3051d51.256p.jpg,"Wireless, Bluetooth Wireless",Black / Gray,33000,Optical,Right,0
Logitech PRO 2 LIGHTSPEED,102.34,https://cdna.pcpartpicker.com/static/forever/images/product/cdc093fc242f4e380dd1d9b5d214c598.256p.jpg,"Wired, Wireless",Black,32000,Optical,Both,5
SteelSeries Aerox 9,131.99,https://cdna.pcpartpicker.com/static/forever/images/product/b19f57b195a5e41b53e03b3717f4cd08.256p.jpg,Wireless,Black,18000,Optical,Right,5
Glorious Model D 2 PRO,50.99,https://cdna.pcpartpicker.com/static/forever/images/product/f3ad2553f3e156d361701f6e32a4accd.256p.jpg,"Wired, Wireless",Black,26000,Optical,Right,5
HP Pavilion 300,9.99,https://cdna.pcpartpicker.com/static/forever/images/product/55be80b92fb6e757152636746772e424.256p.jpg,Wired,Black / Green,5000,Optical,Both,0
Razer Naga Pro,256.69,https://cdna.pcpartpicker.com/static/forever/images/product/0615b1c07cbb01bb91060e0517d95dcd.256p.jpg,Wireless,Black,20000,Optical,Right,4.5
Logitech G602,240.87,Optical,Wireless,Black / Silver,2500,Optical,Right,4.5
Razer DeathAdder V3 Pro Faker Edition,239.99,https://cdna.pcpartpicker.com/static/forever/images/product/34a857f722cd627c17685e6d697fd49d.256p.jpg,Wired, Wireless,Red / Black,30000,Optical,Right,5
HP HyperX Pulsefire Haste 2,76.47,https://cdna.pcpartpicker.com/static/forever/images/product/2f60ac6c37f83755fc8dec64f7c8ace5.256p.jpg,"Wired, Wireless, Bluetooth Wireless",White,26000,Optical,Right,0
Glorious Model O 2,89.99,https://cdna.pcpartpicker.com/static/forever/images/product/f1bb90df546cc0b6a99cfb526e080018.256p.jpg,"Wired, Wireless, Bluetooth Wireless",White,26000,Optical,Right,0
Razer Basilisk V3 35K,79,https://cdna.pcpartpicker.com/static/forever/images/product/ad91c2718764f953c103f4cc8144cc56.256p.jpg,Wired,Black,35000,Optical,Right,5
Glorious MODEL D,28.97,https://cdna.pcpartpicker.com/static/forever/images/product/67068c12e8020ae7c28be8e9202ad900.256p.jpg,Wired,Black,12000,Optical,Right,4.5
Logitech PRO X SUPERLIGHT 2c,,https://cdna.pcpartpicker.com/static/forever/images/product/a7464ec8fda74440120142b2d1c4aec8.256p.jpg,Wireless,Black,44000,Optical,Right,0
Corsair M75,79.9,https://cdna.pcpartpicker.com/static/forever/images/product/d97b17a88f81aae7c105d84df42f3294.256p.jpg,"Wired, Wireless, Bluetooth Wireless",Black,26000,Optical,Both,5
Gigabyte GM-M5050,,Optical,Wired,Black,800,Optical,Both,0
Asus ROG Keris II WL Ace,119.99,https://cdna.pcpartpicker.com/static/forever/images/product/e1ad1959d5f75cc609ae03de8a8906ce.256p.jpg,"Wired, Wireless, Bluetooth Wireless",White,42000,Optical,Right,0
Logitech G700,,Laser,Wireless,Black,5700,Laser,Right,4.5
Razer Viper Mini,69.94,https://cdna.pcpartpicker.com/static/forever/images/product/31ad0dccffff39f176c038672c8fb2cd.256p.jpg,Wired,Black,8500,Optical,Right,4.5
MSI CLUTCH,20.97,https://cdna.pcpartpicker.com/static/forever/images/product/4611b6fcf9461c6763d8b18af78d4f2a.256p.jpg,Wired,Black,4200,Optical,Right,0
V7 Full size USB Optical Mouse,9.86,https://cdna.pcpartpicker.com/static/forever/images/product/501c83d62d6c91035cc30eef509e5260.256p.jpg,Wired,Silver / Black,1000,Optical,Both,3.5
Logitech G402,28.99,https://cdna.pcpartpicker.com/static/forever/images/product/872f54527450d6ad251d6e3e21521aa8.256p.jpg,Wired,Black,4000,Optical,Right,4.5
Logitech G705,79.98,https://cdna.pcpartpicker.com/static/forever/images/product/b3d7045e6ffc8815548d2254bc90850b.256p.jpg,Wired, Wireless, Bluetooth Wireless,White,8200,Optical,Right,5
Razer Orochi V2,39.89,https://cdna.pcpartpicker.com/static/forever/images/product/5b65da659333a26f6624d15733414fff.256p.jpg,Wireless,White,18000,Optical,Right,5
Corsair HARPOON RGB PRO,41.99,https://cdna.pcpartpicker.com/static/forever/images/product/4ca5b63fecc2a7fc4094c9da2c127ac8.256p.jpg,Wired,Black,12000,Optical,Right,4.5
Razer Cobra Pro w/Dock Pro,169.99,https://cdna.pcpartpicker.com/static/forever/images/product/0650c1b3f76250e6b180431d8c65e16a.256p.jpg,Wired, Wireless, Bluetooth Wireless,Black,30000,Optical,Right,4
Glorious Model O 2 PRO,74.15,Optical,Wired, Wireless,Black,26000,Optical,Right,0
MCHOSE L7 Ultra,,Optical,Wired, Wireless, Bluetooth Wireless,Black,42000,Optical,Right,5
Corsair NIGHTSABRE RGB,99.99,https://cdna.pcpartpicker.com/static/forever/images/product/f590fc9f4c2b9f5a456df7aa1c1ee509.256p.jpg,Wired, Wireless, Bluetooth Wireless,Black,26000,Optical,Right,0
SteelSeries Rival 650 Wireless,149.74,https://cdna.pcpartpicker.com/static/forever/images/product/e44e0fffdc546ccc18ec9db334d7c71f.256p.jpg,Wireless,Black,12000,Optical,Right,4.5
Razer Viper V3 Pro Sentinels Edition,179.99,https://cdna.pcpartpicker.com/static/forever/images/product/fe47499fad6a931f39b72a5004f1a733.256p.jpg,"Wired, Wireless",Red,35000,Optical,Right,0
Razer DeathAdder V2,124.95,https://cdna.pcpartpicker.com/static/forever/images/product/156c158a605d392363b7c1a459e1b9f0.256p.jpg,Wired,Black,20000,Optical,Right,4.5
Corsair DARKSTAR,99.99,https://cdna.pcpartpicker.com/static/forever/images/product/4900404b54773d05701076de0388ae7f.256p.jpg,Wireless, Bluetooth Wireless,Black,26000,Optical,Right,0
Logitech G502 Proteus Core,,https://cdna.pcpartpicker.com/static/forever/images/product/61b88698fc168ad4ccac3286545a9666.256p.jpg,Wired,Black / Blue,12000,Optical,Right,4.5
Logitech G903 HERO,108.86,https://cdna.pcpartpicker.com/static/forever/images/product/bcef1163cebeee9d3001d5bafcf7d3d7.256p.jpg,Wireless,Black,25600,Optical,Both,4.5
Corsair DARK CORE RGB PRO,99.99,Optical,Wireless,Black,18000,Optical,Right,4
Logitech MX518,249.95,Optical,Wired,Black,16000,Optical,Right,4.5
Logitech M705,61.91,https://cdna.pcpartpicker.com/static/forever/images/product/2bec16dfb64902ad0056ecb9404e4f26.256p.jpg,Wireless,Black,Right,Laser,Right,4.5
Asus P704 ROG CHAKRAM,159.99,https://cdna.pcpartpicker.com/static/forever/images/product/001f947a6bca968b8791442b6884fb70.256p.jpg,Wireless,Black,16000,Optical,Right,4.5
Cherry MC 1000,12.48,https://cdna.pcpartpicker.com/static/forever/images/product/2333dfd5b27280747f295045811c90af.256p.jpg,Wired,Gray,1200,Optical,Both,0
Razer DeathAdder Elite,69.05,Optical,Wired,Black / Green,16000,Optical,Right,4.5
Corsair IRONCLAW RGB FPS/MOBA,52.44,https://cdna.pcpartpicker.com/static/forever/images/product/ba40c3a1b92ccff32a257c46f9151722.256p.jpg,Wired,Black,18000,Optical,Right,3.5
Logitech MX Vertical,94.98,https://cdna.pcpartpicker.com/static/forever/images/product/e431d091bcba7186452cea180f60fd6d.256p.jpg,Wireless,Gray / Silver,4000,Optical,Right,4.5
Keychron M3,58,https://cdna.pcpartpicker.com/static/forever/images/product/4f91db42117802d312efdcd0fc2263a8.256p.jpg,"Wired, Wireless, Bluetooth Wireless",Black,26000,Optical,Right,0
IOGEAR GME423,,Optical,Wired,Black,1000,Optical,Both,0
Targus AMB844GL,23.99,Optical,Bluetooth Wireless,Black,1000,Optical,Both,0
Endgame Gear XM2we,79.98,https://cdna.pcpartpicker.com/static/forever/images/product/0c57706e90cce769004ae95c33ca8851.256p.jpg,"Wired, Wireless",Black,19000,Optical,Right,0
Logitech MX MASTER 2S (Black),69.98,Laser,Wireless,Black,4000,Laser,Right,4.5
Logitech M100,9.77,https://cdna.pcpartpicker.com/static/forever/images/product/0dd8486ae196d3bd49621b0647075be6.256p.jpg,Wired,Black,1000,Optical,Both,4
HP 250,27.99,https://cdna.pcpartpicker.com/static/forever/images/product/b13735602a260b767a98f066cfc8bd48.256p.jpg,Wired, Wireless, Bluetooth Wireless,Black,1600,Optical,Both,0
MSI Versa Pro,99.99,,"Wired, Wireless, Bluetooth Wireless",Black,26000,Optical,Right,0
Asus ROG Gladius III AimPoint,99.99,https://cdna.pcpartpicker.com/static/forever/images/product/449b5a7b3cf5acc96da52a56dee433d1.256p.jpg,Wired, Wireless, Bluetooth Wireless,White,36000,Optical,Right,0
Corsair M65 RGB ULTRA WIRELESS,129.99,https://cdna.pcpartpicker.com/static/forever/images/product/4130018c9bec92f1cf1731baeadc8fea.256p.jpg,Wireless,26000,26000,Optical,Right,3
Corsair Harpoon RGB,162.51,https://cdna.pcpartpicker.com/static/forever/images/product/537ce12656df1226e255de55d217996e.256p.jpg,Wired,Black,6000,Optical,Right,4.5
Cooler Master MM710 Glossy Black,23.99,https://cdna.pcpartpicker.com/static/forever/images/product/586fa682a2be333c55d81a657b68c4cd.256p.jpg,Wired,Black,16000,Optical,Right,5
Logitech M185,39.68,https://cdna.pcpartpicker.com/static/forever/images/product/c0bca7074e9e4993f03ba379aba386c3.256p.jpg,Wireless,Gray,Both,Optical,Both,3.5
HP HyperX Pulsefire Haste,108.06,https://cdna.pcpartpicker.com/static/forever/images/product/108f280d01ddb7262aaff0d80c612af6.256p.jpg,Wireless,White,16000,Optical,Right,0
Razer Viper V2 Pro,83.99,https://cdna.pcpartpicker.com/static/forever/images/product/bc83693b4c2c338e8bcb261cf33466bb.256p.jpg,Wireless,White,30000,Optical,Right,4
Keychron M7 8K,65.76,https://cdna.pcpartpicker.com/static/forever/images/product/f71cc989d8a08cf137d0acf077a897a4.256p.jpg,"Wired, Wireless, Bluetooth Wireless",White,30000,Optical,Right,5
Logitech Signature M650,28.64,https://cdna.pcpartpicker.com/static/forever/images/product/4cd2f31470b71592d32a53f311160bc2.256p.jpg,"Wired, Wireless, Bluetooth Wireless",Black,4000,Optical,Right,0
Logitech G600 MMO Gaming Mouse,,https://cdna.pcpartpicker.com/static/forever/images/product/d86fec800f132dbefa676d13d0d9a7a4.256p.jpg,Wired,Black,8200,Laser,Right,4.5
SteelSeries Aerox 3,79.98,https://cdna.pcpartpicker.com/static/forever/images/product/aa5f7764bd01a4136c66c6980fccd89e.256p.jpg,Bluetooth Wireless,Black,18000,Optical,Right,4.5
Razer Lancehead,221.15,Laser,Wireless,Black / Green,16000,Laser,Both,0
Logitech G604 LIGHTSPEED,295,https://cdna.pcpartpicker.com/static/forever/images/product/e32b9e2d5144b118afe0cb32c5b83fed.256p.jpg,Wireless,Black,25600,Optical,Right,4.5
Redragon Mammoth,37.2,https://cdna.pcpartpicker.com/static/forever/images/product/37130440ab0df18d2833cd588ec55c55.med.256p.jpg,Wired,Black / Red,16400,Laser,Right,4.5
SteelSeries Rival 600,34.95,https://cdna.pcpartpicker.com/static/forever/images/product/9e7641d8d174058bb47d10db3ba3d062.256p.jpg,Wired,Black,12000,Optical,Right,4.5
Logitech MX Ergo S,84.99,https://cdna.pcpartpicker.com/static/forever/images/product/71200a6912365b494218b50450e4b7ac.256p.jpg,"Wired, Wireless, Bluetooth Wireless",Black,2048,Trackball,Right,0
Corsair NIGHTSWORD v2 WIRELESS Stream Deck,119.99,https://cdna.pcpartpicker.com/static/forever/images/product/1b1a0512b23a54928ac1d583ee36b2f8.256p.jpg,"Wired, Wireless, Bluetooth Wireless",Black,33000,Optical,Right,0
Razer Mamba Elite,94.9,https://cdna.pcpartpicker.com/static/forever/images/product/c2346112fa183f5096da60261edf05c2.256p.jpg,Wired,Black,16000,Optical,Right,4.5
Asus TUF Gaming M4 Wireless,58.99,https://cdna.pcpartpicker.com/static/forever/images/product/c1a9b9b9b2c2b449a6a60d8d3a9f8072.256p.jpg,Wireless,Black,Right,Optical,Right,0
Logitech M317,16.98,Optical,Wired, Wireless,Black,1000,Optical,Both,4
NZXT Lift 2 Ergo,24.99,https://cdna.pcpartpicker.com/static/forever/images/product/2a11222365c625a9523e6755d96f13d5.256p.jpg,Wired,Black,26000,Optical,Right,0
Razer Pro Click V2 Vertical,119.99,https://cdna.pcpartpicker.com/static/forever/images/product/f91664a540524f615f195293134e9034.256p.jpg,Wired, Wireless, Bluetooth Wireless,Black,30000,Optical,Right,0
Razer Naga Trinity,,https://cdna.pcpartpicker.com/static/forever/images/product/6b73ce755ef3fdebd30ac433ab829664.256p.jpg,Wired,Black,16000,Optical,Right,4
Razer DeathAdder 2013,37.99,https://cdna.pcpartpicker.com/static/forever/images/product/6ce93d9381c0b6c46d8d7e845879c2ea.256p.jpg,Wired,Black,6400,Optical,Right,4.5
Logitech M310,16.88,https://cdna.pcpartpicker.com/static/forever/images/product/fa490875e1716a70e8e57146275ba0c9.256p.jpg,Wireless,Blue,Both,Laser,Both,4
Razer Viper Ultimate,153.08,https://cdna.pcpartpicker.com/static/forever/images/product/83448f14ea7aad477596baf8ae892723.256p.jpg,Wireless,White,20000,Optical,Both,5
Glorious Model O-,49.99,https://cdna.pcpartpicker.com/static/forever/images/product/c0dfd77aad137727f2bfa6e03304a001.256p.jpg,Wired,Black,12000,Optical,Right,5
Lamzu Maya X,,https://cdna.pcpartpicker.com/static/forever/images/product/ef31de965c6bc065bae5568229e369b1.256p.jpg,"Wired, Wireless",White,30000,Optical,Right,0
Logitech M330 SILENT PLUS,19.98,https://cdna.pcpartpicker.com/static/forever/images/product/82959eefb4e00fe12bf0c9ae9c6ea5dc.256p.jpg,Wireless,Black,1000,Optical,Right,4.5
Asus ROG Strix Impact III,42.72,https://cdna.pcpartpicker.com/static/forever/images/product/b9fc3eb340dfabdd41888e1e2f8d94e7.256p.jpg,Wired,Black,12000,Optical,Right,0
Logitech G502 SE HERO,40.48,https://cdna.pcpartpicker.com/static/forever/images/product/1352f08a307d6d717b48bdaf666e6fb4.256p.jpg,Wired,Black / Silver,25600,Optical,Right,4.5
Logitech G502 Hero K/DA,,Optical,Wired,White / Blue,25600,Optical,Right,0
Razer DeathAdder,196.73,Laser,Wired,Black,3500,Optical,Right,4.5
Logitech G403 Prodigy,56.23,https://cdna.pcpartpicker.com/static/forever/images/product/fdd0eda804ab449d82a7ba947e0d78f7.256p.jpg,Wireless,Black,12000,Optical,Right,4.5
Logitech M720 Triathlon,32.99,https://cdna.pcpartpicker.com/static/forever/images/product/ca401841556b253b4afe17e22519fc06.256p.jpg,Bluetooth Wireless,Black,1000,Optical,Right,4
NZXT Lift Elite,48.8,https://cdna.pcpartpicker.com/static/forever/images/product/f0b73d21edc7cb5749648e92ebfbb77b.256p.jpg,"Wired, Wireless",White,26000,Optical,Right,0
Asus ROG Chakram X Origin,119.25,https://cdna.pcpartpicker.com/static/forever/images/product/ba1a67b453a9652426848c59b396c2cf.256p.jpg,Wired, Wireless, Bluetooth Wireless,Black,36000,Optical,Right,0
Endgame Gear OP1w 4k v2,104.99,https://cdna.pcpartpicker.com/static/forever/images/product/71b6f47d2d47f1a86a7624c373525dfa.256p.jpg,"Wired, Wireless",Black,30000,Optical,Right,0
Logitech G903,134.88,Optical,Wireless,Black / Blue,12000,Optical,Both,4.5
8BitDo Retro R8 - Xbox Edition,54.96,https://cdna.pcpartpicker.com/static/forever/images/product/8b0fd0d19a9bec9c76075acc2fbc729a.256p.jpg,"Wired, Wireless, Bluetooth Wireless",Green,26000,Optical,Right,0
Razer Basilisk V3 Pro + Wireless Charging Puck,129.99,https://cdna.pcpartpicker.com/static/forever/images/product/d7d2ca768f6446600a406c5840bcec5e.256p.jpg,"Wired, Wireless, Bluetooth Wireless",Black,30000,Optical,Right,3
Keychron M6 1000Hz,62.99,https://cdna.pcpartpicker.com/static/forever/images/product/2ccaba8c1ac64451392240f1ba8f08c6.256p.jpg,"Wired, Wireless, Bluetooth Wireless",Black,26000,Optical,Right,5
Verbatim Bravo,5.85,https://cdna.pcpartpicker.com/static/forever/images/product/5c388ef9bdfd2933f0cef41aa21ad5a1.256p.jpg,Wired,Black,Both,Optical,Both,0
Logitech Signature M650 L,31.97,https://cdna.pcpartpicker.com/static/forever/images/product/02bc0c010b2410ed07b9310b96f5168e.256p.jpg,"Wired, Wireless, Bluetooth Wireless",Black,4000,Optical,Right,0
Razer Basilisk X HyperSpeed,69.98,https://cdna.pcpartpicker.com/static/forever/images/product/e4827333bffb57dd5103d07f1c144c96.256p.jpg,Wireless,Black / Green,16000,Optical,Right,4.5
SteelSeries Prime,17.95,https://cdna.pcpartpicker.com/static/forever/images/product/29ae311850951f79cdf1e06d62f57ca4.256p.jpg,Wired,Black,18000,Optical,Right,4
Corsair M55,29.99,https://cdna.pcpartpicker.com/static/forever/images/product/50445491ffb270290e5b6abfb4eb2003.256p.jpg,Wired,Black,16000,Optical,Right,0
Pulsar X2H eS,,https://cdna.pcpartpicker.com/static/forever/images/product/5ebf91e5ca8e4bb0eb2ae4145bdfbe21.256p.jpg,"Wired, Wireless",Black / Red,26000,Optical,Right,0
Razer DeathAdder V2 Pro,78.05,https://cdna.pcpartpicker.com/static/forever/images/product/e081ddfb8c66371eb0d090672f19af59.256p.jpg,Wireless,Black,20000,Optical,Right,4.5
Logitech G303 SHROUD EDITION,68.7,https://cdna.pcpartpicker.com/static/forever/images/product/24d9f29129e65af8aa4188f3f0a7371b.256p.jpg,Wireless,Black,25000,Optical,Right,5
Corsair M75 RGB,129.99,https://cdna.pcpartpicker.com/static/forever/images/product/3ad7c323b4e82dcf97337f275850c589.256p.jpg,Wireless, Bluetooth Wireless,White,26000,Optical,Both,0
HP HyperX Pulsefire Haste 2 Mini,59.86,https://cdna.pcpartpicker.com/static/forever/images/product/c7a39e0ec43665b1c626bc47cb8759ac.256p.jpg,"Wired, Wireless, Bluetooth Wireless",Black,26000,Optical,Right,0
Endgame Gear OP1we,72.95,Optical,Wired, Wireless,Black,19000,Optical,Right,0
Keychron M3 Mini,,Optical,Wired, Wireless, Bluetooth Wireless,Black,26000,Optical,Right,4.5
Corsair KATAR PRO XT,38.06,https://cdna.pcpartpicker.com/static/forever/images/product/fd5649e9e2cb9155c9be5f50ec16e077.256p.jpg,Wired,Black,12400,Optical,Right,3
Logitech M170,14.99,https://cdna.pcpartpicker.com/static/forever/images/product/49f089935900dfb04edfebd5a98c16a9.256p.jpg,Wired, Wireless,Pink,1000,Optical,Both,0
Pulsar Xlite v4 Mini,99.95,https://cdna.pcpartpicker.com/static/forever/images/product/9f14e0c854c325548c0ca8d4de127dfb.256p.jpg,"Wired, Wireless",White,32000,Optical,Right,0
Rude Gamewear Fierce,23.52,Laser,Wired,Black,5000,Laser,Both,0
Razer Basilisk,57.06,https://cdna.pcpartpicker.com/static/forever/images/product/bde8e4b6893de68478765f7b41e53e46.256p.jpg,Wired,16000,16000,Optical,Right,0
Razer Basilisk V2,201.05,https://cdna.pcpartpicker.com/static/forever/images/product/1841b82340846f04a4fac12d496ca7a7.256p.jpg,Wired,Black,20000,Optical,Right,4.5
FinalMouse Ultralight Pro,,Optical,Wired,Black,3200,Optical,Right,0
Keychron M5,,https://cdna.pcpartpicker.com/static/forever/images/product/de7baaa937951b222c9ecf207d1e57f3.256p.jpg,"Wired, Wireless, Bluetooth Wireless",Black,30000,Optical,Right,0
Asus ROG Gladius III,79.98,https://cdna.pcpartpicker.com/static/forever/images/product/f808244a462ff7e42390ac7de53aa346.256p.jpg,Wired,Black,26000,Optical,Right,4.5
Asus ROG Keris AimPoint,94.47,https://cdna.pcpartpicker.com/static/forever/images/product/0359e0622f832e4643e6d2d949b82cc1.256p.jpg,"Wired, Wireless, Bluetooth Wireless",White,36000,Optical,Right,5
Logitech G203 Prodigy,85,Optical,Wired,Black,6000,Optical,Right,4.5
Logitech MX Ergo S Plus,109.99,https://cdna.pcpartpicker.com/static/forever/images/product/82fbd4871f6036fae400cf33f72ed9d2.256p.jpg,Wired, Wireless, Bluetooth Wireless,Black,2048,Trackball,Right,0
Logitech MX Master,198,https://cdna.pcpartpicker.com/static/forever/images/product/cbbf892bfb90fed19b24d5e0ae0a4221.256p.jpg,Wireless,Black / Copper,1600,Optical,Right,4.5
Corsair M75 AIR,88.26,Optical,Wired, Wireless, Bluetooth Wireless,White,26000,Optical,Right,0
Keychron M6 4000Hz,,https://cdna.pcpartpicker.com/static/forever/images/product/7798f711cd0c5a9ca93d87b32f74e6b8.256p.jpg,"Wired, Wireless, Bluetooth Wireless",Black,26000,Optical,Right,0
Razer Viper Mini Signature Edition,,https://cdna.pcpartpicker.com/static/forever/images/product/4c9e6e00f1b0f4df34f37fb8d0bf0fdf.256p.jpg,"Wired, Wireless",Black,30000,Optical,Right,0
Keychron M7,62.99,https://cdna.pcpartpicker.com/static/forever/images/product/06098f08d2863e3802b67d71a9f60b5c.256p.jpg,"Wired, Wireless, Bluetooth Wireless",Black,26000,Optical,Right,0
Corsair KATAR PRO,37.99,https://cdna.pcpartpicker.com/static/forever/images/product/908eb3748658853e7faea9e895967ad9.256p.jpg,Wireless,Black,10000,Optical,Right,4
Razer Basilisk Ultimate,179.99,https://cdna.pcpartpicker.com/static/forever/images/product/61eb5935b25d0e35424629b707f22c03.256p.jpg,Wireless,Black,20000,Optical,Right,4.5
Cobra Mazer,7.04,Optical,Wired,Black,2500,Optical,Right,0
Logitech LIFT,49.99,https://cdna.pcpartpicker.com/static/forever/images/product/5a3715db5fb14936db573d000fccb517.256p.jpg,"Wireless, Bluetooth Wireless",Black,4000,Optical,Right,0
Sabrent MS-WSML,11.99,Optical,Wireless,Black,1200,Optical,Right,0
Asus ROG Spatha,,https://cdna.pcpartpicker.com/static/forever/images/product/293549cbf27fa8f3d931d51390f4e481.256p.jpg,Wireless,Black,8200,Laser,Right,4
Corsair M65 RGB ELITE,59.99,https://cdna.pcpartpicker.com/static/forever/images/product/3ece5106e64716cae7c9023a8bdf8d59.256p.jpg,Wired,Black,17997,Optical,Right,4.5
Redragon M801P Sniper Pro,,https://cdna.pcpartpicker.com/static/forever/images/product/d1803cb0c0cababa9c4a91d1c507a42b.256p.jpg,Wired,Black,16000,Optical,Right,0
Logitech MX Anywhere 3S,66,https://cdna.pcpartpicker.com/static/forever/images/product/7b37adba14467334dd6d8475e93163c5.256p.jpg,"Wired, Wireless, Bluetooth Wireless",White,8000,Laser,Right,0
Razer Naga V2 Pro w/Dock Pro,219.99,https://cdna.pcpartpicker.com/static/forever/images/product/39a066db704496cfd24ef2248b202535.256p.jpg,Wired, Wireless, Bluetooth Wireless,Black,30000,Optical,Right,0
Adesso IMOUSE X1,25.24,https://cdna.pcpartpicker.com/static/forever/images/product/e77b1de8a5f35f50e55f4c8dca6a040e.256p.jpg,Wired,Silver / Black,3200,Optical,Right,0
Logitech M240 Silent,18.94,https://cdna.pcpartpicker.com/static/forever/images/product/d8f55e7dc42c75b6e4abb9ceedecd2d9.256p.jpg,Bluetooth Wireless,Black,4000,Optical,Both,0
A4Tech Bloody V7,37.76,https://cdna.pcpartpicker.com/static/forever/images/product/fc5c14dfe2cbd16ac2a45b9e20e5c8b0.med.256p.jpg,Wired,Black / Red,3200,Optical,Both,4
Asus ProArt Mouse MD300,106.2,https://cdna.pcpartpicker.com/static/forever/images/product/43989fc21b18bdf0af0c32485a21dd0c.256p.jpg,"Wired, Wireless, Bluetooth Wireless",Black,4200,Optical,Right,0
HP HyperX Pulsefire Haste 2 Core,54.2,https://cdna.pcpartpicker.com/static/forever/images/product/0663d5bafbc476a92e80c874d4257840.256p.jpg,"Wireless, Bluetooth Wireless",White,12000,Optical,Right,0
Razer Naga Left-Handed Edition,99.99,https://cdna.pcpartpicker.com/static/forever/images/product/b22b7d7c84585a38fee5baabf48e8979.256p.jpg,Wired,Black,20000,Optical,Left,0
UtechSmart Venus,39.99,https://cdna.pcpartpicker.com/static/forever/images/product/b533fbef352e56ad232c2575c3d3b910.256p.jpg,Wired,Black,16400,Laser,Right,4.5
HP HyperX Pulsefire Core RGB,29.98,https://cdna.pcpartpicker.com/static/forever/images/product/7ec3d99e13b9e17b324d53e507b9b5d9.256p.jpg,Wired,Black,6200,Optical,Right,5
Razer Pro Click,120.63,https://cdna.pcpartpicker.com/static/forever/images/product/1b374169922b092243b8ec55f0e51f2b.256p.jpg,Wireless,White,16000,Optical,Right,3
Dell Alienware AW610M,82.99,https://cdna.pcpartpicker.com/static/forever/images/product/932ec565fb357a08c39b0f25ae47a809.256p.jpg,Wired,White / Black,16000,Optical,Right,5
Logitech T650,266.63,Touchpad,Wireless,Silver,Both,Touchpad,Both,3.5
Logitech M510,136.58,https://cdna.pcpartpicker.com/static/forever/images/product/8458ad5df5503d34ffac55c9488632af.256p.jpg,Wireless,Black,1000,Laser,Right,4
Anker AK-98ANWVM-BA,19.48,Optical,Wired,Black,1000,Optical,Right,5
EVGA X17,81.73,https://cdna.pcpartpicker.com/static/forever/images/product/0ec64a1bed0dcc9ff82b893659b0f52d.256p.jpg,Wired,Gray / Black,16000,Optical,Right,0
Kensington K72356US,9.59,https://cdna.pcpartpicker.com/static/forever/images/product/b4fa6b9fba48f2a4bf9f1cd802ccf5dd.256p.jpg,Wired,Black,Both,Optical,Both,4
HP 150,17.48,https://cdna.pcpartpicker.com/static/forever/images/product/4dcbbd5ee2e896cd51d0107fb66d3663.256p.jpg,"Wired, Wireless",Black,1600,Optical,Both,0
Apple MB829LL/A,,Laser,Bluetooth Wireless,White,,Laser,,4.5
Redragon M990,,Laser,Wired,Black,24000,Laser,Right,5
Lamzu Atlantis OG,,Optical,Wired, Wireless,White / Blue,26000,Optical,Right,5
Razer DeathAdder Chroma,46.38,Optical,Wired,Black,10000,Optical,Right,4.5
Turtle Beach Kone II Air,61.29,,"Wired, Wireless, Bluetooth Wireless",White,26000,Optical,Right,0
Razer Mamba Tournament Edition,78.18,Laser,Wired,Black,16000,Laser,Right,4
TeckNet M268-Black,,Optical,Wired,Black,3000,Optical,Right,4.5
Corsair KATAR ELITE,79.99,https://cdna.pcpartpicker.com/static/forever/images/product/f10451c285ddfbb33fb2c803d08e1210.256p.jpg,Wired, Wireless, Bluetooth Wireless,Black,26000,Optical,Right,0
Logitech ERGO M575S,37.03,https://cdna.pcpartpicker.com/static/forever/images/product/75b1ae19a1701d7dd3021f5764308b3c.256p.jpg,"Wireless, Bluetooth Wireless",White / Blue,2000,Trackball,Right,0
Asus ROG GLADIUS II CORE,28.42,https://cdna.pcpartpicker.com/static/forever/images/product/1b7e38bac5b35d638b26f76940198694.256p.jpg,Wired,Black,6200,Optical,Right,0
Razer Pro Click V2,98.64,Optical,Wired, Wireless, Bluetooth Wireless,Black,30000,Optical,Right,0
Redragon Centrophorus M601,,Optical,Wired,Black / Red,2000,Optical,Right,4
Gigabyte AORUS M5,69.98,https://cdna.pcpartpicker.com/static/forever/images/product/29199c247cc59afd2e9a6825c6df98f2.256p.jpg,Wired,Black,16000,Optical,Right,5
ROCCAT Burst Pro,27.79,Optical,Wired,Black,16000,Optical,Right,4.5
Asus TUF Gaming M4 Air,49.99,Optical,Wired,Black,16000,Optical,Right,0
BenQ Zowie FK2-DW,149.99,Optical,Wireless,Black / Red,3200,Optical,Right,0
MCHOSE L7 Pro,,https://cdna.pcpartpicker.com/static/forever/images/product/dd072090310850fc33c48a41876b7ac7.256p.jpg,"Wired, Wireless, Bluetooth Wireless",Black,26000,Optical,Right,0
be quiet! Dark Perk Sym,69.95,,"Wired, Wireless",Black,32000,Optical,Right,0
SteelSeries Prime+,28.9,https://cdna.pcpartpicker.com/static/forever/images/product/29ae311850951f79cdf1e06d62f57ca4.256p.jpg,Wired,Black,18000,Optical,Right,4
A4Tech Bloody AL90,67.69,https://cdna.pcpartpicker.com/static/forever/images/product/6f6e6d398fe77f78a8bc7cac04da6451.256p.jpg,Wired,Black,Right,Laser,Right,4.5
Razer Orochi V2 Quartz,69.98,https://cdna.pcpartpicker.com/static/forever/images/product/5b20a2922ca25c937719786e919d0f61.256p.jpg,Wireless,Pink / Gray,18000,Optical,Right,5
SteelSeries Prime Mini,45.7,https://cdna.pcpartpicker.com/static/forever/images/product/4caed2248eb518fc542e47df99f2256d.256p.jpg,"Wired, Wireless",Black,18000,Optical,Right,4.5
Genius DX 110,8.49,https://cdna.pcpartpicker.com/static/forever/images/product/80142accd6687d55432db0c52830406c.256p.jpg,Wired,Black,1000,Optical,Both,0
Corsair M65 PRO RGB FPS,,https://cdna.pcpartpicker.com/static/forever/images/product/210af8afefd556ec530cecb5f7eb5cbd.256p.jpg,Wired,Black,12000,Optical,Right,4
Xtrfy M42 RGB,20.48,https://cdna.pcpartpicker.com/static/forever/images/product/a80b9acfbefdef9fef452f41e73c762b.256p.jpg,Wired, Wireless,White,16000,Optical,Right,0
GameMax Strike,9.99,https://cdna.pcpartpicker.com/static/forever/images/product/a1fac7013c4e3acca02bdb283d44631f.256p.jpg,Wired,Black,3200,Optical,Right,0
Razer Naga X,149.99,https://cdna.pcpartpicker.com/static/forever/images/product/55969ea55c2b09765c261ac25b181aba.256p.jpg,Wired,Black,18000,Optical,Right,0
Asus ROG Chakram X,,https://cdna.pcpartpicker.com/static/forever/images/product/92b21a58cbd392a469a079679860e9d2.256p.jpg,"Wired, Wireless, Bluetooth Wireless",Black,36000,Optical,Right,5
MCHOSE A7 Ultra,,Optical,Wired, Wireless, Bluetooth Wireless,White,42000,Optical,Right,0
Targus AMB581GL,26.21,https://cdna.pcpartpicker.com/static/forever/images/product/15c0f68c2f5bd674797a679d317c160c.256p.jpg,Bluetooth Wireless,Black,Both,Optical,Both,0
Fellowes Penguin Small,114.67,https://cdna.pcpartpicker.com/static/forever/images/product/fd50439227055ef283ef83acb8e2224b.256p.jpg,Wireless,Black / Silver,1200,Laser,Both,0
Asus ROG Keris,49.99,https://cdna.pcpartpicker.com/static/forever/images/product/1a66e73a0360d854d8f8bab801bcf79d.256p.jpg,Wired,Black,16000,Optical,Right,0
Xtrfy M4 RGB,20.48,https://cdna.pcpartpicker.com/static/forever/images/product/88695375c748949a2dd6a826db80abc2.256p.jpg,Wired,Pink,16000,Optical,Right,0
Razer Viper,71.77,https://cdna.pcpartpicker.com/static/forever/images/product/4c94f0c19b22a7b2cde5bf3eeef7feca.256p.jpg,Wired,Black / Green,16000,Optical,Both,4.5
Dell MS116,11.44,https://cdna.pcpartpicker.com/static/forever/images/product/68c493640c19b97eb30f4d29f7b849d7.256p.jpg,Wired,Black,1000,Optical,Both,0
NZXT Lift 2 Symm,22.99,https://cdna.pcpartpicker.com/static/forever/images/product/bca5aeab77caa8e8d57f95236512c1bc.256p.jpg,Wired,Black,26000,Optical,Right,4.5
Lenovo 06P4069,21.3,https://cdna.pcpartpicker.com/static/forever/images/product/797e06d21e55c1b43d874ab3a759be0d.256p.jpg,Wired,Black,400,Optical,Both,0
Asus ROG Gladius II,,https://cdna.pcpartpicker.com/static/forever/images/product/5ccc0eeab548cf460772a70b6322f41d.256p.jpg,Wired,Black,12000,Optical,Right,4.5
MSI Clutch GM11,58.43,https://cdna.pcpartpicker.com/static/forever/images/product/1efdd26f156eb6049d460446bd407a41.256p.jpg,Wired,Black,5000,Optical,Right,3.5
ROCCAT KONE Pro,54.64,https://cdna.pcpartpicker.com/static/forever/images/product/5022ff4463ceffaec947af091ed294ee.256p.jpg,Wired,Black,19000,Optical,Right,4.5
Pulsar X2,,Optical,Wired, Wireless,Black,26000,Optical,Right,5
Asus TUF Gaming M3,,https://cdna.pcpartpicker.com/static/forever/images/product/8bfceabbacf615b7b5f0cd2b6a88f47c.256p.jpg,Wired,Black,7000,Optical,Right,5
Logitech M220 Silent,14.99,https://cdna.pcpartpicker.com/static/forever/images/product/f892ff34a274beee4342d91c0a5192bf.256p.jpg,Wired, Wireless,Black,1000,Optical,Both,0
Razer Cobra Hyperspeed,140.41,https://cdna.pcpartpicker.com/static/forever/images/product/b9fdc04f8d51d249c7aa80772865d7dd.256p.jpg,"Wired, Wireless, Bluetooth Wireless",Black,26000,Optical,Right,0
Corsair SCIMITAR PRO RGB,122.86,https://cdna.pcpartpicker.com/static/forever/images/product/bb09cea13d33084e8c9f9b8327abad9d.256p.jpg,Wired,Black / Gray,16000,Optical,Right,0
Logitech G703 (Black),92.49,https://cdna.pcpartpicker.com/static/forever/images/product/69246849b0fef5aa0f5d883f32ded840.256p.jpg,Wireless,Black,12000,Optical,Right,4.5
Logitech G603,,Optical,Wireless,Black,12000,Optical,Right,4.5
Cherry M5400,10.75,https://cdna.pcpartpicker.com/static/forever/images/product/36e812d551c8e99be3f01eb0c7199e5d.256p.jpg,Wired,Gray,800,Optical,Both,0
Logitech M325,19.99,https://cdna.pcpartpicker.com/static/forever/images/product/45c0335f187b060d87ce6c5d188520cf.256p.jpg,Wireless,Red,Both,Optical,Both,5
Mad Catz R.A.T. 7,,Laser,Wired,Black,6400,Laser,Right,4.5
Razer Naga 2014 Left-Handed Edition,246.65,Laser,Wired,Black,8200,Laser,Left,4
Logitech G300S,,https://cdna.pcpartpicker.com/static/forever/images/product/200275a153ebdfa42c1bcdd248e3f6d8.256p.jpg,Wired,Black / Blue,2500,Optical,Both,4.5
ROCCAT Kone AIMO Remastered,163.78,https://cdna.pcpartpicker.com/static/forever/images/product/5ed98569977bbba314e151d5311bcebf.256p.jpg,Wired,Black,16000,Optical,Right,4.5
Asus ROG Gladius III Wireless AimPoint EVA-02 Edition,,https://cdna.pcpartpicker.com/static/forever/images/product/5889a2f67f11a29139fea3c6d536d6d1.256p.jpg,"Wired, Wireless, Bluetooth Wireless",Red / Black,36000,Optical,Right,0
Logitech M190,16.82,https://cdna.pcpartpicker.com/static/forever/images/product/fd25b3e9e8f81b12a15cbc6c87df3034.256p.jpg,"Wired, Wireless",Black / Gray,1000,Optical,Both,4
BenQ Zowie S2-DW,149.99,Optical,Wireless,Black / Red,3200,Optical,Right,0
MCHOSE AX5 Pro Max,,https://cdna.pcpartpicker.com/static/forever/images/product/3a40d103e9b7e593daffd8b7f8f74d96.256p.jpg,"Wired, Wireless, Bluetooth Wireless",Silver / Black,26000,Optical,Right,0
MCHOSE A7 Pro,,https://cdna.pcpartpicker.com/static/forever/images/product/1ac0b2a72970aaf0f24b473c25a5145f.256p.jpg,"Wired, Wireless, Bluetooth Wireless",White,26000,Optical,Right,0
MSI VERSA WIRELESS MLG EDITION,,https://cdna.pcpartpicker.com/static/forever/images/product/94505d94845b61f3dd3949a4e201ea3c.256p.jpg,"Wired, Wireless, Bluetooth Wireless",Red,26000,Optical,Right,0
Glorious MODEL D GLOSSY,17.99,https://cdna.pcpartpicker.com/static/forever/images/product/7380cb012ad9d2c4e7a90b55c4f84b00.256p.jpg,Wired,Black,12000,Optical,Right,0
Razer Diamondback,47.89,Laser,Wired,Black,16000,Laser,Both,4.5
Turtle Beach Kone II,44.99,,Wired,White,26000,Optical,Right,0
ROCCAT Kain 200 Aimo RGB,119.98,https://cdna.pcpartpicker.com/static/forever/images/product/148426621ea72e9cd1e4868362b354e3.256p.jpg,Wireless,Black,16000,Optical,Right,0
SteelSeries Prime Wireless,44.99,https://cdna.pcpartpicker.com/static/forever/images/product/2387570f4abf2b48c7e17fdb6ba4aca5.256p.jpg,Wireless,Black,18000,Optical,Right,3.5
HP OMEN Vector,,Optical,Wired,Black,16000,Optical,Right,0
Microsoft L2 Wireless Mouse 5000,,Optical,Wireless,Black,Both,Optical,Both,4
Glorious Model D-,26.97,https://cdna.pcpartpicker.com/static/forever/images/product/1a663b5537c9f0563774cfed13b73d84.256p.jpg,Wired,Black,12000,Optical,Right,5
ROCCAT KONE Pro Air,69.98,Optical,Wireless,Black,19000,Optical,Right,3
Endgame Gear XM2w 4k,75.95,https://cdna.pcpartpicker.com/static/forever/images/product/f9aca0ec57e037c28fa36f2ed83d2aac.256p.jpg,"Wired, Wireless",Black,26000,Optical,Right,0
BenQ Zowie ZA13-DW,114.99,https://cdna.pcpartpicker.com/static/forever/images/product/be8d67166bcedcccee19ccd688edbacb.256p.jpg,Wireless,Black / Red,3200,Optical,Right,0
Adesso HC-3003PS,17.01,https://cdna.pcpartpicker.com/static/forever/images/product/9243eea2b78aacae38f15839f523d0c1.256p.jpg,Wired,Black,1000,Optical,Both,0
HP HyperX Pulsefire Surge,39.77,https://cdna.pcpartpicker.com/static/forever/images/product/00e769353f0709a4be734e1d29450dcb.256p.jpg,Wired,Black,16000,Optical,Right,4.5
Corsair M55 RGB Pro,,https://cdna.pcpartpicker.com/static/forever/images/product/85bd63ad69666e6cdce8a60920af88da.256p.jpg,Wired,Black,12400,Optical,Both,4.5
Razer Basilisk Essential,47.5,Optical,Wired,Black,6400,Optical,Right,4
Trust GXT 117 Strike,9.99,https://cdna.pcpartpicker.com/static/forever/images/product/ad61f9ac97412b1d474260be416c1b38.256p.jpg,Wireless,Black,1400,Optical,Both,0
Thermaltake Tt eSPORTS Iris Optical RGB HATSUNE MIKU Edition,,Optical,Wired,Black,5000,Optical,Right,0
ROCCAT Kone XP Air,,Optical,Wired, Wireless, Bluetooth Wireless,Black,19000,Optical,Right,5
Asus ROG Strix Impact II GUNDAM Edition,,https://cdna.pcpartpicker.com/static/forever/images/product/059838dd1860a8ce46ce1a016b95b95b.256p.jpg,Wired,Blue / White,6200,Optical,Right,4
Pulsar X2V2,,Optical,Wired, Wireless, Bluetooth Wireless,Black,26000,Optical,Right,0
VisionTek OCPC MR44,43.06,https://cdna.pcpartpicker.com/static/forever/images/product/a4b9a479c8b8ef591e053d41d0b62d86.256p.jpg,Wired,Black / Red,16000,Optical,Right,0
HP 265A9AA,15.25,https://cdna.pcpartpicker.com/static/forever/images/product/b6fa06df8fb8e5f90c264bc96282071a.256p.jpg,Wired,Black,1200,Optical,Both,0
Pwnage Stormbreaker,,Optical,Wired, Wireless,Black,26000,Optical,Right,4
BenQ Zowie EC1-DW 4K,,,"Wired, Wireless",Black,3200,Optical,Right,0
HP 240,21.99,https://cdna.pcpartpicker.com/static/forever/images/product/23a85b695c042e41acc9ad4ab4a54203.256p.jpg,Bluetooth Wireless,Black,1600,Optical,Both,0
Anker AK-98ANWVM-UBA,16.98,Optical,Wireless,Black,1600,Optical,Right,5
Logitech M570,129,https://cdna.pcpartpicker.com/static/forever/images/product/cb8ac15a6fea63a55444b5372912ff07.256p.jpg,Wireless,Black,Right,Trackball,Right,4.5
Endgame Gear XM2 8k Dark Frost,84.14,https://cdna.pcpartpicker.com/static/forever/images/product/96c79d39f5e30a51e9fd80ee49858228.256p.jpg,Wired,Black / Gray,26000,Optical,Right,0
A4Tech XL-750BK,25.86,https://cdna.pcpartpicker.com/static/forever/images/product/c494d07ebf55111a70af7498bc5fe2cd.med.256p.jpg,Wired,Black,3600,Laser,Both,5
Logitech PEBBLE 2 M350S,16.48,https://cdna.pcpartpicker.com/static/forever/images/product/b489b8e200ddb3d2aa4e8ad69470fbae.256p.jpg,"Wired, Wireless",White,1000,Optical,Both,0
Kensington Orbit,40.4,https://cdna.pcpartpicker.com/static/forever/images/product/fc900116666480228ff272c261a5da96.256p.jpg,Wired,Black,Both,Trackball,Both,4
Logitech G900 CHAOS SPECTRUM,71.98,https://cdna.pcpartpicker.com/static/forever/images/product/07f9f6801868673c97d663d4d3b63c2f.256p.jpg,Wireless,Black,12000,Optical,Both,4.5
SteelSeries Diablo III,,Laser,Wired,Black,5700,Laser,Both,4.5
Zalman GM3,12.99,Laser,Wired,Black / Silver,8200,Laser,Right,0
Razer DeathAdder V2 Mini,64.9,Optical,Wired,Black,8500,Optical,Right,4
MSI CLUTCH GM51,97.99,Optical,Wired, Wireless,Black,26000,Optical,Right,0
Cooler Master MM712,67.25,https://cdna.pcpartpicker.com/static/forever/images/product/41c599f3236a219aafe4d6c99f447c69.256p.jpg,"Wired, Wireless, Bluetooth Wireless",Black,19000,Optical,Right,0
Microsoft Arc,89.99,https://cdna.pcpartpicker.com/static/forever/images/product/c9b212b33929d807e2e6e58885fe1440.256p.jpg,Wired, Wireless, Bluetooth Wireless,Black,1000,Optical,Both,0
Logitech G500,,Laser,Wired,Black / Silver,5700,Laser,Right,4.5
Microsoft B75-00113,,https://cdna.pcpartpicker.com/static/forever/images/product/8c9fa3f7582a7dcfa5d79251983f42ca.med.256p.jpg,Wired,Black / Silver,Right,Optical,Right,0
Corsair Vengeance M65,,https://cdna.pcpartpicker.com/static/forever/images/product/4e6a6878ba62d46038cb100cf4904166.256p.jpg,Wired,Black,8200,Laser,Right,4.5
SteelSeries Sensei RAW,,https://cdna.pcpartpicker.com/static/forever/images/product/49eda20db47ab05e22089169bb82336a.256p.jpg,Wired,Black,5700,Laser,Both,4.5
Ergoguys Comfi Ergonomic Mouse,,https://cdna.pcpartpicker.com/static/forever/images/product/62499121d392b68b49dbe3df0e4b074c.256p.jpg,Wired,Black,1000,Optical,Right,0
Kensington Pro Fit Full-Size Mouse,25.66,https://cdna.pcpartpicker.com/static/forever/images/product/db9843f16a018f4f5cafd2254e6a304f.256p.jpg,Wired,Black,2400,Optical,Right,0
Genius DX 120,19.36,https://cdna.pcpartpicker.com/static/forever/images/product/f7ef702cc8b7a76da8e62e03b0dc4f25.256p.jpg,Wired,Black,1000,Optical,Both,0
Logitech MX MASTER 2S (White),,Laser,Wireless,White,4000,Laser,Right,5
Corsair DARK CORE RGB,,Optical,Wireless,Black,16000,Optical,Right,4
Logitech PRO Wireless,114.5,Optical,Wireless,Black,25600,Optical,Both,5
Zowie EC2-B,,https://cdna.pcpartpicker.com/static/forever/images/product/28aafd464f4187e143008a684a7d646d.256p.jpg,Wired,Black / Red,3200,Optical,Right,0
Evoluent VM4SW small,127.88,https://cdna.pcpartpicker.com/static/forever/images/product/2c0213aa96a2749de76d8d340d44315d.256p.jpg,Wireless,Brown / Black,2600,Optical,Right,0
ROCCAT Kain 202 Aimo RGB,143.29,https://cdna.pcpartpicker.com/static/forever/images/product/8e1a2e2d560a2ecf929016df8d1539da.256p.jpg,Wireless,White,16000,Optical,Right,0
AOC AGM700,,Optical,Wired,Black / Silver,16000,Optical,Right,0
UtechSmart Venus Pro RGB,,Optical,Wireless,Black,16000,Optical,Right,0
3Dconnexion CadMouse Pro,,https://cdna.pcpartpicker.com/static/forever/images/product/14d087b663d78c0891ac64ab1b8442f4.256p.jpg,Wireless,Black,7200,Optical,Left,0
Glorious Model I,41.99,https://cdna.pcpartpicker.com/static/forever/images/product/895d5ef0ff09cf0c574cadb25d746445.256p.jpg,Wired,White / Red,19000,Optical,Right,5
Dell MS3220,29.99,https://cdna.pcpartpicker.com/static/forever/images/product/83da353b9b096b68ff6e0542467bbab0.256p.jpg,Wired,Black,3200,Laser,Right,0
Pulsar X2H Mini,99.95,Optical,Wired, Wireless, Bluetooth Wireless,White,26000,Optical,Right,0
Pulsar X2A,,Optical,Wired, Wireless, Bluetooth Wireless,White,26000,Optical,Right,0
Logitech M317 Cotton Candy,19.99,https://cdna.pcpartpicker.com/static/forever/images/product/2bb4478114b779431a9dd06d003df798.256p.jpg,Wired, Wireless,Pink / Blue,1000,Optical,Both,0
Swiftpoint Z2,,Optical,Wired,Black,26000,Optical,Right,0
ninjutso Sora V2,,Optical,Wireless,White,26000,Optical,Right,5
JLab JBuds,34.99,https://cdna.pcpartpicker.com/static/forever/images/product/1c08201463c31e0167be6c6f28fb703d.256p.jpg,"Wired, Wireless, Bluetooth Wireless",Black,2400,Optical,Right,0
NZXT Lift,25.22,https://cdna.pcpartpicker.com/static/forever/images/product/1e5d0415a99fdff0d8c5c9077c02ca34.256p.jpg,Wired,White / Black,16000,Optical,Right,0
Endgame Gear XM2 8k White Frost,84.99,https://cdna.pcpartpicker.com/static/forever/images/product/24ca41396597a86aa23395b9f17bd48b.256p.jpg,Wired,White / Gray,26000,Optical,Right,0
Kensington K72352US,77.05,https://cdna.pcpartpicker.com/static/forever/images/product/6f14362e444a61c66534a7b0dbb267e4.256p.jpg,Wireless,Black,Both,Trackball,Both,0
DLAND ZELOTES,,https://cdna.pcpartpicker.com/static/forever/images/product/48b7fecbe1539713e618b45768a0bce8.256p.jpg,Wired,Black,7200,Optical,Right,4
Asus ROG Strix Evolve,69.99,https://cdna.pcpartpicker.com/static/forever/images/product/f6ca39277451ef04ab253f92445fbf2b.256p.jpg,Wired,Black,7200,Optical,Both,5
Evoluent VMDMW VerticalMouse D Medium,148.21,https://cdna.pcpartpicker.com/static/forever/images/product/ab46111c83a00d56a0a30ec5a283fb13.256p.jpg,Wireless,Black,1600,Laser,Right,0
EVGA X15 MMO Gaming,186.59,https://cdna.pcpartpicker.com/static/forever/images/product/0bc168b9fc514e7537b25a882121e177.256p.jpg,Wired,Black,16000,Optical,Right,5
Targus AMB582GL,29.25,https://cdna.pcpartpicker.com/static/forever/images/product/772fefb521e2cfd87efb200766a74741.256p.jpg,"Wireless, Bluetooth Wireless",Black,2400,Optical,Right,0
Logitech M187,15.23,https://cdna.pcpartpicker.com/static/forever/images/product/e6c63bc267a0a224c3e11ab84ec112e4.256p.jpg,"Wired, Wireless",Pink / Teal,1000,Optical,Both,0
Keychron M2 8k,,https://cdna.pcpartpicker.com/static/forever/images/product/55f72a94e8abb1d9dee7c352b803112a.256p.jpg,"Wired, Wired, Wireless, Bluetooth Wireless",Black,30000,Optical,Right,0
BenQ Zowie EC2-DW 4K,,,"Wired, Wireless",Black,3200,Optical,Right,0
Logitech G9x,,Laser,Wired,Black,5700,Laser,Right,4.5
Logitech 910-000806,179.99,https://cdna.pcpartpicker.com/static/forever/images/product/53607b3eb2f6517036a1402ae97f8ded.256p.jpg,Wired,Gray,Both,Trackball,Both,5
Gigabyte GM-M7800S,,Laser,Wireless,Brown,1600,Laser,Both,0
Kensington K64325,79.45,https://cdna.pcpartpicker.com/static/forever/images/product/f114f5ebf0971ec54316e7c6a8a39bcc.256p.jpg,Wired,Black,,Trackball,,5
Buslink SP-7000-BL,,Optical,Wired,Blue / Black,800,Optical,Both,0
IBM 40K9200,,Optical,Wired,Black / Red,Both,Optical,Both,0
SteelSeries Sensei,,Laser,Wired,Gray,11400,Laser,Both,4.5
Cobra cobra II,15.49,Optical,Wired,Multicolor,1600,Optical,Right,0
Dell WM311,,https://cdna.pcpartpicker.com/static/forever/images/product/0d49c8c071b7c349ea291841cf9778b7.med.256p.jpg,Wireless,Black,1000,Optical,Both,0
ROCCAT Kone XTD,,Laser,Wired,Black / Silver,8200,Laser,Right,4.5
Razer Naga 2014,,Laser,Wired,Black / Green,8200,Laser,Right,4.5
Zowie FK,,Optical,Wired,Black / Yellow,2300,Optical,Both,5
ROCCAT Kone Pure Military,,https://cdna.pcpartpicker.com/static/forever/images/product/c84bc0ae23436f9105eb66bf11e68476.256p.jpg,Wired,Brown,5000,Optical,Right,5
Logitech M500,,https://cdna.pcpartpicker.com/static/forever/images/product/7dc9eed48f668b80ea69350738e467b3.256p.jpg,Wired,Black / Silver,1000,Laser,Right,4.5
Azza Diablo,,Optical,Wired,Black,2400,Optical,Right,4
ROCCAT Nyth,,https://cdna.pcpartpicker.com/static/forever/images/product/35e6d37a4d4b93d02f3742525ce53082.256p.jpg,Wired,White,12000,Laser,Right,0
Razer Naga Chroma,,Laser,Wired,Black,16000,Laser,Right,4.5
Zalman ZM-M501R,19.98,Optical,Wired,Black,4000,Optical,Right,0
Corsair Sabre RGB,,https://cdna.pcpartpicker.com/static/forever/images/product/d075d3b8626ca72b895e654fed3c8d88.256p.jpg,Wired,Black,10000,Optical,Right,4.5
SteelSeries Rival 310,,https://cdna.pcpartpicker.com/static/forever/images/product/f87c2e5e4cefbe8756376e9340557440.256p.jpg,Wired,Black,12000,Optical,Right,4.5
Razer Lancehead Tournament Edition Mercury,171.21,Optical,Wired,White / Gray,16000,Optical,Both,4.5
Corsair GLAIVE RGB PRO,,https://cdna.pcpartpicker.com/static/forever/images/product/e2e1187454d67f3d4453bee8a141e349.256p.jpg,Wired,Black,18000,Optical,Right,4.5
RIOTORO URUZ Z5 Classic RGB,21.67,https://cdna.pcpartpicker.com/static/forever/images/product/2dc8576e719990d378f8aae53c73a4d0.256p.jpg,Wired,Black,4000,Optical,Right,0
Adesso iMouse S60R,30.22,https://cdna.pcpartpicker.com/static/forever/images/product/d95f13ff3cdda40e0edcfc75370a2692.256p.jpg,Wireless,Red / Black,1600,Optical,Right,0
G-Wolves HT-M 3360 Gray,,Optical,Wired,Gray,12000,Optical,Right,0
Verbatim 70243,19.78,https://cdna.pcpartpicker.com/static/forever/images/product/c5b2b398905a0ea2cbb3ff56fbea9362.256p.jpg,Wireless,Red / Black,1600,Laser,Right,0
Verbatim 70247,20,https://cdna.pcpartpicker.com/static/forever/images/product/6b972d4ed45afaa163d43af017af00cd.256p.jpg,Wireless,Blue,1600,Laser,Right,0
Acer Predator Cestus 330,64.98,https://cdna.pcpartpicker.com/static/forever/images/product/6e206ae14af35ad298fb17b0f44b5a03.256p.jpg,Wired,Black,16000,Optical,Right,0
Asus ROG Strix Impact II,,https://cdna.pcpartpicker.com/static/forever/images/product/fbdfe976a64917706dd2197ed2596634.256p.jpg,Wireless,Black,16000,Optical,Right,4.5
Asus ROG Keris Wireless EVA Edition,,https://cdna.pcpartpicker.com/static/forever/images/product/ad9401e96d9e27c42986361ae31c9e5f.256p.jpg,Wired,Black / Purple,Both,Optical,Both,0
Logitech Graphite Signature M550,24.99,https://cdna.pcpartpicker.com/static/forever/images/product/d88e96e8e8cd5dda0fe5c192f4587a6d.256p.jpg,Bluetooth Wireless,Gray,4000,Optical,Both,0
Logitech Graphite Signature M550 L,24.99,https://cdna.pcpartpicker.com/static/forever/images/product/dab3bba31bd4ebba08fd614ab61116e4.256p.jpg,Bluetooth Wireless,Gray,4000,Optical,Both,0
Logitech Off-white Signature M550,24.99,https://cdna.pcpartpicker.com/static/forever/images/product/cbb06fa800607daf4e0270b5db7db8cd.256p.jpg,Bluetooth Wireless,White,4000,Optical,Both,0
EVGA X20,39.09,https://cdna.pcpartpicker.com/static/forever/images/product/acbce37375c116bbe3ac190540d51214.256p.jpg,Wired, Wireless, Bluetooth Wireless,Gray / Black,16000,Optical,Right,0
Pulsar X2H,,Optical,Wired, Wireless, Bluetooth Wireless,Black,26000,Optical,Right,0
Adesso iMouse M60,19.98,https://cdna.pcpartpicker.com/static/forever/images/product/d2ec61ed9556fb79e5577ab35d918f8e.256p.jpg,"Wired, Wireless",Black,1200,Optical,Both,0
Dell MS3320W,29.99,https://cdna.pcpartpicker.com/static/forever/images/product/606bce5fafc8b4b3f1b73a3e63e65c59.256p.jpg,"Wired, Wireless, Bluetooth Wireless",Black,1600,Optical,Both,3
HP 430,48.99,https://cdna.pcpartpicker.com/static/forever/images/product/18694291920fbfcd589a3145202bb4b8.256p.jpg,Wired, Wireless, Bluetooth Wireless,Black,4000,Optical,Right,0
Logitech 910-006581,83.94,https://cdna.pcpartpicker.com/static/forever/images/product/a325ac66874480f41ad314466ef1b1c7.256p.jpg,"Wired, Wireless, Bluetooth Wireless",Black,8000,Laser,Right,0
Logitech M325S,62.2,https://cdna.pcpartpicker.com/static/forever/images/product/88739d456c84d32f1871c82c188ea332.256p.jpg,"Wired, Wireless",Gray / Black,1000,Optical,Both,0
Logitech G Pro Shroud,73.73,Optical,Wired, Wireless,Black / Blue,25600,Optical,Both,0
Logitech Lift for Business,68.78,https://cdna.pcpartpicker.com/static/forever/images/product/84670984c742b03f9b381855f48221ba.256p.jpg,"Wired, Wireless, Bluetooth Wireless",Black,4000,Optical,Left,0
Mad Catz R.A.T. Pro X3,219.99,https://cdna.pcpartpicker.com/static/forever/images/product/91ba92d16bc28a9922090b681ad0d3b0.256p.jpg,Wired,Black,16000,Optical,Right,0
Endgame Gear OP1 8k,84.99,https://cdna.pcpartpicker.com/static/forever/images/product/366d523e85a6361b39e0dfc5845fb4b5.256p.jpg,Wired,White,26000,Optical,Right,5
Endgame Gear XM2 8k,59.99,Optical,Wired,Black,26000,Optical,Right,0
Pulsar X3,99.95,Optical,Wired, Wireless,Black,32000,Optical,Right,0
MCHOSE G7,,https://cdna.pcpartpicker.com/static/forever/images/product/42d70dac44f0715dda9ac79766a722d3.256p.jpg,"Wired, Wireless, Bluetooth Wireless",White,12000,Optical,Right,0
Corsair M75 Cyberpunk 2077: Arasaka Edition,,https://cdna.pcpartpicker.com/static/forever/images/product/c6251c1148eeaba5d266224cbb53fa0c.256p.jpg,"Wireless, Bluetooth Wireless",Black / Red,26000,Optical,Both,0
Kensington 64325,79.45,https://cdna.pcpartpicker.com/static/forever/images/product/befc690ebac0bd7de20f7a469f2a105e.256p.jpg,Wired,Black,Both,Trackball,Both,0
Ergoguys 0090-0030,92.95,https://cdna.pcpartpicker.com/static/forever/images/product/4741a1b7f8a7448d231f09d035666db1.256p.jpg,Wired,White,400,Optical,Right,0
Belkin F5M010QBLK,20.05,https://cdna.pcpartpicker.com/static/forever/images/product/6e9cffe7622ada1138f947d23f1d2d09.256p.jpg,Wired,Black,800,Optical,Both,0
Verbatim Verbatim 99777 Silent Wireless Blue Led,15.6,https://cdna.pcpartpicker.com/static/forever/images/product/4537bf10dca2e0348955b691d03888f9.256p.jpg,Wireless,Black,Both,Laser,Both,0
Microsoft 222-00017,69.25,https://cdna.pcpartpicker.com/static/forever/images/product/ece22fd51e02b13bc7df858762f154b5.256p.jpg,Wired, Wireless, Bluetooth Wireless,White,2400,Optical,Right,0
Targus AMU81USZ,11.99,https://cdna.pcpartpicker.com/static/forever/images/product/2e5f4a685b4660ac7633faa9489925f3.256p.jpg,Wired,Black,1000,Optical,,0
Targus AMU51US,,Laser,Wired,Silver,Both,Laser,Both,0
Logitech Optical USB Mouse,,https://cdna.pcpartpicker.com/static/forever/images/product/b4d561305f8d2cdfeafe067db38687a0.256p.jpg,Wired,Black,800,Optical,Both,3
Adesso iMouse E7,48.4,https://cdna.pcpartpicker.com/static/forever/images/product/1905a31bf8160eafb39ed71f1bc3e6c9.256p.jpg,Wired,Black,6400,Optical,Left,0
Logitech ERGO M575,50.73,https://cdna.pcpartpicker.com/static/forever/images/product/4b028f06f338e0bb1aa7596c51627174.256p.jpg,"Wired, Wireless, Bluetooth Wireless",Gray / Blue,2000,Optical,Right,4
EVGA X12,80.84,https://cdna.pcpartpicker.com/static/forever/images/product/f61d3eb09fce8fcf679bd5f2227f369b.256p.jpg,Wired,White / Gray,16000,Optical,Both,0
Mionix NAOS PRO,112.19,Optical,Wired,Black,19000,Optical,Right,0
Monoprice Essential,9.77,https://cdna.pcpartpicker.com/static/forever/images/product/74138db570171d2d4557e4a1aebc8070.256p.jpg,Wired,Black,Both,Optical,Both,0
Logitech G400,,Optical,Wired,Black,3600,Optical,Right,4.5
Kensington 72213,14.95,Optical,Wired,Silver,Both,Optical,Both,0
Logitech G9x Call Of Duty Edition,,Laser,Wired,Black,5700,Laser,Right,4
HP EY703AA,11.99,Optical,Wired,Black,400,Optical,,0
Adesso HC-3003US,11.27,https://cdna.pcpartpicker.com/static/forever/images/product/b83adf5ed91833b102a3c58a8d0b0d7f.256p.jpg,Wired,Black,1000,Optical,Both,0
Targus AMW50US,21.99,https://cdna.pcpartpicker.com/static/forever/images/product/ecbd41daeb68994e09a5d107b90a3928.256p.jpg,Wireless,Black / Gray,800,Optical,Both,0
Logitech Wireless Mouse M525,43.99,https://cdna.pcpartpicker.com/static/forever/images/product/d840c5bc2186ba415957df7f14056965.256p.jpg,Wireless,Red / Black,Both,Optical,Both,4
A4Tech XL-747H,,https://cdna.pcpartpicker.com/static/forever/images/product/a5b2d8884f09a7cc7919b6a68473f2ac.med.256p.jpg,Wired,Black,3600,Laser,Both,4.5
SteelSeries Kana,,Optical,Wired,Black / Orange,3200,Optical,Both,5
Corsair Vengeance M95,,Laser,Wired,Black,8200,Laser,Right,4.5
Mad Catz R.A.T. 9,,Laser,Wireless,Black,6400,Laser,Right,5
Logitech G500s Laser Gaming Mouse,499,Laser,Wired,Black / Silver,8200,Laser,Right,4.5
Thermaltake eSPORTS Theron Black,,Laser,Wired,Black / Red,5600,Laser,Right,0
Perixx PERIMICE-201P B,8.99,Optical,Wired,Black / Silver,800,Optical,Both,0
Corsair Raptor M45,,Optical,Wired,Black / Red,5000,Optical,Right,4.5
EVGA TORQ X10 Carbon,,https://cdna.pcpartpicker.com/static/forever/images/product/69ec06dc8a9dfdacb672c1222bbf0c90.256p.jpg,Wired,Black / Red,8200,Laser,Both,5
Thermaltake SAPHIRA Team DK Edition,19.98,Optical,Wired,White / Red,3500,Optical,Right,0
Logitech M320,41.99,Optical,Wireless,Blue,1000,Optical,Right,0
Logitech G302 Daedalus Prime Moba,100.88,Optical,Wired,Black / Blue,4000,Optical,Right,4.5
Anker AK-98AN2000-BA,,https://cdna.pcpartpicker.com/static/forever/images/product/595f552a3b1481751e8a2da3845325e0.med.256p.jpg,Wired,Black / Blue,4000,Optical,Right,5
Zowie FK2,,https://cdna.pcpartpicker.com/static/forever/images/product/5dfbfc0413fb5fa5f27d6ddf8b4ef0af.256p.jpg,Wired,Black / Yellow,3200,Optical,Both,4.5
Logitech MX Anywhere 2,158.17,Laser,Wireless,Black / Gold,1600,Laser,Right,4.5
Razer Mamba,,Laser,Wireless,Black,16000,Laser,Right,4
Corsair M65 RGB,,https://cdna.pcpartpicker.com/static/forever/images/product/837ebc7b6cbea402ea98d97235c46bae.256p.jpg,Wired,Black,8200,Laser,Right,4.5
SteelSeries Rival 100,159.99,https://cdna.pcpartpicker.com/static/forever/images/product/2777f845bdb095a052d7dafbfc036de1.256p.jpg,Wired,Gold,4000,Optical,Right,4
SteelSeries Rival 700,,https://cdna.pcpartpicker.com/static/forever/images/product/719eee9076be363c0e6620159028bc72.256p.jpg,Wired,Black,16000,Optical,Right,4.5
SteelSeries Rival 500,,Optical,Wired,Black,16000,Optical,Right,4.5
Logitech G102 Prodigy,,Optical,Wired,Black,6000,Optical,Right,4
Corsair GLAIVE RGB,,https://cdna.pcpartpicker.com/static/forever/images/product/815647f7fedde59a1502e275e0068951.256p.jpg,Wired,Black,16000,Optical,Right,4.5
Swiftpoint Z Gaming,,https://cdna.pcpartpicker.com/static/forever/images/product/44a4f743ff2531d38662495acfdfe850.256p.jpg,Wired,Black,12000,Optical,Right,5
Cougar Minos X3,,https://cdna.pcpartpicker.com/static/forever/images/product/96ca4df8ce69419f0a309521e8440327.256p.jpg,Wired,Black,3200,Optical,Right,5
Logitech MX Ergo Plus,94.99,https://cdna.pcpartpicker.com/static/forever/images/product/67844aacb68212f9e8a680c784c27702.256p.jpg,Wireless,Black,440,Optical,Right,5
SHARKOON Drakonia Black,,Laser,Wired,Black,8200,Laser,Right,5
Razer Lancehead Tournament Edition,186.03,https://cdna.pcpartpicker.com/static/forever/images/product/1d819b4e9cc8d3d6b666d0ecd94e9d29.256p.jpg,Wired,Pink,16000,Optical,Both,5
Cooler Master MM710 Matte Black,,https://cdna.pcpartpicker.com/static/forever/images/product/daff3cec35e5bdffee0353ce87c4f6c1.256p.jpg,Wired,Black,16000,Optical,Right,4
Mad Catz The Authentic R.A.T 8+,99.99,https://cdna.pcpartpicker.com/static/forever/images/product/f5992de220ad1ae571bca69f15738bd3.256p.jpg,Wired,Black,16000,Optical,Right,5
MSI CLUTCH GM50,74.98,https://cdna.pcpartpicker.com/static/forever/images/product/3b8b3628c4ec1a6dbbcdfa2f4a354981.256p.jpg,Wired,Black,7200,Optical,Right,4.5
Rosewill NEON M56,,https://cdna.pcpartpicker.com/static/forever/images/product/4842b80181cc4a88aa26b32372c87925.256p.jpg,Wired,Black,12400,Optical,Right,0
Verbatim 98113,24.97,https://cdna.pcpartpicker.com/static/forever/images/product/e68c83700ec204d722f08c0a5c2a0b81.256p.jpg,Wired,Black,Both,Optical,Both,0
Verbatim 99767 Commuter,9.21,https://cdna.pcpartpicker.com/static/forever/images/product/2d6d53029d6c6237a080c251b5ab34ef.256p.jpg,Wireless,Red / Black,Both,Optical,Both,0
Verbatim 99780 Silent Wireless Blue Led,27.23,https://cdna.pcpartpicker.com/static/forever/images/product/c0f86701710bf0058f40ccba7d250bd0.256p.jpg,Wireless,Red / Black,Both,Optical,Both,0
Redragon MIRAGE,,Optical,Wireless,Red / Black,4800,Optical,Right,0
Aula SI-9008,,https://cdna.pcpartpicker.com/static/forever/images/product/18f71f3dedb8cf3cff4ced5bac329fe8.256p.jpg,Wired,Black,3500,Optical,Right,5
MSI CLUTCH GM30,,https://cdna.pcpartpicker.com/static/forever/images/product/f715cea7af6ab4c24f1771c990712ff2.256p.jpg,Wired,Black,6200,Optical,Right,0
SteelSeries Sensei Ten,,https://cdna.pcpartpicker.com/static/forever/images/product/493aa4c3b02d2c46d7fd9ea938d2851b.256p.jpg,Wired,Black,18000,Optical,Right,4
Cooler Master MM711 Glossy White,45.3,https://cdna.pcpartpicker.com/static/forever/images/product/6ab19588df86b95c4e0eb5ed5666915c.256p.jpg,Wired,White,16000,Optical,Right,4
Microsoft Intellimouse Pro - White Shadow,47.86,https://cdna.pcpartpicker.com/static/forever/images/product/ee744f8b1fe700c66c75ad8cd34be41e.256p.jpg,Wired,White / Black,16000,Optical,Right,5
Asus ROG GLADIUS II ORIGIN PNK LTD,140,Optical,Wired,Pink / White,12000,Optical,Right,5
Logitech M191 Full-Size,16.84,Optical,Wireless,Black / Gray,1000,Optical,Both,4
AOC GM500,,https://cdna.pcpartpicker.com/static/forever/images/product/82e432b0dd31fc51d6ec05ecdd85cb75.256p.jpg,Wired,Black,5000,Optical,Both,5
Endgame Gear XM1r,86.14,https://cdna.pcpartpicker.com/static/forever/images/product/158a8e31faf78eab8e8bf9b721534748.256p.jpg,Wired,White / Gold,19000,Optical,Right,5
Corsair SABRE RGB PRO WIRELESS CHAMPION SERIES,,https://cdna.pcpartpicker.com/static/forever/images/product/63c4b5efa625cd67a2e4771c8cfd0f38.256p.jpg,Wireless,Black,26000,Optical,Right,4.5
GAMDIAS ZEUS E2,13.99,Optical,Wired,Black,3200,Optical,Right,0
Microsoft Pro Intellimouse,,Optical,Wired,Black / Gray,16000,Optical,Right,0
Mad Catz ‎R.A.T Pro X3 Supreme Limited Edition,,Optical,Wired,Black / Gold,16000,Optical,Right,0
Cooler Master MM730,43,https://cdna.pcpartpicker.com/static/forever/images/product/cae6f557ec07fea682e842511dd7e063.256p.jpg,Wired,White / Gray,16000,Optical,Right,0
Razer Pro Click Mini,49,https://cdna.pcpartpicker.com/static/forever/images/product/08f385051b50fabdd6d1333ae382a9f3.256p.jpg,Wireless, Bluetooth Wireless,White / Gray,12000,Optical,Right,0
Logitech M590,,Optical,Wireless, Bluetooth Wireless,Black,1000,Optical,Right,4
Gigabyte AORUS M6,,https://cdna.pcpartpicker.com/static/forever/images/product/3864dcc0585397cbf1d847daf8a00cbf.256p.jpg,"Wired, Wireless",Black,26000,Optical,Both,0
HP 200,18.98,https://cdna.pcpartpicker.com/static/forever/images/product/386e165c293ab3a1a2227b331eac4229.256p.jpg,Wired, Wireless,Black / Silver,1000,Optical,Both,0
HP 235,24.5,Optical,Wired, Wireless,Black,1600,Optical,Both,0
Lenovo 4Y51J62544,27.74,https://cdna.pcpartpicker.com/static/forever/images/product/c3d4a00263d8e67ca7d88bc78a519354.256p.jpg,"Wired, Wireless, Bluetooth Wireless",Black,4000,Optical,Right,0
Logitech 910-002901,22.99,https://cdna.pcpartpicker.com/static/forever/images/product/434c9cd8b19e3b6425fc6c8f7e2ad350.256p.jpg,Wired, Wireless,Blue,1000,Optical,Both,0
Logitech MX ANYWHERE 2S,,https://cdna.pcpartpicker.com/static/forever/images/product/94520abe510dea8cb921e071a92ab53f.256p.jpg,"Wired, Wireless, Bluetooth Wireless",Black,4000,Laser,Right,0
Microsoft RJN-00061,,Optical,Bluetooth Wireless,White,1000,Optical,Both,0
MSI Clutch GM51 Lightweight,,https://cdna.pcpartpicker.com/static/forever/images/product/efc1548c6a5d4b5bf82ddcf1e937221c.256p.jpg,"Wired, Wireless, Bluetooth Wireless",Black,26000,Optical,Right,0
Pulsar Xlite V3 Large,,Optical,Wired, Wireless,Black,2600,Optical,Right,0
DeLUX M800 Ultra,59.99,Optical,Wired, Wireless, Bluetooth Wireless,White,26000,Optical,Right,0
Pulsar X3 Mini,99.95,Optical,Wired, Wireless,White,32000,Optical,Right,0
Pulsar X3 LHD,,https://cdna.pcpartpicker.com/static/forever/images/product/bbe7430215bdecba5efec736480d6095.256p.jpg,"Wired, Wireless",Black,32000,Optical,Left,0
MCHOSE G3 Pro,,Optical,Wired, Wireless, Bluetooth Wireless,White,26000,Optical,Right,0
MCHOSE G3 Ultra (8K+8K),,https://cdna.pcpartpicker.com/static/forever/images/product/9a6d512448434c945b1f485491b8aa9b.256p.jpg,"Wired, Bluetooth Wireless",Black,26000,Optical,Right,0
MCHOSE L7 Ultra (500mAh),,Optical,Wired, Wireless, Bluetooth Wireless,Black,42000,Optical,Right,0
HP X200,,https://cdna.pcpartpicker.com/static/forever/images/product/5b26f105ac1c886e0af0ac5ca2208304.256p.jpg,Wireless,Black,1600,Optical,Both,0
BenQ Zowie EC3-DW 4K,129.99,,"Wired, Wireless",Black,3200,Optical,Right,0
Razer Cobra Hyperspeed (w/Dock),,https://cdna.pcpartpicker.com/static/forever/images/product/32a5748bfb15531270dfb85a8b1f434e.256p.jpg,"Wired, Wireless, Bluetooth Wireless",Black,26000,Optical,Right,0
Razer Mamba Wireless 2018,152.97,https://cdna.pcpartpicker.com/static/forever/images/product/e7c7b59c4614c4df6a822b2599ca0fd6.256p.jpg,Wireless,Black / Green,16000,Optical,Right,4
Evoluent VM4R,89.95,https://cdna.pcpartpicker.com/static/forever/images/product/dd4116b555d99ce584df470de6b28025.256p.jpg,Wired,Silver / Black,Right,Laser,Right,0
Endgame Gear XM1 RGB,69.95,https://cdna.pcpartpicker.com/static/forever/images/product/6afc64557501b5d2d3ae2e802a060bd5.256p.jpg,Wired,Transparent / Black,16000,Optical,Right,0
Tempest MS100 Paladin,,https://cdna.pcpartpicker.com/static/forever/images/product/47036040468e270cf5670abe3fcd13cb.256p.jpg,Wired,Black / Red,16000,Optical,Both,0
Microsoft Sculpt Ergonomic,73.9,https://cdna.pcpartpicker.com/static/forever/images/product/1df70d8a8be0e1591c743e5b1e08792b.256p.jpg,Wireless,Black / Blue,Right,Laser,Right,4
Verbatim 70244,18.98,https://cdna.pcpartpicker.com/static/forever/images/product/25828000d3967fd7f04fc322f2ff7a0e.256p.jpg,Wireless,Blue / Black,1600,Laser,Right,0
Razer Orochi V2 Strike,108.1,Optical,Wireless,Black / Gray,18000,Optical,Right,0
Adesso iMouse A20,34.99,https://cdna.pcpartpicker.com/static/forever/images/product/685c96b669b809f089c5e7261558a1a8.256p.jpg,Wired, Wireless,Gray / Black,2400,Optical,Right,0
MCHOSE A5 Ultra,,https://cdna.pcpartpicker.com/static/forever/images/product/ffe4ab102f4b1e25bef7ddc711be6044.256p.jpg,"Wired, Wireless, Bluetooth Wireless",White,26000,Optical,Right,0
HP GW405AT,31.98,Laser,Wired,Black,,Laser,,0
Kensington SlimBlade,155.44,https://cdna.pcpartpicker.com/static/forever/images/product/b15e6951d4e919fcd6c587bd8153d198.256p.jpg,Wired,Black,Both,Trackball,,0
Thermaltake eSPORTS Theron Red,40,Laser,Wired,Red,5600,Laser,Right,5
Cherry JW-T0100,26.99,https://cdna.pcpartpicker.com/static/forever/images/product/3f242d3ea938930b93a995e3a94d0e2c.256p.jpg,Wireless,Black,1750,Laser,Both,0
Evoluent VerticalMouse 4 Right,142,https://cdna.pcpartpicker.com/static/forever/images/product/1b3a0d7a8669e4e0ae86afb2fcc32bdf.med.256p.jpg,Bluetooth Wireless,White,Right,Laser,Right,0
Kensington Pro Fit,48.62,https://cdna.pcpartpicker.com/static/forever/images/product/8598c281ed84a5c40fcc3596526c6b81.256p.jpg,Wireless,Black,1600,Laser,Right,0
Kensington Pro Fit Wired Mid-Size Mouse USB,32.98,https://cdna.pcpartpicker.com/static/forever/images/product/589ade29a2e59f3637f46c784796d8bb.256p.jpg,Wired,Black,Right,Laser,Right,0
Kensington K74531WW,22.39,Optical,Wired,White,Both,Optical,Both,0
DLAND Zelotes T90,,Optical,Wired,Black,9200,Optical,Right,0
GameMax Tornado,10.94,https://cdna.pcpartpicker.com/static/forever/images/product/bfa34b4bb3415dff449afec8e50588f6.256p.jpg,Wired,Black,2000,Optical,Right,3
Patriot Viper 551,39.99,https://cdna.pcpartpicker.com/static/forever/images/product/19ea485d3583c55cae5e40d2a0642917.256p.jpg,Wired,Black,10000,Optical,Both,0
Adesso iMouse S80B,29.62,https://cdna.pcpartpicker.com/static/forever/images/product/6686714f3f89b00710eee441756e14a7.256p.jpg,Wireless,Black,1600,Optical,Right,0
Logitech G PRO Hero,69.99,Optical,Wired,Black,25600,Optical,Right,5
Razer DeathAdder V2 Pro - Genshin Impact Edition,,https://cdna.pcpartpicker.com/static/forever/images/product/1338602f409690b8a05e3d6613ec7479.256p.jpg,"Wired, Wireless, Bluetooth Wireless",Blue / White,20000,Optical,Right,5
Cooler Master MM311,29.8,https://cdna.pcpartpicker.com/static/forever/images/product/bebc811fb6367802c92e136f310f4890.256p.jpg,"Wired, Wireless",Black,10000,Optical,Right,0
Apple MB112LL/B,,Optical,Wired,White,,Optical,,0
Gigabyte GM-M8000X,,Laser,Wired,Black,6000,Laser,,5
Razer Mamba 2012 Elite,,Laser,Wireless,Black,6400,Laser,Right,4
Thermaltake MO-BLK002DT,,Laser,Wired,Black,4000,Laser,Right,4.5
Gigabyte GM-M6800,,https://cdna.pcpartpicker.com/static/forever/images/product/1081234c781a7e1917ad1eeb22b4e295.256p.jpg,Wired,Black,1600,Optical,Right,4.5
Thermaltake MO-BLE001DT,,Laser,Wired,Black,6500,Laser,Both,4
Logitech LS1,,Laser,Wired,Black,Both,Laser,Both,5
Sony VGPBMS10/B,,Laser,Bluetooth Wireless,Black,800,Laser,Both,0
Sony VGP-BMS77,,Laser,Bluetooth Wireless,Black / Silver,1600,Laser,Both,0
Logitech M305,89.99,Optical,Wireless,Black / Gold,1000,Optical,Both,5
Microsoft Arc Touch Mouse,,Optical,Wireless,Black,Both,Optical,Both,4
Microsoft GMF-00046,,Optical,Wireless,Beige / Black,,Optical,,0
Microsoft 4FD-00012,,Optical,Wired,Blue,Both,Optical,Both,0
Kensington K72370US,18.94,https://cdna.pcpartpicker.com/static/forever/images/product/529bf4e5d1f6e45837aa6842bea1701b.256p.jpg,Wireless,Black,Right,Optical,,0
Logitech G300,,Optical,Wired,Black / Gray,2500,Optical,Both,4
Ergoguys EM011-W,39.42,Optical,Wired,White,1000,Optical,,0
Verbatim Easy Riser,12.99,Laser,Wireless,Silver,Both,Laser,Both,0
Cherry M5450,11.99,https://cdna.pcpartpicker.com/static/forever/images/product/f13fd5aefada494f089801249f38504e.256p.jpg,Wired,Black,800,Optical,,0
Adesso GP-160PB,49.99,https://cdna.pcpartpicker.com/static/forever/images/product/49d13285491bdc4e9f9aad617860f08a.256p.jpg,Wired,Black,Both,Touchpad,Both,0
Cyborg CCB437050002/04/1,,https://cdna.pcpartpicker.com/static/forever/images/product/a701db9193051fee86a3356ac062d89b.med.256p.jpg,Wired,Black,4000,Laser,Right,4
Razer Naga Star Wars Edition,,Optical,Wireless,Silver / Black,Right,Optical,Right,0
Cooler Master CM Storm Xornet,,Optical,Wired,Black,2000,Optical,Right,4.5
Razer Naga 2012,,Laser,Wired,Black,5600,Laser,,4.5
Gigabyte GM-AIRE M1,16.3,Optical,Wired,Black,1000,Optical,Both,0
Zalman ZM-M400,19.98,Optical,Wired,Black / Gray,1600,Optical,Right,0
Logitech Anywhere Mouse MX,167.34,Laser,Wireless,Black,Both,Laser,Both,4
Gigabyte GM-KRYPTON,,Laser,Wired,Black,8200,Laser,Both,5
Ergoguys EMO11-BL,39.24,https://cdna.pcpartpicker.com/static/forever/images/product/62499121d392b68b49dbe3df0e4b074c.256p.jpg,Wired,Black,1000,Optical,Right,0
A4Tech v7,,https://cdna.pcpartpicker.com/static/forever/images/product/71b233a23752ea00ff11afff79433f21.med.256p.jpg,Wired,Black,3200,Optical,Right,4
A4Tech G10-770H,,https://cdna.pcpartpicker.com/static/forever/images/product/84db9b3801bdeef26f83eb192f66622f.med.256p.jpg,Wireless,Black,2000,Optical,Right,0
Kensington K72421AM,28.15,https://cdna.pcpartpicker.com/static/forever/images/product/6577ca54dea28234073e11bc3d75bbc5.256p.jpg,Wireless,Blue,Right,Optical,Right,0
Kensington K72423AM,37.98,https://cdna.pcpartpicker.com/static/forever/images/product/57f1d5177fddbe1ccdcb664fcd6051dc.256p.jpg,Wireless,Green,Right,Optical,Right,0
Mad Catz R.A.T. 3,,Optical,Wired,Black / Red,3500,Optical,Right,3
Mad Catz R.A.T. 5,,Laser,Wired,Black,5600,Laser,Right,4.5
A4Tech D-312,12.99,https://cdna.pcpartpicker.com/static/forever/images/product/e2052c2cc498aa39ae8226c2958b5727.med.256p.jpg,Wired,Black,1000,Optical,Both,0
Cherry AZURO,,Optical,Wireless,Blue,1000,Optical,Right,0
Ergoguys WWT-13,,https://cdna.pcpartpicker.com/static/forever/images/product/2063c791f5003587cd8095b21d976956.med.256p.jpg,Wired,White / Blue,Right,Trackball,Right,0
Evoluent VerticalMouse 4 Right Wireless,109.95,https://cdna.pcpartpicker.com/static/forever/images/product/84465fc9d6fffc4127a4dd654aa87cda.med.256p.jpg,Wireless,Black / Blue,Right,Optical,Right,0
Kensington 72327,,Trackball,Wired,Black / Red,Both,Trackball,Both,0
Kensington Pro Fit Mid-Size Mouse,37,https://cdna.pcpartpicker.com/static/forever/images/product/5b083fa74b48c24f0029de9f15aab5e2.256p.jpg,Wireless,Red / Black,Right,Optical,Right,0
Lenovo 0A36407,,https://cdna.pcpartpicker.com/static/forever/images/product/b70f939b0f0cf674f7dac63bae7cc2b1.256p.jpg,Bluetooth Wireless,Black / Red,1200,Laser,Both,0
Microsoft P58-00061,33.9,https://cdna.pcpartpicker.com/static/forever/images/product/3f8259094aee70e8c54353fd26a23d6e.256p.jpg,Wired,Black,800,Optical,Both,4
HP H4B81AA,,https://cdna.pcpartpicker.com/static/forever/images/product/25480a68a6c6cbe0188002c435eea86b.256p.jpg,Wired,Black,1000,Laser,Both,0
Verbatim Wireless Multi-Trac Blue LED Optical Mouse,47.27,https://cdna.pcpartpicker.com/static/forever/images/product/972719c977b95a5fbdbfd52a2587645f.256p.jpg,Wireless,Blue / Black,Right,Optical,Right,0
SteelSeries World of Warcraft Wireless MMO Gaming Mouse,,Optical,Wireless,Black / Gray,8200,Optical,Right,4
ROCCAT Kone Pure Optical,,Optical,Wired,Black / Red,4000,Optical,Right,4.5
Razer Ouroboros,,https://cdna.pcpartpicker.com/static/forever/images/product/d69ab6d1722c67b9803a43244e1d571f.256p.jpg,Wireless,Black,8200,Laser,Both,4.5
Func MS 3,,Laser,Wired,Black / Red,5040,Laser,Right,1
Logitech MX310,179.99,Optical,Wired,Black / Silver,Both,Optical,Both,0
Cobra Ajazz Quake7,,https://cdna.pcpartpicker.com/static/forever/images/product/eb73dcd20e3dddd5b6281413e77a0fbf.med.256p.jpg,Wired,Black,2400,Optical,Right,0
Perixx MX-2000B,,Laser,Wired,Black / Silver,5040,Laser,Right,4
Lenovo K5923,,Touchpad,Wireless,Black,Both,Touchpad,Both,0
Asus UX300,,Optical,Wired,Black,1600,Optical,Right,0
HP QY775AA,9.69,https://cdna.pcpartpicker.com/static/forever/images/product/1804cb0e49425596786b78195ed25b42.256p.jpg,Wired,Black,800,Optical,Both,0
SteelSeries Sensei RAW Heat Orange,,Laser,Wired,Black / Orange,5670,Laser,Both,5
Mionix NAOS 7000,,https://cdna.pcpartpicker.com/static/forever/images/product/8c0241c78ac995baa2168219a2394a44.med.256p.jpg,Wired,Black / Blue,7000,Optical,Right,5
Cherry M-4230,,Optical,Wired,Black / Silver,800,Optical,Both,0
Lenovo ThinkPad Precision Wireless Mouse,28,Optical,Wireless,Black / Red,1200,Optical,Both,0
Genius DeathTaker White Edition,,Laser,Wired,White / Red,5700,Laser,Right,5
Razer Taipan,151.47,Laser,Wired,Black / White,8200,Laser,Both,4.5
Razer DeathAdder World of Tanks,,Optical,Wired,Black / Orange,6400,Optical,Right,0
Rosewill RM-7900,,Laser,Wireless,Black / Silver,2000,Laser,Right,0
Zowie FK1,,https://cdna.pcpartpicker.com/static/forever/images/product/fe83418af317ccec595e8db7c00a3e51.256p.jpg,Wired,Black / Yellow,2300,Optical,Both,4.5
Logitech Wireless Mouse,22.99,https://cdna.pcpartpicker.com/static/forever/images/product/4e446d06f684497d29d85f9da5680a85.256p.jpg,Wireless,Black / Silver,Both,Laser,Both,0
SteelSeries Sims 4,,https://cdna.pcpartpicker.com/static/forever/images/product/41feb91436d6abdc28c1ec4a5badb28a.256p.jpg,Wired,White / Gray,1600,Laser,Right,0
Thermaltake TALON Blue LED,,Optical,Wired,Black / Blue,3000,Optical,Right,0
Cougar 700M,,Laser,Wired,Black,8200,Laser,Right,5
Mad Catz R.A.T. TE,,Laser,Wired,Black / Red,8200,Laser,Right,5
Microsoft Arc Touch Mouse Surface Edition,,Laser,Bluetooth Wireless,Black,Both,Laser,Both,5
Razer Abyssus 2014 Essential,,Laser,Wired,Black,Both,Laser,Both,4
Cougar 600M,,Laser,Wired,Orange,8200,Laser,Right,5
Thermaltake THERON Plus+,,Laser,Wired,Black / Red,8200,Laser,Right,0
Func MS-2,,https://cdna.pcpartpicker.com/static/forever/images/product/63d9dee9ec76c4e082c9a04dd6e3534b.med.256p.jpg,Wired,Black / Orange,4000,Optical,Right,5
Thermaltake BLACK V2,,Laser,Wired,Black / Red,5700,Laser,Right,0
Dell WM123,,https://cdna.pcpartpicker.com/static/forever/images/product/7a0330b52581a3d17d5927bc9493b9d4.256p.jpg,Wireless,Black,1000,Optical,Both,0
Logitech M325c Red Zigzag,,https://cdna.pcpartpicker.com/static/forever/images/product/2a751166092baa3a7e4666f6c5a56346.256p.jpg,Wireless,Red,Both,Optical,Both,0
ROCCAT Kone Pure Desert Strike,,Optical,Wired,Brown / Black,5000,Optical,Right,0
Corsair SCIMITAR RGB,,https://cdna.pcpartpicker.com/static/forever/images/product/753386fd8ecb6f8e48bd1876bffd8936.256p.jpg,Wired,Black,12000,Optical,Right,4
MSI Interceptor DS B1,,https://cdna.pcpartpicker.com/static/forever/images/product/404b600bff2ce93599250065b197310a.256p.jpg,Wired,Black / Red,1600,Optical,Right,4.5
Trust GXT 158,,Laser,Wired,Black,5000,Laser,Both,0
G.Skill RIPJAWS MX780,,Laser,Wired,Black,8200,Laser,Both,4
IOGEAR Chimera M2,,Optical,Wired,Black,2000,Optical,Right,0
Takara Tomy Transformers DinoSaurer,,https://cdna.pcpartpicker.com/static/forever/images/product/081c9670af613c4c4dead39ba22fc4d5.256p.jpg,Wired,Black / Orange,Both,Optical,Both,0
GE 97986,,Optical,Wired,Black,Both,Optical,Both,0
Genius NX-7000,11.94,https://cdna.pcpartpicker.com/static/forever/images/product/f018b5aaaab38721246218e6b2604af7.256p.jpg,Wireless,Black,1200,Laser,Both,0
ROCCAT Kova RGB,,https://cdna.pcpartpicker.com/static/forever/images/product/a214782b128632f17cacd08bc85f548d.256p.jpg,Wired,Black,7000,Optical,Both,4
SteelSeries Rival 300,191.43,Optical,Wired,Silver,6500,Optical,Right,5
Feenix Nascita,,Laser,Wired,Black / White,8200,Laser,Right,0
Aorus THUNDER M7,,https://cdna.pcpartpicker.com/static/forever/images/product/6cd922ae2f1a3b08e0c41db313bb77ba.256p.jpg,Wired,Black,8200,Laser,Right,0
Gear Head MP2100NPK,,Optical,Wireless,Pink,Both,Optical,Both,0
HP Star Wars Special Edition,,Laser,Wireless,Black / Red,Both,Laser,Both,0
Jeecoo James Donkey 007,,Laser,Wired,Gunmetal,8200,Laser,Both,0
Thermaltake THERON Plus,64.98,Laser,Wired,Black,8200,Laser,Right,0
Das Keyboard Division Zero M50,,Laser,Wired,Black / Red,6400,Laser,Both,0
Redragon M902,,Laser,Wired,Black / Red,16400,Laser,Right,4
Zowie ZA12,,Optical,Wired,Black,3200,Optical,Both,0
SHARKOON SHARK Force,,https://cdna.pcpartpicker.com/static/forever/images/product/d9d92d1fe7972e3fbcbd35b33400d053.256p.jpg,Wired,White,1600,Optical,Right,0
Asus Cerberus,,https://cdna.pcpartpicker.com/static/forever/images/product/047b2044b7ecdf19a97ae57a494d881b.256p.jpg,Wired,Black / Red,2500,Optical,Both,5
Razer Naga Hex V2,,https://cdna.pcpartpicker.com/static/forever/images/product/253dfb05014e5120d21bfbf81ae5ac56.256p.jpg,Wired,Black / Green,16000,Laser,Right,3.5
Mars Gaming MM1,,Optical,Wired,Black / Red,3200,Optical,Right,0
Asus ROG Strix Impact,,https://cdna.pcpartpicker.com/static/forever/images/product/19ff811b1ac265042db01f574fab31a1.256p.jpg,Wired,Black,5000,Optical,Both,5
Redragon M702 Phoenix,,Optical,Wired,Black / Red,Right,Optical,Right,0
Corsair GLAIVE RGB Aluminum,,Optical,Wired,Black,16000,Optical,Right,4.5
Logitech G703 (White),,https://cdna.pcpartpicker.com/static/forever/images/product/f145496dc60e82a84893f05809dbc9cf.256p.jpg,Wireless,White,12000,Optical,Right,3.5
MSI Interceptor DS100,,https://cdna.pcpartpicker.com/static/forever/images/product/79e2de34ea93f380c134ee0ce92079c7.256p.jpg,Wired,Black / Red,3500,Laser,Both,0
ROCCAT Kone AIMO,,https://cdna.pcpartpicker.com/static/forever/images/product/41de138c671f6f57bceb17f01b1aeb02.256p.jpg,Wired,Black,12000,Optical,Right,4
Corsair DARK CORE RGB SE,,Optical,Wireless,Black,16000,Optical,Right,4
Logitech MX Ergo,82.95,https://cdna.pcpartpicker.com/static/forever/images/product/1b9c15e0df262b7b7deb0ebe9bd3b266.256p.jpg,Wireless,Black,440,Optical,Right,5
Gigabyte AORUS M3,,https://cdna.pcpartpicker.com/static/forever/images/product/3330d2e97300254525d512dcfe218912.256p.jpg,Wired,Black,6400,Optical,Right,0
SteelSeries Rival 110,139.89,https://cdna.pcpartpicker.com/static/forever/images/product/3bc2b2fbd6d2a45335558b7008096d88.256p.jpg,Wired,Black,7200,Optical,Right,4.5
MSI Clutch GM60,,Optical,Wired,Black,10800,Optical,Right,0
HP HyperX Pulsefire FPS Pro,,https://cdna.pcpartpicker.com/static/forever/images/product/5427199f410131967602f3fc7a0b2c7a.256p.jpg,Wired,Black,16000,Optical,Right,4.5
Asus ROG Gladius II Origin,,https://cdna.pcpartpicker.com/static/forever/images/product/a03f5f3afa7840a441a8cde24025d2aa.256p.jpg,Wired,Black,12000,Optical,Right,4.5
Glorious MODEL O GLOSSY,34.99,https://cdna.pcpartpicker.com/static/forever/images/product/c88640b5d4d5bd9531a8caac8f3c3c82.256p.jpg,Wired,White,12000,Optical,Right,5
Zowie S2,,https://cdna.pcpartpicker.com/static/forever/images/product/1c54a171a6967536a7d1478c1b304793.256p.jpg,Wired,Black,3200,Optical,Right,0
Mionix Castor French Fries,,https://cdna.pcpartpicker.com/static/forever/images/product/f997e5811a66a964c82dae3665dc7328.256p.jpg,Wired,Yellow,5000,Optical,Right,0
Mionix Avior French Fries,,https://cdna.pcpartpicker.com/static/forever/images/product/c4ae247055329c08d5d46fce56cfff61.256p.jpg,Wired,Yellow,5000,Optical,Both,0
Mad Catz The Authentic R.A.T 4+,,https://cdna.pcpartpicker.com/static/forever/images/product/2edf9bf8431c16c670b552e90bd7bb74.256p.jpg,Wired,Black,7200,Optical,Right,3
Zowie EC2-B CS:GO,,https://cdna.pcpartpicker.com/static/forever/images/product/940a6741c4611c9b2f1d729ceff3a457.256p.jpg,Wired,Black / Gold,3200,Optical,Right,4
Logitech M317c Lady on the Lily,,Optical,Wireless,White / Multicolor,1000,Optical,Both,0
Logitech M325c Summer Bouquet,19.99,https://cdna.pcpartpicker.com/static/forever/images/product/dc7c80d31b46f5526e581a5fe89d4fc1.256p.jpg,Wireless,White / Pink,1000,Optical,Both,0
FinalMouse Air58 Ninja,450,Optical,Wired,Blue,3200,Optical,Right,5
Adesso iMouse V10,34.1,https://cdna.pcpartpicker.com/static/forever/images/product/bfa0045e710716224b31f66d6f034131.256p.jpg,Wireless,Black / Yellow,1600,Optical,Right,0
Microsoft Surface Mobile,,https://cdna.pcpartpicker.com/static/forever/images/product/46a6c3211f42dc9ba17417b21b36580a.256p.jpg,Bluetooth Wireless,Black / Silver,Both,Laser,Both,0
Kodak IMOUSE Q10,,https://cdna.pcpartpicker.com/static/forever/images/product/c4d3a32470d059a665016dbb8e2c5f99.256p.jpg,Wireless,Black,1600,Optical,Right,0
Trust GXT 155,,https://cdna.pcpartpicker.com/static/forever/images/product/8406b72cd9f0cb137d336161e32d97a3.256p.jpg,Wired,Black / Blue,4000,Optical,Right,0
Trust GXT 130,,https://cdna.pcpartpicker.com/static/forever/images/product/4e037ba3a23893b0b94c6a0335d565b4.256p.jpg,Wireless,Black / Red,2400,Laser,Right,0
Trust GXT 188 Laban RGB,,https://cdna.pcpartpicker.com/static/forever/images/product/193e38cb5282b08f9349792eb36e26de.256p.jpg,Wired,Black,15000,Optical,Right,0
Trust GXT 101D GAV,,https://cdna.pcpartpicker.com/static/forever/images/product/b1eda09cb80c32f1a655a5f64a6c750c.256p.jpg,Wired,Green / Black,4800,Optical,Right,0
Rosewill NEON M61,,https://cdna.pcpartpicker.com/static/forever/images/product/1cf204bc4e0679ab7fbc59ef4a67fcfe.256p.jpg,Wireless,Black / Blue,10000,Optical,Right,0
Verbatim 99790,12.33,https://cdna.pcpartpicker.com/static/forever/images/product/b92dc7a978fc6a0d339b935e33e6c92b.256p.jpg,Wired,Black,Both,Optical,Both,0
Toshiba U55,,https://cdna.pcpartpicker.com/static/forever/images/product/df93d24abe682f994d5973da458f3792.256p.jpg,Wired,Black,1600,Optical,Both,0
HP OMEN 600,,https://cdna.pcpartpicker.com/static/forever/images/product/6b794de0fd993ff45c8a6de3d6bc67fe.256p.jpg,Wired,Black / Red,12000,Optical,Right,0
Kensington K72392USA,32.71,https://cdna.pcpartpicker.com/static/forever/images/product/2e736843a17b5a17458a49b7a2072a61.256p.jpg,Wireless,Black,1000,Optical,Both,0
Inland 7338,,https://cdna.pcpartpicker.com/static/forever/images/product/1d6728a62f024e7cd1af4c8f572b024f.256p.jpg,Wired,Transparent / Gray,Both,Optical,Both,0
Verbatim 70233,8.99,https://cdna.pcpartpicker.com/static/forever/images/product/998f986b3ec48f52f2b552412b0c2f91.256p.jpg,Wired,Blue / Black,Both,Optical,Both,0
Verbatim 70235,8.99,https://cdna.pcpartpicker.com/static/forever/images/product/2a7e0b7fb53609a497efd0aad93494cd.256p.jpg,Wired,Purple / Black,Both,Optical,Both,0
Lenovo Legion M500 RGB,,https://cdna.pcpartpicker.com/static/forever/images/product/78a3bd17a16bcbb4c87909aff7483e4f.256p.jpg,Wired,Black,Right,Optical,Right,5
Evoluent VMDM,101.88,https://cdna.pcpartpicker.com/static/forever/images/product/e85a28e99552e466622cc030de37b791.256p.jpg,Wired,Black / Silver,Right,Optical,Right,0
Evoluent VMDS,119.62,https://cdna.pcpartpicker.com/static/forever/images/product/0d5905c7c1eeecc10637041d36c511c9.256p.jpg,Wired,Black / Silver,Right,Optical,Right,0
Cooler Master MM711 Matte Black,24.99,https://cdna.pcpartpicker.com/static/forever/images/product/bb729714463c3fab1f634852315a1e87.256p.jpg,Wired,Black,16000,Optical,Right,4.5
Cooler Master MM711 Matte White,31,https://cdna.pcpartpicker.com/static/forever/images/product/29e700d66dec0bef323bcb2ea6ddf7b9.256p.jpg,Wired,White,16000,Optical,Right,0
G-Wolves HT-M 3360 Red,,Optical,Wired,Red,12000,Optical,Right,0
Microsoft RJN-00001,32.9,https://cdna.pcpartpicker.com/static/forever/images/product/cb1d63ef4e41f72cde8033b6defd197d.256p.jpg,Bluetooth Wireless,Black,Both,Optical,Both,5
Aula Ghost Shark,,Optical,Wired,Black / Silver,2000,Optical,Right,0
ROCCAT Kain 120 Aimo RGB,,https://cdna.pcpartpicker.com/static/forever/images/product/81c8424ec6a03854332d4b48ce10be4c.256p.jpg,Wired,Black,16000,Optical,Right,4.5
Evoluent VMDLW,143.13,https://cdna.pcpartpicker.com/static/forever/images/product/1cbb2ba0322c9a26f4e554bae225f1ad.256p.jpg,Wireless,Black / Silver,Right,Laser,Right,0
Endgame Gear XM1,,https://cdna.pcpartpicker.com/static/forever/images/product/7ee79c44b50b707978ecbfd7eb9c426b.256p.jpg,Wired,White,16000,Optical,Right,5
SteelSeries Rival 710,96.92,https://cdna.pcpartpicker.com/static/forever/images/product/36652d54d8d15ff0f98b8b513220da6e.256p.jpg,Wired,Black,16000,Optical,Right,1
ROCCAT Leadr,,https://cdna.pcpartpicker.com/static/forever/images/product/281bd7d9006377fd3e9ce4974b670432.256p.jpg,Wireless,Black,12000,Optical,Right,5
HAVIT HV-MS735,,Optical,Wired,Black,12000,Optical,Right,0
Cooler Master MM720 Glossy,,Optical,Wired,White,16000,Optical,Right,5
Asus ROG Chakram Core,,https://cdna.pcpartpicker.com/static/forever/images/product/1aa75e2436e1a3902fd07e04a0a6a3f3.256p.jpg,Wired,Black,16000,Optical,Right,5
Ducky Feather RGB,,https://cdna.pcpartpicker.com/static/forever/images/product/c90b8ee2d5173354e50f595041e71bdc.256p.jpg,Wired,Black,16000,Optical,Both,3
Corsair SABRE PRO CHAMPION SERIES,,https://cdna.pcpartpicker.com/static/forever/images/product/75648a6569cf5728ebfb616d4c9fbdcc.256p.jpg,Wired,Black,18000,Optical,Right,0
Corsair SABRE RGB PRO CHAMPION SERIES,,https://cdna.pcpartpicker.com/static/forever/images/product/4702f2380d91265aab43664f32e7cb8f.256p.jpg,Wired,Black,18000,Optical,Right,4.5
SteelSeries Rival 300 CS:GO Hyper Beast Edition,,Optical,Wired,Orange / Black,6500,Optical,Right,0
‎DREAM MACHINES DM1 FPS,,Optical,Wired,Black,16000,Optical,Right,0
Redragon ‎M711-FPS COBRA RGB,,Optical,Wired,Black,24000,Optical,Right,0
SteelSeries Rival 5 Destiny Edition,93.76,https://cdna.pcpartpicker.com/static/forever/images/product/8fe66602d55f858a7db262a87ac2a2e5.256p.jpg,Wired,White / Silver,18000,Optical,Right,0
Gigabyte AORUS M2,,https://cdna.pcpartpicker.com/static/forever/images/product/7b2db2244cf35f05a815037f83a8c796.256p.jpg,Wired,Black,6200,Optical,Both,1
Cooler Master MM731,61.42,https://cdna.pcpartpicker.com/static/forever/images/product/631eadd113849a9389b13cedc00f6ca0.256p.jpg,Wireless,Black,19000,Optical,Right,5
HP HyperX Pulsefire Raid,,Optical,Wired,Black,16000,Optical,Right,0
Perixx PERIMICE-517,24.99,https://cdna.pcpartpicker.com/static/forever/images/product/5bdd4661968bc345a9b83aa8c55e52f9.256p.jpg,Wired,Black,1000,Trackball,Left,0
Logitech Rose Signature M550,24.99,https://cdna.pcpartpicker.com/static/forever/images/product/9941bc50e61e2c08acc5cc91f87a2142.256p.jpg,Bluetooth Wireless,Pink,4000,Optical,Both,0
Pulsar Xlite V2,99.95,https://cdna.pcpartpicker.com/static/forever/images/product/f066ee60ea2c68ef57121bdcef78f28b.256p.jpg,Wireless,Red,20000,Optical,Right,0
Razer DeathAdder V2 - Special Edition,,https://cdna.pcpartpicker.com/static/forever/images/product/bdf06c25633f9b9f610151b240636781.256p.jpg,Wired,Black / Green,20000,Optical,Right,0
KLIM Aim,29.84,Optical,Wired,Black,7000,Optical,Right,0
Logitech MX ANYWHERE 3,79.99,https://cdna.pcpartpicker.com/static/forever/images/product/fa7c66a55617d8aaa274c6ecba8ad429.256p.jpg,Wireless, Bluetooth Wireless,Pink,4000,Laser,Right,0
Logitech MX Anywhere 3 for Business,,https://cdna.pcpartpicker.com/static/forever/images/product/b9bd8f8ddb6fd18cbe4c4cc4c48bf2f0.256p.jpg,"Wireless, Bluetooth Wireless",Black,4000,Laser,Right,4
Pulsar X2 Mini,,Optical,Wired, Wireless,White,26000,Optical,Right,5
ADATA XPG ALPHA,31.68,https://cdna.pcpartpicker.com/static/forever/images/product/6dd5e3a9cbd9cb46590db509f72e6d60.256p.jpg,Wired,Black,16000,Optical,Right,0
Logitech M650 L LEFT,31.99,https://cdna.pcpartpicker.com/static/forever/images/product/22d0a6e40e0634a85ddb8a1140db5d93.256p.jpg,"Wireless, Bluetooth Wireless",Black,4000,Optical,Left,0
Keychron M1,,Optical,Wired, Wireless, Bluetooth Wireless,Black,26000,Optical,Right,4
Keychron M3 Mini 4k,,https://cdna.pcpartpicker.com/static/forever/images/product/d366196f67183c1d561eff0ccb28c7d5.256p.jpg,"Wired, Wireless, Bluetooth Wireless",Black,26000,Optical,Right,0
Logitech POP Blast,27.98,https://cdna.pcpartpicker.com/static/forever/images/product/df05922c9dd893cff93ae177a9c123f9.256p.jpg,Wireless, Bluetooth Wireless,Yellow / Black,4000,Optical,Both,0
Logitech POP Nightfall,24.99,https://cdna.pcpartpicker.com/static/forever/images/product/6e43a78e07d8aced26e00779a3dce16e.256p.jpg,Wireless, Bluetooth Wireless,Black,4000,Optical,Both,0
Logitech POP Mist,24.99,https://cdna.pcpartpicker.com/static/forever/images/product/72c01051eb49342d168c4e5b3fa9f93a.256p.jpg,Wireless, Bluetooth Wireless,Gray,4000,Optical,Both,0
Pulsar X2V2 Mini,,Optical,Wired, Wireless, Bluetooth Wireless,Black,26000,Optical,Right,0
Asus P705 ROG PUGIO II,,https://cdna.pcpartpicker.com/static/forever/images/product/896abc78240f5139d02f5fda48613b0e.256p.jpg,"Wired, Wireless, Bluetooth Wireless",Black,16000,Optical,Right,0
Dell MS5120W,31.94,https://cdna.pcpartpicker.com/static/forever/images/product/efdb2dbb733b65d90b8e3b018d185312.256p.jpg,"Wired, Wireless, Bluetooth Wireless",Gray,1600,Optical,Both,0
HP 280 Silent,,https://cdna.pcpartpicker.com/static/forever/images/product/f00b3003f4cd33e3fd50007ceb3bbf45.256p.jpg,"Wired, Wireless",Black,1200,Optical,Both,0
HP 635,39,Optical,Wired, Wireless, Bluetooth Wireless,Black,3000,Optical,Right,0
Targus AMW584GL,41.55,https://cdna.pcpartpicker.com/static/forever/images/product/10acf6697d829dbee62ca47cefb26eb0.256p.jpg,Wireless,Black / Gray,Right,Optical,Right,0
Kensington SlimBlade Pro,92.99,https://cdna.pcpartpicker.com/static/forever/images/product/c2774715ccd54bd8345ca805c27f0d9c.256p.jpg,Wired, Wireless, Bluetooth Wireless,Black / Red,Both,Optical,Both,0
Kensington Pro Fit Ergo,49.87,https://cdna.pcpartpicker.com/static/forever/images/product/096ddd92c00dbb9776f48f1aaa3cb190.256p.jpg,"Wired, Wireless",Black,1600,Optical,Left,0
Kensington SureTrack,16.99,https://cdna.pcpartpicker.com/static/forever/images/product/8291b4494cacd9c5518c74b929f00e72.256p.jpg,"Wired, Wireless, Bluetooth Wireless",Black,4000,Optical,Both,0
Lenovo Go,46.4,https://cdna.pcpartpicker.com/static/forever/images/product/2d58f8237f654cf42dc1792661558c40.256p.jpg,"Wired, Wireless",Black / Brown,2400,Optical,Right,0
Logitech M317 Blue Aurora,19.99,https://cdna.pcpartpicker.com/static/forever/images/product/26bd6c175e3ff979e4da15d08b8f23e8.256p.jpg,Wired, Wireless,Blue / Black,1000,Optical,Both,0
Logitech M317 Forest Flora,19.99,https://cdna.pcpartpicker.com/static/forever/images/product/b684b6856e14d318747062d4bd3226af.256p.jpg,Wired, Wireless,Blue / Pink,1000,Optical,Both,0
Logitech PEBBLE M350,24.99,Optical,Wired, Wireless, Bluetooth Wireless,Blue,1000,Optical,Both,0
Logitech M500S,37.94,https://cdna.pcpartpicker.com/static/forever/images/product/e4a985b7da5ef4251b4278430c9bc5a6.256p.jpg,Wired,Black / Silver,4000,Optical,Right,0
Logitech MX Anywhere 3S for Business,77.99,https://cdna.pcpartpicker.com/static/forever/images/product/5fcc1846d041aa6ec9532bfaca18d68c.256p.jpg,"Wired, Wireless, Bluetooth Wireless",Gray,8000,Laser,Right,0
Samsung EJ-M3400DSEGUS,,https://cdna.pcpartpicker.com/static/forever/images/product/23403cf8d5a69087212e16694bb2e979.256p.jpg,Bluetooth Wireless,Silver,Right,Laser,Right,0
ROCCAT Kain 120 AIMO,,Optical,Wired,White / Black,16000,Optical,Right,0
Mad Catz R.A.T. 8+,,Optical,Wired,White / Black,16000,Optical,Right,0
Microsoft 222-00033,69.9,https://cdna.pcpartpicker.com/static/forever/images/product/1cc8f43fdc8b565defc427dbb96a88bc.256p.jpg,Wired, Wireless, Bluetooth Wireless,Orange,2400,Optical,Right,0
Microsoft 8KX-00003,21.99,Optical,Wired, Wireless, Bluetooth Wireless,Green,1000,Optical,Both,0
Mionix Avior Pro,,Optical,Wired,Black,19000,Optical,Right,0
MSI Clutch GM20 Elite,,https://cdna.pcpartpicker.com/static/forever/images/product/7865bbc07ce7ab6e101c97a6c332a232.256p.jpg,Wired,Black,6400,Optical,Right,0
MSI Clutch GM31 Lightweight,,https://cdna.pcpartpicker.com/static/forever/images/product/85b0c0b56ea08cd4b9291fe1096cb3e8.256p.jpg,Wired,Black,12000,Optical,Right,0
NZXT Lift 2 Starfield,34.99,https://cdna.pcpartpicker.com/static/forever/images/product/c0b487154c9ac51d219f8e438637a4c7.256p.jpg,Wired,White / Blue,26000,Optical,Right,0
Corsair M75 AIR Launch Edition,,https://cdna.pcpartpicker.com/static/forever/images/product/5b3d100203f7b3f8127214bcf705de2b.256p.jpg,"Wired, Wireless, Bluetooth Wireless",Yellow,26000,Optical,Right,0
Endgame Gear OP1,68.45,https://cdna.pcpartpicker.com/static/forever/images/product/e322fd3e6ffd5d49bc5c753206a5348f.256p.jpg,Wired,Black,26000,Optical,Right,0
Pulsar X3 LHD Mini,,https://cdna.pcpartpicker.com/static/forever/images/product/68ba833ce935cdab12f3d2c96b269c24.256p.jpg,"Wired, Wireless",Black,32000,Optical,Left,0
MCHOSE G3,,Optical,Wired, Wireless, Bluetooth Wireless,Black,12000,Optical,Right,0
MCHOSE G7 Pro,,Optical,Wired, Wireless, Bluetooth Wireless,White,26000,Optical,Right,0
MCHOSE A7,,Optical,Wired, Wireless, Bluetooth Wireless,Black,26000,Optical,Right,0
MCHOSE M7 Ultra,,Optical,Wired, Wireless, Bluetooth Wireless,Black,42000,Optical,Right,0
Redragon PERDITION 2,,Optical,Wired,Black,12400,Optical,Right,5
Pulsar Xlite v4 Large,,https://cdna.pcpartpicker.com/static/forever/images/product/7647da5ef2754038a5040d9bd85733b1.256p.jpg,"Wired, Wireless",White,32000,Optical,Right,0
Keychron M2 1k,,https://cdna.pcpartpicker.com/static/forever/images/product/8ab0ec64d44adf2552f850aa67aae397.256p.jpg,"Wired, Wired, Wireless, Bluetooth Wireless",Black,26000,Optical,Right,0
Razer Cobra Hyperspeed (w/Puck),,https://cdna.pcpartpicker.com/static/forever/images/product/dcbefb49b80d81429f01a809279ee644.256p.jpg,"Wired, Wireless, Bluetooth Wireless",Black,26000,Optical,Right,0
Adesso iMouse E30,57.97,https://cdna.pcpartpicker.com/static/forever/images/product/29828c44df1777c5feb6a3af111a44fc.256p.jpg,Wireless,Black,4800,Optical,Right,0
Microsoft Designer,,https://cdna.pcpartpicker.com/static/forever/images/product/c89657d812fd2cccdf5f4e5d72b744e9.256p.jpg,Bluetooth Wireless,Black,Both,Optical,Both,0
Adesso iMouse M20B,29.88,https://cdna.pcpartpicker.com/static/forever/images/product/e3484fbd7de77335e0f5e372943afd32.256p.jpg,Wireless,Black,1600,Optical,Right,0
Verbatim 70242,18.98,https://cdna.pcpartpicker.com/static/forever/images/product/acc2402a618ef8a1915d9c47cd1b535e.256p.jpg,Wireless,Silver / Black,1600,Laser,Right,0
Evoluent VM4S,89.95,Optical,Wired,Purple,,Optical,,0
Evoluent VM4L,89.95,https://cdna.pcpartpicker.com/static/forever/images/product/204229d896e00e0438d360ce3d40be3f.256p.jpg,Wired,Silver / Black,Left,Laser,Left,0
Adesso iMouse E10,29.99,https://cdna.pcpartpicker.com/static/forever/images/product/21bd08e49a0a4b9dc3d2a4803dd7d11d.256p.jpg,Wireless,Black,1600,Optical,Right,0
Adesso iMouse T40 Trackball,63.42,https://cdna.pcpartpicker.com/static/forever/images/product/2a62b50a6483f844ae1b739bc21a4228.256p.jpg,Wireless,Black / Red,4800,Optical,Both,0
IOGEAR MMOMENTUM Pro,39.99,https://cdna.pcpartpicker.com/static/forever/images/product/abeb9ce3536c85750e9cc050c94859e2.256p.jpg,Wired,16000,16000,Optical,Right,0
Razer Cobra Hyperspeed (w/8K Dongle),,,"Wired, Wireless, Bluetooth Wireless",Black,26000,Optical,Right,0
Kensington K72369US,32.32,https://cdna.pcpartpicker.com/static/forever/images/product/5a29727f52e30baf753fbc859c0d15d6.256p.jpg,Wired,Black,,Optical,,3
Targus AMU80US,13.79,https://cdna.pcpartpicker.com/static/forever/images/product/e53907341ae8a26dbcdc7187334d9b75.256p.jpg,Wired,Black,,Optical,,0
Kensington K72405US,92,https://cdna.pcpartpicker.com/static/forever/images/product/02bb2172d00a88de9b2062fc17163861.256p.jpg,Wireless,Black,1750,Optical,Right,0
Targus AMU75US,15.52,https://cdna.pcpartpicker.com/static/forever/images/product/1b8e55be551c83e6b02490dd214135cf.256p.jpg,Wired,Black / Gray,Both,Optical,Both,0
A4Tech F5,64.58,Laser,Wired,Black,3000,Laser,Both,5
Kensington K72422AM,35.7,https://cdna.pcpartpicker.com/static/forever/images/product/cbccedd1eb842d7d464862ec57b46fe4.256p.jpg,Wireless,Red,Right,Optical,Right,0
Adesso IMOUSE G25,33.27,https://cdna.pcpartpicker.com/static/forever/images/product/2c555467fe44dd4808521066e07d3bab.256p.jpg,Wireless,Black,1600,Laser,Right,0
Adesso IMOUSE M300W,19.98,Optical,Wired,White,1000,Optical,Both,0
Adesso iMouse E1,42.26,https://cdna.pcpartpicker.com/static/forever/images/product/4f59bba8acd3e7af54a5d8dd868e1379.256p.jpg,Wired,Black / Blue,1600,Optical,Right,0
GAMDIAS APOLLO,21.53,Optical,Wired,Black,3200,Optical,Right,0
Verbatim 98590,58.95,https://cdna.pcpartpicker.com/static/forever/images/product/6547452a885eb29952e6b5648e6fc81e.256p.jpg,Bluetooth Wireless,Black,1600,Optical,Both,0
Dell WM126,25.84,https://cdna.pcpartpicker.com/static/forever/images/product/29716b4d1aac82b0be76d617e44cbf2c.256p.jpg,Wireless,Black,1000,Optical,Both,0
Adesso IMOUSE W4,29.86,https://cdna.pcpartpicker.com/static/forever/images/product/3a726509d7a4f40b24e95ffb5a8b319e.256p.jpg,Wired,Black,1000,Optical,Both,0
Adesso iMouse T30,44.72,https://cdna.pcpartpicker.com/static/forever/images/product/322290d76b6221e2107c343b3105d273.256p.jpg,Wireless,Black / Red,4800,Optical,Right,0
ADATA XPG INFAREX M10,,https://cdna.pcpartpicker.com/static/forever/images/product/3c370cfdc52ca97dd6a6b9c98902b93e.256p.jpg,Wired,Black,3200,Optical,Right,0
Verbatim 99781 Commuter,32.11,https://cdna.pcpartpicker.com/static/forever/images/product/c9bfacd59ff5316be66b7068984b3e36.256p.jpg,Wireless,Purple,Both,Optical,Both,0
Verbatim 70245,18.69,https://cdna.pcpartpicker.com/static/forever/images/product/6a308f6a4d9796e760339fd8dcc2c843.256p.jpg,Wireless,Silver / Black,1600,Optical,Right,0
Logitech POP Cosmos,24.99,https://cdna.pcpartpicker.com/static/forever/images/product/66f468a1659529a402ae1cd47ac16f77.256p.jpg,Wireless, Bluetooth Wireless,Purple,4000,Optical,Both,0
Logitech POP Daydream,24.99,https://cdna.pcpartpicker.com/static/forever/images/product/0feeeb4377372c706cd6aa14f730b219.256p.jpg,Wireless, Bluetooth Wireless,Purple / Green,4000,Optical,Both,0
Acer Cestus 350 PMR910,97.82,https://cdna.pcpartpicker.com/static/forever/images/product/476fe3091cbabd2a3adff215698a76f9.256p.jpg,Wired, Wireless,Black,16000,Optical,Right,0
ADATA XPG PRIMER,30.97,Optical,Wired,Black,12000,Optical,Right,0
Adesso iMouse P10,32.29,Laser,Wired, Wireless,Silver / Gray,800,Laser,Both,0
IOGEAR SYMMETRE II,47.68,https://cdna.pcpartpicker.com/static/forever/images/product/9486bd0dcf0ac2f969119865fca609cc.256p.jpg,Wired,Black,16000,Optical,Both,0
Razer Orochi,,Laser,Bluetooth Wireless,Black,4000,Laser,Both,5
Gigabyte GM-M8600,89.04,Laser,Wireless,Black,5600,Laser,,0
Razer Naga Epic,,Laser,Wireless,Black,5600,Laser,,4.5
Gigabyte GM-M6880,,Laser,Wired,Black,1600,Laser,,5
Cooler Master CM Storm Spawn,,Optical,Wired,Black / Red,3500,Optical,Right,4.5
Razer Imperator 2012,,Laser,Wired,Black,6400,Laser,Right,4.5
Razer Spectre StarCraft II,,Laser,Wired,Silver,5600,Laser,,0
Thermaltake MO-ARS003DTD,,Optical,Wired,Black,1600,Optical,Both,0
Gigabyte GM-M6980,,Laser,Wired,Black,2000,Laser,Right,5
Razer ABYSSUS,,Optical,Wired,Black,3500,Optical,Both,4
Cooler Master CM Storm Inferno,,Laser,Wired,Black,4000,Laser,Right,4
Razer Naga,,Laser,Wired,Black,5600,Laser,Right,4.5
Razer Naga Molten,,Laser,Wired,Black,5600,Laser,,5
Razer Imperator,,Laser,Wired,Black,5600,Laser,Right,0
Microsoft SideWinder X3,,Laser,Wired,Black / Silver,2000,Laser,Both,4
Microsoft B5W-00001,,Laser,Wireless,Silver,Both,Laser,Both,0
Logitech m505,,https://cdna.pcpartpicker.com/static/forever/images/product/c325ea5ce1542b31399831eecd50d871.med.256p.jpg,Wireless,Black / Silver,Both,Laser,Both,0
Gigabyte GM-ECO600,,Laser,Wireless,Black,1600,Laser,Right,0
Rosewill RM-2400L,,Laser,Wired,Black / Silver,2400,Laser,,0
HP GW405AA,,Laser,Wired,Black,,Laser,,0
Logitech Anywhere,,Laser,Wireless,Black,Right,Laser,Right,0
Razer Lachesis,,https://cdna.pcpartpicker.com/static/forever/images/product/6ee675b983d8ad1ad8fb0ad57f6d4eb3.256p.jpg,Wired,Black,5600,Laser,Right,5
Logitech Performance,,https://cdna.pcpartpicker.com/static/forever/images/product/a1ef31f09d4b34fd1594d7cbf3e59b56.256p.jpg,Wireless,Black,Right,Laser,Right,4.5
V7 M42N01-7N,,Laser,Wireless,Black,1200,Laser,Both,0
Gigabyte GM-M7700,,Laser,Wireless,Black,1600,Laser,,3
Gear Head LM6000U,,Laser,Wired,Black,1600,Laser,Both,4
Lenovo 41U5008,,Laser,Bluetooth Wireless,Black,800,Laser,Both,0
Lenovo 41U3074,,https://cdna.pcpartpicker.com/static/forever/images/product/33cf6eb4b2c6e6f2bf5e2665ee856f4f.256p.jpg,Wired,Black,2000,Laser,Both,0
Microsoft Mobile Mouse 6000,307.21,Laser,Wireless,Purple,,Laser,,0
Logitech V450 Nano,,Laser,Wireless,Red,Both,Laser,Both,0
Syba CL-MOU23013,,https://cdna.pcpartpicker.com/static/forever/images/product/b06cb4cd4b32d615778bc84cd1bc4b1d.256p.jpg,Wireless,Black / Red,1600,Laser,Both,0
Microsoft B5W-00014,,Laser,Wireless,Black,Both,Laser,Both,0
Kensington K72258US,,Optical,Wireless,Black,Both,Optical,Both,0
Microsoft JUD-00001,29.81,Optical,Wired,Black,,Optical,,5
V7 M30P20-7N,,Optical,Wired,Black,1000,Optical,Both,5
Microsoft Basic,,Optical,Wired,Black,Both,Optical,Both,0
V7 M30P10-7N,,Optical,Wired,Black,1000,Optical,Both,0
Microsoft P58-00032,,Optical,Wired,White,Both,Optical,Both,0
Microsoft 3000,,https://cdna.pcpartpicker.com/static/forever/images/product/f752a8517f0f1bce857f9611fd09a1ca.256p.jpg,Wired,Silver / Blue,Both,Optical,Both,4
Microsoft 4YH-00002,,Optical,Wired,White,,Optical,,0
Rosewill RM-C2P,,Optical,Wired,Black,800,Optical,Both,0
Microsoft 4YH-00001,32.89,https://cdna.pcpartpicker.com/static/forever/images/product/48e72799868c7909a5392a71796d3cca.256p.jpg,Wired,Black,,Optical,,3
Microsoft Optical Mouse 200 for Business,32.99,Optical,Wired,White,1000,Optical,Both,0
Microsoft D1T-00002,,Optical,Wired,Silver,Both,Optical,Both,0
Microsoft Compact Optical Mouse for Business,,Optical,Wired,Black,800,Optical,Both,0
Kensington K72358US,50.75,Optical,Wired,Black,Both,Optical,Both,0
Kingwin KW-02,,Optical,Wired,Black,800,Optical,Both,0
Kingwin KW-06,,Optical,Wireless,Black,1600,Optical,Right,0
Gear Head MP2500PUR,,Optical,Wireless,Purple,,Optical,,0
Gigabyte GM-M5050S,,Optical,Wired,Black,800,Optical,Both,0
Gear Head MP2650BLU,,Optical,Wireless,Blue,,Optical,,0
Microsoft BX3-00001,,Optical,Wireless,Silver / Blue,Both,Optical,Both,0
Gear Head MP2950PUR,,Optical,Wireless,Purple,,Optical,,0
Asus Eee PC Seashell,,Optical,Wired,White,Both,Optical,Both,0
Kensington K72121,,Optical,Wired,White / Gray,800,Optical,Both,0
Microsoft BX3-00008,,Optical,Wireless,Gray,Both,Optical,Both,0
Syba CL-MOU23009,,Optical,Wireless,White,1600,Optical,Both,0
Syba CL-MOU23008,,Optical,Wireless,Black / Gray,1600,Optical,Right,0
Kensington K72401US,,Optical,Wireless,Black,1000,Optical,Right,0
Gear Head MP2750RED,,Optical,Wireless,Red,,Optical,,0
Kensington K72121F,,Optical,Wired,Black / Silver,Both,Optical,Both,0
V7 M30T10-7N,,Optical,Wired,Black,1000,Optical,Both,0
Kingwin KW-05,,Optical,Wireless,Black,1600,Optical,Both,0
Microsoft U81-00009,,Optical,Wired,Black,Both,Optical,Both,0
Toshiba PA3678U-1ETS,,Optical,Wired,Silver / Black,800,Optical,,0
Gigabyte GM-M6900,,https://cdna.pcpartpicker.com/static/forever/images/product/058b95b070dc29a208bcb26f19d573db.256p.jpg,Wired,Black,3200,Optical,Right,4.5
Microsoft 69J-00002,,Optical,Wireless,Black / Silver,Both,Optical,Both,0
Syba CL-MOU23001,,Optical,Wireless,Black,1600,Optical,Right,0
Microsoft B2P-00006 OEM,,Optical,Wireless,Gray,Both,Optical,Both,0
Syba CL-MOU23014,,Optical,Bluetooth Wireless,Black,1200,Optical,Both,0
Logitech V220,35.61,Optical,Wireless,Gray,1000,Optical,Both,0
Gear Head MP2350BLK,,Optical,Wireless,Black,Both,Optical,Both,0
Gear Head OM4500WT,,Optical,Wireless,Silver,Right,Optical,Right,0
Gigabyte GM-M7580,,Optical,Wireless,Black,1000,Optical,Both,5
Syba CL-MOU23016,,Optical,Wireless,White,1600,Optical,Both,0
Microsoft P58-00001,,https://cdna.pcpartpicker.com/static/forever/images/product/a2599e62ecfb6c2f310cd19dd6ea2192.256p.jpg,Wired,White,Both,Optical,Both,5
Gear Head MP2100BLU,,Optical,Wireless,Black / Blue,Both,Optical,Both,0
Gear Head MPT3200RED,,Optical,Wireless,Red,,Optical,,0
Logitech B120,,https://cdna.pcpartpicker.com/static/forever/images/product/bf25056e4f5a350b24c1f868c7085b28.256p.jpg,Wired,Black,800,Optical,Both,0
Gear Head MPT3300BLK,,Optical,Wireless,Black,,Optical,,0
Kingwin KW-03,,Optical,Wired,Silver / Black,800,Optical,Both,0
Gear Head OM3700UP,,Optical,Wired,Black / White,Both,Optical,Both,0
Razer DeathAdder - Transformers 3 Collectors Edition - Megatron,,Optical,Wired,Silver,3500,Optical,Right,0
Razer Abyssus Mirror Special Edition,,Optical,Wired,Black,3500,Optical,,3
Razer DeathAdder - Transformers 3 Collectors Edition - Bumblebee,,Optical,Wired,Yellow,3500,Optical,Right,0
NZXT Avatar S,,Laser,Wired,White,1600,Laser,Both,0
Razer DeathAdder - Transformers 3 Collectors Edition - Shockwave,,Optical,Wired,Purple,3500,Optical,Right,0
Razer DeathAdder - Transformers 3 Collectors Edition - Optimus Prime,,Optical,Wired,Red,3500,Optical,Right,0
Cooler Master SGM-6001-GLLW1,,Laser,Wired,Black / Gray,5600,Laser,Right,0
Zalman FG1000,,Optical,Wired,Black,2000,Optical,Right,0
Razer Dragon Age II DeathAdder,,Optical,Wired,Black,3500,Optical,Right,5
Microsoft Mobile Mouse 3500,84.99,https://cdna.pcpartpicker.com/static/forever/images/product/fc68b6be12fc844a455a6e4b97db7ea2.256p.jpg,Wireless,Gray,Both,Optical,Both,4.5
Microsoft Wireless Mobile Mouse 6000,,Optical,Wireless,Red,Both,Optical,Both,0
Microsoft 36D-00001,,Optical,Wireless,Black / Gray,Both,Optical,Both,0
Microsoft Wireless Mobile Mouse 4000,,https://cdna.pcpartpicker.com/static/forever/images/product/1364577ad9d45c2a1cc7f84eb81e4665.256p.jpg,Wireless,Black,1000,Laser,Both,5
Logitech M515,,Optical,Wireless,Black / Blue,Both,Optical,,0
Microsoft Wireless Mobile Mouse 4000 Studio Series,,Optical,Wireless,Black / Blue,Right,Optical,,0
V7 M32N00-7N,,Optical,Wireless,Black,1000,Optical,,0
Kensington K72349US,22.66,Optical,Wireless,Gray,Both,Optical,Both,0
Microsoft MGC-00001,,Optical,Wireless,Black,1000,Optical,Both,0
V7 M51T00-7N,,Optical,Wireless,Black,1000,Optical,Both,0
Microsoft D5D-00025,,Optical,Wireless,Blue,,Optical,,0
Microsoft D5D-00019,,Optical,Wireless,Pink,Both,Optical,Both,0
Microsoft D5D-00008,,Optical,Wireless,White,Both,Optical,Both,0
Microsoft GMF-00088,,Optical,Wireless,Blue,Both,Optical,Both,0
Microsoft Wireless Mobile Mouse 4000 for Business,,https://cdna.pcpartpicker.com/static/forever/images/product/6259b1b490962ebfe3baa75d5ab8556d.256p.jpg,Wireless,Black,1000,Optical,Right,0
Microsoft 2CF-00002,,Optical,Wireless,Black,1000,Optical,,0
Microsoft Wireless Mobile Mouse 1000 for Business,,Optical,Wireless,Black,1000,Optical,Both,4
Kensington K72366US,,Optical,Wireless,Black,Both,Optical,Both,0
Microsoft GMF-00091,,Optical,Wireless,Black / Blue,Both,Optical,Both,0
Gear Head MP2200RED,,Optical,Wireless,Black / Red,Both,Optical,Both,0
Microsoft 6BA-00024,,Optical,Wireless,Red,1000,Optical,Both,0
Microsoft GMF-00108,,Optical,Wireless,Green,Both,Optical,Both,0
Microsoft 6BA-00001,,Optical,Wireless,Black / White,1000,Optical,Both,0
Microsoft 2EF-00002,,https://cdna.pcpartpicker.com/static/forever/images/product/f7833a1c14b58d257c35f62d342c9725.256p.jpg,Wireless,Black,1000,Optical,,0
Microsoft Wireless Mobile Mouse 3500 for Business,,https://cdna.pcpartpicker.com/static/forever/images/product/b1067a0ec185ccd95378e7b01e7649cb.256p.jpg,Wireless,Black,1000,Optical,Both,0
Microsoft D5D-00031,,Optical,Wireless,Black / Green,,Optical,,0
Microsoft D5D-00001,,https://cdna.pcpartpicker.com/static/forever/images/product/cd2b1eeecb787109a20e2b826f747e1c.256p.jpg,Wireless,Black / Gray,Both,Optical,Both,0
Microsoft 6BA-00005,,Optical,Wireless,Black,1000,Optical,Both,0
Microsoft 6BA-00025,,Optical,Wireless,Pink,1000,Optical,Both,0
Microsoft MHC-00001,,Optical,Wireless,Black,Both,Optical,Both,4
Gear Head MP2800BLK,16.19,Optical,Wireless,Black,,Optical,,0
Gear Head MP2475PUR,,Optical,Wireless,Purple,,Optical,,0
Gear Head MP2175BLU,,https://cdna.pcpartpicker.com/static/forever/images/product/81ab8627f9c56b93053fb2c0b364604a.256p.jpg,Wireless,Blue,,Optical,,0
Gear Head MP2375BLK,,Optical,Wireless,Black,Both,Optical,Both,0
Gear Head MP2275RED,,Optical,Wireless,Red,Both,Optical,Both,0
Logitech M110,,Optical,Wired,White,Both,Optical,Both,0
Kensington K72348US,,Optical,Wired,White / Gray,,Optical,,0
Microsoft Comfort Mouse 3000 for Business,,Optical,Wired,Black,1000,Optical,Both,4.5
V7 M33B10-6N,,Optical,Wired,Black,800,Optical,Both,0
Gigabyte GM-M7700B,,Laser,Bluetooth Wireless,Black,1600,Laser,Right,0
Microsoft 4FD-00013,,Optical,Wired,Red,Both,Optical,Both,0
Microsoft T2J-00001,,Optical,Wired,White / Red,,Optical,,0
HEC UES2,,Optical,Wired,Silver / Black,800,Optical,Both,0
Microsoft B75-00092,,Optical,Wired,Black / Silver,Right,Optical,Right,0
Microsoft Explorer,,Optical,Wireless,Black / Gray,Right,Optical,Right,0
Rosewill RM-6500,,Optical,Wireless,Black,800,Optical,Both,0
Kensington Ci65m,,Optical,Wireless,Black / Gray,1000,Optical,Both,0
Gear Head OM3800U,,Optical,Wired,Black,800,Optical,,0
Kensington K72213US,,Optical,Wired,White,Both,Optical,Both,0
Gear Head MP1600RU,,Optical,Wired,Black,800,Optical,,5
HEC A133,,Optical,Wired,Black,800,Optical,Both,0
Microsoft 2TF-00002,,Optical,Wireless,Black,Both,Optical,Both,0
Kensington K72283US,,Laser,Wireless,Blue,Both,Laser,Both,0
Microsoft Bluetooth Notebook Mouse 5000 for Business,,Laser,Bluetooth Wireless,Black / Silver,1000,Laser,Right,0
Lenovo N10,,Laser,Wireless,Black,1200,Laser,Both,0
Microsoft 5BA-00001,,Optical,Wireless,Black,Right,Optical,Right,0
Microsoft 3KJ-00001,,Optical,Wireless,Black,Both,Optical,Both,0
Microsoft Comfort Mouse 4500 for Business,,Optical,Wired,Black,1000,Optical,Both,0
Microsoft U5K-00002,,Optical,Wireless,Gray,,Optical,,0
Microsoft S7J-00001,,Optical,Wired,Black,Right,Optical,Right,0
HP RH304AA,,https://cdna.pcpartpicker.com/static/forever/images/product/17521d5b98b233d7b1d04f7ce07e5ceb.256p.jpg,Wired,Black,Both,Optical,Both,0
Gigabyte GM-M6580,,Laser,Wired,Black,1600,Laser,Right,0
Toshiba PA3765U-1ETU,,Optical,Wired,Blue,1000,Optical,,0
Gigabyte GM-M7600,,Optical,Wireless,Black,1600,Optical,,0
Logitech M125,,Optical,Wired,Blue,1000,Optical,,0
Microsoft 69R-00001,,Laser,Bluetooth Wireless,Black / White,Both,Laser,Both,0
Kensington Ci10 Fit,,Laser,Wireless,Black / Gray,Both,Laser,Both,0
HP DC369A,,Optical,Wired,Black,Both,Optical,Both,0
Logisys MS6801BK,,Optical,Wireless,Black / Silver,1600,Optical,,0
Lenovo 31P7410,,https://cdna.pcpartpicker.com/static/forever/images/product/20f65a9570088b0731e2c2efe3532c07.256p.jpg,Wired,Black,800,Optical,Both,0
Microsoft T2J-00007,,Optical,Wired,White / Gray,,Optical,,0
IOGEAR GME222A,,https://cdna.pcpartpicker.com/static/forever/images/product/07cc27cb9d05d2db99dc37336e70b629.256p.jpg,Wired,Red / Silver,800,Optical,Both,0
Logitech V470,155.21,Laser,Bluetooth Wireless,White,Both,Laser,Both,0
HP PF725A,,Optical,Wired,Silver / Black,Both,Optical,Both,0
Microsoft D66-00036,,Optical,Wired,White,Both,Optical,Both,5
Kingwin KW-04,,Optical,Wired,Black,800,Optical,Both,0
Kensington K72400US,,Optical,Wired,Black,Both,Optical,Both,0
Lenovo 57Y6482,,Laser,Bluetooth Wireless,Black,1000,Laser,Both,0
Microsoft B5W-00006,,Laser,Wireless,Silver,Both,Laser,Both,0
Microsoft GMF-00031,,Optical,Wireless,White,Both,Optical,Both,0
Logisys MS6801SE,,Optical,Wireless,Silver / White,1600,Optical,,0
Microsoft S9J-00001,129.99,Optical,Wired,Black,Both,Optical,Both,0
Microsoft M20-00001,,Optical,Wired,Silver,Both,Optical,Both,0
Microsoft GMF-00030,,https://cdna.pcpartpicker.com/static/forever/images/product/5187a7b251cc5b5e6dbdcb4ba26de977.256p.jpg,Wireless,Black,Both,Optical,Both,0
Kensington K72406US,,Optical,Wired,Black,1000,Optical,Both,0
Microsoft U81-00025,,Optical,Wired,White,800,Optical,Both,0
Logitech SBF-96,,Optical,Wired,Black,Both,Optical,Both,0
Microsoft 6BA-00026,,Optical,Wireless,Purple,1000,Optical,Both,0
Kensington K72404US,,Optical,Wireless,Black,1000,Optical,Both,0
Microsoft 69J-00009,,Optical,Wireless,Black,1000,Optical,Both,0
Targus AMW51US,,Laser,Wireless,Black / Gray,1200,Laser,Both,0
Microsoft 9DR-00001,,Laser,Bluetooth Wireless,Silver / Black,Both,Laser,Both,0
Targus AMU76US,,Optical,Wired,Black / Gray,1000,Optical,Both,2
Microsoft 6BA-00023,,Optical,Wireless,Blue,1000,Optical,Both,0
Targus AMU83US,,Optical,Wired,Black,,Optical,,0
Microsoft B2J-00001,,Optical,Wired,Gray,Both,Optical,Both,0
Targus PAUM01U,,Optical,Wired,Silver,Right,Optical,Right,0
Microsoft 4FD-00014,,Optical,Wired,Pink,Both,Optical,Both,0
Targus AMW15US,,Laser,Wireless,Black / Silver,Both,Laser,Both,0
Targus AMU89US,,Optical,Wired,Black,,Optical,,0
Belkin F5L017,,Optical,Wireless,Purple,Both,Optical,Both,0
Cherry M-300R,,Laser,Wireless,Black,1600,Laser,Right,0
Lenovo 55Y9360,,Optical,Wireless,Black,1000,Optical,Both,0
Lenovo 31P7405,,https://cdna.pcpartpicker.com/static/forever/images/product/e21a293039ffd60898c2d7e39dc8cde1.256p.jpg,Wired,Black,800,Optical,Both,5
Verbatim 97255,,https://cdna.pcpartpicker.com/static/forever/images/product/f289952e95b8c4ecaa0009e589561db7.256p.jpg,Wired,Red,,Optical,,0
Razer TRON,,Laser,Wired,Black,5600,Laser,,4
Targus AMW55US,,Laser,Wireless,Black,1000,Laser,,0
Syba CL-MOU23011,,Optical,Wireless,Black / Silver,1600,Optical,Both,0
Kensington K72298US,,Optical,Wireless,Silver / Beige,1000,Optical,Both,0
Razer RZ84-00520100-B1U1,,Laser,Wired,Black,5600,Laser,Both,0
Adesso HF-4003UB,24.52,Laser,Wired,Black,1600,Laser,,0
Razer DeathAdder Black Edition,,Optical,Wired,Black,3500,Optical,Right,4.5
Syba CL-MOU23019,,Optical,Wireless,Gray,1000,Optical,Both,0
Syba CL-MOU23020,,Optical,Wireless,Blue / White,1600,Optical,Both,0
Targus AMW56US,,Optical,Wireless,Black,1000,Optical,,0
Kensington Ci60,,Optical,Wireless,Black,Right,Optical,Right,0
Belkin F5L016,34.95,Optical,Wired,Blue,Both,Optical,Both,0
Nexus SM-7000B,,Optical,Wireless,Black,1000,Optical,Both,5
Rosewill RM-C2U,,Optical,Wired,Black,800,Optical,Both,0
Linkworld LM5035-PS2-c228,,Optical,Wired,Black / Silver,800,Optical,Both,0
Linkworld LM8835,,Optical,Wired,Black / Red,800,Optical,,0
HP FQ983AA#ABA,,Laser,Wired,Black,1600,Laser,,0
HP WE788AA#ABA,,Optical,Wireless,Red / Black,,Optical,,0
Microsoft GMF-00090,,Optical,Wireless,White / Black,Both,Optical,Both,0
Gear Head MPT3100BLU,,Optical,Wireless,Blue,,Optical,,0
Gear Head MPT3400YLW,,Optical,Wireless,Yellow / Black,Both,Optical,Both,0
Verbatim 97266,,Laser,Wireless,Silver / White,1600,Laser,,0
Gear Head OM6500WT,,Optical,Wireless,Red,1600,Optical,,0
Verbatim Optical Mini,,Optical,Wired,Pink,Both,Optical,Both,0
Gear Head MP2850BLK,,Optical,Wireless,Black,,Optical,,0
Targus AMB04US,,Optical,Bluetooth Wireless,Black / Gray,1600,Optical,Both,0
Gear Head MP1900W,,https://cdna.pcpartpicker.com/static/forever/images/product/3abba52f1eb21043b7805c499e6a8922.med.256p.jpg,Wireless,Black / Silver,800,Optical,,0
Targus AMW01US,,Optical,Wireless,Silver / Black,Both,Optical,Both,0
Gear Head BT9500BLK,,Optical,Bluetooth Wireless,Silver / Black,800,Optical,Right,0
Razer Imperator Mouse 2012 Battlefield 3,,Optical,Wired,Black,6400,Optical,Right,0
Gear Head BT9400WHT,,Optical,Bluetooth Wireless,White,800,Optical,Right,0
Targus Kaleidoscope,,Optical,Wired,Silver,,Optical,,0
Gear Head MP1300BLK,,Optical,Wired,Silver / Black,,Optical,,0
V7 10PKUSBMICE,,Optical,Wired,Black,1000,Optical,,0
Gear Head LMT3600BLK,,Laser,Wireless,Black,,Laser,,0
Targus AMW43US,,Optical,Wireless,Gray,1200,Optical,Both,0
HP WE790AA#ABA,,Optical,Wireless,Silver,1750,Optical,Both,0
Sony VGPWMS30/W,,Laser,Wireless,White,800,Laser,,0
HP WE789AA#ABA,,Optical,Wireless,Blue,,Optical,,0
Microsoft 4FD-00016,,Optical,Wired,White,Both,Optical,Both,0
Adesso IMOUSE M10,,Optical,Wireless,Black,1000,Optical,Both,0
Microsoft 4FD-00006,,Optical,Wired,Gray,Both,Optical,Both,0
Adesso IMOUSE S1,,Optical,Wired,Black,1000,Optical,Both,0
Adesso IMOUSE S10,,https://cdna.pcpartpicker.com/static/forever/images/product/bd3d9431da2eff8a4c9a54d48e62bfaa.256p.jpg,Wireless,Black / Gray,500,Optical,Both,0
Ergoguys 0090-0020,,https://cdna.pcpartpicker.com/static/forever/images/product/0e112f2f098a4c25585f60c904c8d37c.256p.jpg,Wired,Black,Right,Optical,Right,0
Ergoguys WUT-13,,Trackball,Wired,Blue / Gray,Right,Trackball,Right,0
Ergoguys KM200,,https://cdna.pcpartpicker.com/static/forever/images/product/59ac7937e854e964bd81d6ebe69eee7c.256p.jpg,Wired,Red / Blue,800,Optical,,0
KeyTronic 2MOUSEU1L,12,Optical,Wired,Gray,800,Optical,Both,0
KeyTronic 2MOUSEP1L,,Optical,Wired,Black,800,Optical,Both,0
3M EM550GPL,,https://cdna.pcpartpicker.com/static/forever/images/product/7dd24286bf0dd0e6bd6f4aa8736df404.256p.jpg,Wireless,Black,Right,Optical,Right,0
3M EM500GPL,,https://cdna.pcpartpicker.com/static/forever/images/product/5315cbb7c8c86a016c32251642afecbc.256p.jpg,Wired,Black / Silver,Right,Optical,Right,0
Saitek CCB437030002/04/1,,Laser,Wired,Black,3200,Laser,Right,0
3M EM550GPS,,https://cdna.pcpartpicker.com/static/forever/images/product/ea8d63a268d238bb7a67dfd592b38f2d.256p.jpg,Wireless,Black,Right,Optical,Right,0
Tek Republic TM,,Laser,Wired,Black,3600,Laser,Right,0
Saitek CCB437080002/04/1,,https://cdna.pcpartpicker.com/static/forever/images/product/e60eda4b05239b63d1a52c9a6bd86afd.med.256p.jpg,Wired,Black,5600,Laser,Right,0
Verbatim 96677,,Laser,Wireless,Silver / Black,Right,Laser,Right,0
Polaroid PMI8500,,Optical,Wired,Black,,Optical,,0
Verbatim 97254,,Optical,Wired,Green,,Optical,,0
Verbatim Nano,,Optical,Wireless,Blue,,Optical,,0
Adesso ATP-400UB,31.02,Optical,Wired,Black,Both,Optical,Both,0
3M EM500GPS,,Optical,Wired,Black,Right,Optical,Right,0
Belkin F5L016ttUSB-BLK,,Optical,Wired,Black,,Optical,,0
Cyber Snipa CSLMSW01,12.95,Laser,Wired,Black,1600,Laser,Right,0
Belkin F5L016-USB-BLU,,Optical,Wired,Blue,Both,Optical,Both,0
Verbatim 97267,,Laser,Wireless,Gray / White,1600,Laser,,0
Adesso iMouse T1,,Trackball,Wired,Silver,800,Trackball,,0
Verbatim 97262,,Laser,Wireless,Gray / Black,1600,Laser,,0
Saitek GM2400,32.29,Laser,Wired,Gray,2400,Laser,,0
Verbatim 97473,,https://cdna.pcpartpicker.com/static/forever/images/product/1e549d4e553b400a7679272848f7d829.256p.jpg,Wireless,Purple,,Optical,,0
Adesso IMOUSE S100,,Optical,Bluetooth Wireless,Black,1000,Optical,,0
Verbatim 97253,,https://cdna.pcpartpicker.com/static/forever/images/product/a3cdbbad77b9cf9591f0aaa2408fd8c4.256p.jpg,Wired,Purple,,Optical,,0
Saitek CCB437090002/02/1,,https://cdna.pcpartpicker.com/static/forever/images/product/51fe029cc4d4841102348df520a68d4a.med.256p.jpg,Wireless,Black,5600,Laser,Right,0
Verbatim 97564,,Optical,Wireless,Black,Both,Optical,Both,0
Belkin F5L030TTMDD,,Optical,Wireless,Blue,,Optical,,0
Verbatim 96676,,Laser,Wired,Silver / Black,1600,Laser,,0
Verbatim 97249,,Optical,Wired,Blue,,Optical,,0
Targus AMB09US,,Laser,Bluetooth Wireless,Black / Gray,Both,Laser,Both,0
Targus AMC06USZ,,Optical,Wired,Black,1000,Optical,,0
Cyber Snipa CSLMSL01,,Laser,Wired,Black,5000,Laser,Right,4
Targus AMW25US,,Optical,Wireless,Silver / Black,1600,Optical,Both,0
Verbatim 97256,8.94,https://cdna.pcpartpicker.com/static/forever/images/product/4a5bcbfda6c3ec018f06dae3bf74c1e1.256p.jpg,Wired,Black,,Optical,,0
Verbatim 49003,,Optical,Wired,Black / Silver,Both,Optical,Both,0
Targus AMU82USZ,,Optical,Wired,Black,,Optical,,0
Cherry JM-0300,13.81,https://cdna.pcpartpicker.com/static/forever/images/product/66fad2772d8a848d2850c7b08be7dfe5.256p.jpg,Wired,Black,1000,Optical,Both,0
Cherry M-T3030,,Optical,Wireless,White,1000,Optical,,0
KeyTronic 2MOUSEU2L,,https://cdna.pcpartpicker.com/static/forever/images/product/2d6d4ed03977a83b27841e7228129bc2.256p.jpg,Wired,Black,Both,Optical,Both,0
Cherry M-4200,,Optical,Wired,Silver / Black,800,Optical,,0
KeyTronic 2MOUSEP2L,15.37,https://cdna.pcpartpicker.com/static/forever/images/product/04fdc72d8fd7c6dbdafb6867e8db5453.256p.jpg,Wired,Black,Both,Optical,Both,0
Verbatim 96675,,Laser,Wireless,Silver,Both,Laser,Both,0
Cyber Snipa CSLM01,,Laser,Wired,Black,2400,Laser,Right,0
Verbatim 96674,,Laser,Bluetooth Wireless,Silver / Black,1600,Laser,Both,0
Verbatim 97540,16.62,https://cdna.pcpartpicker.com/static/forever/images/product/c4392fe5826ed74f24e401874b69638f.256p.jpg,Wireless,Red,,Optical,,0
Verbatim 97264,19.98,Laser,Wireless,Blue / Black,1600,Laser,,0
Verbatim 97471,16.75,https://cdna.pcpartpicker.com/static/forever/images/product/1d2ad3fbfd79235339b8dff3dc0cdcf6.256p.jpg,Wireless,Blue,,Optical,,0
Verbatim 96781,,Optical,Wireless,Black,Both,Optical,Both,0
Verbatim 97470,19.5,https://cdna.pcpartpicker.com/static/forever/images/product/4dcc571b17d8e0ff47d8de16634840a4.256p.jpg,Wireless,Gray / Black,,Optical,,0
Adesso GP-410UB,66.98,https://cdna.pcpartpicker.com/static/forever/images/product/ea56cc268c74035a7cc5f7ab1c1e670b.med.256p.jpg,Wired,Black,Both,Touchpad,Both,0
Adesso GP-160UB,91.93,https://cdna.pcpartpicker.com/static/forever/images/product/9cc6b202d69d7ee04a7ca6b48d4118cf.256p.jpg,Wired,Black,Both,Touchpad,Both,0
Verbatim 97263,,Laser,Wireless,Red / Black,1600,Laser,Both,0
Tripp Lite IN3000WI,,Optical,Wired,Silver / Black,800,Optical,Both,0
Cyborg CCB437030002/04/1,,https://cdna.pcpartpicker.com/static/forever/images/product/1d650ec1c4ef8d3a4b4e97a273b75c7f.med.256p.jpg,Wired,Black,3200,Laser,Right,0
Mad Catz CD74371200A1/04/1,,Laser,Wired,Black,5600,Laser,Right,3
Cyborg CCB437080002/04/1,,Laser,Wired,Black,5600,Laser,Right,0
Kensington 64327,37.77,https://cdna.pcpartpicker.com/static/forever/images/product/fc70b511eb0bb828bed9c328f2bb5d7d.256p.jpg,Wired,Silver / Black,Both,Trackball,Both,0
Ergoguys CST Kidtrack,,Trackball,Wired,White,Both,Trackball,Both,0
Ergoguys CST1550,,Trackball,Wired,Black,1600,Trackball,Both,0
Belkin F5L051,,Optical,Wired,Black,Both,Optical,Both,0
Wintec FileMate Imagine M2810,,Optical,Wired,White / Blue,1000,Optical,Right,0
Wintec FileMate Imagine M1210,,Optical,Wired,Yellow,800,Optical,Both,0
Wintec FileMate Imagine M1810,,Optical,Wired,Gray / Blue,800,Optical,Both,0
Qumax Lynx S2-Black,,Laser,Wired,Black,2400,Laser,Both,3
Kensington K72411US,,Optical,Wireless,Red,1000,Optical,Both,0
Qumax Lynx S2-Red,,https://cdna.pcpartpicker.com/static/forever/images/product/9fa69d595687437ced7ba5ffc5bf630a.med.256p.jpg,Wired,Red / Black,2400,Laser,Both,0
Kensington K72412US,,Optical,Wireless,Blue,1000,Optical,Both,0
Cyborg R.A.T. 9,,Laser,Wireless,Black,5600,Laser,Right,0
Microsoft SideWinder X5,,Laser,Wired,Black,2000,Laser,Right,4
Corsair Vengeance M60,,Laser,Wired,Black,5700,Laser,Right,4.5
Microsoft 4YH-00006,,Optical,Wired,White,800,Optical,Both,0
HP BM866AA,,Optical,Wired,Black,,Optical,,0
Microsoft 4YH-00005,,https://cdna.pcpartpicker.com/static/forever/images/product/48e72799868c7909a5392a71796d3cca.256p.jpg,Wired,Black,800,Optical,Both,0
Nexus SM-9000B,,Laser,Wireless,Black,1600,Laser,Both,0
Microsoft 5CJ-00005,,Optical,Wired,White,1000,Optical,Right,0
Nexus SM-8000B,,Optical,Wireless,Black,Right,Optical,Right,0
Corsair Vengeance M90,,https://cdna.pcpartpicker.com/static/forever/images/product/910ac1c7905ceb8b9cbbf3c6465a986e.256p.jpg,Wired,Black,5700,Laser,Right,4.5
Nexus SM-9000C,,Laser,Wireless,Black,1600,Laser,Both,0
Razer Naga Hex,,Laser,Wired,Black / Green,5600,Laser,Right,4
SteelSeries Ikari,,https://cdna.pcpartpicker.com/static/forever/images/product/1090bf43c5bf6082cfa40099a3734c7b.med.256p.jpg,Wired,Gray / Black,Right,Optical,Right,0
Razer Imperator Mass Effect 3 Edition,,Laser,Wired,Black,6400,Laser,Right,0
ROCCAT Kova+,,Optical,Wired,Black,3200,Optical,Both,4.5
ROCCAT Kone[+],,Laser,Wired,Black,6000,Laser,Right,5
SteelSeries Iron.Lady QcK,,Optical,Wired,White / Black,Right,Optical,Right,0
Cyborg CCB4370900B2/02/1,,https://cdna.pcpartpicker.com/static/forever/images/product/f6e34a276a2ba6909b0c9aace1355a18.med.256p.jpg,Wireless,Black,5600,Laser,Right,0
Rosewill RM-5000L,,Laser,Wired,Black,5000,Laser,Both,0
Raptor Gaming 000RAPLM2,,Optical,Wired,Black,2000,Optical,Right,0
Microsoft SideWinder X8,,Laser,Wireless,Black,4000,Laser,Right,5
Raptor Gaming M3 DKT,,Optical,Wired,Black,1600,Optical,Right,0
SMK-Link VP6154,,Optical,Wired,Black,800,Optical,Both,0
Microsoft BNA-00001,99.98,Laser,Wireless,White / Black,Both,Laser,Both,0
Chester Creek Technologies CTMO,,https://cdna.pcpartpicker.com/static/forever/images/product/baecf757ec7d7aa4f1b77fdcf1dd212c.med.256p.jpg,Wired,Black / Green,800,Optical,Both,0
Toshiba PA3765U-1ETW,,Optical,Wired,White,1000,Optical,Both,0
Chester Creek Technologies TMO,17.95,https://cdna.pcpartpicker.com/static/forever/images/product/d823f2fa7dee4252a5a754132c684a7b.med.256p.jpg,Wired,White,800,Optical,Both,0
Logitech M315,,Optical,Wireless,Purple / Black,Both,Optical,Both,3
Chester Creek Technologies TMOB,25.73,Optical,Wired,Black,800,Optical,Both,0
Wacom KC100,,Optical,Wireless,Black,Both,Optical,Both,0
Interlink VP6151,,Optical,Bluetooth Wireless,White,Both,Optical,Both,0
Interlink VP6155,,https://cdna.pcpartpicker.com/static/forever/images/product/8e6f1abc650f705e684d6209818661f6.med.256p.jpg,Bluetooth Wireless,Black / White,Both,Optical,Both,0
Fellowes 98913,,https://cdna.pcpartpicker.com/static/forever/images/product/52252f8c8125951ac67bde7f8356eae2.256p.jpg,Wired,Black,Both,Optical,Both,0
Toshiba PA3765U-1ETG,,Optical,Wired,Black,1000,Optical,Both,0
Fellowes 98904,116.37,https://cdna.pcpartpicker.com/static/forever/images/product/929035138d85afb198cb79b2e6cabb89.med.256p.jpg,Wireless,Blue / Silver,Both,Optical,Both,0
Fellowes 98905,,Optical,Wired,Silver / Blue,Both,Optical,Both,0
Gigabyte GM-AIRE M77,,Optical,Wireless,Black,1600,Optical,Right,0
Fellowes 98912,,https://cdna.pcpartpicker.com/static/forever/images/product/9a2c5422f076e58253b2676a285bdc6b.med.256p.jpg,Wireless,Black,Both,Optical,Both,0
Genius XScroll,,Optical,Wired,Black,800,Optical,Both,0
Genius 31030068101,,Optical,Wireless,Blue / White,1250,Optical,Both,0
Genius 31030048102,,Optical,Wireless,Black,1000,Optical,Both,0
Genius 31030068106,,Optical,Wireless,Black,1250,Optical,Both,0
Sunbeam FireLine,,Optical,Wired,Black / Blue,800,Optical,Both,0
Genius 31030058101,,Optical,Wireless,Black / Gray,1600,Optical,Right,0
Verbatim 97670,,Optical,Wireless,Gray / Black,Both,Optical,Both,0
Cyborg M.M.O.7,,https://cdna.pcpartpicker.com/static/forever/images/product/aa052d750617860a07aa0a6f0f60d222.med.256p.jpg,Wired,White,6400,Laser,Both,5
Verbatim 97667,,https://cdna.pcpartpicker.com/static/forever/images/product/d117eed5e5400b4c04ab8adca6e761fb.256p.jpg,Wireless,Pink / Black,Both,Optical,Both,0
Verbatim 97668,,Optical,Wireless,Blue / Black,Both,Optical,Both,0
Verbatim 97669,,Optical,Wireless,Red / Black,Both,Optical,Both,0
Zalman ZM-M500WL,,Optical,Wireless,Black,3000,Optical,Both,0
Verbatim 97666,,Optical,Wireless,Purple / Black,Both,Optical,Both,0
Verbatim Ergo Mouse,,Optical,Wireless,Black,Right,Optical,Right,0
HP VK479AA#ABA,,Optical,Wireless,Black,Both,Optical,Both,0
Zalman ZM-M200,,Optical,Wired,Black,1000,Optical,Both,3
Zalman ZM-M300,,https://cdna.pcpartpicker.com/static/forever/images/product/ca62e893537bce82b8b13c2ef67e2b72.256p.jpg,Wired,Black,2500,Optical,Both,3
Zalman ZM-M100,,Optical,Wired,Black,1000,Optical,Both,0
Cyborg CCB437130002/04/1,,https://cdna.pcpartpicker.com/static/forever/images/product/77ce14b101451940e78c58fa9853bfe1.med.256p.jpg,Wired,Black,6400,Laser,Both,4.5
Microsoft MHC-00035,,Optical,Wireless,Black / Silver,Both,Optical,Both,0
Rosewill RM-7500,,Optical,Wireless,Red / Black,1750,Optical,Both,0
Microsoft Wireless Mobile Mouse3500,,Optical,Wireless,Pink / Black,1000,Optical,Both,0
Targus AMW060US,,Optical,Wireless,Black,Both,Optical,Both,0
I/O Magic I012M01BPL,,Optical,Bluetooth Wireless,Purple,1000,Optical,Both,0
I/O Magic I012M01BP,,Optical,Bluetooth Wireless,Pink,1000,Optical,Both,0
Microsoft Explorer Touch Mouse,,Optical,Wireless,White / Gray,Both,Optical,Both,0
I/O Magic I012M01BS,,Optical,Bluetooth Wireless,Silver,1000,Optical,Both,0
Dell 468-7409 Mouse,,Optical,Wired,Black,Both,Optical,Both,4.5
I/O Magic I012M01GS,,Optical,Wireless,Silver,1000,Optical,Both,0
I/O Magic I012M01GPL,,Optical,Wireless,Purple,1000,Optical,Both,0
I/O Magic I012M01GBK,,Optical,Wireless,Black,1000,Optical,Both,0
Qumax LYNX-M9 UP,,Optical,Wired,Black / Silver,800,Optical,Both,0
I/O Magic I012M01GR,,Optical,Wireless,Red,1000,Optical,Both,0
Toshiba PA3745U-1ETB,,Laser,Wireless,Black / Silver,1600,Laser,Both,0
I/O Magic I012M01GBL,,Optical,Wireless,Blue,1000,Optical,Both,0
I/O Magic I012M01GP,,Optical,Wireless,Pink,1000,Optical,Both,0
Dell 468-7410 Mouse,,Optical,Bluetooth Wireless,Black / Silver,Both,Optical,Both,0
I/O Magic I012M01BR,,Optical,Bluetooth Wireless,Red,1000,Optical,Both,0
Verbatim 96672,,Laser,Wireless,Silver / Black,1600,Laser,Both,0
I/O Magic I012M01BBK,,Optical,Bluetooth Wireless,Black,1000,Optical,Both,0
Targus AMU36USZ,,Optical,Wired,Black,Both,Optical,Both,0
I/O Magic I012M01BBL,,Optical,Bluetooth Wireless,Blue,1000,Optical,Both,0
Rosewill RM-P2U,,Optical,Wired,Black,800,Optical,Both,5
Thermaltake MO-ARM005DT,,Optical,Wired,Black,1600,Optical,Both,0
Rosewill RM-P2P,,Optical,Wired,Black,800,Optical,Both,0
Razer Naga Hex Wraith Red Edition,,Laser,Wired,Red / Black,5600,Laser,Right,4.5
Logitech M600,,Optical,Wireless,Black,Both,Optical,Both,4
Thermaltake MO-TRN006DT,,Laser,Wired,Black,5600,Laser,Both,5
Microsoft 72R-00002S,,Laser,Bluetooth Wireless,Black / Gray,Both,Laser,Both,0
Thermaltake MO-SPH008DT,,Optical,Wired,Black,3500,Optical,Both,4
HP DY651A,141.21,https://cdna.pcpartpicker.com/static/forever/images/product/ec17a1afdae9699a9f9b0a3ffcbbcbc9.256p.jpg,Wired,Black,Both,Optical,Both,0
Cyborg R.A.T.7 Infection,,Laser,Wired,Black,Right,Laser,Right,4
Cyborg R.A.T. 3,,https://cdna.pcpartpicker.com/static/forever/images/product/5ed13f1e882c248142ecdd8250b24443.med.256p.jpg,Wired,Black,3500,Optical,Right,4.5
Mad Catz EOV440620002/06/1,,Laser,Bluetooth Wireless,Black,1600,Laser,Both,0
Gear Head OM900P,,Optical,Wired,Silver / Black,800,Optical,Both,0
Ergoguys RTM-083,,Optical,Wired,Green,800,Optical,Both,0
Targus AMW06005US,,Optical,Wireless,Silver / Black,Both,Optical,Both,0
Microsoft Mobile Mouse 1000,,Optical,Wireless,Blue,1000,Optical,Both,0
Verbatim 96673,,Laser,Wired,Silver / Black,1600,Laser,Both,0
Microsoft Mobile Mouse 4000,,Optical,Wireless,Blue / Black,Both,Optical,Both,0
SteelSeries Xai Medal of Honor Edition,,Laser,Wired,Gray / Black,Both,Laser,Both,4
Gigabyte GM-FORCE M9,,Optical,Wireless,Black / Green,2000,Optical,Right,0
Mionix Naos 3200,,https://cdna.pcpartpicker.com/static/forever/images/product/618071660841988f6b5ef20cf7e244f8.256p.jpg,Wired,Black,3200,Optical,Right,4.5
Gigabyte GM-FORCE M9 ICE,,Laser,Wireless,Black,2000,Laser,Right,0
Mionix NAOS 5000,,https://cdna.pcpartpicker.com/static/forever/images/product/05393675dad7aa381f745ab6c046ab0f.256p.jpg,Wired,Black,5040,Laser,Right,5
SteelSeries 62022,,Optical,Wired,Black,3200,Optical,Both,0
A4Tech OP-620,,https://cdna.pcpartpicker.com/static/forever/images/product/bcefd58a8bc0fd3a4ef5efae38bbd6a1.med.256p.jpg,Wired,Black,Both,Laser,Both,5
Fujitsu FPCMO16AP,,https://cdna.pcpartpicker.com/static/forever/images/product/ed21e96fb44ddd1769e91b65d3910496.med.256p.jpg,Wired,Black,Both,Optical,Both,0
A4Tech WUT-13,,https://cdna.pcpartpicker.com/static/forever/images/product/0323b752a1cf7f375cd9f6c2f15917e7.256p.jpg,Wired,Gray,Right,Trackball,Right,0
Mad Catz CCB4370300B2/04/1,,Optical,Wired,Black,3500,Optical,Right,0
A4Tech G7-750D,,https://cdna.pcpartpicker.com/static/forever/images/product/89718f3bb5ffb70597ee6ce6ad4816cb.med.256p.jpg,Wireless,Gray / Black,Right,Optical,Right,0
Mad Catz CCB4370800B1/04/1,,Laser,Wired,Black,6400,Laser,Right,0
A4Tech G9-530HX,,https://cdna.pcpartpicker.com/static/forever/images/product/e00b7987230a8f44768b3814b5d8806c.256p.jpg,Wireless,Gray / Black,2000,Laser,Both,0
Mad Catz CCB437130002/04/1,,Laser,Wired,Black,6400,Laser,Both,0
A4Tech F3,,https://cdna.pcpartpicker.com/static/forever/images/product/33a87cef663b801665cb8b7c0e60af37.med.256p.jpg,Wired,Black,3200,Laser,Both,0
Logitech 910-003152,,Optical,Wired,Black,1000,Optical,Both,4
Cooler Master CM Storm Sentinel Advance II,,https://cdna.pcpartpicker.com/static/forever/images/product/c490ac0c24f5c9e4baa0be0934fef50b.256p.jpg,Wired,Gray,8200,Laser,Right,4.5
ROCCAT Savu,,Optical,Wired,Black,4000,Optical,Right,4.5
Rosewill RM-7600,,Optical,Wireless,Black / Red,1600,Optical,Both,0
Gear Head OM3400U,,Optical,Wired,Black,400,Optical,Both,0
Ergoguys MIBRU-002,,Laser,Wired,Black,3200,Laser,Right,0
Ergoguys MIBRU-001,,Optical,Wired,Red / Black,2400,Optical,Both,0
Razer Orochi Mobile,,Laser,Wireless,Black,2000,Laser,Both,0
SteelSeries 62040,,Optical,Wired,White / Black,3200,Optical,Both,0
Belkin F5M005q,,Optical,Wired,Black,800,Optical,Both,0
SteelSeries 62024,,Optical,Wired,Orange / Black,3200,Optical,,4
SteelSeries 62050,,Optical,Wired,Black,3600,Optical,Right,0
Gear Head MP1700BLU,,Optical,Wireless,Blue,800,Optical,Both,0
SteelSeries 62023,,Optical,Wired,Yellow / Black,3200,Optical,Both,0
Mad Catz SM34361100A1/04/1,,Optical,Wired,White,Both,Optical,Both,0
SteelSeries Sensei - Fnatic,,Laser,Wired,Black / White,11400,Laser,Both,0
Cherry MW-2800-5,,Optical,Wired,Blue,Both,Optical,Both,0
SteelSeries 62020,,Optical,Wired,Silver / Black,3200,Optical,Both,0
Gear Head OM4000W-CP10,,Optical,Wireless,Black / Silver,Both,Optical,Both,0
SteelSeries 62025,,Optical,Wired,Red / Black,3200,Optical,Both,0
Gear Head MP1800RED,,Optical,Wireless,Red,800,Optical,Both,0
SteelSeries 62041,,Optical,Wired,Blue / Black,3200,Optical,Both,0
Microsoft RVF-00030,,Optical,Wireless,Black,1000,Optical,Both,0
Microsoft 5CJ-00003,,Optical,Wired,Black,1000,Optical,Both,0
Microsoft 5AJ-00006,,Optical,Wired,White / Gray,1000,Optical,Both,0
SteelSeries 62016,,Optical,Wired,Black,3200,Optical,Both,0
Cherry MW-2800-2,,Optical,Wired,Black,Both,Optical,Both,0
Epic Gear EGMA1H-OB,,https://cdna.pcpartpicker.com/static/forever/images/product/11b9a24da923a28bf4489a933e04fde8.med.256p.jpg,Wired,Black,6000,Laser,Right,0
Microsoft L2 Mobile Mouse 3500 Artist Ho,,Optical,Wireless,White / Black,Both,Optical,Both,0
Microsoft L2 Mobile Mouse 3500,,https://cdna.pcpartpicker.com/static/forever/images/product/71c6963e11d04b1ef362d0af4b7c161c.256p.jpg,Wireless,Pink / Black,Both,Optical,Both,0
SteelSeries Sensei Pro MLG Edition,,Laser,Wired,Gray / Black,8200,Laser,Both,4.5
Microsoft L2 Mobile Mouse 3500 Artist McClure,,Optical,Wireless,Pink / Black,Both,Optical,Both,0
Microsoft L2 Mobile Mouse 3500 Artist Lyon,,Optical,Wireless,Purple / Black,Both,Optical,Both,0
Microsoft L2 Mobile Mouse 3500 Artist Zansky,,Optical,Wireless,Yellow / Black,Both,Optical,Both,0
Microsoft L2 Mobile Mouse 3500 Artist James,,Optical,Wireless,White / Black,,Optical,,0
Genius Pen Mouse,,Optical,Wireless,Silver / Black,1200,Optical,Both,0
A4Tech v5,,https://cdna.pcpartpicker.com/static/forever/images/product/d57df58a25a1dd8961c1914beeac9652.med.256p.jpg,Wired,Black,3200,Optical,Both,3
Microsoft PL2 Wedge Touch Mouse,99,Touchpad,Bluetooth Wireless,Black / Silver,Both,Touchpad,Both,0
A4Tech v3,,https://cdna.pcpartpicker.com/static/forever/images/product/d57df58a25a1dd8961c1914beeac9652.med.256p.jpg,Wired,Black,3200,Optical,Right,0
HP GD527AV,,Optical,Wired,Black / Silver,400,Optical,Both,0
Microsoft L2 Sculpt Touch Mouse,69.98,Optical,Bluetooth Wireless,Gray / Black,Both,Optical,Both,0
A4Tech G7-100-D,,https://cdna.pcpartpicker.com/static/forever/images/product/8bf95f9aa1c4b5fb1cc10cd7335c885c.med.256p.jpg,Wireless,Gray / Black,1000,Optical,Both,0
Toshiba PA3844U-1ETB,,Optical,Wireless,Black / Gray,Both,Optical,Both,0
Targus AMW58US,,Laser,Bluetooth Wireless,Black,Both,Laser,Both,0
Microsoft S9J-00009,,Optical,Wired,Black,1000,Optical,Both,0
A4Tech G9-330H-2,14.99,https://cdna.pcpartpicker.com/static/forever/images/product/e5e79a849fc1d58bb0aa55994b06c74f.med.256p.jpg,Wireless,Black / Silver,2000,Optical,Both,0
Cooler Master Recon,,Optical,Wired,Black,4000,Optical,Both,4.5
A4Tech G9-110H-2,27.78,https://cdna.pcpartpicker.com/static/forever/images/product/4c1e8aefdb2a656a71bad182b478511a.med.256p.jpg,Wireless,White / Silver,Both,Optical,Both,0
Logitech T400,,Optical,Wireless,Black,Both,Optical,Both,5
A4Tech G9-110H-1,31.38,https://cdna.pcpartpicker.com/static/forever/images/product/a0493931b03c37bd94459eb63f01288a.med.256p.jpg,Wireless,Black,Both,Optical,Both,0
Logitech T620,,Optical,Wireless,Black,Both,Optical,Both,0
A4Tech G9-370HX-1,14.99,https://cdna.pcpartpicker.com/static/forever/images/product/033d4b37c3ec0e0763bda196226ed2b6.med.256p.jpg,Wireless,Black,Both,Optical,Both,0
Microsoft L2 Notebook Mouse 5000,,Laser,Bluetooth Wireless,Black / Gray,Both,Laser,Both,0
A4Tech G7-310D-2,,https://cdna.pcpartpicker.com/static/forever/images/product/8f3187f7d87ba44e6f53ab8659b71e45.med.256p.jpg,Wireless,Black / Silver,2000,Optical,Both,0
Interlink VP6156,,Optical,Bluetooth Wireless,Gray / Black,Both,Optical,Both,0
Gear Head MP2425PUR,,Optical,Wireless,Black / Purple,1000,Optical,Both,0
A4Tech D-730FX,,https://cdna.pcpartpicker.com/static/forever/images/product/9ea39476b84749920a417c2012e243e5.med.256p.jpg,Wired,Black,1600,Optical,Right,0
Gear Head MP2325BLK,,Optical,Wireless,Black,1000,Optical,Both,0
A4Tech D-770FX,,https://cdna.pcpartpicker.com/static/forever/images/product/749476a7e16f006985476e3aaa8f0cee.med.256p.jpg,Wired,Black,1600,Optical,Right,0
Gear Head MP2125BLU,,Optical,Wireless,Black / Blue,1000,Optical,Both,0
A4Tech G10-810H,,https://cdna.pcpartpicker.com/static/forever/images/product/4667049ccc09af6887cb0010ab1081e5.med.256p.jpg,Wireless,Black,2000,Optical,Right,0
Microsoft 2CF-00041,,Optical,Wireless,Red,1000,Optical,Both,0
Gyration Air Mouse Mobile,,https://cdna.pcpartpicker.com/static/forever/images/product/c5bc473d95fe96efa55bc427290ee7d3.med.256p.jpg,Wireless,Gray / Black,Both,Laser,Both,0
Microsoft PL2 ARC Touch Mouse,,Optical,Wireless,Black,Both,Optical,Both,0
A4Tech D-120,,https://cdna.pcpartpicker.com/static/forever/images/product/9c8799b0494fa3f6310ab7e13b8b6b39.med.256p.jpg,Wired,Black / Silver,1000,Optical,Both,0
Microsoft L2 Wireless Mouse 2000,,Optical,Wireless,Black,Both,Optical,Both,0
A4Tech D-600X,,https://cdna.pcpartpicker.com/static/forever/images/product/a116fa88b790c3c1aa7a412a38f2f088.med.256p.jpg,Wired,Black,1600,Optical,Both,0
A4Tech G11-570HX-1,,https://cdna.pcpartpicker.com/static/forever/images/product/32702e2a4dff6402131cd81382124a41.med.256p.jpg,Wireless,Black / Silver,2000,Optical,Right,0
Microsoft L2 Mobile Mouse 1000,,Optical,Wireless,Pink,Both,Optical,Both,0
A4Tech G11-570HX-4,37.75,https://cdna.pcpartpicker.com/static/forever/images/product/17130a4b4762dcd44f30f709f5e1bcd5.med.256p.jpg,Wireless,Black / Red,2000,Optical,Right,0
A4Tech D-530-FX2,,Optical,Wired,Black / Gray,1600,Optical,Both,0
Logitech 910-002730,,Optical,Wireless,White / Silver,1000,Optical,Both,0
A4Tech D-500F,,https://cdna.pcpartpicker.com/static/forever/images/product/a6e03a72dc02c7b1026ab997731a5e93.med.256p.jpg,Wired,Black,1000,Optical,Both,0
Logitech 910-002727,,https://cdna.pcpartpicker.com/static/forever/images/product/56d1711dc160f55aa7437c7fe2aafcef.256p.jpg,Wireless,Red / White,1000,Optical,Both,0
A4Tech D-530-FX1,,https://cdna.pcpartpicker.com/static/forever/images/product/ee25266b2657f3398e0768e682b870f2.med.256p.jpg,Wired,Gray / Black,1600,Optical,Both,0
Logitech 910-003153,,Optical,Wired,Black,1000,Optical,Both,0
A4Tech D-70FX,,https://cdna.pcpartpicker.com/static/forever/images/product/a5e4158db9e888434eca7bdb1fb0ad4d.med.256p.jpg,Wired,Black,1600,Optical,Right,0
Logitech 910-002708,,Laser,Bluetooth Wireless,Black,1000,Laser,Both,0
A4Tech G9-600HX,29.05,https://cdna.pcpartpicker.com/static/forever/images/product/8891c5b4b976a4b5be3a37303bdc3c08.med.256p.jpg,Wireless,Black,Both,Optical,Both,0
Mad Catz CCB437130002/04/1DUP,,Laser,Wired,Black / Orange,6400,Laser,Right,0
SteelSeries Kana CounterStrike GO,,Optical,Wired,Gray / Silver,1600,Optical,Both,0
A4Tech G9-530HX-2,,https://cdna.pcpartpicker.com/static/forever/images/product/cb55d718aba6008eae103e83a28b351e.med.256p.jpg,Wireless,Black / Gray,Both,Optical,Both,0
Cyborg R.A.T.7 Albino,,https://cdna.pcpartpicker.com/static/forever/images/product/b2e4fd0fe02de7c817da55d8eee854fc.med.256p.jpg,Wired,White,6400,Laser,Right,0
Verbatim 97786,,Optical,Wireless,Black / Silver,Right,Optical,Right,0
Verbatim 97783,,Optical,Wireless,Purple / Black,Right,Optical,Right,0
Verbatim 97785,,Optical,Wireless,Blue / Black,Right,Optical,Right,0
Microsoft L2 Comfort Mouse 4500,,https://cdna.pcpartpicker.com/static/forever/images/product/5d5219565c61f2e6561833a72b5f710e.256p.jpg,Wired,Silver / Black,Both,Optical,Both,4
Verbatim 97784,,Optical,Wireless,Red / Black,Right,Optical,Right,0
Kensington K72424AM,28.31,https://cdna.pcpartpicker.com/static/forever/images/product/3c542d1e52d24f6adddf69808b9f5b82.256p.jpg,Wireless,Green,Right,Optical,Right,0
Microsoft 4PA-00003,,Optical,Wired,Silver,Both,Optical,Both,5
Cobra E-3lue,,https://cdna.pcpartpicker.com/static/forever/images/product/d7d6f1f0e777d2cc2e55e9124fb1c41c.256p.jpg,Wired,Black,1600,Optical,Both,4.5
Mionix NAOS 8200,,Laser,Wired,Black,8200,Laser,Right,4.5
Corsair Raptor M3,,Optical,Wired,Black,1600,Optical,Right,4
Corsair Raptor M4,,Laser,Wired,Black,6000,Laser,Right,0
Anker AK-98ANDS2368-BA,,Laser,Wired,Black,8000,Laser,Right,4.5
Mad Catz MMO7,,https://cdna.pcpartpicker.com/static/forever/images/product/a134eee93890a44035b452caee8f80f2.256p.jpg,Wired,Black / Red,6400,Laser,Right,4
Mad Catz M.M.O. 7,,Laser,Wired,Black,6400,Laser,Right,5
Mad Catz M.M.O.7,,Laser,Wired,White,6400,Laser,Right,5
Mad Catz R.A.T. M,,Laser,Bluetooth Wireless,Black,6400,Laser,Right,0
Logitech G400s,299.99,Optical,Wired,Black,4000,Optical,Right,4.5
Logitech G100s,69.7,https://cdna.pcpartpicker.com/static/forever/images/product/a60e27e30f6cc94be53a238de9fe4a08.med.256p.jpg,Wired,Black,2500,Optical,Both,0
A4Tech D-810FX,,Optical,Wired,Black,1600,Optical,Right,0
A4Tech G10-730H,,https://cdna.pcpartpicker.com/static/forever/images/product/07305aec2bfc8512d7708bc6f0fd4283.med.256p.jpg,Wireless,Black,2000,Optical,Right,0
AZIO Levetron,,Laser,Wired,Black,2000,Optical,Right,5
Adesso iMouse M20,,Laser,Wireless,Black,1500,Laser,Right,0
Adesso IMOUSE S30,37.09,Optical,Wireless,Black,1000,Optical,Both,0
Asus GX810,,Laser,Wireless,Black,3200,Laser,Both,0
Asus WT460,,Optical,Wireless,Blue,1600,Optical,Right,0
Asus GX850,,Laser,Wired,Black,5000,Laser,Right,0
Asus GX1000 Eagle Eye,,Laser,Wired,Black / Silver,8200,Laser,Right,0
Asus GX950,,Laser,Wired,Black,8200,Laser,Right,4.5
Razer 879862006228,,Optical,Wired,Black / Yellow,6400,Optical,Both,0
Razer Lachesis Phantom (White),,Laser,Wired,Black / White,4000,Laser,Both,0
Razer RZ01-00220100-R3K1,,Laser,Wired,Black / White,1800,Laser,Both,0
Razer Spectre StarCraft II Heart of the Swarm,,Laser,Wired,Silver,5600,Laser,Both,0
Razer Naga Hex League of Legends Edition,,Laser,Wired,Black,5600,Laser,Right,4
Razer RZ01-00770100-R3A1,,Laser,Wireless,Black / Green,8200,Laser,Both,0
Razer Orochi 2013,,Laser,Bluetooth Wireless,Black,6400,Laser,Both,4.5
Logitech G100 Glossy,,https://cdna.pcpartpicker.com/static/forever/images/product/1fed82d6bd393a15493837450580044e.med.256p.jpg,Wired,Black,2500,Optical,Both,0
Logitech Rechargeable Trackpad for Mac,214.78,Touchpad,Bluetooth Wireless,Silver,Both,Touchpad,Both,0
Logitech G100 Matte,,https://cdna.pcpartpicker.com/static/forever/images/product/46842e5dcb6bb557cdbbaa808611f9cc.med.256p.jpg,Wired,Black / Gold,2500,Optical,Both,0
Logitech 910-003409,,Laser,Wired,Black,1000,Laser,Right,0
Gigabyte GM-FORCE M7 THOR,,Laser,Wired,Black,6000,Laser,Right,4
Gigabyte GM-M6980X,,Laser,Wired,Black,5600,Laser,Right,5
Gigabyte Aivia Neon,,Laser,Wireless,Black,1200,Laser,Right,0
Mad Catz M.O.U.S. 9,,Laser,Bluetooth Wireless,White,Right,Laser,Right,4
Cobra 6958012201301,,Optical,Wired,Black / Blue,1600,Optical,Right,0
Cobra TARRASQUE GLARE,,https://cdna.pcpartpicker.com/static/forever/images/product/0689dfbfafa7bb6e9e10a598d2190805.med.256p.jpg,Wired,Multicolor,3600,Optical,Right,0
Cobra AZZOR,,https://cdna.pcpartpicker.com/static/forever/images/product/26536c628eb119be81e703d94a0b2279.med.256p.jpg,Wired,Black / Blue,1600,Optical,Right,0
Cobra 9897005950239,,Optical,Wired,Black / Blue,1600,Optical,Right,0
Cobra 9897005984104,,Optical,Wired,Black / Blue,1600,Optical,Right,4
Cobra Horizon,,https://cdna.pcpartpicker.com/static/forever/images/product/e44522b9fa8b293412ae7ab97f1d0217.med.256p.jpg,Wireless,Multicolor,1750,Optical,Both,0
Gear Head LM6000U-CP10,,Laser,Wired,Black,1600,Laser,Both,0
Gear Head MP1550RU,,Optical,Wired,Black / Silver,800,Optical,Both,0
Gear Head MP2120RED,,Laser,Wireless,Red / Black,Both,Laser,Both,0
Gear Head MP2225RED,26.96,Optical,Wireless,Red / Black,1000,Optical,Both,0
Gear Head MP2650BLU-CP10,,Optical,Wireless,Black / Blue,1600,Optical,Right,0
Gear Head MP2750RED-CP10,,Optical,Wireless,Black / Red,Right,Optical,Right,0
Gear Head MP2950PUR-CP10,,Optical,Wireless,Black / Purple,Right,Optical,Right,0
Gear Head MP3500WT,,Optical,Wireless,Black,Both,Optical,Both,0
Gear Head MP3750MAC,,Optical,Wireless,Black / Silver,1000,Optical,Both,0
Gear Head MPT3100BLU-CP10,,Optical,Wireless,Black / Blue,Right,Optical,Right,5
Gear Head MPT3200RED-CP10,,Optical,Wireless,Black / Red,Right,Optical,Right,0
Gear Head MPT3300BLK-CP10,17.32,Optical,Wireless,Black,Right,Optical,Right,0
Gear Head OM3000U,,Optical,Wired,Black / Silver,800,Optical,Both,0
Genius Maurus,,Optical,Wired,Black,3500,Optical,Right,0
Genius DeathTaker,,Laser,Wired,Black / Silver,5700,Laser,Right,0
Genius Gila,,Optical,Wired,Black / Red,8200,Optical,Right,5
Genius 31030042109,,Laser,Wireless,Black,1200,Laser,Both,0
Genius Traveler 900S,,Optical,Wireless,Gray,1200,Optical,Both,0
Genius Wireless Comfortable Pen Mouse,,Optical,Wireless,Black / Silver,1200,Optical,Both,0
Genius Ergo 9000,,Optical,Wireless,Black / Silver,1200,Optical,Right,0
Genius Traveler 6000X,,Optical,Wireless,Black,1200,Optical,Both,0
Genius Traveler 9010LS,,Laser,Wireless,Black,1600,Laser,Both,0
Genius NX-ECO,,Optical,Wireless,Black,1600,Optical,Both,0
Genius Traveler 9000,,Laser,Wireless,Black / Red,1200,Laser,Both,0
A4Tech D-110-1,,https://cdna.pcpartpicker.com/static/forever/images/product/8d32178b6391d23a1daaa5adbe423509.med.256p.jpg,Wired,Black,1000,Laser,Both,0
Chester Creek Technologies LittleMouse,,Optical,Wired,Multicolor,800,Optical,Both,0
Cisco XPACC-MSE-G=,,Optical,Wired,Gray,Both,Optical,Both,0
Cobra Eagle Hunter,,Optical,Wired,Black,2400,Optical,Both,0
Ergoguys KOV-GTM-B,111.84,https://cdna.pcpartpicker.com/static/forever/images/product/928762601b324c43f3af1b25a0d2ca69.256p.jpg,Wireless,Black / Silver,Right,Laser,Right,0
Ergoguys XL-750BK,,Laser,Wired,Black,3600,Laser,Right,0
Fujitsu FPCMO17,,Optical,Wired,Silver,,Optical,,0
Gigabyte GM-FORCE M7,,Optical,Wired,Black,3200,Optical,Right,5
IOGEAR E7,,Optical,Wireless,Black,2000,Optical,Both,0
Kensington 72337,39.99,https://cdna.pcpartpicker.com/static/forever/images/product/f5258bbced4a24c194def2dcde64cb53.256p.jpg,Wired,Black / Blue,Both,Trackball,Both,0
Kensington 72339,,https://cdna.pcpartpicker.com/static/forever/images/product/249897f5d08814f9fda5c4ea3350d0f3.256p.jpg,Wired,Black,Both,Optical,Both,0
Kensington 777785585663,,https://cdna.pcpartpicker.com/static/forever/images/product/bbcc89f4726f2baa66098fda046739e3.med.256p.jpg,Wired,Black,Both,Optical,Both,0
Key Ovation KOV-GTM-L,,Optical,Wired,Black / Silver,1000,Optical,Left,0
Lenovo 57Y6596,,Optical,Wired,Black / Red,1000,Optical,Both,0
Logisys M-COUPE,,Optical,Wired,Silver,800,Optical,Both,0
Microsoft 2CF-000027,,Optical,Wireless,Blue / White,1000,Optical,Both,0
Microsoft 2CF-00008,,Optical,Wired,Black / Silver,1000,Optical,Both,0
Microsoft 2CF-00021,,Optical,Wireless,Black,1000,Optical,Both,0
Microsoft 43U-00001,,https://cdna.pcpartpicker.com/static/forever/images/product/9838dac6e5f67afdad98706e8ed7a78e.256p.jpg,Wireless,Black,Both,Optical,Both,0
Microsoft Optical 100 Mice,,Optical,Wired,Black,1000,Optical,Both,0
Microsoft Wireless Mobile Mouse 3500 Artist Oh Joy 4,,Optical,Wireless,Multicolor,Both,Optical,Both,0
Microsoft Wireless Mobile Mouse 3500 Artist Saksi 4,,Optical,Wireless,Multicolor,Both,Optical,Both,0
Microsoft Wireless Mobile Mouse 3500 Artist Cheuk 4,,Optical,Wireless,Multicolor,Both,Optical,Both,0
Microsoft Wireless Mobile Mouse 3500 Artist McClure 4,,Optical,Wireless,Red / Black,Both,Optical,Both,0
Microsoft Wireless Mobile Mouse 3500 Artist Lyon 4,,Optical,Wireless,Multicolor,Both,Optical,Both,0
Microsoft Wireless Mobile Mouse 3500 Artist Scott 4,,Optical,Wireless,White / Black,Both,Optical,Both,0
Microsoft Sculpt Comfort Mouse,,https://cdna.pcpartpicker.com/static/forever/images/product/a8ca56cd46600adcea2f21c3ae1aa2a1.256p.jpg,Bluetooth Wireless,Black / Blue,Right,Optical,Right,3
Microsoft L2 Basic Optical Mouse,,Optical,Wired,White,800,Optical,Both,0
Microsoft Comfort Mouse 6000,,Optical,Wired,Black,1000,Optical,Right,0
ROCCAT Kone,,Laser,Wired,Black,3200,Laser,Right,0
ROCCAT Kone Pure,,https://cdna.pcpartpicker.com/static/forever/images/product/312ed939195df725f1aec24fa614f412.256p.jpg,Wired,Black,8200,Laser,Right,4.5
Rosewill RM-7700,,Optical,Wireless,Black / Yellow,1750,Optical,Both,0
SMK-Link VP6156,,Optical,Bluetooth Wireless,Black / Silver,Both,Optical,Both,0
Samsung AA-SM0P25B/US,,Optical,Wireless,Black,1600,Optical,Both,0
Samsung AA-SM3PWPS/US,,Optical,Wireless,Black,1600,Optical,Right,0
Samsung AA-SM7PCPB/US,,Optical,Wired,Black,Both,Optical,Both,0
Sony VGPBMS11/S,,Laser,Bluetooth Wireless,Silver,800,Laser,Both,0
SteelSeries Kana White,,Optical,Wired,White / Black,3200,Optical,Both,5
SteelSeries Guild Wars 2,,Laser,Wired,Multicolor,5700,Laser,Both,0
SteelSeries Call of Duty Black Ops II,,Laser,Wired,Black / Red,Both,Laser,Both,0
SteelSeries 813810014514,,Laser,Wired,Multicolor,Both,Laser,Both,0
SteelSeries Kinzu V2 Yellow,,Optical,Wired,Yellow,3200,Optical,Both,0
SteelSeries Kinzu V2 Blue,,Optical,Wired,Blue / Black,3200,Optical,Both,0
SteelSeries Kinzu V2 Silver,,Optical,Wired,Silver / Black,3200,Optical,Both,3.5
HP A0X35AA#ABA,,Laser,Wireless,Black,1600,Laser,Both,0
HP H2L63UT,,https://cdna.pcpartpicker.com/static/forever/images/product/c037ca4ec2434eadeb70c30a9ca14d4e.256p.jpg,Wireless,Black,Both,Optical,Both,0
HP H3T50AA#ABA,,https://cdna.pcpartpicker.com/static/forever/images/product/b9ab99a16740c118692967b42d72c7ff.256p.jpg,Wireless,Black,1600,Optical,Both,0
HP H6E52UT#ABA,,Laser,Wireless,Black,1600,Laser,Both,0
HP LB420AA#ABA,,Optical,Wireless,Gray,1750,Optical,Both,0
HP LH571AA#ABA,,Laser,Wireless,Black / Silver,1600,Laser,Right,0
HP LK006AA#ABA,,Optical,Wireless,Black,1200,Optical,Both,0
HP LR919AA#ABL,,Optical,Wireless,Black / Silver,1200,Optical,Both,0
HP X7000,,https://cdna.pcpartpicker.com/static/forever/images/product/b138f58b9255ecfbca6e0ffee8991c36.med.256p.jpg,Wireless,Black,1600,Laser,Right,0
HP QY777AA,21.6,https://cdna.pcpartpicker.com/static/forever/images/product/483a5f32c7a794a0ae140c5238be2448.256p.jpg,Wired,Black,800,Optical,Both,3
HP QY778AT,21.6,https://cdna.pcpartpicker.com/static/forever/images/product/a5468adeeb48e75847f9cb9ceac14e54.256p.jpg,Wired,Black,1000,Laser,Both,0
Targus 777785489039,,Optical,Wired,Black,Both,Optical,Both,0
Targus 777785570133,,https://cdna.pcpartpicker.com/static/forever/images/product/9f3223a314896fa6ce5101938c69f1cd.med.256p.jpg,Wired,Black,Both,Optical,Both,0
Targus AMW064US,,Laser,Wireless,Beige,1200,Laser,Both,0
Targus TG-AMW51US,,Laser,Wired,Black,Both,Laser,Both,0
Toshiba PA3847U-1ETB,,Laser,Bluetooth Wireless,Black / Silver,1600,Laser,Both,0
Zalman ZM-GM1,,Laser,Wired,Black / Silver,6000,Laser,Right,3
Zalman GM1,,Laser,Wired,Black / Silver,6000,Laser,Right,4
Cooler Master CM Storm Havoc,,Laser,Wired,Black / Red,8200,Laser,Right,4.5
ROCCAT Lua,,https://cdna.pcpartpicker.com/static/forever/images/product/48726cbd0f1dc61532677d31c4ecaf99.256p.jpg,Wired,Black / Blue,2000,Optical,Both,0
HP X4500,,Laser,Wireless,Black,Right,Laser,Right,0
Cobra SKU038144,,https://cdna.pcpartpicker.com/static/forever/images/product/045c621eaab787ea7667b9ed81803d2b.med.256p.jpg,Wired,Black / Blue,1600,Optical,Right,0
Corsair Raptor M40,,Optical,Wired,Black,4000,Optical,Right,4.5
V7 Wireless Mobile Optical LED Mouse,,Optical,Wireless,Black / Gray,1600,Optical,Both,0
V7 Wireless Mobile Blue Trace Mouse,,Laser,Wireless,Silver / Black,1600,Laser,Both,0
V7 Wireless Full Size Blue Trace Mouse,,Laser,Wireless,Black / Blue,1600,Laser,Right,0
Gear Head MP1950BLK,,Optical,Wireless,Black / Silver,Both,Optical,Both,0
Gear Head MP2850BLK-CP10,,Laser,Wireless,Black,Right,Laser,Right,0
Targus 777785570157,,https://cdna.pcpartpicker.com/static/forever/images/product/9e4ad14c17c48bd00c6829816914adb3.med.256p.jpg,Wired,Black,Both,Optical,Both,0
A4Tech G7-750N-1,,https://cdna.pcpartpicker.com/static/forever/images/product/84c01f855718dc410721084ec1631a36.med.256p.jpg,Wireless,Black / Gray,2000,Optical,Right,0
Corsair Raptor M30,,Optical,Wired,Black,4000,Optical,Right,4.5
Fujitsu FPCMO032AP,,Laser,Wired,Black,Both,Laser,Both,0
Gear Head MP2120BLU,,Laser,Wireless,Blue,Both,Laser,Both,0
i-rocks IR-7571L-BK,,Laser,Wired,Black,1600,Laser,Right,0
Ergoguys 0270-0030,,Optical,Wired,White,400,Optical,Both,0
ROCCAT ROC-11-700-R,,Laser,Wired,Red / Black,8200,Laser,Right,0
Lenovo 57Y6666,,Optical,Wired,Beige / Black,Both,Optical,Both,0
Zalman M250,,https://cdna.pcpartpicker.com/static/forever/images/product/01cf09d3a4c9f775465d04875e6d596c.med.256p.jpg,Wired,Black / Gray,1600,Optical,Both,0
Zalman M350 Combo,,https://cdna.pcpartpicker.com/static/forever/images/product/d96136e4e4bc69485a8c0180cb7eb6b6.med.256p.jpg,Wired,Black,2000,Optical,Both,0
Cobra Mazer II,,https://cdna.pcpartpicker.com/static/forever/images/product/6d892ef95864d9c802b04a8b70a9a3f6.med.256p.jpg,Wireless,Black / Blue,2500,Optical,Right,4
Cobra Cobra,,https://cdna.pcpartpicker.com/static/forever/images/product/1330d1c2cc0ab1647c10d8111e223b99.med.256p.jpg,Wired,White / Blue,1600,Optical,Right,0
Mionix AVIOR 8200,,https://cdna.pcpartpicker.com/static/forever/images/product/4cc4aa24cff5e3582f4ae1dfae27b914.med.256p.jpg,Wired,Black,8200,Laser,Both,0
Cubeternet Cubeternet Bluetooth Optical mini Mouse,,Optical,Bluetooth Wireless,Black / Silver,Both,Optical,Both,0
Zalman ZM-M250,,Optical,Wired,Black / Gray,1600,Optical,Both,0
Zalman Eclipse,,Laser,Wired,Black,8200,Laser,Right,0
Adesso IMOUSE M30,,Optical,Wireless,Black,1000,Optical,Both,0
Adesso IMOUSE S20,,Optical,Wireless,Black,1500,Optical,Right,0
Genius X-G510,,Optical,Wired,Black / Blue,2000,Optical,Both,0
Toshiba PA3847U-1ETC,,Laser,Wireless,Black,1600,Laser,Both,0
Logitech 910-002757,,Optical,Wired,Black,Right,Optical,Right,0
Asus UT210,,Optical,Wired,Blue,1000,Optical,Both,0
Gear Head 2.4 GHz Wireless Optical Nano Mouse,,Optical,Wireless,Black,1000,Optical,Both,0
Gear Head OM4750W,,Optical,Wireless,Silver,1600,Optical,Right,0
Gear Head OM6750W,,Optical,Wireless,Black / Red,1600,Optical,Right,5
Genius Cam Mouse,,Optical,Wired,Black,1200,Optical,Right,0
Genius 31030089101,,Optical,Wireless,Black,1000,Optical,Both,0
HP Touch to Pair,,Laser,Bluetooth Wireless,Multicolor,1600,Laser,Both,0
V7 MV3010010-BLU-5NB,,Optical,Wired,Black / Blue,1000,Optical,Both,0
V7 MV3010010-RED-5NB,,Optical,Wired,Black / Red,1000,Optical,Both,0
V7 MV3010010-SIL-5NB,,Optical,Wired,Black / Silver,1000,Optical,Both,0
HP X4000b,,Laser,Bluetooth Wireless,Black,Both,Laser,Both,0
HP x4000,,Laser,Wireless,Black,Both,Laser,Both,5
Genius DeathKnight,,https://cdna.pcpartpicker.com/static/forever/images/product/215544ba2fa02edc72c7c0a4c76f3ee5.med.256p.jpg,Wired,Black / Red,3500,Optical,Right,0
Genius x3,,https://cdna.pcpartpicker.com/static/forever/images/product/27666465e8724f58e1703b3a973ed2f0.med.256p.jpg,Wired,Black,2000,Optical,Right,0
Genius GX310,,https://cdna.pcpartpicker.com/static/forever/images/product/dd8b03fc291336e9beab5696689e4631.med.256p.jpg,Wired,Black,2000,Optical,Right,0
HP Z4000,,Optical,Wireless,Black,Both,Optical,Both,0
SHARKOON FireGlider,,Laser,Wired,Black,3600,Laser,Right,5
SteelSeries Kana Blade &amp; Soul Limited Edition,,https://cdna.pcpartpicker.com/static/forever/images/product/45658c4d66791c32e1e4201f60caff1c.med.256p.jpg,Wired,Black / Orange,3200,Optical,Both,4
Thermaltake eSPORTS Theron White,,Laser,Wired,White,5600,Laser,Right,0
Thermaltake eSPORTS Theron Green,,Laser,Wired,Green,5600,Laser,Right,0
Thermaltake eSPORTS Theron Yellow,,Laser,Wired,Yellow,5600,Laser,Right,0
Cooler Master CM Storm Recon,,Optical,Wired,White,4000,Optical,Both,4
HP X3000,,https://cdna.pcpartpicker.com/static/forever/images/product/1694e67a2cca81dbbee7286d77e6acee.256p.jpg,Wireless,Black,1200,Optical,Both,0
Logitech RX250,,Optical,Wired,Black,1000,Optical,Both,5
Microsoft D58-00041,,https://cdna.pcpartpicker.com/static/forever/images/product/7b8e4033b966059233fd799053c290da.256p.jpg,Wired,White,Both,Optical,Both,0
Sunbeam MS-X888,,https://cdna.pcpartpicker.com/static/forever/images/product/76fb85fbfe0604f4f36c2b0a509cf2ea.med.256p.jpg,Wired,Red,Both,Optical,Both,0
Wacom EC155W,,https://cdna.pcpartpicker.com/static/forever/images/product/d3cf50877350c1a11a057f3eba8019ec.med.256p.jpg,Wireless,White,Both,Optical,Both,0
Dell 469-4227,,Laser,Bluetooth Wireless,Black / Silver,1000,Laser,Both,0
Genius x1,,https://cdna.pcpartpicker.com/static/forever/images/product/6fccffb013cadd561ed15f348f2d4bc3.med.256p.jpg,Wired,Black,2000,Optical,Right,0
Logitech T630,,Touchpad,Wireless,Black / Silver,Both,Touchpad,Both,0
Razer Battlefield 4 Taipan,,Optical,Wired,Multicolor,8200,Optical,Both,0
Perixx MX-2000,,Laser,Wired,Black / Silver,5040,Laser,Right,4
Perixx MX-1000,,Optical,Wired,Black,2000,Optical,Both,4.5
Perixx PERIMICE-712B,,Optical,Wireless,Black / Silver,2000,Optical,Right,5
Perixx Perimice-710,,https://cdna.pcpartpicker.com/static/forever/images/product/46cc96a2015ebed85b2b8da5f1e549d2.med.256p.jpg,Wireless,Black / Red,1600,Optical,Right,0
Perixx PERIMICE-711,,Optical,Wireless,Black,1600,Optical,Right,0
Perixx PERIMICE-713,,Optical,Wireless,Black,2000,Optical,Right,0
Perixx PERIMICE-307B,,Optical,Wired,Black / Silver,1600,Optical,Right,4
Perixx Perimice-710W,,Optical,Wireless,White,1600,Optical,Right,0
Perixx PERIMICE-307R,,Optical,Wired,Black / Red,1600,Optical,Right,4
Perixx MX-3000B,,Laser,Wired,Black / Silver,8200,Laser,Right,5
Perixx PERIMICE-712R,,Optical,Wireless,Black / Red,2000,Optical,Right,0
Perixx MX-2000R,,Laser,Wired,Black / Red,5040,Laser,Right,0
Perixx MX-3200,,Laser,Wired,Black / Silver,5040,Laser,Both,0
Perixx MX-3000R,,Laser,Wired,Black / Red,8200,Laser,Right,0
Perixx PERIMICE-513,,Optical,Wired,Black,2000,Optical,Right,0
Perixx 11063,,Touchpad,Wireless,Black,Both,Touchpad,Both,0
Cobra E-Blue Mazer II,,https://cdna.pcpartpicker.com/static/forever/images/product/7664e1c081c04cc6b8fec75e27aa5bf5.med.256p.jpg,Wireless,Black / Silver,2500,Laser,Right,5
Cobra E-3lueHorizon,,https://cdna.pcpartpicker.com/static/forever/images/product/35bcd33c2318f56f307644d90c6015a1.med.256p.jpg,Wireless,Black / Blue,Both,Laser,Both,0
Cobra EMS140BKC,,Laser,Wired,Black / Silver,2500,Laser,Right,5
Cobra E-Blue Mazer,,https://cdna.pcpartpicker.com/static/forever/images/product/62a3951310cc4d9bc407e5363d5da2a4.med.256p.jpg,Wireless,Black / Blue,2500,Laser,Right,4
Cobra E-Blue MARVEL AUROZA IRON MAN 3,,https://cdna.pcpartpicker.com/static/forever/images/product/d0c71c23e9b641bb41779b541efccb7b.med.256p.jpg,Wired,Red,4000,Laser,Both,4
Cobra E-blue Cobra II,,https://cdna.pcpartpicker.com/static/forever/images/product/a336074d194c36a946f57a7d24b38c6f.med.256p.jpg,Wireless,Black,2500,Optical,Right,5
Cobra AULA Ghost Shark Gaming Mouse,,https://cdna.pcpartpicker.com/static/forever/images/product/e412f6b4462753709726d23bfd3a046d.med.256p.jpg,Wired,Black / Blue,2000,Optical,Right,0
Genius 31010010100,,Optical,Wired,Black,1200,Optical,Both,0
Genius Traveler 6000z,,Optical,Wireless,Black,Both,Optical,Both,0
Genius Death Knight Silver edition,,https://cdna.pcpartpicker.com/static/forever/images/product/eed624ddd4880062fe96f3668ab21195.med.256p.jpg,Wired,Black / Silver,3500,Optical,Both,0
Logitech Zone Touch Mouse T400,,Optical,Wireless,Red,Both,Optical,Both,0
Genius Maurus X,,Laser,Wired,Black / Red,4000,Laser,Both,0
Logitech T631,,Laser,Bluetooth Wireless,White,Both,Laser,Both,0
Logitech M560,188.1,Laser,Wireless,Black,Right,Laser,Right,5
ROCCAT Kone Pure Color,,Laser,Wired,Black / White,8200,Laser,Right,0
Samsung AA-SM7PWBB,,Optical,Bluetooth Wireless,Black,1600,Optical,Both,5
Rosewill RGM-1000,,https://cdna.pcpartpicker.com/static/forever/images/product/ce41a6d3b6925b0228e54b3c843dd4d6.256p.jpg,Wired,Black,8000,Laser,Right,5
Rosewill RGM-300,,https://cdna.pcpartpicker.com/static/forever/images/product/b9ae110d7028fcbba353ef3ecfcc512e.256p.jpg,Wired,Black,1000,Optical,Right,4.5
Logitech MX510,,Laser,Wired,Black / Red,800,Laser,Right,5
Mionix AVIOR 7000,,https://cdna.pcpartpicker.com/static/forever/images/product/d6bc10996737dc77d0c67a3ac907485d.med.256p.jpg,Wired,Black / Blue,7000,Optical,Both,5
Rosewill Helix RM-20,,Optical,Wired,Black / Silver,2400,Optical,Right,0
HP Z5000,,Laser,Bluetooth Wireless,White,Both,Laser,Both,0
Cobra Mazer Type-R,,Optical,Wired,Black / Blue,2400,Optical,Right,0
HP Z3600,,Laser,Wireless,Black / Blue,Both,Laser,Both,0
HP H2L63AA,,Optical,Wireless,Black,Both,Optical,Both,0
AZIO G8 GM8200,,Laser,Wired,Black / Purple,8200,Laser,Right,0
Ergoguys CST3645,,Optical,Wired,Black,1600,Optical,Right,0
HP H6E52AA#ABA,,Laser,Wireless,Multicolor,1600,Laser,Both,0
Logitech V200,,Optical,Wireless,Silver,Both,Optical,Both,0
SteelSeries Rival,,Optical,Wired,Black / Green,6500,Optical,Right,4.5
Thermaltake Level 10 M,,https://cdna.pcpartpicker.com/static/forever/images/product/423da6c63d04f7ea41c70644008fac71.256p.jpg,Wired,Black / Red,8200,Laser,Right,5
Asus VivoMouse WT710,,Optical,Wireless,Gray,1200,Optical,Both,0
Gear Head MPT3400YLW-CP10,,Optical,Wireless,Black / Yellow,800,Optical,Right,0
Genius 31030088102,,Optical,Wireless,White,1600,Optical,Both,0
Genius 31030107103,,Optical,Wireless,Silver,1200,Optical,Both,0
HP X500,,Optical,Wired,Black,Both,Optical,Both,4
HP X1250,,https://cdna.pcpartpicker.com/static/forever/images/product/0346fe4564ca073a90d9912a27a5f29e.med.256p.jpg,Wired,Black,Both,Optical,Both,0
Cobra Cobra Type-S,,Optical,Wired,Blue / White,1600,Optical,Right,0
Cobra Cobra Junior,,Optical,Wired,Black / Blue,1600,Optical,Right,3.5
Cobra Cobra Type-M,,Optical,Wired,Black,1600,Optical,Right,5
Cobra Silenz,,Optical,Wired,Multicolor,2400,Optical,Both,0
Ergoguys Onyx,,Optical,Wired,Blue / White,400,Optical,Right,0
Logitech 910-003359,,https://cdna.pcpartpicker.com/static/forever/images/product/285fb50501cae7d2350d5961e3e662bc.med.256p.jpg,Wireless,Black / Silver,1000,Laser,Both,0
Mad Catz MCB437040002/04/1,,Laser,Wired,Black / Blue,8200,Laser,Right,5
Func MS- 3 Revision 2,,Laser,Wired,Black / Red,5670,Laser,Right,4.5
Lenovo 0C41072,298.99,Optical,Wireless,Black,1000,Optical,Both,4
Mad Catz Titanfall R.A.T.3,,Optical,Wired,Orange / White,3500,Optical,Right,4.5
GAMDIAS ZEUS,,Laser,Wired,Black,8200,Laser,Right,5
GAMDIAS DEMETER,,Optical,Wired,Black,2000,Optical,Both,0
GAMDIAS HADES Optical Extension,,Optical,Wired,Black,3200,Optical,Both,0
Cobra Mazer Type-L,,Optical,Wired,Black,3500,Optical,Right,0
Microsoft U7Z-00001,,https://cdna.pcpartpicker.com/static/forever/images/product/941dbef5c34faf683d26acff63bf323e.256p.jpg,Wireless,Black,Both,Laser,Both,0
Microsoft U7Z-00011,,Laser,Wireless,Blue,Both,Laser,Both,0
Microsoft U7Z-00021,,https://cdna.pcpartpicker.com/static/forever/images/product/f9f28b27d1d65d35c764118195c420d2.256p.jpg,Wireless,Pink,Both,Laser,Both,0
Microsoft U7Z-00041,,https://cdna.pcpartpicker.com/static/forever/images/product/fa95bd0747a6e32dc5e7ab78170a3fd4.256p.jpg,Wireless,Purple,Both,Laser,Both,0
Microsoft U7Z-00031,20.49,https://cdna.pcpartpicker.com/static/forever/images/product/df05a85d6ceb1dded1395de4e725d3dc.256p.jpg,Wireless,Red,Both,Optical,Both,0
SteelSeries 62250,,Laser,Wireless,Black / Silver,5670,Laser,Both,0
Asus BX700,,Laser,Bluetooth Wireless,Gray,Right,Laser,Right,0
Logitech 910-004021,11.89,Laser,Wireless,Black,Both,Laser,Both,0
Gigabyte M5050,,https://cdna.pcpartpicker.com/static/forever/images/product/93c794cbc3665ce75eecda73ff7e3128.med.256p.jpg,Wired,White,800,Optical,Both,0
Lenovo 0B47153,,Optical,Wired,Black / Red,1600,Optical,Both,0
AZIO GM2400,,Optical,Wired,Black / Blue,2400,Optical,Right,5
Corsair Raptor LM3,,Optical,Wired,Black,2400,Optical,Right,5
Ozone Gaming Xenon,,Optical,Wired,Black,3500,Optical,Both,0
Mionix AVIOR SK,,https://cdna.pcpartpicker.com/static/forever/images/product/0e14825c3accda441a41dcbe05323c3f.med.256p.jpg,Wired,Black / White,7000,Optical,Both,0
Toshiba PA3982U-1E2B,,Optical,Wired,Black,1600,Optical,Both,0
Etekcity Scroll X1 M555,,https://cdna.pcpartpicker.com/static/forever/images/product/896be29858caf4371344a34261bd68ab.med.256p.jpg,Wired,Black / Red,2400,Optical,Right,5
UtechSmart 4000 DPI Gaming Mouse,,https://cdna.pcpartpicker.com/static/forever/images/product/8ff422f4c0524a7263cb6913fe5ada1c.med.256p.jpg,Wired,Multicolor,4000,Laser,Both,0
UtechSmart US-D5700-GM,27.89,https://cdna.pcpartpicker.com/static/forever/images/product/b533fbef352e56ad232c2575c3d3b910.256p.jpg,Wired,Multicolor,5700,Laser,Right,5
UtechSmart US-D8000-GM,,https://cdna.pcpartpicker.com/static/forever/images/product/9dfdf1c2fdb71ea2d97d8e638d0921ad.med.256p.jpg,Wired,Black / Silver,8000,Laser,Right,0
UtechSmart US-D8200-GM,,https://cdna.pcpartpicker.com/static/forever/images/product/700b128560f1571d8ad55774865d0bb9.med.256p.jpg,Wired,Black / Silver,8200,Laser,Right,4
Genius Traveler D6600,,Optical,Wireless,Black / Silver,1200,Optical,Both,0
Genius DX-6810,21.87,Optical,Wireless,Silver,1200,Optical,Both,0
EVGA TORQ X10,,https://cdna.pcpartpicker.com/static/forever/images/product/affffb30364094bffc403f3a744d8498.med.256p.jpg,Wired,Black / Red,8200,Laser,Both,0
HP QY778AA,21.6,Laser,Wired,Black,1000,Laser,Both,0
Cherry JW-T0200,,https://cdna.pcpartpicker.com/static/forever/images/product/9a7ddcc6b9c08437777794dbc320b350.256p.jpg,Wireless,Black / Silver,2000,Laser,Both,0
Adesso iMouse G3,,Optical,Wired,Multicolor,2400,Optical,Right,0
V7 MV3040-24G-BLK-15NB,,Optical,Wireless,Black,1200,Optical,Both,5
V7 MV3040-24G-RED-15NB,,Optical,Wireless,Black / Red,1200,Optical,Both,0
V7 MV6000-BT-BLK-15NB,,Optical,Wireless,Black,1600,Optical,Both,0
Logitech Wheel,,Optical,Wired,Black,800,Optical,Both,0
Samsung ET-MP900DBEGUJ,,https://cdna.pcpartpicker.com/static/forever/images/product/212a51999c66a482908d67a2e04c50d9.256p.jpg,Wireless,Black,Right,Laser,Right,0
Zalman Knossos,,Laser,Wired,Black / Silver,8200,Laser,Right,0
MSI DS200,,https://cdna.pcpartpicker.com/static/forever/images/product/bad6b55dd69399b1f2ae967a51b2944a.256p.jpg,Wired,Black / Red,16400,Laser,Right,0
Anker AK-98AN5000-BA,,https://cdna.pcpartpicker.com/static/forever/images/product/9642aa805480667ff18b0f903a1ba0f3.med.256p.jpg,Wired,Black / Blue,5000,Laser,Right,0
Genius NS-6005,,Optical,Wireless,Black,1000,Optical,Both,0
Zowie AM,,Optical,Wired,Black / Red,2300,Optical,Both,0
Zowie AM-FG WHITE,,Optical,Wired,White / Gray,2300,Optical,Both,0
Zowie EC1-eVo,,Optical,Wired,Black / White,2300,Optical,Right,5
Zowie EC1-eVo-CL,,Optical,Wired,Black / White,2300,Optical,Right,0
Zowie EC1-eVo WHITE,,Optical,Wired,White,2300,Optical,Right,0
Zowie EC2-eVo,,Optical,Wired,Black / White,2300,Optical,Right,0
Zowie EC2-eVo-CL,,Optical,Wired,Black / White,2300,Optical,Right,0
Zowie EC2-eVo WHITE,,Optical,Wired,White,2300,Optical,Right,0
Gigabyte Aivia Uranium,,Laser,Wireless,Black / Silver,3200,Laser,Right,0
Etekcity Scroll M535,,Optical,Wired,Black / Blue,3000,Optical,Right,0
Samsung AA-SM7PWRP/US,,Laser,Wireless,Black / Pink,1600,Laser,Both,0
Samsung AA-SM7PWRB/US,,Laser,Wireless,Black,1600,Laser,Both,0
Microsoft PL2 Touch Mouse,121.97,Laser,Wireless,Black,Both,Laser,Both,0
Logisys MS609SL,,https://cdna.pcpartpicker.com/static/forever/images/product/f5c79cc8ae2ce1cf01398234492cb908.med.256p.jpg,Wired,Silver,800,Optical,Both,0
Thermaltake TALON,,Optical,Wired,Multicolor,3000,Optical,Right,4
Cooler Master Mizar,120.17,Laser,Wired,Black,8200,Laser,Right,0
Gigabyte M6880,,Laser,Wired,Black,1600,Laser,Right,3
Mad Catz M.M.O. TE,,Laser,Wired,Black / Blue,8200,Laser,Right,0
ROCCAT TYON,,https://cdna.pcpartpicker.com/static/forever/images/product/64ac1447f60ddd1e234aadd45ed27d15.256p.jpg,Wired,Black,8200,Laser,Right,4.5
Thermaltake Level 10 M Hybrid,,https://cdna.pcpartpicker.com/static/forever/images/product/40b8b4e531d0154b2998b53f44748b57.256p.jpg,Wired,Black / Silver,8200,Laser,Right,0
Thermaltake VOLOS,,Laser,Wired,Black,8200,Laser,Right,0
Microsoft GMF-00408,69.98,Laser,Wireless,Black,Both,Laser,Both,0
Microsoft Wireless Mobile Mouse 1850,,https://cdna.pcpartpicker.com/static/forever/images/product/22c2a35d7398d62b8f20572c42377f44.256p.jpg,Wireless,Black,Both,Laser,Both,0
HP ET424AA,,Optical,Wired,Black,Both,Optical,Both,0
Adesso IMOUSEG1,9.99,Optical,Wired,Black / Blue,2400,Optical,Both,0
Cougar 200M,,Optical,Wired,Black / Red,2000,Optical,Right,0
Gigabyte Raptor,,Optical,Wired,Black / Red,4000,Optical,Right,0
Microsoft GMF-00413,,Optical,Wireless,Black,1000,Optical,Both,0
Corsair Sabre,,Laser,Wired,Multicolor,8200,Laser,Right,5
Gigabyte AIRE M93 ICE,,Laser,Wireless,Black / Blue,2000,Laser,Right,0
Razer Naga Epic Chroma,,Laser,Wireless,Multicolor,8200,Laser,Right,4
Asus ROG Gladius,,https://cdna.pcpartpicker.com/static/forever/images/product/e6c5d0d299dc2571f5e8eac5167b4ae7.256p.jpg,Wired,Black / Red,6400,Optical,Right,4.5
GAMDIAS Zeus Esports Edition,,Laser,Wired,Black / Red,8200,Laser,Right,0
Mad Catz Office R.A.T.,,Laser,Bluetooth Wireless,Black,Right,Laser,Right,0
Redragon Perdition,,https://cdna.pcpartpicker.com/static/forever/images/product/6d58440846e603da098bccccc64b5f2e.med.256p.jpg,Wired,Black / Red,16400,Laser,Right,4.5
MS-Tech SM-X35,,Laser,Wired,Black,2400,Laser,Right,0
Aula Killing Soul SI-928,,https://cdna.pcpartpicker.com/static/forever/images/product/dd0e71d239593393f7c00203fe0134dc.256p.jpg,Wired,Black,2000,Optical,Right,0
Mad Catz R.A.T.,,Laser,Wireless,White,Right,Laser,Right,0
Asus STRIX CLAW,,Optical,Wired,Black / Yellow,5000,Optical,Right,0
Thermaltake VENTUS,,Laser,Wired,Black,5700,Laser,Both,5
IOGEAR NRG3,,Laser,Wireless,Black,2000,Laser,Right,0
FinalMouse FinalMouse 2015,,Optical,Wired,Black,3200,Optical,Right,0
SIIG JK-WR0A12-S1,,Optical,Wireless,Black,1000,Optical,Right,0
SIIG JK-WR0C12-S1,,Optical,Wireless,Black,1000,Optical,Right,0
SIIG JK-WR0G12-S1,,https://cdna.pcpartpicker.com/static/forever/images/product/966dadc1906e3da1f6e6781083005902.256p.jpg,Wireless,Black / Red,1000,Optical,Both,0
EVGA TORQ X5,,https://cdna.pcpartpicker.com/static/forever/images/product/3675cb5a3e01edc1db6574aa571a1803.256p.jpg,Wired,Black / White,6400,Optical,Both,5
SIIG JK-WR0912-S1,,Optical,Wireless,Red,1000,Optical,Right,0
SIIG JK-WR0B12-S1,,Optical,Wireless,Blue,1000,Optical,Right,0
SIIG JK-WR0F12-S1,,Optical,Wireless,Orange,1000,Optical,Right,0
EVGA TORQ X5L,,https://cdna.pcpartpicker.com/static/forever/images/product/dfcbba9404dc7a23cb4667a28d7c9493.256p.jpg,Wired,Black / Orange,8200,Laser,Both,0
Lenovo 0B47167,,Optical,Wireless,Silver,1200,Optical,Both,0
SIIG JK-WR0D12-S1,,Optical,Wireless,Black / Blue,1000,Optical,Both,0
SIIG JK-WR0E12-S1,,Optical,Wireless,Black / Green,1000,Optical,Both,0
Gear Head BT9750BLU,,Optical,Bluetooth Wireless,Black / Blue,1600,Optical,Right,0
Gear Head BT9750RED,,Optical,Bluetooth Wireless,Black / Red,1600,Optical,Right,0
Rosewill RM-D2P,,Optical,Wired,Black,2000,Optical,Both,0
Rosewill RM-D2U,,https://cdna.pcpartpicker.com/static/forever/images/product/4aaa9c864134b706d6ad799f35347f91.256p.jpg,Wired,Black,2000,Optical,Both,0
AZIO EXO1-K,,Optical,Wired,Black,3500,Optical,Right,0
Microsoft U7Z-00055,,Optical,Wireless,Blue,1000,Optical,Both,0
Microsoft U7Z-00062,,Optical,Wireless,Pink,1000,Optical,Both,0
Rosewill RM-7800BL,,Optical,Wireless,Black,1600,Optical,Right,0
Rosewill RM-7800PK,,Optical,Wireless,Pink,1600,Optical,Right,0
Turtle Beach Grip 300,,https://cdna.pcpartpicker.com/static/forever/images/product/2c5ea2ca50199340719a030b558103f0.256p.jpg,Wired,Black / Red,1750,Optical,Right,0
Turtle Beach Grip 500,,https://cdna.pcpartpicker.com/static/forever/images/product/1580615e5ccedc806ee82266b2d09eb7.256p.jpg,Wired,Black / Red,8200,Laser,Right,0
UtechSmart VENUS-B,,https://cdna.pcpartpicker.com/static/forever/images/product/1b34c580b086b9b6eba25d37f215627a.256p.jpg,Wired,Gray,16400,Laser,Right,0
Thermaltake VENTUS X,,Laser,Wired,Black,5700,Laser,Right,4
Monoprice MP-MiCo Optical Pro,,Optical,Wired,Blue / White,1600,Optical,Both,0
Monoprice 11154,,Laser,Wired,Black,1600,Laser,Right,0
Monoprice 11155,,https://cdna.pcpartpicker.com/static/forever/images/product/b92fbd6b570c5158ef8dbe79f4f72b8c.256p.jpg,Wired,Black / Green,2400,Laser,Right,0
Monoprice 8495,,Optical,Wired,Black,1600,Optical,Both,0
Monoprice 9253,,Optical,Wired,Black / Red,Both,Optical,Both,0
Monoprice 9254,,Optical,Wired,Black / Blue,Both,Optical,Both,0
Monoprice 9255,,Optical,Wired,Black / Blue,Both,Optical,Both,0
Monoprice M24,,Optical,Wireless,Black / Silver,Both,Optical,Both,0
Monoprice M19,,Optical,Wireless,Black / Silver,Both,Optical,Both,0
Monoprice 9258,,https://cdna.pcpartpicker.com/static/forever/images/product/0a8b489cdcbea4f1d13978173944b4c6.256p.jpg,Wired,Black / Red,3400,Optical,Right,0
Monoprice Executor,,Laser,Wired,Black,5600,Laser,Right,0
Kensington Pro Fit 2.4 GHz Wireless Mid-Size Mouse,,Laser,Wireless,Black,Right,Laser,Right,0
Kensington Pro Fit Mobile Wireless Mouse,,Laser,Wireless,Black,Both,Laser,Both,0
Kensington PocketMouse,,Optical,Wireless,Black,1000,Optical,Both,0
Dell WM615,,https://cdna.pcpartpicker.com/static/forever/images/product/00fb2f7b312bc2ccc4e69caafb24bde4.256p.jpg,Bluetooth Wireless,Black,1000,Laser,Both,0
Cooler Master Storm Reaper,,Laser,Wired,Black / Silver,8200,Laser,Right,5
AZIO EXO1,,Optical,Wired,Black / Red,3500,Optical,Right,5
Etekcity Scroll 6E,,https://cdna.pcpartpicker.com/static/forever/images/product/66cfe38c65a285402512005b8fad26c9.256p.jpg,Wired,Black / Blue,4000,Optical,Right,0
Etekcity SCROLL S200,,https://cdna.pcpartpicker.com/static/forever/images/product/26bd4d4666b1158d6a2735e57467fb35.256p.jpg,Wired,Black / Blue,1600,Optical,Right,5
Gear Head BT9750BLK,,https://cdna.pcpartpicker.com/static/forever/images/product/f553dfeb01b8d06af51cc0976ea13128.256p.jpg,Bluetooth Wireless,Black,1600,Optical,Right,0
Kensington MP230L,,https://cdna.pcpartpicker.com/static/forever/images/product/9b60ce13b5cf08df1ff91a31915f6964.256p.jpg,Wireless,Black,3200,Laser,Right,0
Mad Catz Office R.A.T. M,,Optical,Bluetooth Wireless,Black / White,2000,Optical,Right,0
IOGEAR Tacturus,93.06,https://cdna.pcpartpicker.com/static/forever/images/product/aebcf58fe48356178b7917c83f21046c.256p.jpg,Wireless,Black,1000,Optical,Both,0
Key Ovation KOV-N200BCM,,https://cdna.pcpartpicker.com/static/forever/images/product/89bb57024f6fea7fdb7cb439fef91e42.256p.jpg,Wired,Black,3000,Optical,Right,0
Key Ovation KOV-N200SCL,,Optical,Wired,Black / Silver,3000,Optical,Right,0
Lenovo 0B47165,,Optical,Wireless,Red,Both,Optical,Both,0
Logitech M325c,19.98,Optical,Wireless,Multicolor,Both,Optical,Both,0
Logitech M325c Lucas Lion,,Optical,Wireless,Multicolor,Both,Optical,Both,0
Logitech M325c Francesca Fox,28.98,Optical,Wireless,Multicolor,Both,Optical,Both,0
Logitech M325c Purple Zigzag,,Optical,Wireless,Purple,Both,Optical,Both,0
Logitech M325c Blue Zigzag,,https://cdna.pcpartpicker.com/static/forever/images/product/df511f3afa7c43cf21f30bb583142f9d.256p.jpg,Wireless,Blue,Both,Optical,Both,0
Logitech M325c Blue Harlequin,,Optical,Wireless,Blue,Both,Optical,Both,0
ROCCAT Kone Pure Camo Charge,,Optical,Wired,Camo,5000,Optical,Right,0
ROCCAT Kone Pure Naval Storm,,Optical,Wired,Black / Silver,5000,Optical,Right,0
Rosewill Reflex,,Laser,Wired,Black / Red,8200,Laser,Right,0
Key Ovation KOV-N200BCL,,Optical,Wired,Black,4000,Optical,Right,0
Key Ovation KOV-N200SCM,,Optical,Wired,Black / Silver,4000,Optical,Both,0
Key Ovation KOV-RS200CL,,Optical,Wired,Black,3400,Optical,Right,0
Key Ovation KOV-RS200CM,,Optical,Wired,Black,3400,Optical,Right,0
Logitech M325c Teal Zigzag,,Optical,Wireless,Blue / White,Both,Optical,Both,0
Cougar 230M,,Optical,Wired,White / Yellow,3200,Optical,Both,5
Cougar 250M,,Optical,Wired,Black / Orange,4000,Optical,Both,0
Cougar 300M,,Optical,Wired,Black / Orange,4000,Optical,Right,0
Cougar 500M,,Optical,Wired,Black / White,4000,Optical,Right,0
Cougar 550M,,Optical,Wired,Black / Orange,6400,Optical,Right,5
Gear Head MP2120CMO,,Optical,Wireless,Camo,Both,Optical,Both,0
Gear Head MP2120RDF,,Optical,Wireless,Black / Red,Both,Optical,Both,0
Gear Head MP2120SNL,,Optical,Wireless,Black / White,Both,Optical,Both,0
Logitech M325 Purple Peace,,https://cdna.pcpartpicker.com/static/forever/images/product/99a5cbd71653cb7eb2fd68275a7874be.256p.jpg,Wireless,White / Purple,1000,Optical,Both,0
Logitech M325 Moody Blue,,Optical,Wireless,Blue,1000,Optical,Both,0
Logitech M325 Zany,,Optical,Wireless,Silver / White,1000,Optical,Both,0
Logitech M325 Spontaneous Pink,39.99,Optical,Wireless,Pink,1000,Optical,Both,0
Logitech M325 Moody Mint,69.98,Optical,Wireless,Green,1000,Optical,Both,0
Etekcity Scroll Alpha,,https://cdna.pcpartpicker.com/static/forever/images/product/0a4e56432d9108fdb9955ad571c2285b.256p.jpg,Wired,Black / Blue,8200,Laser,Both,5
Kensington K72392US,38.72,https://cdna.pcpartpicker.com/static/forever/images/product/a423c47180e3a67870a87963e9f010eb.256p.jpg,Wireless,Black,1000,Optical,Both,0
SolidTek MS-233BU,,Optical,Wired,Black,Both,Optical,Both,0
Asus ROG Sica,,https://cdna.pcpartpicker.com/static/forever/images/product/73ca88d66d6d66cf37ab80bd76234f77.256p.jpg,Wired,Black / Red,5000,Optical,Both,4
Adesso iMouse E50,,Laser,Wireless,Black,1000,Laser,Right,0
Adesso iMouse E60L,,Optical,Wireless,Blue / Silver,1000,Optical,Both,0
Adesso iMouse E60W,,Optical,Wireless,White,1000,Optical,Both,0
Adesso iMouse W2,,Optical,Wired,Black,800,Optical,Both,0
Gear Head MPT3500PUR-CP10,,Optical,Wireless,Black / Purple,800,Optical,Right,0
Kensington k72110us,28.39,https://cdna.pcpartpicker.com/static/forever/images/product/cba63c629b92c659319a41bbc9e57ffa.256p.jpg,Wired,Black,1000,Optical,Both,0
Microsoft GMF-00403,69.98,Optical,Wireless,Multicolor,Both,Optical,Both,0
TekNmotion TM-NIBM1,,Optical,Wired,Black,Right,Optical,Right,0
TekNmotion Nibiru M2,,Optical,Wired,Black,800,Optical,Right,0
Lenovo 40K9200,,https://cdna.pcpartpicker.com/static/forever/images/product/8ef219ffb56c430e1f6dd0b6fb9b0b9f.256p.jpg,Wired,Black,Both,Optical,Both,0
Logitech M535,39.99,https://cdna.pcpartpicker.com/static/forever/images/product/e57e0d8dd78136a656d60ffdfaa64d3f.256p.jpg,Bluetooth Wireless,Blue,Both,Optical,Both,0
SMK-Link VP3815-TAA,,https://cdna.pcpartpicker.com/static/forever/images/product/479c783f7144cac90e33d885a8e333c6.256p.jpg,Wired,Black,800,Optical,Both,0
V7 GM110-2N,,Optical,Wired,Black / White,4000,Optical,Right,0
V7 GM120-2N,,Optical,Wired,Black / Orange,4000,Optical,Right,0
Mionix Castor,,https://cdna.pcpartpicker.com/static/forever/images/product/cdb7c7b065e082d95cc77f4660af9c0f.256p.jpg,Wired,Black,10000,Optical,Right,4.5
Adesso IMOUSES4,,Optical,Wired,Black,1600,Optical,Both,0
Patriot Viper V560,,Laser,Wired,Black / Red,8200,Laser,Right,0
A4Tech Bloody TL8 Terminator,,Laser,Wired,Black / Silver,8200,Laser,Right,0
Asus STRIX CLAW DARK EDITION,,Optical,Wired,Black / Orange,5000,Optical,Right,0
Genius M6-600,,https://cdna.pcpartpicker.com/static/forever/images/product/f485a5eeaf027e0ff4ea8d8979d237f6.256p.jpg,Wired,Black / White,5000,Optical,Right,0
Genius M8-610,,https://cdna.pcpartpicker.com/static/forever/images/product/05cc6a607a4ead554a1d7be0f30cc1e5.256p.jpg,Wired,Black / White,8200,Laser,Right,0
Adesso iMouse E60P,,https://cdna.pcpartpicker.com/static/forever/images/product/ce5bb27cf608814fac7ac7860d6bd823.256p.jpg,Wireless,Pink,1000,Optical,Both,0
Adesso iMouse E60Y,,https://cdna.pcpartpicker.com/static/forever/images/product/a59a57be07de081465676395bb8f60a2.256p.jpg,Wireless,Yellow,1000,Optical,Both,0
Corsair M65,,https://cdna.pcpartpicker.com/static/forever/images/product/3c60c481be64da3efef3b26ae8a1a58b.256p.jpg,Wired,Black,8200,Laser,Right,4.5
EVGA TORQ X3,,https://cdna.pcpartpicker.com/static/forever/images/product/d1c72a25e50ab969ca418ce04a3d6cf1.256p.jpg,Wired,Black / Silver,4000,Optical,Both,4
Gear Head MP2120LPD,,Optical,Wireless,Black / Orange,Both,Optical,Both,0
Mad Catz R.A.T. PRO X,,Laser,Wired,Black / Green,8200,Laser,Right,5
Microsoft 3600,,https://cdna.pcpartpicker.com/static/forever/images/product/e0821b2a8313cae1c87ece2aeaec35bf.256p.jpg,Wireless,Black,Both,Optical,Both,0
Adesso iMouse E60B,,https://cdna.pcpartpicker.com/static/forever/images/product/0772cb25b975c3de10615a205479321d.256p.jpg,Wireless,Black / Silver,1000,Optical,Both,0
Adesso iMouse E60G,,https://cdna.pcpartpicker.com/static/forever/images/product/f7db302f216d9dca41afeaa5ff98872c.256p.jpg,Wireless,Green / Silver,1000,Optical,Both,0
Corsair KATAR,,https://cdna.pcpartpicker.com/static/forever/images/product/324cdd4fd74d52d41ba2958b4c113af0.256p.jpg,Wired,Black / Red,8000,Optical,Both,4.5
Genius M6-400,,https://cdna.pcpartpicker.com/static/forever/images/product/12c106a4ac5a21dc829417c71f6e54b4.256p.jpg,Wired,Black / Gold,5000,Optical,Both,0
HEC HM153,,Optical,Wired,Black / Red,1600,Optical,Both,0
A4Tech G7CR-60B,,Optical,Wireless,Black,Right,Optical,Right,0
A4Tech TL80,,https://cdna.pcpartpicker.com/static/forever/images/product/d9327ef590af315fb867ff4980a5d8f3.256p.jpg,Wired,Black / Red,8200,Laser,Both,0
A4Tech ZL50,,https://cdna.pcpartpicker.com/static/forever/images/product/ec2c018afbbcf70583566818fc2143ad.256p.jpg,Wired,Black / Red,Right,Laser,Right,0
Kensington K74532WW,93,https://cdna.pcpartpicker.com/static/forever/images/product/d7621272b86f8b2e973031ccc92c116d.256p.jpg,Wireless,White,Both,Optical,Both,0
Microsoft Wireless Mobile Mouse 3500,,https://cdna.pcpartpicker.com/static/forever/images/product/a692394a02c59777ccd20ebdd73f2542.256p.jpg,Wireless,Black / Pink,Both,Laser,Both,0
Microsoft 900,39.99,Laser,Wireless,Black,Both,Laser,Both,0
MSI INTERCEPTOR DS200,,Laser,Wired,Black / Red,16400,Laser,Right,0
ROCCAT Kova,,https://cdna.pcpartpicker.com/static/forever/images/product/dee3d7730ad667c3e65d13dc968caacf.256p.jpg,Wired,White,7000,Optical,Right,5
Ninox Aurora,,https://cdna.pcpartpicker.com/static/forever/images/product/75e63149927fd66c6593b8dd9fef1bdb.256p.jpg,Wired,Black / Red,4000,Optical,Right,0
Razer Orochi 8200 Chroma,,Laser,Wireless,Black,8200,Laser,Both,4
Cooler Master Xornet II,,Optical,Wired,Black,3320,Optical,Right,4.5
A4Tech ML160,,Laser,Wired,Black,8200,Laser,Right,0
Adesso iMouse E2,,Optical,Wired,Black,3200,Optical,Right,0
Adesso iMouse E20,,Laser,Wireless,Black,3200,Laser,Right,0
Adesso iMouse E40,,Optical,Wireless,Black,1000,Optical,Right,0
Gear Head MP1975BLK,,Optical,Wireless,Black,Right,Optical,Right,0
Gear Head MP1975BLU,,Optical,Wireless,Blue,Both,Optical,Both,0
Gear Head MP1975RED,,Optical,Wireless,Red,Both,Optical,Both,0
Gear Head MP2100NBL,,Optical,Wireless,Blue,Both,Optical,Both,0
Gear Head MP2100NGR,,Optical,Wireless,Green,Both,Optical,Both,0
Gear Head MP2100NOR,,Optical,Wireless,Orange,Both,Optical,Both,0
Gear Head MP2100NPR,,Optical,Wireless,Purple,Both,Optical,Both,0
HP X1500,,https://cdna.pcpartpicker.com/static/forever/images/product/2add52f6577e910f42ea0b6d7aca6348.256p.jpg,Wired,Black,Right,Optical,Right,0
Razer DeathAdder Chroma(Call of Duty: Black Ops III Edition),,Optical,Wired,Black / Silver,10000,Optical,Right,0
ROCCAT Kiro,,https://cdna.pcpartpicker.com/static/forever/images/product/8ce3aff005e11dad4813a36d6a15835a.256p.jpg,Wired,Black,4000,Optical,Both,4
Microsoft Arc Touch,,Laser,Bluetooth Wireless,Gray,Both,Laser,Both,0
Monoprice MP-AM,,Optical,Wired,Black / Red,2300,Optical,Both,0
Satechi Edge,,Optical,Wireless,Black,4000,Optical,Right,0
Cooler Master Sentinel III,119.99,Optical,Wired,Black,6400,Optical,Right,0
Logitech 910-001648,,Optical,Wired,Black,Both,Optical,Both,0
Logitech M525,,Optical,Wireless,Black / Red,Both,Optical,Both,0
Logitech 910-002897,,Laser,Wireless,Black,Right,Laser,Right,0
Logitech M325 Brilliant Rose,,Laser,Wireless,Black / Pink,Both,Laser,Both,0
Mad Catz R.A.T. PRO S,,Optical,Wired,Black / Green,5000,Optical,Right,3
Mad Catz R.A.T.1,,Optical,Wired,Green,3500,Optical,Both,0
Microsoft 4FD-00026,,Laser,Wired,Black,Right,Laser,Right,0
Microsoft L2 Sculpt Touch,,Laser,Bluetooth Wireless,Black / Silver,Both,Laser,Both,0
Microsoft Comfort Mouse 4500,,https://cdna.pcpartpicker.com/static/forever/images/product/ac74abb8a0b5e0d9af698282649daedc.256p.jpg,Wired,Black,Right,Laser,Right,0
Microsoft Mobile 3500,,Laser,Wireless,Black,Both,Laser,Both,0
Microsoft GMF-00045,,Laser,Wireless,Black,Both,Laser,Both,0
Microsoft U81-00010,,Optical,Wired,Black,Both,Optical,Both,0
Targus AMW50CA,,Optical,Wireless,Black / Silver,Both,Optical,Both,0
Monoprice 109287,,Laser,Wired,Black,Both,Laser,Both,0
SHARKK MS-SK2562,,https://cdna.pcpartpicker.com/static/forever/images/product/1773405b8e2d339d0c86d1fa17673c6d.256p.jpg,Wired,Black / Blue,16400,Laser,Right,0
Sentey GS-3521,,Laser,Wired,Black / Red,3400,Laser,Right,0
FinalMouse Tournament Pro 2016,,Optical,Wired,Black,Right,Optical,Right,0
Dell WM326,36.49,https://cdna.pcpartpicker.com/static/forever/images/product/b1b19121f168b09a0f1a4a41256d19f5.256p.jpg,Wireless,Black,1600,Laser,Both,0
Genius NX 7010,,Optical,Wireless,Gray,Both,Optical,Both,0
Genius Ammox X1 400,,Optical,Wired,Black / Red,3200,Optical,Both,0
Gigabyte XM300,,https://cdna.pcpartpicker.com/static/forever/images/product/95d72b55a08a4f5c648c7763d07d9718.256p.jpg,Wired,Black,6400,Optical,Right,4
SHARKK MS-SK2511,,Optical,Wireless,Black,1600,Optical,Right,0
SHARKK MS-SK2541,,https://cdna.pcpartpicker.com/static/forever/images/product/7794f51ddad91bd63d3cdba76917392a.256p.jpg,Wired,Black,16400,Laser,Right,0
SHARKK SK137G,,https://cdna.pcpartpicker.com/static/forever/images/product/463af24db7f6a1c7932a2c21c004161e.256p.jpg,Wireless,Black,1600,Optical,Right,0
SIIG JK-US0A12-S1,,Optical,Wired,Black,1000,Optical,Both,0
SIIG JK-US0B12-S1,,Optical,Wired,Black / Blue,1000,Optical,Both,0
SIIG JK-US0C12-S1,,Optical,Wired,Black / Red,1000,Optical,Both,0
SIIG JK-US0D12-S1,,Optical,Wired,White / Silver,1000,Optical,Both,0
SIIG JK-US0H12-S1,,Optical,Wired,Black,1000,Optical,Both,0
Toshiba PA3570U-1ETA,,https://cdna.pcpartpicker.com/static/forever/images/product/09978d8cfd4be765a3701f951b72cefc.256p.jpg,Wired,Black / Silver,1600,Laser,Both,0
Zalman ZM-M130CB,,Optical,Wired,Black / Blue,2400,Optical,Right,0
Zalman ZM-M130CWH,,https://cdna.pcpartpicker.com/static/forever/images/product/a37e0d5bb341eef3362169d5c704ac3b.256p.jpg,Wired,White,2400,Optical,Right,0
Zalman ZM-M520WBK,,Optical,Wireless,Black,16000,Optical,Right,0
Zalman ZM-M520WR,,Optical,Wireless,Red,16000,Optical,Both,0
Zalman ZM-M600R,,Optical,Wired,Black,4000,Optical,Both,0
Cobra CORBA JUNOR,,Optical,Wired,Black / Blue,1600,Optical,Right,0
Cobra Auroza type G,,https://cdna.pcpartpicker.com/static/forever/images/product/f682bdab979761c912f17ed737b79b5c.256p.jpg,Wired,Black,3000,Optical,Right,0
Lenovo ThinkPad X1,,Laser,Bluetooth Wireless,Black / Red,1000,Laser,Both,0
UtechSmart Uranus,,Laser,Wired,Black,16400,Laser,Right,0
Zowie EC1-A,,Optical,Wired,Black,3200,Optical,Right,0
Zowie EC2-A,,Optical,Wired,Black,3200,Optical,Right,4.5
Zowie ZA11,,Optical,Wired,Black,3200,Optical,Both,0
Zowie ZA13,,Optical,Wired,Black,3200,Optical,Both,4.5
MSI INTERCEPTOR DS300,,https://cdna.pcpartpicker.com/static/forever/images/product/c9f4c07f416d290715e6e4a95c82d11e.256p.jpg,Wired,Black,8200,Laser,Right,4.5
Sentey Lumenata Pro SP,,Laser,Wired,Black,8200,Laser,Right,5
Asus Cerberus Arctic,,https://cdna.pcpartpicker.com/static/forever/images/product/eb18e6d9d4916fdacbd1549874b97ca4.256p.jpg,Wired,White / Black,2500,Optical,Both,3
TeckNet Raptor Pro,,Optical,Wired,Black / Blue,4000,Optical,Right,5
Ducky Secret RGB,,https://cdna.pcpartpicker.com/static/forever/images/product/70a5e1f2b7b506d9dbcf2be954744f83.256p.jpg,Wired,Black,5000,Optical,Right,0
Thermaltake VENTUS Z,,Laser,Wired,Black,11000,Laser,Right,4
Cougar Revenger,,https://cdna.pcpartpicker.com/static/forever/images/product/6c059ca783d2438f65beb2a2ddb7bfee.256p.jpg,Wired,Black,12000,Optical,Right,0
Hcman 325US,,Laser,Wired,Black / Yellow,3000,Laser,Right,0
Hcman Donkey112,,Laser,Wired,Black / Yellow,2000,Laser,Right,0
NOX Krom Khanda,,Optical,Wired,Black / Orange,4000,Optical,Right,0
NOX Krom Korps,,Laser,Wired,Black / Orange,8200,Laser,Right,0
Speedlink DECUS,,Optical,Wired,Black / Red,5000,Optical,Right,0
Corsair M65 PRO RGB FPS (White),,Optical,Wired,White,12000,Optical,Right,4.5
Creative Labs Siege M04,,https://cdna.pcpartpicker.com/static/forever/images/product/fc74bfe025ff457faf78cea79230b121.256p.jpg,Wired,Black,12000,Optical,Right,0
RIOTORO URUZ Z5 Lightning RGB,,https://cdna.pcpartpicker.com/static/forever/images/product/2a867a38929b2dfa05f30f8dd2e1cef1.256p.jpg,Wired,Black,4000,Optical,Right,0
Cougar 450M (Black/Orange),,https://cdna.pcpartpicker.com/static/forever/images/product/ed2f7aa6c854391cd8e4bb5856334b6b.256p.jpg,Wired,Black / Orange,5000,Optical,Both,0
Dell Alienware AW558,,https://cdna.pcpartpicker.com/static/forever/images/product/6dd897061ab835c6e0fea37aa2a46ac5.256p.jpg,Wired,Black / Silver,5000,Optical,Right,0
Dell Alienware AW958,,Optical,Wired,Black / Silver,12000,Optical,Right,3
Asus ROG Pugio,,https://cdna.pcpartpicker.com/static/forever/images/product/07d62be8024e008696c64bbb0389e07e.256p.jpg,Wired,Black,7200,Optical,Both,4
HP X3500,,Optical,Wireless,Black / Gray,Both,Optical,Both,0
Logitech MX MASTER 2S (Blue),,Laser,Wireless,Blue,4000,Laser,Right,0
SteelSeries Sensei 310,,https://cdna.pcpartpicker.com/static/forever/images/product/34871aa0ac6fc75203c0deca876396f3.256p.jpg,Wired,Black,12000,Optical,Both,4.5
ROCCAT Kone EMP,,https://cdna.pcpartpicker.com/static/forever/images/product/1e981e01d8810ac1469e7088adbddd4c.256p.jpg,Wired,Black,12000,Optical,Right,5
GAMDIAS ZEUS P1 RGB,27.21,Optical,Wired,Black,12000,Optical,Right,0
Gigabyte AIRE M73,,Optical,Wireless,Black,1000,Optical,Right,0
Cougar 450M (Black/Green),,Optical,Wired,Black / Green,5000,Optical,Both,0
Cougar Minos X1,,https://cdna.pcpartpicker.com/static/forever/images/product/873a8474d2072e7e63bded838da2d0d5.256p.jpg,Wired,Black,2000,Optical,Right,0
Cougar Minos X2,,https://cdna.pcpartpicker.com/static/forever/images/product/5b1d4712587f784d8c9217350203da4e.256p.jpg,Wired,Black,3000,Optical,Right,4.5
Razer D.Va Abyssus Elite,69,Optical,Wired,Blue / Pink,7200,Optical,Both,0
Cooler Master MasterMouse MM520,,https://cdna.pcpartpicker.com/static/forever/images/product/11b764fc9370389a7a3e0c85d03ebb4a.256p.jpg,Wired,Black,12000,Optical,,0
Cooler Master MasterMouse MM530,,https://cdna.pcpartpicker.com/static/forever/images/product/b6003002831b1c39c4c8452cc23ef295.256p.jpg,Wired,Black,12000,Optical,Right,0
Anker AK-A7809012,,https://cdna.pcpartpicker.com/static/forever/images/product/1ae33521e347d07a7886c4a28c314c31.256p.jpg,Wireless,Black,1600,Optical,Right,0
GranVela 325,,Optical,Wired,Black / Yellow,3000,Optical,Right,0
Razer Atheris,,https://cdna.pcpartpicker.com/static/forever/images/product/d3aaf0072a8df8d1eaf8af4391027b8a.256p.jpg,Wireless,Black,7200,Optical,Right,3
ACGAM G402,,Optical,Wired,Black,10000,Optical,Right,0
Zelotes T90,,https://cdna.pcpartpicker.com/static/forever/images/product/0e3fec70595bcb0db9f0eb93e75af925.256p.jpg,Wired,Black / Red,9200,Optical,Right,5
Redragon INQUISITOR M716,,Optical,Wired,10000,10000,Optical,Right,0
Microsoft ELH-00001,68.15,https://cdna.pcpartpicker.com/static/forever/images/product/619e3428f1590a06cced193d0bca3aac.256p.jpg,Bluetooth Wireless,Gray,Both,Optical,Both,0
BenQ Zowie EC2-B,,Optical,Wired,Black,3200,Optical,Right,5
HP Pulsefire FPS,,https://cdna.pcpartpicker.com/static/forever/images/product/92f110a514068fa463ad062041883b1b.256p.jpg,Wired,Black / Red,3200,Optical,Right,5
Tracer GAMEZONE SNIPER AVAGO,,Laser,Wired,Black,6000,Laser,Right,0
HIRALIY HR-F300,,Optical,Wired,Black,5000,Optical,Right,5
Rosewill ION D21,,https://cdna.pcpartpicker.com/static/forever/images/product/c26568a86e058e937a3d1c7048d21ad1.256p.jpg,Wired,White,4000,Optical,Right,4.5
Trust GXT 25,,Optical,Wired,Black / Red,1600,Optical,Right,0
Razer Mamba Hyperflux &amp; Firefly Hyperflux Bundle,,https://cdna.pcpartpicker.com/static/forever/images/product/8010b20d174d76bf9453e777aaa4a795.256p.jpg,Wireless,Black,16000,Optical,Right,5
Tecware Torque RGB,,https://cdna.pcpartpicker.com/static/forever/images/product/396ca19dcde86ca766ef0c2307820fee.256p.jpg,Wired,Black,5000,Optical,Right,0
Kensington K72359WW,84.99,https://cdna.pcpartpicker.com/static/forever/images/product/e0ef309e8e79fb924095958a753260c9.256p.jpg,Wireless,Black / Red,Both,Optical,Both,0
Asus TUF Gaming M5,,https://cdna.pcpartpicker.com/static/forever/images/product/6f8d8dcca18d045503d728c36b1fb606.256p.jpg,Wired,Silver,6200,Optical,Right,4.5
Cooler Master MM830,,https://cdna.pcpartpicker.com/static/forever/images/product/b84c50f631faf838b160f5cd9d760a1b.256p.jpg,Wired,Black,24000,Optical,Right,4
Adesso iMouse X2,30.53,Optical,Wired,Black,3200,Optical,Right,0
Adesso iMouse S60B,29.62,https://cdna.pcpartpicker.com/static/forever/images/product/4601075e638832ddbc1f6b6cde2298cb.256p.jpg,Wireless,Black / Silver,1600,Optical,Right,0
Adesso iMouse S60L,29.62,https://cdna.pcpartpicker.com/static/forever/images/product/6633a87b879ad9083462ecbc5f9aa7f3.256p.jpg,Wireless,Blue / Black,1600,Optical,Right,0
Adesso iMouse S8B,20.88,https://cdna.pcpartpicker.com/static/forever/images/product/5b86a9195dca45c4b5421ad6827fa68a.256p.jpg,Wired,Black,1600,Optical,Both,0
Adesso iMouse S8L,19.72,https://cdna.pcpartpicker.com/static/forever/images/product/ee503a85725440c2e8e6d0f21ad1d994.256p.jpg,Wired,Blue / Black,1600,Optical,Both,0
Cougar 700M EVO RGB,,https://cdna.pcpartpicker.com/static/forever/images/product/016a5ae4ff07429d7471eea835892840.256p.jpg,Wired,Black,16000,Optical,Right,5
Zowie EC1-B,,https://cdna.pcpartpicker.com/static/forever/images/product/b86a024a349634cb156ff40134d3a2ea.256p.jpg,Wired,Black / Red,3200,Optical,Right,0
Razer Atheris Stormtrooper,,Optical,Wireless,White / Black,7200,Optical,Right,0
Razer Deathadder Elite Destiny 2 Edition,,https://cdna.pcpartpicker.com/static/forever/images/product/a1d0d2682107473a09cd4a443334eaa8.256p.jpg,Wired,Black / White,16000,Optical,Right,5
Razer Deathadder Elite Overwatch Edition,,https://cdna.pcpartpicker.com/static/forever/images/product/0901ac25c772d64a8a25080fc0a9aaff.256p.jpg,Wired,Black / Orange,16000,Optical,Right,0
Zowie S1,,https://cdna.pcpartpicker.com/static/forever/images/product/2a09e63fb75a901a5981667479218c66.256p.jpg,Wired,Black,3200,Optical,Right,0
Logitech G703,,https://cdna.pcpartpicker.com/static/forever/images/product/8efdab6ad74365231f17ed25e9b154d0.256p.jpg,Wireless,Black,12000,Optical,Right,0
Mionix AVIOR-7000,,https://cdna.pcpartpicker.com/static/forever/images/product/ea2d75c9e5800eede30c67289292efcd.256p.jpg,Wired,Black,7000,Optical,Both,0
IOGEAR Kaliber Gaming FOKUS II Pro,54.94,https://cdna.pcpartpicker.com/static/forever/images/product/593a3a9d7dd57ff0cf8bca1582157364.256p.jpg,Wired,Black / Green,12000,Optical,Both,0
Mionix Castor Shark Fin,,https://cdna.pcpartpicker.com/static/forever/images/product/8f1eab9421fc3e4f8a21e6d6d949918a.256p.jpg,Wired,Gray,5000,Optical,Right,0
Mionix Castor Black,,https://cdna.pcpartpicker.com/static/forever/images/product/3a57f15d573802dd0dc2aa9094fdaa76.256p.jpg,Wired,Black,5000,Optical,Right,0
Mionix Castor Frosting,,https://cdna.pcpartpicker.com/static/forever/images/product/13712e62b722ab5834bcd47be717d5df.256p.jpg,Wired,Pink,5000,Optical,Right,0
Cougar 700M EVO,,https://cdna.pcpartpicker.com/static/forever/images/product/6d78d4db810679c29ac9f5026d3ef6d2.256p.jpg,Wired,Black,16000,Optical,Right,0
Mad Catz The Authentic R.A.T PRO S3,,https://cdna.pcpartpicker.com/static/forever/images/product/95ff163bac9298265200dd770f322b22.256p.jpg,Wired,Black,7200,Optical,Right,0
Mad Catz The Authentic R.A.T 6+,79.98,Optical,Wired,Black,12000,Optical,Right,4
Mionix Avior Shark Fin,34.79,https://cdna.pcpartpicker.com/static/forever/images/product/38ef49ec5d1c26196cf07aba4edf17be.256p.jpg,Wired,Gray,5000,Optical,Both,0
Mionix Castor Ice Cream,,https://cdna.pcpartpicker.com/static/forever/images/product/4dbdc558c1d602b2db5e539598d7fcad.256p.jpg,Wired,Blue,5000,Optical,Right,0
Mionix Avior Ice Cream,,https://cdna.pcpartpicker.com/static/forever/images/product/c83989d0b84c7bbddc1a329bdee10821.256p.jpg,Wired,Blue,5000,Optical,Both,0
Mad Catz The Authentic R.A.T. 1+,84,https://cdna.pcpartpicker.com/static/forever/images/product/a410dc6809f669054f20ee134131a56b.256p.jpg,Wired,Black,2000,Optical,Both,0
Mad Catz The Authentic R.A.T. 2+,,https://cdna.pcpartpicker.com/static/forever/images/product/1789456361671d7f91e823b339e5b9fb.256p.jpg,Wired,Black,5000,Optical,Both,0
Zowie EC1-B CS:GO,,https://cdna.pcpartpicker.com/static/forever/images/product/cddd64870f886eb758da2a6ceedbd5e9.256p.jpg,Wired,Black / Gold,3200,Optical,Right,0
IOGEAR Kaliber Gaming KORONA RGB,39.94,Optical,Wired,Black,5000,Optical,Right,0
Cougar MINOS XT,40.56,https://cdna.pcpartpicker.com/static/forever/images/product/f51854d4c2b852f9b1fd075bdd045274.256p.jpg,Wired,Black,4000,Optical,Right,0
MSI CLUTCH GM10,,https://cdna.pcpartpicker.com/static/forever/images/product/3c6e00eec2c66fbbe927e729b85fccda.256p.jpg,Wired,Black / Red,2400,Optical,Right,0
SteelSeries Rival 310 PUBG Edition,,https://cdna.pcpartpicker.com/static/forever/images/product/4fa2ef58954ec6dc7485ae144e800bc9.256p.jpg,Wired,Black / Blue,12000,Optical,Right,0
Logitech M325c Blu Trance,,https://cdna.pcpartpicker.com/static/forever/images/product/56c1b61d288d65365a9021371e064995.256p.jpg,Wireless,Blue / Black,1000,Optical,Both,0
Logitech M325c Lady Lily,,https://cdna.pcpartpicker.com/static/forever/images/product/9579813d4dd2c058f030e6816c0df751.256p.jpg,Wireless,White / Multicolor,1000,Optical,Both,0
Logitech M325c Floral Spiral,,https://cdna.pcpartpicker.com/static/forever/images/product/71dc390bc5a7b4048970148f301539ae.256p.jpg,Wireless,White / Pink,1000,Optical,Both,0
Logitech M185R,34.65,https://cdna.pcpartpicker.com/static/forever/images/product/9fbdcc0532b1e2ad28a7595a57aaf664.256p.jpg,Wireless,Red / Black,1000,Optical,Both,0
Logitech M325c Taboo,,https://cdna.pcpartpicker.com/static/forever/images/product/4264ee1c172381ffefd59443b5c5451a.256p.jpg,Wireless,Black / Red,1000,Optical,Both,0
Logitech M325c Natural Jewelry,,https://cdna.pcpartpicker.com/static/forever/images/product/d5978403917423f450f99d5da43a08f5.256p.jpg,Wireless,Purple / Multicolor,1000,Optical,Both,0
Logitech M325c Triple Scoop Ice Cream Cone,14.99,https://cdna.pcpartpicker.com/static/forever/images/product/ce3348bbbfa87f67b6cf9c1e27e487ee.256p.jpg,Wireless,Red / White,1000,Optical,Both,0
Logitech M325c Skate Burger,,https://cdna.pcpartpicker.com/static/forever/images/product/756cce9ac47bfbb1ba080fb89ec1e663.256p.jpg,Wireless,Blue / White,1000,Optical,Both,0
Logitech M325c Bae-Bee-Blue,18.98,https://cdna.pcpartpicker.com/static/forever/images/product/62ba26975588523628a99c5a712b075f.256p.jpg,Wireless,Blue / White,1000,Optical,Both,0
Logitech M325c Dark Fleur,,https://cdna.pcpartpicker.com/static/forever/images/product/44ae55690b1265b3a36ae835188a2eac.256p.jpg,Wireless,White / Black,1000,Optical,Both,0
Logitech M317C Blue Trance,,https://cdna.pcpartpicker.com/static/forever/images/product/b148b1cef147278bbc112adf63043cfd.256p.jpg,Wireless,Blue / Black,1000,Optical,Both,0
Logitech M317c Dark Fleur,,https://cdna.pcpartpicker.com/static/forever/images/product/6461ed584ecd36778b428c08364f70e1.256p.jpg,Wireless,White / Black,1000,Optical,Both,0
Patriot Viper 550,,https://cdna.pcpartpicker.com/static/forever/images/product/70ee21f1b8dfa93e08bc6a0eac2b0865.256p.jpg,Wired,Black,10000,Optical,Both,0
Logitech M325c Forest Floral,19.99,https://cdna.pcpartpicker.com/static/forever/images/product/2f71ea640eeea12c78b06f3789f6811b.256p.jpg,Wireless,Blue / Black,1000,Optical,Both,0
Logitech M325c Himalayan Fern,15.99,https://cdna.pcpartpicker.com/static/forever/images/product/50477d82a57ae3d1814e11399cabe282.256p.jpg,Wireless,Silver / Black,1000,Optical,Both,0
Logitech M325c Urban Grey,19.99,https://cdna.pcpartpicker.com/static/forever/images/product/b42123d80a464e4dfa0a688d00158f8a.256p.jpg,Wireless,Gray / White,1000,Optical,Both,0
Logitech M325c Blue Camo,19.99,https://cdna.pcpartpicker.com/static/forever/images/product/eb26c04606102537d01ee34629c44c10.256p.jpg,Wireless,Blue / Black,1000,Optical,Both,0
Logitech M325c Urban Sunset,19.99,https://cdna.pcpartpicker.com/static/forever/images/product/c7ab40c1d7680e2d7ffc1f876944e1d6.256p.jpg,Wireless,Orange / Red,1000,Optical,Both,0
Acer AMR513,,https://cdna.pcpartpicker.com/static/forever/images/product/5b951feda55fc42779437aa0a1cb6d1c.256p.jpg,Wireless,Red / Black,1000,Optical,Both,0
Adesso IMOUSE X3,,https://cdna.pcpartpicker.com/static/forever/images/product/845b796ea93dcebff3c3b9cc693eb205.256p.jpg,Wired,Black / Gold,6400,Optical,Right,0
Adesso iMouse E55,,https://cdna.pcpartpicker.com/static/forever/images/product/e20a6e6826b9d0b8b967f48862605250.256p.jpg,Wireless,Black,1000,Optical,Right,0
Adesso iMouse E70,42,https://cdna.pcpartpicker.com/static/forever/images/product/9d00c6f1f0cfa0bc59bb907c113199a8.256p.jpg,Wireless,Black,4800,Optical,Left,0
Adesso iMouse E9,,https://cdna.pcpartpicker.com/static/forever/images/product/dcd6c38d6a5b21c1575e9637de197690.256p.jpg,Wireless,Black,2400,Optical,Left,0
Adesso iMouse E90,52.35,https://cdna.pcpartpicker.com/static/forever/images/product/935b629ac3f9ace2580c855e99b5930e.256p.jpg,Wireless,Black,1600,Optical,Left,0
Adesso iMouse G2,36.89,https://cdna.pcpartpicker.com/static/forever/images/product/3ebea4c9d1adbd8a4be14e80a779f0ba.256p.jpg,Wired,Black,2400,Optical,Right,0
Adesso iMouse S200B,37.93,https://cdna.pcpartpicker.com/static/forever/images/product/81c33f31786225cacd3207f4f15993bb.256p.jpg,Wireless,Black,2000,Optical,Right,0
Adesso iMouse S5,12.99,https://cdna.pcpartpicker.com/static/forever/images/product/f284be899b7e60708e55e01eff0e1704.256p.jpg,Wired,Black,1000,Optical,Both,0
Adesso iMouse S70G,23.36,https://cdna.pcpartpicker.com/static/forever/images/product/afed803241ba7cc15d6aeeb83bf6de7f.256p.jpg,Wireless,Green / Black,1000,Optical,Both,0
Adesso iMouse S70L,24.7,https://cdna.pcpartpicker.com/static/forever/images/product/6f4d11ede6ac20545706e28d40ab02cf.256p.jpg,Wireless,Blue,1000,Optical,Both,0
Adesso iMouse M20R,26.53,https://cdna.pcpartpicker.com/static/forever/images/product/0502ba58c1b04e40b18cc33541827654.256p.jpg,Wireless,Red / Black,1600,Optical,Right,0
Adesso iMouse S8R,24.75,https://cdna.pcpartpicker.com/static/forever/images/product/88f9e1d97e8e89ee8b861f5e902f641a.256p.jpg,Wired,Red / Black,1600,Optical,Both,0
Adesso iMouse S100B,,https://cdna.pcpartpicker.com/static/forever/images/product/e6bd4f6267c1829adcf914f4a71b13fc.256p.jpg,Wireless,Black,1200,Optical,Both,0
Adesso iMouse M6,9.52,https://cdna.pcpartpicker.com/static/forever/images/product/148c363459b901410c30472b834165f1.256p.jpg,Wired,Black,1000,Optical,Both,0
Adesso iMouse S70P,72.19,https://cdna.pcpartpicker.com/static/forever/images/product/cf28f9f62507e18319dbb081d9d140be.256p.jpg,Wireless,Pink / Black,1000,Optical,Both,0
Adesso iMouse S50,24.74,https://cdna.pcpartpicker.com/static/forever/images/product/786e99f104ce65c0cfc1c63a1a338899.256p.jpg,Wireless,Black,1200,Optical,Both,0
Adesso iMouse M40,,https://cdna.pcpartpicker.com/static/forever/images/product/ed74d1dde8cf3fe8eeaccb0ce25efa7d.256p.jpg,Wireless,Black,1200,Optical,Both,0
Adesso iMouse S80L,22.26,https://cdna.pcpartpicker.com/static/forever/images/product/90fb360ae6ee1cbdca3734ebbc9990c0.256p.jpg,Wireless,Blue / Black,1600,Optical,Right,0
Adesso iMouse S80R,29.82,https://cdna.pcpartpicker.com/static/forever/images/product/a56ed4b7fe002072f20888bbed912c55.256p.jpg,Wireless,Red / Black,1600,Optical,Right,0
Acco Kensington K72422WW,35.7,https://cdna.pcpartpicker.com/static/forever/images/product/13694e56d3e6dca357ddec43c2a65f0d.256p.jpg,Wireless,Red / Black,1600,Optical,Right,0
Acco Kensington K72392US,,https://cdna.pcpartpicker.com/static/forever/images/product/566d1c88e6db5606fb340b0d6c14d356.256p.jpg,Wireless,Black,1000,Optical,Both,0
Acco Kensington K72337US,,https://cdna.pcpartpicker.com/static/forever/images/product/bb5451138622180a1171d6a398010720.256p.jpg,Wired,Black / Blue,Both,Optical,Both,0
Acco KENSINGTON K64327F,29.99,https://cdna.pcpartpicker.com/static/forever/images/product/c9547be57f30c443e9675386c3dd154c.256p.jpg,Wired,Silver / Black,Both,Optical,Both,0
ADATA XPG INFAREX M20,,https://cdna.pcpartpicker.com/static/forever/images/product/51382472196c26960f93dbb88abf5aa1.256p.jpg,Wired,Black,5000,Optical,Right,0
Fellowes Penguin Medium,116.38,https://cdna.pcpartpicker.com/static/forever/images/product/aa90dfb05f3be27f50a46786f02c7751.256p.jpg,Wireless,Black / Silver,1200,Laser,Both,0
Microsoft Surface Precision,,https://cdna.pcpartpicker.com/static/forever/images/product/25c525f03f5e72c741282bd2a6ff7022.256p.jpg,Bluetooth Wireless,Gray,Right,Optical,Right,0
Microsoft KTF-00001,59.88,https://cdna.pcpartpicker.com/static/forever/images/product/da7901bac1b086fa6d2f1270f85f0a2b.256p.jpg,Bluetooth Wireless,Black,Both,Optical,Both,0
Microsoft L2 Basic,,https://cdna.pcpartpicker.com/static/forever/images/product/30aac6f8451715d9bddd3da7eef748cd.256p.jpg,Wired,White / Gray,800,Optical,Both,0
Evoluent VMCRWG Vertical Mouse C,,https://cdna.pcpartpicker.com/static/forever/images/product/9dee9db98c19ed1a2e5960a406d894d9.256p.jpg,Wireless,Gold / Black,2600,Optical,Right,0
Fellowes Penguin Large,112.99,https://cdna.pcpartpicker.com/static/forever/images/product/34850c9b85615a9d7c3d78083e43328a.256p.jpg,Wireless,Black / Silver,1200,Laser,Both,0
Microsoft Precision,217.4,https://cdna.pcpartpicker.com/static/forever/images/product/879a10f6c3e2113742b2d1be9b0b8e04.256p.jpg,Bluetooth Wireless,Black / Silver,Right,Optical,Right,0
Evoluent VMCRW Vertical Mouse C,,https://cdna.pcpartpicker.com/static/forever/images/product/a9d1c0381619f4a88c96a6ff42f3ac1e.256p.jpg,Wireless,Black / Silver,Right,Laser,Right,0
Microsoft Sculpt Mobile,,https://cdna.pcpartpicker.com/static/forever/images/product/45b14dc38deb887c8cad1a22255ccd68.256p.jpg,Wireless,Black / Blue,Both,Laser,Both,0
Lenovo 0A34282,,https://cdna.pcpartpicker.com/static/forever/images/product/de4ef381874bc5b52acb0c71c45cfa5a.256p.jpg,Wireless,Black / Red,1600,Laser,Both,0
Lenovo 4Y50V81591,34.2,https://cdna.pcpartpicker.com/static/forever/images/product/9bc88959f14694904222c5d696a0a6fd.256p.jpg,Wireless,Silver / Black,2400,Optical,Right,0
Logitech M325c Urban Lagoon,19.99,https://cdna.pcpartpicker.com/static/forever/images/product/cafbf65ecb6906d9e966c4cb78d99b36.256p.jpg,Wireless,Blue / Black,1000,Optical,Both,0
Trust GXT 138 X-Ray,95.48,https://cdna.pcpartpicker.com/static/forever/images/product/296e0ece26bae937c0b1f470109471ba.256p.jpg,Wired,Black,4000,Optical,Right,0
SIIG JK-WR0912-S2,,Optical,Wireless,Red / Black,Right,Optical,Right,0
Rosewill RWM-001,39,https://cdna.pcpartpicker.com/static/forever/images/product/d655c35c24c559f8593453f667f37c2c.256p.jpg,Wireless,Black,1200,Optical,Both,0
Rosewill RWM-002,,https://cdna.pcpartpicker.com/static/forever/images/product/cdede3289458292cd89960a910d494e8.256p.jpg,Wireless,White / Black,1200,Optical,Both,0
Rosewill RWM-003,,https://cdna.pcpartpicker.com/static/forever/images/product/67b12727ef5321bdc8c7106f3b524c13.256p.jpg,Wireless,Gray / Black,1200,Optical,Both,0
Rosewill RWM-004,,https://cdna.pcpartpicker.com/static/forever/images/product/bd925eb2aa34a8c6232b2ffccab50db6.256p.jpg,Wireless,Blue / Black,1200,Optical,Both,0
SIIG JK-WR0B12-S2,,https://cdna.pcpartpicker.com/static/forever/images/product/5e40d31bb4a55b916c3c0c620ab27a70.256p.jpg,Wireless,Blue / Black,1000,Optical,Right,4
Rosewill ION D12,,https://cdna.pcpartpicker.com/static/forever/images/product/46758eb6b24c3827155edee072d786e3.256p.jpg,Wired,Black,4000,Optical,Right,4
Rosewill NEON M63,,https://cdna.pcpartpicker.com/static/forever/images/product/b1e8da95e4ae4aa320b170299fb9bb20.256p.jpg,Wired,Black / Red,10000,Optical,Right,0
SIIG JK-WR0M12-S1,,https://cdna.pcpartpicker.com/static/forever/images/product/0ccdb8c2268001599f7fc014e2606ba4.256p.jpg,Wireless,Black,1200,Optical,Both,0
Rosewill NEON M54,,https://cdna.pcpartpicker.com/static/forever/images/product/398e98da297e3eb07871d32b629f57eb.256p.jpg,Wired,Black,7200,Optical,Right,4
Trust GXT 148 Orna,,https://cdna.pcpartpicker.com/static/forever/images/product/638aa6f8a22f724500e3c81ffe16cee7.256p.jpg,Wired,Black / Red,3200,Optical,Both,0
Verbatim 98113 Go Mini Travel Commuter,8.99,https://cdna.pcpartpicker.com/static/forever/images/product/67ac2902a1884d2877fef97d70746901.256p.jpg,Wired,Purple,Both,Optical,Both,0
Verbatim 98113 Go Mini Travel,9.99,https://cdna.pcpartpicker.com/static/forever/images/product/f1f6a19d710b8ba7158cceef891d133d.256p.jpg,Wired,Silver / Black,Both,Optical,Both,0
Verbatim 99770 Silent Wireless Blue Led,9,https://cdna.pcpartpicker.com/static/forever/images/product/de58f58a4958ab39c68d96936f0f3517.256p.jpg,Wireless,Blue / Black,Both,Laser,Both,0
Targus W571,,https://cdna.pcpartpicker.com/static/forever/images/product/3b9563b44f5fd32dadfc07b27337db8f.256p.jpg,Wireless,Black,Right,Optical,Right,0
Targus W573,,https://cdna.pcpartpicker.com/static/forever/images/product/8232ad20297a8d1abe37ef37dd333cb8.256p.jpg,Wireless,Black,Both,Laser,Both,0
Targus W574,,https://cdna.pcpartpicker.com/static/forever/images/product/d4959785574d7c6845607fdf62f83a1f.256p.jpg,Wireless,Black,Right,Laser,Right,0
V7 MU200-1N,21.58,https://cdna.pcpartpicker.com/static/forever/images/product/8a867d3c486c8ff82a28a0777abbff93.256p.jpg,Wired,Black,1600,Optical,Both,2
V7 MW100-1N,16.68,https://cdna.pcpartpicker.com/static/forever/images/product/d818b7decae716c214972cf9171b24fb.256p.jpg,Wireless,Black,1600,Optical,Both,0
V7 MW600-1N,,https://cdna.pcpartpicker.com/static/forever/images/product/2cdd2720bbee238959022f2e6664f686.256p.jpg,Wireless,Black,1600,Optical,Right,0
Targus B580,,https://cdna.pcpartpicker.com/static/forever/images/product/3972c77feba77e393c7f0392fd5049c9.256p.jpg,Bluetooth Wireless,Black,Both,Optical,Both,0
Verbatim 98616 Go Mini Travel Commuter,8.99,https://cdna.pcpartpicker.com/static/forever/images/product/c748e9772c96c374259e4badb8a2a34a.256p.jpg,Wired,Blue,Both,Optical,Both,0
Verbatim 99769 Silent Wireless Blue Led,41.11,https://cdna.pcpartpicker.com/static/forever/images/product/9bb321ea60c69200a92874ecaf77a2f9.256p.jpg,Wireless,Black,Both,Optical,Both,0
Verbatim 99768 Commuter,,https://cdna.pcpartpicker.com/static/forever/images/product/dc9a9f2b26657f4ed6e65369f3ff6559.256p.jpg,Wireless,White,Both,Optical,Both,0
Verbatim 98619 Go Mini Travel Commuter,,https://cdna.pcpartpicker.com/static/forever/images/product/cbe12e095553f577d61d9c51563482d0.256p.jpg,Wired,Red,Both,Optical,Both,0
Verbatim 98618 Mini Travel Mouse Commuter,,https://cdna.pcpartpicker.com/static/forever/images/product/d9e81fff5ea9cfdce833272474d0a03a.256p.jpg,Wired,Pink,Both,Optical,Both,0
Targus W575,11.83,https://cdna.pcpartpicker.com/static/forever/images/product/1fe67ab912d7384a61fbe4613156cb3d.256p.jpg,Wireless,Black,1600,Optical,Both,0
HP OMEN Photon,66.06,https://cdna.pcpartpicker.com/static/forever/images/product/b331b5ea1a08711b262a1638633cf753.256p.jpg,Wireless,Black / Red,8200,Laser,Right,0
HP OMEN Reactor,,https://cdna.pcpartpicker.com/static/forever/images/product/982f7ec724c67a09adc4aaf35ca6b246.256p.jpg,Wired,Black / Red,16000,Optical,Right,0
HP OMEN 400,,https://cdna.pcpartpicker.com/static/forever/images/product/402b926bd808a30e3d971ee333299c92.256p.jpg,Wired,Black / Red,5000,Optical,Right,0
Adesso iMouse E3,,https://cdna.pcpartpicker.com/static/forever/images/product/676f77297d3fd118572721acac69b74f.256p.jpg,Wired,Black,6400,Optical,Right,0
Kensington K72421AMA,28.15,https://cdna.pcpartpicker.com/static/forever/images/product/432e1384e7cf168e8ac67a18ea02ecc8.256p.jpg,Wireless,Blue / Black,1600,Optical,Right,0
SIIG JK-WR0N12-S1,,https://cdna.pcpartpicker.com/static/forever/images/product/86bf4b3b023d30c9d61e0311bc68660a.256p.jpg,Wireless,Gray / Black,1200,Optical,Both,0
V7 MW500-1N,,https://cdna.pcpartpicker.com/static/forever/images/product/bf3e68381bdd9e896998fd8f22946f03.256p.jpg,Wireless,Black,1600,Optical,Right,0
Kensington K72339USA,28.99,https://cdna.pcpartpicker.com/static/forever/images/product/aaee2568c6f7acb28e05ae752d48d5c0.256p.jpg,Wired,Black,Both,Optical,Both,0
Key Ovation Newtral 3,,https://cdna.pcpartpicker.com/static/forever/images/product/13a148197b871e7b945fedd05a1442cf.256p.jpg,Wired,Black,3000,Optical,Right,0
SMK-Link VP3830-TAA,,https://cdna.pcpartpicker.com/static/forever/images/product/3051e368d115a25b1f977a4ac43e5d23.256p.jpg,Wired,Black,2400,Optical,Right,0
SMK-Link VP3831,,https://cdna.pcpartpicker.com/static/forever/images/product/e0c1287d0e5dff515af5ad1748f69ae6.256p.jpg,Wired,Black,2400,Optical,Right,0
Mad Catz The Authentic R.A.T. 8+,,https://cdna.pcpartpicker.com/static/forever/images/product/45569e1b83676cb6f635dd3965c9ec7a.256p.jpg,Wired,Silver / Black,1000,Optical,Right,0
Verbatim 70238,23.16,https://cdna.pcpartpicker.com/static/forever/images/product/834ce19c7661754d2053d82804048854.256p.jpg,Wired,Purple / Silver,Both,Optical,Both,0
Verbatim 70234,9.94,https://cdna.pcpartpicker.com/static/forever/images/product/ccc756925e2ab308046685addc709aff.256p.jpg,Wired,Red / Black,Both,Optical,Both,0
Microsoft RJG-00001,34.9,https://cdna.pcpartpicker.com/static/forever/images/product/cfc92e86723c43a783f0abe560ccd00b.256p.jpg,Wired,Black,Right,Optical,Right,0
Verbatim 99746,17.09,https://cdna.pcpartpicker.com/static/forever/images/product/654fc4ad2a61067f832b9083e58f5ab1.256p.jpg,Wireless,Purple / White,Right,Optical,Right,0
Cooler Master MM711 Glossy Black,,https://cdna.pcpartpicker.com/static/forever/images/product/25218ec8d2887f3b015159a2ca5aa9ec.256p.jpg,Wired,Black,16000,Optical,Right,0
Cooler Master MM710 Matte White,77.9,https://cdna.pcpartpicker.com/static/forever/images/product/0f6a1895ef8c31fd4378e4ffd68710d4.256p.jpg,Wired,White,16000,Optical,Right,3
Cooler Master MM710 Glossy White,55.02,https://cdna.pcpartpicker.com/static/forever/images/product/737abfd1c629a46b84cc92cd76251f13.256p.jpg,Wired,White,16000,Optical,Right,0
G-Wolves HT-M 3360 Ash,,Optical,Wired,Silver,12000,Optical,Right,0
G-Wolves HT-M 3360 Black,,Optical,Wired,Black,12000,Optical,Right,0
G-Wolves HT-M 3360 White,,Optical,Wired,White,12000,Optical,Right,0
G-Wolves HT-M 3360 White/Blue,,Optical,Wired,White / Blue,12000,Optical,Right,0
Cooler Master MM831,,https://cdna.pcpartpicker.com/static/forever/images/product/82fbdad1bdab3f45c80fbe8761249682.256p.jpg,Wireless,Black,32000,Optical,Right,0
HP Pulsefire Dart,,https://cdna.pcpartpicker.com/static/forever/images/product/55ae53182549a716adcb6613424b3513.256p.jpg,Wireless,Black,16000,Optical,Right,0
Verbatim 70239,17.98,https://cdna.pcpartpicker.com/static/forever/images/product/3079591af456350682e3383b6a8a775d.256p.jpg,Bluetooth Wireless,Blue / Black,1600,Optical,Both,0
Microsoft RJN-00013,33.95,https://cdna.pcpartpicker.com/static/forever/images/product/ff6e075e16c10228c357bb5152225411.256p.jpg,Bluetooth Wireless,Blue,Both,Optical,Both,0
Microsoft RJN-00037,31.97,https://cdna.pcpartpicker.com/static/forever/images/product/609ea1d46b59bb8f98b3bba802cfd3a0.256p.jpg,Bluetooth Wireless,Pink,Both,Optical,Both,0
Microsoft RJN-00025,,https://cdna.pcpartpicker.com/static/forever/images/product/752f5bab701a359abe597339c2746ccd.256p.jpg,Bluetooth Wireless,Green,Both,Optical,Both,0
Aula Enter Tainer,,https://cdna.pcpartpicker.com/static/forever/images/product/ab57fcaab9efbaffc38f5ad1466476f1.256p.jpg,Wired,Black,4000,Optical,Right,0
Verbatim 99747,,https://cdna.pcpartpicker.com/static/forever/images/product/b7288ba476101b931f82441462421015.256p.jpg,Wireless,Blue / Black,Both,Laser,Both,0
Evoluent VMDSW Vertical Mouse D Small,142.99,https://cdna.pcpartpicker.com/static/forever/images/product/ab46111c83a00d56a0a30ec5a283fb13.256p.jpg,Wireless,Black,1600,Laser,Right,0
Logitech M545,,Laser,Wireless,Black,1000,Laser,Right,0
Verbatim 70240,18.98,https://cdna.pcpartpicker.com/static/forever/images/product/3262f6f1ac5959691f0fc5d7214c4b8f.256p.jpg,Bluetooth Wireless,Red / Black,1600,Laser,Both,0
Dell Alienware Elite,,https://cdna.pcpartpicker.com/static/forever/images/product/3bbfbefb15375bd19ca916fdb044b8b1.256p.jpg,Wired,Silver / Black,12000,Optical,Right,0
Verbatim 70236,16.97,https://cdna.pcpartpicker.com/static/forever/images/product/a32af70db210ff87bd7777aff10471c8.256p.jpg,Wired,Red / Silver,Both,Optical,Both,0
Verbatim 70237,14.95,Optical,Wired,Blue / Silver,Both,Optical,Both,0
Verbatim 70246,19.57,https://cdna.pcpartpicker.com/static/forever/images/product/6de0809869d957e21b1d4e9622d3dc76.256p.jpg,Wireless,Red / Black,1600,Laser,Right,0
Acer Urban Factory Anti-stress Mouse,,https://cdna.pcpartpicker.com/static/forever/images/product/ebefb582c09fa07e29d51a6e96abb198.256p.jpg,Wired,Black / Silver,800,Optical,Both,0
Acer Urban Factory Crazy Mouse,,https://cdna.pcpartpicker.com/static/forever/images/product/699939252b8e04834822769677e57b56.256p.jpg,Wired,Blue / White,800,Optical,Both,0
HP 1JR32AA#ABA,,Optical,Wired,Black,1600,Optical,Both,0
HP 6SP30UT#ABA,,https://cdna.pcpartpicker.com/static/forever/images/product/4755dfc3fe125595745b2a852871f448.256p.jpg,Bluetooth Wireless,Black,Right,Optical,Right,0
SMK-Link Gyration Air Mouse Elite,,https://cdna.pcpartpicker.com/static/forever/images/product/3608aa803d26926be0ba9c900f04637f.256p.jpg,Wireless,Black / Silver,Both,Laser,Both,0
SMK-Link AIR Mouse GO Plus,,https://cdna.pcpartpicker.com/static/forever/images/product/60062cf77d26be7fce3fdd976265d40f.256p.jpg,Wireless,Black / Silver,Both,Laser,Both,0
Evoluent VMDL,99.92,https://cdna.pcpartpicker.com/static/forever/images/product/5f562a9ed41291543346171c4c9c6b9d.256p.jpg,Wired,Black / Silver,Right,Laser,Right,0
Adesso iMouse M6-TAA,83,https://cdna.pcpartpicker.com/static/forever/images/product/424cfef363fe00202eabd9356f43c491.256p.jpg,Wired,Black,1000,Optical,Both,0
ROCCAT Kain 100 Aimo RGB,,https://cdna.pcpartpicker.com/static/forever/images/product/524f3a73dcef218b9598dcd3f7afc53d.256p.jpg,Wired,Black,8500,Optical,Right,4.5
ABKONCORE A900,,Optical,Wired,Black / Silver,16000,Optical,Right,0
Biostar Racing AM3,,Optical,Wired,Black / Blue,5000,Optical,Right,0
Zelotes C-18,,Optical,Wired,Black,10000,Optical,Right,0
Thermaltake Level 20 RGB,79.98,https://cdna.pcpartpicker.com/static/forever/images/product/a611023d78d80fd546524548ac9facd5.256p.jpg,Wired,Black,16000,Optical,Both,0
Cooler Master MM720 Matte,,https://cdna.pcpartpicker.com/static/forever/images/product/50cd6218c9deb8e8912c7cc143687c74.256p.jpg,Wired,Black,16000,Optical,Right,0
Rosewill Neon M62,,https://cdna.pcpartpicker.com/static/forever/images/product/ac7bf44c403ab6ef05ef225f2a1fc468.256p.jpg,Wired,Black,10000,Optical,Right,0
Cooler Master MM711 Wilderness Limited Edition,28.95,https://cdna.pcpartpicker.com/static/forever/images/product/c53aa2424c1c2b785e63c400c8934ab9.256p.jpg,Wired,Green,16000,Optical,Right,0
Cooler Master MM711 Blue Steel,26.99,https://cdna.pcpartpicker.com/static/forever/images/product/4b89ff076b977dd7a00217af3beed869.256p.jpg,Wired,Blue,16000,Optical,Right,0
Xtreme Gaming DS-2535,,Laser,Wired,Black,16400,Laser,Right,0
SPC Gear LIX,,https://cdna.pcpartpicker.com/static/forever/images/product/21235a8867d36cdc5c1764145cc4f6e3.256p.jpg,Wired,Black,8000,Optical,Right,0
Venatos Swapper Pro,,Optical,Wired,Black,16000,Optical,Right,0
SteelSeries Rival 300 CS:GO Fade Edition,,Optical,Wired,Purple / Yellow,6500,Optical,Right,0
Tempest X5S Strider RGB,,https://cdna.pcpartpicker.com/static/forever/images/product/6714368fe85ae42ee6c4898ef7382e9b.256p.jpg,Wired,Black,4800,Optical,Right,0
Tempest MS-300 RGB Soldier,,https://cdna.pcpartpicker.com/static/forever/images/product/bfb62e22c476eab62f42f4599250c3eb.256p.jpg,Wired,Black,4000,Optical,Right,0
Tempest MS-200 Ninja,,https://cdna.pcpartpicker.com/static/forever/images/product/219c2cc70cd567362bcf952cc0063a46.256p.jpg,Wired,Black,2400,Optical,Right,0
ROCCAT Burst Core,27.94,Optical,Wired,Black,8500,Optical,Right,0
GAMDIAS ZEUS E1,,Optical,Wired,Black,3200,Optical,Right,0
GAMDIAS ZEUS E1A,,Optical,Wired,Black,4200,Optical,Right,0
GAMDIAS ZEUS E3,,Optical,Wired,Black,3600,Optical,Right,0
GAMDIAS ZEUS M1,,Optical,Wired,Black,7000,Optical,Right,0
GAMDIAS ZEUS M2,,Optical,Wired,Black,10800,Optical,Right,0
GAMDIAS ZEUS M3,,Optical,Wired,Black,7200,Optical,Right,0
GAMDIAS ZEUS M4,,Optical,Wired,Black,12800,Optical,Right,0
GAMDIAS ZEUS P1,,Optical,Wired,Black,12000,Optical,Right,0
GAMDIAS ZEUS P2,,Optical,Wired,Black,16000,Optical,Right,0
HP OMEN Vector Essential,,https://cdna.pcpartpicker.com/static/forever/images/product/cf909107b689acac768110a229660b45.256p.jpg,Wired,Black,7200,Optical,Right,0
Mad Catz R.A.T. 2+,,Optical,Wired,Black,5000,Optical,Both,0
Monoprice Dark Matter Hyper-K,,https://cdna.pcpartpicker.com/static/forever/images/product/3e19c012cbdb1eae5197c39d1334c2bc.256p.jpg,Wired,Black,16000,Optical,Right,0
Monoprice Dark Matter Super-K,,https://cdna.pcpartpicker.com/static/forever/images/product/b8b218cd890878582f6e39397623ff0a.256p.jpg,Wired,Black,18000,Optical,Right,0
Monoprice Dark Matter Aether,,https://cdna.pcpartpicker.com/static/forever/images/product/d8b4eb2a30bd44dff60c2d41ae7c2930.256p.jpg,Wired,Black,16000,Optical,Right,0
3M Ergonomic EM500GPL,,https://cdna.pcpartpicker.com/static/forever/images/product/a533303f8ff5e53b5b16ac42576dfe6f.256p.jpg,Wired,,Right,Optical,Right,0
Gigabyte AORUS M4,,https://cdna.pcpartpicker.com/static/forever/images/product/b7187eebd4691b8937077b69c7221619.256p.jpg,Wired,Black,6400,Optical,Both,0
HP HyperX Pulsefire Dart,,Optical,Wireless,Black,16000,Optical,Right,0
Asus TUF GAMING x Demon Slayer L.E. Tanjiro Kamado,42.4,Optical,Wired,Black / Green,7000,Optical,Right,5
Razer DeathAdder V2 - Halo Infinite,,https://cdna.pcpartpicker.com/static/forever/images/product/adf8113af43a614b618da5270993f0ff.256p.jpg,Wired,Green / Black,20000,Optical,Right,0
SteelSeries PRIME: BLACK ICE EDITION,,Optical,Wired,Translucent Gray / Green,18000,Optical,Right,0
ninjutso Katana Superlight,,Optical,Wired, Wireless,Black / White,19000,Optical,Right,0
ninjutso Katana,,Optical,Wired,Black,16000,Optical,Right,0
ninjutso Origin One X,29.99,Optical,Wired, Wireless,Black / White,3200,Optical,Right,0
Razer Mamba Gears of War 5,88,Optical,Wired, Wireless,Gray / Black,16000,Optical,Right,0
A4Tech A4-MS0034,,Optical,Wired,Black,3200,Optical,Right,0
Logitech ‎MX Master 3 for Mac,,https://cdna.pcpartpicker.com/static/forever/images/product/1da35a86d1abb75e8f078b559fcf38e3.256p.jpg,"Wireless, Bluetooth Wireless",Black / Gray,4000,Optical,Right,0
Zowie ZA13-B,,Optical,Wired,Black,3200,Optical,Right,0
Zowie ZA13-C,,https://cdna.pcpartpicker.com/static/forever/images/product/e532255748b99b10555cde0e1308915d.256p.jpg,Wired,Black,3200,Optical,Right,0
Endgame Gear XM2w,,https://cdna.pcpartpicker.com/static/forever/images/product/a57c9b736d720de954db961be0287cb5.256p.jpg,"Wired, Wireless",Black,26000,Optical,Right,0
MSI CLUTCH GM31,30,Optical,Wired, Wireless,Black,12000,Optical,Right,0
ADATA XPG SLINGSHOT,41.25,https://cdna.pcpartpicker.com/static/forever/images/product/41cb6b47048a62e2746a4157a187bfcb.256p.jpg,Wired,Black,12000,Optical,Right,0
ADATA XPG SLINGSHOT Mera,,Optical,Wired,Orange / Black,12000,Optical,Right,0
UtechSmart VenusPro,,Optical,Wired, Wireless, Bluetooth Wireless,Black,16000,Optical,Right,0
Macally DYNAMOUSE,24.24,Optical,Wired,Black,1600,Optical,Both,0
Deepcool MG350,,https://cdna.pcpartpicker.com/static/forever/images/product/15811489216c63308f115cc1853e1cb5.256p.jpg,Wired,Black / Cyan,16000,Optical,Right,0
Logitech POP Heartbreaker,24.99,https://cdna.pcpartpicker.com/static/forever/images/product/ffc3143f93c407c4193410ef02ccd895.256p.jpg,Wireless, Bluetooth Wireless,Pink / Red,4000,Optical,Both,0
Keychron M3 4K,,https://cdna.pcpartpicker.com/static/forever/images/product/6408ac3a98692cfdc318f9570016d486.256p.jpg,"Wired, Wireless, Bluetooth Wireless",Black,26000,Optical,Right,0
Deepcool MC310,,https://cdna.pcpartpicker.com/static/forever/images/product/5d023b2031c576317b04f64c96f3720f.256p.jpg,Wired,Black,12800,Optical,Right,0
Deepcool MG510,,https://cdna.pcpartpicker.com/static/forever/images/product/9932ba27a35ea1bc10e39d5179955ef1.256p.jpg,"Wired, Wireless",Black,19000,Optical,Right,0
Asus ROG Strix Impact II Electro Punk,,https://cdna.pcpartpicker.com/static/forever/images/product/997c5f478ec71a9b02d11da3eba3f1d7.256p.jpg,Wired,Black,6200,Optical,Right,0
Asus ROG Strix Carry,95.78,https://cdna.pcpartpicker.com/static/forever/images/product/251d9f98adb757e4d00c550a6a850c02.256p.jpg,Wired, Wireless, Bluetooth Wireless,Black,7200,Optical,Right,0
Acer Predator Cestus 335 PMW120,,https://cdna.pcpartpicker.com/static/forever/images/product/5a420e7667d51a1b0cd1a1436c5f0a3c.256p.jpg,Wired,Black,19000,Optical,Right,0
Adesso iMouse X5,33.31,Optical,Wired,Black,6400,Optical,Right,0
Adesso iMouse A10,27.24,https://cdna.pcpartpicker.com/static/forever/images/product/2febf46b689863c0d7e79713d6ec09b1.256p.jpg,Wired, Wireless,Silver / Black,1600,Optical,Both,0
Adesso iMouse E3-TAA,,Optical,Wired, Wireless,Black,2400,Optical,Right,0
Adesso iMouse E7-TAA,,https://cdna.pcpartpicker.com/static/forever/images/product/25e4a5cb48bc1c21589c0863d1e7f550.256p.jpg,Wired,Black,2400,Optical,Right,0
AZIO RM-RCM-L-02,93.05,Optical,Wired, Wireless, Bluetooth Wireless,White / Pink,3000,Optical,Both,0
AZIO RM-RCM-L-03,140.21,Optical,Wired, Wireless, Bluetooth Wireless,Black / Pink,3000,Optical,Both,0
AZIO RM-RCM-L-04,,Optical,Wired, Wireless, Bluetooth Wireless,Black / Silver,3000,Optical,Both,0
AZIO RM-RCM-L-06,83.05,Optical,Wired, Wireless, Bluetooth Wireless,White / Silver,3000,Optical,Both,0
Verbatim Retractable,,https://cdna.pcpartpicker.com/static/forever/images/product/4907144a4a4dfdb6fe9f1ebd446fa415.256p.jpg,Wired,Blue / Gray,1000,Optical,Both,0
Verbatim 70706,12.99,https://cdna.pcpartpicker.com/static/forever/images/product/d6c9f914d17e7abc3c8f5446f3536b6b.256p.jpg,Wireless,Red / Black,1000,Optical,Both,0
Verbatim 70705,15.99,https://cdna.pcpartpicker.com/static/forever/images/product/ba70b067af85383a9d7023f6e992c0e6.256p.jpg,Wireless,Blue / Black,1000,Optical,Both,0
Verbatim 70704,12.99,https://cdna.pcpartpicker.com/static/forever/images/product/5893331809ddfb121301ce9f0ff3ab0b.256p.jpg,Wireless,Black,1000,Optical,Both,0
Verbatim 70750,25,https://cdna.pcpartpicker.com/static/forever/images/product/dff5cb8546b20168884e69ae00598f37.256p.jpg,Wireless, Bluetooth Wireless,Black,Both,Optical,Both,0
V7 MW150BT,,https://cdna.pcpartpicker.com/static/forever/images/product/414c11dbdcf2f89372a429a017bf4310.256p.jpg,Bluetooth Wireless,Black,1000,Optical,Both,0
V7 MW650,,Trackball,Wireless,Black / Red,1200,Trackball,Right,0
V7 MW300,,https://cdna.pcpartpicker.com/static/forever/images/product/65b9a932939adc8e08035097d316578e.256p.jpg,Wireless,Black,1600,Optical,Right,0
V7 MU300,,https://cdna.pcpartpicker.com/static/forever/images/product/7ab52c3200a5aa6a227e77828f872504.256p.jpg,Wired,Black,1600,Optical,Right,0
Thermaltake MOTLNWDOTBK01,,Optical,Wired,Black / Red,3200,Optical,Right,0
Dell MS5320W,33.49,https://cdna.pcpartpicker.com/static/forever/images/product/8ee9004c7d767ddc6141ecda564a85b7.256p.jpg,"Wired, Wireless, Bluetooth Wireless",Gray,4000,Optical,Right,0
Dell MS7421W,58.99,https://cdna.pcpartpicker.com/static/forever/images/product/9c288b6c329d5901d699231a601be62b.256p.jpg,Wired, Wireless, Bluetooth Wireless,Silver,4000,Optical,Right,0
HP 935 Creator,,https://cdna.pcpartpicker.com/static/forever/images/product/7934719cb56ca74f532cea938aea4de9.256p.jpg,"Wired, Wireless, Bluetooth Wireless",Black,3000,Optical,Right,0
HP 930 Creator,,https://cdna.pcpartpicker.com/static/forever/images/product/a022e652432a6d7b24b066af50d27e17.256p.jpg,"Wired, Wireless, Bluetooth Wireless",Silver,4000,Optical,Right,0
HP 435,,https://cdna.pcpartpicker.com/static/forever/images/product/3bab39e04615dbb2a7e9034f03a4dbfd.256p.jpg,"Wired, Wireless, Bluetooth Wireless",Black,4000,Optical,Right,0
HP 410 Slim,48.99,https://cdna.pcpartpicker.com/static/forever/images/product/7819ad9b95b86d5996f9f607140908e4.256p.jpg,Bluetooth Wireless,Black / Silver,1600,Optical,Both,0
HP 710,49.99,https://cdna.pcpartpicker.com/static/forever/images/product/7c92e7c2cbbad86b86c83675dd236af1.256p.jpg,Wired, Wireless, Bluetooth Wireless,Black,3000,Optical,Right,0
HP 285 Silent,,Optical,Wired, Wireless,Black,1200,Optical,Both,0
HP 425,65.28,https://cdna.pcpartpicker.com/static/forever/images/product/f297fc537deacbeeb764255284c66d80.256p.jpg,Bluetooth Wireless,Black,4000,Optical,Right,0
HP Z3Q64AA,28.57,https://cdna.pcpartpicker.com/static/forever/images/product/22e2ca2524f5d3d04f9f4fee811d231d.256p.jpg,Wired,Black,1600,Optical,Both,0
Kensington SimpleSolutions,24.15,Optical,Wired,Black,1600,Optical,Both,0
Targus AMU81AMUSZ,,https://cdna.pcpartpicker.com/static/forever/images/product/ba6a686532984cec3bcd0e1af64fada3.256p.jpg,Wired,Black,1000,Optical,Both,0
Kensington Orbit Fusion,,https://cdna.pcpartpicker.com/static/forever/images/product/a982541ef7587366b379278384c77298.256p.jpg,"Wired, Wireless",Black / Red,1500,Laser,Right,0
Swiftpoint ErgoPoint,,Optical,Wireless,Black / Blue,Right,Optical,Right,0
Kensington K76800WW,287.52,Optical,Wired,Black,1000,Optical,Both,0
Kensington K76801WW,420.35,Optical,Wired, Wireless,Black,1000,Optical,Both,0
Logitech M317 Bamboo Dream,,Optical,Wired, Wireless,White / Gold,1000,Optical,Both,0
Logitech M317 Summer Breeze,22.99,Optical,Wired, Wireless,Blue / Green,1000,Optical,Both,0
Logitech M317 Chirpy Bird,16.98,https://cdna.pcpartpicker.com/static/forever/images/product/7432829d6c03d7a75ee646845bacf9b5.256p.jpg,Wired,Pink / Green,1000,Optical,Both,0
Logitech M317C,19.99,https://cdna.pcpartpicker.com/static/forever/images/product/4d1315bbb2cc2c7f6a0921a67c881b48.256p.jpg,Wired, Wireless,Blue / Black,Both,Optical,Both,0
Logitech M317 Golden Garden,,Optical,Wired, Wireless,Green / Gold,Both,Optical,Both,0
Logitech 910-002893,19.98,https://cdna.pcpartpicker.com/static/forever/images/product/7d14025e197a3917500ff33ad3d6f2d6.256p.jpg,Wired, Wireless,Red,1000,Optical,Both,0
Logitech G Pro League of Legends,74.19,https://cdna.pcpartpicker.com/static/forever/images/product/fbb87b62e78a9228a8b4fb96f11c5f4f.256p.jpg,Wired, Wireless,Black / Gold,25600,Optical,Both,0
Logitech 910005869,44.99,https://cdna.pcpartpicker.com/static/forever/images/product/73c635fcd2349f1deceab903044dd85b.256p.jpg,Wired, Wireless, Bluetooth Wireless,Black,2000,Optical,Right,0
Samsung EJ-M3400DBEGUS,,https://cdna.pcpartpicker.com/static/forever/images/product/4fe8344148d7456f039f43b25b46de06.256p.jpg,Bluetooth Wireless,Black,,Laser,,0
Sabrent MS-WRCH,9.99,Optical,Wireless,Black,1600,Optical,Right,0
ROCCAT Kain 100 AIMO,,Optical,Wired,White / Black,8500,Optical,Right,0
Mad Catz M.O.J.O. M1,146.87,https://cdna.pcpartpicker.com/static/forever/images/product/d5d57b12fd3df92c21b9dfeb9e432f4b.256p.jpg,Wired,Black,12000,Optical,Right,0
Mad Catz R.A.T. Air,343.69,https://cdna.pcpartpicker.com/static/forever/images/product/6cbc0080fc72f841fd616bf6fec8fd1e.256p.jpg,Wired, Wireless,Black,12000,Optical,Right,0
Microsoft 22200001,,https://cdna.pcpartpicker.com/static/forever/images/product/3ca60f1ee8e2cfd7ca9d5ba551a41fd0.256p.jpg,"Wired, Wireless, Bluetooth Wireless",Black,2400,Optical,Right,0
Microsoft 22200049,69.5,https://cdna.pcpartpicker.com/static/forever/images/product/20fc997106e726f1f25f5aab92c9df9b.256p.jpg,Wired, Wireless, Bluetooth Wireless,Blue,2400,Optical,Right,0
Microsoft 8KX-00001,,https://cdna.pcpartpicker.com/static/forever/images/product/716dd890ab5692d5b4d962fc8f710f49.256p.jpg,"Wired, Wireless, Bluetooth Wireless",White / Gray,1000,Optical,Both,0
Microsoft 8KX-00002,,Optical,Wired, Wireless, Bluetooth Wireless,Blue,1000,Optical,Both,0
Microsoft Ocean Plastic,,Optical,Wired, Wireless, Bluetooth Wireless,White / Teal,1000,Optical,Both,0
Microsoft KGY-00064,36.98,Optical,Bluetooth Wireless,Pink,1800,Optical,Both,0
Microsoft KGZ00041,,https://cdna.pcpartpicker.com/static/forever/images/product/972ce650a9d0b6a2243b8a9f9c6a9b9a.256p.jpg,Bluetooth Wireless,Blue,1800,Optical,Both,0
Microsoft KGZ00051,,Optical,Bluetooth Wireless,Red,1800,Optical,Both,0
Microsoft Modern Mobile,59.75,https://cdna.pcpartpicker.com/static/forever/images/product/fa9ca1569620e9404ba9ab6ed071c590.256p.jpg,Wired, Wireless, Bluetooth Wireless,White,2000,Optical,Both,0
Mionix Castor Pro,55.74,https://cdna.pcpartpicker.com/static/forever/images/product/6018bd5045e33e5efd5bafde54184258.256p.jpg,Wired,Black,19000,Optical,Right,0
Mionix NAOS QG,,Optical,Wired,Black,12000,Optical,Right,0
MSI Glutch GM41 Lightweight,,Optical,Wired,Black,16000,Optical,Right,5
YEYIAN Links 3000,,https://cdna.pcpartpicker.com/static/forever/images/product/43c231b5b5b7577198781173b09efab1.256p.jpg,Wired,Black,7200,Optical,Right,0
YEYIAN Gram 2000,,Optical,Wired,White,1000,Optical,Right,0
YEYIAN Sabre 1000,15.99,https://cdna.pcpartpicker.com/static/forever/images/product/b2640942f37505568d47e7ea11e2b8dc.256p.jpg,Wired,Black,3200,Optical,Right,0
YEYIAN Claymore 2000,,Optical,Wired,Black,12000,Optical,Right,0
YEYIAN Claymore 2001,,https://cdna.pcpartpicker.com/static/forever/images/product/75e34ed7f76e53514f639c5e527eb279.256p.jpg,Wired,Black,12000,Optical,Right,0
YEYIAN Sabre 1002,15.99,https://cdna.pcpartpicker.com/static/forever/images/product/995c6b08a83db0dee279eb00c5b7c5d8.256p.jpg,Wired,Black,3200,Optical,Right,0
YEYIAN Sabre 1001,15.99,https://cdna.pcpartpicker.com/static/forever/images/product/c2c056389880dfe9980f8a4178680820.256p.jpg,Wired,Black,3200,Optical,Right,0
YEYIAN Shift,,https://cdna.pcpartpicker.com/static/forever/images/product/bbf89c833e2a1f43a89e189e1bb032d0.256p.jpg,"Wired, Wireless, Bluetooth Wireless",Black,26000,Optical,Right,0
Cougar DUALBLADER,,Optical,Wired,Black,16000,Optical,Both,0
Redragon GAINER M610,,https://cdna.pcpartpicker.com/static/forever/images/product/74e2688b3f2e0e7abb61653436fbcb6b.256p.jpg,Wired,Black / Red,3200,Optical,Right,0
GALAX HOF Ace M2,,https://cdna.pcpartpicker.com/static/forever/images/product/0ae8b42ab71dde56c487a3f929bf8924.256p.jpg,"Wired, Wireless",Black,38000,Optical,Right,0
Logitech 910-005284,,https://cdna.pcpartpicker.com/static/forever/images/product/10ee4073a545901e45d1baa7d7564e9d.256p.jpg,"Wired, Wireless",Black,12000,Optical,Right,0
MCHOSE A5 Pro,,Optical,Wired, Wireless,White,26000,Optical,Right,0
MCHOSE A5 Pro Max,,Optical,Wired, Wireless, Bluetooth Wireless,White,26000,Optical,Right,0
MCHOSE AX5,,Optical,Wired, Wireless, Bluetooth Wireless,Black,26000,Optical,Right,0
MCHOSE AX5 Pro,,Optical,Wired, Wireless, Bluetooth Wireless,Black,26000,Optical,Right,0
MCHOSE L7,,Optical,Wired, Wireless, Bluetooth Wireless,White,26000,Optical,Right,0
MCHOSE M7,,Optical,Wired, Wireless, Bluetooth Wireless,White,26000,Optical,Right,0
MCHOSE M7 Pro,,Optical,Wired, Wireless, Bluetooth Wireless,White,26000,Optical,Right,0
Keychron M2 4k,54.99,https://cdna.pcpartpicker.com/static/forever/images/product/082e02d6b852d72abc10b313f6e0b834.256p.jpg,"Wired, Wired, Wireless, Bluetooth Wireless",Black,26000,Optical,Right,0
SteelSeries Kana Blade & Soul Limited Edition,,Optical,Wired,3200,Both,Black / Orange,,
Razer Mamba Hyperflux & Firefly Hyperflux Bundle,,Optical,Wireless,16000,Right,Black,,