name,price,image,type,wattage,efficiency,modular,color,rating
MSI MAG A750GL PCIE5,79.98,https://cdna.pcpartpicker.com/static/forever/images/product/d8f4d13ba49891eb3929bdddc3d87b4b.256p.jpg,ATX,750 W,80+ Gold,Full,Black,4.5
MSI MAG A850GL PCIE5,88,https://cdna.pcpartpicker.com/static/forever/images/product/79be60ce3783b8918a1c0940d3e4ff19.256p.jpg,ATX,850 W,80+ Gold,Full,Black,4.5
MSI MAG A650BN,36.95,https://cdna.pcpartpicker.com/static/forever/images/product/3148f884b77b2d7abee3a3e0ad72cf73.256p.jpg,ATX,650 W,80+ Bronze,No,Black,4.5
Corsair SF1000 (2024),160,https://cdna.pcpartpicker.com/static/forever/images/product/0dd4e1eecc238b78a3b4abfa14af9d50.256p.jpg,SFX,1000 W,80+ Platinum,Full,Black,4.5
Corsair RM850e (2025),89.99,https://cdna.pcpartpicker.com/static/forever/images/product/3fa3c80c1defc487364f6bdaf2670b1e.256p.jpg,ATX,850 W,Full,Full,Black,4.5
Montech CENTURY II,99.98,https://cdna.pcpartpicker.com/static/forever/images/product/c04beca6c6820e5b4fe612ab1850b8cd.256p.jpg,ATX,1050 W,80+ Gold,Full,Black,4.5
Corsair RM750e (2025),89.9,https://cdna.pcpartpicker.com/static/forever/images/product/8307e191cd38a81dc5dcf709432e21e0.256p.jpg,ATX,750 W,Full,Full,Black,4.5
MSI MAG A650GL,69.99,https://cdna.pcpartpicker.com/static/forever/images/product/9fd701005a49816e85072d6ed79c2951.256p.jpg,ATX,650 W,80+ Gold,Full,Black,4.5
Corsair RM1000x (2024),129.9,https://cdna.pcpartpicker.com/static/forever/images/product/8bc2cb01b2a5875aa983b4cc5be68221.256p.jpg,ATX,1000 W,Full,Full,Black,4.5
MSI MAG A550BN,37.99,ATX,ATX,550 W,80+ Bronze,No,Black,4.5
Corsair SF750 (2024),113.99,https://cdna.pcpartpicker.com/static/forever/images/product/e297517330e5a91ec38e95b9377df1a0.256p.jpg,SFX,750 W,80+ Platinum,Full,Black,4.5
Asus ROG THOR 1600T Gaming,Out of stock£596.26Add,https://cdna.pcpartpicker.com/static/forever/images/product/b22fb9713e4ad5dd4245dbec30740766.256p.jpg,ATX,1600 W,80+ Titanium,Full,Silver / Black,4
Corsair SF850 (2024),144.99,https://cdna.pcpartpicker.com/static/forever/images/product/016556184725a9604ae50e789f12b12c.256p.jpg,SFX,850 W,80+ Platinum,Full,Black,4.5
Asus ROG STRIX 1200P Gaming,179.94,https://cdna.pcpartpicker.com/static/forever/images/product/3fb2d887e5a452db696692c8205dd369.256p.jpg,ATX,1200 W,80+ Platinum,Full,Black / Silver,4.5
Corsair RM850x (2024),106.5,https://cdna.pcpartpicker.com/static/forever/images/product/1e3308cded9a7c92a8dba6b2be976bcc.256p.jpg,ATX,850 W,Full,Full,Black,4.5
be quiet! Pure Power 13 M,149.99,https://cdna.pcpartpicker.com/static/forever/images/product/de4fe25ca903d393df5e80d25f6c4d9f.256p.jpg,ATX,1200 W,80+ Gold,Full,Black,0
Thermaltake Smart,89.84,https://cdna.pcpartpicker.com/static/forever/images/product/4bd3b198fbff9c55cc45e640e9ce8ed0.256p.jpg,ATX,700 W,80+,No,,3.5
Super Flower Leadex Titanium,Add,https://cdna.pcpartpicker.com/static/forever/images/product/eb8ffbb1853ff66c267e3fd4047cb34f.256p.jpg,ATX,1600 W,80+ Titanium,Full,Black,5
Corsair CX750M (2021),£101.97Add,https://cdna.pcpartpicker.com/static/forever/images/product/e3f5e5e966e562c1ec685b17ed83bccb.256p.jpg,ATX,750 W,80+ Bronze,Semi,Black,4.5
Lian Li EDGE GOLD,157.07,https://cdna.pcpartpicker.com/static/forever/images/product/6cd392c0ddcb76b70bdf0b6ed14e34ca.256p.jpg,ATX,1000 W,80+ Gold,Full,White,4.5
Corsair RM1000e (2025),120.9,https://cdna.pcpartpicker.com/static/forever/images/product/e1a0bb0ca24bc0c2d95fea57a8c2019d.256p.jpg,ATX,1000 W,Full,Full,Black,4
ASRock Challenger CL-750G,Add,https://cdna.pcpartpicker.com/static/forever/images/product/c3f4e6f17f3c57992c4cfc1813e07d0e.256p.jpg,ATX,750 W,80+ Gold,No,Black,5
Corsair RM650e (2025),70.98,ATX,ATX,650 W,Full,Full,Black,5
Cooler Master V850 SFX GOLD,Out of stock£139.99Add,https://cdna.pcpartpicker.com/static/forever/images/product/bd2577c6ecabce9f78526a09410351e0.256p.jpg,SFX,850 W,80+ Gold,Full,Black,4.5
MSI MAG A1000GL PCIE5,151.19,https://cdna.pcpartpicker.com/static/forever/images/product/d341970c610a68f6188dd0c370743769.256p.jpg,ATX,1000 W,80+ Gold,Full,Black,4.5
ASRock PRO-650G,Add,https://cdna.pcpartpicker.com/static/forever/images/product/d7333adad35614791a16a3fbb8876bac.256p.jpg,ATX,650 W,80+ Gold,No,Black,4
MSI MAG A750GLS PCIE5,114.87,https://cdna.pcpartpicker.com/static/forever/images/product/18c6426484ba0967bb4e67430862e226.256p.jpg,ATX,750 W,80+ Gold,Full,Black,3.5
Corsair HX1500i (2025),234.28,ATX,ATX,1500 W,80+ Platinum,Full,Black,4.5
MSI MPG A850GS PCIE5,99.99,https://cdna.pcpartpicker.com/static/forever/images/product/e30f8fbb357a16391b3a15586b9aaec4.256p.jpg,ATX,850 W,80+ Gold,Full,Black,4.5
Lian Li SP V2,176.82,https://cdna.pcpartpicker.com/static/forever/images/product/289be926fe6659a4d589961cb045af02.256p.jpg,SFX,850 W,80+ Gold,Full,White,0
SeaSonic PRIME TX-1600 Noctua Edition,654,ATX,ATX,1600 W,80+ Titanium,Full,Brown / Black,5
Corsair CX (2023),48.9,https://cdna.pcpartpicker.com/static/forever/images/product/c058ff0ffb542302d5b1c75cf8658ecd.256p.jpg,ATX,650 W,80+ Bronze,No,Black,4.5
Asus ROG STRIX 1000P GAMING,169.99,https://cdna.pcpartpicker.com/static/forever/images/product/00740342f05d6f0c6cb281dae99939b7.256p.jpg,ATX,1000 W,80+ Platinum,Full,White,5
MSI MPG A850G PCIE5,89.99,https://cdna.pcpartpicker.com/static/forever/images/product/5bff625e69da1c7069c73f477b42ca41.256p.jpg,ATX,850 W,80+ Gold,Full,Black,4.5
be quiet! Power Zone 2,141.71,https://cdna.pcpartpicker.com/static/forever/images/product/838e53fd8b582b17bbac83fab611f118.256p.jpg,ATX,1000 W,80+ Platinum,Full,Black,5
SAMA GT,Add,https://cdna.pcpartpicker.com/static/forever/images/product/e81737b03f15f9d68443d480d0e4e2ff.256p.jpg,ATX,650 W,80+ Gold,Full,Black,4
Apevia CAPTAIN,Add,ATX,ATX,550 W,false,No,Black,0
ASRock PRO-750G,Add,https://cdna.pcpartpicker.com/static/forever/images/product/92cde86bd2c8f3dda107e2543b58e9d0.256p.jpg,ATX,750 W,80+ Gold,No,Black,5
Corsair RM850x (2021),Out of stock£184.15Add,https://cdna.pcpartpicker.com/static/forever/images/product/4f19c6453ce4ebe67091e6d9735f3a19.256p.jpg,ATX,850 W,80+ Gold,Full,Black,4.5
be quiet! SFX L Power,£99.93Add,https://cdna.pcpartpicker.com/static/forever/images/product/933b1005478f139d7caf504efce06dad.256p.jpg,SFX,600 W,80+ Gold,Full,Black,5
Asus TUF Gaming 1000G,119.99,https://cdna.pcpartpicker.com/static/forever/images/product/06eac4dd425e5a1d1e70735068c47072.256p.jpg,ATX,1000 W,80+ Gold,Full,Black,5
Thermaltake Toughpower GT,98.17,https://cdna.pcpartpicker.com/static/forever/images/product/35f7ab309f09ad2adf51a3971ec77948.256p.jpg,ATX,850 W,80+ Gold,Full,Black,5
Corsair HX1200i (2025),223.39,ATX,ATX,1200 W,80+ Platinum,Full,Black,4
Asus TUF Gaming 850G,109.94,https://cdna.pcpartpicker.com/static/forever/images/product/4f699d87a43e3c59ea964a1bf230301c.256p.jpg,ATX,850 W,80+ Gold,Full,Black,4.5
MSI MEG Ai1600T PCIE5,549.95,https://cdna.pcpartpicker.com/static/forever/images/product/a11eb27dffbe9026f93a731822e5356b.256p.jpg,ATX,1600 W,80+ Titanium,Full,Black / Gold,4.5
Rosewill VNW550,Add,https://cdna.pcpartpicker.com/static/forever/images/product/b5f3b2abc354b90be282279d9f17fb0b.256p.jpg,ATX,550 W,80+,No,Black,0
be quiet! Dark Power 13,273.1,https://cdna.pcpartpicker.com/static/forever/images/product/7fa3368565fa6e4e0196112cf171e1b5.256p.jpg,ATX,1000 W,80+ Titanium,Full,Black,4.5
Lian Li SX1200P,144.46,https://cdna.pcpartpicker.com/static/forever/images/product/9980aeba3b2688cef27bdbdf8d7dfc8a.256p.jpg,ATX,1200 W,80+ Platinum,Full,White,0
Corsair RM750e (2023),Out of stock£109.99Add,https://cdna.pcpartpicker.com/static/forever/images/product/336c7955df0312d04655dd3a13973c95.256p.jpg,ATX,750 W,80+ Gold,Full,Black,4.5
Asus ROG LOKI,129.38,https://cdna.pcpartpicker.com/static/forever/images/product/0e997c3c3c311e827733420a531bf5c9.256p.jpg,SFX,750 W,80+ Platinum,Full,Black / Silver,4.5
Corsair RM750x (2024),92.15,https://cdna.pcpartpicker.com/static/forever/images/product/e78e01bbb56c5608fe37fc45d2fcb2b5.256p.jpg,ATX,750 W,Full,Full,Black,4.5
Rosewill VSB,Add,https://cdna.pcpartpicker.com/static/forever/images/product/e12bec22ce3376a2356f504366ad1d8b.256p.jpg,ATX,650 W,80+ Bronze,Semi,Black,3.5
ASRock Steel Legend SL-850G,112.96,https://cdna.pcpartpicker.com/static/forever/images/product/32248606cf6d469a056d08373860c535.256p.jpg,ATX,850 W,80+ Gold,Full,Black,5
ASRock Steel Legend SL-650G,Add,https://cdna.pcpartpicker.com/static/forever/images/product/0b039fd42540b5c79cd7ffa16c6cc62d.256p.jpg,ATX,650 W,80+ Gold,Full,Black,5
ASRock PRO-850G,Add,https://cdna.pcpartpicker.com/static/forever/images/product/0e51258356f39bb394a673566948bcac.256p.jpg,ATX,850 W,80+ Gold,No,Black,0
SeaSonic Focus GX V4 ATX 3 (2024),129.11,https://cdna.pcpartpicker.com/static/forever/images/product/5595266ca881fcc6e5296037a601f47d.256p.jpg,ATX,850 W,80+ Gold,Full,Black,5
MSI MAG A750BN PCIE5,59.99,https://cdna.pcpartpicker.com/static/forever/images/product/0e6a8954c4ddd51ffeaac409a3b2f9f7.256p.jpg,ATX,750 W,80+ Bronze,No,Black,4
Silverstone FX500-G,131.99,https://cdna.pcpartpicker.com/static/forever/images/product/6be712b0f14773f8e9761339bff9987a.256p.jpg,Flex ATX,500 W,80+ Gold,No,Black,4
Asus ROG THOR T3 GAMING,599.95,https://cdna.pcpartpicker.com/static/forever/images/product/e80b8c30491ecacce783d79550aebdb9.256p.jpg,ATX,1600 W,80+ Titanium,Full,Black,0
Cooler Master MWE Gold V3,73.99,https://cdna.pcpartpicker.com/static/forever/images/product/8f84152d773d8c3eaf4fbc13c1b9066e.256p.jpg,ATX,750 W,80+ Gold,No,Black,0
Asus ROG Strix,169.96,https://cdna.pcpartpicker.com/static/forever/images/product/68d59d4cd47252cb8074986bac2f0cb8.256p.jpg,ATX,1000 W,80+ Platinum,Full,Black,5
NZXT C850 Core,89.99,,ATX,850 W,80+ Gold,Full,Black,5
be quiet! Dark Power 14,199.99,https://cdna.pcpartpicker.com/static/forever/images/product/9692c03fcb71660f815bb8dc783228d6.256p.jpg,ATX,1200 W,80+ Titanium,Full,Black,0
Thermaltake Toughpower GX2,97.96,https://cdna.pcpartpicker.com/static/forever/images/product/56f77032e78c9af99041786b5196fe91.256p.jpg,ATX,600 W,80+ Gold,No,Black,4
Gigabyte UD750GM PG5 V2,84.99,https://cdna.pcpartpicker.com/static/forever/images/product/14e81eb15877d5ab721ba0d022fcaf45.256p.jpg,ATX,750 W,80+ Gold,Full,White,0
Rosewill VMG,Add,https://cdna.pcpartpicker.com/static/forever/images/product/13c3f469b64531efeed4d2b114e8a021.256p.jpg,ATX,750 W,80+ Gold,Full,Black,5
Lian Li SP1000P,159.95,https://cdna.pcpartpicker.com/static/forever/images/product/9aae2f1751c54bf1615dea0e733e47d8.256p.jpg,SFX,1000 W,80+ Platinum,Full,Black,5
Corsair CX650M (2021),£351.44Add,https://cdna.pcpartpicker.com/static/forever/images/product/cd1c62429bd8d83e6d8dc273f0cc179c.256p.jpg,ATX,650 W,80+ Bronze,Semi,Black,4.5
Corsair RM1000x SHIFT,179.99,https://cdna.pcpartpicker.com/static/forever/images/product/38942a1637e7445c59b8a274492115a5.256p.jpg,ATX,1000 W,80+ Gold,Full / Side,Black,4.5
Silverstone Extreme 500 Bronze,126.22,https://cdna.pcpartpicker.com/static/forever/images/product/c6a047e41887e5fd4831a6c91d4e9184.256p.jpg,SFX,500 W,80+ Bronze,No,Black / White,4
Gigabyte P650SS,43.94,https://cdna.pcpartpicker.com/static/forever/images/product/c61c8871a6236f6ea0269a852ff3434b.256p.jpg,ATX,650 W,80+ Silver,No,Black,4.5
Asus Prime AP-750G,93.24,https://cdna.pcpartpicker.com/static/forever/images/product/72b335278eb86295c6d48f3b1794efa5.256p.jpg,ATX,750 W,80+ Gold,Full,White / Black,4.5
Rosewill VNW750,Add,https://cdna.pcpartpicker.com/static/forever/images/product/1df16cdf25dcad25bd9406afc194b973.256p.jpg,ATX,750 W,80+,No,Black,0
Corsair RM850e (2023),105,https://cdna.pcpartpicker.com/static/forever/images/product/74e6caafd69bcc53d6e5060a3249248d.256p.jpg,ATX,850 W,80+ Gold,Full,Black,4.5
Segotep GN,Add,ATX,ATX,650 W,80+ Gold,No,Black,5
Apevia Prestige,Add,ATX,ATX,600 W,80+ Gold,No,White,5
be quiet! Dark Power Pro 13,302.99,https://cdna.pcpartpicker.com/static/forever/images/product/e0a34fbe10acaf519ea2ed36a8e7fc2e.256p.jpg,ATX,1600 W,80+ Titanium,Full,Black,4
Corsair RM750x (2021),Out of stock£134.99Add,https://cdna.pcpartpicker.com/static/forever/images/product/1b188238912bad1b60bbfef7d8912470.256p.jpg,ATX,750 W,80+ Gold,Full,Black,4.5
Gigabyte P850GM,70.94,https://cdna.pcpartpicker.com/static/forever/images/product/ce830eee6e61a9eba3055a7645673a74.256p.jpg,ATX,850 W,80+ Gold,Full,Black,4
Cooler Master MWE Gold 750 V3,£136.68Add,https://cdna.pcpartpicker.com/static/forever/images/product/8a9ee7ac5f05c46c327249997f43188a.256p.jpg,ATX,750 W,80+ Gold,Full,Black,5
Corsair RM1200e,221.9,https://cdna.pcpartpicker.com/static/forever/images/product/1b7d8f1242e5d43e03fe1f262f522b94.256p.jpg,ATX,1200 W,80+ Gold,Full,Black,4.5
Corsair RM1000x (2021),£199.00Add,https://cdna.pcpartpicker.com/static/forever/images/product/2e9c1e7ffca723f2acf802efc7f4e331.256p.jpg,ATX,1000 W,80+ Gold,Full,Black,4.5
Rosewill VNW650,44.36,https://cdna.pcpartpicker.com/static/forever/images/product/8ab0bdc0b94665b534b14bffa3f18c9a.256p.jpg,ATX,650 W,80+,No,Black,0
SeaSonic CORE GX ATX 3 (2024),115,https://cdna.pcpartpicker.com/static/forever/images/product/2a8c5efeb85017829c46d8fe18d71ca6.256p.jpg,ATX,850 W,80+ Gold,Full,Black,5
be quiet! Pure Power 12,70,https://cdna.pcpartpicker.com/static/forever/images/product/40ab38c15b2b0ac6e8a6e597368c7f57.256p.jpg,ATX,650 W,80+ Gold,No,Black,4
Corsair RM1200x SHIFT,202.12,https://cdna.pcpartpicker.com/static/forever/images/product/6719e9fc9ce80bbf6c163bef40cb6e0b.256p.jpg,ATX,1200 W,80+ Gold,Full / Side,Black,5
Lian Li SX1000P,130.99,https://cdna.pcpartpicker.com/static/forever/images/product/b38a87de6686941a08ff333678f55fdd.256p.jpg,ATX,1000 W,80+ Platinum,Full,Black,5
MSI MAG A650BE,Add,https://cdna.pcpartpicker.com/static/forever/images/product/43cf50ab21a6abfc6b7535674a8a35a9.256p.jpg,ATX,650 W,80+ Bronze,Semi,Black,4.5
Gigabyte GP-P650G PG5,52.94,https://cdna.pcpartpicker.com/static/forever/images/product/2ef75f4f27392e26e5f2720216d42da2.256p.jpg,ATX,650 W,80+ Gold,No,Black,0
Corsair RM850x SHIFT,119.06,https://cdna.pcpartpicker.com/static/forever/images/product/7882f867747759b989aa762208c899ed.256p.jpg,ATX,850 W,80+ Gold,Full / Side,Black,4.5
Raidmax Cobra,Add,https://cdna.pcpartpicker.com/static/forever/images/product/a6cd2bdf6a3d43184879513d592c0c7e.256p.jpg,ATX,600 W,80+ Gold,Semi,,0
NZXT C1000 Core,119.99,,ATX,1000 W,80+ Gold,Full,Black,5
SeaSonic PRIME TX-1600 ATX 3.1,433.99,https://cdna.pcpartpicker.com/static/forever/images/product/d7a128263fc27f3eecbca4d1be407352.256p.jpg,ATX,1600 W,80+ Titanium,Full,Black / Silver,4.5
EVGA SuperNOVA 750 G2,Add,https://cdna.pcpartpicker.com/static/forever/images/product/21e633667a4b2e622acfd79b635c44db.256p.jpg,ATX,750 W,80+ Gold,Full,,4.5
Asus TUF Gaming 750G,101.99,https://cdna.pcpartpicker.com/static/forever/images/product/45c889b358290996d7737156b64146c0.256p.jpg,ATX,750 W,80+ Gold,Full,Black,4.5
Silverstone SFX,181.79,https://cdna.pcpartpicker.com/static/forever/images/product/25aa74d682bfbb478cc7089f30086e4b.256p.jpg,SFX,500 W,80+ Gold,Full,Black,4
Vetroo CP-PSU-VT-850W-SFX (WT),Add,,SFX,850 W,80+ Gold,Full,White,5
Corsair HX1000i (2023),204.98,https://cdna.pcpartpicker.com/static/forever/images/product/c6c707c9177df677d1b642efe8a9fb2d.256p.jpg,ATX,1000 W,80+ Platinum,Full,Black,4.5
Gigabyte P450B,Out of stock£52.00Add,ATX,ATX,450 W,80+ Bronze,No,Black,4
SeaSonic PRIME TX-1300 ATX 3.1,383.99,https://cdna.pcpartpicker.com/static/forever/images/product/b7800614df1d052cc7450cbdbf682079.256p.jpg,ATX,1300 W,80+ Titanium,Full,Black / Silver,5
ASRock Phantom Gaming PG-750G,Add,https://cdna.pcpartpicker.com/static/forever/images/product/05f77e3fcfaedb40ed55bfa5174d914e.256p.jpg,ATX,750 W,80+ Gold,Full,Black,0
Silverstone FX600 Platinum,142.06,https://cdna.pcpartpicker.com/static/forever/images/product/d45f04496f2e4b4c660f0180d2a26b84.256p.jpg,Flex ATX,600 W,false,No,Black,4
Corsair RM750,Add,https://cdna.pcpartpicker.com/static/forever/images/product/8912b48548fca5ee3606a5d93772928a.256p.jpg,ATX,750 W,80+ Gold,Full,White / Black,4.5
Cooler Master MWE Gold 850 - V2,121.99,https://cdna.pcpartpicker.com/static/forever/images/product/01c5294aaa030cd889e3923906b92a10.256p.jpg,ATX,850 W,80+ Gold,Full,Black,4
Lian Li SP0850P,142.99,https://cdna.pcpartpicker.com/static/forever/images/product/787aa6bbebdd60990571826c80f77416.256p.jpg,SFX,850 W,80+ Platinum,Full,White,0
MSI A1000G PCIE5,119.99,https://cdna.pcpartpicker.com/static/forever/images/product/f4ba2af40fa30a597244521a441515b5.256p.jpg,ATX,1000 W,80+ Gold,Full,Black,4.5
Gigabyte P750GM,Add,ATX,ATX,750 W,80+ Gold,Full,Black,4.5
Apevia Galaxy,Add,ATX,ATX,650 W,80+ Gold,Semi,Black,4.5
Asus ROG Thor P3 Gaming,387,https://cdna.pcpartpicker.com/static/forever/images/product/1091a0f5fe20d6b83eb1455270498b0a.256p.jpg,ATX,1200 W,80+ Platinum,Full,Black,0
SeaSonic PRIME PX-2200 ATX 3 (2024),495.99,https://cdna.pcpartpicker.com/static/forever/images/product/c289fb1aaf02ceb989aaafba29c8dcb0.256p.jpg,ATX,2200 W,80+ Platinum,Full,Black,0
Corsair RM850x,Add,https://cdna.pcpartpicker.com/static/forever/images/product/429bb130468e125f4f20d1f7e2f2600e.256p.jpg,ATX,850 W,80+ Gold,Full,,4.5
Corsair SF750 (2018),Add,SFX,SFX,750 W,80+ Platinum,Full,Black,4.5
Thermaltake Smart BM3,64.99,https://cdna.pcpartpicker.com/static/forever/images/product/4f3b7e2fa6212bc5d7addadf36fa2b1b.256p.jpg,ATX,650 W,80+ Bronze,Semi,Black,4.5
Asus Prime AP-850G,106.74,https://cdna.pcpartpicker.com/static/forever/images/product/78e68f418ed5b6051e6e7204102d7094.256p.jpg,ATX,850 W,80+ Gold,Full,White / Black,5
NZXT C850 (2024),114.94,https://cdna.pcpartpicker.com/static/forever/images/product/c0060ae80a7b71686da1ca92324d0f68.256p.jpg,ATX,850 W,80+ Gold,Full,Black,4.5
ASRock Steel Legend SL-1000G,134.99,https://cdna.pcpartpicker.com/static/forever/images/product/0831b235eea9461d59da3b218e57f673.256p.jpg,ATX,1000 W,80+ Gold,Full,Black,0
MSI MAG A750GL PCIE5 II,171.03,https://cdna.pcpartpicker.com/static/forever/images/product/17294c7b6ef21cfb0b52097e46cfd9b3.256p.jpg,ATX,750 W,80+ Gold,Full,Black,5
Corsair HX1200 Platinum,£473.27Add,https://cdna.pcpartpicker.com/static/forever/images/product/a15caa8216152ec9d5235cee607d2dc9.256p.jpg,ATX,1200 W,80+ Platinum,Full,,4.5
Corsair AX1600i,484.99,https://cdna.pcpartpicker.com/static/forever/images/product/1d57cf53a1289e4dfff1aed9b1cc272a.256p.jpg,ATX,1600 W,80+ Titanium,Full,,4.5
SeaSonic FOCUS SGX,109.96,https://cdna.pcpartpicker.com/static/forever/images/product/332544e0e8da6848b9fa83947101de60.256p.jpg,SFX,650 W,80+ Gold,Full,Black,4.5
Lian Li SX0850P,114.46,https://cdna.pcpartpicker.com/static/forever/images/product/a3404283ef1a9e46512f4acf11cb7247.256p.jpg,ATX,850 W,80+ Platinum,Full,White,5
MSI MAG A1250GL PCIE5,190.21,https://cdna.pcpartpicker.com/static/forever/images/product/4892c7a4ba21f50538ec1ae0e18a72ec.256p.jpg,ATX,1250 W,80+ Gold,Full,Black,5
Phanteks AMP GH,104.99,https://cdna.pcpartpicker.com/static/forever/images/product/f9c9719417368c3b38df8587d03cfa12.256p.jpg,ATX,850 W,80+ Gold,Full,Black,5
Corsair RM750 (2019),Out of stock£100.99Add,https://cdna.pcpartpicker.com/static/forever/images/product/02951377c9eed1e21fc3d8ba6092717e.256p.jpg,ATX,750 W,80+ Gold,Full,Black,4.5
Corsair CX650M (2025),107.55,https://cdna.pcpartpicker.com/static/forever/images/product/54f26cb06be0db54a6e46a8ede08cb65.256p.jpg,ATX,650 W,,Semi,Black,0
Cooler Master MWE Gold 850 V3,£146.30Add,https://cdna.pcpartpicker.com/static/forever/images/product/ba3f1ee18ce6535b90116201b175bbef.256p.jpg,ATX,850 W,80+ Gold,Full,Black,3.5
MSI MAG A650GLS PCIE5,123.21,https://cdna.pcpartpicker.com/static/forever/images/product/b3f5ce174d631594ae9f8f2dc3b291d1.256p.jpg,ATX,650 W,80+ Gold,Full,Black,5
SAMA G750,Add,https://cdna.pcpartpicker.com/static/forever/images/product/4841a8db7abc35c567379013f07dbf57.256p.jpg,ATX,750 W,80+ Gold,Full,Black,5
SeaSonic VERTEX GX-1200,234.55,https://cdna.pcpartpicker.com/static/forever/images/product/ed3235057508a33ff8605786994551f9.256p.jpg,ATX,1200 W,80+ Gold,Full,Black / Silver,5
Vetroo 50315153277247,74.98,ATX,ATX,850 W,80+ Gold,Full,White,4.5
Lian Li EDGE,143.69,https://cdna.pcpartpicker.com/static/forever/images/product/2b6505f267e91c686ae87e596ed59260.256p.jpg,ATX,1000 W,80+ Platinum,Full,Black,5
be quiet! Pure Power 12 M,184.01,https://cdna.pcpartpicker.com/static/forever/images/product/9423467940fb7db90ff47c5fa315a309.256p.jpg,ATX,1200 W,80+ Gold,Full,Black,5
Gigabyte UD750GM,£69.98Add,https://cdna.pcpartpicker.com/static/forever/images/product/3fecb5a05a7f614ab70e1ace80e3baee.256p.jpg,ATX,750 W,80+ Gold,Full,Black,4.5
Silverstone DA850R-GMA,109,https://cdna.pcpartpicker.com/static/forever/images/product/ff450bf2512afde80b5ad0a38cf576d2.256p.jpg,ATX,850 W,80+ Gold,Full,Black,5
Corsair RM850,130.99,https://cdna.pcpartpicker.com/static/forever/images/product/1752baa3ddb162df098cf33b0b6eeae3.256p.jpg,ATX,850 W,80+ Gold,Full,White / Black,4.5
SAMA G850,Add,https://cdna.pcpartpicker.com/static/forever/images/product/619fe92900432689ac13ea2cac663ade.256p.jpg,ATX,850 W,80+ Gold,Full,Black,0
be quiet! Straight Power 12,291.36,https://cdna.pcpartpicker.com/static/forever/images/product/5ea07fd9ba33bd3b161eca63f6e4ca96.256p.jpg,ATX,1500 W,80+ Platinum,Full,Black,4.5
Corsair RM1000e (2023),Out of stock£151.00Add,https://cdna.pcpartpicker.com/static/forever/images/product/ce27e414f67e9e8786401e4260bb85fa.256p.jpg,ATX,1000 W,80+ Gold,Full,Black,4.5
NZXT C850 (2026),139.99,https://cdna.pcpartpicker.com/static/forever/images/product/356abe05fadf1fd81c6076e46f884a7d.256p.jpg,SFX,850 W,80+ Gold,Full,,0
Vetroo CP-PSU-VT-850W-SFX (BK),Add,,SFX,850 W,80+ Gold,Full,Black,5
MSI MEG Ai1300P PCIE5,249.95,https://cdna.pcpartpicker.com/static/forever/images/product/dbcc01d16fe6fb17f09bc5e55c3e38ae.256p.jpg,ATX,1300 W,80+ Platinum,Full,Black / Copper,4.5
MSI MAG A850GL PCIE5 II,£168.09Add,https://cdna.pcpartpicker.com/static/forever/images/product/17294c7b6ef21cfb0b52097e46cfd9b3.256p.jpg,ATX,850 W,80+ Gold,Full,Black,5
Thermaltake Toughpower GF1 (2024),130.72,https://cdna.pcpartpicker.com/static/forever/images/product/1d3c099db66ec0e9f5a65298b5aa5b96.256p.jpg,ATX,850 W,80+ Gold,Full,Black,4.5
MSI MAG A1000GLS PCIE5,172.21,https://cdna.pcpartpicker.com/static/forever/images/product/009f529c253efdcffa7588b07a793742.256p.jpg,ATX,1000 W,80+ Gold,Full,Black,0
ASRock Taichi TC-1650T,Add,https://cdna.pcpartpicker.com/static/forever/images/product/e99f5a8095473d18c465d2602974e99c.256p.jpg,ATX,1650 W,80+ Titanium,Full,Black / Silver,5
be quiet! SFX Power 3 450,69.25,https://cdna.pcpartpicker.com/static/forever/images/product/6f22b32ac4c2844cc76bbee6ef798d01.256p.jpg,SFX,450 W,80+ Bronze,No,Black,4
SeaSonic VERTEX PX-1200,Add,https://cdna.pcpartpicker.com/static/forever/images/product/f1ed40376d9fefb5f7e0056778c079cb.256p.jpg,ATX,1200 W,80+ Platinum,Full,Black / Silver,5
Gigabyte UD850GM PG5 V2,93.99,https://cdna.pcpartpicker.com/static/forever/images/product/f2240d866b72a7bc60fa62784e25688b.256p.jpg,ATX,850 W,80+ Gold,Full,White,5
ASRock Challenger CL-650B,Add,https://cdna.pcpartpicker.com/static/forever/images/product/770db437877b861f291f81c98c064622.256p.jpg,ATX,650 W,80+ Bronze,No,Black,0
Corsair CX550 (2017),65.02,ATX,ATX,550 W,80+ Bronze,No,,4.5
Gigabyte P750BS (230V),47.95,https://cdna.pcpartpicker.com/static/forever/images/product/14ee26e6cba2d3b6f8b1cd283b0e050a.256p.jpg,ATX,750 W,80+ Bronze,No,Black,4
EVGA 450 BR,Add,https://cdna.pcpartpicker.com/static/forever/images/product/b1afc6fa49b75c09b8b94797008b1d9b.256p.jpg,ATX,450 W,80+ Bronze,No,,4.5
Corsair RM1000x,Add,https://cdna.pcpartpicker.com/static/forever/images/product/49b15c4f90ae64a72cea7148d88b545e.256p.jpg,ATX,1000 W,80+ Gold,Full,,4.5
MSI MAG A850GLS PCIE5,130.99,https://cdna.pcpartpicker.com/static/forever/images/product/fa347a07533a6c595dababca139e5a62.256p.jpg,ATX,850 W,80+ Gold,Full,Black,0
SeaSonic FOCUS SGX (2021),122.75,https://cdna.pcpartpicker.com/static/forever/images/product/f3bbf99017d293621fbcfb7419d688f8.256p.jpg,SFX,750 W,80+ Gold,Full,Black,4.5
Gigabyte P550SS,49.99,ATX,ATX,550 W,80+ Silver,No,White,0
Corsair RM650 (2019),Add,https://cdna.pcpartpicker.com/static/forever/images/product/ba980adaab9d78bdc3290de17c34073e.256p.jpg,ATX,650 W,80+ Gold,Full,Black,4.5
Corsair RM750x SHIFT,156.08,https://cdna.pcpartpicker.com/static/forever/images/product/538f621aadcabc4d3a2a09a02d4df153.256p.jpg,ATX,750 W,80+ Gold,Full / Side,White,5
ADATA XPG Core Reactor II VE,Add,https://cdna.pcpartpicker.com/static/forever/images/product/9e9d7b460ca30ba78e9bba8a88fb4fe9.256p.jpg,ATX,850 W,80+ Gold,Full,,4.5
Corsair RM850x (2018),252.95,ATX,ATX,850 W,80+ Gold,Full,Black,4.5
Corsair RM750e (2022),Add,https://cdna.pcpartpicker.com/static/forever/images/product/f395e0fdaf74d2e7700fc3834f5ecf98.256p.jpg,ATX,750 W,80+ Gold,Full,Black,4.5
ASRock Phantom Gaming PG-1600G,279.99,https://cdna.pcpartpicker.com/static/forever/images/product/932bda86c9b2195dcf3f96261c5dc132.256p.jpg,ATX,1600 W,80+ Gold,Full,Black,5
GameMax Rampage,28.99,https://cdna.pcpartpicker.com/static/forever/images/product/36f7695e170ad21584a332452b323b27.256p.jpg,ATX,500 W,80+ Bronze,No,Black,5
EVGA 600 BR,Add,https://cdna.pcpartpicker.com/static/forever/images/product/1fae6f9231112f3996aa2e7a2d3e862c.256p.jpg,ATX,600 W,80+ Bronze,No,,4.5
Corsair SF600 (2018),Add,SFX,SFX,600 W,80+ Platinum,Full,Black,4.5
Super Flower LEADEX VII Platinum PRO,Add,https://cdna.pcpartpicker.com/static/forever/images/product/8c2829b9a24bc87b620fa4be377b8d69.256p.jpg,ATX,1000 W,80+ Platinum,Full,Black,4
Cooler Master V SFX Gold ATX 3.1,152.09,,SFX,850 W,80+ Gold,Full,Black,4
Montech APX,Add,ATX,ATX,650 W,80+,No,Black,4
NZXT C1200 (2024),129.95,https://cdna.pcpartpicker.com/static/forever/images/product/c738e40268a79b636c158d4532785b6d.256p.jpg,ATX,1200 W,80+ Gold,Full,Black,4
FSP Group FSP400-60FGGBA,99.99,Flex ATX,Flex ATX,400 W,80+ Gold,No,Silver,3.5
EVGA SuperNOVA 850 GT,Add,https://cdna.pcpartpicker.com/static/forever/images/product/afa0f4bbe4410fbe2949a19211ebb2bb.256p.jpg,ATX,850 W,80+ Gold,Full,Black,4.5
Corsair CV650,Add,https://cdna.pcpartpicker.com/static/forever/images/product/a32b39c06832c717045c1c4c490ff572.256p.jpg,ATX,650 W,80+ Bronze,No,Black,4.5
NZXT C1000 (2024),125.47,https://cdna.pcpartpicker.com/static/forever/images/product/a1414d14d663ac501c33db5a05fa5560.256p.jpg,ATX,1000 W,80+ Gold,Full,White,5
Lian Li RB,Add,https://cdna.pcpartpicker.com/static/forever/images/product/b82bb43d19813fb6086aafc365e65f36.256p.jpg,ATX,550 W,80+ Bronze,No,Black,0
EVGA 500 W1,Add,https://cdna.pcpartpicker.com/static/forever/images/product/54c22d607bdad7d92e7512aaa53955e2.256p.jpg,ATX,500 W,80+,No,,4
MSI MAG A1000PLS PCIE5,152.9,https://cdna.pcpartpicker.com/static/forever/images/product/7c281f814d894e05af5f902de4f78f9c.256p.jpg,ATX,1000 W,80+ Platinum,Full,Black / Green,0
ADATA XPG Core Reactor II,172.98,https://cdna.pcpartpicker.com/static/forever/images/product/c47f1c0603362227e6188fda6f81c067.256p.jpg,ATX,850 W,80+ Gold,Full,Black,5
Lian Li SP850,124.99,https://cdna.pcpartpicker.com/static/forever/images/product/e9b300b7848e40028671ae29d4b07cb8.256p.jpg,SFX,850 W,80+ Gold,Full,Black,4
Thermaltake Litepower GEN2 230V,Add,https://cdna.pcpartpicker.com/static/forever/images/product/ca71cf09ebbff2434615d9c7b194543d.256p.jpg,ATX,450 W,false,No,Black,1
MSI MAG A750BE,Add,https://cdna.pcpartpicker.com/static/forever/images/product/43cf50ab21a6abfc6b7535674a8a35a9.256p.jpg,ATX,750 W,80+ Bronze,Semi,Black,4.5
FSP Group Dagger Pro,137.43,https://cdna.pcpartpicker.com/static/forever/images/product/1fe153b2f087d8da28be3cf284d0d68b.256p.jpg,SFX,650 W,80+ Gold,Full,Black,4.5
MSI MAG A650BNL,59.99,https://cdna.pcpartpicker.com/static/forever/images/product/be6187c3475090018df75237232e96ba.256p.jpg,ATX,650 W,80+ Bronze,No,White,5
Deepcool PL750D,47.94,https://cdna.pcpartpicker.com/static/forever/images/product/9ee96af4fbfe40de451a9d3db9ba7e9a.256p.jpg,ATX,750 W,80+ Bronze,No,Black,4.5
Deepcool PN850M,Add,https://cdna.pcpartpicker.com/static/forever/images/product/ad777eac9eb84ed2bad84c8a824ce892.256p.jpg,ATX,850 W,80+ Gold,Full,Black,5
Corsair RM650x (2018),Add,https://cdna.pcpartpicker.com/static/forever/images/product/c6df4edbb596b2818cd0c5e204fb3df3.256p.jpg,ATX,650 W,80+ Gold,Full,Black / Silver,4.5
ASRock Phantom Gaming PG-1000G,148.94,https://cdna.pcpartpicker.com/static/forever/images/product/e1ea936c39d4f53dcabaa388ba82ff07.256p.jpg,ATX,1000 W,80+ Gold,Full,Black,5
Logisys PS480D2,83.16,ATX,ATX,480 W,false,No,,2
ASRock Steel Legend SL-850GW,133.99,https://cdna.pcpartpicker.com/static/forever/images/product/f0d0913927dbad7a2da55bd5a2100f43.256p.jpg,ATX,850 W,80+ Gold,Full,White,4
Cooler Master MWE GOLD 750 V2 FULL MODULAR,84.99,https://cdna.pcpartpicker.com/static/forever/images/product/14006f097772a18096431e1627300499.256p.jpg,ATX,750 W,80+ Gold,Full,Black,4.5
Deepcool PF400 230V,27.44,https://cdna.pcpartpicker.com/static/forever/images/product/1ccbaf569f8ecca5b7d8e00162e6be89.256p.jpg,ATX,400 W,80+,No,Black,0
Asus TUF Gaming 1200G,184.94,https://cdna.pcpartpicker.com/static/forever/images/product/012e8a866cc57671dae08a861fb07c1c.256p.jpg,ATX,1200 W,80+ Gold,Full,Black,5
ADATA XPG PYLON,72.35,https://cdna.pcpartpicker.com/static/forever/images/product/76460ae84caf54fbc17dbb87fa05a3dd.256p.jpg,ATX,550 W,80+ Bronze,No,Black,4.5
be quiet! Pure Power 11,Add,https://cdna.pcpartpicker.com/static/forever/images/product/b947717c761b539be4045f28c94c99e8.256p.jpg,ATX,400 W,80+ Gold,No,Black,4.5
ASRock Steel Legend SL-1000GW,159.99,https://cdna.pcpartpicker.com/static/forever/images/product/6d1d63aca3da04d6875b5c13ca7212fc.256p.jpg,ATX,1000 W,80+ Gold,Full,White,5
NZXT C750 Core,94.99,,ATX,750 W,80+ Gold,Full,Black,5
Corsair CV550,Add,https://cdna.pcpartpicker.com/static/forever/images/product/a6582fe18871e27a931d1ed005c52ed5.256p.jpg,ATX,550 W,80+ Bronze,No,Black,4.5
ASRock Challenger CL-850G,Add,https://cdna.pcpartpicker.com/static/forever/images/product/84f7bff711f590ee1addd8f764e2c3d3.256p.jpg,ATX,850 W,80+ Gold,No,Black,0
Gigabyte AORUS ELITE P850,111.99,https://cdna.pcpartpicker.com/static/forever/images/product/b21801bedf231a52429eff6e3a58c493.256p.jpg,ATX,850 W,80+ Platinum,Full,Black,5
Cooler Master MWE Bronze 650 V3 230V,£52.99Add,https://cdna.pcpartpicker.com/static/forever/images/product/24334985b6ed3173495aab3744b6d9de.256p.jpg,ATX,650 W,80+ Bronze,No,Black,5
Corsair CX650 (2017),Add,https://cdna.pcpartpicker.com/static/forever/images/product/9d5b2b1321e3ab3a9281a4fa93fc74e0.256p.jpg,ATX,650 W,80+ Bronze,No,,4.5
ASRock Challenger CL-750B,Add,https://cdna.pcpartpicker.com/static/forever/images/product/2e749fd4d8d5f2bab633401da1a0b3b4.256p.jpg,ATX,750 W,80+ Bronze,No,Black,0
EVGA SuperNOVA 650 G3,Add,https://cdna.pcpartpicker.com/static/forever/images/product/5ccdecd73f9b346ebf46d2845dc57ac2.256p.jpg,ATX,650 W,80+ Gold,Full,,4.5
MSI MAG A850GN PCIE5,Out of stock£89.99Add,https://cdna.pcpartpicker.com/static/forever/images/product/d884f89ec7da8de495ecab61eda6547e.256p.jpg,ATX,850 W,80+ Gold,No,Black,5
Cooler Master V SFX Gold ATX 3.0,211.94,https://cdna.pcpartpicker.com/static/forever/images/product/92422ff04d9868a7258467ad9797f6ba.256p.jpg,SFX,850 W,80+ Gold,Full,Black,4
EVGA SuperNOVA 1000 GT,232.07,ATX,ATX,1000 W,80+ Gold,Full,Black,4.5
Super Flower Leadex III Gold UP,Add,https://cdna.pcpartpicker.com/static/forever/images/product/72e79c9c6bb8b0b3bf0eba2806d3142b.256p.jpg,ATX,850 W,80+ Gold,Full,Black,4
FSP Group Hydro Ti PRO,Gen 5,Add,https://cdna.pcpartpicker.com/static/forever/images/product/f81d2dff4a9ce525e7ee68bfd25ac049.256p.jpg,ATX,1000 W,80+ Titanium,Full,Black,5
Cooler Master Elite Gold,Add,https://cdna.pcpartpicker.com/static/forever/images/product/1cfda9ec62b73cfabca5d6d25665ff30.256p.jpg,ATX,1000 W,80+ Gold,Full,Black,5
EVGA 500 BR,Add,https://cdna.pcpartpicker.com/static/forever/images/product/b624497b6d3a1589cfc26c69467f05c8.256p.jpg,ATX,500 W,80+ Bronze,No,,4.5
Deepcool PL650D,Add,https://cdna.pcpartpicker.com/static/forever/images/product/9ee96af4fbfe40de451a9d3db9ba7e9a.256p.jpg,ATX,650 W,80+ Bronze,No,Black,0
MSI MPG A1000GS PCIE5,119,https://cdna.pcpartpicker.com/static/forever/images/product/e30f8fbb357a16391b3a15586b9aaec4.256p.jpg,ATX,1000 W,80+ Gold,Full,Black,4.5
Gigabyte AORUS ELITE P1000 ICE,148.94,https://cdna.pcpartpicker.com/static/forever/images/product/a37d72acd789e98c8270a9da18d38a9f.256p.jpg,ATX,1000 W,80+ Platinum,Full,White,5
SeaSonic FOCUS Plus 650 Gold,Add,https://cdna.pcpartpicker.com/static/forever/images/product/84b3aab42651adcad9a0b05ac262ea53.256p.jpg,ATX,650 W,80+ Gold,Full,,4.5
SeaSonic VERTEX PX-1000,Out of stock£217.00Add,https://cdna.pcpartpicker.com/static/forever/images/product/c17cdbd6418fa5750e7f4f517711717a.256p.jpg,ATX,1000 W,80+ Platinum,Full,Black / Silver,4.5
Silverstone HELA 2050R Platinum,442,https://cdna.pcpartpicker.com/static/forever/images/product/870499cfe309f96a36a1279153066891.256p.jpg,ATX,2050 W,Full,Full,Black,5
Deepcool PF600 230V,36.94,https://cdna.pcpartpicker.com/static/forever/images/product/5559b24c0248255b164057c188303fdf.256p.jpg,ATX,600 W,80+,No,Black,0
MSI MPG Ai1300TS PCIE5,349.49,https://cdna.pcpartpicker.com/static/forever/images/product/751f5293051c6a0310867de9ad213456.256p.jpg,ATX,1300 W,80+ Titanium,Full,Black,0
MSI MAG A600DN,36.99,https://cdna.pcpartpicker.com/static/forever/images/product/b3ac3995d974702a8b94d4186abbc127.256p.jpg,ATX,600 W,80+,No,Black,4.5
EVGA 700 BR,94.46,https://cdna.pcpartpicker.com/static/forever/images/product/cb871f8cf187922a16a18e53f17366ff.256p.jpg,ATX,700 W,80+ Bronze,No,,4.5
Corsair HX1500i (2023),Out of stock£287.31Add,https://cdna.pcpartpicker.com/static/forever/images/product/f577f1660a609f8936a38ce0193993b2.256p.jpg,ATX,1500 W,80+ Platinum,Full,Black,4.5
Asus Prime,59.92,https://cdna.pcpartpicker.com/static/forever/images/product/ee8811f020d54929e60e22dfaff5219b.256p.jpg,ATX,750 W,80+ Bronze,No,Black,0
Corsair CX750,Add,ATX,ATX,750 W,80+ Bronze,No,,4
Thermaltake Toughpower GF1 ARGB,126.01,https://cdna.pcpartpicker.com/static/forever/images/product/1c8de6a74ea9a52f3ad7f11dfad34751.256p.jpg,ATX,750 W,80+ Gold,Full,,5
PC Cooler KN850,,,ATX,850 W,80+ Gold,Full,Black,0
MSI MPG A750GF,,https://cdna.pcpartpicker.com/static/forever/images/product/687448ede7d2a06734c3af5c96539774.256p.jpg,ATX,750 W,80+ Gold,Full,Black,4.5
Enhance ENP-7660,,Flex ATX,Flex ATX,600 W,80+ Platinum,No,Silver,5
MSI MPG A1000G,96.99,https://cdna.pcpartpicker.com/static/forever/images/product/f01f2f153ab94837a8a30dd45d93935a.256p.jpg,ATX,1000 W,80+ Gold,Full,Black,5
be quiet! Pure Power 11 CM,Out of stock£73.00Add,https://cdna.pcpartpicker.com/static/forever/images/product/aac938ea8ee6cfd1b619f9cdece563dd.256p.jpg,ATX,400 W,80+ Gold,Semi,Black,5
SAMA G650,Add,https://cdna.pcpartpicker.com/static/forever/images/product/418b243441d3f6d3a69c24a917d98b37.256p.jpg,ATX,650 W,80+ Gold,Full,White,0
Corsair CX750M (2025),125.52,https://cdna.pcpartpicker.com/static/forever/images/product/a235abf643bb02e4ccbe3ae565a5c328.256p.jpg,ATX,750 W,,Semi,Black,0
Gigabyte AORUS ELITE P1000,140.99,https://cdna.pcpartpicker.com/static/forever/images/product/62980d0b7aa082a0e05c2f5112bc0f62.256p.jpg,ATX,1000 W,80+ Platinum,Full,Black,5
Thermaltake Toughpower GF3 TT Premium,164.63,https://cdna.pcpartpicker.com/static/forever/images/product/1fec713c4a2ff56951d81112d8508171.256p.jpg,ATX,850 W,80+ Gold,Full,Black,4.5
SeaSonic VERTEX GX-1000,199.99,https://cdna.pcpartpicker.com/static/forever/images/product/ed3235057508a33ff8605786994551f9.256p.jpg,ATX,1000 W,80+ Gold,Full,Black / Silver,4.5
Corsair AX1000,Add,https://cdna.pcpartpicker.com/static/forever/images/product/3883a6fb3e7d4c6697910d51520dffb2.256p.jpg,ATX,1000 W,80+ Titanium,Full,Black / Silver,5
EVGA SuperNOVA 750 G3,Add,https://cdna.pcpartpicker.com/static/forever/images/product/2a2172d1f17661103de901f43d831187.256p.jpg,ATX,750 W,80+ Gold,Full,,4.5
ASRock Taichi TC-1300T,284.99,https://cdna.pcpartpicker.com/static/forever/images/product/325b718a376b516128d6977f4aff6d89.256p.jpg,ATX,1300 W,80+ Titanium,Full,Black / Silver,0
Azza PSAZ-550W,Add,https://cdna.pcpartpicker.com/static/forever/images/product/6f78fc48df682023799aa137d24b1743.256p.jpg,ATX,550 W,80+ Bronze,No,Black,4.5
ADATA XPG KYBER,Add,https://cdna.pcpartpicker.com/static/forever/images/product/bda3fc099d5ee134c08ecccb4ba841d2.256p.jpg,ATX,750 W,80+ Gold,No,Black,5
EVGA SuperNOVA 850 G3,,https://cdna.pcpartpicker.com/static/forever/images/product/ea55372e03d4dfbe1c9b42d25f3c2c57.256p.jpg,ATX,850 W,80+ Gold,Full,,4.5
Asus ROG Thor P3 Hatsune Miku Edition,Add,https://cdna.pcpartpicker.com/static/forever/images/product/ef972faa0a2acc40ded911f06d969101.256p.jpg,ATX,1200 W,80+ Platinum,Full,Blue / Pink,5
Super Flower Leadex,Add,https://cdna.pcpartpicker.com/static/forever/images/product/22a19a3b29c2b6a45c398e57affceee9.256p.jpg,ATX,2000 W,80+ Platinum,Full,,5
EVGA SuperNOVA 550 G2,,https://cdna.pcpartpicker.com/static/forever/images/product/a4a40fbe050996aebbc73368a3d3449d.256p.jpg,ATX,550 W,80+ Gold,Full,,4.5
Corsair HX1200i,225.81,https://cdna.pcpartpicker.com/static/forever/images/product/cdf0213f62ccdb8c0d239d809eca0762.256p.jpg,ATX,1200 W,80+ Platinum,Full,Black,4.5
Thermaltake Toughpower GF A3 - TT Premium Edition,175.99,https://cdna.pcpartpicker.com/static/forever/images/product/fde35fc1c95bec77a83fb6bebf236edb.256p.jpg,ATX,1050 W,80+ Gold,Full,Black,5
Corsair RM750x (2018),291.27,https://cdna.pcpartpicker.com/static/forever/images/product/b4a2d3f62255a1c35fd45aa3273c5173.256p.jpg,ATX,750 W,80+ Gold,Full,Black,4.5
Vetroo CP-PSU-VT-850W-SFX (PK),Add,,SFX,850 W,80+ Gold,Full,Pink,0
SeaSonic FOCUS GX,Out of stock£97.00Add,https://cdna.pcpartpicker.com/static/forever/images/product/a39289b41b92d2d387a165aca1af3c9d.256p.jpg,ATX,650 W,80+ Gold,Full,Black,4.5
Apevia Premier,Add,ATX,ATX,650 W,80+ Gold,Semi,Black,4.5
Gigabyte P650G,Out of stock£48.99Add,https://cdna.pcpartpicker.com/static/forever/images/product/27cd6b6053ee53ff751d09ab574ecd46.256p.jpg,ATX,650 W,80+ Gold,No,Black,4
SeaSonic FOCUS GX-850 ATX 3.0,Out of stock£167.69Add,ATX,ATX,850 W,80+ Gold,Full,Black,5
Corsair SF450 (2018),,SFX,SFX,450 W,80+ Platinum,Full,Black,4.5
Corsair CX650M,392.45,https://cdna.pcpartpicker.com/static/forever/images/product/097e4a536e42595ca4c7ded7f7739bd4.256p.jpg,ATX,650 W,80+ Bronze,Semi,,4.5
Corsair RM850x White,,ATX,ATX,850 W,80+ Gold,Full,White / Black,4.5
Fractal Design Ion 3 Gold,89.94,https://cdna.pcpartpicker.com/static/forever/images/product/50cfcddd7877c53d037bf1c1e7101710.256p.jpg,ATX,850 W,80+ Gold,Full,Black,0
SeaSonic PRIME TX-1000,,https://cdna.pcpartpicker.com/static/forever/images/product/319a605b0795d331360ea116556116ee.256p.jpg,ATX,1000 W,80+ Titanium,Full,Black,4.5
MSI MPG Ai1600TS PCIE5,,https://cdna.pcpartpicker.com/static/forever/images/product/751f5293051c6a0310867de9ad213456.256p.jpg,ATX,1600 W,80+ Titanium,Full,Black,0
Cooler Master MWE Gold V2 ATX 3.1,99.9,https://cdna.pcpartpicker.com/static/forever/images/product/d02cdd5ede71a958cc789745f1760692.256p.jpg,ATX,1050 W,80+ Gold,Full,Black,0
Deepcool PF500 230V,32.94,https://cdna.pcpartpicker.com/static/forever/images/product/0ccfb276c4b37497ed9c21ef0aca236a.256p.jpg,ATX,500 W,80+,No,Black,4
EVGA 600 BQ,,ATX,ATX,600 W,80+ Bronze,Semi,,4.5
Deepcool GamerStorm PQ850G,Add,,ATX,850 W,80+ Gold,Full,Black,0
Montech TITAN PLA,149.99,https://cdna.pcpartpicker.com/static/forever/images/product/d84d12584da66dc200d9ef893f2efe57.256p.jpg,ATX,1200 W,80+ Platinum,Full,White,5
SAMA P1000,Add,https://cdna.pcpartpicker.com/static/forever/images/product/fbebaefeeb7bd91d2612b0570331251b.256p.jpg,ATX,1000 W,80+ Platinum,Full,Black,0
Gigabyte AORUS ELITE P850 ICE,117.99,https://cdna.pcpartpicker.com/static/forever/images/product/b1e965b66796a722c37724516bd3002e.256p.jpg,ATX,850 W,80+ Platinum,Full,White,5
Vetroo GV1000,Add,https://cdna.pcpartpicker.com/static/forever/images/product/e113f34642a10aa8278d556375de6e02.256p.jpg,ATX,1000 W,80+ Gold,Full,White,4.5
Gigabyte UD1000GM PG5 V2,119.99,https://cdna.pcpartpicker.com/static/forever/images/product/f5113ecbddfa5095ae3f40dc360fc7af.256p.jpg,ATX,1000 W,80+ Gold,Full,White,0
Azza PSAZ-650W,59.99,https://cdna.pcpartpicker.com/static/forever/images/product/21efec726484eb1be8ea121f2eb49198.256p.jpg,ATX,650 W,80+ Bronze,No,Black,4.5
Silverstone DA750R-GMA,115,https://cdna.pcpartpicker.com/static/forever/images/product/759785f92bb459925c5b584a6bcd06df.256p.jpg,ATX,750 W,80+ Gold,Full,White,5
Apevia ATX-JP600W,,,ATX,600 W,80+ Bronze,No,Black,0
Corsair VS350,,https://cdna.pcpartpicker.com/static/forever/images/product/bdbf0bfcf55a509a3b3f13d6533208e0.256p.jpg,ATX,350 W,80+,No,Black,3
Tecnoware Free Silent,24.9,ATX,ATX,500 W,false,No,Black,0
NZXT C1500,199.99,https://cdna.pcpartpicker.com/static/forever/images/product/fd4b7a21c225de0b0e1ad97e1cfa449d.256p.jpg,ATX,1500 W,80+ Platinum,Full,Black,4
Asus TUF Gaming,,https://cdna.pcpartpicker.com/static/forever/images/product/70e17363981df9b3aeae48fc916bf4d3.256p.jpg,ATX,750 W,80+ Bronze,No,Black,4
Deepcool PF700 230V,46.94,https://cdna.pcpartpicker.com/static/forever/images/product/eaf049054c02a544104903a9f58173b3.256p.jpg,ATX,700 W,80+,No,Black,0
Corsair CX500M,,ATX,ATX,500 W,80+ Bronze,Semi,,4.5
ASRock Challenger CL-550B,Add,https://cdna.pcpartpicker.com/static/forever/images/product/b4283167def49aee8fb2afeb234fd65e.256p.jpg,ATX,550 W,80+ Bronze,No,Black,4.5
SAMA G1000,Add,https://cdna.pcpartpicker.com/static/forever/images/product/80d24c16b6b45ef58eb946184d126a59.256p.jpg,ATX,1000 W,80+ Gold,Full,White,0
MSI MAG A1200PLS PCIE5,173.99,https://cdna.pcpartpicker.com/static/forever/images/product/7c281f814d894e05af5f902de4f78f9c.256p.jpg,ATX,1200 W,80+ Platinum,Full,Black / Green,0
FSP Group VITA-GM,99.98,https://cdna.pcpartpicker.com/static/forever/images/product/d29304b577cb0ddc88b358a2803d1751.256p.jpg,ATX,850 W,80+ Gold,Full,Black,5
Asus ROG Strix Aura Edition,142.88,https://cdna.pcpartpicker.com/static/forever/images/product/dcb88c69748aad75d09d3be2529a8080.256p.jpg,ATX,1000 W,80+ Gold,Full,Black,5
EVGA 600 GD,,https://cdna.pcpartpicker.com/static/forever/images/product/88cf41a1004078b5dc6a0be2942e7ed4.256p.jpg,ATX,600 W,80+ Gold,No,Black,4.5
Silverstone FX350-G,74.99,Flex ATX,Flex ATX,350 W,80+ Gold,No,Black,5
Corsair RM850e (2022),200,https://cdna.pcpartpicker.com/static/forever/images/product/237b36018991e28d227eaa0158bd0425.256p.jpg,ATX,850 W,80+ Gold,Full,Black,4.5
EVGA 600 W1,,ATX,ATX,600 W,80+,No,,4
SeaSonic SSP-300SFG,135.1,SFX,SFX,300 W,80+ Gold,No,Silver,5
EVGA SuperNOVA 850 G2,Add,https://cdna.pcpartpicker.com/static/forever/images/product/a74b53612b705ed56bdcea1f74dc1e26.256p.jpg,ATX,850 W,80+ Gold,Full,,4.5
Corsair CX550M,Add,ATX,ATX,550 W,80+ Bronze,Semi,,4.5
Asus ROG THOR P2 Gaming,299.02,https://cdna.pcpartpicker.com/static/forever/images/product/a1180b1a2b5e13cb95b839655e89cebc.256p.jpg,ATX,1000 W,80+ Platinum,Full,Silver / Black,4
Gigabyte P550B,60.16,https://cdna.pcpartpicker.com/static/forever/images/product/6d692d61cacaf4ed7ea59fb308754ecd.256p.jpg,ATX,550 W,80+ Bronze,No,Black,2
EVGA 650 GQ,Add,https://cdna.pcpartpicker.com/static/forever/images/product/f44aab9e6ecddf45fb3666ad99123ec1.256p.jpg,ATX,650 W,80+ Gold,Semi,,4.5
Silverstone Zeus 1650R,Out of stock£386.99Add,ATX,ATX,1650 W,80+ Titanium,Full,,0
Corsair TX650M Gold,,ATX,ATX,650 W,80+ Gold,Semi,,4.5
Corsair HX1500i (2022),Add,https://cdna.pcpartpicker.com/static/forever/images/product/ae66899de26828af3df3192aef48db02.256p.jpg,ATX,1500 W,80+ Platinum,Full,Black,5
Aerocool Integrator Gold,79.99,https://cdna.pcpartpicker.com/static/forever/images/product/202c13fbe48289baa417eb64882b7a2e.256p.jpg,ATX,750 W,80+ Gold,Full,Black,5
Corsair CV450,,https://cdna.pcpartpicker.com/static/forever/images/product/9a7973c78d2931aee46bb1ffb726fe9f.256p.jpg,ATX,450 W,80+ Bronze,No,Black,4.5
ASRock Phantom Gaming PG-1300G,225.91,https://cdna.pcpartpicker.com/static/forever/images/product/81ff33640313ce97969d63adec878baf.256p.jpg,ATX,1300 W,80+ Gold,Full,Black,5
Asus TUF Gaming 650B,69.99,https://cdna.pcpartpicker.com/static/forever/images/product/c45515b02278f53f5cd95192d5c57444.256p.jpg,ATX,650 W,80+ Bronze,No,Black,4
EVGA 750 GQ,324.66,https://cdna.pcpartpicker.com/static/forever/images/product/24ef44cdf0bbd6dbfd72bb1bd22f63a5.256p.jpg,ATX,750 W,80+ Gold,Semi,,4.5
Segotep GM,Add,https://cdna.pcpartpicker.com/static/forever/images/product/dddb4e2ff9dd1e21396a638ec2cac62c.256p.jpg,ATX,1000 W,80+ Gold,Full,Black,0
RAIJINTEK CRATOS,Add,https://cdna.pcpartpicker.com/static/forever/images/product/74d35ddaaca9377e0a0536d43435c8bc.256p.jpg,ATX,850 W,80+ Gold,Full,Black,0
Cooler Master MWE Bronze 750 V3 230V,,https://cdna.pcpartpicker.com/static/forever/images/product/90ffdff83511b0f42131330356baba97.256p.jpg,ATX,750 W,80+ Bronze,No,Black,0
EVGA SuperNOVA 750 GT,115.98,ATX,ATX,750 W,80+ Gold,Full,Black,4.5
SeaSonic FOCUS Plus 750 Gold,,https://cdna.pcpartpicker.com/static/forever/images/product/382627d6b0a36162931db13af716ef18.256p.jpg,ATX,750 W,80+ Gold,Full,,4.5
Corsair RM750x,188.86,https://cdna.pcpartpicker.com/static/forever/images/product/84953168c3aebea55de5277456208733.256p.jpg,ATX,750 W,80+ Gold,Full,,4.5
GameMax GX Pro Rampage,Add,ATX,ATX,1050 W,80+ Platinum,Full,White,3.5
Silverstone SX-G,152.99,https://cdna.pcpartpicker.com/static/forever/images/product/dae466078494c93df86edd455e9094e8.256p.jpg,SFX,700 W,80+ Gold,Full,Black,4
SHARKOON SilentStorm,120.66,SFX,SFX,500 W,80+ Gold,Full,Black,4.5
Corsair HX1000i,£604.37Add,https://cdna.pcpartpicker.com/static/forever/images/product/ca8717c73721d77d5e0d1fdb1cfed981.256p.jpg,ATX,1000 W,80+ Platinum,Full,,4.5
EVGA 700 GD,Add,https://cdna.pcpartpicker.com/static/forever/images/product/f8c1ad47e393d4f927d010643c61bc8e.256p.jpg,ATX,700 W,80+ Gold,No,Black,4
Thermaltake Toughpower GX3,74.99,https://cdna.pcpartpicker.com/static/forever/images/product/03cee934ee7fb2e5a45fe58adb3772f3.256p.jpg,ATX,850 W,80+ Gold,No,Black,0
Thermaltake Toughpower SFX,221.44,SFX,SFX,1000 W,80+ Platinum,Full,Black,0
EVGA SuperNOVA 650 GA,239.18,ATX,ATX,650 W,80+ Gold,Full,Black,4.5
Corsair RM650x (2021),,https://cdna.pcpartpicker.com/static/forever/images/product/7f2d3e6773b9ab9087410c17d5c793ef.256p.jpg,ATX,650 W,80+ Gold,Full,Black,4.5
ARESGAME AGV,Add,ATX,ATX,500 W,80+ Bronze,No,Black,4
Super Flower Zillion FG,Add,https://cdna.pcpartpicker.com/static/forever/images/product/d8adb266604520991852450e39838d13.256p.jpg,ATX,850 W,80+ Gold,Full,Black,0
Thermaltake Toughpower GF A3 Snow,Add,https://cdna.pcpartpicker.com/static/forever/images/product/f9f65f8de59f21fde47414034b68536c.256p.jpg,ATX,850 W,80+ Gold,Full,White,5
SeaSonic FOCUS GX-1000 ATX 3.0,,ATX,ATX,1000 W,80+ Gold,Full,Black,5
EVGA SuperNOVA 850 G5,Add,https://cdna.pcpartpicker.com/static/forever/images/product/98b08be44e35e5cea8bae15a35027e3e.256p.jpg,ATX,850 W,80+ Gold,Full,Black / Green,4.5
EVGA SuperNOVA 550 G3,274.74,https://cdna.pcpartpicker.com/static/forever/images/product/1dd87da4186d59970d24232ebfd36278.256p.jpg,ATX,550 W,80+ Gold,Full,,4.5
Super Flower LEADEX VII XG,282.89,ATX,ATX,1300 W,80+ Gold,Full,White,0
Corsair RM550x,,https://cdna.pcpartpicker.com/static/forever/images/product/b68ce69846f1a16106854d1c6997f5d7.256p.jpg,ATX,550 W,80+ Gold,Full,,4.5
NZXT C750,54.9,https://cdna.pcpartpicker.com/static/forever/images/product/057565e925af7c2d9b764c5896614162.256p.jpg,ATX,750 W,80+ Bronze,No,Black,0
Corsair CXM,155,https://cdna.pcpartpicker.com/static/forever/images/product/23a8f923c23d6de30026d889136bf175.256p.jpg,ATX,750 W,80+ Bronze,Semi,,4.5
Silverstone HELA 1300R,£340.51Add,ATX,ATX,1300 W,80+ Platinum,Full,Black,0
Deepcool PN750M,£81.00Add,https://cdna.pcpartpicker.com/static/forever/images/product/ad777eac9eb84ed2bad84c8a824ce892.256p.jpg,ATX,750 W,80+ Gold,Full,Black,0
NZXT C1200,151.99,https://cdna.pcpartpicker.com/static/forever/images/product/298c6c272ec000770a3937a4c823aa3a.256p.jpg,ATX,1200 W,80+ Gold,Full,Black,4.5
Enermax REVOLUTION III,83,,ATX,850 W,80+ Gold,Full,Black / Gold,0
Lian Li SP,127.99,https://cdna.pcpartpicker.com/static/forever/images/product/7a9dedea22aa3c48ba0ae4effe9b21a3.256p.jpg,SFX,750 W,80+ Gold,Full,Black,4.5
Cooler Master V750 SFX GOLD,139.99,https://cdna.pcpartpicker.com/static/forever/images/product/cf7a8ae258b039ec78859d56cb2a9564.256p.jpg,SFX,750 W,80+ Gold,Full,Black,4.5
SeaSonic PRIME PX-1600 ATX 3.0,379.98,https://cdna.pcpartpicker.com/static/forever/images/product/29d187995a8e20dd9c5273063bb790b3.256p.jpg,ATX,1600 W,80+ Platinum,Full,Black / Silver,5
SeaSonic FOCUS PLUS 850 Gold,,https://cdna.pcpartpicker.com/static/forever/images/product/0d00cd0365aac0b1e9c2f3bbc1b8a670.256p.jpg,ATX,850 W,80+ Gold,Full,,4.5
be quiet! System Power 11 U,Add,https://cdna.pcpartpicker.com/static/forever/images/product/fe69e72ff8bba7be860688e8e9f0a0e1.256p.jpg,ATX,650 W,80+ Bronze,No,Black,5
Vetroo 50315153244479,Add,ATX,ATX,850 W,80+ Gold,Full,Black,0
SeaSonic FOCUS GX-750 ATX 3.0,Add,ATX,ATX,750 W,80+ Gold,Full,Black,5
Corsair SF1000L,,https://cdna.pcpartpicker.com/static/forever/images/product/69f41efe6700ccf556fc1169e8dae4ce.256p.jpg,SFX,1000 W,80+ Gold,Full,Black,4.5
Corsair SF850L,,https://cdna.pcpartpicker.com/static/forever/images/product/d5e4643306487f67e242fb7fc484f7b8.256p.jpg,SFX,850 W,80+ Gold,Full,Black,4.5
Antec GSK ATX3.1,£106.99Add,https://cdna.pcpartpicker.com/static/forever/images/product/1f2b34d92714cd16e410bfd5d81eb1a0.256p.jpg,ATX,850 W,80+ Gold,Full,Black,4.5
Corsair CX600,Add,https://cdna.pcpartpicker.com/static/forever/images/product/406a3c9c2063f1cd7196cbcd4c54ef94.256p.jpg,ATX,600 W,80+ Bronze,No,,4
SAMA P1200,Add,https://cdna.pcpartpicker.com/static/forever/images/product/eeab78550ed652d279719d6f0c349e6d.256p.jpg,ATX,1200 W,80+ Platinum,Full,Black,0
Silverstone TX500-G,109.2,https://cdna.pcpartpicker.com/static/forever/images/product/4d14c9693624095ceaf52d8afe50282d.256p.jpg,TFX,500 W,80+ Gold,No,Black,4
Corsair SF600 (2016),,SFX,SFX,600 W,80+ Gold,Full,Black,4.5
Corsair HX1000 Platinum,Add,ATX,ATX,1000 W,80+ Platinum,Full,,4.5
Corsair CX450M (2015),Out of stock£59.94Add,ATX,ATX,450 W,80+ Bronze,Semi,,4.5
Corsair TX750M Gold,Add,ATX,ATX,750 W,80+ Gold,Semi,,4.5
FSP Group FSP300-57FCB,129.99,https://cdna.pcpartpicker.com/static/forever/images/product/4abcee7b7ea5902ff86c66a848faae82.256p.jpg,Flex ATX,300 W,80+ Gold,Full,Black,0
SeaSonic FOCUS Gold,Add,https://cdna.pcpartpicker.com/static/forever/images/product/507fd1be4dc10d82b1dce8f519e666fb.256p.jpg,ATX,550 W,80+ Gold,Semi,,4.5
MSI MAG A750GN PCIE5,79.99,https://cdna.pcpartpicker.com/static/forever/images/product/48f6db8862885fb7556cbe08b1a22474.256p.jpg,ATX,750 W,80+ Gold,No,Black,0
Asus ROG THOR 1200P,Add,https://cdna.pcpartpicker.com/static/forever/images/product/5b4d3a0c8ba785ed560565371fb5b0a6.256p.jpg,ATX,1200 W,80+ Platinum,Full,Black,5
Deepcool PK650D,Add,https://cdna.pcpartpicker.com/static/forever/images/product/b04e2893d39f59773304f88d85548e31.256p.jpg,ATX,650 W,80+ Bronze,No,Black,4.5
Corsair HX1500i SHIFT,224.99,https://cdna.pcpartpicker.com/static/forever/images/product/05ad1c39e66cb3578b7879e2c7b6943c.256p.jpg,ATX,1500 W,,Full / Side,Black,0
SAMA P850,Add,https://cdna.pcpartpicker.com/static/forever/images/product/094e2ca39eb6ed99bc2035c11fef78f5.256p.jpg,ATX,850 W,80+ Platinum,Full,Black,0
Corsair RM650 (2023),Out of stock£99.55Add,https://cdna.pcpartpicker.com/static/forever/images/product/4c2a36634803871ec36077cba6cbac4f.256p.jpg,ATX,650 W,80+ Gold,Full,Black,4.5
Cooler Master G800,Add,https://cdna.pcpartpicker.com/static/forever/images/product/05147128709c7f92d4dee1b2435014b4.256p.jpg,ATX,800 W,80+ Gold,No,Black,4
Chieftec Vega M,Add,https://cdna.pcpartpicker.com/static/forever/images/product/76cf9b05fdd236f73127e0bee4a35022.256p.jpg,ATX,850 W,80+ Gold,Full,Black / Blue,5
EVGA SuperNOVA 650 G2,,ATX,ATX,650 W,80+ Gold,Full,,4.5
Asus ROG THOR 850P,135.46,https://cdna.pcpartpicker.com/static/forever/images/product/2f8794c5ac50f5b68812752fb408e31c.256p.jpg,ATX,850 W,80+ Platinum,Full,Black / Red,4.5
PowerSpec PS 650BSM,Add,ATX,ATX,650 W,80+ Bronze,Semi,Black,4
Athena Power AP-MFATX40P8,74.98,https://cdna.pcpartpicker.com/static/forever/images/product/393aee74dc2f3be51472cf1496562f3e.256p.jpg,Flex ATX,400 W,80+ Bronze,No,Silver,0
Corsair VS550 (2018),£330.52Add,https://cdna.pcpartpicker.com/static/forever/images/product/44336345ee4ed62b955fe70c46c472fc.256p.jpg,ATX,550 W,80+,No,,4
MSI MPG A1250GS PCIE5,145.47,https://cdna.pcpartpicker.com/static/forever/images/product/65c254c7725d6d542a3dc8acf2148699.256p.jpg,ATX,1250 W,80+ Gold,Full,Black,5
EVGA SuperNOVA 850 GA,295.48,https://cdna.pcpartpicker.com/static/forever/images/product/d508e515424349cdeec86d9b43152c00.256p.jpg,ATX,850 W,80+ Gold,Full,Black,4.5
MSI MAG A500DN,Add,https://cdna.pcpartpicker.com/static/forever/images/product/a82bd8ac3dd5fab06cad47742f6fd2b6.256p.jpg,ATX,500 W,80+,No,Black,4
SeaSonic SSP-300SUG,119,Flex ATX,Flex ATX,300 W,80+ Gold,No,Silver,5
Thermalright TB-650,Add,https://cdna.pcpartpicker.com/static/forever/images/product/01f2899042aab0d458215be78d096c89.256p.jpg,ATX,650 W,80+ Bronze,Full,Black,5
Gigabyte P-B,Out of stock£108.15Add,https://cdna.pcpartpicker.com/static/forever/images/product/c5ba22f3722da72a96698083cf47f9f0.256p.jpg,ATX,650 W,80+ Bronze,No,Black,4
Asus ROG STRIX 1000G,249.99,https://cdna.pcpartpicker.com/static/forever/images/product/fb5ae2930e1fe2c321366e615b780cb1.256p.jpg,ATX,1000 W,80+ Gold,Full,Black,4.5
EVGA 850 GQ,Add,https://cdna.pcpartpicker.com/static/forever/images/product/6526a44f05968a2e6b238ca552f25ae7.256p.jpg,ATX,850 W,80+ Gold,Semi,,4.5
EVGA SuperNOVA 1000 G+,,https://cdna.pcpartpicker.com/static/forever/images/product/dd4747b9744859df33da31b9156fba02.256p.jpg,ATX,1000 W,80+ Gold,Full,Black,5
EVGA 500 BQ,Add,ATX,ATX,500 W,80+ Bronze,Semi,,4.5
EVGA 750 BQ,Add,https://cdna.pcpartpicker.com/static/forever/images/product/eacfd7e698906919e899240734a0262b.256p.jpg,ATX,750 W,80+ Bronze,Semi,,4.5
NZXT C850 (2022),Out of stock£100.99Add,ATX,ATX,850 W,80+ Gold,Full,Black,4.5
FSP Group Hydro G Pro,Add,https://cdna.pcpartpicker.com/static/forever/images/product/de7d1c7b1b6206da83e8caf02eeaf2e2.256p.jpg,ATX,850 W,80+ Gold,Full,Black,5
Silverstone HELA,540.99,https://cdna.pcpartpicker.com/static/forever/images/product/9c9639e52f92dce6daf30dc4423b1cda.256p.jpg,ATX,2050 W,Full,Full,Black / White,0
ASRock Steel Legend SL-750G,Add,https://cdna.pcpartpicker.com/static/forever/images/product/8f8de8e95197d5ee3751a8a181e69831.256p.jpg,ATX,750 W,80+ Gold,Full,Black,5
Corsair TX550M Gold,Add,ATX,ATX,550 W,80+ Gold,Semi,,4.5
ASRock Steel Legend SL-1200G,,https://cdna.pcpartpicker.com/static/forever/images/product/86500b70d0de9d566e286895462c9b24.256p.jpg,ATX,1200 W,80+ Gold,Full,Black,5
be quiet! System Power 10,Out of stock£71.99Add,https://cdna.pcpartpicker.com/static/forever/images/product/62626498104ab694ca38b6996eb58acb.256p.jpg,ATX,550 W,80+ Bronze,No,Black,4
ENDORFY Vero L5,38.25,https://cdna.pcpartpicker.com/static/forever/images/product/bce8470b4d5e51c9fe52d7e17af4c39d.256p.jpg,ATX,600 W,80+ Bronze,No,Black,5
EVGA 650 BQ,Add,ATX,ATX,650 W,80+ Bronze,Semi,,4.5
Gigabyte UD850GM,£99.99Add,https://cdna.pcpartpicker.com/static/forever/images/product/2fd893bbd3486b3f2878a98bb949e0bb.256p.jpg,ATX,850 W,80+ Gold,Full,Black,4
Cooler Master V650 SFX GOLD,,SFX,SFX,650 W,80+ Gold,Full,Black,4
Corsair RM1000e (2022),Add,https://cdna.pcpartpicker.com/static/forever/images/product/46c4b5b61ad3f8ed2688995b85520a68.256p.jpg,ATX,1000 W,80+ Gold,Full,Black,4.5
Thermaltake Smart W3,Add,https://cdna.pcpartpicker.com/static/forever/images/product/cb210d337d5c48b964241b04c4212fb8.256p.jpg,ATX,500 W,80+,No,Black,0
SeaSonic S12III,Add,https://cdna.pcpartpicker.com/static/forever/images/product/779d0e1e131d6b129fb788443f95b407.256p.jpg,ATX,650 W,80+ Bronze,No,Black,4.5
be quiet! System Power 9,Add,https://cdna.pcpartpicker.com/static/forever/images/product/c55ce37a8e56f3fa8edb0fb71bed9bfa.256p.jpg,ATX,600 W,80+ Bronze,No,Black,4.5
Corsair CX650F,Add,https://cdna.pcpartpicker.com/static/forever/images/product/485b17b5d30e87eeb5d4537cfbffcf45.256p.jpg,ATX,650 W,80+ Bronze,Full,Black,4.5
EVGA SuperNOVA 1200 P2,,https://cdna.pcpartpicker.com/static/forever/images/product/c14c18dd7beb129405b0df6189c9e66b.256p.jpg,ATX,1200 W,80+ Platinum,Full,,4.5
Lian Li SP750,229.03,https://cdna.pcpartpicker.com/static/forever/images/product/db355edbb98f99d3bb64db1cd6a8e179.256p.jpg,SFX,750 W,80+ Gold,Full,White,4
Cooler Master M2000,Add,https://cdna.pcpartpicker.com/static/forever/images/product/ab7d9f4a7893e86c2b671868cdddc250.256p.jpg,ATX,2000 W,80+ Platinum,Full,Black,0
Cooler Master MWE Bronze V2,Add,https://cdna.pcpartpicker.com/static/forever/images/product/d362cef866c7c705972003a8fa724000.256p.jpg,ATX,650 W,80+ Bronze,No,Black,3.5
Cooler Master MWE Bronze 550 V3 230V,,https://cdna.pcpartpicker.com/static/forever/images/product/6d7e86a33d1ecefd471ef7581b99f447.256p.jpg,ATX,550 W,80+ Bronze,No,Black,3
ASRock SL-1000P,Add,https://cdna.pcpartpicker.com/static/forever/images/product/a3000dc4952c3a7bc375bf3dc61a27f1.256p.jpg,ATX,1000 W,80+ Platinum,Full,Black,0
Azza PSAZ-750W,Add,https://cdna.pcpartpicker.com/static/forever/images/product/3c70a5b2d368c8b41e06cfccd6b8e20f.256p.jpg,ATX,750 W,80+ Bronze,No,Black,0
SeaSonic PRIME Fanless,Add,ATX,ATX,700 W,80+ Titanium,Full,Black,4.5
Asus TUF Gaming B,137.37,https://cdna.pcpartpicker.com/static/forever/images/product/da19df68c60fc5677ab341a161d4413d.256p.jpg,ATX,550 W,80+ Bronze,No,Black,5
GameMax RGB Rainbow,44.99,https://cdna.pcpartpicker.com/static/forever/images/product/3d9c70e9fce36a40c8d35f3bd7a0f52b.256p.jpg,ATX,550 W,80+ Gold,Full,Black,0
Corsair HX650,699.34,ATX,ATX,650 W,80+ Gold,Semi,,4
Deepcool GamerStorm PQ750G,Add,,ATX,750 W,80+ Gold,Full,Black,0
Cougar GEX,136.36,https://cdna.pcpartpicker.com/static/forever/images/product/ee8f9e57709f443b0be742465124893e.256p.jpg,ATX,750 W,80+ Gold,Full,Black,4
Corsair CX750M V2 (2017 Edition),Add,https://cdna.pcpartpicker.com/static/forever/images/product/2270bd342ea70e489285478e6a36fc24.256p.jpg,ATX,750 W,80+ Bronze,Semi,Black / White,4
Rosewill CMG1000G5,99.99,ATX,ATX,1000 W,80+ Gold,Full,Black,0
Cooler Master V SFX Platinum,305.47,https://cdna.pcpartpicker.com/static/forever/images/product/343301e7c7c93040adb3e78a9d323112.256p.jpg,SFX,1100 W,80+ Platinum,Full,Black,4.5
Corsair RM750x White (2018),Add,https://cdna.pcpartpicker.com/static/forever/images/product/78afeb3cab692533f7fad2eba2975750.256p.jpg,ATX,750 W,80+ Gold,Full,White / Black,4.5
Gigabyte UD850GM PG5 (rev. 2.0),92.94,https://cdna.pcpartpicker.com/static/forever/images/product/5fcee95f3b93aa8bd881c7aae7bc4e0a.256p.jpg,ATX,850 W,80+ Gold,Full,Black,5
Corsair HX1000i SHIFT,206.31,https://cdna.pcpartpicker.com/static/forever/images/product/f51adbfc14c24903abd7205388434cda.256p.jpg,ATX,1000 W,,Full / Side,Black,0
SHARKOON Rebel P20 SFX,179.53,https://cdna.pcpartpicker.com/static/forever/images/product/a469f53d39588d09c706ee356c02b458.256p.jpg,SFX,750 W,80+ Platinum,Full,Black,0
Deepcool PF750 230V,Add,https://cdna.pcpartpicker.com/static/forever/images/product/f0c925002146f91a514daecd920f5a54.256p.jpg,ATX,750 W,80+,No,Black,0
Cooler Master MWE 500,Add,https://cdna.pcpartpicker.com/static/forever/images/product/9c130d31e723d754f646390411aa032c.256p.jpg,ATX,500 W,80+,No,Black,5
Silverstone SX700-PT,187.03,SFX,SFX,700 W,80+ Platinum,Full,Black,4
NZXT C650 (2022),Out of stock£94.99Add,ATX,ATX,650 W,80+ Gold,Full,Black,5
NZXT C750 (2022),Out of stock£91.99Add,ATX,ATX,750 W,80+ Gold,Full,Black,4.5
Silverstone TX700-G,139.99,https://cdna.pcpartpicker.com/static/forever/images/product/7e9ddc1020c497683a9264ffe821dc2d.256p.jpg,TFX,700 W,80+ Gold,No,Black,5
Xilence XP500R6,Add,https://cdna.pcpartpicker.com/static/forever/images/product/7cfc7e81a5e3b77b4d14ca3b214cb406.256p.jpg,ATX,500 W,false,No,Black / Red,3
ASRock Phantom Gaming PG-850G,134.99,https://cdna.pcpartpicker.com/static/forever/images/product/570c93c20fb5424ff85c5da1f825863f.256p.jpg,ATX,850 W,80+ Gold,Full,Black,1
ASRock SL-850P,Add,https://cdna.pcpartpicker.com/static/forever/images/product/2f1ae0da8a957c9c14a03d879d0ee495.256p.jpg,ATX,850 W,80+ Platinum,Full,Black,0
EVGA SuperNOVA 1000 G3,Add,https://cdna.pcpartpicker.com/static/forever/images/product/ea6579129aa2c76b3d1c399ab9b7b0a0.256p.jpg,ATX,1000 W,80+ Gold,Full,,4.5
EVGA SuperNOVA 750 GA,Add,ATX,ATX,750 W,80+ Gold,Full,Black,4.5
Aerocool Integrator,37.99,https://cdna.pcpartpicker.com/static/forever/images/product/92f02e5cf3c4f6897d314beb5ea48422.256p.jpg,ATX,500 W,80+ Bronze,No,Black,4
EVGA SuperNOVA 750 G5,Add,https://cdna.pcpartpicker.com/static/forever/images/product/2962078ca09cdf6f4c8e9f99c01cfe4a.256p.jpg,ATX,750 W,80+ Gold,Full,Black / Green,4.5
Thermalright TG,Add,https://cdna.pcpartpicker.com/static/forever/images/product/2b3ce0b66499573fd3c1330978ff2aa8.256p.jpg,ATX,850 W,80+ Gold,Full,Black,4
MSI MPG A650GF,Add,https://cdna.pcpartpicker.com/static/forever/images/product/69c7679bbfccb706c80f41b452d36f54.256p.jpg,ATX,650 W,80+ Gold,Full,Black,4.5
Thermaltake Toughpower GF3 Snow,239.02,ATX,ATX,1200 W,80+ Gold,Full,White,4
EVGA 1000 GQ,285.48,https://cdna.pcpartpicker.com/static/forever/images/product/ed2b65163a469142ad0460bcfadf4850.256p.jpg,ATX,1000 W,80+ Gold,Semi,,4.5
Gigabyte UD-GM PG5,148.37,https://cdna.pcpartpicker.com/static/forever/images/product/71a63db2267f43304efa03516e480eb1.256p.jpg,ATX,850 W,80+ Gold,Full,White,5
ASRock SL-1200P,Add,https://cdna.pcpartpicker.com/static/forever/images/product/b083d7ca46beb746b226fa7525a35618.256p.jpg,ATX,1200 W,80+ Platinum,Full,Black,0
ASRock Challenger CL-650G,Add,https://cdna.pcpartpicker.com/static/forever/images/product/799650951eb7ffb803e8c1bbe4e11eeb.256p.jpg,ATX,650 W,80+ Gold,No,Black,0
Vida Lite,Out of stock£26.99Add,https://cdna.pcpartpicker.com/static/forever/images/product/2e70d7c31040c26b20fc9a4ef5692f29.256p.jpg,ATX,500 W,false,No,Black,0
EVGA SuperNOVA 650 GM,Add,https://cdna.pcpartpicker.com/static/forever/images/product/72d94e57cdd11623fd1696e8ee343952.256p.jpg,SFX,650 W,80+ Gold,Full,Black,4.5
Rosewill CMG850,Add,ATX,ATX,850 W,80+ Gold,Full,Black,5
EVGA SuperNOVA 1300 G2,Add,ATX,ATX,1300 W,80+ Gold,Full,,4.5
Asus ROG-STRIX-850G,Add,https://cdna.pcpartpicker.com/static/forever/images/product/ed389950ed8edcbe841a379aea923139.256p.jpg,ATX,850 W,80+ Gold,Full,Black,4.5
EVGA SuperNOVA 650 GT,Add,https://cdna.pcpartpicker.com/static/forever/images/product/73bfc08ebedbbebd39d7967a51a4f881.256p.jpg,ATX,650 W,80+ Gold,Full,Black,4.5
Corsair HX850 Platinum,Add,ATX,ATX,850 W,80+ Platinum,Full,,4.5
be quiet! Straight Power 11 750W,Out of stock£124.00Add,ATX,ATX,750 W,80+ Gold,Full,,4.5
Deepcool GamerStorm PQ1000G,Add,,ATX,1000 W,80+ Gold,Full,Black,0
Silverstone SX500-G,113.22,https://cdna.pcpartpicker.com/static/forever/images/product/c011e909a23ae134119f5be65fe97630.256p.jpg,SFX,500 W,80+ Gold,Full,Black,4
Gigabyte UD850GM-A,133.1,https://cdna.pcpartpicker.com/static/forever/images/product/55936b13c037127faa37d94d6879a404.256p.jpg,ATX,850 W,80+ Gold,Full,Black,0
Corsair RM650,Add,https://cdna.pcpartpicker.com/static/forever/images/product/a38a5e58ca04694a62916472ca4bd704.256p.jpg,ATX,650 W,80+ Gold,Full,Black,4.5
Corsair CX600M,Add,ATX,ATX,600 W,80+ Bronze,Semi,,4.5
Corsair HX1200i SHIFT,244,https://cdna.pcpartpicker.com/static/forever/images/product/aaddf1351428b2c835328aa973e1b1a4.256p.jpg,ATX,1200 W,,Full / Side,Black,0
PowerSpec PSX 850GFM,Add,ATX,ATX,850 W,80+ Gold,Full,Black,4
MSI MAG A550BNL,Out of stock£34.00Add,https://cdna.pcpartpicker.com/static/forever/images/product/b3ac3995d974702a8b94d4186abbc127.256p.jpg,ATX,550 W,80+ Bronze,No,Black,0
MSI MAG A-GL PCIE5 II,199.5,https://cdna.pcpartpicker.com/static/forever/images/product/f5e81b534007785a40d1bc850c6ace3d.256p.jpg,ATX,1000 W,80+ Gold,Full,Black,0
Deepcool PF350 230V,,https://cdna.pcpartpicker.com/static/forever/images/product/bb2cd1d07ef6599cc096a3f760d25d28.256p.jpg,ATX,350 W,80+,No,Black,0
Sparkle FSP300-60ATV,59.99,ATX,ATX,300 W,false,No,,0
SeaSonic FOCUS PX,Out of stock£181.99Add,https://cdna.pcpartpicker.com/static/forever/images/product/a39289b41b92d2d387a165aca1af3c9d.256p.jpg,ATX,850 W,80+ Platinum,Full,Black,5
Deepcool PF650 230V,Add,https://cdna.pcpartpicker.com/static/forever/images/product/1aeecabf9e99952424d424b2f38c5b00.256p.jpg,ATX,650 W,80+,No,Black,0
Deepcool GamerStorm PN1000M,Add,https://cdna.pcpartpicker.com/static/forever/images/product/797140e6db470731353f68321093eeb8.256p.jpg,ATX,1000 W,80+ Gold,Full,Black,0
Corsair RM750x White,Add,https://cdna.pcpartpicker.com/static/forever/images/product/38d41facbd81035d7f5d31bbe1b4af82.256p.jpg,ATX,750 W,80+ Gold,Full,White / Black,4.5
Corsair CS650M,Add,https://cdna.pcpartpicker.com/static/forever/images/product/e7b8ee28f9e577be4a4699b25a54390b.256p.jpg,ATX,650 W,80+ Gold,Semi,,4.5
EVGA 850 BQ,Add,https://cdna.pcpartpicker.com/static/forever/images/product/02d101ec2b2520ba9648d2fe5226d019.256p.jpg,ATX,850 W,80+ Bronze,Semi,,4.5
Corsair VS650 (2018),Add,https://cdna.pcpartpicker.com/static/forever/images/product/ea914069ae8d9294b8fdd5aee10a3e7b.256p.jpg,ATX,650 W,80+,No,,4.5
Cooler Master V Platinum V2,£280.42Add,https://cdna.pcpartpicker.com/static/forever/images/product/2dd6390872f11da6dee770e09ad832cd.256p.jpg,ATX,1600 W,80+ Platinum,Full,Black / Purple,2
PowerSpec PS 650GSM,Add,ATX,ATX,650 W,80+ Gold,Semi,Black,4.5
Antec CSK,71.95,https://cdna.pcpartpicker.com/static/forever/images/product/212d4988bf00a133481f4d2c997624f3.256p.jpg,ATX,750 W,80+ Bronze,Semi,Black / Yellow,0
Corsair RM850 (2019),Add,https://cdna.pcpartpicker.com/static/forever/images/product/3890f047bb5f8abb3f887ee40d27867e.256p.jpg,ATX,850 W,80+ Gold,Full,Black,4.5
EVGA SuperNOVA 850 GM,Add,SFX,SFX,850 W,80+ Gold,Full,Black,4.5
be quiet! Pure Power 11 600,Out of stock£80.99Add,https://cdna.pcpartpicker.com/static/forever/images/product/1b3a49741cf91eed4735632ad37e1cf1.256p.jpg,ATX,600 W,80+ Gold,No,Black,5
Super Flower Leadex III Gold,Add,https://cdna.pcpartpicker.com/static/forever/images/product/ddf30eb493b0cb3230e1d063ea7f358d.256p.jpg,ATX,850 W,80+ Gold,Full,Black,4.5
PowerSpec PS 750BSM,Add,ATX,ATX,750 W,80+ Bronze,Semi,Black,4
Silverstone HELA 1200R,266.54,ATX,ATX,1200 W,80+ Platinum,Full,Black,5
Corsair CX430,Add,https://cdna.pcpartpicker.com/static/forever/images/product/e5e4f42214870f9577093c49a214fe07.256p.jpg,ATX,430 W,80+ Bronze,No,,4
GameMax RGB Pro,Add,ATX,ATX,850 W,80+ Gold,Full,White,0
Deepcool PN650M,72.67,https://cdna.pcpartpicker.com/static/forever/images/product/8b03bb34e6d924a14665d218bfa6802b.256p.jpg,ATX,650 W,80+ Gold,Full,Black,4
Corsair HX750i,Add,https://cdna.pcpartpicker.com/static/forever/images/product/17c0298b366edf62d9a00f5a61e1917c.256p.jpg,ATX,750 W,80+ Platinum,Full,,4.5
ENDORFY Supremo FM6,93,https://cdna.pcpartpicker.com/static/forever/images/product/089cae677a05ec17d24c85de9a616d6b.256p.jpg,ATX,850 W,80+ Gold,Full,Black,0
EVGA SuperNOVA 550 GM,Add,https://cdna.pcpartpicker.com/static/forever/images/product/cec2fcf0b99d1a073248e419f805990e.256p.jpg,SFX,550 W,80+ Gold,Full,Black,4.5
EVGA SuperNOVA 650 G+,331.85,https://cdna.pcpartpicker.com/static/forever/images/product/cef75cc13e5787d7c29760e9087905f4.256p.jpg,ATX,650 W,80+ Gold,Full,Black,4.5
SeaSonic PRIME PX-1300,Add,https://cdna.pcpartpicker.com/static/forever/images/product/572836a3f2fc8ee586ff3ad85d979e7e.256p.jpg,ATX,1300 W,80+ Platinum,Full,Black,5
Corsair VS450,Add,https://cdna.pcpartpicker.com/static/forever/images/product/c6bf9f463e6214057bbad6a610f8d9d4.256p.jpg,ATX,450 W,80+,No,,4.5
Corsair CX750F,Add,https://cdna.pcpartpicker.com/static/forever/images/product/94c9730b0091177a715d9a9c7f51ae08.256p.jpg,ATX,750 W,80+ Bronze,Full,Black,4.5
Inter-Tech Argus APS,87.99,https://cdna.pcpartpicker.com/static/forever/images/product/eb08abd4b283f558d3f3d239046afb03.256p.jpg,ATX,720 W,false,No,Black / Orange,2
1STPLAYER NGDP,Add,ATX,ATX,750 W,80+ Gold,Full,Black,0
EVGA SuperNOVA 650 G5,Add,https://cdna.pcpartpicker.com/static/forever/images/product/88264eb920d32643130343d8f17b532b.256p.jpg,ATX,650 W,80+ Gold,Full,Black / Green,4.5
SeaSonic Prime Fanless PX-500,175.47,ATX,ATX,500 W,80+ Platinum,Full,Black,0
Deepcool PK550D,Add,https://cdna.pcpartpicker.com/static/forever/images/product/b04e2893d39f59773304f88d85548e31.256p.jpg,ATX,550 W,80+ Bronze,No,Black,0
In Win IP-S200DF1-0,,TFX,TFX,200 W,false,No,Silver,0
Corsair GS800,Add,ATX,ATX,800 W,80+ Bronze,No,,4.5
Corsair CX500,Add,https://cdna.pcpartpicker.com/static/forever/images/product/6ef8c3b4a071123523d11638584c2596.256p.jpg,ATX,500 W,80+ Bronze,No,,4
EVGA SuperNOVA 1600 G+,Add,https://cdna.pcpartpicker.com/static/forever/images/product/060217c42c4cf4740c62d9503fb5cd0a.256p.jpg,ATX,1600 W,80+ Gold,Full,Black,5
SeaSonic G12 GM,Add,https://cdna.pcpartpicker.com/static/forever/images/product/fb317ca4f40a87d0c432cde60e802884.256p.jpg,ATX,750 W,80+ Gold,Semi,Black / Blue,5
Corsair CX550M (2021),£336.98Add,ATX,ATX,550 W,80+ Bronze,Semi,Black,0
EVGA 550 B5,Add,ATX,ATX,550 W,80+ Bronze,Full,Black,4.5
EVGA SuperNOVA 1000 G5,Add,https://cdna.pcpartpicker.com/static/forever/images/product/945f04965046a028e6b2ce5a81524d9e.256p.jpg,ATX,1000 W,80+ Gold,Full,Black / Green,4.5
Cooler Master MWE Gold 650,Add,https://cdna.pcpartpicker.com/static/forever/images/product/de8b79f083c854e563d6818eca096628.256p.jpg,ATX,650 W,80+ Gold,No,Black,5
Cooler Master Elite V3,Add,https://cdna.pcpartpicker.com/static/forever/images/product/1fb1b2320c4a33c6b5886ddb117c6527.256p.jpg,ATX,600 W,80+,No,Black,4.5
Corsair HX750 Platinum,£830.12Add,ATX,ATX,750 W,80+ Platinum,Full,,4.5
EVGA 650 B5,Add,ATX,ATX,650 W,80+ Bronze,Full,Black,4.5
Corsair HX850i,Add,https://cdna.pcpartpicker.com/static/forever/images/product/18e4f2bc88d0b8106ff6fea320f2323d.256p.jpg,ATX,850 W,80+ Platinum,Full,,4.5
MSI MPG A1250GS PCIE5 II,232.82,https://cdna.pcpartpicker.com/static/forever/images/product/a85055028a1fe0f03bdac809fadb5bb8.256p.jpg,ATX,1250 W,80+ Gold,Full,Black,0
MSI MPG A1000GS PCIE5 II,,https://cdna.pcpartpicker.com/static/forever/images/product/b320c7bbc6498dbf1ad5681ebf44d09c.256p.jpg,ATX,1000 W,80+ Gold,Full,Black,0
MSI MPG A850GF,Out of stock£119.99Add,https://cdna.pcpartpicker.com/static/forever/images/product/a17f19b8ff57ed588541561adb18e3f2.256p.jpg,ATX,850 W,80+ Gold,Full,Black,4.5
Silverstone Extreme Rz,149.99,,SFX,550 W,80+ Gold,Full,Black,0
Apevia ATX-PR850W PCIE5.0,Add,ATX,ATX,850 W,80+ Gold,No,Black,0
EVGA SuperNOVA 1600 P+,Add,ATX,ATX,1600 W,80+ Platinum,Full,Black,4.5
EVGA SuperNOVA 1000 P2,Add,ATX,ATX,1000 W,80+ Platinum,Full,,4.5
EVGA SuperNOVA 850 G6,338.44,https://cdna.pcpartpicker.com/static/forever/images/product/ce5dff864e7aa7518219eb59eb2616c6.256p.jpg,ATX,850 W,80+ Gold,Full,Black,4.5
SeaSonic PRIME TX-850,Out of stock£265.00Add,https://cdna.pcpartpicker.com/static/forever/images/product/5462c083781345bd7c5abeb837a488a8.256p.jpg,ATX,850 W,80+ Titanium,Full,Black,5
EVGA 400 N1,Add,https://cdna.pcpartpicker.com/static/forever/images/product/76a0d0242e8ba0fb8415fc6f154ee3cb.med.256p.jpg,ATX,400 W,false,No,,4
Gigabyte UD1000GM,Out of stock£137.92Add,https://cdna.pcpartpicker.com/static/forever/images/product/36a1106bfef38acdd03cdaf5ba5c8a08.256p.jpg,ATX,1000 W,80+ Gold,Full,Black,5
Corsair SF450 (2016),,SFX,SFX,450 W,80+ Gold,Full,Black,4.5
Mars Gaming MPIII750,49.9,ATX,ATX,750 W,false,No,White,5
GAMDIAS HELIOS P2-850G,Add,ATX,ATX,850 W,80+ Gold,No,Black,0
MSI MPG A750GF WHITE,Add,https://cdna.pcpartpicker.com/static/forever/images/product/b556d0abb91a467b6d2c73a8f08302e3.256p.jpg,ATX,750 W,80+ Gold,Full,White,5
Antec NE1000G M White ATX 3.0,Out of stock£134.99Add,https://cdna.pcpartpicker.com/static/forever/images/product/b6d27806261945cf56ad666dd4e451de.256p.jpg,ATX,1000 W,80+ Gold,Full,White,5
EVGA SuperNOVA 850 P2,Add,https://cdna.pcpartpicker.com/static/forever/images/product/0f2c0a7aa202d2be52dd352d178f7b84.256p.jpg,ATX,850 W,80+ Platinum,Full,,4.5
Silverstone SX1000-LPT,214.98,https://cdna.pcpartpicker.com/static/forever/images/product/7eb5273ec88fa51b14edb4ccaf0f9119.256p.jpg,SFX,1000 W,80+ Platinum,Full,Black,4.5
Silverstone SX650-G,,https://cdna.pcpartpicker.com/static/forever/images/product/8dd0a8fb704d1fedf6b22afd773cff97.256p.jpg,SFX,650 W,80+ Gold,Full,Black,4
Thermalright TR-SGFX 650,,https://cdna.pcpartpicker.com/static/forever/images/product/3f167d102247b63d73d2951a4a81f8b8.256p.jpg,SFX,650 W,80+ Gold,Full,Black,0
Corsair Vengeance 650M,79.98,https://cdna.pcpartpicker.com/static/forever/images/product/fd74dc1f836bfa5e87349a2ecc82ffb3.256p.jpg,ATX,650 W,80+ Silver,Semi,Black,5
Thermalright TP,Add,https://cdna.pcpartpicker.com/static/forever/images/product/2b67dce79197cd3eafbbcdbd00ed1e33.256p.jpg,ATX,850 W,80+ Platinum,Full,Black,0
SeaSonic FOCUS Plus 550 Gold,Add,ATX,ATX,550 W,80+ Gold,Full,,4.5
FSP Group HV PRO,Add,ATX,ATX,650 W,80+,No,Black,4
Corsair AX1200i,Add,https://cdna.pcpartpicker.com/static/forever/images/product/13031f8f694817b3315092e7cb985d9d.256p.jpg,ATX,1200 W,80+ Platinum,Full,,4.5
be quiet! Straight Power 11 650W,Out of stock£107.99Add,ATX,ATX,650 W,80+ Gold,Full,,4.5
Silverstone Strider Platinum S,149.99,https://cdna.pcpartpicker.com/static/forever/images/product/9b4784f0c87eaeaa10bc83491aa52422.256p.jpg,ATX,1000 W,80+ Platinum,Full,Black,0
Xilence XP600R6,Add,https://cdna.pcpartpicker.com/static/forever/images/product/5b1ec52685b70f9f36d952da40e897e5.256p.jpg,ATX,600 W,false,No,Black / Red,0
Silverstone DA650 Gold,Out of stock£103.00Add,https://cdna.pcpartpicker.com/static/forever/images/product/c4b4fffc5784ca914212f163b83928c5.256p.jpg,ATX,650 W,80+ Gold,Full,Black / White,5
EVGA 500 GD,Add,https://cdna.pcpartpicker.com/static/forever/images/product/d0942c9c2e9216eccf77b6a59fbca6b0.256p.jpg,ATX,500 W,80+ Gold,No,Black,4.5
SeaSonic M12II,Add,https://cdna.pcpartpicker.com/static/forever/images/product/c1bcd231838c0181543f20e95f9680fd.256p.jpg,ATX,620 W,80+ Bronze,Full,,4.5
be quiet! Straight Power 11 850W,Out of stock£142.00Add,https://cdna.pcpartpicker.com/static/forever/images/product/39c4babc2909ab78720fa3010cf0be52.256p.jpg,ATX,850 W,80+ Gold,Full,,4.5
Thermaltake Toughpower Grand RGB,Add,https://cdna.pcpartpicker.com/static/forever/images/product/162e04ba3833a2563b77abea5b2f532c.256p.jpg,ATX,850 W,80+ Gold,Full,,4.5
PowerSpec GFM,Add,ATX,ATX,750 W,80+ Gold,Full,Black,3.5
Inter-Tech Argus RGB II,72.7,ATX,ATX,600 W,80+ Bronze,No,Black,0
ADATA XPG CORE Reactor 750,Add,https://cdna.pcpartpicker.com/static/forever/images/product/4209ee183a6b7cc2adae27739e2ade8c.256p.jpg,ATX,750 W,80+ Gold,Full,Black,4.5
Corsair TX850M Gold,Add,https://cdna.pcpartpicker.com/static/forever/images/product/a80cb70e1baac5de2239f4393afdb96e.256p.jpg,ATX,850 W,80+ Gold,Semi,,4.5
EVGA 430 W1,Add,ATX,ATX,430 W,80+,No,,4.5
Athena Power AP-MFATX40,,Mini ITX,Mini ITX,400 W,80+ Bronze,No,Silver,0
Corsair CX750 (2017),Add,ATX,ATX,750 W,80+ Bronze,No,,4
Corsair AX760,Add,https://cdna.pcpartpicker.com/static/forever/images/product/ff7f60bf934176abc59a290342e1522a.256p.jpg,ATX,760 W,80+ Platinum,Full,,4.5
Corsair TX650M,Add,https://cdna.pcpartpicker.com/static/forever/images/product/ce3656f89d1a4d937f4390362cdfab3a.256p.jpg,ATX,650 W,80+ Gold,Semi,Black,4.5
Corsair RMx SHIFT (2025),245.47,https://cdna.pcpartpicker.com/static/forever/images/product/95cc91e9737fe3643449f27fcfd5796e.256p.jpg,ATX,1000 W,,Full / Side,Black,5
SeaSonic VERTEX GX-850,Out of stock£199.00Add,https://cdna.pcpartpicker.com/static/forever/images/product/51419499a1bcb01da5cd42e00a08973e.256p.jpg,ATX,850 W,80+ Gold,Full,Black / Silver,4
Deepcool PL550D,Add,https://cdna.pcpartpicker.com/static/forever/images/product/9ee96af4fbfe40de451a9d3db9ba7e9a.256p.jpg,ATX,550 W,80+ Bronze,No,Black,0
SeaSonic Core GC,Out of stock£76.99Add,https://cdna.pcpartpicker.com/static/forever/images/product/b95f70942887be6e60372bd500baafa4.256p.jpg,ATX,650 W,80+ Gold,No,Black,4
Aerocool LUX RGB 750M (230V EU),Add,https://cdna.pcpartpicker.com/static/forever/images/product/b95a6233f0134e16af6a6e1faefd043f.256p.jpg,ATX,750 W,80+ Bronze,Semi,Black,0
EVGA SuperNOVA 1200 P3,Add,ATX,ATX,1200 W,80+ Platinum,Full,Black / Silver,5
Corsair AX850,Add,ATX,ATX,850 W,80+ Titanium,Full,Black / Silver,4.5
Corsair HX850,Add,https://cdna.pcpartpicker.com/static/forever/images/product/e628209a5140343c1b84ac029eca34ac.256p.jpg,ATX,850 W,80+ Platinum,Full,Black,5
PC Cooler KN650,Add,,ATX,650 W,80+ Gold,Full,Black,4
High Power PG-750,Add,ATX,ATX,750 W,false,No,Black,0
Apex AL-8250SFX,83.71,https://cdna.pcpartpicker.com/static/forever/images/product/4ff48ca0b7afbdad8e8dd2ceddb9f31f.med.256p.jpg,SFX,250 W,false,No,Silver,2.5
EVGA 750 B5,Add,ATX,ATX,750 W,80+ Bronze,Full,Black,5
Thermalright KG-650,Add,,ATX,650 W,80+ Gold,Full,Black,0
SeaSonic FOCUS Plus Platinum,Add,https://cdna.pcpartpicker.com/static/forever/images/product/3f102f6accc41e69cdba76a63259abae.256p.jpg,ATX,750 W,80+ Platinum,Full,,4.5
EVGA 600 B1,Out of stock£85.00Add,ATX,ATX,600 W,80+ Bronze,No,,4
ASRock Steel Legend SL-1200GW,£154.16Add,https://cdna.pcpartpicker.com/static/forever/images/product/b05aa73cae30b3785615c2388e333175.256p.jpg,ATX,1200 W,80+ Gold,Full,White,0
FSP Group VITA GD,84.75,https://cdna.pcpartpicker.com/static/forever/images/product/4ea7d93243b25074ff601eac208b7e0a.256p.jpg,ATX,850 W,80+ Gold,No,Black,0
NZXT C1000 (2022),139.99,ATX,ATX,1000 W,80+ Gold,Full,Black,4.5
EVGA GE,Add,ATX,ATX,800 W,80+ Gold,No,Black,5
Cooler Master MWE BRONZE 750 V3,Out of stock£68.99Add,https://cdna.pcpartpicker.com/static/forever/images/product/a38009ed384a072cdf5cb83be626c1b7.256p.jpg,ATX,750 W,80+ Bronze,No,Black,5
Fractal Design Ion SFX 650G,Add,SFX,SFX,650 W,80+ Gold,Full,Black,4.5
Corsair G800,Add,ATX,ATX,800 W,80+,No,,4.5
Montech TITAN GOLD 850W,89.99,https://cdna.pcpartpicker.com/static/forever/images/product/077f9e8de9568e193054b59a23d8d95a.256p.jpg,ATX,850 W,80+ Gold,Full,Black,5
SHARKOON Rebel P20 750,Add,https://cdna.pcpartpicker.com/static/forever/images/product/156a6530abcf9ca190cf809d689662f7.256p.jpg,ATX,750 W,Full,Full,Black,0
Phanteks Revolt SFX,179.99,https://cdna.pcpartpicker.com/static/forever/images/product/b08c7d229c10343a41a220d56b188268.256p.jpg,SFX,850 W,80+ Platinum,Full,Black,5
EVGA SuperNOVA 750 GM,Add,https://cdna.pcpartpicker.com/static/forever/images/product/1a66c2484c144e3b5dd0d8f80ebbb036.256p.jpg,SFX,750 W,80+ Gold,Full,Black,4.5
Corsair CX450 (2017),Add,https://cdna.pcpartpicker.com/static/forever/images/product/dd6ceded5a518118407b00b140f71c1a.256p.jpg,ATX,450 W,80+ Bronze,No,,4.5
EVGA SuperNOVA 750 G+,Add,https://cdna.pcpartpicker.com/static/forever/images/product/31929d5b12294aac44aed9640786458b.256p.jpg,ATX,750 W,80+ Gold,Full,Black,4.5
Thermaltake Toughpower GF A3 ATX 3.0,Add,ATX,ATX,850 W,80+ Gold,Full,Black,4.5
Silverstone Extreme 1200R Platinum,316,https://cdna.pcpartpicker.com/static/forever/images/product/544607f455e930943377aec4e6689055.256p.jpg,SFX,1200 W,Full,Full,Black,0
Gigabyte UD1000GM PG5 (rev. 2.0),184.23,https://cdna.pcpartpicker.com/static/forever/images/product/57c3b482e6f4ab64bb5406715273ca8a.256p.jpg,ATX,1000 W,80+ Gold,Full,Black,4.5
Chieftec Vega,Add,,ATX,850 W,80+ Gold,No,Black / Blue,0
Antec EarthWatts Platinum,178.94,ATX,ATX,550 W,80+ Platinum,No,,4
Cooler Master Elite NEX White W700 Black Mesh 230V,69.48,ATX,ATX,700 W,80+,No,Black,4
Thermalright KG-750,Add,,ATX,750 W,80+ Gold,Full,Black,0
Thermaltake Litepower,Add,https://cdna.pcpartpicker.com/static/forever/images/product/8e5221b2f3aa8a7c9d91e7e786b35799.256p.jpg,ATX,650 W,false,No,,4
Rosewill CMG1200G5,Add,ATX,ATX,1200 W,80+ Gold,Full,Black,0
NOX URANO VX,Add,https://cdna.pcpartpicker.com/static/forever/images/product/ad5880d976356745ec039fd28c4c4fc3.256p.jpg,ATX,650 W,80+ Bronze,No,Black / Orange,0
GAMDIAS KRATOS M1 B,Add,https://cdna.pcpartpicker.com/static/forever/images/product/1e88a2807ce5b6e9ea81b8665f6921b1.256p.jpg,ATX,600 W,80+ Bronze,No,Black,0
GAMDIAS KRATOS P1 G,Add,https://cdna.pcpartpicker.com/static/forever/images/product/13c1c9ee39bf5c9dc444173e90eee30a.256p.jpg,ATX,650 W,80+ Gold,No,Black,0
GameMax GP,41.95,https://cdna.pcpartpicker.com/static/forever/images/product/6d295e41983c7f231ee72748ec8f92d7.256p.jpg,ATX,400 W,80+ Bronze,No,Black,4.5
ADATA XPG CORE Reactor 650,Add,ATX,ATX,650 W,80+ Gold,Full,Black,5
Corsair AX860,Add,https://cdna.pcpartpicker.com/static/forever/images/product/2a54e0820b35796c6a1d1fb7df9a52af.256p.jpg,ATX,860 W,80+ Platinum,Full,,4.5
EVGA 610 BP,Add,ATX,ATX,610 W,80+ Bronze,No,Black,0
Corsair HX750,Add,https://cdna.pcpartpicker.com/static/forever/images/product/57aab50af13b108be9906418897fda34.256p.jpg,ATX,750 W,80+ Gold,Semi,,4.5
EVGA SuperNOVA 750 P2,779.64,https://cdna.pcpartpicker.com/static/forever/images/product/d70059fb4d0f5ba97dcd4d08728ea133.256p.jpg,ATX,750 W,80+ Platinum,Full,,4.5
Silverstone Triton 850Rx,Add,ATX,ATX,850 W,false,No,Black,0
Thermaltake Toughpower PF3,169.99,https://cdna.pcpartpicker.com/static/forever/images/product/afbc60e75c3880a5e5ecfff53789b8b7.256p.jpg,ATX,850 W,80+ Platinum,Full,Black,0
EVGA SuperNOVA 1300 G+,Add,ATX,ATX,1300 W,80+ Gold,Full,Black,5
Xigmatek NRP-PC602,Add,ATX,ATX,600 W,80+ Bronze,No,,0
Cooler Master G600,Add,ATX,ATX,600 W,80+ Gold,No,Black,5
LC-Power LC6 V2.31,102.13,https://cdna.pcpartpicker.com/static/forever/images/product/4c69ee0da1a6a5ee02d2b072d7f06251.256p.jpg,ATX,550 W,80+ Gold,Full,Black / Gray,0
YEYIAN Raiden,Add,https://cdna.pcpartpicker.com/static/forever/images/product/62e43817dec77d9cc350d123f8e13f51.256p.jpg,ATX,650 W,80+ Bronze,No,Black,0
Thermalright TB-750,Add,https://cdna.pcpartpicker.com/static/forever/images/product/291fd78c0199d0b031e0f8857ec612e6.256p.jpg,ATX,750 W,80+ Bronze,Full,Black,3
Silverstone ATTIS 650R,65.47,https://cdna.pcpartpicker.com/static/forever/images/product/b762d08de0eba1a712301fe2254de011.256p.jpg,ATX,650 W,80+ Bronze,No,Black,0
Thermalright KG-850,Add,,ATX,850 W,80+ Gold,Full,Black,0
EVGA SuperNOVA 1600 T2,699.99,https://cdna.pcpartpicker.com/static/forever/images/product/1ff8589edd029c2ea041f07e30a6ed91.256p.jpg,ATX,1600 W,80+ Titanium,Full,,5
Cooler Master V650 V2,Add,ATX,ATX,650 W,80+ Gold,Full,White,4.5
Cooler Master MWE White V2 230V,84.81,https://cdna.pcpartpicker.com/static/forever/images/product/25b04bd15445e49122eab536acaee519.256p.jpg,ATX,700 W,80+,No,Black,0
FSP Group FSP300-60LG,133.59,Mini ITX,Mini ITX,300 W,80+ Bronze,No,Black,0
Xilence XP650R12,72.08,ATX,ATX,650 W,80+ Gold,No,Black,0
SeaSonic Platinum,Add,https://cdna.pcpartpicker.com/static/forever/images/product/167bb299669bcf601a1668dfba6f1eca.256p.jpg,ATX,400 W,80+ Platinum,Full,,5
SeaSonic FOCUS Plus Gold,Add,https://cdna.pcpartpicker.com/static/forever/images/product/6a8a616ad8c5c8328c602091299aa18f.256p.jpg,ATX,1000 W,80+ Gold,Full,Black,4.5
Cougar VTE,Add,https://cdna.pcpartpicker.com/static/forever/images/product/d7fc06a72a9a445b18814b618cb9fe3f.256p.jpg,ATX,600 W,80+ Bronze,No,Black,3
GAMDIAS HELIOS P2-1000G,161.49,ATX,ATX,1000 W,80+ Gold,No,Black,0
SeaSonic FOCUS,Add,https://cdna.pcpartpicker.com/static/forever/images/product/5066a247491ec2339cc1343c977a12a7.256p.jpg,ATX,850 W,80+ Gold,Semi,Black,4.5
Gigabyte PW400,Add,https://cdna.pcpartpicker.com/static/forever/images/product/f0c8f1f8370785f58165de164bf0fcba.256p.jpg,ATX,400 W,80+,No,Black,5
Corsair CV750,Add,ATX,ATX,750 W,80+ Bronze,No,Black,4
EVGA SuperNOVA NEX650G Gold,Add,ATX,ATX,650 W,80+ Gold,Full,,4.5
NZXT C750 (2023),73.99,ATX,ATX,750 W,80+ Bronze,No,Black,0
Antec EARTHWATTS GOLD PRO 650,Add,https://cdna.pcpartpicker.com/static/forever/images/product/7560f38c69f6f149a4d33ad8999e6a02.256p.jpg,ATX,650 W,80+ Gold,Semi,Black,5
Corsair TX650,Add,ATX,ATX,650 W,80+,No,,4.5
Antec High Current Gamer Gold,309.42,https://cdna.pcpartpicker.com/static/forever/images/product/7863ebed8fe861fc2fd209a25f87035f.256p.jpg,ATX,750 W,80+ Gold,Full,Black,4.5
Xigmatek Vector,Add,ATX,ATX,650 W,80+ Gold,Semi,,0
EVGA 500 B1,Add,ATX,ATX,500 W,80+ Bronze,No,,4
Corsair AX1500i,,https://cdna.pcpartpicker.com/static/forever/images/product/318e2166cbcda98241a948750645fa1f.256p.jpg,ATX,1500 W,80+ Titanium,Full,,4.5
Thermaltake Smart BX1 650,Add,ATX,ATX,650 W,80+ Bronze,No,Black,3.5
EVGA SuperNOVA 1000 G6,Add,https://cdna.pcpartpicker.com/static/forever/images/product/fc764228aa234156a7ad64073b72b702.256p.jpg,ATX,1000 W,80+ Gold,Full,Black,4.5
Silverstone SX600-G,129.99,https://cdna.pcpartpicker.com/static/forever/images/product/4ff3b96bfe7ccbb291ee050adb10c3b5.256p.jpg,SFX,600 W,80+ Gold,Full,Black,4.5
Thermaltake Smart BM2,107.65,ATX,ATX,650 W,80+ Bronze,Semi,Black,4.5
EVGA SuperNOVA 850 P6,Add,ATX,ATX,850 W,80+ Platinum,Full,Black / Silver,5
GAMDIAS HELIOS P2-750G,Add,ATX,ATX,750 W,80+ Gold,No,Black,0
Deepcool DQ750-M-V2L,Add,https://cdna.pcpartpicker.com/static/forever/images/product/fd62859c87471f45be49d9c88d1b43d6.256p.jpg,ATX,750 W,80+ Gold,Full,Black / Green,4.5
SHARKOON SilentStorm Icewind Black,Add,ATX,ATX,650 W,80+ Bronze,Semi,Black,0
PREYON Eagle Power Gaming,Add,,ATX,750 W,80+ Gold,Full,Black,0
EVGA SuperNOVA 650 G1,Add,https://cdna.pcpartpicker.com/static/forever/images/product/e0619f8ff14f54202408fedef67f372e.256p.jpg,ATX,650 W,80+ Gold,Full,,4.5
Cooler Master X Mighty 2000 230V,Out of stock£295.99Add,https://cdna.pcpartpicker.com/static/forever/images/product/01ce1b2217f56323e96a173f0cea5277.256p.jpg,ATX,2000 W,80+ Platinum,Full,,0
Thermaltake TR2 S,76.01,https://cdna.pcpartpicker.com/static/forever/images/product/a2dbc1855aafadffeb4aedfb06e169f9.256p.jpg,ATX,600 W,80+,No,Black,4
Corsair AX1200,495,https://cdna.pcpartpicker.com/static/forever/images/product/f9120e77cff5f79a6e0f5b9e650c8a20.256p.jpg,ATX,1200 W,80+ Gold,Full,,4.5
be quiet! Dark Power Pro 12,Out of stock£337.00Add,ATX,ATX,1200 W,80+ Titanium,Full,Black,5
Corsair RM750i,Add,https://cdna.pcpartpicker.com/static/forever/images/product/5942dc5054650341ae8fc07633badb2c.256p.jpg,ATX,750 W,80+ Gold,Full,,4.5
SeaSonic ATX3-FOCUS-GX-850-WHITE,Add,ATX,ATX,850 W,80+ Gold,Full,White,5
Cooler Master MWE Bronze,Add,https://cdna.pcpartpicker.com/static/forever/images/product/02a69b2e464345c1eaf7d8bb9bc5f36d.256p.jpg,ATX,500 W,80+ Bronze,No,Black,4
ADATA XPG CYBERCORE,Add,https://cdna.pcpartpicker.com/static/forever/images/product/1196eea43a85b6a3776208dfa80b3fb6.256p.jpg,ATX,1000 W,80+ Platinum,Full,Black / Silver,5
Corsair HX1000i (2022),Add,https://cdna.pcpartpicker.com/static/forever/images/product/146e02bccb8a762200dfb2ba2e555011.256p.jpg,ATX,1000 W,80+ Platinum,Full,Black,4
be quiet! Pure Power 11 FM 650,Out of stock£94.00Add,https://cdna.pcpartpicker.com/static/forever/images/product/c21749bdc459873bd52694d0d91907b6.256p.jpg,ATX,650 W,80+ Gold,Full,Black,5
EVGA 600 GQ,Add,https://cdna.pcpartpicker.com/static/forever/images/product/7204835be5ea6c77c647693ece49bfc0.256p.jpg,ATX,600 W,80+ Gold,Semi,Black,0
FSP Group Hydro G PRO ATX3.0(PCIe5.0),Add,https://cdna.pcpartpicker.com/static/forever/images/product/52e4516222c9b5bca3e053afded41848.256p.jpg,ATX,850 W,80+ Gold,Full,Black,4.5
SeaSonic PRIME 600 Titanium,Add,https://cdna.pcpartpicker.com/static/forever/images/product/5ac9eba4fe8d8a6f38b27eb91198158b.256p.jpg,ATX,600 W,80+ Titanium,Full,Black,5
EVGA SuperNOVA 650 P2,Add,https://cdna.pcpartpicker.com/static/forever/images/product/1a91d573afc204e9d77582972ef1c677.256p.jpg,ATX,650 W,80+ Platinum,Full,,4.5
Corsair TX750M,Add,https://cdna.pcpartpicker.com/static/forever/images/product/236fabe55702c530f97f31fc816e61a6.256p.jpg,ATX,750 W,80+ Gold,Semi,Black,5
Silverstone TX300,90.97,TFX,TFX,300 W,80+ Bronze,No,Black,0
Fractal Design Anode Bronze,82.9,SFX,SFX,450 W,80+ Bronze,No,Black,0
NZXT C (2019),Add,https://cdna.pcpartpicker.com/static/forever/images/product/801406fa0cd02e64085d789fd7a0fd7d.256p.jpg,ATX,650 W,80+ Gold,Full,Black,5
Thermaltake Toughpower iRGB PLUS 750,Add,https://cdna.pcpartpicker.com/static/forever/images/product/36c3f2162cb7c105b5aceb9d291a4ccc.256p.jpg,ATX,750 W,80+ Gold,Full,Black,3
SeaSonic FOCUS SPX (2021),Add,https://cdna.pcpartpicker.com/static/forever/images/product/2cdab139c680398d37160e200e546121.256p.jpg,SFX,750 W,80+ Platinum,Full,Black,3
Antec NeoECO Gold,184.9,https://cdna.pcpartpicker.com/static/forever/images/product/4d9810fac452be5b29a2f67ba60f87e5.256p.jpg,ATX,750 W,80+ Gold,Full,,0
SeaSonic S12II,Add,https://cdna.pcpartpicker.com/static/forever/images/product/5b77b436653afde75e865f2dbc7e8e83.256p.jpg,ATX,350 W,80+ Bronze,No,,5
Thermaltake Smart BX1 550,Add,ATX,ATX,550 W,80+ Bronze,No,Black,4.5
Silverstone DA1000R,175.47,https://cdna.pcpartpicker.com/static/forever/images/product/e0c76bfce9b868c98da1f7ae0851054d.256p.jpg,ATX,1000 W,80+ Gold,Full,Black,0
Silverstone SX750-PT,159.99,SFX,SFX,750 W,80+ Platinum,Full,Black,3
FSP Group Hydro Pro,Add,https://cdna.pcpartpicker.com/static/forever/images/product/a1c1a3e084a04b6973ca703dfde86840.256p.jpg,ATX,500 W,80+ Bronze,No,Black,0
Apevia ATX-JP800W,,,ATX,800 W,80+ Bronze,No,Black,0
SeaSonic M12II EVO,Add,ATX,ATX,520 W,80+ Bronze,Full,Black,5
ARESGAME AGK,Add,ATX,ATX,850 W,80+ Gold,Full,Black / Red,4.5
Corsair CX550F,Add,https://cdna.pcpartpicker.com/static/forever/images/product/fd4dd3c80698fbc02fbe7990598aec90.256p.jpg,ATX,550 W,80+ Bronze,Full,Black,4.5
Silverstone Essential,118.23,https://cdna.pcpartpicker.com/static/forever/images/product/8e362f9250f1d0c8a620e58dc740c14a.256p.jpg,ATX,550 W,80+ Bronze,No,Black,3
Thermaltake Toughpower TF1 - TT Premium,324.32,https://cdna.pcpartpicker.com/static/forever/images/product/13e4db8617ceca5e24b20be802bfb76b.256p.jpg,ATX,1550 W,80+ Titanium,Full,Black,5
Thermalright TR-SGFX 650W,,https://cdna.pcpartpicker.com/static/forever/images/product/6ffbc39426890ba9434d27139c14634f.256p.jpg,SFX,650 W,80+ Gold,Full,White,5
Corsair RM550x (2018),Add,https://cdna.pcpartpicker.com/static/forever/images/product/0255e6064c82e964e2f97a14c406624c.256p.jpg,ATX,550 W,80+ Gold,Full,Black / Silver,4.5
Phanteks AMP,Out of stock£128.99Add,https://cdna.pcpartpicker.com/static/forever/images/product/cfee730bf98810ab82afed241e306420.256p.jpg,ATX,650 W,80+ Gold,Full,Black,5
be quiet! System Power 9 700 CM,Out of stock£80.99Add,https://cdna.pcpartpicker.com/static/forever/images/product/6706a25e270992133bf9ed01ac38e124.256p.jpg,ATX,700 W,80+ Bronze,Semi,Black,4
Xilence XP750R6.2,61.8,ATX,ATX,750 W,80+,No,Black,0
Silverstone Strider Platinum,350.04,https://cdna.pcpartpicker.com/static/forever/images/product/988bcf7f327f782d7ec2fc8d3982f0a2.256p.jpg,ATX,1200 W,80+ Platinum,Full,,4
Silverstone SX1000R-PL,268,SFX,SFX,1000 W,80+ Platinum,Full,Black / White,0
Xilence XP850R12,85.1,ATX,ATX,850 W,80+ Gold,No,Black,4
PC Cooler KN750,Add,https://cdna.pcpartpicker.com/static/forever/images/product/7b90e367b2dafa0aa3da28c55af8fdaa.256p.jpg,ATX,750 W,80+ Gold,Full,Black,1
Deepcool PF550 230V,Add,https://cdna.pcpartpicker.com/static/forever/images/product/8e128ad38104be75c105cb3706e90e8f.256p.jpg,ATX,550 W,80+,No,Black,0
ADATA XPG CORE Reactor 850,Add,https://cdna.pcpartpicker.com/static/forever/images/product/be943f49cf991478f5dfa9598900c80d.256p.jpg,ATX,850 W,80+ Gold,Full,Black,4.5
SeaSonic G12 GC,Out of stock£67.99Add,https://cdna.pcpartpicker.com/static/forever/images/product/e975ec51715848bfcc6cb9def3a23e91.256p.jpg,ATX,850 W,80+ Gold,No,Black / Blue,5
be quiet! Dark Power 12,Out of stock£256.99Add,https://cdna.pcpartpicker.com/static/forever/images/product/0dbe2767c8cdae695c3d2bd4d039d18e.256p.jpg,ATX,850 W,80+ Titanium,Full,Black,5
Gigabyte AORUS P1200W,Add,https://cdna.pcpartpicker.com/static/forever/images/product/e47ce04db6298c9d5277ee6041de2c3b.256p.jpg,ATX,1200 W,80+ Platinum,Full,Black,0
Cooler Master V550 SFX GOLD,Add,SFX,SFX,550 W,80+ Gold,Full,Black,0
Thermaltake Toughpower GF1 PE,Add,https://cdna.pcpartpicker.com/static/forever/images/product/134c2df91872591a7ab32387f3aa5a1b.256p.jpg,ATX,850 W,80+ Gold,Full,Black,4.5
Corsair CX850M,Add,https://cdna.pcpartpicker.com/static/forever/images/product/6c302ebaed62732584f7f05366c8ed54.256p.jpg,ATX,850 W,80+ Bronze,Semi,,4
Gigabyte B700H,Add,https://cdna.pcpartpicker.com/static/forever/images/product/07fdd620e5783237a09d32168bf64e31.256p.jpg,ATX,700 W,80+ Bronze,Semi,Black,4.5
MSI MEG Ai1000P PCIE5,Add,https://cdna.pcpartpicker.com/static/forever/images/product/079a76061b22581a7ee2e5ae57548af7.256p.jpg,ATX,1000 W,80+ Platinum,Full,Black / Copper,5
EVGA SuperNOVA 1000 G2,Add,https://cdna.pcpartpicker.com/static/forever/images/product/880d4bee6e2f62593c1ad157fff9307a.256p.jpg,ATX,1000 W,80+ Gold,Full,,4.5
FSP Group FSP500-50FGGBN,,Flex ATX,Flex ATX,500 W,80+ Gold,No,Silver,3
Corsair RM850i,Add,https://cdna.pcpartpicker.com/static/forever/images/product/6d9e7ebc15389c07838bba6f147ab626.256p.jpg,ATX,850 W,80+ Gold,Full,,4.5
1STPLAYER NGDP ATX 3.0,Add,ATX,ATX,1000 W,80+ Platinum,Full,Black,0
EVGA SuperNOVA 1000 P3,£518.10Add,ATX,ATX,1000 W,80+ Platinum,Full,Black / Silver,5
EVGA 750 N1,Add,https://cdna.pcpartpicker.com/static/forever/images/product/3fd0e3a90307eb0cf3700f8ff04632cc.256p.jpg,ATX,750 W,false,No,,4.5
Deepcool PN850M WH,Add,https://cdna.pcpartpicker.com/static/forever/images/product/f0ffed0b8e89c2af6cd731d3b3e495ec.256p.jpg,ATX,850 W,80+ Gold,Full,White,0
Corsair TX950,Add,ATX,ATX,950 W,80+ Bronze,No,,4
EVGA SuperNOVA 550 GA,Add,ATX,ATX,550 W,80+ Gold,Full,Black,4.5
Mars Gaming MPII650,Add,ATX,ATX,650 W,false,No,Black / Red,0
EVGA SuperNOVA 1000 T2,Add,https://cdna.pcpartpicker.com/static/forever/images/product/1c303037e5d94aba07796b210cd3de04.256p.jpg,ATX,1000 W,80+ Titanium,Full,,4.5
Cooler Master MWE Gold 750,Add,https://cdna.pcpartpicker.com/static/forever/images/product/90f03718eb0a27e17c69b314023bc839.256p.jpg,ATX,750 W,80+ Gold,Full,Black,4.5
GameMax GM,Out of stock£114.53Add,https://cdna.pcpartpicker.com/static/forever/images/product/e080902c13e542cd1b17029f9a0d1d13.256p.jpg,ATX,800 W,80+ Bronze,Semi,Black,5
Zalman ZM-600-GT,Add,ATX,ATX,600 W,80+ Bronze,Semi,,5
Cooler Master MWE,Add,https://cdna.pcpartpicker.com/static/forever/images/product/a8a41e0aff0bf4a2727b2f61a385c1d0.256p.jpg,ATX,600 W,80+ Bronze,No,Black,0
EVGA SuperNOVA 450 GM,Add,https://cdna.pcpartpicker.com/static/forever/images/product/0c334370e66326a014a01bd25bd139a4.256p.jpg,SFX,450 W,80+ Gold,Full,Black,4.5
Thermaltake Smart RGB 230V,£100.59Add,https://cdna.pcpartpicker.com/static/forever/images/product/e13ae98063169c383ecf961260edc88b.256p.jpg,ATX,500 W,80+,No,Black,5
In Win P75,Add,https://cdna.pcpartpicker.com/static/forever/images/product/e7d419fcffb53a827eab2f89d236962c.256p.jpg,ATX,750 W,80+ Gold,Full,Black,5
SeaSonic VERTEX GX,Add,https://cdna.pcpartpicker.com/static/forever/images/product/cd1b36dbedbb12a0f2f5b4d713034df3.256p.jpg,ATX,1200 W,80+ Gold,Full,White,0
Deepcool GamerStorm PQ1200G,Add,,ATX,1200 W,80+ Gold,Full,Black,0
Corsair CS750M,Add,https://cdna.pcpartpicker.com/static/forever/images/product/4187f8832febca8f7b5d5d96c9300df3.256p.jpg,ATX,750 W,80+ Gold,Semi,,4.5
Corsair Vengeance 750M,Add,https://cdna.pcpartpicker.com/static/forever/images/product/a9d06a40b5845707f366e9ab1ba8be34.256p.jpg,ATX,750 W,80+ Silver,Semi,,5
Enermax MAXREVO,Add,https://cdna.pcpartpicker.com/static/forever/images/product/84cfac153d66bc77aee8204c725ff8a2.256p.jpg,ATX,1800 W,80+ Gold,Full,Black,0
Cougar VTX,Add,ATX,ATX,500 W,80+ Bronze,No,Black,4
Segotep GP,Add,ATX,ATX,600 W,80+ Gold,No,Black,5
Corsair RM550x (2021),Add,https://cdna.pcpartpicker.com/static/forever/images/product/5a564e2dfe8800a217f1e597d1137d5b.256p.jpg,ATX,550 W,80+ Gold,Full,Black,5
Cooler Master MasterWatt,Add,https://cdna.pcpartpicker.com/static/forever/images/product/f894b96a2cf1382e7a0c516de114032e.256p.jpg,ATX,650 W,80+ Bronze,Semi,,4
ARESGAME AGT,Add,ATX,ATX,1000 W,80+ Gold,Full,Black,5
Thermaltake Smart BX1,Add,https://cdna.pcpartpicker.com/static/forever/images/product/c5e3f4773b45f042fee966c501f6db17.256p.jpg,ATX,750 W,80+ Bronze,No,Black,5
MSI A850GLS MLG EDITION,193.81,,ATX,850 W,80+ Gold,Full,Red / Black,0
FSP Group DAGGER PRO ATX3.0,,SFX,SFX,850 W,80+ Gold,Semi,Black,0
Gigabyte UD1600PM PG5 AI TOP,294.36,https://cdna.pcpartpicker.com/static/forever/images/product/d02bd7ffaed9fe2c4a101a1710c8edd1.256p.jpg,ATX,1600 W,80+ Platinum,Full,Black,0
ENDORFY Supremo FM5,86.53,ATX,ATX,750 W,80+ Gold,Full,Black,4
Corsair TX750,£476.52Add,ATX,ATX,750 W,80+,No,,4.5
EVGA 450 BT,Add,ATX,ATX,450 W,80+ Bronze,No,,4.5
Cooler Master V550 V2,£526.19Add,https://cdna.pcpartpicker.com/static/forever/images/product/03995e53f24006ffeb64ebf2fd1bb610.256p.jpg,ATX,550 W,80+ Gold,Full,White,4.5
EVGA SuperNOVA 850 G+,Add,https://cdna.pcpartpicker.com/static/forever/images/product/779737244cc82fc16352a7c01066e641.256p.jpg,ATX,850 W,80+ Gold,Full,,4.5
NZXT C650,Add,ATX,ATX,650 W,80+ Bronze,Semi,Black,5
Deepcool PQ850M,Add,https://cdna.pcpartpicker.com/static/forever/images/product/873d1cb7bcfd213bfb7c2fbd0c2702f1.256p.jpg,ATX,850 W,80+ Gold,Full,Black,4.5
Corsair VS600 (2020),192.86,https://cdna.pcpartpicker.com/static/forever/images/product/130c0298ab162cc5c52acc796d959aab.256p.jpg,ATX,600 W,80+ Bronze,No,Black,4
Corsair RM450,Add,https://cdna.pcpartpicker.com/static/forever/images/product/53d4d28d81c12f4180ef5fa4f8d51aaa.256p.jpg,ATX,450 W,80+ Gold,Full,,4
Silverstone SX300-B,,SFX,SFX,300 W,80+ Bronze,No,Black,0
SeaSonic VERTEX PX-750,£158.94Add,https://cdna.pcpartpicker.com/static/forever/images/product/53793b9fe70a53ee620d376bc4db3e1d.256p.jpg,ATX,750 W,80+ Platinum,Full,Black / Silver,0
FSP Group Hydro PTM X PRO,Gen5,Add,https://cdna.pcpartpicker.com/static/forever/images/product/73165414d8701353a5ccddf54b3e9a9b.256p.jpg,ATX,1000 W,80+ Platinum,Full,Black,0
Antec High Current Gamer PRO ATX3.1,196.71,https://cdna.pcpartpicker.com/static/forever/images/product/4da701dc54ef0803b3b5fbed1999ea28.256p.jpg,ATX,1200 W,80+ Platinum,Full,Black,4
Silverstone SST-TX300,55.47,https://cdna.pcpartpicker.com/static/forever/images/product/ed4d5da91285cfe1f9360ff41b975c97.256p.jpg,TFX,300 W,80+ Bronze,No,Black,5
SeaSonic PRIME SNOWSILENT,Add,https://cdna.pcpartpicker.com/static/forever/images/product/188a75ccf661bb814d1d5a3fef76229e.256p.jpg,ATX,750 W,80+ Titanium,Full,White,0
be quiet! Straight Power 11,£354.74Add,https://cdna.pcpartpicker.com/static/forever/images/product/6873c77bf02de5a7da3da14d87f00651.256p.jpg,ATX,1000 W,80+ Platinum,Full,Black,5
Thermaltake Toughpower GX1 RGB,Add,https://cdna.pcpartpicker.com/static/forever/images/product/bb717c1006abef6c903341ef4542de31.256p.jpg,ATX,700 W,80+ Gold,No,Black,5
Deepcool PN750D,Add,https://cdna.pcpartpicker.com/static/forever/images/product/8b03bb34e6d924a14665d218bfa6802b.256p.jpg,ATX,750 W,80+ Gold,No,Black,0
Corsair VS500 (2020),240.7,https://cdna.pcpartpicker.com/static/forever/images/product/860fbedad1b951d51c8b3d7a056e8423.256p.jpg,ATX,500 W,80+ Bronze,No,Black,5
Xilence XP750R10,Add,ATX,ATX,750 W,80+ Bronze,No,Black / Red,0
Cooler Master MWE GOLD 650 V2 FULL MODULAR,Add,ATX,ATX,650 W,80+ Gold,Full,Black,5
Silverstone Triton 1000Rz,160.47,ATX,ATX,1000 W,Full,Full,White,0
EVGA SuperNOVA 1600 P2,799.99,https://cdna.pcpartpicker.com/static/forever/images/product/01fc202b3c6c7cafb23340b3ee6e0791.256p.jpg,ATX,1600 W,80+ Platinum,Full,,4.5
NZXT E850,Add,https://cdna.pcpartpicker.com/static/forever/images/product/5fe85d17a904cdca689afa2a32d163c1.256p.jpg,ATX,850 W,80+ Gold,Full,Black,4
Thermaltake TR2,Add,https://cdna.pcpartpicker.com/static/forever/images/product/31d5ff64dc070541b7bc68c7757d2830.256p.jpg,ATX,600 W,false,No,,4
EVGA 750 BP,Add,https://cdna.pcpartpicker.com/static/forever/images/product/e95926619756cae8b7ce75ac0ca89961.256p.jpg,ATX,750 W,80+ Bronze,No,Black,0
Corsair VS650,Add,ATX,ATX,650 W,false,No,,3.5
Corsair RM1000,Add,ATX,ATX,1000 W,80+ Gold,Full,,4.5
Deepcool DA600-M,Add,https://cdna.pcpartpicker.com/static/forever/images/product/f10c8f4a4e362a7d597b1a1ecbb99dee.256p.jpg,ATX,600 W,80+ Bronze,Full,Black,4
Razer Katana Chroma,218.25,ATX,ATX,850 W,80+ Platinum,Full,Black,0
SeaSonic VERTEX GX-1000 Sakura Edition,Add,ATX,ATX,1000 W,80+ Gold,Full,White / Pink,0
EVGA 650BP,Add,https://cdna.pcpartpicker.com/static/forever/images/product/148f79e29d59f75c5450507dc1803eea.256p.jpg,ATX,650 W,80+ Bronze,No,Black,5
Corsair RM550,Add,https://cdna.pcpartpicker.com/static/forever/images/product/db66b74036360db087a965f4c05887b5.256p.jpg,ATX,550 W,80+ Gold,Full,,4.5
EVGA 850 B5,Add,ATX,ATX,850 W,80+ Bronze,Full,Black,4.5
Gigabyte GP-G750H,Add,https://cdna.pcpartpicker.com/static/forever/images/product/24f309faf5ab43adb4380701d88b6b4c.256p.jpg,ATX,750 W,80+ Gold,Semi,Black,4.5
Corsair CX430M,Add,https://cdna.pcpartpicker.com/static/forever/images/product/779c607a124c3e4aad0dd52a75357b47.256p.jpg,ATX,430 W,80+ Bronze,Semi,,4.5
Cooler Master V750 Gold V2,Add,https://cdna.pcpartpicker.com/static/forever/images/product/c367433b4078394a2c51134ed3372dcc.256p.jpg,ATX,750 W,80+ Gold,Full,Black,4.5
Athena Power AP-MTFX30,36.99,https://cdna.pcpartpicker.com/static/forever/images/product/91f797d0d295d4e527585c7c2eb04792.256p.jpg,TFX,300 W,false,No,Silver,0
In Win P130II,Add,https://cdna.pcpartpicker.com/static/forever/images/product/02f4aa11413c11f08a737167d37b6bce.256p.jpg,ATX,1300 W,80+ Platinum,Full,Black,0
Deepcool R-PS850G-FE0W-JGEU,,,SFX,850 W,,Full,White,0
SeaSonic CORE GM,Out of stock£67.99Add,https://cdna.pcpartpicker.com/static/forever/images/product/4437160845ca058ad60803a60d4ed7f1.256p.jpg,ATX,650 W,80+ Gold,Semi,Black,4.5
Silverstone Strider Titanium,239.99,https://cdna.pcpartpicker.com/static/forever/images/product/78c0700f7255dc03f7b53b8236dae0b6.256p.jpg,ATX,1300 W,80+ Titanium,Full,Black / Blue,5
SeaSonic PRIME TX,673.36,https://cdna.pcpartpicker.com/static/forever/images/product/392b0c96d99ce68ce7a17e3d53db78b7.256p.jpg,ATX,1600 W,80+ Titanium,Full,Black / Silver,5
Asus ROG THOR P2 Gaming EVA Edition,Out of stock£430.96Add,https://cdna.pcpartpicker.com/static/forever/images/product/6fcd5562a8e13285387126f3da50510d.256p.jpg,ATX,1000 W,80+ Platinum,Full,Black / Silver,4.5
Xilence XP650R6.2,57.09,https://cdna.pcpartpicker.com/static/forever/images/product/8aed79a0f8cf935cc284e0be6ac7ddc8.256p.jpg,ATX,650 W,80+,No,Black,0
Corsair RM1000i,Add,ATX,ATX,1000 W,80+ Gold,Full,,4.5
EVGA SuperNOVA 1300 P+,Add,ATX,ATX,1300 W,80+ Platinum,Full,Black,0
Thermalright TB550S,Add,https://cdna.pcpartpicker.com/static/forever/images/product/1df4a69a5e0b52e7b0607044b909f1ea.256p.jpg,ATX,550 W,80+ Bronze,No,Black,0
Gigabyte UD850GM-A PG5,132.76,https://cdna.pcpartpicker.com/static/forever/images/product/3917a17b7e994231a7b22410ed980856.256p.jpg,ATX,850 W,80+ Gold,Full,Black,0
Antec Earthwatts Green,170,ATX,ATX,430 W,80+ Bronze,No,,4
Montech CENTURY,Add,ATX,ATX,650 W,80+ Gold,Full,Black,5
Thermaltake Smart RGB,Add,https://cdna.pcpartpicker.com/static/forever/images/product/8bbad717cd1c6bbcb2ced4956dfc20a3.256p.jpg,ATX,600 W,80+,No,,4.5
Corsair TX850,£805.57Add,ATX,ATX,850 W,80+,No,,5
Deepcool PN650D,Add,https://cdna.pcpartpicker.com/static/forever/images/product/8b03bb34e6d924a14665d218bfa6802b.256p.jpg,ATX,650 W,80+ Gold,No,Black,0
Cooler Master MWE 400,Add,https://cdna.pcpartpicker.com/static/forever/images/product/9c130d31e723d754f646390411aa032c.256p.jpg,ATX,400 W,80+,No,Black,0
SeaSonic PRIME TX-750,Out of stock£238.00Add,https://cdna.pcpartpicker.com/static/forever/images/product/f7a87b1e5994ff45d730053fc8e32065.256p.jpg,ATX,750 W,80+ Titanium,Full,Black,5
RAIJINTEK AMPERE,Add,ATX,ATX,1200 W,80+ Platinum,Full,Black,0
Antec NE1000G M ATX3.0,116.85,https://cdna.pcpartpicker.com/static/forever/images/product/cbd3c5accd08fbe9dee03a7ed0000697.256p.jpg,ATX,1000 W,80+ Gold,Full,Black,4
Silverstone DA1650 Gold,254.94,https://cdna.pcpartpicker.com/static/forever/images/product/776a0bc9db4975f00616e916093031d4.256p.jpg,ATX,1650 W,80+ Gold,Full,Black / White,0
Enermax Revolution D.F. 12,183.99,https://cdna.pcpartpicker.com/static/forever/images/product/1b5074d34d4f3709336b9ca0e8b65ddf.256p.jpg,ATX,850 W,80+ Gold,Full,Black,5
EVGA 460 BP,Add,https://cdna.pcpartpicker.com/static/forever/images/product/5e4b6a0075b9d05f8c1234d45aa118d0.256p.jpg,ATX,460 W,80+ Bronze,No,Black,0
PowerSpec PS 550BF,Add,ATX,ATX,550 W,80+ Bronze,No,Black,4.5
PowerSpec PS 650BF,Add,ATX,ATX,650 W,80+ Bronze,No,Black,4.5
Gigabyte GreenMax Plus,Add,https://cdna.pcpartpicker.com/static/forever/images/product/3eef35de0e99a568d0e08763ec354c53.med.256p.jpg,ATX,650 W,80+ Bronze,No,,0
Corsair TX850M,Add,ATX,ATX,850 W,80+ Bronze,Semi,,4.5
GameMax GX-750 Modular,Add,ATX,ATX,750 W,80+ Gold,Full,Black,0
Corsair VS550,Add,ATX,ATX,550 W,false,No,,4
In Win P85FII,Add,https://cdna.pcpartpicker.com/static/forever/images/product/ee0e57ffefcf84d9262b55c38f50c095.256p.jpg,ATX,850 W,80+ Gold,No,Black / Yellow,0
Vida ATX-500W,32.94,https://cdna.pcpartpicker.com/static/forever/images/product/b439e774ca6c49dc51375fab95cdde1f.256p.jpg,ATX,500 W,false,No,Black,0
Antec Basiq,Add,ATX,ATX,550 W,80+,Semi,,4.5
Fractal Design Ion SFX 500G,Add,SFX,SFX,500 W,80+ Gold,Full,Black,3.5
be quiet! Pure Power 11 FM 850,Out of stock£116.99Add,https://cdna.pcpartpicker.com/static/forever/images/product/d2b586719fcc037cadc1555a120715e7.256p.jpg,ATX,850 W,80+ Gold,Full,Black,5
SeaSonic PRIME PX,Out of stock£250.99Add,https://cdna.pcpartpicker.com/static/forever/images/product/a18c8314f3ee6d3248b6622ce8bbc0a5.256p.jpg,ATX,650 W,80+ Platinum,Full,Black / Silver,5
Corsair CS550M,Add,https://cdna.pcpartpicker.com/static/forever/images/product/a202016751f25597d12e8196db8d72b5.256p.jpg,ATX,550 W,80+ Gold,Semi,,4.5
Cooler Master MasterWatt 550,Add,ATX,ATX,550 W,80+ Bronze,Semi,,4
Cooler Master MWE Bronze 650,Add,https://cdna.pcpartpicker.com/static/forever/images/product/377aff9ee61d5694b26d0979a206ea1d.256p.jpg,ATX,650 W,80+ Bronze,No,Black,5
EVGA 550 B3,Add,ATX,ATX,550 W,80+ Bronze,Full,,4.5
Cooler Master GX III GOLD,Out of stock£106.00Add,https://cdna.pcpartpicker.com/static/forever/images/product/746f42ae7be668c740ac84b6241a59a5.256p.jpg,ATX,850 W,80+ Gold,Full,Black,0
Corsair TX550M,Add,https://cdna.pcpartpicker.com/static/forever/images/product/97df45f2c6e78554315f65f99ed57f76.256p.jpg,ATX,550 W,80+ Gold,Semi,Black,0
Fractal Design Ion Gold,128.08,https://cdna.pcpartpicker.com/static/forever/images/product/d5772fcef3f2fa90bbaef1a5b49107a0.256p.jpg,ATX,750 W,80+ Gold,Full,Black,4.5
Gigabyte UD1300GM PG5,163.68,https://cdna.pcpartpicker.com/static/forever/images/product/9438ceeeb719881f26ffa3193d8a9b80.256p.jpg,ATX,1300 W,80+ Gold,Full,Black,0
ASRock PRO-M850G,Add,https://cdna.pcpartpicker.com/static/forever/images/product/1455720841dc96c8fcb08a821db2cd48.256p.jpg,ATX,850 W,80+ Gold,Full,Black / Silver,0
Zalman TXIIv2,72.58,ATX,ATX,500 W,80+,No,Black,5
Cooler Master V650,Add,ATX,ATX,650 W,80+ Gold,Full,,4.5
EVGA SuperNOVA 850 P5,Add,ATX,ATX,850 W,80+ Platinum,Full,Black / Teal,5
EVGA SuperNOVA 750 G6,Add,https://cdna.pcpartpicker.com/static/forever/images/product/98319aee12de75fdef0a2b74b918ddf5.256p.jpg,ATX,750 W,80+ Gold,Full,Black,5
Cougar STX,Add,ATX,ATX,650 W,80+,No,,0
SeaSonic B12 BC,Out of stock£76.00Add,ATX,ATX,650 W,80+ Bronze,No,,5
Cooler Master MWE 450,Add,https://cdna.pcpartpicker.com/static/forever/images/product/5fd7be81c5e907912189761bfa8b595c.256p.jpg,ATX,450 W,80+,No,Black,5
EVGA SuperNOVA 1300 GT,Add,ATX,ATX,1300 W,80+ Gold,Full,Black,5
FSP Group Hyper M85+,Add,ATX,ATX,650 W,80+ Bronze,Semi,Black,0
Gigabyte AORUS P GM,111,https://cdna.pcpartpicker.com/static/forever/images/product/6fb5684f6e407aee4ed7563e40562a20.256p.jpg,ATX,750 W,80+ Gold,Full,Black / Silver,3.5
Gigabyte UD1000GM PG5,103.94,https://cdna.pcpartpicker.com/static/forever/images/product/c84118960c20f8774ce1496513c2f98a.256p.jpg,ATX,1000 W,80+ Gold,Full,Black,0
Montech TITAN GOLD 750W,79.99,https://cdna.pcpartpicker.com/static/forever/images/product/077f9e8de9568e193054b59a23d8d95a.256p.jpg,ATX,750 W,80+ Gold,Full,Black,0
Corsair RM650x,Add,ATX,ATX,650 W,80+ Gold,Full,,4.5
Cooler Master G700,Add,https://cdna.pcpartpicker.com/static/forever/images/product/ca8064e1c53f6e23525adfe7053dae2d.256p.jpg,ATX,700 W,80+ Gold,No,Black,0
Phanteks Revolt X,Out of stock£226.00Add,https://cdna.pcpartpicker.com/static/forever/images/product/a30a8c7b85ec517a19b9f3681531ac2d.256p.jpg,ATX,1000 W,80+ Platinum,Full,Black / Silver,5
SHARKOON Rebel P20 850,Add,https://cdna.pcpartpicker.com/static/forever/images/product/156a6530abcf9ca190cf809d689662f7.256p.jpg,ATX,850 W,Full,Full,Black,5
Antec NeoECO 750 Gold,Add,https://cdna.pcpartpicker.com/static/forever/images/product/565d3c5f2a2e1ba278bee72f87989deb.256p.jpg,ATX,750 W,80+ Gold,Semi,Black,5
Deepcool PL800D,Add,https://cdna.pcpartpicker.com/static/forever/images/product/e35756431e10a1dea58675728beb3310.256p.jpg,ATX,800 W,80+ Bronze,No,Black,0
GameMax RGB,Add,https://cdna.pcpartpicker.com/static/forever/images/product/3e6be342b5b8da83729fb99429b13d9a.256p.jpg,ATX,1300 W,80+ Platinum,Full,Black,0
SeaSonic PRIME Titanium,Add,https://cdna.pcpartpicker.com/static/forever/images/product/2b234e43e0b06f368bb1f6956420b413.256p.jpg,ATX,1000 W,80+ Titanium,Full,,4
Deepcool PK700D,Add,https://cdna.pcpartpicker.com/static/forever/images/product/3fd798cd6fe5f1e1c0cf66d76174740b.256p.jpg,ATX,700 W,80+ Bronze,No,Black,5
GameMax GS,36.95,https://cdna.pcpartpicker.com/static/forever/images/product/7ba328d57a7266a21ad640eb2355f003.256p.jpg,SFX,300 W,80+ Bronze,No,Silver,0
Chieftec GPS-700A8,83.78,ATX,ATX,700 W,80+ Bronze,No,Black / White,0
Apevia Spirit,Add,ATX,ATX,600 W,false,No,,3.5
KOLINK Regulator,156.83,https://cdna.pcpartpicker.com/static/forever/images/product/9e00ad0574339fc79a56f7b891f2ad3b.256p.jpg,ATX,750 W,80+ Gold,Full,Black,0
Deepcool PX850G,Add,https://cdna.pcpartpicker.com/static/forever/images/product/63152f6d1a0d9b4f6354d3940c3c74c5.256p.jpg,ATX,850 W,80+ Gold,Full,Black,5
SeaSonic CORE GX-650,95.47,ATX,ATX,650 W,80+ Gold,Full,Black,0
EVGA SuperNOVA 650 G6,Add,https://cdna.pcpartpicker.com/static/forever/images/product/4f2ffb4fe322274da5be0dc7ebf24b84.256p.jpg,ATX,650 W,80+ Gold,Full,Black,5
Fractal Design Integra M,Add,https://cdna.pcpartpicker.com/static/forever/images/product/3f1572418e74610d02e526ef54feaa76.256p.jpg,ATX,650 W,80+ Bronze,Semi,,5
EVGA 700 BQ,Add,https://cdna.pcpartpicker.com/static/forever/images/product/a10d792f6eac9a4363f34272b1746248.256p.jpg,ATX,700 W,80+ Bronze,Semi,Black,0
Silverstone Extreme 850R Platinum,217.79,SFX,SFX,850 W,Full,Full,Black,3.5
KOLINK Core,27.95,ATX,ATX,400 W,80+,No,Black,0
FSP Group MEGA TI,Add,https://cdna.pcpartpicker.com/static/forever/images/product/85492acaa2ee9797842c4321156d9b02.256p.jpg,ATX,1650 W,80+ Titanium,Full,Black,0
iTek GF750 EVO,85.16,ATX,ATX,750 W,80+ Gold,Full,Black / Red,0
Silverstone Triton 750Rx,Add,https://cdna.pcpartpicker.com/static/forever/images/product/9e0ca53b723fb6135bccf0b792a8c473.256p.jpg,ATX,750 W,false,No,Black,0
be quiet! Straight Power 11 1000W,Out of stock£161.30Add,https://cdna.pcpartpicker.com/static/forever/images/product/e440c5a607236b1d9d3fda36c531292c.256p.jpg,ATX,1000 W,80+ Gold,Full,,5
Antec VP PLUS,64.99,https://cdna.pcpartpicker.com/static/forever/images/product/b889c2e79091c6adcac24511c10210ad.256p.jpg,ATX,700 W,80+,No,Black,5
Deepcool PN850D,Add,https://cdna.pcpartpicker.com/static/forever/images/product/8b03bb34e6d924a14665d218bfa6802b.256p.jpg,ATX,850 W,80+ Gold,No,Black,0
Cooler Master Elite NEX White W500 Black Mesh 230V,Add,ATX,ATX,500 W,80+,No,Black,0
Cougar BXM750,Add,https://cdna.pcpartpicker.com/static/forever/images/product/2df4cd21bc827dffa5ab20459ad424a6.256p.jpg,ATX,750 W,80+ Bronze,Semi,Orange / Black,0
EVGA W3,Add,ATX,ATX,500 W,80+,No,Black,0
Silverstone HELA 850R,158.99,https://cdna.pcpartpicker.com/static/forever/images/product/6c951d3e6f4950eed981b8a3d0bbcd0f.256p.jpg,ATX,850 W,80+ Platinum,Full,Black / Silver,4.5
FSP Group SFX Pro,,SFX,SFX,450 W,80+ Bronze,No,Black,0
Deepcool PK750D,Add,https://cdna.pcpartpicker.com/static/forever/images/product/b04e2893d39f59773304f88d85548e31.256p.jpg,ATX,750 W,80+ Bronze,No,Black,5
Xilence XP450R10,53.28,ATX,ATX,450 W,80+ Bronze,No,Black / Red,0
Antec EARTHWATTS GOLD PRO 750,Add,https://cdna.pcpartpicker.com/static/forever/images/product/d2c2d32f8e6dce383dd72d182d9f590a.256p.jpg,ATX,750 W,80+ Gold,Semi,Black,4.5
Silverstone NJ450-SXL,,https://cdna.pcpartpicker.com/static/forever/images/product/85e8a9faf9a632beb8b8b8f7af0b5089.256p.jpg,SFX,450 W,80+ Platinum,Full,Black / Blue,0
GAMDIAS KRATOS E1,Add,https://cdna.pcpartpicker.com/static/forever/images/product/b9fa3d6aedf02cf35d14e2c6b769f197.256p.jpg,ATX,600 W,80+,No,Black,0
be quiet! Pure Power 11 FM 750,Out of stock£109.99Add,https://cdna.pcpartpicker.com/static/forever/images/product/c21749bdc459873bd52694d0d91907b6.256p.jpg,ATX,750 W,80+ Gold,Full,Black,0
Thermalright TGFX750,,SFX,SFX,750 W,80+ Gold,Full,Black,0
EVGA SuperNOVA 1000 P5,Add,ATX,ATX,1000 W,80+ Platinum,Full,Blue / Black,3
be quiet! Straight Power 11 450W,Out of stock£91.99Add,https://cdna.pcpartpicker.com/static/forever/images/product/e440c5a607236b1d9d3fda36c531292c.256p.jpg,ATX,450 W,80+ Gold,Full,,4.5
ADATA XPG FUSION 1600,599.99,https://cdna.pcpartpicker.com/static/forever/images/product/0f73a1be69a616b554b734cd93918234.256p.jpg,ATX,1600 W,80+ Titanium,Full,Black / Silver,0
iTek GF EVO,Add,ATX,ATX,650 W,80+ Gold,Full,Black,0
Silverstone DA750 Gold,105.99,https://cdna.pcpartpicker.com/static/forever/images/product/86e43d07e104412be4e0e875349a9ec1.256p.jpg,ATX,750 W,80+ Gold,Full,Black / White,0
MSI MPG A750G PCIE5,Add,https://cdna.pcpartpicker.com/static/forever/images/product/4b3d29e0cbdf154c05b07136155267e4.256p.jpg,ATX,750 W,80+ Gold,Full,Black,5
Apevia ITX-AP250W,,Mini ITX,Mini ITX,250 W,false,No,Black,0
Corsair AX750,Add,ATX,ATX,750 W,80+ Gold,Full,,4.5
EVGA SuperNOVA 650 GS,Add,https://cdna.pcpartpicker.com/static/forever/images/product/98ad48c8fbb92bd29693577a29f26ddd.256p.jpg,ATX,650 W,80+ Gold,Full,,4.5
FSP Group VITA BD,66.63,https://cdna.pcpartpicker.com/static/forever/images/product/c2afba437ec0566ad26c9a2cf5164e86.256p.jpg,ATX,750 W,80+ Bronze,No,Black,0
Deepcool DA500,Add,https://cdna.pcpartpicker.com/static/forever/images/product/5f8108b495b52cdfe31671bb76918316.256p.jpg,ATX,500 W,80+ Bronze,No,Black / Gold,0
Tacens Radix VII AG,Add,https://cdna.pcpartpicker.com/static/forever/images/product/21aab3b20b5caf766bbb2510c476a021.256p.jpg,ATX,600 W,80+ Silver,No,Black,4
EVGA SuperNOVA NEX750G Gold,Add,ATX,ATX,750 W,80+ Gold,Full,,4.5
Deepcool DA700N,Add,https://cdna.pcpartpicker.com/static/forever/images/product/c9831812311e57fe99dc98cc0fa9e031.256p.jpg,ATX,700 W,80+ Bronze,No,Black,0
Thermalright TGFX850,,SFX,SFX,850 W,80+ Gold,Full,Black,5
Montech TITAN GOLD 1000W,£109.99Add,https://cdna.pcpartpicker.com/static/forever/images/product/077f9e8de9568e193054b59a23d8d95a.256p.jpg,ATX,1000 W,80+ Gold,Full,Black,3
Corsair AX860i,Add,https://cdna.pcpartpicker.com/static/forever/images/product/bee4f46f491ae896110a3f39655d09d2.256p.jpg,ATX,860 W,80+ Platinum,Full,,4.5
Logisys PS480D,47.82,ATX,ATX,480 W,false,No,,1
Silverstone ATTIS 750R,71.47,https://cdna.pcpartpicker.com/static/forever/images/product/e50081b5963bc08904ea890af28451ba.256p.jpg,ATX,750 W,80+ Bronze,No,Black,0
Cooler Master X Silent Edge Platinum,Add,ATX,ATX,850 W,80+ Platinum,Full,Black,0
be quiet! Pure Power 10,79.99,https://cdna.pcpartpicker.com/static/forever/images/product/b5dd3ff78f3d294580e936de41085578.256p.jpg,ATX,350 W,80+ Bronze,No,,0
Raidmax RX-850AE,Add,ATX,ATX,850 W,80+ Gold,Semi,,4.5
Thermaltake Smart Pro RGB,Add,https://cdna.pcpartpicker.com/static/forever/images/product/a070324480a65f4dd777684a249b489f.256p.jpg,ATX,850 W,80+ Bronze,Full,,4.5
Raidmax Vortex,Add,https://cdna.pcpartpicker.com/static/forever/images/product/3bcd4a72b9784c2e22143fca807485a9.256p.jpg,ATX,600 W,80+ Gold,No,Black,0
FSP Group HEXA 85+ PRO,91.77,ATX,ATX,550 W,80+ Bronze,No,Black,5
Cooler Master MWE Bronze 550,Add,https://cdna.pcpartpicker.com/static/forever/images/product/e7e044dc109f5dfa69f613682501f562.256p.jpg,ATX,550 W,80+ Bronze,No,Black,0
nJoy Alpha+,Add,https://cdna.pcpartpicker.com/static/forever/images/product/10db70d9b7fb065a0ab2a423cf43410b.256p.jpg,ATX,750 W,80+ Gold,Full,Black,0
Thermaltake Smart BX1 RGB 750,Add,https://cdna.pcpartpicker.com/static/forever/images/product/24bb88f39f174dc6dbb04e7095beef83.256p.jpg,ATX,750 W,80+ Bronze,No,Black,0
be quiet! Pure Power L8,Add,https://cdna.pcpartpicker.com/static/forever/images/product/34940fb0ed9db39e7b0d207888c4e376.256p.jpg,ATX,300 W,80+ Bronze,No,,5
EVGA SuperNOVA NEX750B,Add,https://cdna.pcpartpicker.com/static/forever/images/product/5ec130b21f4551da51d163bf3ae474e9.256p.jpg,ATX,750 W,80+ Bronze,Semi,,4.5
Chieftec GPS-600A8,72.27,ATX,ATX,600 W,80+,No,,0
Super Flower Golden Green HX,Add,https://cdna.pcpartpicker.com/static/forever/images/product/0e1ef37d2ab14e9cb10dbec45d31c4f6.256p.jpg,ATX,650 W,80+ Gold,No,,0
ADATA XPG CYBERCORE II,Add,https://cdna.pcpartpicker.com/static/forever/images/product/87131caab991992fbf021f0490ec386e.256p.jpg,ATX,1300 W,80+ Platinum,Full,Black,0
Xilence XP850R10,62.47,ATX,ATX,850 W,80+ Bronze,No,Black / Red,0
Thermaltake Toughpower PF1 - TT Premium Edition,169.52,https://cdna.pcpartpicker.com/static/forever/images/product/d90172c8c0da1f422a349650d4e7eca9.256p.jpg,ATX,850 W,80+ Platinum,Full,Black,4.5
EVGA N1,£178.90Add,ATX,ATX,550 W,false,No,,4.5
Antec NE850G M ATX3.0,Add,https://cdna.pcpartpicker.com/static/forever/images/product/271751577213a974f84304dccb1f66ef.256p.jpg,ATX,850 W,80+ Gold,Full,Black,5
SHARKOON WPM Gold Zero 550,Add,https://cdna.pcpartpicker.com/static/forever/images/product/298719d89d528ce5795b3013fb06f427.256p.jpg,ATX,550 W,80+ Gold,Semi,Black,4.5
SilentiumPC Elementum E2 230V,Add,ATX,ATX,550 W,80+,No,Black,0
be quiet! Dark Power Pro 11,Out of stock£242.99Add,https://cdna.pcpartpicker.com/static/forever/images/product/4961712f438dc5f365e2597da42b13b1.256p.jpg,ATX,850 W,80+ Platinum,Semi,,5
Antec NeoECO Gold ZEN,185.37,https://cdna.pcpartpicker.com/static/forever/images/product/f5fff539440e070a30d72a7a00183e22.256p.jpg,ATX,700 W,80+ Gold,No,Black / Gold,4
KOLINK ENCLAVE,Out of stock£67.99Add,https://cdna.pcpartpicker.com/static/forever/images/product/7d9aaf21595a24f455053fc31a874dc6.256p.jpg,ATX,700 W,80+ Gold,Full,Black,0
Deepcool PF450 230V,Add,https://cdna.pcpartpicker.com/static/forever/images/product/2b8a8a9ec6ad0b900513a4e80606695d.256p.jpg,ATX,450 W,80+,No,Black,0
Enermax EMG900EWT,Add,ATX,ATX,900 W,80+ Gold,Full,,0
SilentiumPC Supremo FM2,Add,https://cdna.pcpartpicker.com/static/forever/images/product/ffb4bdfa5eed6f45bc68cd3a57b69f29.256p.jpg,ATX,650 W,80+ Gold,Full,Black,5
PC Cooler YN750,Add,,ATX,750 W,80+ Gold,Full,Black,0
SeaSonic ATX3-FOCUS-GX-750-WHITE,Add,ATX,ATX,750 W,80+ Gold,Full,White,0
EVGA SuperNOVA 1000 P6,Add,ATX,ATX,1000 W,80+ Platinum,Full,Black / Silver,4.5
Corsair HX1050,Add,ATX,ATX,1050 W,80+ Gold,Semi,,4.5
EVGA SuperNOVA 750 B2,Add,https://cdna.pcpartpicker.com/static/forever/images/product/0b372dd6fe4cf5e5ee24eaf38b19d22b.256p.jpg,ATX,750 W,80+ Bronze,Semi,,4.5
Silverstone ST85F-GS-V2,144.55,ATX,ATX,850 W,80+ Gold,Full,,0
ASRock PRO-M750G,Add,https://cdna.pcpartpicker.com/static/forever/images/product/14e0d80205aaad5da8f911d6198611ee.256p.jpg,ATX,750 W,80+ Gold,Full,Black / Silver,0
Thermaltake Toughpower PF3-L,Add,https://cdna.pcpartpicker.com/static/forever/images/product/c3326e8f1b3f9bf2c89d1f50a2ad8894.256p.jpg,ATX,1050 W,80+ Platinum,Full,Black,0
Antec NE1300G M ATX3.0,Add,https://cdna.pcpartpicker.com/static/forever/images/product/5db1fde23f24b0aa753317aeef0b2cd4.256p.jpg,ATX,1300 W,80+ Gold,Full,Black,0
Cooler Master XG650 Plus,Add,ATX,ATX,650 W,80+ Platinum,Full,Black,0
EVGA 450 BV,Add,https://cdna.pcpartpicker.com/static/forever/images/product/1af08ba63aeb35ddc51266acec6e5573.256p.jpg,ATX,450 W,80+ Bronze,No,,4.5
SilentiumPC Vero L3,Add,ATX,ATX,600 W,80+ Bronze,No,Black,0
EVGA SuperNOVA 850 T2,Add,https://cdna.pcpartpicker.com/static/forever/images/product/c56ce498468a90a417aae520258bd4f7.256p.jpg,ATX,850 W,80+ Titanium,Full,,5
Antec NeoECO Platinum,Add,https://cdna.pcpartpicker.com/static/forever/images/product/2f9609cfa897a91a5819e3d453328696.256p.jpg,ATX,850 W,80+ Platinum,Full,Black,5
Gigabyte PB500,Add,ATX,ATX,500 W,80+ Bronze,No,,5
Deepcool PN750M WH,Add,https://cdna.pcpartpicker.com/static/forever/images/product/9917885147b180a843918ba760bd433c.256p.jpg,ATX,750 W,80+ Gold,Full,White,0
SeaSonic G,Add,https://cdna.pcpartpicker.com/static/forever/images/product/98add9e67336891e3de9545e0955a7a0.256p.jpg,ATX,750 W,80+ Gold,Semi,,4.5
Corsair RM650i,Add,https://cdna.pcpartpicker.com/static/forever/images/product/42d335d93d97f8a8259c42e3ef482ed0.256p.jpg,ATX,650 W,80+ Gold,Full,,4.5
EVGA 450 B3,Add,ATX,ATX,450 W,80+ Bronze,Full,,5
MSI MAG A650BN EVA e-PROJECT,Add,https://cdna.pcpartpicker.com/static/forever/images/product/7f83e981dac2486e2b852d6688630737.256p.jpg,ATX,650 W,80+ Bronze,No,Black / Purple,0
NZXT E500,Add,https://cdna.pcpartpicker.com/static/forever/images/product/3cabc37b881df6f8ab35cc5604f16238.256p.jpg,ATX,500 W,80+ Gold,Full,Black,5
EVGA 600 BA,Add,https://cdna.pcpartpicker.com/static/forever/images/product/5a96082ac0e767ce985191021c132daa.256p.jpg,ATX,600 W,80+ Bronze,No,Black,4
be quiet! Straight Power 10 CM,Add,https://cdna.pcpartpicker.com/static/forever/images/product/2399e419ce40483a41406c7582d40574.256p.jpg,ATX,800 W,80+ Gold,Semi,,0
PC Cooler YN1000,Add,,ATX,1000 W,80+ Gold,Full,Black,0
FSP Group Hydro PTM PRO,180.49,https://cdna.pcpartpicker.com/static/forever/images/product/147385497897ab5c23428e96ffcdb304.256p.jpg,ATX,1200 W,80+ Platinum,Full,Black,0
Cooler Master X Silent Edge Platinum 230V,226.61,https://cdna.pcpartpicker.com/static/forever/images/product/f87ad9e8d14cb99d49d870c08769bb67.256p.jpg,ATX,1100 W,80+ Platinum,Full,Black,0
Montech TITAN GOLD 1200W,139.99,https://cdna.pcpartpicker.com/static/forever/images/product/c20a02c92d2ff3a4d80206d09c1fccbd.256p.jpg,ATX,1200 W,80+ Gold,Full,Black,4.5
Chieftec Vita,90.42,https://cdna.pcpartpicker.com/static/forever/images/product/a55b2cba4a51c1301e4fc05b02970d58.256p.jpg,ATX,850 W,80+ Bronze,No,Black / Blue,0
Apex AL-D500EXP,,ATX,ATX,500 W,false,No,,3
Cooler Master Silent Pro Gold,Add,ATX,ATX,800 W,80+ Gold,Semi,,5
Deepcool PK600D,Add,ATX,ATX,600 W,80+ Bronze,No,Black,0
EVGA SuperNOVA 550 GS,Add,https://cdna.pcpartpicker.com/static/forever/images/product/5b46c979b1e298f95d014038da834e09.256p.jpg,ATX,550 W,80+ Gold,Full,,4.5
Cooler Master V1000,Add,https://cdna.pcpartpicker.com/static/forever/images/product/0185acd425697634b1feedf5a1984a0a.256p.jpg,ATX,1000 W,80+ Gold,Full,,4.5
Cooler Master V850 V2,Add,https://cdna.pcpartpicker.com/static/forever/images/product/d862a73fc4dc61e8e0ce4f445fcce771.256p.jpg,ATX,850 W,80+ Gold,Full,White,5
be quiet! System Power 9 CM,Out of stock£72.60Add,https://cdna.pcpartpicker.com/static/forever/images/product/c7615ed81c90d3e051aca4d771cc78fb.256p.jpg,ATX,400 W,80+ Bronze,Semi,Black,4
Raidmax RX-700AC,Add,ATX,ATX,700 W,80+ Bronze,Semi,,4
Corsair VS500,Add,https://cdna.pcpartpicker.com/static/forever/images/product/efddf69c47d644315caa53351019692f.256p.jpg,ATX,500 W,80+,No,,3.5
Deepcool PQ750M,Add,https://cdna.pcpartpicker.com/static/forever/images/product/433631f9fa79bb5913d76f89131f7362.256p.jpg,ATX,750 W,80+ Gold,Full,Black,5
SeaSonic PRIME,Out of stock£191.99Add,https://cdna.pcpartpicker.com/static/forever/images/product/31f095e495ae4555d237771d0f1ab2d4.256p.jpg,ATX,850 W,80+ Gold,Full,Black,5
Thermaltake Toughpower iRGB PLUS TT Premium Edition,Add,ATX,ATX,1650 W,80+ Titanium,Full,Black,0
SHARKOON SilentStorm Cool Zero 650,125.95,https://cdna.pcpartpicker.com/static/forever/images/product/24e1863d77642a93933b960607620266.256p.jpg,ATX,650 W,80+ Gold,Full,Black,4
EVGA SuperNOVA 750 G1,Add,https://cdna.pcpartpicker.com/static/forever/images/product/0aa7b707ebbbdc8d01f6e72d0c36d106.256p.jpg,ATX,750 W,80+ Gold,Full,,4.5
EVGA SuperNOVA 850G XC,Add,https://cdna.pcpartpicker.com/static/forever/images/product/423335b70c6ced812d203b0165dd4ade.256p.jpg,ATX,850 W,80+ Gold,Full,Black,5
Thermalright TB650S,Add,https://cdna.pcpartpicker.com/static/forever/images/product/029c3beeb5912c4f445fc76f5f5aa5ba.256p.jpg,ATX,650 W,80+ Bronze,No,Black,0
Xilence XP550R10,54.45,ATX,ATX,550 W,80+ Bronze,No,Black / Red,0
Xilence XP750R12,81.69,ATX,ATX,750 W,80+ Gold,No,Black,0
Cooler Master Elite NEX White W600 Black Mesh 230V,60.27,ATX,ATX,600 W,80+,No,Black,0
Thermaltake Toughpower,Add,https://cdna.pcpartpicker.com/static/forever/images/product/fa07f378e67cc4bf3a6d7cd2600338ae.256p.jpg,ATX,750 W,80+ Gold,Semi,,4.5
SeaSonic VERTEX PX-850,Out of stock£211.62Add,https://cdna.pcpartpicker.com/static/forever/images/product/53793b9fe70a53ee620d376bc4db3e1d.256p.jpg,ATX,850 W,80+ Platinum,Full,Black / Silver,0
GameMax VP-600-RGB,Add,ATX,ATX,600 W,80+ Bronze,No,Black,0
PC Cooler YS850,Add,ATX,ATX,850 W,80+ Gold,Full,Black,0
Enermax MAXPRO,Add,ATX,ATX,500 W,80+,No,,0
Thermaltake Toughpower SFX 600W Gold,,SFX,SFX,600 W,80+ Gold,Full,Black,5
HEC HEC200SA-2FX,,https://cdna.pcpartpicker.com/static/forever/images/product/05dfbb51ab9efcd64e2ef492fa375e10.med.256p.jpg,Mini ITX,200 W,false,No,Silver,0
Aerocool AER-P7-P650W,Add,ATX,ATX,650 W,80+ Platinum,Full,,5
be quiet! System Power 9 500 CM,Out of stock£62.99Add,https://cdna.pcpartpicker.com/static/forever/images/product/6bdaac89a1675f66238a17335eb22cd6.256p.jpg,ATX,500 W,80+ Bronze,Semi,Black,4.5
Thermaltake Toughpower GF1 Snow - TT Premium,Add,ATX,ATX,750 W,80+ Gold,Full,White,3
EVGA 750 B3,Add,ATX,ATX,850 W,80+ Bronze,Full,,5
Corsair CS850M,Add,https://cdna.pcpartpicker.com/static/forever/images/product/89781316578ff77d1a83204f7a94f184.256p.jpg,ATX,850 W,80+ Gold,Semi,,5
SHARKOON SilentStorm Cool Zero 750,Add,https://cdna.pcpartpicker.com/static/forever/images/product/24e1863d77642a93933b960607620266.256p.jpg,ATX,750 W,80+ Gold,Full,Black,4
Cooler Master G550M,Add,ATX,ATX,550 W,80+ Bronze,Semi,,4
Asus ROG-STRIX-850G-GUNDAM-EDITION,Add,https://cdna.pcpartpicker.com/static/forever/images/product/2746f559ac6e385a3f8d640ff5687c5f.256p.jpg,ATX,850 W,80+ Gold,Full,White,5
Enermax Platimax D.F.,Add,https://cdna.pcpartpicker.com/static/forever/images/product/b8eec2ba376cbbd68178f2f48e719110.256p.jpg,ATX,1050 W,80+ Platinum,Full,Black,0
FSP Group Hydro PTM PRO,Gen5,Out of stock£229.99Add,https://cdna.pcpartpicker.com/static/forever/images/product/097bf4e7725030b1f17d57eff72b7cfd.256p.jpg,ATX,1650 W,80+ Platinum,Full,Black,0
Antec True Power,Add,https://cdna.pcpartpicker.com/static/forever/images/product/425e461fd7da9aa2298be3609a9c85ca.256p.jpg,ATX,650 W,80+ Gold,No,,4.5
Fractal Design Ion+ 2 Platinum,Add,https://cdna.pcpartpicker.com/static/forever/images/product/6cf1da0b9bcc00bfaddb61f82d60cb94.256p.jpg,ATX,660 W,80+ Platinum,Full,Black,5
Xilence XP650R10,61.38,ATX,ATX,650 W,80+ Bronze,No,Black / Red,0
SeaSonic PRIME Ultra Titanium,Add,https://cdna.pcpartpicker.com/static/forever/images/product/b66d131c19d0ae925251f7c9f3cb0db3.256p.jpg,ATX,1000 W,80+ Titanium,Full,,4.5
be quiet! STRAIGHT POWER E9 | 480W CM,Add,ATX,ATX,480 W,80+ Gold,Full,,0
Deepcool PX1000G,Add,https://cdna.pcpartpicker.com/static/forever/images/product/351a0f0367d723ba6e01636d52a406b3.256p.jpg,ATX,1000 W,80+ Gold,Full,Black,5
Fractal Design Ion+ 560P,Add,https://cdna.pcpartpicker.com/static/forever/images/product/c2a8cbfae3cc72e34af4e829d2d77e32.256p.jpg,ATX,560 W,80+ Platinum,Full,Black,5
Cooler Master MWE White V2,Add,,ATX,550 W,80+,No,Black,4.5
Cooler Master 600W MasterWatt Lite 230V,Add,https://cdna.pcpartpicker.com/static/forever/images/product/c6884124b32a02c13252387f3ad4a180.256p.jpg,ATX,600 W,80+,No,,4
Cooler Master V750 V2,Add,ATX,ATX,750 W,80+ Gold,Full,White,4.5
be quiet! Pure Power 9 CM,Add,ATX,ATX,600 W,80+ Bronze,Semi,Black,5
Thermalright TB750S,Add,https://cdna.pcpartpicker.com/static/forever/images/product/2fe02ab4241726bf04f8472fa9203024.256p.jpg,ATX,750 W,80+ Bronze,No,Black,0
Corsair HX620,Add,ATX,ATX,620 W,80+,Full,,5
Chieftec iArena,Add,,ATX,500 W,80+ Bronze,No,Silver / Black,5
Gigabyte P650G (US),Add,https://cdna.pcpartpicker.com/static/forever/images/product/c202e1ee728f17938772331e0ef7700c.256p.jpg,ATX,650 W,80+ Gold,No,Black,3
Silverstone Strider Plus,Add,https://cdna.pcpartpicker.com/static/forever/images/product/be6ac26cb6be2e77fc656296cb4a558c.256p.jpg,ATX,500 W,80+ Bronze,Full,,3.5
FSP Group Hydro K Pro ATX3.0,Add,https://cdna.pcpartpicker.com/static/forever/images/product/8ceef7235402a7ac369757ecd4d9c90a.256p.jpg,ATX,750 W,80+ Bronze,No,Black,4
Rosewill PHOTON-650,Add,ATX,ATX,650 W,80+ Gold,Full,,4.5
Cooler Master MWE GOLD 750 V2,Add,ATX,ATX,750 W,80+ Gold,No,Black,0
Cooler Master G750M,Add,ATX,ATX,750 W,80+ Bronze,Semi,,4.5
Cooler Master V850 Gold V2,Add,https://cdna.pcpartpicker.com/static/forever/images/product/0c07888e8f46d6566618866bc01e00b4.256p.jpg,ATX,850 W,80+ Gold,Full,Black,4
Phanteks Revolt Pro,Out of stock£157.00Add,https://cdna.pcpartpicker.com/static/forever/images/product/99a38ce61da22dac8b77c17bc0b8d8b0.256p.jpg,ATX,850 W,80+ Gold,Full,Silver / Black,5
SeaSonic PRIME Platinum,Add,https://cdna.pcpartpicker.com/static/forever/images/product/7d86a9e941825a73c01e0b158d441adc.256p.jpg,ATX,1200 W,80+ Platinum,Full,,0
Azza PSAZ-750PT14,Add,ATX,ATX,750 W,80+ Platinum,Semi,,0
be quiet! TFX Power 3 300,69.89,https://cdna.pcpartpicker.com/static/forever/images/product/26f4e1e59c28ce6c0a4dd6e61845d41a.256p.jpg,TFX,300 W,80+ Gold,No,Black,0
EVGA 710 BP,Add,ATX,ATX,710 W,80+ Bronze,No,Black,0
Cooler Master XG750 Plus,Add,ATX,ATX,750 W,80+ Platinum,Full,Black,0
Chieftec Stealth,Add,https://cdna.pcpartpicker.com/static/forever/images/product/0d30b3352f3b131788dc37397801e0f2.256p.jpg,ATX,1000 W,80+ Platinum,Full,Black,0
Cooler Master V750,Add,ATX,ATX,750 W,80+ Gold,Full,,4.5
Corsair CS450M,Add,ATX,ATX,450 W,80+ Gold,Semi,,4.5
Cooler Master G500,Add,ATX,ATX,500 W,80+ Gold,No,Black,0
SeaSonic PRIME 1300 Gold,Add,https://cdna.pcpartpicker.com/static/forever/images/product/0507a17b19d2080a2a8ce1119a204254.256p.jpg,ATX,1300 W,80+ Gold,Full,Black,4
Thermaltake Toughpower Grand RGB Platinum,Add,https://cdna.pcpartpicker.com/static/forever/images/product/375535efcb6d18a56a5f6a6f84299805.256p.jpg,ATX,1200 W,80+ Platinum,Full,Black,0
FSP Group HEXA+,Add,ATX,ATX,500 W,false,No,,4
Raidmax RX-530SS,Add,https://cdna.pcpartpicker.com/static/forever/images/product/556ec77a3181c96b79f63fac69511d51.256p.jpg,ATX,530 W,Semi,Semi,,4
Corsair VX550,Add,ATX,ATX,550 W,80+,No,,5
SeaSonic X,Add,https://cdna.pcpartpicker.com/static/forever/images/product/d78addf4029a1a9f8b53f6b24d5d3d79.med.256p.jpg,ATX,400 W,80+ Gold,Full,,5
Cooler Master i500,Add,ATX,ATX,500 W,80+ Bronze,No,,4
KOLINK KL-SFX250,,https://cdna.pcpartpicker.com/static/forever/images/product/7b90e04111ecadbc0ea19c5ba55b5d56.256p.jpg,SFX,250 W,80+ Bronze,No,Black / Green,0
Montech CENTURY G5,Add,ATX,ATX,750 W,80+ Gold,Full,Black,0
EVGA 450 W3,Add,https://cdna.pcpartpicker.com/static/forever/images/product/087891201c65c35758d329677b61fa20.256p.jpg,ATX,450 W,80+,No,Black,4.5
Super Flower Leadex Platinum SE,Add,https://cdna.pcpartpicker.com/static/forever/images/product/9d287b1a68e6c19aa0eb6d52eb82c7f8.256p.jpg,ATX,1000 W,80+ Platinum,Full,White,5
Cooler Master MWE GOLD 650 V2,Add,ATX,ATX,650 W,80+ Gold,No,Black,5
Corsair AX760i,Add,ATX,ATX,760 W,80+ Platinum,Full,,5
Cooler Master V650 Gold V2,Add,https://cdna.pcpartpicker.com/static/forever/images/product/3c583ad4a6f97436479dee273a4f4104.256p.jpg,ATX,650 W,80+ Gold,Full,Black,5
Corsair CX450M (2021),258.14,https://cdna.pcpartpicker.com/static/forever/images/product/46c70321e790d26d25647200ab0f60d0.256p.jpg,ATX,450 W,80+ Bronze,Semi,Black,0
Super Flower Legion GX Pro,Add,https://cdna.pcpartpicker.com/static/forever/images/product/cb0037ff6bd5bcbf2374bc3934236468.256p.jpg,ATX,550 W,80+ Gold,Semi,Black,0
Chieftec Polaris,136,https://cdna.pcpartpicker.com/static/forever/images/product/6d3a297440ea57b5b266095cae952b2c.256p.jpg,ATX,750 W,80+ Gold,Full,Black,0
Deepcool PX1000P,Add,https://cdna.pcpartpicker.com/static/forever/images/product/6e24c6b0dfc0c8afd87d5677d951b413.256p.jpg,ATX,1000 W,80+ Platinum,Full,Black / Silver,0
EVGA 650 N1,Add,https://cdna.pcpartpicker.com/static/forever/images/product/3a3df0d5abda15760f4d6222e5e1c5d0.256p.jpg,ATX,650 W,false,No,,4
Enermax PlatiGemini,Add,https://cdna.pcpartpicker.com/static/forever/images/product/699d4fd3b7a2b8d8c6e52ec42e3e855a.256p.jpg,ATX,1200 W,80+ Platinum,Full,Black,0
PC Cooler KN1000,Add,https://cdna.pcpartpicker.com/static/forever/images/product/7b90e367b2dafa0aa3da28c55af8fdaa.256p.jpg,ATX,1000 W,80+ Gold,Full,Black,0
Cooler Master 700W MasterWatt Lite 230V,Add,https://cdna.pcpartpicker.com/static/forever/images/product/47dcbf60eadccf143a69f0253adb3b7c.256p.jpg,ATX,700 W,80+,No,,5
Cooler Master MasterWatt Lite 500W Full Range,Add,https://cdna.pcpartpicker.com/static/forever/images/product/ddca9f92ecde70f1e5ae7480aa6edceb.256p.jpg,ATX,500 W,80+,No,,3
GAMDIAS ASTRAPE P1 G,Add,ATX,ATX,650 W,80+ Gold,Full,Black / Multicolor,0
Thermaltake Hamburg,Add,https://cdna.pcpartpicker.com/static/forever/images/product/bcc4cd512a2e682b80550b65f797b2da.256p.jpg,ATX,530 W,80+,No,Black,0
Corsair GS600,Add,ATX,ATX,600 W,80+ Bronze,No,,4
LC-Power OFFICE SERIES,Out of stock£80.99Add,ATX,ATX,600 W,false,No,Black,0
Antec VP,Add,https://cdna.pcpartpicker.com/static/forever/images/product/6939629dac987a73288cec4492aba4ad.256p.jpg,ATX,700 W,false,No,,0
PC Power &amp; Cooling PM0600,,,ATX,600 W,80+ Bronze,Semi,Black / Red,0
be quiet! Pure Power 11 FM 550,Out of stock£79.99Add,https://cdna.pcpartpicker.com/static/forever/images/product/866ec250d1b658773695fa3782c155f0.256p.jpg,ATX,550 W,80+ Gold,Full,Black,5
Silverstone DA850 Gold,Out of stock£106.00Add,https://cdna.pcpartpicker.com/static/forever/images/product/d27d4b21a6c9f86a74da22673fa0a204.256p.jpg,ATX,850 W,80+ Gold,Full,Black / White,4
FSP Group HYPER K PRO,Add,ATX,ATX,600 W,80+,No,Black / Yellow,0
Fractal Design Ion+ 660P,Add,https://cdna.pcpartpicker.com/static/forever/images/product/858613a28125fded4ae29e8fe2659158.256p.jpg,ATX,660 W,80+ Platinum,Full,Black,5
EVGA SuperNOVA 850 B2,Add,https://cdna.pcpartpicker.com/static/forever/images/product/12eb10f3eb27d4ccca09e6336e4cddff.256p.jpg,ATX,850 W,80+ Bronze,Semi,,4.5
EVGA 500 BA,Add,https://cdna.pcpartpicker.com/static/forever/images/product/fa0e062f5074fdd223bc02875666a43a.256p.jpg,ATX,500 W,80+ Bronze,No,Black,4.5
Inter-Tech HA-1200BA4,Add,https://cdna.pcpartpicker.com/static/forever/images/product/b76692a5fb7d1dc670209d0131bd79ea.256p.jpg,ATX,1200 W,80+ Gold,Full,Black,0
Antec Signature Platinum,160.99,https://cdna.pcpartpicker.com/static/forever/images/product/5f2a07632bcd9b87473cf66f7903bfb4.256p.jpg,ATX,1300 W,80+ Platinum,Full,Black,0
Enermax Revolution D.F. X,Add,https://cdna.pcpartpicker.com/static/forever/images/product/5afd8f41082bba02269179b91aff94dd.256p.jpg,ATX,1650 W,80+ Gold,Full,Black,0
NOX Hummer GD,Add,ATX,ATX,750 W,80+ Gold,No,,0
Xilence XP400R6,44.46,https://cdna.pcpartpicker.com/static/forever/images/product/0f8d20525e1ac771c5b7696bbee0d163.256p.jpg,ATX,400 W,false,No,Black / Red,1
Thermaltake Toughpower GX1,Add,ATX,ATX,600 W,80+ Gold,No,Black,4.5
EVGA SuperNOVA 1600 G2,599.99,https://cdna.pcpartpicker.com/static/forever/images/product/dc8f2b32533ea4411c8a31c83ce33e77.256p.jpg,ATX,1600 W,80+ Gold,Full,,4
Deepcool PM750D,Add,https://cdna.pcpartpicker.com/static/forever/images/product/eac8129c4d4f2b74be408ab713b5e005.256p.jpg,ATX,750 W,80+ Gold,No,Black,4
Deepcool GamerStorm PQ650G,Add,,ATX,650 W,80+ Gold,Full,Black,0
Gigabyte UD750GM-A,Add,https://cdna.pcpartpicker.com/static/forever/images/product/faebab673c316f501902eb6b1d9ca295.256p.jpg,ATX,750 W,80+ Gold,Full,Black,0
Inter-Tech Argus RGB CM II,124.99,https://cdna.pcpartpicker.com/static/forever/images/product/f42511ab13957f90e939d7284e326d48.256p.jpg,ATX,750 W,80+ Gold,Semi,Black,0
Deepcool PM850D,Add,https://cdna.pcpartpicker.com/static/forever/images/product/54d9364ab4b054f1ebff5be223b10353.256p.jpg,ATX,850 W,80+ Gold,No,Black,4
Antec High Current Gamer,Add,https://cdna.pcpartpicker.com/static/forever/images/product/c4db4d2e0b8495b5eb41f2d13c81b4d6.256p.jpg,ATX,520 W,80+ Bronze,Semi,,4.5
Deepcool PX1200G,Add,https://cdna.pcpartpicker.com/static/forever/images/product/f81881db5dbe58599a63c8064efe9ae0.256p.jpg,ATX,1200 W,80+ Gold,Full,Black,0
Thermalright TB850S,Add,https://cdna.pcpartpicker.com/static/forever/images/product/5b93e10e45f413570ce97e5ee239099c.256p.jpg,ATX,850 W,80+ Bronze,No,Black,0
XFX TS,Add,https://cdna.pcpartpicker.com/static/forever/images/product/5c26a00915ce687b8e85b4d522ba5109.256p.jpg,ATX,550 W,80+ Bronze,No,,4.5
Cougar GEX X2,Add,https://cdna.pcpartpicker.com/static/forever/images/product/6e93eac4100c5e04cb874cd223308434.256p.jpg,ATX,1000 W,80+ Gold,Full,Black,0
G.Skill MB750G,Add,ATX,ATX,750 W,80+ Gold,Full,Black,5
Silverstone Strider,Add,https://cdna.pcpartpicker.com/static/forever/images/product/4aa8f9c679579cea1206531e6b21c964.256p.jpg,ATX,750 W,80+ Gold,Full,,4
Cooler Master G650M,Add,ATX,ATX,650 W,80+ Bronze,Semi,,4
Thermaltake Toughpower iRGB PLUS 1200 Platinum,£298.37Add,https://cdna.pcpartpicker.com/static/forever/images/product/99434f28060d257accfc2f696a9089ae.256p.jpg,ATX,1200 W,80+ Platinum,Full,Black,4.5
In Win IP-S300FF1-0,65.94,https://cdna.pcpartpicker.com/static/forever/images/product/61df1f3fc8988c22bd003548555fa518.256p.jpg,TFX,300 W,80+,No,Silver,0
SHARKOON Rebel P20 1200,211.95,https://cdna.pcpartpicker.com/static/forever/images/product/156a6530abcf9ca190cf809d689662f7.256p.jpg,ATX,1200 W,Full,Full,Black,0
Super Flower Leadex Platinum,Add,https://cdna.pcpartpicker.com/static/forever/images/product/9758ce0c385ec9392c94a8dd6d67b5c7.256p.jpg,ATX,1600 W,80+ Platinum,Full,Black,0
Sparkle FSP350-60GNV,140.63,SFX,SFX,350 W,false,No,Silver,0
Cooler Master GXII,Add,https://cdna.pcpartpicker.com/static/forever/images/product/3c31f16f06425c0ab09612936614fdef.256p.jpg,ATX,750 W,80+ Gold,Full,Black,0
FSP Group CANNON PRO (230V),Add,ATX,ATX,2000 W,80+ Gold,Full,Black,0
Cooler Master Silent Pro M,Add,ATX,ATX,600 W,80+,Full,,5
Lian Li PE,Add,https://cdna.pcpartpicker.com/static/forever/images/product/1a2c968707a136a2089549a8420819f9.256p.jpg,SFX,750 W,80+ Platinum,Full,Black,5
Corsair GS700,Add,https://cdna.pcpartpicker.com/static/forever/images/product/e3b051ec5dc3abbc5b69d19106eb18bb.256p.jpg,ATX,700 W,80+ Bronze,No,,3.5
FSP Group FSP500-50FSPT,198.99,https://cdna.pcpartpicker.com/static/forever/images/product/591ae053cea39e33e3c890e4beedd590.256p.jpg,Flex ATX,500 W,80+ Platinum,No,Silver,0
Antec NeoECO Classic,Add,https://cdna.pcpartpicker.com/static/forever/images/product/bc99d2a88e52097359759ceedf196ec3.256p.jpg,ATX,650 W,80+ Bronze,No,Black,5
Cooler Master B600 ver. 2,Add,https://cdna.pcpartpicker.com/static/forever/images/product/8228800ccc0401b4f6a5f070fc5cae92.256p.jpg,ATX,600 W,80+,No,Black,0
Deepcool PQ1000M,Add,https://cdna.pcpartpicker.com/static/forever/images/product/bd4616d9981a170a99bf2f2960570ebd.256p.jpg,ATX,1000 W,80+ Gold,Full,Black,5
ARESGAME AGS,Add,ATX,ATX,850 W,80+ Gold,Semi,Black / Red,0
Solid Gear SDGR-FLEX220,,https://cdna.pcpartpicker.com/static/forever/images/product/34e4be9c0665ec6e521713bf83b033e7.256p.jpg,Flex ATX,220 W,false,No,Silver,3
Deepcool DA600N,Add,https://cdna.pcpartpicker.com/static/forever/images/product/6ba771c0c21dcff56815ebbde155e78f.256p.jpg,ATX,600 W,80+ Bronze,No,Black,0
Fractal Design Ion+ 860P,Add,https://cdna.pcpartpicker.com/static/forever/images/product/fcd9fccfad52e1a64842df93df303d05.256p.jpg,ATX,860 W,80+ Platinum,Full,Black,4.5
FSP Group FSP400-60GHS(85)-R,,SFX,SFX,400 W,80+ Bronze,No,Black,0
KOLINK Continuum V2,149.99,https://cdna.pcpartpicker.com/static/forever/images/product/d03324005639f4584a1a60f893e2eeff.256p.jpg,ATX,1200 W,80+ Platinum,Full,Black,0
Cooler Master MWE Gold V2 ATX3.0,289.45,https://cdna.pcpartpicker.com/static/forever/images/product/a50c59fb67b09abfb2fa581addea0621.256p.jpg,ATX,1250 W,80+ Gold,Full,White,0
Silverstone SST-TX400-G,,,TFX,400 W,80+ Gold,No,Black,0
SeaSonic PRIME Ultra Platinum 1000,Add,ATX,ATX,1000 W,80+ Platinum,Full,Black,5
Corsair HX1000,Add,https://cdna.pcpartpicker.com/static/forever/images/product/489649b2e95faa2873a5c4a2989d6e08.256p.jpg,ATX,1000 W,80+,Semi,,4.5
Montech GAMMA II,Add,ATX,ATX,650 W,80+ Gold,No,Black,0
Thermaltake Toughpower DPS G RGB Titanium,Add,ATX,ATX,1500 W,80+ Titanium,Full,,0
Cooler Master MWE Gold,Add,ATX,ATX,550 W,80+ Gold,Full,Black,4
FSP Group AU-400FL,Add,ATX,ATX,400 W,80+ Gold,Semi,,0
In Win P105II,Add,https://cdna.pcpartpicker.com/static/forever/images/product/621db9566f5e2c817b68c4ceef86dd95.256p.jpg,ATX,1050 W,80+ Platinum,Full,Black,0
Xigmatek ACXTNRP-PC502,Add,ATX,ATX,500 W,80+ Bronze,No,,3
Antec Earthwatts,Add,https://cdna.pcpartpicker.com/static/forever/images/product/05a6a9e8acb0312c8517315456276aad.256p.jpg,ATX,450 W,80+ Platinum,No,,4
Thermaltake Smart BX1 RGB 550,Add,https://cdna.pcpartpicker.com/static/forever/images/product/a04b925a61f5813382609c0b2b4bec89.256p.jpg,ATX,550 W,80+ Bronze,No,Black,5
be quiet! Power Zone 650W,Add,https://cdna.pcpartpicker.com/static/forever/images/product/fbf4c4c02330f710f58f74d076f16d74.256p.jpg,ATX,650 W,80+ Bronze,Full,,0
EVGA SuperNOVA 1000 PS,Add,https://cdna.pcpartpicker.com/static/forever/images/product/eb719139210f436f86ef91f8f701bd30.256p.jpg,ATX,1000 W,80+ Platinum,Full,,5
SHARKOON SilentStorm Cool Zero 850,Add,https://cdna.pcpartpicker.com/static/forever/images/product/24e1863d77642a93933b960607620266.256p.jpg,ATX,850 W,80+ Gold,Full,Black,0
In Win A65,Add,ATX,ATX,650 W,80+,No,Black,0
Xilence XP700R6,Add,ATX,ATX,700 W,false,No,Black / Red,0
Fractal Design Ion+ 760P,Add,https://cdna.pcpartpicker.com/static/forever/images/product/c38cf451d121d331d5ab373a127403aa.256p.jpg,ATX,760 W,80+ Platinum,Full,Black,4.5
Enermax MarbleBron,Add,https://cdna.pcpartpicker.com/static/forever/images/product/f7b5ea2028f7ad8e9d71d888bcd9bf96.256p.jpg,ATX,750 W,80+ Bronze,Semi,Black,0
Gigabyte P1000GM,Add,https://cdna.pcpartpicker.com/static/forever/images/product/fc62954202f5e034004e9ab0973a8789.256p.jpg,ATX,1000 W,80+ Gold,Full,Black,0
Antec EARTHWATTS GOLD PRO 550,Add,https://cdna.pcpartpicker.com/static/forever/images/product/aceb2cba02ffc92a1b5ef0c63016370c.256p.jpg,ATX,550 W,80+ Gold,Semi,Black,5
Cooler Master V550,Add,ATX,ATX,550 W,80+ Gold,Full,,5
BitFenix Formula Gold 650,98.84,https://cdna.pcpartpicker.com/static/forever/images/product/3bf5e735214e4c6b833ac57b4dd36bfb.256p.jpg,ATX,650 W,80+ Gold,No,,4.5
EVGA 550 BP,Add,https://cdna.pcpartpicker.com/static/forever/images/product/b8588832d981fded17bc96283b817ee7.256p.jpg,ATX,550 W,80+ Bronze,No,Black,5
Enermax Revolution D.F.,Add,https://cdna.pcpartpicker.com/static/forever/images/product/d3f4902aae06eef53d07e364c3645bc8.256p.jpg,ATX,850 W,80+ Gold,Full,Black / Silver,4.5
Rosewill Glacier 500M,Add,ATX,ATX,500 W,80+ Bronze,Semi,,4.5
Corsair Vengeance 400,Add,ATX,ATX,400 W,80+ Bronze,No,,0
Deepcool PX850G WH,Add,https://cdna.pcpartpicker.com/static/forever/images/product/3a507dd59efe24e8b3ec4cc8dbbc5cd1.256p.jpg,ATX,850 W,80+ Gold,Full,White,0
Thermaltake Toughpower Grand,Add,https://cdna.pcpartpicker.com/static/forever/images/product/eecabbcc33062717781675d7bce826fb.256p.jpg,ATX,850 W,80+ Gold,Full,,5
Raidmax XT,Add,https://cdna.pcpartpicker.com/static/forever/images/product/a9b1011bcb16334fd00068ca7fabfe41.256p.jpg,ATX,300 W,false,No,,4
Zalman TXII,Add,https://cdna.pcpartpicker.com/static/forever/images/product/7905f1467130b80df4e29fb5ce1789a6.256p.jpg,ATX,600 W,80+,No,Black,0
Rosewill Capstone,Add,https://cdna.pcpartpicker.com/static/forever/images/product/b12738622ebf4ee23975e420241d3751.256p.jpg,ATX,650 W,80+ Gold,Semi,,4.5
Cougar GX-S,Add,https://cdna.pcpartpicker.com/static/forever/images/product/4b30dcdfd5513bbc0c4b4dc0356a4746.256p.jpg,ATX,750 W,80+ Gold,No,,5
In Win P65F,Add,ATX,ATX,650 W,80+ Gold,No,Black,0
SeaSonic TFX 350,,TFX,TFX,350 W,80+ Gold,Full,Black,0
FSP Group FSP220-60LE(80),79.98,Mini ITX,Mini ITX,220 W,80+,No,Silver,5
SHARKOON WPM Bronze,Add,ATX,ATX,700 W,80+ Bronze,Semi,,0
Thermaltake TPD-0550M,Add,ATX,ATX,550 W,80+ Gold,Semi,,5
EVGA SuperNOVA 1000 G1,Add,https://cdna.pcpartpicker.com/static/forever/images/product/9bfcdbe6cdfb701facaef36e5a9d43cd.256p.jpg,ATX,1000 W,80+ Gold,Full,,4.5
FSP Group Hydro M Pro ATX3.0(PCIe5.0),Add,https://cdna.pcpartpicker.com/static/forever/images/product/8af24ad5334eeb34628df6d6a5578fb1.256p.jpg,ATX,800 W,80+ Bronze,Semi,Black,0
Cooler Master V1300 Platinum,391.9,ATX,ATX,1300 W,80+ Platinum,Full,Black,0
Zalman TeraMax II,Add,https://cdna.pcpartpicker.com/static/forever/images/product/fe5ee1894c4aa0598c1cf5326e9c8499.256p.jpg,ATX,850 W,80+ Gold,Full,White,0
EVGA 650 B3,Add,ATX,ATX,650 W,80+ Bronze,Full,,4.5
SeaSonic ATX3-FOCUS-GX-1000-WHITE,Add,ATX,ATX,1000 W,80+ Gold,Full,White,0
Cooler Master MWE GOLD 850 V2,,ATX,ATX,850 W,80+ Gold,No,Black,5
Thermalright TGFX650,,SFX,SFX,650 W,80+ Gold,Full,Black,0
EVGA SuperNOVA 850 G7,Add,https://cdna.pcpartpicker.com/static/forever/images/product/48c76fd0e4cba6f0f442c1941ada00c5.256p.jpg,ATX,850 W,80+ Gold,Full,Black / Blue,4
Fractal Design Integra R2,Add,https://cdna.pcpartpicker.com/static/forever/images/product/565d126e1a78024532134b189a6b78fb.med.256p.jpg,ATX,500 W,80+ Bronze,No,,5
GameMax GX-650 Modular,Add,ATX,ATX,650 W,80+ Gold,Full,Black,0
Insignia NS-PCW5508,,https://cdna.pcpartpicker.com/static/forever/images/product/105cd842b242f5d54b860055f9c02871.256p.jpg,ATX,550 W,80+ Bronze,No,Black,3
Silverstone NJ700,Add,https://cdna.pcpartpicker.com/static/forever/images/product/853c64e89cc2059ebe32cfeb7158812d.256p.jpg,ATX,700 W,80+ Titanium,Full,Silver,0
Thermaltake TR2 S 550W,Add,https://cdna.pcpartpicker.com/static/forever/images/product/ad8df795f118616d46de3c18f0999adb.256p.jpg,ATX,550 W,80+,No,,4
Thermalright TB-850,Add,https://cdna.pcpartpicker.com/static/forever/images/product/fd0702ede2906049d80079be1db87e8e.256p.jpg,ATX,850 W,80+ Bronze,Full,Black,0
Thermaltake Thermaltake TP-750M,Add,https://cdna.pcpartpicker.com/static/forever/images/product/89a958efbd71727bfea48d6634019e12.256p.jpg,ATX,750 W,80+ Gold,Semi,,4.5
Segotep GP700G,Add,https://cdna.pcpartpicker.com/static/forever/images/product/2235bad3d10ee4414d3cdfd4f89572e0.256p.jpg,ATX,700 W,80+ Gold,No,Black,0
Deepcool DQ750M-V3L,Add,ATX,ATX,750 W,80+ Gold,Full,Black,0
Kuroutoshikou KRPW-BR650W/85+,,ATX,ATX,650 W,80+ Bronze,No,Black,0
be quiet! Pure Power 10 CM,Add,https://cdna.pcpartpicker.com/static/forever/images/product/af3b36b1a3192c881b69c9e3fd3d1109.256p.jpg,ATX,400 W,80+ Silver,Semi,,5
Antec VP650P,Add,ATX,ATX,650 W,false,No,,0
Thermaltake Toughpower iRGB PLUS 850,Add,ATX,ATX,850 W,80+ Gold,Full,Black,0
SilentiumPC Vero M3,Add,ATX,ATX,600 W,80+ Bronze,Semi,Black,0
Thermaltake Toughpower Grand RGB 850 SE,Add,https://cdna.pcpartpicker.com/static/forever/images/product/e8e432561afd5b71e2a9d40829e0dd31.256p.jpg,ATX,850 W,80+ Gold,Full,Black,5
OCZ ModXStream Pro,Add,ATX,ATX,600 W,80+,Semi,,4
EVGA 700 B1,Add,https://cdna.pcpartpicker.com/static/forever/images/product/ee1d04cfb2958783357ccceb23c554d1.256p.jpg,ATX,700 W,80+ Bronze,No,,4
Antec NeoECO 650 Gold,Add,https://cdna.pcpartpicker.com/static/forever/images/product/7225fb12c7bd9cb32a182edd0234df06.256p.jpg,ATX,650 W,80+ Gold,Semi,Black,4
Cooler Master MWE Gold 550,Add,ATX,ATX,550 W,80+ Gold,No,Black,5
Cooler Master MWE BRONZE 650 V3,Add,ATX,ATX,650 W,80+ Bronze,No,Black,0
In Win Classic,Add,https://cdna.pcpartpicker.com/static/forever/images/product/6ba09d9204260a32d6197421103fdb78.256p.jpg,ATX,900 W,80+ Platinum,Full,,0
G.Skill MB850G,Add,ATX,ATX,850 W,80+ Gold,Full,Black,0
Enermax CYBERBRON,66.58,ATX,ATX,700 W,80+ Bronze,No,Black,0
Corsair AX1500i 240V,,https://cdna.pcpartpicker.com/static/forever/images/product/4c6dde07f940afa98f95a763a366045e.256p.jpg,ATX,1500 W,80+ Titanium,Full,,0
Apex AG-M,Add,https://cdna.pcpartpicker.com/static/forever/images/product/ab7ef1fe170e1c4f366e3178de251278.256p.jpg,ATX,750 W,80+ Gold,Full,Black,4
Xigmatek NRP-PC702,Add,ATX,ATX,700 W,80+ Bronze,No,,0
In Win P75F,Add,https://cdna.pcpartpicker.com/static/forever/images/product/9a1c9f1631d8bcb59becdfb60b7d85e7.256p.jpg,ATX,750 W,80+ Gold,No,Black,0
Cooler Master MWE Gold 1250 - V2,Add,https://cdna.pcpartpicker.com/static/forever/images/product/b0424dd7884424520225c3cac53371a7.256p.jpg,ATX,1250 W,80+ Gold,Full,Black,0
KOLINK Classic Power,Out of stock£44.99Add,https://cdna.pcpartpicker.com/static/forever/images/product/d423cfe1772313013c2bc9b831398f68.256p.jpg,ATX,700 W,80+ Bronze,No,Black / Red,3.5
Raidmax Thunder RGB,Add,https://cdna.pcpartpicker.com/static/forever/images/product/1101a9fc3c60b42da521c915dc8b0269.256p.jpg,ATX,735 W,80+ Bronze,Semi,Black,4
SilentiumPC Vero L2,Add,https://cdna.pcpartpicker.com/static/forever/images/product/e11c497b722d90e33fa42bd1a320efba.256p.jpg,ATX,600 W,80+ Bronze,No,Black,0
Enermax REVOLUTION SFX,Add,SFX,SFX,550 W,80+ Gold,Full,Black,0
be quiet! Power Zone 1000W,Add,https://cdna.pcpartpicker.com/static/forever/images/product/70e08d3ae50f62682b3c1720ea52bc38.256p.jpg,ATX,1000 W,80+ Bronze,Full,,4
Cooler Master V SFX Platinum ATX 3.1,Add,,SFX,1100 W,80+ Platinum,Full,Black,0
Chieftec Vita SM3,Add,https://cdna.pcpartpicker.com/static/forever/images/product/108b643d9b9187e311152b9dfed02c44.256p.jpg,ATX,750 W,80+ Bronze,Semi,Black / Blue,0
SilentiumPC Supremo L2 V2,Add,ATX,ATX,550 W,80+ Gold,No,Black,0
EVGA SuperNOVA 1000 G7,Add,https://cdna.pcpartpicker.com/static/forever/images/product/feeb9ca35cefa1b79b3bfb8210fa1efd.256p.jpg,ATX,1000 W,80+ Gold,Full,Black / Blue,4.5
be quiet! STRAIGHT POWER E9 | 580W CM,Add,ATX,ATX,580 W,80+ Gold,Semi,,5
Antec High Current Pro,Add,https://cdna.pcpartpicker.com/static/forever/images/product/738e012421a96c0ea02bad3d7eec29cc.256p.jpg,ATX,850 W,80+ Platinum,Full,,5
Super Flower Leadex III ARGB Pro,Add,ATX,ATX,850 W,80+ Gold,Full,Black,5
Cooler Master V1200,Add,ATX,ATX,1200 W,80+ Platinum,Full,,4
ASRock PRO-M1000G,Add,https://cdna.pcpartpicker.com/static/forever/images/product/1455720841dc96c8fcb08a821db2cd48.256p.jpg,ATX,1000 W,80+ Gold,Full,Black / Silver,0
GameMax GX-850 Modular,Add,ATX,ATX,850 W,80+ Gold,Full,Black,4
Rosewill HIVE,Add,https://cdna.pcpartpicker.com/static/forever/images/product/d8205363e4a9b88a32d08deebeae2bc0.256p.jpg,ATX,850 W,80+ Bronze,Full,,5
LC-Power LC V2.31,Add,ATX,ATX,550 W,80+ Platinum,Full,Black,0
Chieftec Polaris 3.0,Add,https://cdna.pcpartpicker.com/static/forever/images/product/8e6ae45b2e376cbbc28fc7f633145ae8.256p.jpg,ATX,1050 W,80+ Gold,Full,Black,0
Rosewill Glacier 850M,Add,ATX,ATX,850 W,80+ Bronze,Semi,,5
EVGA SuperNOVA 650 P5,Add,ATX,ATX,650 W,80+ Platinum,Full,Black / Teal,5
Silverstone ET500-ARGB,Add,https://cdna.pcpartpicker.com/static/forever/images/product/044f4c95b2f8c72e55e16a6b6a7c2405.256p.jpg,ATX,500 W,80+ Bronze,No,Black,0
FSP Group Hydro GE,Add,https://cdna.pcpartpicker.com/static/forever/images/product/a96978daed50f88a38a7045f638ddaf2.256p.jpg,ATX,650 W,80+ Gold,Full,Black,0
Deepcool DQ750ST,Add,https://cdna.pcpartpicker.com/static/forever/images/product/afbf0c27e42a7deeb9f2ee2fb958fbb5.256p.jpg,ATX,750 W,80+ Gold,No,,5
Montech CENTURY MINI,,https://cdna.pcpartpicker.com/static/forever/images/product/00f08e231d84fd083f931bd63829c843.256p.jpg,SFX,750 W,80+ Gold,Full,Black,0
LC-Power LC850P V3.0,132.91,ATX,ATX,850 W,80+ Platinum,Full,Black,0
EVGA SuperNOVA 750 P5,Add,https://cdna.pcpartpicker.com/static/forever/images/product/5ad3df248dcfa5ee9417dea02a078c30.256p.jpg,ATX,750 W,80+ Platinum,Full,Black / Teal,4.5
Lian Li EG850 Mesh,Add,ATX,ATX,850 W,80+ Gold,Full,Black,0
FSP Group AURUM S 400W,Add,ATX,ATX,400 W,80+ Gold,No,,4
be quiet! Pure Power L7,Add,ATX,ATX,530 W,80+,No,,5
Deepcool DQ-M-V2L,Add,https://cdna.pcpartpicker.com/static/forever/images/product/3fcfb8be5d16f414634a6bb2a84e578b.256p.jpg,ATX,850 W,80+ Gold,Full,Black / Green,5
Super Flower Leadex V Pro,Add,https://cdna.pcpartpicker.com/static/forever/images/product/2b50c32982ce29f2a5596bf10383322f.256p.jpg,ATX,1000 W,80+ Platinum,Full,White,0
Athena Power APOLLO 600,230.84,https://cdna.pcpartpicker.com/static/forever/images/product/562907f79e4b6d919e4c5a0959442660.256p.jpg,SFX,600 W,80+ Bronze,No,Black,0
Chieftec PowerPlay Gold,Add,https://cdna.pcpartpicker.com/static/forever/images/product/f70fbf3880ecb15547701cc277380e06.256p.jpg,ATX,550 W,80+ Gold,Full,Black / Red,0
SeaSonic SSP-350SE,,ATX,ATX,350 W,80+ Bronze,No,,5
Cooler Master MasterWatt Lite 600W Full Range,Add,https://cdna.pcpartpicker.com/static/forever/images/product/cf07cf649652f8e8734b4b5d429ed144.256p.jpg,ATX,600 W,80+,No,,0
Fractal Design Newton R3,Add,https://cdna.pcpartpicker.com/static/forever/images/product/260aa8f5f058024d5ad344ef2d92b87d.256p.jpg,ATX,800 W,80+ Platinum,Semi,,4
Cooler Master Silent Pro M2,Add,ATX,ATX,720 W,80+ Bronze,Semi,,4
Cooler Master MWE Gold 1050 - V2,Add,https://cdna.pcpartpicker.com/static/forever/images/product/c1a872ef01f2c1b202a91e8dcabdc507.256p.jpg,ATX,1050 W,80+ Gold,Full,Black,0
FSP Group Raider 750,Add,ATX,ATX,750 W,80+ Bronze,No,,0
Cooler Master GX,Add,ATX,ATX,650 W,80+,No,,3.5
Cooler Master B500 ver.2,Add,https://cdna.pcpartpicker.com/static/forever/images/product/f8b05e0c9db6c0d18d607e57222e9255.256p.jpg,ATX,500 W,80+,No,,4
Corsair CX850M V2 (2017 Edition),Add,ATX,ATX,850 W,80+ Bronze,Semi,Black / White,3
be quiet! Power Zone,Add,ATX,ATX,850 W,80+ Bronze,Full,,0
Cooler Master XG850 Plus,Add,ATX,ATX,850 W,80+ Platinum,Full,Black,5
Thermalright TPFX750,,SFX,SFX,750 W,80+ Platinum,Full,Black,0
Cooler Master MWE GOLD 550 V2 FULL MODULAR,Add,ATX,ATX,550 W,80+ Gold,Full,Black,0
Silverstone Nightjar,Add,ATX,ATX,520 W,80+ Platinum,Full,,4.5
ABS Majesty,Add,https://cdna.pcpartpicker.com/static/forever/images/product/19126019412d16da69c6fd38405156b1.256p.jpg,ATX,1100 W,80+ Gold,Full,,0
EVGA SuperNOVA 1000G XC,,https://cdna.pcpartpicker.com/static/forever/images/product/faad44860e7ccc7e2bce66ce1c62b7d5.256p.jpg,ATX,1000 W,80+ Gold,Full,Black,0
Thermalright TPFX850,,SFX,SFX,850 W,80+ Platinum,Full,Black,0
SHARKOON Rebel P20 1000,241.99,https://cdna.pcpartpicker.com/static/forever/images/product/a39c9b21d04d4585f913a271db9d7169.256p.jpg,ATX,1000 W,Full,Full,White,0
SeaSonic VERTEX GX-750,Add,https://cdna.pcpartpicker.com/static/forever/images/product/f9433fd78ac01e53008243376cf1bd29.256p.jpg,ATX,750 W,80+ Gold,Full,Black / Silver,0
SeaSonic 750FX WHITE,Add,https://cdna.pcpartpicker.com/static/forever/images/product/189110bb4c0e386f44dfcf9105049e43.256p.jpg,ATX,750 W,80+ Gold,Full,White,0
Antec SF850X,,https://cdna.pcpartpicker.com/static/forever/images/product/ea959b55c8fb98a25c18332650b99097.256p.jpg,SFX,850 W,80+ Gold,Full,Black / Gold,0
Cougar BXM700,,,ATX,700 W,80+ Bronze,Semi,Black / Orange,0
Deepcool DQ850M-V3L,Add,ATX,ATX,850 W,80+ Gold,Full,Black,5
Thermaltake Toughpower iRGB PLUS 1000,Add,ATX,ATX,1000 W,80+ Gold,Full,Black,5
Rosewill Glacier 600M,Add,ATX,ATX,600 W,80+ Bronze,Semi,,4.5
Corsair Vengeance 550M,£666.43Add,ATX,ATX,550 W,80+ Bronze,Semi,,4
SeaSonic Prime Fanless PX-450,Add,https://cdna.pcpartpicker.com/static/forever/images/product/b198c6fbe0cb13551412f93cf40d4d7b.256p.jpg,ATX,450 W,80+ Platinum,Full,Black,5
Rosewill RD-Z,Add,https://cdna.pcpartpicker.com/static/forever/images/product/7e140b719ba71e85f8be877ea5e4dfcc.256p.jpg,ATX,400 W,80+,No,Black,3.5
Cougar POLAR X2,Add,https://cdna.pcpartpicker.com/static/forever/images/product/d47f573307e59ca4ac7ab21e2fcd4150.256p.jpg,ATX,1050 W,80+ Platinum,Full,White / Gray,0
Thermaltake Toughpower Grand RGB 750 SE,Add,https://cdna.pcpartpicker.com/static/forever/images/product/860fd0d02902e67a11d2701647eacebe.256p.jpg,ATX,750 W,80+ Gold,Full,Black,5
Antec NeoECO,Add,https://cdna.pcpartpicker.com/static/forever/images/product/ba49f1c4ae68dc2c2a9ed2a008cccb10.256p.jpg,ATX,550 W,80+ Bronze,Semi,Black,4
Zalman ZM600-ST,Add,ATX,ATX,600 W,80+,No,,0
Rosewill CFZ,Add,https://cdna.pcpartpicker.com/static/forever/images/product/d6fcaeb0984a4d7720de97d450086783.256p.jpg,ATX,750 W,80+ Bronze,Semi,Black,0
Cougar GX,Add,https://cdna.pcpartpicker.com/static/forever/images/product/0559f0ce09931ba08a602d8e33bf358b.256p.jpg,ATX,800 W,80+ Gold,Full,Black / Gold,0
Cooler Master V700,Add,ATX,ATX,700 W,80+ Gold,Full,,4.5
Cooler Master V850,Add,ATX,ATX,850 W,80+ Gold,Full,Black,4.5
Cooler Master MasterWatt 650 TUF Gaming Alliance Edition,Add,https://cdna.pcpartpicker.com/static/forever/images/product/d5cb80ca2df8a1487c2a5e0a5a4dcf1c.256p.jpg,ATX,650 W,80+ Bronze,Semi,Black / Gray,0
Cooler Master Elite 400 V3,Add,https://cdna.pcpartpicker.com/static/forever/images/product/17e8927876225391ec44262a2e7bd1ac.256p.jpg,ATX,400 W,80+,No,Black,3
GameMax GM-1050,Add,https://cdna.pcpartpicker.com/static/forever/images/product/1b8bd5e24ea9e7fe7f4f124175ad0d3d.256p.jpg,ATX,1050 W,80+ Silver,Semi,,0
Deepcool DQ650-M-V2L,Add,https://cdna.pcpartpicker.com/static/forever/images/product/9138c166a987b1807750b8e74ca62b02.256p.jpg,ATX,650 W,80+ Gold,Full,Black,5
KOLINK Modular Power,Out of stock£50.99Add,https://cdna.pcpartpicker.com/static/forever/images/product/5046b8abb4f46e635caceeb432e910f3.256p.jpg,ATX,700 W,80+ Bronze,Semi,Black,0
RIOTORO BUILDER,Add,https://cdna.pcpartpicker.com/static/forever/images/product/0bdd47e646990a6bb5d4bead20e0efc6.256p.jpg,ATX,500 W,80+,No,Black / Red,0
Apevia Signature,Add,https://cdna.pcpartpicker.com/static/forever/images/product/0bc881498f2fff4e6d736378f72a69d8.256p.jpg,ATX,1050 W,80+ Bronze,Semi,Black,3.5
Corsair TX750 V2,Add,ATX,ATX,750 W,80+ Bronze,No,,4.5
Antec HCG-750 Bronze,Add,https://cdna.pcpartpicker.com/static/forever/images/product/7576f7feba625370bd8b3084007a4dc0.256p.jpg,ATX,750 W,80+ Bronze,No,,4
Thermaltake Toughpower GF2 ARGB,Add,ATX,ATX,750 W,80+ Gold,Full,Black,0
Deepcool PX1000G WH,Add,https://cdna.pcpartpicker.com/static/forever/images/product/0ad5e0061406f74bab3a80d8b0c275c9.256p.jpg,ATX,1000 W,80+ Gold,Full,White,5
Thermaltake Smart BX1 RGB 650,Add,https://cdna.pcpartpicker.com/static/forever/images/product/4a4881d97b78085ff22739b51acce44c.256p.jpg,ATX,650 W,80+ Bronze,No,Black,0
Cooler Master XG750,Add,https://cdna.pcpartpicker.com/static/forever/images/product/c480e29f0bf955d654c5931f5f5f73d9.256p.jpg,ATX,750 W,80+ Platinum,Full,Black,0
be quiet! STRAIGHT POWER E9 680W / CM,Add,ATX,ATX,680 W,80+ Gold,Semi,,5
Xilence XP1250MR9.2,143.69,ATX,ATX,1250 W,80+ Gold,Full,Black / Red,0
Rosewill PHOTON-850,Add,ATX,ATX,850 W,80+ Gold,Full,,4.5
Rosewill PHOTON-550,Add,ATX,ATX,550 W,80+ Gold,Full,,4.5
XFX PRO Black Edition,Add,ATX,ATX,850 W,80+ Gold,Full,,4.5
be quiet! Straight Power 10,Add,https://cdna.pcpartpicker.com/static/forever/images/product/2488a530ab10a5faabf9346042c6e5dc.256p.jpg,ATX,600 W,80+ Gold,No,,5
Super Flower Leadex VI Platinum PRO,Add,https://cdna.pcpartpicker.com/static/forever/images/product/469038187f9c7832f1bf5db81917682b.256p.jpg,ATX,850 W,80+ Platinum,Full,Black / Blue,4
SeaSonic PRIME Gold,Add,https://cdna.pcpartpicker.com/static/forever/images/product/49a55f8ea588c36253b925f0bf564984.256p.jpg,ATX,850 W,80+ Gold,Full,,0
Ultra X4 Special Edition,Add,ATX,ATX,850 W,80+ Bronze,Full,,4
FSP Group HYPER S,Add,ATX,ATX,700 W,80+,No,Black,0
SeaSonic PRIME TX-650,Out of stock£184.00Add,https://cdna.pcpartpicker.com/static/forever/images/product/e57354cdc4ffd3d8f50adc59e8812b99.256p.jpg,ATX,650 W,80+ Titanium,Full,Black,5
SeaSonic SS-850HT Silver,Add,ATX,ATX,850 W,80+ Silver,No,,0
Apex SL-275TFX,45.95,https://cdna.pcpartpicker.com/static/forever/images/product/7f8a1a2c45efe91dcba460b6eb29685d.256p.jpg,TFX,275 W,false,No,Silver,0
GameMax GT,31.99,https://cdna.pcpartpicker.com/static/forever/images/product/5a6606541a522f77579a02ff19a5b5af.256p.jpg,TFX,300 W,80+ Bronze,No,Silver,0
Thermaltake TOUGHPOWER PF1 ARGB,211.46,https://cdna.pcpartpicker.com/static/forever/images/product/9bd27d187b7a01ce2f8470c37e986b05.256p.jpg,ATX,1050 W,80+ Platinum,Full,,5
Cougar BXM850,Add,https://cdna.pcpartpicker.com/static/forever/images/product/65ab71656960e3c3e96679e6be1aa9b9.256p.jpg,ATX,850 W,80+ Bronze,Semi,Orange / Black,0
Xilence XP750MR9.2,95.15,ATX,ATX,750 W,80+ Gold,Semi,Black / Red,0
Antec Signature,Add,ATX,ATX,1000 W,80+ Titanium,Full,Black / Silver,5
Corsair AX650,Add,https://cdna.pcpartpicker.com/static/forever/images/product/74cc85b795b9ef0272cf17e9faa921d3.256p.jpg,ATX,650 W,80+ Gold,Full,,5
BitFenix Formula Gold 450,Out of stock£67.99Add,https://cdna.pcpartpicker.com/static/forever/images/product/979ead80d55ec2cdef446e738ccd9805.256p.jpg,ATX,450 W,80+ Gold,No,,5
BitFenix Formula Gold 550,88.88,https://cdna.pcpartpicker.com/static/forever/images/product/313b10abf57f6786496030e128c00ab1.256p.jpg,ATX,550 W,80+ Gold,No,,5
SeaSonic PRIME Ultra Gold 1000,Add,https://cdna.pcpartpicker.com/static/forever/images/product/2c3b3bab4bd06174e9559401163e45d0.256p.jpg,ATX,1000 W,80+ Gold,Full,Black,5
Deepcool PX1300P,,https://cdna.pcpartpicker.com/static/forever/images/product/1c4d73e6976a1b2ea3b960ba51bec644.256p.jpg,ATX,1300 W,80+ Platinum,Full,Black / Silver,0
Cougar SL500,Add,ATX,ATX,500 W,false,No,,4
Apevia ATX-AS500W-BK,,ATX,ATX,500 W,false,No,,0
NOX URANO TX,Add,ATX,ATX,850 W,false,No,,0
Apevia ATX-CB700W,Add,ATX,ATX,700 W,false,No,,4
In Win P75FII,Add,https://cdna.pcpartpicker.com/static/forever/images/product/fa979cbb8abf3738527d843f8f7a2d39.256p.jpg,ATX,750 W,80+ Gold,No,Black / Yellow,0
Cooler Master Elite,,ATX,ATX,460 W,false,No,,4
Zalman zm-400-LE,,ATX,ATX,400 W,false,No,,5
EVGA 650 GD,Add,ATX,ATX,650 W,80+ Gold,No,Black,0
Cooler Master MasterWatt 750 TUF Gaming Edition,Add,https://cdna.pcpartpicker.com/static/forever/images/product/3a707d712da7e9419c8b273414505607.256p.jpg,ATX,750 W,80+ Bronze,Semi,Black / Gray,4
be quiet! Pure Power 9,Add,https://cdna.pcpartpicker.com/static/forever/images/product/16cb19274e9a87ba6d0b1062c447f1db.256p.jpg,ATX,400 W,80+ Silver,Semi,,5
Thermaltake Smart SE,Add,https://cdna.pcpartpicker.com/static/forever/images/product/c48450fb55cc031ed31eab305593eadd.256p.jpg,ATX,630 W,Semi,Semi,,4.5
PC Power &amp; Cooling Silencer Mk II,,https://cdna.pcpartpicker.com/static/forever/images/product/17c75de60a41709310d7d25424d95a5a.256p.jpg,ATX,950 W,80+ Silver,No,,4.5
SHARKOON SilentStorm Icewind,Add,ATX,ATX,650 W,80+ Bronze,Semi,White / Black,0
In Win IP-P300BN7-2,,ATX,ATX,300 W,80+,No,,0
Fractal Design Tesla R2,Add,https://cdna.pcpartpicker.com/static/forever/images/product/15d04ca8c8bdd7339458dd75cc0b7d54.med.256p.jpg,ATX,650 W,80+ Gold,No,,0
NZXT C550,Add,ATX,ATX,550 W,80+ Bronze,Semi,Black,3
XFX Core Edition,Add,https://cdna.pcpartpicker.com/static/forever/images/product/a141c233c80851558c3a5bbe3e854cf0.med.256p.jpg,ATX,850 W,80+ Bronze,No,,0
SilentiumPC Vero M2,Add,https://cdna.pcpartpicker.com/static/forever/images/product/e3d282ef740a18a781314d209ebd7745.256p.jpg,ATX,600 W,80+ Bronze,No,Black,0
EVGA SuperNOVA 850 GS,Add,https://cdna.pcpartpicker.com/static/forever/images/product/531add075f4fe40543ac314fbca70d04.256p.jpg,ATX,850 W,80+ Gold,Full,,5
EVGA SuperNOVA 550 GT,Add,ATX,ATX,550 W,80+ Gold,Full,Black,0
PC Power &amp; Cooling Silencer,215.21,,ATX,1050 W,80+ Platinum,Full,,5
EVGA SuperNOVA 750 P6,,https://cdna.pcpartpicker.com/static/forever/images/product/e8daf26eb7cc56d709c49ccebf66ecd6.256p.jpg,ATX,750 W,80+ Platinum,Full,Black / Silver,0
Rosewill PHOTON-750,Add,https://cdna.pcpartpicker.com/static/forever/images/product/80d64773e751146fdf4c670e86af1567.256p.jpg,ATX,750 W,80+ Gold,Full,,4
Thermaltake German,Add,ATX,ATX,630 W,80+,No,,4
Deepcool GamerStorm DQ-M,Add,https://cdna.pcpartpicker.com/static/forever/images/product/02f426ae1a717bd4a63d2c87bd66fae5.256p.jpg,ATX,650 W,80+ Gold,Full,Black / Silver,5
Cooler Master V550 Gold V2,Add,ATX,ATX,550 W,80+ Gold,Full,Black,0
Apevia AD,,ATX,ATX,500 W,false,No,Black,0
be quiet! Straight Power 11 550W,Out of stock£94.99Add,ATX,ATX,550 W,80+ Gold,Full,,4.5
In Win P65,Add,ATX,ATX,650 W,80+ Gold,Full,Black,0
Thermaltake Smart DPS G,Add,ATX,ATX,750 W,80+ Gold,Semi,,0
Rosewill CMG850G5,Add,,ATX,850 W,80+ Gold,Full,Black,0
Thermaltake Toughpower DPS G,Add,https://cdna.pcpartpicker.com/static/forever/images/product/ed258102c03257efb0016ac44a0bad3c.med.256p.jpg,ATX,1050 W,80+ Gold,Full,,0
OCZ ZS,Add,ATX,ATX,750 W,80+ Bronze,No,,0
SeaSonic PRIME Ultra Platinum 850,Add,https://cdna.pcpartpicker.com/static/forever/images/product/6c188ffd518210d8bf9e71ba9dfb7aca.256p.jpg,ATX,850 W,80+ Platinum,Full,Black,0
OCZ ZT,Add,ATX,ATX,650 W,80+ Bronze,Full,,4
Thermaltake Toughpower XT,Add,ATX,ATX,1475 W,80+ Gold,Semi,,5
SeaSonic PRIME Ultra Gold 750,Add,https://cdna.pcpartpicker.com/static/forever/images/product/23bc750741b7e8c20cebd85bb93472bd.256p.jpg,ATX,750 W,80+ Gold,Full,Black,4.5
NZXT HALE90 V2 1000W,Add,ATX,ATX,1000 W,80+ Gold,Full,,0
Apevia ATX-WA750W,Add,https://cdna.pcpartpicker.com/static/forever/images/product/243d1f3a71440d817726e3d81ce6039d.256p.jpg,ATX,750 W,false,No,,3
HEC X-Power Pro 600,Add,ATX,ATX,600 W,false,No,,0
CoolMax CA-300,,ATX,ATX,300 W,false,No,,0
CoolMax V-400,24.99,https://cdna.pcpartpicker.com/static/forever/images/product/e2492f878a1a093f45b6ae34d8185236.256p.jpg,ATX,400 W,false,No,,4
Enermax EPR525AWT_II,Add,ATX,ATX,525 W,80+ Bronze,No,,4
Rosewill Green,Add,ATX,ATX,700 W,80+ Bronze,No,,0
Zalman ZM500-RS,Add,ATX,ATX,500 W,80+,No,,0
Deepcool PK450D,Add,https://cdna.pcpartpicker.com/static/forever/images/product/84e25566435e126be974191ace988b39.256p.jpg,ATX,450 W,80+ Bronze,No,Black,0
be quiet! System Power U9,Add,https://cdna.pcpartpicker.com/static/forever/images/product/5f8d4a58bd7d228c83b7156c3c85246e.256p.jpg,ATX,700 W,80+ Bronze,No,Black,0
Thermaltake Toughpower iRGB PLUS 1000 Platinum,Add,https://cdna.pcpartpicker.com/static/forever/images/product/1294e29e1c034d897a1fa12e7bcaa6ae.256p.jpg,ATX,1000 W,80+ Platinum,Full,Black,5
be quiet! System Power 8,Add,https://cdna.pcpartpicker.com/static/forever/images/product/a4b265501a6db76b957162eafb3038d2.256p.jpg,ATX,400 W,80+,No,,5
Cooler Master V750 Gold i,Add,https://cdna.pcpartpicker.com/static/forever/images/product/2f8ca117f2afe0b3a6818cde1624b8d4.256p.jpg,ATX,750 W,80+ Gold,Full,Black / Gold,4.5
Cooler Master V850 Gold i,£399.05Add,ATX,ATX,850 W,80+ Gold,Full,Black / Gold,0
Cooler Master G Gold 750 V2,Add,https://cdna.pcpartpicker.com/static/forever/images/product/05bf0bf71caaeecf26df71cd6ec68e72.256p.jpg,ATX,750 W,80+ Gold,No,Black,4
EVGA SuperNOVA 750 T2,Add,https://cdna.pcpartpicker.com/static/forever/images/product/db320be252ade8822e77bf90dc1d27e1.256p.jpg,ATX,750 W,80+ Titanium,Full,,0
Corsair VX450,,ATX,ATX,450 W,80+,No,,5
SeaSonic CORE GC-500,Out of stock£67.00Add,https://cdna.pcpartpicker.com/static/forever/images/product/b95f70942887be6e60372bd500baafa4.256p.jpg,ATX,500 W,80+ Gold,No,Black / Yellow,0
Cooler Master M620,Add,ATX,ATX,620 W,80+,Semi,,0
GAMDIAS ASTRAPE M1,Add,ATX,ATX,650 W,80+,No,Black / Multicolor,0
FSP Group Hyper M,Add,ATX,ATX,700 W,80+,Semi,Black,4
Corsair VS600,,https://cdna.pcpartpicker.com/static/forever/images/product/bbddf588de2edf2a691fef9e95846e38.256p.jpg,ATX,600 W,80+,No,,5
EVGA 550 GD,Add,ATX,ATX,550 W,80+ Gold,No,Black,0
LC-Power LC8550 V2.31 Prophet,Add,ATX,ATX,550 W,80+ Bronze,Semi,Black / Blue,0
Cooler Master V Semi-Modular,Add,https://cdna.pcpartpicker.com/static/forever/images/product/7fe4901e0a913a07ccb3d0860ab44abf.med.256p.jpg,ATX,750 W,80+ Gold,Semi,,4.5
Silverstone VIVA,,https://cdna.pcpartpicker.com/static/forever/images/product/4a6fe6c4a0a594114c1c1708433d7bff.256p.jpg,ATX,650 W,80+ Gold,No,Black,0
Corsair TX650 V2,Add,ATX,ATX,650 W,80+ Bronze,No,,4.5
EVGA SuperNOVA NEX1500 Classified,Add,ATX,ATX,1500 W,80+ Gold,Full,,4.5
FSP Group VITA-850GM,Add,ATX,ATX,850 W,80+ Gold,Full,White,0
Chieftec PowerPlay GPU-FC,Add,https://cdna.pcpartpicker.com/static/forever/images/product/114040877e388da29689e9648fcb44d8.256p.jpg,ATX,850 W,80+ Platinum,Full,Black / Red,0
Corsair G700,Add,ATX,ATX,700 W,80+,No,,5
Cooler Master Elite V2,Add,ATX,ATX,550 W,false,No,,3
Rosewill G650,Add,https://cdna.pcpartpicker.com/static/forever/images/product/81e36bf0a5c5c3b24eb485d93391ce1e.256p.jpg,ATX,650 W,80+ Gold,Semi,,4.5
EVGA SuperNOVA 1050 GS,Add,https://cdna.pcpartpicker.com/static/forever/images/product/281dac50291f70bebc20500c913cb18b.256p.jpg,ATX,1050 W,80+ Gold,Full,,5
NOX Hummer X,Add,ATX,ATX,650 W,80+ Gold,Full,Black,0
LEPA MaxBron,Add,ATX,ATX,1000 W,80+ Bronze,Semi,,0
NZXT E650,Add,https://cdna.pcpartpicker.com/static/forever/images/product/bbe21f47ec2630d63192b33bcbb7f5b1.256p.jpg,ATX,650 W,80+ Gold,Full,Black,5
be quiet! System Power 10 U,Add,https://cdna.pcpartpicker.com/static/forever/images/product/62626498104ab694ca38b6996eb58acb.256p.jpg,ATX,750 W,80+ Bronze,No,Black,0
Rosewill ARC 750,Add,ATX,ATX,750 W,80+ Bronze,No,,4
In Win A45,Add,ATX,ATX,450 W,80+,No,Black,0
Aerocool Integrator MOD XT,Add,https://cdna.pcpartpicker.com/static/forever/images/product/df3b2fb9bbbc6802fb8e3b4de46c8fc1.256p.jpg,ATX,750 W,80+ Bronze,Semi,Black / Red,5
Azza ARGB,Add,ATX,ATX,650 W,80+ Bronze,No,Black,4
EVGA SuperNOVA G FTW,Add,https://cdna.pcpartpicker.com/static/forever/images/product/e76d83dde2ceae6874256ad9fa60a2bc.256p.jpg,ATX,1000 W,80+ Gold,Full,Black,0
PC Cooler YN850,Add,,ATX,850 W,80+ Gold,Full,Black,0
FSP Group FSP450-60GHS(85)-R,,SFX,SFX,450 W,80+ Bronze,No,Black,3.5
GameMax VP,Add,ATX,ATX,600 W,80+ Bronze,No,Black,0
Xilence XP750R12.ARGB,80.97,ATX,ATX,750 W,80+ Gold,No,Black,0
GAMDIAS HELIOS P2-1300G,Add,ATX,ATX,1300 W,80+ Gold,No,Black,0
Raidmax Vampire,Add,ATX,ATX,800 W,80+ Gold,Semi,,5
Chieftec SILICON,Add,,ATX,650 W,80+ Bronze,Full,Black / Red,0
BitFenix Formula Gold 750,Out of stock£85.00Add,https://cdna.pcpartpicker.com/static/forever/images/product/560008c2957aa1a6f02b58f20b039e28.256p.jpg,ATX,750 W,80+ Gold,No,,5
EVGA 510 BP,Add,https://cdna.pcpartpicker.com/static/forever/images/product/769a25628222287ba285db2d417e3742.256p.jpg,ATX,510 W,80+ Bronze,No,Black,0
Fractal Design Edison M,Add,https://cdna.pcpartpicker.com/static/forever/images/product/078827d9b186dfdd468dd6f38ba42703.256p.jpg,ATX,550 W,80+ Gold,Semi,,0
Cougar VTE X2,Add,https://cdna.pcpartpicker.com/static/forever/images/product/7cbee6ba76f7ace71d64be4eee063ea9.256p.jpg,ATX,600 W,80+,No,Black,0
Rosewill Glacier 700M,Add,ATX,ATX,700 W,80+ Bronze,Semi,,4
BitFenix Formula Bronze,Add,https://cdna.pcpartpicker.com/static/forever/images/product/43eeb5b3a77a41528fce4f5c03752be6.256p.jpg,ATX,600 W,80+ Bronze,No,Black,0
LEPA N,Add,https://cdna.pcpartpicker.com/static/forever/images/product/2a4bea44eb4adf12fd2db3df0cc14b54.256p.jpg,ATX,500 W,false,No,,4
Thermaltake Toughpower Grand RGB 650 SE,Add,https://cdna.pcpartpicker.com/static/forever/images/product/6803a626d1ae9464859541fa1fa3beae.256p.jpg,ATX,650 W,80+ Gold,Full,Black,4
GameMax VP RGB,Add,ATX,ATX,800 W,80+ Bronze,Semi,Black,0
In Win Commander,Add,ATX,ATX,1200 W,80+,Full,,0
Raidmax RX-730SS,Add,ATX,ATX,730 W,Semi,Semi,,4
Zalman ZM770-XT,Add,ATX,ATX,770 W,80+ Bronze,Full,,0
Deepcool PK500D,Add,ATX,ATX,500 W,80+ Bronze,No,Black,0
Thermaltake Toughpower GF1 - TT Premium,Add,https://cdna.pcpartpicker.com/static/forever/images/product/6510c4525d0176a77f5f3c6e942ef0db.256p.jpg,ATX,1000 W,80+ Gold,Full,Black,0
be quiet! STRAIGHT POWER E9 | 450W,Add,ATX,ATX,450 W,80+ Gold,No,,0
Enermax REVOLUTION ATX 3.0,Add,https://cdna.pcpartpicker.com/static/forever/images/product/e15d4271cc9c0233a34f6249b6bf6039.256p.jpg,ATX,1200 W,80+ Gold,Full,Black / White,0
be quiet! Dark Power Pro 10,Add,https://cdna.pcpartpicker.com/static/forever/images/product/0c3f420a5d7c711add3c0361b435276d.256p.jpg,ATX,650 W,80+ Gold,Semi,,5
SeaSonic SSP-300ST,,ATX,ATX,300 W,80+ Bronze,No,,0
Cooler Master MWE BRONZE 550 V3,Add,ATX,ATX,550 W,80+ Bronze,No,Black,0
be quiet! Pure Power 11 FM 1000,Out of stock£142.99Add,https://cdna.pcpartpicker.com/static/forever/images/product/f22e54be6982f65ee3e3a0d552d5d538.256p.jpg,ATX,1000 W,80+ Gold,Full,Black,5
Gigabyte Odin GT 800,Add,ATX,ATX,800 W,80+,Semi,Black,0
Super Flower Leadex III Super Pro,Add,https://cdna.pcpartpicker.com/static/forever/images/product/43ddaf1e2b229bf8f977442b83ddb627.256p.jpg,ATX,750 W,80+ Bronze,Full,Black,0
BitFenix Whisper M,Out of stock£95.99Add,https://cdna.pcpartpicker.com/static/forever/images/product/decd68c8740d76412208eee39fef9b59.256p.jpg,ATX,850 W,80+ Gold,Full,,5
Cooler Master B500,Add,ATX,ATX,500 W,false,No,,4
GAMDIAS ASTRAPE M1 B,Add,https://cdna.pcpartpicker.com/static/forever/images/product/ee1c3c30d6dc8a22011e7c485e27424c.256p.jpg,ATX,750 W,80+ Bronze,No,Black / Multicolor,0
Thermaltake TR2 RX,Add,ATX,ATX,850 W,80+ Bronze,Semi,,4.5
FSP Group Dagger 600,,SFX,SFX,600 W,80+ Gold,Full,Black,4.5
Thermalright TB450S,Add,https://cdna.pcpartpicker.com/static/forever/images/product/59edc9414e3f635385cc0f6e35186c58.256p.jpg,ATX,450 W,80+ Bronze,No,Black,0
EVGA 700 GQ,Add,ATX,ATX,700 W,80+ Gold,Semi,Black,0
Deepcool PN550D,Add,https://cdna.pcpartpicker.com/static/forever/images/product/8b03bb34e6d924a14665d218bfa6802b.256p.jpg,ATX,550 W,80+ Gold,No,Black,0
Deepcool DN400,Add,https://cdna.pcpartpicker.com/static/forever/images/product/863993a4c07d4bae8866b7b86756a596.256p.jpg,ATX,400 W,false,No,,4
Ultra LSP750,Add,ATX,ATX,750 W,false,No,,5
LC-Power LC1200P V3.0,,ATX,ATX,1200 W,80+ Platinum,Full,Black,0
Silverstone ST75F-GS-V3,Add,ATX,ATX,750 W,80+ Gold,Full,Black,0
KOLINK KL-500M,Add,https://cdna.pcpartpicker.com/static/forever/images/product/9a4c203d6f45c9f4dfbf2643cad50b9d.256p.jpg,ATX,500 W,80+ Bronze,Semi,Black,0
FSP Group Raider 550,Add,ATX,ATX,550 W,80+ Bronze,No,,3
KOLINK KL-SFX350,,https://cdna.pcpartpicker.com/static/forever/images/product/8b34657e5cfa6ef8b577b72b4125eb65.256p.jpg,SFX,350 W,80+ Bronze,No,Black / Green,0
OCZ ZX,Add,ATX,ATX,850 W,80+ Gold,Semi,,4
SeaSonic SS-400ET Bronze,89,ATX,ATX,400 W,80+ Bronze,No,,4
Cooler Master Elite NEX N600,Add,ATX,ATX,600 W,false,No,Black,0
Xigmatek Fury GD,Add,,ATX,1100 W,80+ Gold,Full,Black / Gold,0
FSP Group AURUM GOLD 700,,ATX,ATX,700 W,80+ Gold,No,,0
Enermax REVOLUTION DUO,Add,https://cdna.pcpartpicker.com/static/forever/images/product/1f4d362f91832a30002526f2e29cd9c1.256p.jpg,ATX,600 W,80+ Gold,No,,0
EVGA SuperNOVA 650 P6,Add,https://cdna.pcpartpicker.com/static/forever/images/product/abd60de39068d826e684800f44c05658.256p.jpg,ATX,650 W,80+ Platinum,Full,Black / Silver,5
EVGA SuperNOVA 650 G7,Add,https://cdna.pcpartpicker.com/static/forever/images/product/4fdb07e1a6433904a40c7b76f07024ac.256p.jpg,ATX,650 W,80+ Gold,Full,Black / Blue,0
EVGA SuperNOVA 750 G7,Add,https://cdna.pcpartpicker.com/static/forever/images/product/1a4767ee48f667a1a53c16584abf9f24.256p.jpg,ATX,750 W,80+ Gold,Full,Black / Blue,4.5
SeaSonic SS-500ET Bronze,,ATX,ATX,500 W,80+ Bronze,No,,0
Cooler Master New GX,Add,https://cdna.pcpartpicker.com/static/forever/images/product/5f6fdca4d7570f5e9eaee25062edc3a8.med.256p.jpg,ATX,450 W,80+ Bronze,No,,4
Rosewill ARC 550,Add,ATX,ATX,550 W,80+ Bronze,No,,4
Super Flower Leadex Silver,,ATX,ATX,550 W,80+ Silver,Full,,5
Cooler Master Thunder,Add,ATX,ATX,600 W,false,No,,3
Nfortec Sagitta RGB,Add,ATX,ATX,650 W,80+ Gold,Full,Black,0
Segotep GF,,SFX,SFX,750 W,80+ Gold,Full,Black / Gray,0
XFX XTR,Add,https://cdna.pcpartpicker.com/static/forever/images/product/24e1cc6db4f5bf7eadff5124af20ee3c.256p.jpg,ATX,550 W,80+ Gold,Full,,4.5
Thortech Thunderbolt,Add,https://cdna.pcpartpicker.com/static/forever/images/product/8186210ba9f678a1734c7347f223ae23.med.256p.jpg,ATX,850 W,80+ Gold,Full,,0
Azza PSAZ-850B14,Add,ATX,ATX,850 W,false,No,,0
Apevia Astro,,https://cdna.pcpartpicker.com/static/forever/images/product/a810b0dfab7c817c52ba7f511eba2f53.256p.jpg,ATX,450 W,false,No,Black,0
Azza PSAZ-650B14,Add,ATX,ATX,650 W,false,No,,5
Phanteks AMP v2,Out of stock£163.99Add,https://cdna.pcpartpicker.com/static/forever/images/product/8455619ef7029da89e6facc0ceb78226.256p.jpg,ATX,1000 W,80+ Gold,Full,Black,0
Super Flower Leadex Gold,Add,https://cdna.pcpartpicker.com/static/forever/images/product/a93c8b575469f0c86d1e03a42a351566.256p.jpg,ATX,650 W,80+ Gold,Full,,5
EVGA 500 BT,,https://cdna.pcpartpicker.com/static/forever/images/product/dfb60bd6f9e14aedba817157006d87cf.256p.jpg,ATX,500 W,80+ Bronze,No,Black,0
SeaSonic SS-300ET Bronze,,ATX,ATX,300 W,80+ Bronze,No,,4
XFX ProSeries,Add,https://cdna.pcpartpicker.com/static/forever/images/product/c140f386904fb8e76ff096c388f61fb6.256p.jpg,ATX,1050 W,80+ Gold,Full,,4.5
Athena Power AP-MFATX50P8,170.38,https://cdna.pcpartpicker.com/static/forever/images/product/6e32ea57dbfc49c3ef14ab47a76765f7.256p.jpg,Flex ATX,500 W,80+ Silver,No,Silver,3
CoolMax CL-500B,44.72,ATX,ATX,500 W,false,No,,0
Chieftec ATMOS,140.88,https://cdna.pcpartpicker.com/static/forever/images/product/25b431e9126603cfc7f85735002703a6.256p.jpg,ATX,750 W,80+ Gold,Full,Black,0
Cooler Master XG650,,ATX,ATX,650 W,80+ Platinum,Full,Black,0
Enermax MarbleBron RGB,Add,https://cdna.pcpartpicker.com/static/forever/images/product/43c74f8a1140e8b40f626a0163051873.256p.jpg,ATX,850 W,80+ Bronze,Semi,White,0
Antec NE850G M,Add,https://cdna.pcpartpicker.com/static/forever/images/product/fd946a14521e1f2af818a32d8f670c28.256p.jpg,ATX,850 W,80+ Gold,Full,White,5
Cooler Master MWE Gold V2 ATX3.0 SF6 BLANKA,Add,ATX,ATX,1050 W,80+ Gold,Full,Green / Yellow,0
PC Cooler YS1000,Add,ATX,ATX,1000 W,80+ Gold,Full,Black,0
Ultra X4,Add,https://cdna.pcpartpicker.com/static/forever/images/product/003dddae008ba2cacf2b41ee242f8623.256p.jpg,ATX,750 W,80+ Bronze,Full,,5
Deepcool DQ1000M-V3L,Add,ATX,ATX,1000 W,80+ Gold,Full,Black,0
SeaSonic PRIME Ultra Platinum 650,Add,ATX,ATX,650 W,80+ Platinum,Full,Black,0
SeaSonic Snow Silent 1050,,ATX,ATX,1050 W,80+ Platinum,Full,,5
Aerocool PREMIER G1,Add,,ATX,850 W,80+ Gold,Full,Black,0
HEC HEC200SAFX,,Mini ITX,Mini ITX,200 W,false,No,,0
Corsair Vengeance 500,Add,ATX,ATX,500 W,80+ Bronze,No,,0
Zalman ACRUX,206.09,ATX,ATX,850 W,80+ Platinum,Full,Black / Silver,0
Vetroo G5,Add,ATX,ATX,850 W,80+ Gold,Full,Pink,4
In Win GreenMe 550,Add,ATX,ATX,550 W,80+ Bronze,No,,0
Apevia ATX-JV650W,Add,https://cdna.pcpartpicker.com/static/forever/images/product/3bd21eace398f84bd3c67cf989f2e4b4.256p.jpg,ATX,650 W,false,No,,3
CoolMax CA-350,,ATX,ATX,350 W,false,No,,0
OCZ Z Series Gold,Add,ATX,ATX,1000 W,80+ Gold,Semi,,4
Deepcool PM650D,Add,https://cdna.pcpartpicker.com/static/forever/images/product/d0912bb41fb7399dac6ff191016c5a2c.256p.jpg,ATX,650 W,80+ Gold,No,Black,0
Enermax NAXN ADV.,Add,ATX,ATX,550 W,80+ Bronze,No,,0
FSP Group AURUM S 600W,Add,ATX,ATX,600 W,80+ Gold,No,,0
SeaSonic SSP-650RT,Add,ATX,ATX,650 W,80+ Gold,No,,0
SHARKOON Rebel P30 Gold,224.98,ATX,ATX,1000 W,80+ Gold,Full,White,0
Nexus NX-5000 R3,Add,ATX,ATX,530 W,80+ Bronze,No,,0
Thermaltake Toughpower DPS G RGB Gold,Add,https://cdna.pcpartpicker.com/static/forever/images/product/57baacbdaeb136626f47e9d5bf06b7ea.256p.jpg,ATX,850 W,80+ Gold,Full,,0
Thermalright AG-1000,Add,,ATX,1000 W,80+ Gold,Full,Black,0
CoolMax ZU-800B,Add,ATX,ATX,800 W,80+ Bronze,Semi,,4
Mars Gaming MP700,Add,ATX,ATX,700 W,false,No,,0
Cooler Master G Gold 650 V2,Add,https://cdna.pcpartpicker.com/static/forever/images/product/a7b28983fa99ad4fbf5dc235dcae5960.256p.jpg,ATX,650 W,80+ Gold,No,Black,0
XFX XT,Add,https://cdna.pcpartpicker.com/static/forever/images/product/117eefbf7ffbc8d700debcd44da36227.256p.jpg,ATX,600 W,80+ Bronze,No,,5
Cooler Master Extreme 2,Add,https://cdna.pcpartpicker.com/static/forever/images/product/85c0a17348d1112ca25f1f6f10b761d5.med.256p.jpg,ATX,475 W,false,No,,4
SeaSonic PRIME Ultra Platinum 750,Add,https://cdna.pcpartpicker.com/static/forever/images/product/0a9d167129077d4e0ee1725d99a26ebf.256p.jpg,ATX,750 W,80+ Platinum,Full,Black,5
Antec NeoECO V2,£197.42Add,https://cdna.pcpartpicker.com/static/forever/images/product/d6b56604827815a2e8cadcf24543df5b.256p.jpg,ATX,650 W,80+ Bronze,Semi,Black,0
Silverstone VA550-B,Add,https://cdna.pcpartpicker.com/static/forever/images/product/8d315ccbc2eac53ab90272777ee3a06a.256p.jpg,ATX,550 W,80+ Bronze,No,Black,4
LEPA B650-SA,Add,ATX,ATX,650 W,80+ Bronze,No,,0
Cooler Master X Silent MAX,Add,https://cdna.pcpartpicker.com/static/forever/images/product/6bc6a69a6f86a2522d19850a52e9bf26.256p.jpg,ATX,1300 W,80+ Platinum,Full,Black,0
Super Flower SF-750F14TG,Add,ATX,ATX,750 W,80+ Gold,Full,Black,0
Sparkle FSP300-60THA,,ATX,ATX,300 W,false,No,,0
Enermax REVOLUTION X't II,Add,https://cdna.pcpartpicker.com/static/forever/images/product/c802ebee28f8bad6047964cc73465256.256p.jpg,ATX,650 W,80+ Gold,Semi,,0
FSP Group HEXA 85+,Add,ATX,ATX,550 W,80+ Bronze,No,Black,0
APNX MAX G1,100,https://cdna.pcpartpicker.com/static/forever/images/product/fad666fed31d0490b6131e20e5f45743.256p.jpg,ATX,850 W,80+ Gold,Full,Black / Gold,0
Raidmax RX-735AP,Add,ATX,ATX,735 W,80+ Bronze,Semi,,4.5
Xigmatek ACXTNRP-PC402,,ATX,ATX,400 W,80+ Bronze,No,,0
Deepcool PN750D WH,Add,ATX,ATX,750 W,80+ Gold,No,White,0
Zalman zm-500-LE,Add,ATX,ATX,500 W,false,No,,4
Corsair VS400,,https://cdna.pcpartpicker.com/static/forever/images/product/4d6346a7780c8ad8b48addd54405b23a.256p.jpg,ATX,400 W,80+,No,,5
EVGA 450 GD,Add,ATX,ATX,450 W,80+ Gold,No,Black,0
Rosewill LEPTON,Add,https://cdna.pcpartpicker.com/static/forever/images/product/c2326c8b115cd741d95e6c547bd72a4f.256p.jpg,ATX,500 W,80+ Gold,Semi,Black,4.5
KOLINK KL-1000M,Out of stock£85.00Add,ATX,ATX,1000 W,80+ Bronze,Semi,Black,0
Sparkle R-FSP400-60ETN,Add,ATX,ATX,400 W,80+ Platinum,No,,0
EVGA 450 B1,Add,ATX,ATX,450 W,80+ Bronze,No,,4
Cooler Master V Gold,Add,https://cdna.pcpartpicker.com/static/forever/images/product/aa78454363b18d03d4bc6ec320f4c729.256p.jpg,ATX,750 W,80+ Gold,Full,Black,4
FSP Group Raider 650,,ATX,ATX,650 W,80+ Bronze,No,,3.5
Rosewill HERCULES-1600S,,ATX,ATX,1600 W,80+ Gold,Semi,,0
KOLINK KL-SFX450,,https://cdna.pcpartpicker.com/static/forever/images/product/8b34657e5cfa6ef8b577b72b4125eb65.256p.jpg,SFX,450 W,80+ Bronze,No,Black / Green,0
FSP Group ATX350-PNT,,https://cdna.pcpartpicker.com/static/forever/images/product/407e9e01c150c44c96360a34b4e793d9.256p.jpg,ATX,350 W,false,No,,0
Rosewill LEPTON 700,Add,ATX,ATX,700 W,80+ Gold,Semi,,4.5
Enermax EMD625AWT,,ATX,ATX,625 W,80+ Bronze,Full,,0
Cooler Master Elite NEX PN700 Peak,Add,ATX,ATX,700 W,false,No,Black,0
Cooler Master Elite NEX PN600 Peak 230V,,ATX,ATX,600 W,false,No,Black,0
GAMDIAS KRATOS P2-750G,Add,,ATX,750 W,80+ Gold,Full,Black,0
SeaSonic 1000FX WHITE,Add,https://cdna.pcpartpicker.com/static/forever/images/product/f4a595e0d511bdf16ee179eee95ff173.256p.jpg,ATX,1000 W,80+ Gold,Full,White,5
FSP Group FSP300-60SGV,,TFX,TFX,300 W,80+ Gold,No,Silver,5
BitFenix BFG GOLD ATX3.0,Add,https://cdna.pcpartpicker.com/static/forever/images/product/f6b93aa58354d6175be749718fa3141a.256p.jpg,ATX,850 W,80+ Gold,Full,Black,0
Cooler Master V850 Platinum,,https://cdna.pcpartpicker.com/static/forever/images/product/5e460cf19ecf4ee8f0b8e9b1e5c2ad9a.256p.jpg,ATX,850 W,80+ Platinum,Full,Black,0
Cooler Master V1000 Platinum,,https://cdna.pcpartpicker.com/static/forever/images/product/c28253b1b63474d96ab2f28ff5cdcdce.256p.jpg,ATX,1000 W,80+ Platinum,Full,Black,0
Thermaltake Toughpower GX1 500,Add,https://cdna.pcpartpicker.com/static/forever/images/product/70a437db1d16d38340f8ab4094860550.256p.jpg,ATX,500 W,80+ Gold,No,Black,5
EVGA SuperNOVA 750 PQ,Add,https://cdna.pcpartpicker.com/static/forever/images/product/d7379c119e3d5eb2ce7371f46743d778.256p.jpg,ATX,750 W,80+ Platinum,Semi,Black,5
Cougar GX-F,Add,https://cdna.pcpartpicker.com/static/forever/images/product/9341c90ed6e93073503fa664c98e1dc9.256p.jpg,ATX,550 W,80+ Gold,Full,Black / Orange,0
be quiet! Power Zone 750W,Out of stock£107.99Add,https://cdna.pcpartpicker.com/static/forever/images/product/70e08d3ae50f62682b3c1720ea52bc38.256p.jpg,ATX,750 W,80+ Bronze,Full,,5
Cougar CMX550V3,,https://cdna.pcpartpicker.com/static/forever/images/product/1b5ba310e8c29cfe2d36dcd1b771d40a.med.256p.jpg,ATX,550 W,80+ Bronze,Semi,,0
Cougar CMX850V3,Add,https://cdna.pcpartpicker.com/static/forever/images/product/001253aecd08c8545a9ba6e1b4501383.med.256p.jpg,ATX,850 W,80+ Bronze,Semi,,0
Cougar CMX700V3,Add,https://cdna.pcpartpicker.com/static/forever/images/product/7b22ceb724447bc8cc13c5d5d5b9e76e.256p.jpg,ATX,700 W,80+ Bronze,Semi,,0
Rosewill ARC 650,Add,https://cdna.pcpartpicker.com/static/forever/images/product/87f030ccd588c65ec5f67c977a7ca6a8.256p.jpg,ATX,650 W,80+ Bronze,No,,3.5
In Win A55,Add,ATX,ATX,550 W,80+,No,Black,5
Xilence XP830R8,Add,ATX,ATX,830 W,80+ Bronze,No,Black / Red,0
Sentey SDP550-SS,Add,ATX,ATX,550 W,80+,No,,0
FSP Group ADVAN GM,Add,,ATX,850 W,80+ Gold,Full,Black,0
Sentey GSP850-SM,Add,ATX,ATX,850 W,80+ Gold,Full,,0
Cougar COUGAR-1000CMX,,ATX,ATX,1000 W,80+ Bronze,No,,5
Antec High Current Gamer Extreme,Add,https://cdna.pcpartpicker.com/static/forever/images/product/fc49efc3716dc51de27acf0ee6cfdd10.256p.jpg,ATX,1000 W,80+ Gold,Full,,4.5
Cooler Master eXtreme Power Plus,Add,ATX,ATX,500 W,false,No,,4
Super Flower Leadex V Platinum Pro,Add,https://cdna.pcpartpicker.com/static/forever/images/product/8c7f27fcd85f696013e59693bc3f3373.256p.jpg,ATX,850 W,80+ Platinum,Full,White,4.5
Super Flower Amazon,,ATX,ATX,300 W,80+ Bronze,No,,0
Super Flower Golden Silent,Add,https://cdna.pcpartpicker.com/static/forever/images/product/d5fb7c1138f005fa448eee079889ab87.256p.jpg,ATX,430 W,80+ Gold,Semi,,0
LC-Power LC6650GP3 V2.3 230V,Add,https://cdna.pcpartpicker.com/static/forever/images/product/32e6a6f4ea1e550a245da3e6c4cf3128.256p.jpg,ATX,650 W,80+ Silver,No,Black,5
Super Flower SF-1200F14MP Black,Add,ATX,ATX,1200 W,80+ Platinum,Full,,0
Cougar POLAR,231.95,ATX,ATX,1050 W,80+ Platinum,Full,White,0
Apex AL-A350ATX,,https://cdna.pcpartpicker.com/static/forever/images/product/2bdc55014ca2b6c3aa5d5a4be74dcb7c.256p.jpg,ATX,350 W,false,No,,0
Cooler Master G Gold 550 V2,Add,ATX,ATX,550 W,80+ Gold,No,Black,0
Xilence XP1050MR9.2,146.17,ATX,ATX,1050 W,80+ Gold,Full,Black / Red,0
FSP Group FSP300-60LG-5K,113.74,Flex ATX,Flex ATX,300 W,80+ Bronze,No,Silver,0
Enermax REVOLUTION D.F. 2,Add,https://cdna.pcpartpicker.com/static/forever/images/product/423ce1169a7be08796bca3fdeaf186fd.256p.jpg,ATX,1200 W,80+ Gold,Full,Black,5
YEYIAN Raiden RGB,Add,https://cdna.pcpartpicker.com/static/forever/images/product/23d0a119325842c85970c8b88ff62d77.256p.jpg,ATX,850 W,80+ Gold,No,Black,0
Corsair CX-500 V3,Add,https://cdna.pcpartpicker.com/static/forever/images/product/dd0506d9c4a5589f68e12c7017b80928.256p.jpg,ATX,500 W,80+ Bronze,No,,5
Deepcool DQ550ST,Add,ATX,ATX,550 W,80+ Gold,No,,4
Rosewill HIVE S,Add,ATX,ATX,1000 W,80+ Bronze,Full,,4
LC-Power LC6350 V2.3,,ATX,ATX,350 W,80+ Bronze,No,Black,0
LC-Power LC6650 V2.3,Add,ATX,ATX,650 W,80+ Bronze,No,Black,5
GALAX PGO1BGPFNAFB0,Add,ATX,ATX,1200 W,80+ Gold,Full,Black,0
SeaSonic PRIME Ultra Gold 850,,https://cdna.pcpartpicker.com/static/forever/images/product/2c3b3bab4bd06174e9559401163e45d0.256p.jpg,ATX,850 W,80+ Gold,Full,Black,0
LC-Power LC1000P V3.0,Out of stock£163.00Add,ATX,ATX,1000 W,80+ Platinum,Full,Black,5
Thortech Thunderbolt PLUS,Add,ATX,ATX,1200 W,80+ Gold,Full,,0
PC Power &amp; Cooling Silencer MK III,,,ATX,400 W,80+ Bronze,Semi,,5
SeaSonic PRIME Ultra Gold 650,Add,https://cdna.pcpartpicker.com/static/forever/images/product/105950eeb9368cbce15269a3ab9d849b.256p.jpg,ATX,650 W,80+ Gold,Full,Black,4
Raidmax RX-630SS,Add,ATX,ATX,630 W,Semi,Semi,,4.5
FSP Group PT1000FM,Add,ATX,ATX,1000 W,80+ Platinum,Full,,0
FSP Group Dagger 500,,SFX,SFX,500 W,80+ Gold,Full,Black,0
Apevia ATX-WA900W,Add,ATX,ATX,900 W,false,No,,4
HEC XP1080,Add,ATX,ATX,1080 W,Full,Full,,0
CoolMax CA-450,,ATX,ATX,450 W,false,No,,0
Rosewill Lightning,Add,ATX,ATX,800 W,80+ Gold,Semi,,4
XFX Black Edition,Add,ATX,ATX,750 W,80+ Silver,Full,,0
Deepcool PK800D,Add,ATX,ATX,800 W,80+ Bronze,No,Black,0
Deepcool PM800D,Add,https://cdna.pcpartpicker.com/static/forever/images/product/6e61b5a60023a0fb8197beac7d2e8f46.256p.jpg,ATX,800 W,80+ Gold,No,Black,0
Thermaltake Toughpower iRGB PLUS 850 Platinum,Add,ATX,ATX,850 W,80+ Platinum,Full,Black,3
FSP Group AURUM S 500W,Add,ATX,ATX,500 W,80+ Gold,No,,3
Rosewill Quark 850,Add,ATX,ATX,850 W,80+ Platinum,Full,,0
FSP Group Hydro G,Add,https://cdna.pcpartpicker.com/static/forever/images/product/f0c32d36e9005eb1e76f39244d772d9a.256p.jpg,ATX,750 W,80+ Gold,Full,,4.5
SeaSonic M12II 850 EVO,Add,ATX,ATX,850 W,80+ Bronze,Full,Black,0
Rosewill SMG650,Add,ATX,ATX,650 W,80+ Gold,Full,Black,0
be quiet! STRAIGHT POWER E9 | 400W,Add,ATX,ATX,400 W,80+ Gold,No,,0
Corsair CX400,,ATX,ATX,400 W,80+,No,,0
Sentey XPP725-PS,Add,ATX,ATX,725 W,Semi,Semi,,5
Sparkle ATX-400PA,,ATX,ATX,400 W,false,No,,0
FSP Group AU-1200PRO,Add,ATX,ATX,1200 W,80+ Gold,No,,5
Sparkle GW-EPS1000DA,Add,ATX,ATX,1000 W,80+ Gold,Semi,,0
CoolMax ZU-900B,Add,ATX,ATX,900 W,80+ Bronze,Semi,,0
Inter-Tech SAMA XPH-1200A,Add,https://cdna.pcpartpicker.com/static/forever/images/product/bb47802058a490e59cdeadda81002086.256p.jpg,ATX,1200 W,80+ Platinum,Full,Black,0
Cooler Master i600,Add,ATX,ATX,600 W,80+ Bronze,No,,4.5
FSP Group Twins,Add,ATX,ATX,700 W,80+ Gold,No,,0
SeaSonic PRIME Ultra Platinum 550,Add,ATX,ATX,550 W,80+ Platinum,Full,Black,0
NOX Hummer,Add,ATX,ATX,650 W,80+ Bronze,Semi,,0
Cooler Master 400W MasterWatt Lite 230V,Add,https://cdna.pcpartpicker.com/static/forever/images/product/024a4bfcf5d2d9aa4772e0045a0e4b0a.256p.jpg,ATX,400 W,80+,No,,0
Cooler Master 500W MasterWatt Lite 230V,Add,https://cdna.pcpartpicker.com/static/forever/images/product/367c46831c3a551d52a9096a3e1e6436.256p.jpg,ATX,500 W,80+,No,,0
SeaSonic CORE GX-500,Add,https://cdna.pcpartpicker.com/static/forever/images/product/81d3a6b03e4ca44536378d805cb16fc0.256p.jpg,ATX,500 W,80+ Gold,Full,Black / Gold,0
CoolMax ZX-500,Add,ATX,ATX,500 W,80+,No,,5
In Win GreenMe 650,Add,https://cdna.pcpartpicker.com/static/forever/images/product/403a284d90d092b704ab036080cd0d7c.med.256p.jpg,ATX,650 W,80+ Bronze,No,,0
Thermalright AG-750,Add,https://cdna.pcpartpicker.com/static/forever/images/product/b7c7dff6c4fbcf2c90ab72796e309c26.256p.jpg,ATX,750 W,80+ Gold,Full,White,0
Thermalright AG-850,Add,https://cdna.pcpartpicker.com/static/forever/images/product/38224fec8ea5c00973980aa38458392e.256p.jpg,ATX,850 W,80+ Gold,Full,Black,0
Athena Power AP-MFATX25,,Mini ITX,Mini ITX,250 W,80+,No,,0
Diablotek PHD350,,ATX,ATX,350 W,false,No,,4
Xigmatek NRP-MC1002,Add,https://cdna.pcpartpicker.com/static/forever/images/product/013fde87d29d340e8be8881b53ee2969.med.256p.jpg,ATX,1000 W,80+ Bronze,Full,,0
Zalman TX,Add,ATX,ATX,600 W,false,No,,0
Azza PSAZ-850PT14,Add,ATX,ATX,850 W,80+ Platinum,Semi,,0
Ultra LSP650,,ATX,ATX,650 W,false,No,,3.5
Sentey MBP HM,Add,ATX,ATX,650 W,80+ Bronze,Semi,Black,0
KOLINK Core RGB,Add,https://cdna.pcpartpicker.com/static/forever/images/product/220c7d2c21503a08104a4dd9adda082f.256p.jpg,ATX,700 W,80+,No,Black,0
KOLINK Continuum,Add,ATX,ATX,850 W,80+ Platinum,Full,Black,0
XFX P1-750X-XXB9,Add,ATX,ATX,750 W,80+ Bronze,Semi,,4.5
FSP Group Hydro X,Add,ATX,ATX,550 W,80+ Gold,No,,0
NZXT HALE82N 750W,Add,ATX,ATX,750 W,80+ Bronze,No,,5
FSP Group FSP300-60GHT,,TFX,TFX,300 W,80+,No,Silver,0
Apevia APEVIA ATX-WR680W 680W ATX12V v2.3 SLI CrossFire Active PFC Power Supply,,https://cdna.pcpartpicker.com/static/forever/images/product/d876abe279b697d6a79df093e164d40f.256p.jpg,ATX,680 W,Semi,Semi,,0
NZXT HALE82 V2 700W,Add,https://cdna.pcpartpicker.com/static/forever/images/product/deb9d998e35f2acd1e4799baf5a3e75a.256p.jpg,ATX,700 W,80+ Bronze,Full,,4
Enermax ENP450AST,Add,ATX,ATX,450 W,false,No,,4
Rosewill LEPTON 600,Add,https://cdna.pcpartpicker.com/static/forever/images/product/f29d48e7d4e4653f915709dc425b7456.256p.jpg,ATX,600 W,80+ Gold,Semi,Black,4.5
Cooler Master Elite NEX N700,Add,ATX,ATX,700 W,false,No,Black,0
Cooler Master Elite NEX White W600,Add,ATX,ATX,600 W,80+,No,Black,0
Cooler Master Elite NEX PN500 Peak 230V,,ATX,ATX,500 W,false,No,Black,0
FSP Group VITA-650GM,Add,https://cdna.pcpartpicker.com/static/forever/images/product/26e907c6172cc98b3337a220bef8010c.256p.jpg,ATX,650 W,80+ Gold,Full,Black,0
SeaSonic 850FX WHITE,,https://cdna.pcpartpicker.com/static/forever/images/product/7e49300f02de3c52fca54e2032a54061.256p.jpg,ATX,850 W,80+ Gold,Full,White,4
RIOTORO ONYX 750,Add,https://cdna.pcpartpicker.com/static/forever/images/product/c602404c2f3200c10fb772841397012e.256p.jpg,ATX,750 W,80+ Bronze,Semi,,5
Xilence Performance A+ III,Add,https://cdna.pcpartpicker.com/static/forever/images/product/dedd744011a7b2348735f4c3e121d3d4.256p.jpg,ATX,650 W,80+ Bronze,No,Black / Red,0
FSP Group Raider S 450,Add,ATX,ATX,450 W,80+ Silver,No,,5
Enermax Platimax,Add,https://cdna.pcpartpicker.com/static/forever/images/product/79a7299443e6c8c98649aec126dc4cc9.256p.jpg,ATX,1000 W,80+ Platinum,Semi,Black,0
EVGA SuperNOVA 850 PQ,Add,https://cdna.pcpartpicker.com/static/forever/images/product/f95b62701db987444a4c070bde3a6503.256p.jpg,ATX,850 W,80+ Platinum,Semi,Black,0
EVGA SuperNOVA 1000 PQ,Add,https://cdna.pcpartpicker.com/static/forever/images/product/570d9d706cc8b6ea2a78b6970bb827e0.256p.jpg,ATX,1000 W,80+ Platinum,Semi,Black,0
Phanteks PH-P650GS,Add,ATX,ATX,650 W,80+ Gold,No,Black,5
Phanteks PH-P750GS,Add,ATX,ATX,750 W,80+ Gold,No,Black,0
Cooler Master Hyper White,Add,ATX,ATX,500 W,80+,No,Black,0
Rosewill Tachyon,Add,ATX,ATX,650 W,80+ Platinum,Semi,,0
be quiet! PURE POWER L8 400W,,https://cdna.pcpartpicker.com/static/forever/images/product/f7fb468f83a16a413fa9b09ae0e85167.256p.jpg,ATX,400 W,80+ Bronze,No,,4.5
Apevia ATX-ES700-RGB,Add,ATX,ATX,700 W,Semi,Semi,Black,4
Thermaltake Toughpower GF,Add,,ATX,750 W,80+ Gold,Full,Black,0
LEPA MaxGold,Add,ATX,ATX,700 W,80+ Gold,Semi,,0
SilentiumPC Supremo L2,Add,ATX,ATX,650 W,80+ Gold,No,Black,0
SeaSonic S12G,Add,ATX,ATX,650 W,80+ Gold,No,,5
Thermalright TPFX650,,SFX,SFX,650 W,80+ Platinum,Full,Black,0
Cooler Master MWE GOLD 550 V2,Add,ATX,ATX,550 W,80+ Gold,No,Black,0
Rosewill ARC 450,Add,ATX,ATX,450 W,80+ Bronze,No,,4
Corsair TX850 V2,Add,ATX,ATX,850 W,80+ Bronze,No,,4.5
Inter-Tech Coba Nitrox Nobility,Add,ATX,ATX,800 W,80+ Silver,Semi,Black / Orange,0
Linkworld LPK2-30-P4,,ATX,ATX,500 W,false,No,,0
Cougar COUGAR-GX700,Add,https://cdna.pcpartpicker.com/static/forever/images/product/e767cfbf5d54ff5a298fbfaac526aed9.med.256p.jpg,ATX,700 W,80+ Gold,Full,,0
Cougar COUGAR-A560,Add,ATX,ATX,560 W,80+ Bronze,No,,4
SeaSonic Snow Silent,Add,https://cdna.pcpartpicker.com/static/forever/images/product/02c1a8ea04e87b3621a1049c866dec3b.256p.jpg,ATX,750 W,80+ Platinum,Full,,4.5
Diablotek PSUL675,Add,ATX,ATX,675 W,false,No,,5
Diablotek PSUL775,Add,ATX,ATX,775 W,false,No,,0
Topower TOP-900W,Add,ATX,ATX,900 W,80+,Full,,0
Cougar A,Add,ATX,ATX,660 W,80+ Bronze,No,Black,0
Solid Gear SDGR-650E,Add,https://cdna.pcpartpicker.com/static/forever/images/product/ccb5ab7681aa5fad822a8f2124d1ee02.med.256p.jpg,ATX,650 W,false,No,,0
Solid Gear SDGR-750E,Add,https://cdna.pcpartpicker.com/static/forever/images/product/cfcd4c427d84ecdac86b521e9e637425.med.256p.jpg,ATX,750 W,false,No,,3
Thermalright TGFX550,,SFX,SFX,550 W,80+ Gold,Full,Black,0
In Win Compact,,SFX,SFX,700 W,80+ Gold,Full,Black,0
SeaSonic SS-600ES,129.01,https://cdna.pcpartpicker.com/static/forever/images/product/6ec3f9d0b0d7ae18e60ae9ccd0985872.256p.jpg,ATX,600 W,80+ Bronze,No,Gray,3
YEYIAN Pegasus,Add,https://cdna.pcpartpicker.com/static/forever/images/product/1f464dc6eee915d0d81eba560640aa8e.256p.jpg,ATX,850 W,80+ Gold,Full,Black,0
Corsair CX-750 V3,,https://cdna.pcpartpicker.com/static/forever/images/product/9842813b435815efdb9194e765ea1f16.256p.jpg,ATX,750 W,80+ Bronze,No,,0
Apevia ATX-JP1000W,Add,ATX,ATX,1000 W,80+ Bronze,No,Black,0
FSP Group Raider S 750,Add,ATX,ATX,750 W,80+ Silver,No,,0
LC-Power LC6550 V2.3,Add,ATX,ATX,550 W,80+ Bronze,No,Black,5
Enermax REVOLUTION X't,Add,ATX,ATX,630 W,80+ Gold,Semi,,0
Rosewill SMG1200,Add,https://cdna.pcpartpicker.com/static/forever/images/product/24b3e44b0849b506eef76379bcd7a6d8.256p.jpg,ATX,1200 W,80+ Gold,Full,Black,0
Apevia ATX-VN500W,,ATX,ATX,500 W,false,No,,0
Ultra ULT-LS500,,ATX,ATX,500 W,false,No,Silver,0
HEC HP485D,,https://cdna.pcpartpicker.com/static/forever/images/product/8feb0dba286a146fcaf74f02c90c846b.256p.jpg,ATX,485 W,false,No,,4.5
Rocketfish RF-900WPS,Add,ATX,ATX,900 W,Full,Full,,0
Cooler Master MasterWatt Maker 1500 (no Bluetooth),Add,https://cdna.pcpartpicker.com/static/forever/images/product/23a2c50339d84c374ddb4c45e9549d3d.256p.jpg,ATX,1500 W,80+ Titanium,Full,,0
Antec EDGE,Add,https://cdna.pcpartpicker.com/static/forever/images/product/9210e2b11e0af208af66e23fa4516a3c.256p.jpg,ATX,550 W,80+ Gold,Full,,5
FSP Group AURUM CM GOLD 650,Add,ATX,ATX,650 W,80+ Gold,Semi,,0
Enermax TRIATHLOR,Add,ATX,ATX,550 W,80+ Bronze,Semi,,5
Athena Power AP-TFX40,,TFX,TFX,400 W,80+ Bronze,No,Silver,0
Cougar SL600,Add,ATX,ATX,600 W,false,No,,4
LEPA G,Add,https://cdna.pcpartpicker.com/static/forever/images/product/8ed3ff8b705e3d6d17fcb8d416934402.256p.jpg,ATX,1600 W,80+ Gold,Full,,4
Cougar RX600,Add,https://cdna.pcpartpicker.com/static/forever/images/product/68d18d0be66986409e2f04dc50cbb53c.med.256p.jpg,ATX,600 W,80+,No,,4
Apevia ATX-AS520W-BK,,ATX,ATX,520 W,false,No,,0
Apevia ATX-AS680W-BL,Add,https://cdna.pcpartpicker.com/static/forever/images/product/263473186e23750387a1197e0d50b982.256p.jpg,ATX,680 W,false,No,,3
Apevia ATX-IB680W-GN,Add,ATX,ATX,680 W,false,No,,5
Apex AL-A400ATX,,ATX,ATX,400 W,false,No,,0
HEC HEC200SA2FX,,Mini ITX,Mini ITX,200 W,false,No,,0
Cooler Master eXtreme Power,Add,ATX,ATX,550 W,false,No,,4
CoolMax V-500,,https://cdna.pcpartpicker.com/static/forever/images/product/50514d4aa75f4bddc169758c082d9d10.256p.jpg,ATX,500 W,false,No,,3
CoolMax NW-650B,,ATX,ATX,650 W,false,No,,5
Enermax EMG700AWT,Add,ATX,ATX,700 W,80+ Gold,Full,,0
OCZ Fatal1ty,Add,https://cdna.pcpartpicker.com/static/forever/images/product/9ef3d13b58e92e00948c46e39af2821b.256p.jpg,ATX,750 W,80+ Bronze,Semi,,4.5
Raidmax RX-1000AE,Add,ATX,ATX,1000 W,80+ Gold,Semi,,4
Rosewill RBR1000-M,Add,ATX,ATX,1000 W,80+ Bronze,Semi,,4.5
Rosewill Stallion,Add,ATX,ATX,400 W,false,No,,0
Sunbeam PSU-COM780-BK-US,Add,ATX,ATX,780 W,Full,Full,,0
SeaSonic SS-350SFE,,SFX,SFX,350 W,80+,No,Silver,0
SeaSonic SS-460FL Active PFC F3,Add,ATX,ATX,460 W,80+ Platinum,Full,,5
Rosewill Quark 650,Add,ATX,ATX,650 W,80+ Platinum,Full,,4
Rosewill Quark 750,Add,ATX,ATX,750 W,80+ Platinum,Full,,4
Enermax RevoBron,Add,ATX,ATX,700 W,80+ Bronze,Semi,Black,0
Enermax EPM600AWT,Add,ATX,ATX,600 W,80+ Platinum,Semi,,5
SeaSonic SSP-350ST,,https://cdna.pcpartpicker.com/static/forever/images/product/2e3aec412ef2720f6ff04b677f762d4a.256p.jpg,ATX,350 W,80+ Bronze,No,,0
Cooler Master i700,Add,ATX,ATX,700 W,80+ Bronze,No,,4.5
Corsair GS800 2013 Edition,Add,https://cdna.pcpartpicker.com/static/forever/images/product/fe74808b4f8b2ba8fa367b1d30ecc8e5.256p.jpg,ATX,800 W,80+ Bronze,No,,4.5
Raidmax Scorpio,Add,ATX,ATX,535 W,80+ Bronze,Semi,Black / Blue,0
Rosewill TOKAMAK 1200,Add,ATX,ATX,1200 W,80+ Titanium,Full,,0
Enermax TRIATHLOR ECO,Add,ATX,ATX,1000 W,80+ Bronze,Semi,,5
In Win IP-S350CQ2-0T,,https://cdna.pcpartpicker.com/static/forever/images/product/4790e11dd64670bd68c1cb8dff99c869.256p.jpg,ATX,350 W,false,No,,4
Cooler Master MasterWatt Maker,Add,https://cdna.pcpartpicker.com/static/forever/images/product/766078c3e50119e70256ff35efa80e20.256p.jpg,ATX,1200 W,80+ Titanium,Full,,0
FSP Group Berzerker,Add,https://cdna.pcpartpicker.com/static/forever/images/product/3c535735ab91da56cbfe094eaebe4c18.256p.jpg,ATX,500 W,80+ Bronze,No,,0
Antec NE450M,Add,ATX,ATX,450 W,80+ Bronze,Semi,,0
Antec EA-750 Platinum,Add,https://cdna.pcpartpicker.com/static/forever/images/product/7277601a5770fac3b183ba2a022f9cd4.256p.jpg,ATX,750 W,80+ Platinum,No,,5
Thermalright AG-650,Add,ATX,ATX,650 W,80+ Gold,Full,Black,0
Athena Power AP-MFATX30,,Mini ITX,Mini ITX,300 W,80+ Bronze,No,Silver,0
Raidmax RX-635AP,Add,ATX,ATX,635 W,80+ Bronze,Semi,,5
Apevia Beast,Add,https://cdna.pcpartpicker.com/static/forever/images/product/7f8d47f309332d5b02bc3ddffb9d2001.256p.jpg,ATX,550 W,false,No,,4
Athena Power Apollo,55.99,https://cdna.pcpartpicker.com/static/forever/images/product/bafae6bf534dc90cae74490e35a4ac7b.256p.jpg,SFX,300 W,false,No,Silver,0
Rosewill Fortress,Add,ATX,ATX,450 W,80+ Platinum,No,,0
Xigmatek NRP-MC802,Add,ATX,ATX,800 W,80+ Bronze,Full,,0
Xigmatek NRP-MC702,Add,ATX,ATX,700 W,80+ Bronze,Full,,0
Deepcool PN550D WH,Add,ATX,ATX,550 W,80+ Gold,No,White,0
Zalman zm-650-XG,Add,ATX,ATX,650 W,80+ Gold,Semi,,0
Zalman zm-550-XG,Add,ATX,ATX,550 W,80+ Gold,Semi,,0
Zalman zm-750-XG,Add,ATX,ATX,750 W,80+ Gold,Semi,,0
RIOTORO ENIGMA G2,Add,https://cdna.pcpartpicker.com/static/forever/images/product/15e8d3541e25c2a53267e4668f69be31.256p.jpg,ATX,750 W,80+ Gold,Full,Black / Yellow,5
KOLINK KL-600M,,ATX,ATX,600 W,80+ Bronze,Semi,Black,0
KOLINK KL-700M,,ATX,ATX,700 W,80+ Bronze,Semi,Black,0
OCZ EliteXStream,Add,ATX,ATX,1000 W,80+,No,,0
PC Power &amp; Cooling S61EPS-B,,,ATX,610 W,80+,No,,0
FSP Group Raider 450,Add,ATX,ATX,450 W,80+ Bronze,No,,0
Replace Power RP-TFX-420W,,TFX,TFX,420 W,false,No,Silver,4
SeaSonic SS-350TGM Retail,,https://cdna.pcpartpicker.com/static/forever/images/product/d7d7365fe9520530668b40bd79d103bf.med.256p.jpg,TFX,350 W,80+ Gold,Full,Silver,0
In Win PB,Add,https://cdna.pcpartpicker.com/static/forever/images/product/67a851547b18479d41253bf862deb3e2.256p.jpg,ATX,750 W,80+ Gold,Full,,2
NZXT HALE82N 650W,Add,ATX,ATX,650 W,80+ Bronze,No,,5
FSP Group FSP300-60GHS-R,,SFX,SFX,300 W,80+,No,Silver,0
FSP Group Everest 85PLUS 800,Add,ATX,ATX,800 W,80+ Bronze,Full,,0
Enermax ENP500AWT,,ATX,ATX,500 W,80+,No,,5
Cougar GX V3,Add,https://cdna.pcpartpicker.com/static/forever/images/product/0a1827e4cac5cad1f86582134a526f8c.256p.jpg,ATX,800 W,80+ Gold,Semi,Black / Gold,0
Cooler Master MASTERWATT MAKER MIJ,,https://cdna.pcpartpicker.com/static/forever/images/product/3ec87a37c021d611b248992e1e8835c0.256p.jpg,ATX,1200 W,80+ Titanium,Full,,0
Raidmax RX-535AP,Add,ATX,ATX,535 W,80+ Bronze,Semi,,4
Cooler Master Elite NEX N500 230V,,ATX,ATX,500 W,false,No,Black,0
Cooler Master Elite NEX N600 230V,Add,ATX,ATX,600 W,false,No,Black,0
Cooler Master Elite NEX White W700,Add,ATX,ATX,700 W,80+,No,Black,0
Cooler Master Elite NEX White W500,,ATX,ATX,500 W,80+,No,Black,0
Cooler Master Elite NEX PN600 Peak,Add,ATX,ATX,600 W,false,No,Black,0
Deepcool PQ650M,Add,https://cdna.pcpartpicker.com/static/forever/images/product/212ce6c9ee259b24593988fb32491d8c.256p.jpg,ATX,650 W,80+ Gold,Full,Black,0
Rosewill SilentNight-500,Add,ATX,ATX,500 W,80+ Platinum,Semi,,0
FSP Group Raider S 550,Add,ATX,ATX,550 W,80+ Silver,No,,0
FSP Group AU-500FL,Add,ATX,ATX,500 W,80+ Gold,Semi,,0
BitFenix BFG GOLD,Add,ATX,ATX,550 W,80+ Gold,Full,Black,0
Rosewill CMG1000,Add,ATX,ATX,1000 W,80+ Gold,Full,Black,0
XFX P1-650S-NLB9,Add,ATX,ATX,650 W,80+ Bronze,No,,4.5
Cooler Master Silent Pro Platinum,Add,https://cdna.pcpartpicker.com/static/forever/images/product/6fe58ba2b6850e50dac2432423d74489.med.256p.jpg,ATX,550 W,80+ Platinum,Semi,,0
Tacens AP II,,https://cdna.pcpartpicker.com/static/forever/images/product/2b2682143a9f350b65336fbbeded4c72.256p.jpg,ATX,500 W,false,No,Black / Green,0
FSP Group Berserker 500,Add,ATX,ATX,500 W,80+ Bronze,No,,4
Cooler Master XG850,Add,https://cdna.pcpartpicker.com/static/forever/images/product/df21bbf50a50095d35b5221aed130331.256p.jpg,ATX,850 W,80+ Platinum,Full,Black,0
Kingwin Lazer,Add,https://cdna.pcpartpicker.com/static/forever/images/product/6d8883829ec4334a824d3e3eb0181050.256p.jpg,ATX,750 W,80+,Full,,0
G.Skill PS850P,Add,ATX,ATX,850 W,80+ Platinum,Full,Black,0
FSP Group AURUM 92+,Add,ATX,ATX,450 W,80+ Platinum,Semi,,5
FSP Group Hydro PTM,Add,ATX,ATX,650 W,80+ Platinum,Full,Black,0
Enermax MAXREVO SLI,Add,ATX,ATX,1350 W,80+ Gold,Full,Black / Gold,0
Rosewill PHOTON-1050,Add,https://cdna.pcpartpicker.com/static/forever/images/product/3ae1b89287a48bff48eb12ee19102b20.256p.jpg,ATX,1050 W,80+ Gold,Full,,5
Silverstone Triton 650Rx,Add,https://cdna.pcpartpicker.com/static/forever/images/product/ddf914497779e294c2306dcbe2629452.256p.jpg,ATX,650 W,false,No,Black,0
Cooler Master VSM,Add,https://cdna.pcpartpicker.com/static/forever/images/product/245b632d1375d817740105f5d532b95b.256p.jpg,ATX,650 W,80+ Gold,Semi,,5
LC-Power LC1000 V2.4,Add,ATX,ATX,1000 W,80+ Platinum,Full,Black,0
LC-Power LC1200 V2.4,Add,ATX,ATX,1200 W,80+ Platinum,Full,Black,0
Cooler Master RS,Add,ATX,ATX,650 W,80+ Bronze,No,,0
Rosewill ARC M650,Add,ATX,ATX,650 W,80+ Bronze,Semi,,4.5
Enermax MaxTytan,Add,ATX,ATX,1050 W,80+ Titanium,Full,,0
Topower TOP-500WB,Add,https://cdna.pcpartpicker.com/static/forever/images/product/477196f5b12e6577494916aed81f3105.med.256p.jpg,ATX,500 W,80+ Bronze,No,,0
Xilence XP430R8,Add,ATX,ATX,430 W,80+ Bronze,No,Black / Red,0
Xilence XP550R9,Add,ATX,ATX,550 W,80+ Gold,No,Black / Red,0
Xilence XP650R9,,https://cdna.pcpartpicker.com/static/forever/images/product/b74861f5679caea68070e3e2b101e380.256p.jpg,ATX,650 W,80+ Gold,No,Black / Red,0
Xilence XP750MR9,Add,ATX,ATX,750 W,80+ Gold,Semi,Black / Red,0
Cyonic AU-650X,Add,ATX,ATX,650 W,80+ Gold,Full,,0
Sentey SDP650-SS,,ATX,ATX,650 W,80+,No,,5
Sentey ERP-500-SS,Add,ATX,ATX,500 W,false,No,,0
Sentey ERP-700-SS,,https://cdna.pcpartpicker.com/static/forever/images/product/08690200a3eda153e13d6f36bb993b19.med.256p.jpg,ATX,700 W,false,No,,5
Cougar COUGAR-700CMX,Add,https://cdna.pcpartpicker.com/static/forever/images/product/c450a39830cd46fc0689b79f823888b0.med.256p.jpg,ATX,700 W,80+ Bronze,No,,4
StarTech ATX2PW550WH,Add,ATX,ATX,550 W,80+,No,,0
Sparkle SPI300T8AB-B204,,TFX,TFX,300 W,80+ Bronze,No,Silver,0
Cougar COUGAR-GX1050,Add,ATX,ATX,1050 W,80+ Gold,Semi,,4
Azza PSAZ-500B12,,https://cdna.pcpartpicker.com/static/forever/images/product/8fe5ae2a2638c148e1fc204b80c036f0.med.256p.jpg,ATX,500 W,false,No,,3.5
Xilence XP850MR9,Add,ATX,ATX,850 W,80+ Gold,Semi,Black / Red,0
Silverstone NJ600,Add,ATX,ATX,600 W,80+ Titanium,Full,Silver,0
Mushkin MKNPSJL1000,Add,ATX,ATX,1000 W,80+ Gold,No,,0
Super Flower SF-1000F14MP Black,Add,ATX,ATX,1000 W,80+ Platinum,Full,,5
Super Flower SF-1200F14MP White,Add,ATX,ATX,1200 W,80+ Platinum,Full,,4
Rosewill CS-850M,Add,ATX,ATX,850 W,80+ Gold,Full,Black,0
Antec VP-P,,ATX,ATX,450 W,false,No,,5
SeaSonic SS-300TGW,,TFX,TFX,300 W,80+ Gold,No,Silver,0
Super Flower LEADEX Special Edition,Add,ATX,ATX,1000 W,80+ Platinum,Full,Black,5
Rosewill VALENS-600,Add,ATX,ATX,600 W,80+ Gold,No,,5
Rosewill VALENS-700M,Add,ATX,ATX,700 W,80+ Gold,Semi,,3.5
Rosewill VALENS-600M,Add,ATX,ATX,600 W,80+ Gold,Semi,,0
YEYIAN Thunder,Add,ATX,ATX,500 W,80+,No,Black,0
Corsair CX-600 V3,Add,ATX,ATX,600 W,80+ Bronze,No,,0
Deepcool DQ650ST,Add,ATX,ATX,650 W,80+ Gold,No,,0
Cooler Master V450,Add,ATX,ATX,450 W,80+ Gold,Semi,,0
Deepcool PM700D,Add,ATX,ATX,700 W,80+ Gold,No,Black,0
Enermax EPM1200EWT,Add,ATX,ATX,1200 W,80+ Platinum,Full,,0
Corsair GS500,Add,ATX,ATX,500 W,80+,No,,0
LC-Power LC6450 V2.3,Add,ATX,ATX,450 W,80+ Bronze,No,Black,0
PC Cooler YS1200,Add,ATX,ATX,1200 W,80+ Gold,Full,Black,0
be quiet! TFX Power 2,,https://cdna.pcpartpicker.com/static/forever/images/product/63b8df66fa9240f5256de17a358703e2.256p.jpg,TFX,300 W,80+ Gold,No,Black,0
be quiet! POWER 2,,https://cdna.pcpartpicker.com/static/forever/images/product/099fe7a5b199900d3ba049f0cd55dd23.256p.jpg,SFX,300 W,80+ Bronze,No,Black,0
Kingwin Lazer Platinum,Add,https://cdna.pcpartpicker.com/static/forever/images/product/d9aac1467233aa7ffa8a4d285238c187.256p.jpg,ATX,850 W,80+ Platinum,Semi,,0
Cougar POWERX,Add,ATX,ATX,700 W,80+ Bronze,No,,0
FirePower ZX,Add,ATX,ATX,850 W,80+ Gold,Full,,0
FirePower ZT,Add,ATX,ATX,550 W,80+ Bronze,Full,,0
SeaSonic SS-750HT Silver,Add,ATX,ATX,750 W,80+ Silver,No,,0
In Win Commander II,Add,https://cdna.pcpartpicker.com/static/forever/images/product/69f831da9edc6afcb81e5c55a97d75ac.med.256p.jpg,ATX,850 W,80+ Bronze,Full,,0
Apevia ATX-VS450W,,https://cdna.pcpartpicker.com/static/forever/images/product/1ee904ac08f3e6f19854b494859c6524.256p.jpg,ATX,450 W,false,No,,0
Thermaltake EVO_Blue,Add,https://cdna.pcpartpicker.com/static/forever/images/product/0d4a88a44a7c90a6ee5e567816a66e8e.med.256p.jpg,ATX,750 W,80+ Gold,Semi,,0
NZXT HALE90 V2 850W,Add,ATX,ATX,850 W,80+ Gold,Full,,4.5
Chieftec Polaris Pro,Add,https://cdna.pcpartpicker.com/static/forever/images/product/43a5069707b0aebeb7acd0ff9a07bd25.256p.jpg,ATX,1300 W,80+ Platinum,Full,Black,0
Cooler Master Silent Pro Hybrid,Add,ATX,ATX,1300 W,80+ Gold,Full,,5
Raidmax RX-1200AE,Add,ATX,ATX,1200 W,80+ Bronze,Semi,,5
SeaSonic SS-300SFD,,SFX,SFX,300 W,80+,No,Silver,0
Cougar SL400,Add,ATX,ATX,400 W,false,No,,0
In Win Commander III 600,Add,ATX,ATX,600 W,80+ Gold,Semi,,0
Enermax RevoBron TGA,Add,https://cdna.pcpartpicker.com/static/forever/images/product/3b7c7cda2599b7c21fe6a7fe123a50eb.256p.jpg,ATX,500 W,80+ Bronze,Semi,Black,0
Apevia ATX-AQ700W-BK,Add,ATX,ATX,700 W,false,No,,2.5
Apevia ATX-CB600W,,ATX,ATX,600 W,false,No,,0
Apevia ATX-TL450W,,ATX,ATX,450 W,false,No,,0
HEC HEC350TEWX,,ATX,ATX,350 W,80+,No,,0
HEC XPOWER585 OEM,,ATX,ATX,585 W,false,No,,0
HEC ZEPHY580MX,Add,ATX,ATX,580 W,false,No,,0
HEC ZEPHYR650,,ATX,ATX,650 W,false,No,,0
HEC Zephyr MX-750,Add,ATX,ATX,750 W,80+ Bronze,No,,4
Topower ZU-500W,,ATX,ATX,500 W,false,No,,4
CoolMax CL-700B,Add,ATX,ATX,700 W,false,No,,3
VisionTek 900490,Add,ATX,ATX,800 W,80+ Bronze,Semi,,0
Dynapower EJ-750A80,Add,https://cdna.pcpartpicker.com/static/forever/images/product/edc94c79c64bb3b5e0553f375bd9da6c.256p.jpg,ATX,750 W,80+ Bronze,Full,,0
Enermax ELT720AWT-ECO_II,Add,ATX,ATX,720 W,80+,Full,,0
Enermax EMD625AWT_II,Add,ATX,ATX,625 W,80+ Bronze,Full,,0
Enermax EMG800EWT,Add,https://cdna.pcpartpicker.com/static/forever/images/product/686887659dc9041453fa2778fac6746a.256p.jpg,ATX,800 W,80+ Gold,Full,,0
Enermax EPG600AWT,Add,ATX,ATX,600 W,80+ Gold,No,,0
Enermax ERV1020EWT,Add,ATX,ATX,1020 W,80+ Silver,Full,,0
Gigabyte GE-P450P-C2,Add,ATX,ATX,550 W,80+,No,,2
Sparkle R-SPI650ACAG,Add,https://cdna.pcpartpicker.com/static/forever/images/product/f03131108a9fbc3e7d72edabbd3e4da7.256p.jpg,ATX,650 W,80+ Gold,No,,0
OCZ StealthXstream II,Add,ATX,ATX,500 W,80+,No,,2.5
Sparkle SPI460PFB2-MC2,,https://cdna.pcpartpicker.com/static/forever/images/product/bb11521be683dd43a7aaceee982a4c5d.med.256p.jpg,ATX,460 W,80+,No,,0
Rosewill RP600V2-S-SL,Add,ATX,ATX,600 W,false,No,,3.5
Rosewill RV2-500,,ATX,ATX,500 W,false,No,,0
Rosewill RX850-S-B,,ATX,ATX,850 W,80+,No,,4
Silverstone OP1000-P,Add,ATX,ATX,1000 W,80+,No,,0
Sunbeam IC-PSU-US-2545-DW,,ATX,ATX,450 W,false,No,,0
Zalman ZM660-XT,Add,ATX,ATX,660 W,80+ Bronze,Full,,0
SeaSonic SS-300TFX Bronze,89.99,TFX,TFX,300 W,80+ Bronze,No,Silver,5
Deepcool PM550D,Add,ATX,ATX,550 W,80+ Gold,No,Black,0
Deepcool PM600D,Add,ATX,ATX,600 W,80+ Gold,No,Black,0
Rosewill Quark 550,Add,ATX,ATX,550 W,80+ Platinum,Full,,5
Rosewill Quark 1000,Add,ATX,ATX,1000 W,80+ Platinum,Full,,0
SeaSonic SSP-550RT,Add,https://cdna.pcpartpicker.com/static/forever/images/product/1d48c1034e8afb78f77bf22025bf26ee.med.256p.jpg,ATX,550 W,80+ Gold,No,,0
SeaSonic SSP-450RT,Add,ATX,ATX,450 W,80+ Gold,No,,0
Apevia Raptor,,ATX,ATX,450 W,false,No,Black / Red,0
CoolMax ZX-700,Add,ATX,ATX,700 W,80+,No,,4
FSP Group ATX400-PNT,,https://cdna.pcpartpicker.com/static/forever/images/product/78511f46aa1e2033bd103de8907d0714.med.256p.jpg,ATX,400 W,false,No,,0
Antec NeoECO 550 Gold,Add,https://cdna.pcpartpicker.com/static/forever/images/product/000dea72d718d70700630add8ffc3d85.256p.jpg,ATX,550 W,80+ Gold,Semi,Black,5
VisionTek 900346,,ATX,ATX,500 W,false,No,,0
be quiet! STRAIGHT POWER E9 | 500W,Add,ATX,ATX,500 W,80+ Gold,No,,4.5
Sparkle FSP300THAR-MC,,ATX,ATX,300 W,false,No,,0
E-Power EP-500NE-XV,Add,ATX,ATX,500 W,false,No,,3
Topower TOP-600WB,Add,https://cdna.pcpartpicker.com/static/forever/images/product/e2b1ed659e51db2b22b04571ddd9e63c.med.256p.jpg,ATX,600 W,80+ Bronze,No,,0
Azza Titan,Add,ATX,ATX,1000 W,80+ Bronze,No,,5
Cooler Master MasterWatt TUF Gaming Alliance,Add,ATX,ATX,550 W,80+ Bronze,Semi,Black / Gray,0
Segotep CP-PSU-ST-P750F,Add,ATX,ATX,750 W,80+ Gold,Full,Black,0
Logisys AT750BK,Add,https://cdna.pcpartpicker.com/static/forever/images/product/2e303e9595ef225f592b7d4bbceed3e2.256p.jpg,ATX,750 W,80+ Bronze,No,,0
Silverstone Zeus,,ATX,ATX,1350 W,80+ Silver,Full,,0
be quiet! Straight Power E9,Add,ATX,ATX,600 W,80+ Gold,No,,0
Thermaltake Toughpower iRGB PLUS,Add,ATX,ATX,1250 W,80+ Titanium,Full,,3
CoolMax ZU-600B,Add,https://cdna.pcpartpicker.com/static/forever/images/product/31ee61d2f7647f477751c76f49a7c646.256p.jpg,ATX,600 W,80+ Bronze,Semi,,4
Enermax ETL650AWT-M,Add,ATX,ATX,650 W,80+ Bronze,Semi,,4
GAMDIAS ASTRAPE E1,Add,ATX,ATX,550 W,80+,No,Black / Multicolor,0
Cougar DX500,,ATX,ATX,500 W,80+,No,,0
Diablotek PHD650,Add,https://cdna.pcpartpicker.com/static/forever/images/product/c411d7d2c29f26ba663dd14f22c95964.256p.jpg,ATX,650 W,false,No,,0
Athena Power AP-TFX30,,TFX,TFX,300 W,false,No,,0
Diablotek PHD550,,ATX,ATX,550 W,false,No,,0
Athena Power AP-P4ATX95FEPC,Add,ATX,ATX,950 W,80+,No,,0
Athena Power AP-MPS3ATX30H,,https://cdna.pcpartpicker.com/static/forever/images/product/2da4bf72ef140f95124028cf2a53be03.med.256p.jpg,ATX,300 W,false,No,,0
Diablotek PSDA350,,ATX,ATX,350 W,false,No,,0
Diablotek PSDA400,,https://cdna.pcpartpicker.com/static/forever/images/product/403f9c84bfe4edd70b19653c7fefaded.256p.jpg,ATX,400 W,false,No,,2
Diablotek PSDA600,Add,ATX,ATX,600 W,false,No,,3
In Win P55F,Add,ATX,ATX,550 W,80+ Gold,No,Black,0
Deepcool PN650D WH,Add,ATX,ATX,650 W,80+ Gold,No,White,0
Enermax DIGIFANLESS,Add,ATX,ATX,550 W,80+ Platinum,Full,,0
StarTech ATX2POWER430,,https://cdna.pcpartpicker.com/static/forever/images/product/a63dcae2627654b439165f87a0e4479d.256p.jpg,ATX,430 W,80+,No,,0
StarTech ATX2POWER450,,ATX,ATX,450 W,false,No,,0
StarTech ATX2PW530PRO,,ATX,ATX,530 W,80+ Bronze,No,,0
StarTech ATXPW350DELL,,ATX,ATX,350 W,false,No,,0
Thermaltake Madrid,Add,ATX,ATX,850 W,80+ Gold,Semi,Black,0
Thermaltake Rome,Add,ATX,ATX,750 W,80+ Gold,Semi,Black,0
Thermaltake Cologne,Add,ATX,ATX,730 W,80+ Bronze,No,Black,0
Azza PSAZ-1000PT14,Add,ATX,ATX,1000 W,80+ Platinum,Semi,,0
XClio STABLEPOWER 460W,,ATX,ATX,460 W,false,No,,0
SeaSonic SS-1250XM2,,https://cdna.pcpartpicker.com/static/forever/images/product/2f246de2ead5afc6e24064f22cdd8e0f.256p.jpg,ATX,1250 W,80+ Gold,Full,,0
KOLINK KL-500,,ATX,ATX,500 W,80+ Bronze,No,Black,0
KOLINK KL-850M,Add,ATX,ATX,850 W,80+ Bronze,Semi,Black,0
XFX P1-650X-XXB9,Add,ATX,ATX,650 W,80+ Bronze,Semi,,4
XFX P1-850X-XXB9,Add,ATX,ATX,850 W,80+ Bronze,Semi,,3
PC Power &amp; Cooling S75CF-B,,,ATX,750 W,80+,No,,0
PC Power &amp; Cooling PPCT860,,https://cdna.pcpartpicker.com/static/forever/images/product/a9728e9193a0552c108d92a6e31b9db1.256p.jpg,ATX,860 W,80+,No,,0
Kingwin Lazer Gold,Add,ATX,ATX,850 W,80+ Gold,Full,,0
Kingwin Mach 1,Add,ATX,ATX,1000 W,80+ Bronze,Semi,,0
Kingwin MK,Add,ATX,ATX,650 W,false,No,,0
Cooler Master G450M,Add,ATX,ATX,450 W,80+ Bronze,Semi,,4.5
Raidmax RX-700AT,,ATX,ATX,700 W,80+ Titanium,Semi,Black,0
XFX P1-650S-CAB9,Add,ATX,ATX,650 W,80+ Bronze,No,,0
FSP Group FSP270-60LE,,Mini ITX,Mini ITX,270 W,80+,No,Silver,0
NZXT HALE82 V2 550W,Add,ATX,ATX,550 W,80+ Bronze,Full,,4
FSP Group SAGA+ 450R,,ATX,ATX,450 W,false,No,,0
Noua Hyper ZR55,Add,ATX,ATX,550 W,80+ Bronze,No,Black,0
Enermax ENP350AST,,ATX,ATX,350 W,false,No,,0
Rosewill SMG1050,Add,ATX,ATX,1050 W,80+ Gold,Full,Black,0
Rosewill PMG1050,Add,ATX,ATX,1050 W,80+ Gold,Full,Black,0
Aerocool P7 Platinum,Add,https://cdna.pcpartpicker.com/static/forever/images/product/0126da0cdd23129e5031003c2951bcac.256p.jpg,ATX,850 W,80+ Platinum,Full,Black,3
NZXT HALE 90,Add,ATX,ATX,1000 W,80+ Gold,Full,,5
Cooler Master ELITE NEX White W400 230V,Add,ATX,ATX,400 W,80+,No,Beige,0
Cooler Master ELITE NEX White W500 230V,Add,ATX,ATX,500 W,80+,No,Beige,0
Cooler Master ELITE NEX White W600 230V,Add,ATX,ATX,600 W,80+,No,Beige,0
Cooler Master Elite NEX White W500 Black Mesh,Add,ATX,ATX,500 W,80+,No,Black,0
Cooler Master Elite NEX PN500 Peak,Add,ATX,ATX,500 W,false,No,Black,0
Cooler Master Elite NEX PN800 Peak,Add,ATX,ATX,800 W,false,No,Black,0
GAMDIAS KRATOS P2-850G,Add,,ATX,850 W,80+ Gold,Full,Black,0
SeaSonic SS-300ES Bronze,,ATX,ATX,300 W,80+ Bronze,No,,5
Raidmax RX-500AF,Add,ATX,ATX,500 W,80+ Bronze,No,,4
FSP Group VITA-1000GM,Add,ATX,ATX,1000 W,80+ Gold,Full,White,0
Xilence XP1250MR9,Add,https://cdna.pcpartpicker.com/static/forever/images/product/6a3b9f65fc215ce8ebda0b66f5931d93.256p.jpg,ATX,1250 W,80+ Gold,Full,Black / Red,0
FSP Group AURUM GOLD 400,Add,ATX,ATX,400 W,80+ Gold,No,,0
Corsair G600,Add,https://cdna.pcpartpicker.com/static/forever/images/product/c2359a726506bcb3eaca44630a9cdc5a.256p.jpg,ATX,600 W,80+,No,,4
XClio Goodpower 650W,Add,ATX,ATX,650 W,80+ Bronze,Full,,0
BFG BFGR650WGSPSU,Add,https://cdna.pcpartpicker.com/static/forever/images/product/7261b9bca451c1d07f5f539c8233b4ab.256p.jpg,ATX,650 W,false,No,,0
XFX P1-550S-XXB9,Add,https://cdna.pcpartpicker.com/static/forever/images/product/a307cf032e7e8cd979260e7a1583bbc0.256p.jpg,ATX,550 W,80+ Bronze,No,,4.5
Phanteks PH-P550GF,Add,ATX,ATX,550 W,80+ Gold,No,Black,0
Rosewill G550,,https://cdna.pcpartpicker.com/static/forever/images/product/3b237d811870a1f0385c367842eacec2.256p.jpg,ATX,550 W,80+ Gold,Semi,,4
Rosewill Capstone G850,Add,ATX,ATX,850 W,80+ Gold,Semi,,0
be quiet! SFX Power 3 300,,SFX,SFX,300 W,80+ Bronze,No,Black,0
Xilence XP850MR9.2,£109.10Add,ATX,ATX,850 W,80+ Gold,Semi,Black / Red,0
G.Skill PS750G,Add,ATX,ATX,750 W,80+ Gold,Full,Black,4.5
G.Skill PS850G,Add,ATX,ATX,850 W,80+ Gold,Full,Black,5
G.Skill PS1250P,Add,ATX,ATX,1250 W,80+ Platinum,Full,Black,3
LEPA MX-F1,Add,ATX,ATX,600 W,false,No,,3
Inter-Tech 88882037,Add,ATX,ATX,450 W,80+,No,Black,0
Cougar CMD 500,Add,ATX,ATX,500 W,80+ Bronze,Semi,Black / Blue,0
Kuroutoshikou KRPW-L5-500W/80+,,ATX,ATX,500 W,80+,No,,4
FSP Group Raider S 650,Add,ATX,ATX,650 W,80+ Silver,No,,4
FSP Group PT1200FM,Add,ATX,ATX,1200 W,80+ Platinum,Full,,5
FSP Group Hydro PTM X PRO,Add,ATX,ATX,850 W,80+ Platinum,Full,Black,0
Rosewill HERCULES-1600,,ATX,ATX,1600 W,80+ Silver,Semi,,5
Logisys PS480E12,,https://cdna.pcpartpicker.com/static/forever/images/product/5571a7503cec12bb15a8c3c476d12a07.256p.jpg,ATX,480 W,false,No,,3.5
Rosewill PMG550,Add,ATX,ATX,550 W,80+ Gold,Full,Black,5
Rosewill SMG750,,https://cdna.pcpartpicker.com/static/forever/images/product/4d3f0a1ba92b8ce7aeb6f0861119fd69.256p.jpg,ATX,750 W,80+ Gold,Full,Black,0
Xion EN-600F12,Add,https://cdna.pcpartpicker.com/static/forever/images/product/ef027fd9d22aab45e2826fbf3da16964.med.256p.jpg,ATX,600 W,false,No,,0
Xion EN-450F12BK,Add,https://cdna.pcpartpicker.com/static/forever/images/product/b4a25ba0332ea9e99ecfb60a1c48c92a.med.256p.jpg,ATX,450 W,false,No,,0
In Win Glacier,Add,ATX,ATX,900 W,80+ Gold,Semi,,0
BitFenix Fury,Add,https://cdna.pcpartpicker.com/static/forever/images/product/6017473ec24d8f99cbb2730f0299f292.256p.jpg,ATX,550 W,80+ Gold,Semi,,4.5
Xilence XP530R8,Add,ATX,ATX,530 W,80+ Bronze,No,Black / Red,0
Xilence XP630R8,Add,ATX,ATX,630 W,80+ Bronze,No,Black / Red,3
Xilence XP730R8,Add,ATX,ATX,730 W,80+ Bronze,No,Black / Red,0
Mistel MX550 FANLESS,Add,ATX,ATX,550 W,80+ Gold,Full,Black,0
Athena Power AP-P4ATX80FEP8,Add,https://cdna.pcpartpicker.com/static/forever/images/product/85bd8ef0e365aa62893317f1f6acc6e1.med.256p.jpg,ATX,800 W,80+ Bronze,No,,0
Cougar CMX1200V3,Add,https://cdna.pcpartpicker.com/static/forever/images/product/ef9204ae964a349486cc8a8d6c8a5e5e.med.256p.jpg,ATX,1200 W,80+ Bronze,Semi,,0
PC Power &amp; Cooling Fatal1ty Gaming,,,ATX,750 W,80+ Gold,Full,Black / Red,0
Thermaltake Smart BX1 450,,ATX,ATX,450 W,80+ Bronze,No,Black,0
Aerocool XPredator GM,Add,https://cdna.pcpartpicker.com/static/forever/images/product/9fd4c1edec37c4e772878fc1d9b1f0ed.256p.jpg,ATX,1000 W,80+ Gold,Semi,Black,0
Sentey GSP750-SM,Add,ATX,ATX,750 W,80+ Gold,Full,,0
Sentey GSP1000-SM,Add,ATX,ATX,1000 W,80+ Gold,Full,,5
Sentey ERP-400-SS,,ATX,ATX,400 W,false,No,,0
Sentey ERP-500-SM,Add,ATX,ATX,500 W,Full,Full,,0
Sentey ERP-500-SMR,Add,ATX,ATX,500 W,Full,Full,,0
Cougar COUGAR-A760,Add,ATX,ATX,760 W,80+ Bronze,No,,5
Cougar COUGAR-SX700,Add,ATX,ATX,700 W,80+ Silver,No,,0
Cougar COUGAR-RS650,,ATX,ATX,650 W,80+,No,,0
Xion XON-850P14F,Add,ATX,ATX,850 W,false,No,,0
Super Flower Leadex V Gold Pro,Add,ATX,ATX,1000 W,80+ Gold,Full,Black,0
SeaSonic ECO,Add,ATX,ATX,430 W,80+ Bronze,No,,3
In Win P85,Add,ATX,ATX,850 W,80+ Gold,Full,Black,0
LC-Power LC6460GP3 V2.3 230V,,ATX,ATX,460 W,80+ Silver,No,Black,0
Super Flower SF-1000F14MP White,Add,ATX,ATX,1000 W,80+ Platinum,Full,,5
Rosewill Tachyon 1200,Add,ATX,ATX,1200 W,80+ Platinum,Full,Black,4
Rosewill CS-1000M,Add,ATX,ATX,1000 W,80+ Gold,Full,Black,0
iStarUSA TC-1200PD8G,Add,https://cdna.pcpartpicker.com/static/forever/images/product/6d14028dbe06a1f0a983e743097b6735.256p.jpg,ATX,1200 W,Full,Full,Gray,0
LEPA G800-MB,Add,ATX,ATX,800 W,80+ Gold,Semi,,0
Ultra U12-42466,Add,ATX,ATX,650 W,80+ Bronze,Semi,,0
Ultra U12-42467,Add,ATX,ATX,750 W,80+ Bronze,Semi,,5
CoolMax CX-550B,,ATX,ATX,550 W,false,No,,0
SeaSonic SSP-300TBS,88.47,https://cdna.pcpartpicker.com/static/forever/images/product/e3cb8b7db9545858119bfa7620a14226.256p.jpg,TFX,300 W,80+ Bronze,No,Silver,0
Cooler Master V550S,Add,ATX,ATX,550 W,80+ Gold,Semi,,0
Rosewill VALENS-500,Add,ATX,ATX,500 W,80+ Gold,No,,4
Rosewill VALENS-500M,,ATX,ATX,500 W,80+ Gold,Semi,,3
Rosewill VALENS-700,Add,ATX,ATX,700 W,80+ Gold,No,,0
Corsair CX-430 V3,Add,ATX,ATX,430 W,80+ Bronze,No,,3
HEC Orion,,ATX,ATX,585 W,false,No,Black,0
Sparkle R-SPI700GHN,,ATX,ATX,700 W,80+,No,,0
FSP Group FSP300-60GHT(85),,TFX,TFX,300 W,80+ Bronze,No,Silver,0
Enermax ENP650AWT B,Add,ATX,ATX,650 W,80+ Bronze,No,,5
Enermax ENP550AWT B,Add,ATX,ATX,550 W,80+ Bronze,No,,0
Enermax EPM850EWT,Add,ATX,ATX,850 W,80+ Platinum,Semi,,0
Topower TOP-1000P12-ADJ,Add,https://cdna.pcpartpicker.com/static/forever/images/product/b002ca5bc2189112d507e288108a36be.med.256p.jpg,ATX,1000 W,Semi,Semi,,0
SeaSonic PRIME AIRTOUCH,Add,ATX,ATX,850 W,80+ Gold,Full,Black / Red,0
Rosewill CAPSTONE-1000-M,,ATX,ATX,1000 W,80+ Gold,Semi,,4
GALAX PGO85GPTNAFB0,Add,ATX,ATX,850 W,80+ Gold,Full,Black,0
GALAX PGO1AGPFNAFB0,Add,ATX,ATX,1000 W,80+ Gold,Full,Black,0
Logisys PS600XBK,,ATX,ATX,600 W,false,No,,0
Ultra LSP,,ATX,ATX,450 W,false,No,,0
E-Power EP-1200P10-T2,Add,ATX,ATX,1200 W,80+,Semi,,0
LEPA B550-SA,Add,ATX,ATX,550 W,80+ Bronze,No,,0
Enermax REVOLUTION87+,Add,ATX,ATX,550 W,80+ Gold,Semi,,0
LEPA MaxPlatinum,Add,ATX,ATX,1050 W,80+ Platinum,Semi,Black,0
Kingwin KX-1000,Add,ATX,ATX,1000 W,80+ Bronze,Semi,,0
Apevia ATX-RP500W,,ATX,ATX,500 W,false,No,,0
Kuroutoshikou KRPW-BR550W/85+,Add,ATX,ATX,550 W,80+ Bronze,No,Black,0
Inter-Tech 88882144,,https://cdna.pcpartpicker.com/static/forever/images/product/4e5c04d2fbb3f8b9a0b752ac65a448df.256p.jpg,TFX,300 W,false,No,Silver,0
SHARKOON WPC Bronze,Add,ATX,ATX,550 W,80+ Bronze,No,Black,3
HEC XPOWER780,,ATX,ATX,600 W,false,No,,0
Rosewill Glacier 1000M,Add,ATX,ATX,1000 W,80+ Bronze,Semi,,4
Rosewill Glacier 1200M,Add,https://cdna.pcpartpicker.com/static/forever/images/product/4be7885fc8a80691616e70a203dae308.med.256p.jpg,ATX,1200 W,80+ Bronze,Semi,,0
XFX P1-650X-CAG9,Add,ATX,ATX,650 W,80+ Bronze,Full,,3
CoolMax CUL-750B,Add,ATX,ATX,750 W,Semi,Semi,,4
CoolMax CUL-850B,Add,ATX,ATX,850 W,Semi,Semi,,0
VIVO 24K,Add,ATX,ATX,650 W,80+ Gold,Full,,0
NZXT HALE90 V2 1200W,Add,ATX,ATX,1200 W,80+ Gold,Full,,0
Zalman ZM1000-HP,,ATX,ATX,1000 W,80+,Full,,0
Zalman ZM460B-APS,,ATX,ATX,460 W,false,No,,0
SeaSonic PRIME Ultra Gold 550,Add,https://cdna.pcpartpicker.com/static/forever/images/product/105950eeb9368cbce15269a3ab9d849b.256p.jpg,ATX,550 W,80+ Gold,Full,Black,5
In Win Commander III,Add,https://cdna.pcpartpicker.com/static/forever/images/product/0667cc924d9556f682f912b8c1506c72.med.256p.jpg,ATX,700 W,80+ Gold,Semi,,4
TUNIQ PSU-POT750-BK,Add,ATX,ATX,750 W,80+ Bronze,No,,0
Zalman ZM600-HP,,ATX,ATX,600 W,Full,Full,,5
Zalman 1250 Platinum,Add,ATX,ATX,1250 W,80+ Platinum,Semi,,0
NZXT HALE90 V2,Add,https://cdna.pcpartpicker.com/static/forever/images/product/abb74ddb92f72897a3e970ab91e1fc5c.med.256p.jpg,ATX,850 W,80+ Gold,Full,,0
Raidmax RX-450K,,ATX,ATX,450 W,false,No,,4
NZXT HALE82,Add,ATX,ATX,650 W,80+ Bronze,Semi,,3
E-Power EP-600NE-XV,Add,https://cdna.pcpartpicker.com/static/forever/images/product/434eb4ea9d228b242f6768b0ee8184c4.med.256p.jpg,ATX,600 W,false,No,,0
Rosewill RX750-S-B,Add,ATX,ATX,750 W,80+,No,,3
LEPA B850-MA,Add,ATX,ATX,850 W,80+ Bronze,Semi,,4
LEPA G1000-MA,Add,ATX,ATX,1000 W,80+ Gold,Semi,,0
CoolMax ZP-750B,Add,ATX,ATX,750 W,80+ Bronze,Semi,,0
E-Power EP-500LS-1,,ATX,ATX,500 W,false,No,,0
NZXT HALE82N 550W,Add,ATX,ATX,550 W,80+ Bronze,No,,0
Cougar RX500,Add,https://cdna.pcpartpicker.com/static/forever/images/product/24326b3662e81f30a0158ea73137354d.256p.jpg,ATX,500 W,80+,No,,0
Apevia ATX-AS500W-BL,,ATX,ATX,500 W,false,No,,0
Apevia ATX-AS500W-GN,,https://cdna.pcpartpicker.com/static/forever/images/product/8c73533e0ae877bbd0fc8a4955c3633a.256p.jpg,ATX,500 W,false,No,,0
Apevia ATX-AS600W-BL,,ATX,ATX,600 W,false,No,,0
Apevia ATX-CW500WP4,,ATX,ATX,500 W,false,No,,0
Apevia ATX-IB680W-BL,,ATX,ATX,680 W,false,No,,0
Apevia ATX-TL450W-BK,,ATX,ATX,450 W,false,No,,0
Mushkin MKNPSJL800,Add,ATX,ATX,800 W,80+ Silver,No,,0
HEC Raptor500,,ATX,ATX,500 W,false,No,,0
HEC HEC250SRT,,SFX,SFX,250 W,false,No,Silver,0
HEC HP485D Retail,,ATX,ATX,485 W,false,No,,0
HEC HP585D,,https://cdna.pcpartpicker.com/static/forever/images/product/cf354edb6d0df549e75486b4cf30e4ec.med.256p.jpg,ATX,585 W,false,No,,0
HEC X-Power Pro 650,Add,ATX,ATX,650 W,false,No,,0
HEC HP585D RETAIL,,ATX,ATX,585 W,false,No,,2
HEC XPOWER585 RETAIL,,ATX,ATX,585 W,false,No,,0
CoolMax CU-600B,,ATX,ATX,600 W,Semi,Semi,,0
CoolMax CA-400,,ATX,ATX,400 W,false,No,,0
CoolMax CT-450 (silver),,ATX,ATX,450 W,false,No,,0
CoolMax VL-600B,,ATX,ATX,600 W,false,No,,0
CoolMax MP-550B,,ATX,ATX,550 W,80+,No,,3
CoolMax ZP-1000B,Add,ATX,ATX,1000 W,80+ Bronze,Semi,,0
VisionTek 900347,Add,ATX,ATX,650 W,false,No,,0
VisionTek 900349,Add,ATX,ATX,800 W,80+ Bronze,No,,0
CoolMax CUG-700B,,ATX,ATX,700 W,Full,Full,,0
CoolMax CUG-950B,Add,ATX,ATX,950 W,Full,Full,,0
CoolMax CUL-650B,,ATX,ATX,650 W,Semi,Semi,,0
VisionTek 900489,Add,ATX,ATX,700 W,80+ Bronze,Semi,,0
VisionTek 900488,64.98,ATX,ATX,550 W,Full,Full,,0
CoolMax CUQ-1350B,,ATX,ATX,1350 W,80+,No,,0
CoolMax CX-400B,,ATX,ATX,400 W,false,No,,0
CoolMax CXI-600B,,ATX,ATX,600 W,false,No,,0
Dynapower EP-45X.0562B,,ATX,ATX,450 W,false,No,,0
Enermax EES400AWT_II,,ATX,ATX,400 W,80+,No,,0
Enermax EGX1250EWT,Add,ATX,ATX,1250 W,80+ Bronze,Semi,,0
Enermax EPG500AWT,Add,ATX,ATX,500 W,80+ Gold,No,,0
Enermax ERV920EWT,Add,ATX,ATX,920 W,80+ Silver,Full,,0
Enermax ETK500AWT,,ATX,ATX,500 W,false,No,,3
EVGA Classified SR-2,Add,ATX,ATX,1200 W,80+ Silver,Full,,0
Sparkle R-SPI750ACAG,Add,ATX,ATX,750 W,80+ Gold,No,,0
Raidmax RX-380K,,ATX,ATX,380 W,false,No,,4
Rosewill Libertas,Add,ATX,ATX,800 W,80+ Bronze,Full,,0
Raidmax RX-600AF,Add,ATX,ATX,600 W,80+ Bronze,No,,0
FSP Group FSP300-60GHS(85),,https://cdna.pcpartpicker.com/static/forever/images/product/1e14a218923cf2720eac33311d3ca010.256p.jpg,SFX,300 W,80+ Bronze,No,Silver,0
Rosewill LP-6100C,,ATX,ATX,300 W,false,No,,0
Rosewill RV2-700,Add,ATX,ATX,700 W,false,No,,1
Rosewill RV350,,ATX,ATX,350 W,false,No,,1
Rosewill RV350-2,,ATX,ATX,350 W,false,No,,0
Silverstone OP850,Add,https://cdna.pcpartpicker.com/static/forever/images/product/68fa5418790b7305faed5a5d3d0c2d93.256p.jpg,ATX,850 W,false,No,,0
Rosewill SL-300TFX,,TFX,TFX,300 W,false,No,Silver,0
Silverstone DA750,Add,ATX,ATX,750 W,Full,Full,,0
Silverstone OP1000-E,Add,ATX,ATX,1000 W,false,No,,0
Silverstone OP750,Add,ATX,ATX,750 W,false,No,,0
Silverstone OP800,Add,ATX,ATX,800 W,false,No,,0
XClio STABLEPOWER GOLD 1000W,Add,https://cdna.pcpartpicker.com/static/forever/images/product/5edbc540f7d476b62e242eb9aebc69ae.med.256p.jpg,ATX,1000 W,80+ Gold,Full,,0
XClio STABLEPOWER GOLD 750W,Add,ATX,ATX,750 W,80+ Gold,Full,,0
Sunbeam PSU-BKS580-US,,ATX,ATX,580 W,false,No,,0
Sunbeam PSU-COM680-BK-US,Add,ATX,ATX,680 W,Full,Full,,0
Sunbeam PSU-ECO750-US-BL,Add,ATX,ATX,750 W,80+,No,,0
Sunbeam PSU-H680-REV-US,,ATX,ATX,680 W,false,No,,0
Sunbeam PSU-H680-REV-US-BL,,ATX,ATX,680 W,false,No,,0
Sunbeam PSU-HUSH580-US,,ATX,ATX,580 W,false,No,,0
XFX P1-650X-CAH9,Add,ATX,ATX,650 W,80+ Bronze,Full,,0
Thermaltake Black Widow,Add,ATX,ATX,850 W,80+ Bronze,Semi,,4.5
Zalman ZM500-HP,,ATX,ATX,500 W,Semi,Semi,,0
Sparkle R-SPI900GCM,Add,ATX,ATX,900 W,80+,Semi,,0
SeaSonic SS-350ET Bronze,,ATX,ATX,350 W,80+ Bronze,No,,3
Deepcool PM500D,Add,ATX,ATX,500 W,80+ Gold,No,Black,0
Sparkle ATX-350PN-B204,,ATX,ATX,350 W,false,No,,0
Rosewill Quark 1200,Add,ATX,ATX,1200 W,80+ Platinum,Full,,0
Sparkle GW-EPS1250DA,Add,ATX,ATX,1250 W,80+ Gold,Full,,0
Xion AXP-700K14XE,,ATX,ATX,700 W,80+ Bronze,Semi,,0
Xion AXP-850K14XE,Add,ATX,ATX,850 W,80+ Bronze,Semi,,0
Xion AXP-1000K14XE,Add,ATX,ATX,1000 W,80+ Bronze,Semi,,3
Enermax ERV1000EWT-G,Add,ATX,ATX,1000 W,80+ Gold,Semi,,0
Topower ZU-650W,,https://cdna.pcpartpicker.com/static/forever/images/product/38cdd260413714f0956e61c73c73b25a.256p.jpg,ATX,650 W,false,No,,0
Enermax EPM750AWT,Add,ATX,ATX,750 W,80+ Platinum,Semi,,0
Kingwin AP-550,Add,https://cdna.pcpartpicker.com/static/forever/images/product/55e29d877543005c342f9aa22a3d1ce1.med.256p.jpg,ATX,550 W,80+ Platinum,No,,0
CoolMax ZX-600,Add,https://cdna.pcpartpicker.com/static/forever/images/product/d94bb5f6531ecf447fa21f100f86fd7b.med.256p.jpg,ATX,600 W,80+,No,,2.5
CoolMax ZU-700B,Add,ATX,ATX,700 W,80+ Bronze,Semi,,4
Sparkle ATX-450PN,,https://cdna.pcpartpicker.com/static/forever/images/product/b255ef201d0c22b7e057046a08851404.256p.jpg,ATX,450 W,false,No,,0
Sparkle SCC-850AF,Add,ATX,ATX,850 W,80+ Gold,Semi,,0
Sparkle SCC-750AF,Add,ATX,ATX,750 W,80+ Gold,Full,,0
Cougar RSB400,,https://cdna.pcpartpicker.com/static/forever/images/product/de4fd3c91802aed15eb811f3b3b49287.256p.jpg,ATX,400 W,80+,No,,0
GAMDIAS KRATOS P2-1200G,Add,,ATX,1200 W,80+ Gold,Full,Black,0
E-Power EP-550P5-T1,,ATX,ATX,550 W,Full,Full,,0
Topower ZU-950,Add,ATX,ATX,950 W,false,No,,0
Cougar LX500,Add,ATX,ATX,500 W,80+ Bronze,Full,Black,5
Sparkle FSP400-60GHS,,SFX,SFX,400 W,80+ Bronze,No,Silver,0
Thermaltake Toughpower DPS G RGB,Add,ATX,ATX,1250 W,80+ Titanium,Full,,0
Topower ZU-450W,,ATX,ATX,450 W,false,No,,0
Sparkle ATX-400PN-B204,,ATX,ATX,400 W,false,No,,0
Topower ZU-400W12,,ATX,ATX,400 W,false,No,,0
FSP Group AU-1000PRO,Add,ATX,ATX,1000 W,80+ Gold,No,,0
FSP Group AU-850PRO,Add,ATX,ATX,850 W,80+ Gold,No,,0
Thermaltake W0328RU,,ATX,ATX,350 W,false,No,,0
Topower ZU-750W,Add,ATX,ATX,750 W,false,No,,5
Topower TOP-800WB,Add,https://cdna.pcpartpicker.com/static/forever/images/product/1ec116538ae0514b2e22aa4e3e781485.256p.jpg,ATX,800 W,80+ Bronze,No,,0
Topower TOP-400W80,,ATX,ATX,400 W,80+,No,,0
Topower TOP-400W801,,ATX,ATX,400 W,80+,No,,0
Sparkle R-SPI700ACH5B,,https://cdna.pcpartpicker.com/static/forever/images/product/b5e1dfaace0fb72e710ab06851857a79.med.256p.jpg,ATX,700 W,80+ Silver,No,,0
CoolMax ZU-1000B,Add,ATX,ATX,1000 W,80+ Bronze,Semi,,4.5
BFG EX-1000,Add,ATX,ATX,1000 W,80+ Bronze,Full,,0
CoolMax I-500,26.14,https://cdna.pcpartpicker.com/static/forever/images/product/c8f6598e0011fc5c5d5dcc03a67ceca9.256p.jpg,ATX,500 W,false,No,,2
Kingwin ABT-610MM,,ATX,ATX,610 W,false,No,,0
Sparkle R-SPI600ACH5B,,ATX,ATX,600 W,80+ Silver,No,,0
Zalman LE,,ATX,ATX,400 W,false,No,,0
Ultra ULT-LSP550,,ATX,ATX,550 W,false,No,,2
PC Power &amp; Cooling S75CF,,,ATX,750 W,80+,No,,5
CoolMax ZU-500B,Add,ATX,ATX,500 W,80+ Bronze,Semi,,5
Enermax ETL450AWT-M,Add,ATX,ATX,450 W,80+ Bronze,Semi,,4.5
CoolMax RM-1000B,Add,ATX,ATX,1000 W,false,No,,0
Enermax ETL550AWT-M,Add,https://cdna.pcpartpicker.com/static/forever/images/product/2d9d303ef81dcf26547f8a2ff3e3ce21.256p.jpg,ATX,550 W,80+ Bronze,Semi,,4
Logisys PS550AC,,ATX,ATX,550 W,false,No,,3
Topower ZU-1050W,Add,ATX,ATX,1050 W,false,No,,0
CoolMax ZP-850B,Add,ATX,ATX,850 W,80+ Bronze,Semi,,3
Rosewill RV2-600,Add,ATX,ATX,600 W,false,No,,3
GAMDIAS Cyclops X1 P,Add,https://cdna.pcpartpicker.com/static/forever/images/product/22b1a1b0a43a4633fd5dff6d4e06b20f.256p.jpg,ATX,1200 W,80+ Platinum,Full,Black / Multicolor,0
Rosewill SMG850,Add,ATX,ATX,850 W,80+ Gold,Full,Black,0
Cougar DX600,,ATX,ATX,600 W,80+,No,,0
Deepcool PN850D WH,Add,ATX,ATX,850 W,80+ Gold,No,White,0
Topower TOP-1200W,Add,ATX,ATX,1200 W,80+,Full,,0
CoolMax V-600,,ATX,ATX,600 W,false,No,,4
Diablotek PHD450,,https://cdna.pcpartpicker.com/static/forever/images/product/547ac699f1998a22f21b1fc9b3453127.256p.jpg,ATX,450 W,false,No,,0
Raidmax RX-835AP,Add,ATX,ATX,835 W,80+ Bronze,Semi,,0
Athena Power AP-P4ATX55FEC,Add,ATX,ATX,550 W,false,No,,0
Athena Power AP-P4ATX35,,ATX,ATX,350 W,false,No,,0
Athena Power AP-MFATX22,,Mini ITX,Mini ITX,220 W,false,No,Silver,0
Athena Power AP-P4ATX85FEP,Add,ATX,ATX,850 W,false,No,,0
Diablotek PHD750,Add,ATX,ATX,750 W,false,No,,1
Diablotek PSDA500,,ATX,ATX,500 W,false,No,,2.5
Diablotek PHD850,Add,ATX,ATX,850 W,false,No,,0
Cooler Master MPW-5502-ACABW 230V,Add,ATX,ATX,550 W,80+,No,,3
Apevia XG,,https://cdna.pcpartpicker.com/static/forever/images/product/6777278ed84ceb5e5bd0e423fa41bf06.256p.jpg,ATX,450 W,false,No,,0
Deepcool PN650M WH,Add,ATX,ATX,650 W,80+ Gold,Full,White,0
Xion XON-1100P14HE,Add,ATX,ATX,1100 W,false,No,,0
Xion XON-1250P14HE,Add,ATX,ATX,1250 W,false,No,,0
Xion AXP-850R14N,Add,ATX,ATX,850 W,false,No,,0
Xion XON-800R14N,Add,ATX,ATX,800 W,Full,Full,,0
XClio STABLEPOWER 850W,,ATX,ATX,850 W,false,No,,0
StarTech ATXPW500PRO2,,ATX,ATX,500 W,false,No,,0
StarTech ATXPW550PRO2,,ATX,ATX,550 W,false,No,,0
XClio GreatPower,,ATX,ATX,600 W,80+,Full,,0
XClio DIAMONDPOWER 880W,Add,ATX,ATX,880 W,false,No,,0
XClio DIAMONDPOWER 1080W,Add,ATX,ATX,1080 W,false,No,,0
StarTech ATX2POWER400,,ATX,ATX,400 W,false,No,,0
StarTech ATXPOW350PRO,,ATX,ATX,350 W,false,No,,0
StarTech ATX2POWER350,,https://cdna.pcpartpicker.com/static/forever/images/product/1550ebfdc2bbe148b8dca31011a3ba6a.256p.jpg,ATX,350 W,false,No,,0
StarTech ATX2PW500PRO,,ATX,ATX,500 W,false,No,,0
StarTech ATX2POWER530,,https://cdna.pcpartpicker.com/static/forever/images/product/69cc8f5b2840b9a31919063fb596a606.256p.jpg,ATX,530 W,80+ Bronze,No,,0
StarTech ATX2PW450PRO,,ATX,ATX,450 W,false,No,,0
StarTech ATX2PW400PRO,,ATX,ATX,400 W,false,No,,0
StarTech ATX2POW400HS,,ATX,ATX,400 W,false,No,,0
StarTech ATX2PW430PRO,,ATX,ATX,430 W,80+ Bronze,No,,0
Xion AXP-700W14FG,Add,ATX,ATX,700 W,80+ Gold,Full,,0
Xion AXP-1000R14HE,Add,ATX,ATX,1000 W,80+ Bronze,Full,,0
XClio GOODPOWER 500W,,ATX,ATX,500 W,false,No,,0
StarTech ATX2POW500HS,,https://cdna.pcpartpicker.com/static/forever/images/product/fc3401de3c1fa3d13683b3594b98909d.256p.jpg,ATX,500 W,false,No,,0
StarTech ATX2POW450HS,,https://cdna.pcpartpicker.com/static/forever/images/product/db6303b4d825d169bf77516473ee225a.256p.jpg,ATX,450 W,false,No,,0
StarTech ATX2PW550PRO,,ATX,ATX,550 W,false,No,,0
CoolMax CUQ-1200B,,ATX,ATX,1200 W,80+,No,,0
CoolMax RM-750B,,ATX,ATX,750 W,false,No,,0
Apevia ATX-AS680W-BK,Add,ATX,ATX,680 W,false,No,,0
CoolMax CU-700B,,ATX,ATX,700 W,Semi,Semi,,4
CoolMax CUL-950B,Add,ATX,ATX,950 W,Semi,Semi,,0
Aerocool GT-1050SG,Add,ATX,ATX,1050 W,80+ Gold,Semi,,0
LEPA G1200-MA,Add,ATX,ATX,1200 W,80+ Gold,Semi,,5
Zalman 850-HP Plus,,ATX,ATX,850 W,80+ Silver,Semi,,0
Zalman 1000-HP Plus,,ATX,ATX,1000 W,80+ Silver,Full,,0
KOLINK KL-400,Add,ATX,ATX,400 W,80+ Bronze,No,Black,0
XClio STABLEPOWER 500W,,ATX,ATX,500 W,false,No,,0
Cougar CougarA500,Add,ATX,ATX,500 W,80+ Bronze,No,,4
Kingwin ABT-450MM,,ATX,ATX,450 W,false,No,,0
Kingwin ABT-850MM,Add,ATX,ATX,850 W,false,No,,0
Kingwin ABT-1050MM,Add,ATX,ATX,1050 W,false,No,,0
PC Power &amp; Cooling S47ATX-B,,,ATX,470 W,,No,,0
Kingwin ABT-730MM,Add,ATX,ATX,730 W,false,No,,0
FSP Group FSP650-80EGN,Add,ATX,ATX,650 W,80+ Gold,No,,0
Kingwin MKX,Add,ATX,ATX,850 W,Semi,Semi,,0
XClio STABLEPOWER 1000W,,ATX,ATX,1000 W,false,No,,0
OCZ StealthXStream,Add,ATX,ATX,700 W,false,No,,5
LEPA P1375-MA,Add,ATX,ATX,1375 W,80+ Platinum,Full,,5
XFX P1-850S-CAB9,Add,ATX,ATX,850 W,80+ Bronze,No,,0
XFX P1-750S-CAB9,Add,ATX,ATX,750 W,80+ Bronze,No,,0
Sparkle Magna GOLD PRO,Add,ATX,ATX,850 W,80+ Gold,Semi,,0
FSP Group ATX300-PA,,ATX,ATX,300 W,false,No,,0
Enermax ENP600AWT,Add,ATX,ATX,600 W,80+,No,,0
FSP Group ZEN 400,,ATX,ATX,400 W,80+ Bronze,No,,4
FSP Group SAGA+ 500R,,ATX,ATX,500 W,false,No,,0
FSP Group SAGA+ 400R,,ATX,ATX,400 W,false,No,,0
CoolMax ZPG-500B,Add,ATX,ATX,500 W,80+ Gold,No,,0
Noua Hyper ZR65,Add,ATX,ATX,650 W,80+ Bronze,No,Black,0
Noua Volture GX-MV,Add,ATX,ATX,850 W,80+ Gold,Full,Black,0
Noua Volture X GX-MVX,Add,ATX,ATX,850 W,80+ Gold,Full,Black,0
Broadway Com Corp OKIA-BLACK-550,,https://cdna.pcpartpicker.com/static/forever/images/product/c8f0ae8df6b69451182b3870bfeee4a0.med.256p.jpg,ATX,550 W,false,No,,0
Broadway Com Corp OKIA-BLACK-680,Add,https://cdna.pcpartpicker.com/static/forever/images/product/724839560496829e8c3a022bb31b0e59.med.256p.jpg,ATX,680 W,false,No,,0
Broadway Com Corp OKIA-BLACK-600,Add,ATX,ATX,600 W,false,No,,0
Broadway Com Corp P4-OKIA-550-RB,Add,ATX,ATX,550 W,false,No,,0
PC Power &amp; Cooling PPCT1200ESA,,,ATX,1200 W,,No,,0
PC Power &amp; Cooling T12W,,,ATX,1200 W,,No,,0
Enermax ENM750AWT,Add,ATX,ATX,750 W,80+ Bronze,Semi,,4
XFX P1850SNLB9,Add,ATX,ATX,850 W,80+ Bronze,No,,3
Enermax ENP550AWT,Add,ATX,ATX,550 W,false,No,,5
Rosewill PMG650,Add,ATX,ATX,650 W,80+ Gold,Full,Black,0
Rosewill PMG750,Add,ATX,ATX,750 W,80+ Gold,Full,Black,0
Rosewill PMG850,Add,ATX,ATX,850 W,80+ Gold,Full,Black,0
Rosewill PMG1200,Add,ATX,ATX,1200 W,80+ Gold,Full,Black,0
Enermax EGX850EWL,Add,ATX,ATX,850 W,80+,Full,,0
Sunbeam PSU-HUSH580-US-BL,,ATX,ATX,580 W,false,No,,0
Cooler Master Elite NEX N400 230V,Add,ATX,ATX,400 W,false,No,Black,0
Cooler Master Elite NEX N700 230V,Add,ATX,ATX,700 W,false,No,Black,0
Cooler Master Elite NEX White W400,Add,ATX,ATX,400 W,80+,No,Black,0
Cooler Master ELITE NEX White W700 230V,Add,ATX,ATX,700 W,80+,No,Beige,0
Cooler Master Elite NEX White W600 Black Mesh,Add,ATX,ATX,600 W,80+,No,Black,0
Cooler Master Elite NEX White W700 Black Mesh,Add,ATX,ATX,700 W,80+,No,Black,0
XFX P1-750S-NLB9,Add,ATX,ATX,750 W,80+ Bronze,No,,4.5
GAMDIAS KRATOS P2-1000G,Add,,ATX,1000 W,80+ Gold,Full,Black,0
Cooler Master Elite NEX PN700 Peak 230V,Add,ATX,ATX,700 W,false,No,Black,0
Cooler Master Elite NEX PN800 Peak 230V,Add,ATX,ATX,800 W,false,No,Black,0
FSP Group VITA-750GM,,ATX,ATX,750 W,80+ Gold,Full,White,0
Xilence XP1050MR9,Add,https://cdna.pcpartpicker.com/static/forever/images/product/e020ec3ab7309bb7d8151040f1a5ba55.256p.jpg,ATX,1050 W,80+ Gold,Full,Black / Red,0
RIOTORO ENIGMA 850,Add,https://cdna.pcpartpicker.com/static/forever/images/product/64eca50b2a233e2b210edc8af058da37.256p.jpg,ATX,850 W,80+ Gold,Semi,,0
RIOTORO ONYX 650,Add,ATX,ATX,650 W,80+ Bronze,Semi,,4.5
FSP Group AURUM GOLD 500,Add,ATX,ATX,500 W,80+ Gold,No,,0
FSP Group AURUM GOLD 600,Add,ATX,ATX,600 W,80+ Gold,No,,0
XClio Goodpower 550W,Add,ATX,ATX,550 W,80+ Bronze,Full,,0
XClio Goodpower 750W,Add,https://cdna.pcpartpicker.com/static/forever/images/product/21e2605a5e5ee720474c023263d64252.med.256p.jpg,ATX,750 W,80+ Bronze,Full,,0
Anima APII500,,ATX,ATX,500 W,false,No,Black / Green,0
Sparkle R-SPI600GHN,Add,https://cdna.pcpartpicker.com/static/forever/images/product/5e27f397917e9788377517cddc03f038.256p.jpg,ATX,600 W,80+,No,,0
Rosewill PHOTON 1350,Add,https://cdna.pcpartpicker.com/static/forever/images/product/9a108794f29c942f6f4a56e674cbe235.256p.jpg,ATX,1350 W,80+ Gold,Full,Black,0
Sparkle ATX-300PN-B204,,ATX,ATX,300 W,false,No,,0
Sparkle Magna,Add,ATX,ATX,1200 W,80+ Bronze,Semi,,0
Rosewill Capstone G750,Add,ATX,ATX,750 W,80+ Gold,Semi,,5
Rosewill Capstone G1200,Add,ATX,ATX,1200 W,80+ Gold,Semi,,0
Rosewill Capstone G1000,,ATX,ATX,1000 W,80+ Gold,Semi,,0
Solid Gear SDGR-900E,Add,https://cdna.pcpartpicker.com/static/forever/images/product/9f5d9824a7a881d7b3c1941eff494db0.256p.jpg,ATX,900 W,false,No,,0
Silverstone DA550 Gold,Out of stock£88.00Add,https://cdna.pcpartpicker.com/static/forever/images/product/cb66ec0876e06abb0c2a20e5e78ba1a1.256p.jpg,ATX,550 W,80+ Gold,Full,Black / White,0
Kingwin ABT-750MM,Add,ATX,ATX,750 W,false,No,,0
Cougar CMD 600,Add,ATX,ATX,600 W,80+ Bronze,Semi,Black / Blue,0
Sparkle R-SPI1000GCM,Add,ATX,ATX,1000 W,80+,Semi,,0
FSP Group VITAL 400,,ATX,ATX,400 W,80+,No,,0
CoolMax ZPG-1000B,Add,ATX,ATX,1000 W,80+ Gold,Semi,,0
Athena Power AP-MFATX35,,https://cdna.pcpartpicker.com/static/forever/images/product/13fdc573b3b78b679d23108a8122de1b.med.256p.jpg,Mini ITX,350 W,80+ Bronze,No,Silver,0
Sparkle ATX-300PA,,ATX,ATX,300 W,false,No,,0
CoolMax ZPG-1200B,Add,ATX,ATX,1200 W,80+ Gold,Semi,,0
FSP Group PT850FM,Add,https://cdna.pcpartpicker.com/static/forever/images/product/498d3d4ed6d68824422c8a1e5e75d0c0.256p.jpg,ATX,850 W,80+ Platinum,Full,,0
Rosewill PHOTON-1200,Add,ATX,ATX,1200 W,80+ Gold,Full,,4.5
SeaSonic SS-500ES Bronze,,https://cdna.pcpartpicker.com/static/forever/images/product/918e3fe5e39e6910d2068bd298b14e99.256p.jpg,ATX,500 W,80+ Bronze,No,,0
Logisys PS550E12,,ATX,ATX,550 W,false,No,,3
Diablotek PSDA300,,ATX,ATX,300 W,false,No,,0
Logisys PS480X2,,https://cdna.pcpartpicker.com/static/forever/images/product/33e65931dd2a404e6288bc11cd288cf4.256p.jpg,ATX,480 W,false,No,,0
Logisys PS550E12BK,,https://cdna.pcpartpicker.com/static/forever/images/product/778b00d0ea6076084dd67330fe6b73ca.256p.jpg,ATX,550 W,false,No,,3.5
Logisys PS480D-BK,,https://cdna.pcpartpicker.com/static/forever/images/product/8e2ff4234dae166df714aba318e5639c.256p.jpg,ATX,480 W,false,No,,3.5
Logisys PS575XBK,,ATX,ATX,575 W,false,No,,0
Rosewill ARC M550,,ATX,ATX,550 W,80+ Bronze,Semi,,4.5
Rosewill ARC M450,Add,ATX,ATX,450 W,80+ Bronze,Semi,,5
Topower TOP-650PM,Add,ATX,ATX,650 W,false,No,,3.5
Topower GAPS-500LX,Add,ATX,ATX,500 W,false,No,,0
Topower TOP-1000WG,Add,ATX,ATX,1000 W,80+ Gold,No,,0
Topower GAPS-500MX,Add,ATX,ATX,500 W,Full,Full,,0
Topower TOP-500PM,,ATX,ATX,500 W,false,No,,0
LEPA G1000-MB,Add,ATX,ATX,1000 W,80+ Gold,Full,,0
Topower ZU-550W,,ATX,ATX,550 W,false,No,,0
Mistel MX650 FANLESS,Add,https://cdna.pcpartpicker.com/static/forever/images/product/2d640c8150e289e63611908cc463f7bd.256p.jpg,ATX,650 W,80+ Platinum,Full,Black,0
HEC Zephyr 700 CM,Add,ATX,ATX,700 W,80+,Semi,,0
Cyonic AU-450X,Add,ATX,ATX,450 W,80+ Gold,Full,,0
Cyonic AU-550X,Add,ATX,ATX,550 W,80+ Gold,Full,,0
GameMax GX-550 Modular,Add,ATX,ATX,550 W,80+ Gold,Full,Black,0
Sentey SDP850-SS,Add,ATX,ATX,850 W,80+,No,,0
Sentey ERP-600-SM,Add,ATX,ATX,600 W,Full,Full,,0
Sentey GSP650-SM,Add,ATX,ATX,650 W,80+ Gold,Full,,0
Sentey SDP750-SS,Add,ATX,ATX,750 W,80+,No,,0
Linkworld LPG12-35-p4,Add,ATX,ATX,550 W,false,No,,0
Sentey ERP-600-SS,Add,ATX,ATX,600 W,false,No,,0
Linkworld LPG8 630w,,ATX,ATX,630 W,false,No,,0
Azza PSAZ-1000A14,Add,ATX,ATX,1000 W,80+ Bronze,No,,4
Azza PSAZ-700A14,Add,ATX,ATX,700 W,80+ Bronze,No,,0
Cougar COUGAR-RS450,,ATX,ATX,450 W,80+,No,,0
Sparkle SPI300GLS-B204,,https://cdna.pcpartpicker.com/static/forever/images/product/f0504ecd2383d168ed247e219f470c8d.med.256p.jpg,SFX,300 W,false,No,Silver,0
Cougar COUGAR-PX700,Add,https://cdna.pcpartpicker.com/static/forever/images/product/95c4ed6aaf18456689ab9fc7fc361ba7.256p.jpg,ATX,700 W,80+ Bronze,No,,0
Xion XON-700P12F,,ATX,ATX,700 W,false,No,,0
Xion XON-1000P14F,Add,ATX,ATX,1000 W,false,No,,0
Cougar COUGAR-SX850,Add,ATX,ATX,850 W,80+ Silver,Full,,0
Apevia AR,,https://cdna.pcpartpicker.com/static/forever/images/product/e677c9d240488542d0b4c1ee477ff0ce.256p.jpg,ATX,500 W,false,No,Black,0
Diablotek PSUL575,Add,ATX,ATX,575 W,false,No,,0
Rosewill RD600-M,Add,ATX,ATX,600 W,Semi,Semi,,0
Kingwin STR-500,Add,ATX,ATX,500 W,80+ Platinum,Semi,,0
FSP Group AU-750M,Add,ATX,ATX,750 W,80+ Gold,Semi,,0
LEPA B550-MB,Add,ATX,ATX,550 W,80+ Bronze,Semi,,0
LC-Power LC6560GP3 V2.3 230V,Add,ATX,ATX,560 W,80+ Silver,No,Black,0
Kingwin ABT-650MM,Add,https://cdna.pcpartpicker.com/static/forever/images/product/190b685ef27fe6ee34e53b32af0dd695.256p.jpg,ATX,650 W,false,No,,3.5
XFX P1-550S-XXBA,Add,ATX,ATX,550 W,80+ Bronze,No,,0
Silverstone DA700,Add,ATX,ATX,700 W,Full,Full,,0
PC Power & Cooling Fatal1ty Gaming,Add,ATX,gold,750,Full,Black / Red,,
"PC Power & Cooling Silencer MK III",Add,,,,,,,
"PC Power & Cooling Silencer",Add,,,,,,,
"PC Power & Cooling Silencer MK III",Add,,,,,,,
PC Power & Cooling PPCT1200ESA,Add,ATX,,1200,false,,,
"PC Power & Cooling Silencer MK III",Add,,,,,,,
"PC Power & Cooling Silencer Mk II",Add,,,,,,,
PC Power & Cooling S75CF-B,Add,ATX,plus,750,false,,,
"PC Power & Cooling Silencer",Add,,,,,,,
"PC Power & Cooling Silencer MK III",Add,,,,,,,
"PC Power & Cooling Silencer MK III",Add,,,,,,,
PC Power & Cooling Silencer MK III,Add,ATX,bronze,500,Semi,,,
"PC Power & Cooling Silencer",Add,,,,,,,
"PC Power & Cooling Silencer Mk II",Add,,,,,,,
PC Power & Cooling Silencer,£319.62Add,ATX,platinum,1050,Full,,,
PC Power & Cooling PM0600,£118.49Add,ATX,bronze,600,Semi,Black / Red,,
PC Power & Cooling PPCT860,Add,ATX,plus,860,false,,,
PC Power & Cooling S75CF,Add,ATX,plus,750,false,,,
PC Power & Cooling Silencer Mk II,Add,ATX,silver,950,false,,,
MSI MEG Ai-T PCIE5,687.99,ATX,titanium,1600,Full,Black / Gold,,
Cooler Master V SFX Gold 850 ATX 3.1,,SFX,gold,850,Full,,,
FSP Group Hydro Ti PRO,Gen 5,269.99,ATX,titanium,1000,Full,Black,,
FSP Group Hydro PTM X PRO,Gen5,179.99,ATX,platinum,1000,Full,Black,,
FSP Group Hydro PTM PRO,Gen5,ATX,ATX,platinum,1350,Full,Black,,
PC Power & Cooling S47ATX-B,,ATX,,470,false,,,
PC Power & Cooling S61EPS-B,,ATX,plus,610,false,,,
PC Power & Cooling T12W,,ATX,,1200,false,,,
"FSP Group Hydro PTM X PRO,Gen5",Add,,,,,,,
"FSP Group Hydro PTM X PRO,Gen5",Add,,,,,,,
"FSP Group Hydro PTM PRO,Gen5",Out of stock£229.99Add,,,,,,,
"FSP Group Hydro PTM X PRO,Gen5",Add,,,,,,,
"FSP Group Hydro PTM X PRO,Gen5",Add,,,,,,,
FSP Group Hydro PTM PRO,Gen5,Out of stock£283.99Add,ATX,platinum,1350,Full,Black,,
"FSP Group Hydro Ti PRO,Gen 5",Add,,,,,,,
"FSP Group Hydro PTM X PRO,Gen5",Add,,,,,,,
FSP Group Hydro PTM X PRO,Gen5,Add,ATX,platinum,1000,Full,Black,,
FSP Group Hydro Ti PRO,Gen 5,Add,ATX,titanium,1000,Full,Black,,