name,price,image,speed,ram_type,modules,capacity,first_word_latency,cas_latency,price_gb,color,rating
Corsair Vengeance RGB 32 GB,372.99,https://cdna.pcpartpicker.com/static/forever/images/product/894ce2f4aaaf96e8a0cc61288f9ff27d.256p.jpg,DDR5-6000,DDR5,2 x 16GB,32GB,12 ns,36,£11.656,Black,4.5
Corsair Vengeance 32 GB,362.99,https://cdna.pcpartpicker.com/static/forever/images/product/2bd00f9c70e64226475ef438ba030157.256p.jpg,DDR5-6000,DDR5,2 x 16GB,32GB,12 ns,36,£11.343,Black,4.5
Silicon Power GAMING 16 GB,111.97,https://cdna.pcpartpicker.com/static/forever/images/product/62a4ba196f5f165e68619a63ef5d0b70.256p.jpg,DDR4-3200,DDR4,2 x 8GB,16GB,10 ns,16,£6.998,Black / Gray,4.5
Corsair Vengeance LPX 32 GB,235.02,https://cdna.pcpartpicker.com/static/forever/images/product/ae9c14173c768f2fa9ad4d3c957e94a0.256p.jpg,DDR4-3200,DDR4,2 x 16GB,32GB,10 ns,16,£7.344,Black / Yellow,4.5
Patriot Viper Elite 5 16 GB,259.77,https://cdna.pcpartpicker.com/static/forever/images/product/982b9428595cdc64d19a034fcf0b7d3b.256p.jpg,DDR5-6000,DDR5,1 x 16GB,16GB,10 ns,30,£16.236,White,4.5
Corsair Vengeance RGB 16 GB,208.99,https://cdna.pcpartpicker.com/static/forever/images/product/9c711c2e20ef4adac880e44fe9fc13fe.256p.jpg,DDR5-5200,DDR5,2 x 8GB,16GB,15.385 ns,40,£13.062,Black / Gray,3.5
Silicon Power Value Gaming 32 GB,,,DDR5-6000,DDR5,2 x 16GB,32GB,10 ns,30,,Black,4.5
Crucial Pro 32 GB,399.95,https://cdna.pcpartpicker.com/static/forever/images/product/749157446fcdcc5fe5abbb0e8d37ed08.256p.jpg,DDR5-6400,DDR5,2 x 16GB,32GB,11.875 ns,38,£12.498,Black,4
G.Skill Ripjaws V 16 GB,116.58,https://cdna.pcpartpicker.com/static/forever/images/product/c75eee87606a7ee1b5f90816fc5a16ea.256p.jpg,DDR4-3200,DDR4,2 x 8GB,16GB,10 ns,16,£7.286,Black,4.5
G.Skill Flare X5 16 GB,254.74,https://cdna.pcpartpicker.com/static/forever/images/product/35f2de12019955da5181b343ea10f7f8.256p.jpg,DDR5-6000,DDR5,1 x 16GB,16GB,12 ns,36,£15.921,Black,4
Kingston FURY Beast RGB 16 GB,220.94,https://cdna.pcpartpicker.com/static/forever/images/product/6fcbee8fe66fd26e7f295b32b7fcdcba.256p.jpg,DDR5-6000,DDR5,2 x 8GB,16GB,12 ns,36,£13.809,Black,4.5
Patriot Viper Venom 32 GB,369.99,https://cdna.pcpartpicker.com/static/forever/images/product/82182136c557a8b9975e956b58a558fa.256p.jpg,DDR5-6000,DDR5,2 x 16GB,32GB,12 ns,36,£11.562,Black / White,4.5
Corsair Vengeance RGB 64 GB,1178.99,https://cdna.pcpartpicker.com/static/forever/images/product/5cdd0dfcd25374317a12808fa7f63c19.256p.jpg,DDR5-6000,DDR5,2 x 32GB,64GB,10 ns,30,£18.422,Black,4.5
TEAMGROUP T-Force Delta RGB 16 GB,273.7,https://cdna.pcpartpicker.com/static/forever/images/product/12d937d90590710d44e87577e35c530f.256p.jpg,DDR5-6000,DDR5,2 x 8GB,16GB,12.667 ns,38,£17.106,White,5
G.Skill Flare X5 32 GB,469.99,https://cdna.pcpartpicker.com/static/forever/images/product/5bfb04d855b1e501d71ef7516d5c39f7.256p.jpg,DDR5-6000,DDR5,2 x 16GB,32GB,12 ns,36,£14.687,Black,4.5
TEAMGROUP T-Force Vulcan 16 GB,255.24,https://cdna.pcpartpicker.com/static/forever/images/product/b4f07141b6924fe51915a886aa19e17f.256p.jpg,DDR5-6000,DDR5,2 x 8GB,16GB,12.667 ns,38,£15.953,Black,0
Corsair Vengeance LPX 16 GB,159.99,https://cdna.pcpartpicker.com/static/forever/images/product/835ab3efad1be13bbe53beef3e3c6f96.256p.jpg,DDR4-3200,DDR4,2 x 8GB,16GB,10 ns,16,£9.999,Black / Yellow,4.5
V-Color Manta XSky RGB 32 GB,319.99,https://cdna.pcpartpicker.com/static/forever/images/product/fa0cd80242e6e332c869f025712550e9.256p.jpg,DDR5-6000,DDR5,2 x 16GB,32GB,10 ns,30,£10.000,Black,4.5
G.Skill Trident Z5 Neo RGB 64 GB,1257.06,https://cdna.pcpartpicker.com/static/forever/images/product/fa05a92bf5e27cd0ba94bb8372db2419.256p.jpg,DDR5-6000,DDR5,2 x 32GB,64GB,10 ns,30,£19.642,Black / Silver,4.5
TEAMGROUP T-Create Expert 32 GB,438.02,https://cdna.pcpartpicker.com/static/forever/images/product/2c9317b4dcb464d73e70e97728b95918.256p.jpg,DDR5-6000,DDR5,2 x 16GB,32GB,12.667 ns,38,£13.688,White,5
Silicon Power GAMING 32 GB,325.04,,DDR4-3200,DDR4,2 x 16GB,32GB,10 ns,16,£10.158,Black,4
G.Skill Trident Z5 Neo RGB 32 GB,601.3,https://cdna.pcpartpicker.com/static/forever/images/product/a4cecff25f58230f3fbae1903d711e49.256p.jpg,DDR5-6000,DDR5,2 x 16GB,32GB,10 ns,30,£18.791,Black,4.5
G.Skill Ripjaws V 32 GB,230.74,https://cdna.pcpartpicker.com/static/forever/images/product/f97fce0b44ff2447a790b0bffc74f9f3.256p.jpg,DDR4-3200,DDR4,2 x 16GB,32GB,10 ns,16,£7.211,Black,4.5
Kingston Server Premier 64 GB,910.29,https://cdna.pcpartpicker.com/static/forever/images/product/d38916830c5255ceb6a5472d2d835784.256p.jpg,DDR4-3200,DDR4,1 x 64GB,64GB,13.75 ns,22,£14.223,,0
Kingston FURY Beast 32 GB,414.94,https://cdna.pcpartpicker.com/static/forever/images/product/ba87b0c925c292d22dca488e2296d258.256p.jpg,DDR5-6000,DDR5,2 x 16GB,32GB,10 ns,30,£12.967,Black,4.5
Corsair Vengeance RGB Pro 32 GB,294.3,https://cdna.pcpartpicker.com/static/forever/images/product/e508c7c5a301831579045f9fda179aac.256p.jpg,DDR4-3200,DDR4,2 x 16GB,32GB,10 ns,16,£9.197,Black,4.5
TEAMGROUP T-Force Delta RGB 32 GB,389.99,https://cdna.pcpartpicker.com/static/forever/images/product/09e373465295e5629efd7959a7147a3b.256p.jpg,DDR5-6000,DDR5,2 x 16GB,32GB,10 ns,30,£12.187,White,4.5
Silicon Power XPOWER Zenith Gaming 32 GB,318.97,https://cdna.pcpartpicker.com/static/forever/images/product/2bc330026ad535ebdcc6140cde0f946f.256p.jpg,DDR5-6000,DDR5,2 x 16GB,32GB,12 ns,36,£9.968,Black,0
Silicon Power SP016GBLFU320B22 16 GB,106.97,,DDR4-3200,DDR4,2 x 8GB,16GB,13.75 ns,22,£6.686,,4.5
G.Skill Trident Z5 RGB 128 GB,3397.3,https://cdna.pcpartpicker.com/static/forever/images/product/77f8bc61316a59e20a54800382cd18af.256p.jpg,DDR5-6400,DDR5,2 x 64GB,128GB,11.25 ns,36,£26.541,Black,0
Crucial Pro Overclocking 32 GB,368.51,https://cdna.pcpartpicker.com/static/forever/images/product/9fdbfba897aab27f8669458508239fe1.256p.jpg,DDR5-6000,DDR5,2 x 16GB,32GB,12 ns,36,£11.516,Black,4.5
Corsair Vengeance 16 GB,199.99,https://cdna.pcpartpicker.com/static/forever/images/product/48231baef36e5ba902a1dbb94c21b6d1.256p.jpg,DDR5-5200,DDR5,2 x 8GB,16GB,15.385 ns,40,£12.499,Gray,0
Patriot Viper Venom 16 GB,199.94,https://cdna.pcpartpicker.com/static/forever/images/product/766c18ad6210bf330ebd5708e6d6081b.256p.jpg,DDR5-6000,DDR5,1 x 16GB,16GB,10 ns,30,£12.496,Black / White,4.5
G.Skill Trident Z RGB 16 GB,169.74,https://cdna.pcpartpicker.com/static/forever/images/product/d19422479fca6e5117bb55db3d25eac2.256p.jpg,DDR4-3600,DDR4,2 x 8GB,16GB,10 ns,18,£10.609,Black,4.5
TEAMGROUP T-Force Vulcan Z 16 GB,128.99,https://cdna.pcpartpicker.com/static/forever/images/product/96753a64597c28e46bf80ef7064b214b.256p.jpg,DDR4-3200,DDR4,2 x 8GB,16GB,10 ns,16,£8.062,Black,4.5
Kingston FURY Beast RGB 32 GB,458.99,https://cdna.pcpartpicker.com/static/forever/images/product/54ddbd8a23594ec6f8f120d748c9e559.256p.jpg,DDR5-6000,DDR5,2 x 16GB,32GB,10 ns,30,£14.343,Black,4.5
Corsair Vengeance RGB Pro 16 GB,120.29,https://cdna.pcpartpicker.com/static/forever/images/product/87cd8e9d02ffb0997769f4a4d5969669.256p.jpg,DDR4-3200,DDR4,2 x 8GB,16GB,10 ns,16,£7.518,Black,4.5
Corsair Vengeance 64 GB,765.46,https://cdna.pcpartpicker.com/static/forever/images/product/44511eed6b609f1979ca94fe5ed2e2ad.256p.jpg,DDR5-5200,DDR5,2 x 32GB,64GB,15.385 ns,40,£11.960,Black,4.5
Patriot Viper Elite 5 32 GB,402.75,https://cdna.pcpartpicker.com/static/forever/images/product/57f82fbdb9d5b94c4a14be5f44f30427.256p.jpg,DDR5-6000,DDR5,2 x 16GB,32GB,10 ns,30,£12.586,White,5
Kingston FURY Beast 16 GB,259.99,https://cdna.pcpartpicker.com/static/forever/images/product/ba87b0c925c292d22dca488e2296d258.256p.jpg,DDR5-6000,DDR5,2 x 8GB,16GB,10 ns,30,£16.249,Black,4.5
Kingston FURY Beast 8 GB,78.08,https://cdna.pcpartpicker.com/static/forever/images/product/cbff70f75b5d67c6c28fce5086628059.256p.jpg,DDR4-3200,DDR4,1 x 8GB,8GB,10 ns,16,£9.760,Black,0
TEAMGROUP T-Force DELTAα RGB 16 GB,268.72,https://cdna.pcpartpicker.com/static/forever/images/product/2105c77ba6eee3f580108b61c4382458.256p.jpg,DDR5-6000,DDR5,2 x 8GB,16GB,12.667 ns,38,£16.795,Black,5
G.Skill Trident Z5 RGB 32 GB,470.99,https://cdna.pcpartpicker.com/static/forever/images/product/e8d573bd2eac864d427645f0d2f7cad8.256p.jpg,DDR5-6000,DDR5,2 x 16GB,32GB,12 ns,36,£14.718,Black,4.5
Patriot Signature Line 16 GB,239.02,https://cdna.pcpartpicker.com/static/forever/images/product/651c160abbb0b69ba892fa7b7909c9a0.256p.jpg,DDR5-4800,DDR5,1 x 16GB,16GB,16.667 ns,40,£14.939,Black,4
Crucial CT16G4DFD824A 16 GB,113.55,https://cdna.pcpartpicker.com/static/forever/images/product/14d1ef191cd112cca0bd652dc5a671f7.256p.jpg,DDR4-2400,DDR4,1 x 16GB,16GB,14.167 ns,17,£7.097,Green / Black,5
Silicon Power XPOWER Zenith RGB Gaming 32 GB,358.97,,DDR5-6000,DDR5,2 x 16GB,32GB,10 ns,30,£11.218,Black,5
Silicon Power SP008GBLVU480G02 8 GB,,https://cdna.pcpartpicker.com/static/forever/images/product/78b9b7b9d6d6093a6914c71c62696dfc.256p.jpg,DDR5-4800,DDR5,1 x 8GB,8GB,16.667 ns,40,,,0
G.Skill Trident Z RGB 32 GB,264.1,https://cdna.pcpartpicker.com/static/forever/images/product/67c83cfd051636aaa95e8b00b6e95d6e.256p.jpg,DDR4-3600,DDR4,2 x 16GB,32GB,10 ns,18,£8.253,Black,4.5
G.Skill Flare X5 64 GB,1192.49,https://cdna.pcpartpicker.com/static/forever/images/product/f7d28bd70b14a7eaef6627ce7ecc3fd6.256p.jpg,DDR5-6000,DDR5,2 x 32GB,64GB,10 ns,30,£18.633,Black,4.5
Crucial CT2K16G4DFD8266 32 GB,,https://cdna.pcpartpicker.com/static/forever/images/product/e5a9ecd24f99440929348d333b1b7396.256p.jpg,DDR4-2666,DDR4,2 x 16GB,32GB,14.254 ns,19,,Green / Black,4.5
Crucial CT16G48C40U5 16 GB,206.16,https://cdna.pcpartpicker.com/static/forever/images/product/1c689a15a147abb3f1f1a6f4d05a43c2.256p.jpg,DDR5-4800,DDR5,1 x 16GB,16GB,16.667 ns,40,£12.885,Black,5
G.Skill Aegis 16 GB,128.43,https://cdna.pcpartpicker.com/static/forever/images/product/9e003e10740c0e04136649de59fa2ab5.256p.jpg,DDR4-3200,DDR4,2 x 8GB,16GB,10 ns,16,£8.027,Red / Black,4.5
ADATA XPG Lancer Blade 32 GB,329.99,https://cdna.pcpartpicker.com/static/forever/images/product/10a5677b659528f5ae3c9998927e1449.256p.jpg,DDR5-6000,DDR5,2 x 16GB,32GB,16 ns,48,£10.312,Black,0
Silicon Power XPOWER Storm RGB 32 GB,328.97,https://cdna.pcpartpicker.com/static/forever/images/product/533b885c5e05f0d6f28160d0d2b08e32.256p.jpg,DDR5-6000,DDR5,2 x 16GB,32GB,12 ns,36,£10.280,White,0
Corsair Dominator Titanium 64 GB,1233.99,https://cdna.pcpartpicker.com/static/forever/images/product/d031b41e8948f8b9499ec37c6b33bd91.256p.jpg,DDR5-6000,DDR5,2 x 32GB,64GB,10 ns,30,£19.281,White,4.5
TEAMGROUP T-Force Vulcan 32 GB,398.35,https://cdna.pcpartpicker.com/static/forever/images/product/8f763d8e5758e6d2ba8b66dae365bee7.256p.jpg,DDR5-6000,DDR5,2 x 16GB,32GB,12.667 ns,38,£12.448,Black,4
Crucial Pro 64 GB,662.58,https://cdna.pcpartpicker.com/static/forever/images/product/332fe880e8def29585f15f72927e21a2.256p.jpg,DDR5-6000,DDR5,2 x 32GB,64GB,13.333 ns,40,£10.353,Black,4.5
G.Skill Flare X5 128 GB,4267.39,,DDR5-6000,DDR5,2 x 64GB,128GB,10.667 ns,32,£33.339,Black,0
Kingston KCP426NS6/4 4 GB,62.61,https://cdna.pcpartpicker.com/static/forever/images/product/4d3423cc1bd397634b9121f6b21bd8d3.256p.jpg,DDR4-2666,DDR4,1 x 4GB,4GB,14.254 ns,19,£15.652,Green / Black,0
Klevv FIT V 32 GB,399.95,https://cdna.pcpartpicker.com/static/forever/images/product/34f044688a166ced1540be78aa908b8e.256p.jpg,DDR5-6000,DDR5,2 x 16GB,32GB,9.333 ns,28,£12.498,Black,5
Lexar THOR OC 32 GB,931.43,,DDR5-6000,DDR5,2 x 16GB,32GB,10.667 ns,32,£29.107,Black / Gold,4.5
Corsair Vengeance RGB 192 GB,2643.99,https://cdna.pcpartpicker.com/static/forever/images/product/fad60fde2b96ce5d811577195e0fe5d3.256p.jpg,DDR5-5200,DDR5,4 x 48GB,192GB,14.615 ns,38,£13.771,Black,0
G.Skill Trident Z5 Royal Neo RGB 32 GB,654.54,https://cdna.pcpartpicker.com/static/forever/images/product/297a1bced0fdc057482d491aed331bc2.256p.jpg,DDR5-6000,DDR5,2 x 16GB,32GB,9.333 ns,28,£20.454,Silver,4.5
G.Skill Ripjaws S5 32 GB,500.74,https://cdna.pcpartpicker.com/static/forever/images/product/24d251679c92dd15d250e400ea873727.256p.jpg,DDR5-6000,DDR5,2 x 16GB,32GB,12 ns,36,£15.648,Black,4.5
Kingston FURY Beast 64 GB,829.99,https://cdna.pcpartpicker.com/static/forever/images/product/ba87b0c925c292d22dca488e2296d258.256p.jpg,DDR5-6000,DDR5,2 x 32GB,64GB,10 ns,30,£12.969,Black,4.5
Corsair Vengeance 128 GB,1805.74,https://cdna.pcpartpicker.com/static/forever/images/product/430bd0c0e205970df01f262dcc3ed9fa.256p.jpg,DDR5-6400,DDR5,2 x 64GB,128GB,13.125 ns,42,£14.107,Black,4.5
PNY XLR8 16 GB,194.96,https://cdna.pcpartpicker.com/static/forever/images/product/adb3cb3122e098630f47233e085ba4ae.256p.jpg,DDR4-3600,DDR4,2 x 8GB,16GB,10 ns,18,£12.185,Black,0
G.Skill Ripjaws V 128 GB,3617.99,https://cdna.pcpartpicker.com/static/forever/images/product/89d9d50f4d6ef3b8c9ec4c4a659c24a8.256p.jpg,DDR4-3600,DDR4,4 x 32GB,128GB,10 ns,18,£28.266,Black,0
Patriot Viper Venom RGB 16 GB,224.25,,DDR5-5600,DDR5,1 x 16GB,16GB,12.857 ns,36,£14.016,Black / White,0
ADATA XPG LANCER RGB 16 GB,,https://cdna.pcpartpicker.com/static/forever/images/product/ca49b15a1b7365dbdd804d6f63ef50f1.256p.jpg,DDR5-6000,DDR5,1 x 16GB,16GB,10 ns,30,,Black,0
G.Skill Trident Z Royal 256 GB,,https://cdna.pcpartpicker.com/static/forever/images/product/17ca83a57ea83585c26e1338e05c4a9d.256p.jpg,DDR4-3600,DDR4,8 x 32GB,256GB,10 ns,18,,Silver,4
G.Skill F4-3200C16Q2-128GTZSK 128 GB,,https://cdna.pcpartpicker.com/static/forever/images/product/05df1788f646cbe25a22058d136bcc8b.256p.jpg,DDR4-3200,DDR4,8 x 16GB,128GB,10 ns,16,,Gray / Black,0
Crucial CT8G4DFS824A 8 GB,71.5,https://cdna.pcpartpicker.com/static/forever/images/product/a6e59e45a1d663e7daa43f2eb72c9b2b.256p.jpg,DDR4-2400,DDR4,1 x 8GB,8GB,14.167 ns,17,£8.938,Green,4.5
Corsair Vengeance 96 GB,1294.99,https://cdna.pcpartpicker.com/static/forever/images/product/c8c550b5d013b34d3aa138781624bd7b.256p.jpg,DDR5-5600,DDR5,4 x 24GB,96GB,14.286 ns,40,£13.489,Black / Silver,5
Kingston FURY 32 GB,419.26,https://cdna.pcpartpicker.com/static/forever/images/product/2ed5b9381e57e440ea8756d8f185827e.256p.jpg,DDR5-5600,DDR5,2 x 16GB,32GB,14.286 ns,40,£13.102,White,0
PNY Performance 32 GB,369.59,https://cdna.pcpartpicker.com/static/forever/images/product/54055701592153ca9603465917d604b9.256p.jpg,DDR5-5600,DDR5,2 x 16GB,32GB,16.429 ns,46,£11.550,Black,0
TEAMGROUP Vulcan Z 16 GB,175,https://cdna.pcpartpicker.com/static/forever/images/product/91c32e3300ee43e4f4c657d27e0d2a9b.256p.jpg,DDR4-3600,DDR4,2 x 8GB,16GB,10 ns,18,£10.938,Black,4.5
G.Skill Aegis 32 GB,236.99,https://cdna.pcpartpicker.com/static/forever/images/product/9e003e10740c0e04136649de59fa2ab5.256p.jpg,DDR4-3200,DDR4,2 x 16GB,32GB,10 ns,16,£7.406,Red / Black,4.5
Corsair Vengeance LPX 8 GB,82.99,https://cdna.pcpartpicker.com/static/forever/images/product/ef1c9d46308283f227a0ba51e4179ff1.256p.jpg,DDR4-2400,DDR4,1 x 8GB,8GB,13.333 ns,16,£10.374,Black / Yellow,4.5
TEAMGROUP T-Force Vulcan Z 32 GB,248.65,https://cdna.pcpartpicker.com/static/forever/images/product/5adb8089a7ff5f322bc5dea023e93d31.256p.jpg,DDR4-3200,DDR4,2 x 16GB,32GB,10 ns,16,£7.770,Gray,4.5
G.Skill Trident Z5 RGB 64 GB,899.99,https://cdna.pcpartpicker.com/static/forever/images/product/e5d0d71b07fa16cc1ac7eb3c676a7831.256p.jpg,DDR5-6400,DDR5,2 x 32GB,64GB,10 ns,32,£14.062,Black / Silver,4.5
TEAMGROUP T-Force Vulcan Eco 32 GB,409.07,https://cdna.pcpartpicker.com/static/forever/images/product/ab508346b2673409c7cd2d8b81c9f1df.256p.jpg,DDR5-6400,DDR5,2 x 16GB,32GB,11.875 ns,38,£12.783,Silver,0
Kingston HyperX Fury 16 GB,169.99,https://cdna.pcpartpicker.com/static/forever/images/product/253be8362d567f55b4ce7672e42a6cb2.256p.jpg,DDR4-3200,DDR4,2 x 8GB,16GB,10 ns,16,£10.624,Black / Silver,4.5
Silicon Power SP016GBLFU320X02 16 GB,133.69,,DDR4-3200,DDR4,1 x 16GB,16GB,13.75 ns,22,£8.356,,0
Silicon Power XPOWER Zenith Gaming 64 GB,738.97,,DDR5-6000,DDR5,2 x 32GB,64GB,10 ns,30,£11.546,Black,5
G.Skill Ripjaws S5 128 GB,3306.34,https://cdna.pcpartpicker.com/static/forever/images/product/107e3531397bca82e40c636bf5856e1c.256p.jpg,DDR5-6400,DDR5,2 x 64GB,128GB,11.25 ns,36,£25.831,Black,0
G.Skill Trident Z5 Neo 128 GB,3189.29,,DDR5-6000,DDR5,2 x 64GB,128GB,11.333 ns,34,£24.916,Black,0
Silicon Power XPOWER Pulse Gaming 64 GB,,https://cdna.pcpartpicker.com/static/forever/images/product/9c5f6b4a7b6600310e8a6e57c5ba15f9.256p.jpg,DDR5-6000,DDR5,2 x 32GB,64GB,10 ns,30,,Black / White,5
Crucial Pro Overclocking 16 GB,215.47,https://cdna.pcpartpicker.com/static/forever/images/product/f8f8823490aa90aba53773c6912d49d5.256p.jpg,DDR5-6000,DDR5,1 x 16GB,16GB,12 ns,36,£13.467,Black,0
G.Skill Trident Z5 Royal Neo 64 GB,2104.15,https://cdna.pcpartpicker.com/static/forever/images/product/0a81c3f7ad36c48aa8fcf1c0fb318b65.256p.jpg,DDR5-6000,DDR5,2 x 32GB,64GB,8.667 ns,26,£32.877,Silver,0
G.Skill Trident Z5 RGB 48 GB,964.39,https://cdna.pcpartpicker.com/static/forever/images/product/74ca8bc876958ab560190cae0f349c69.256p.jpg,DDR5-8400,DDR5,2 x 24GB,48GB,9.524 ns,40,£20.091,Black,4
G.Skill Trident Z5 Royal Neo RGB 96 GB,1758.46,https://cdna.pcpartpicker.com/static/forever/images/product/5304708a61ad50f018db5b8713a982fb.256p.jpg,DDR5-6000,DDR5,2 x 48GB,96GB,9.333 ns,28,£18.317,Silver,5
Silicon Power XPOWER Turbine 16 GB,124.99,https://cdna.pcpartpicker.com/static/forever/images/product/3480c4aef651ddb7b25bd3ac1cab1d31.256p.jpg,DDR4-3200,DDR4,2 x 8GB,16GB,10 ns,16,£7.812,Blue,4.5
Corsair Dominator Titanium 32 GB,558.84,https://cdna.pcpartpicker.com/static/forever/images/product/d031b41e8948f8b9499ec37c6b33bd91.256p.jpg,DDR5-6000,DDR5,2 x 16GB,32GB,10 ns,30,£17.464,White,4.5
ADATA XPG Lancer Blade 16 GB,179.99,https://cdna.pcpartpicker.com/static/forever/images/product/9f7b50aa9855f4e7b13310214aea83f5.256p.jpg,DDR5-6000,DDR5,1 x 16GB,16GB,16 ns,48,£11.249,Black,0
Crucial CT16G56C46U5 16 GB,206.66,https://cdna.pcpartpicker.com/static/forever/images/product/4dd4838a52e81eaa083a4603f673499a.256p.jpg,DDR5-5600,DDR5,1 x 16GB,16GB,16.429 ns,46,£12.916,Black,5
Kingston FURY Beast RGB 64 GB,839.99,https://cdna.pcpartpicker.com/static/forever/images/product/54ddbd8a23594ec6f8f120d748c9e559.256p.jpg,DDR5-6000,DDR5,2 x 32GB,64GB,10 ns,30,£13.125,Black,4.5
Lexar THOR 16 GB,150.31,,DDR4-3200,DDR4,2 x 8GB,16GB,10 ns,16,£9.394,Black,5
Silicon Power XPOWER Zenith RGB Gaming 64 GB,748.97,,DDR5-6000,DDR5,2 x 32GB,64GB,10 ns,30,£11.703,White,5
ADATA XPG LANCER RGB 32 GB,420.85,https://cdna.pcpartpicker.com/static/forever/images/product/fa1c163ebb57782d902e577098956cbc.256p.jpg,DDR5-6000,DDR5,2 x 16GB,32GB,10 ns,30,£13.152,Black,5
Timetec PINNACLE Konduit 16 GB,,https://cdna.pcpartpicker.com/static/forever/images/product/35e8ef017a78a1e078ac41ce6d804b56.256p.jpg,DDR4-3200,DDR4,2 x 8GB,16GB,10 ns,16,,White,4.5
Supermicro MEM-DR412L-SL02-LR26 128 GB,,,DDR4-2666,DDR4,1 x 128GB,128GB,16.504 ns,22,,Green / Black,0
Patriot Viper Elite 5 RGB 32 GB,416.27,https://cdna.pcpartpicker.com/static/forever/images/product/07e852f84747fa0157ba04f506cb22a7.256p.jpg,DDR5-5600,DDR5,1 x 32GB,32GB,13.571 ns,38,£13.008,White,5
G.Skill Aegis 8 GB,73.32,https://cdna.pcpartpicker.com/static/forever/images/product/0c5fcc123c2057de8a39584676b0e780.256p.jpg,DDR4-3200,DDR4,1 x 8GB,8GB,10 ns,16,£9.165,Red / Black,3.5
GOODRAM IRDM 32 GB,423.29,https://cdna.pcpartpicker.com/static/forever/images/product/7f820409638a1b59d7000ae99ee746af.256p.jpg,DDR5-6000,DDR5,2 x 16GB,32GB,10 ns,30,£13.228,Black,0
Klevv CRAS V RGB 32 GB,399.95,https://cdna.pcpartpicker.com/static/forever/images/product/402978d865d4caba78f29e7554f0f725.256p.jpg,DDR5-6000,DDR5,2 x 16GB,32GB,10 ns,30,£12.498,White,4
Patriot Viper Venom RGB 32 GB,379.99,https://cdna.pcpartpicker.com/static/forever/images/product/019861a658c73749dbf8130515d30ae1.256p.jpg,DDR5-6000,DDR5,2 x 16GB,32GB,12 ns,36,£11.875,Black / White,0
G.Skill Trident Z Neo 32 GB,264.1,https://cdna.pcpartpicker.com/static/forever/images/product/20348ef9eb7ca86600eefb50c6a56597.256p.jpg,DDR4-3600,DDR4,2 x 16GB,32GB,8.889 ns,16,£8.253,Black / Silver,4.5
Klevv BOLT V 32 GB,442.79,https://cdna.pcpartpicker.com/static/forever/images/product/1a1f01873377b133292960ef6b7c842d.256p.jpg,DDR5-6000,DDR5,2 x 16GB,32GB,10 ns,30,£13.837,White,0
V-Color TRA564G60D436O 512 GB,,https://cdna.pcpartpicker.com/static/forever/images/product/3fdf6b615de56a9f7dc76fb82b2ce5cc.256p.jpg,DDR5-6000,DDR5,8 x 64GB,512GB,12 ns,36,,Black,0
ADATA XPG SPECTRIX D35G RGB 16 GB,118.99,https://cdna.pcpartpicker.com/static/forever/images/product/7c5916f0d8cf1f5c899afd4a4660c24b.256p.jpg,DDR4-3200,DDR4,2 x 8GB,16GB,10 ns,16,£7.437,Black,0
G.Skill Trident Z5 Royal Neo RGB 64 GB,1415.66,https://cdna.pcpartpicker.com/static/forever/images/product/5b9e0d994655f13f9392b5c156af24f2.256p.jpg,DDR5-6000,DDR5,2 x 32GB,64GB,10 ns,30,£22.120,Silver,4.5
G.Skill Flare X5 256 GB,6292.92,,DDR5-6000,DDR5,4 x 64GB,256GB,12 ns,36,£24.582,Black,0
Crucial CP2K64G56C46U5 128 GB,1799.99,https://cdna.pcpartpicker.com/static/forever/images/product/b42146c88ed343fce3e6f94ba345b483.256p.jpg,DDR5-5600,DDR5,2 x 64GB,128GB,16.429 ns,46,£14.062,Black,5
OLOy MD4U083016BJDA 16 GB,,https://cdna.pcpartpicker.com/static/forever/images/product/ae076b653790230e95e014df9aadbdff.256p.jpg,DDR4-3000,DDR4,2 x 8GB,16GB,10.667 ns,16,,Black,4
Corsair Vengeance LPX 64 GB,598.89,https://cdna.pcpartpicker.com/static/forever/images/product/ef76582ad70db194abfb960a5e7d6add.256p.jpg,DDR4-3200,DDR4,2 x 32GB,64GB,10 ns,16,£9.358,Black / Yellow,4.5
Crucial CT8G4DFD8213 8 GB,59.95,https://cdna.pcpartpicker.com/static/forever/images/product/34f8bd1be5ca545584834c6c46903742.256p.jpg,DDR4-2133,DDR4,1 x 8GB,8GB,14.065 ns,15,£7.494,Black / Green,4.5
Silicon Power SP008GBLFU320X02 8 GB,71.45,,DDR4-3200,DDR4,1 x 8GB,8GB,13.75 ns,22,£8.931,,0
PNY Performance 16 GB,874.96,https://cdna.pcpartpicker.com/static/forever/images/product/12f9bd2996131e8704afe0c1fff7a6ed.256p.jpg,DDR5-4800,DDR5,1 x 16GB,16GB,16.667 ns,40,£54.685,Black,0
G.Skill Trident Z Neo 64 GB,1027.01,https://cdna.pcpartpicker.com/static/forever/images/product/201c8ce58b34c9237b7d70957ce3f43b.256p.jpg,DDR4-3200,DDR4,2 x 32GB,64GB,10 ns,16,£16.047,Black / Silver,5
Corsair Dominator Platinum RGB 32 GB,489.99,https://cdna.pcpartpicker.com/static/forever/images/product/be0568b56876b300beb156f35d30a8d2.256p.jpg,DDR5-5200,DDR5,2 x 16GB,32GB,15.385 ns,40,£15.312,Gray / Black,0
Kingston HyperX Fury 8 GB,100,https://cdna.pcpartpicker.com/static/forever/images/product/50b291c13adf4b61f176602f16a2ab18.256p.jpg,DDR4-2133,DDR4,1 x 8GB,8GB,13.127 ns,14,£12.500,Black / White,4.5
Silicon Power XPOWER Cyclone RGB 24 GB,,https://cdna.pcpartpicker.com/static/forever/images/product/5f21b26d22283b2b92ccaa0aa607867a.256p.jpg,DDR5-7200,DDR5,1 x 24GB,24GB,10 ns,36,,White,0
G.Skill Trident Z5 Neo RGB 96 GB,1869.66,https://cdna.pcpartpicker.com/static/forever/images/product/a6eb6ea38b334c6ef0d971ae77ed1322.256p.jpg,DDR5-6000,DDR5,2 x 48GB,96GB,8.667 ns,26,£19.476,Silver / Black,0
Corsair Vengeance RGB Pro SL 32 GB,293.14,https://cdna.pcpartpicker.com/static/forever/images/product/64079d85add71559122ffbd000911056.256p.jpg,DDR4-3600,DDR4,2 x 16GB,32GB,10 ns,18,£9.161,White / Black,4.5
Patriot Viper Steel 16 GB,119.99,https://cdna.pcpartpicker.com/static/forever/images/product/a6d150a1a9e9ad94874551eee42573e4.256p.jpg,DDR4-3200,DDR4,2 x 8GB,16GB,10 ns,16,£7.499,Silver / Black,4.5
G.Skill Trident Z5 CK RGB 48 GB,627.99,https://cdna.pcpartpicker.com/static/forever/images/product/8ae1b7df06c59c74dece4c47daea415f.256p.jpg,DDR5-8200,DDR5,2 x 24GB,48GB,9.756 ns,40,£13.083,Black,0
Timetec PINNACLE Konduit 32 GB,,https://cdna.pcpartpicker.com/static/forever/images/product/35e8ef017a78a1e078ac41ce6d804b56.256p.jpg,DDR4-3200,DDR4,2 x 16GB,32GB,10 ns,16,,White,5
Kingston FURY 128 GB,2320.79,https://cdna.pcpartpicker.com/static/forever/images/product/21e65f54b4b13b66758f32fe50ea37fc.256p.jpg,DDR5-5200,DDR5,4 x 32GB,128GB,15.385 ns,40,£18.131,White,0
Silicon Power XPOWER Gaming 16 GB,,,DDR4-3200,DDR4,2 x 8GB,16GB,10 ns,16,,Gray,0
TEAMGROUP T-Create Expert 48 GB,599.66,,DDR5-6400,DDR5,2 x 24GB,48GB,10 ns,32,£12.493,Black / Gold,5
G.Skill Trident Z5 Neo 64 GB,1161.99,https://cdna.pcpartpicker.com/static/forever/images/product/ddee8f048d2850b577c6e3c3f03a023b.256p.jpg,DDR5-6000,DDR5,2 x 32GB,64GB,10 ns,30,£18.156,Black / Silver,4.5
Crucial Pro Overclocking 64 GB,689.99,,DDR5-6400,DDR5,2 x 32GB,64GB,12.5 ns,40,£10.781,Black,4
Corsair Vengeance RGB 128 GB,2126.98,https://cdna.pcpartpicker.com/static/forever/images/product/ef3ced8a8c3b89a50ac43076f6ed0a0f.256p.jpg,DDR5-6400,DDR5,2 x 64GB,128GB,13.125 ns,42,£16.617,Black,0
Crucial CT8G4DFD824A 8 GB,,https://cdna.pcpartpicker.com/static/forever/images/product/e3b6ee659eca630db6ae1b1627974afd.256p.jpg,DDR4-2400,DDR4,1 x 8GB,8GB,14.167 ns,17,,Green,4.5
Silicon Power SP016GBLVU480F02 16 GB,,https://cdna.pcpartpicker.com/static/forever/images/product/bfa4f60b653cd6494c2cf2a0778f7efe.256p.jpg,DDR5-4800,DDR5,1 x 16GB,16GB,16.667 ns,40,,,0
PNY XLR8 32 GB,215.75,https://cdna.pcpartpicker.com/static/forever/images/product/adb3cb3122e098630f47233e085ba4ae.256p.jpg,DDR4-3600,DDR4,2 x 16GB,32GB,10 ns,18,£6.742,Black,5
Crucial Ballistix 16 GB,,https://cdna.pcpartpicker.com/static/forever/images/product/aa34b3c28154431c4b8ebd2f90a647e4.256p.jpg,DDR4-3200,DDR4,2 x 8GB,16GB,10 ns,16,,Black,4.5
ADATA Premier 16 GB,148.94,https://cdna.pcpartpicker.com/static/forever/images/product/de785c70194bf677c5fe0dc99d8af089.256p.jpg,DDR5-4800,DDR5,1 x 16GB,16GB,16.667 ns,40,£9.309,Black,5
G.Skill Ripjaws V 64 GB,558.34,https://cdna.pcpartpicker.com/static/forever/images/product/755c945a18581469be47ab09e16ec2ec.256p.jpg,DDR4-3200,DDR4,4 x 16GB,64GB,10 ns,16,£8.724,Black,4.5
Corsair Vengeance RGB Pro 64 GB,578.99,https://cdna.pcpartpicker.com/static/forever/images/product/5f09867b54e9ad932b4dd1bc767f6238.256p.jpg,DDR4-3200,DDR4,2 x 32GB,64GB,10 ns,16,£9.047,Black,4.5
Kingston FURY Beast RGB 8 GB,175.09,https://cdna.pcpartpicker.com/static/forever/images/product/a89902497003d206dc10492db178cc9a.256p.jpg,DDR5-5200,DDR5,1 x 8GB,8GB,15.385 ns,40,£21.886,Black,0
Silicon Power XPOWER Storm RGB 64 GB,,https://cdna.pcpartpicker.com/static/forever/images/product/d349323da1aaab67ae40497d58170ec5.256p.jpg,DDR5-6000,DDR5,2 x 32GB,64GB,12.667 ns,38,,Gold,0
Corsair Vengeance 192 GB,2491,https://cdna.pcpartpicker.com/static/forever/images/product/a1a07494c46dd71252fe1127c3523562.256p.jpg,DDR5-5200,DDR5,4 x 48GB,192GB,14.615 ns,38,£12.974,Black,0
TEAMGROUP T-Create Expert 96 GB,1386.53,,DDR5-6400,DDR5,2 x 48GB,96GB,10 ns,32,£14.443,White,0
GeIL Orion AMD Edition 32 GB,,https://cdna.pcpartpicker.com/static/forever/images/product/7065e81fdd6a03d7b40a67954a81aa29.256p.jpg,DDR4-3000,DDR4,2 x 16GB,32GB,10.667 ns,16,,Red,5
Samsung M378A1K43CB2-CRC 8 GB,,,DDR4-2400,DDR4,1 x 8GB,8GB,14.167 ns,17,,Green,4
TEAMGROUP T-Create Expert 128 GB,1834.46,https://cdna.pcpartpicker.com/static/forever/images/product/fb9c0cf802d04eb633a12532d587ffbf.256p.jpg,DDR5-6400,DDR5,2 x 64GB,128GB,13.125 ns,42,£14.332,Black / Gold,0
Silicon Power XPOWER Zenith RGB Gaming 16 GB,199.01,,DDR4-3200,DDR4,1 x 16GB,16GB,10 ns,16,£12.438,Black,0
Patriot Signature Line 8 GB,52.97,https://cdna.pcpartpicker.com/static/forever/images/product/5097466ef8f8af80d8df345617f4cf8d.256p.jpg,DDR4-2666,DDR4,1 x 8GB,8GB,14.254 ns,19,£6.621,Green,0
G.Skill Trident Z5 Royal 32 GB,728.09,https://cdna.pcpartpicker.com/static/forever/images/product/d237fd8c79c430d37535f385981272df.256p.jpg,DDR5-6400,DDR5,2 x 16GB,32GB,9.375 ns,30,£22.753,White,5
G.Skill Ripjaws M5 Neo RGB 32 GB,524.32,https://cdna.pcpartpicker.com/static/forever/images/product/156487501d9518113f7f8c5c8e7b0763.256p.jpg,DDR5-6000,DDR5,2 x 16GB,32GB,12 ns,36,£16.385,Black,5
G.Skill Trident Z5 RGB 96 GB,,https://cdna.pcpartpicker.com/static/forever/images/product/6724c8390b413ed1c0e9398b4ef8d105.256p.jpg,DDR5-6800,DDR5,2 x 48GB,96GB,10 ns,34,,Black,5
Crucial Classic 16 GB,329.58,https://cdna.pcpartpicker.com/static/forever/images/product/b28dc47f2e7061f2dba49b2b5bd6d335.256p.jpg,DDR5-5600,DDR5,2 x 8GB,16GB,16.429 ns,46,£20.599,Black,5
ADATA XPG SPECTRIX D35G RGB 32 GB,205.99,https://cdna.pcpartpicker.com/static/forever/images/product/17bc06c289aa8c022c26296b9858640a.256p.jpg,DDR4-3200,DDR4,2 x 16GB,32GB,10 ns,16,£6.437,Black,0
PNY XLR8 Gaming EPIC-X RGB 16 GB,119.21,https://cdna.pcpartpicker.com/static/forever/images/product/39a81e8c319d777c2755f624014739cd.256p.jpg,DDR4-3200,DDR4,2 x 8GB,16GB,10 ns,16,£7.451,Black,4.5
Crucial Classic 8 GB,171.23,https://cdna.pcpartpicker.com/static/forever/images/product/22ed3039e295b950abb4abf38d21569a.256p.jpg,DDR5-5600,DDR5,1 x 8GB,8GB,16.429 ns,46,£21.404,Black,3
Corsair Vengeance RGB 48 GB,643.99,https://cdna.pcpartpicker.com/static/forever/images/product/e7cfb968f02550f2122a8dcca4d0ff8e.256p.jpg,DDR5-6000,DDR5,2 x 24GB,48GB,12 ns,36,£13.416,Black / Silver,5
G.Skill Trident Z5 Neo 32 GB,563.42,https://cdna.pcpartpicker.com/static/forever/images/product/37bd3f985cbc5a2416495a81ef2b23c5.256p.jpg,DDR5-6000,DDR5,2 x 16GB,32GB,10 ns,30,£17.607,Black,4.5
TEAMGROUP T-Force Delta RGB 64 GB,951.31,https://cdna.pcpartpicker.com/static/forever/images/product/ef4ede6a5602aee565feee7d3c8fa555.256p.jpg,DDR5-6400,DDR5,2 x 32GB,64GB,9.375 ns,30,£14.864,Black,0
Corsair Vengeance RGB 96 GB,1563.99,https://cdna.pcpartpicker.com/static/forever/images/product/e5015c5e5cdd8dd950dfbae1c3a65d40.256p.jpg,DDR5-6000,DDR5,2 x 48GB,96GB,12 ns,36,£16.292,Gray,5
Samsung M378A2K43CB1-CTD 16 GB,,https://cdna.pcpartpicker.com/static/forever/images/product/10a79fe6bbed72fe720111345c5ecc63.256p.jpg,DDR4-2666,DDR4,1 x 16GB,16GB,14.254 ns,19,,Green / Black,0
Crucial CT2K8G4DFRA266 16 GB,,,DDR4-2666,DDR4,2 x 8GB,16GB,14.254 ns,19,,Green,4
G.Skill Trident Z5 Neo RGB 192 GB,,https://cdna.pcpartpicker.com/static/forever/images/product/8fad9b765355981d88240eb41f0dc71d.256p.jpg,DDR5-6000,DDR5,4 x 48GB,192GB,9.333 ns,28,,Black,0
G.Skill Flare X5 96 GB,1633.58,https://cdna.pcpartpicker.com/static/forever/images/product/258b306ff2cf981921b9f7658dafa47d.256p.jpg,DDR5-5200,DDR5,2 x 48GB,96GB,15.385 ns,40,£17.016,Black,4
Patriot Signature Line 32 GB,400.9,https://cdna.pcpartpicker.com/static/forever/images/product/429d6dde015122acd1fc53ffb268419c.256p.jpg,DDR5-4800,DDR5,2 x 16GB,32GB,16.667 ns,40,£12.528,Black,0
Silicon Power XPOWER Turbine RGB 16 GB,127.97,https://cdna.pcpartpicker.com/static/forever/images/product/4006eff86a0df7cca9e6ee1018321621.256p.jpg,DDR4-3200,DDR4,2 x 8GB,16GB,10 ns,16,£7.998,Silver / Black,4.5
ADATA XPG Lancer Blade RGB 32 GB,369.99,https://cdna.pcpartpicker.com/static/forever/images/product/21076fdda2f672b49f42a0ce9690da02.256p.jpg,DDR5-6000,DDR5,2 x 16GB,32GB,16 ns,48,£11.562,Black,2
Silicon Power SP016GBLFU240B22 16 GB,93.97,https://cdna.pcpartpicker.com/static/forever/images/product/b0c215ddc4aabd52cb820837384acaef.256p.jpg,DDR4-2400,DDR4,2 x 8GB,16GB,14.167 ns,17,£5.873,,0
G.Skill Trident Z RGB 64 GB,867.71,https://cdna.pcpartpicker.com/static/forever/images/product/147546d8860b3b4c28b12d9913a887c4.256p.jpg,DDR4-3200,DDR4,4 x 16GB,64GB,10 ns,16,£13.558,Black,5
G.Skill Ripjaws S5 64 GB,915.22,https://cdna.pcpartpicker.com/static/forever/images/product/5ab2f3645c54dc6a14d2efada8f011c8.256p.jpg,DDR5-6000,DDR5,2 x 32GB,64GB,12 ns,36,£14.300,Black,4.5
G.Skill Ripjaws V 8 GB,238.12,https://cdna.pcpartpicker.com/static/forever/images/product/eb501cf612ed27d421c2b472f92e669f.256p.jpg,DDR4-2666,DDR4,1 x 8GB,8GB,14.254 ns,19,£29.765,Red / Black,0
Kingston FURY Impact 32 GB,580.79,https://cdna.pcpartpicker.com/static/forever/images/product/41a6153b889ea579c8be079e91e90ac5.256p.jpg,DDR5-5600,DDR5,2 x 16GB,32GB,14.286 ns,40,£18.150,Black,0
Kingston HyperX Fury 32 GB,419.99,https://cdna.pcpartpicker.com/static/forever/images/product/965270ddabf51915723e2918132e4701.256p.jpg,DDR4-3200,DDR4,2 x 16GB,32GB,10 ns,16,£13.125,Black,4.5
PNY Performance 8 GB,100.43,https://cdna.pcpartpicker.com/static/forever/images/product/39d0f7a4f9d8bfc8d531d6457b8c9465.256p.jpg,DDR5-5600,DDR5,1 x 8GB,8GB,16.429 ns,46,£12.554,Black,0
Kingston FURY Beast 128 GB,1636.92,https://cdna.pcpartpicker.com/static/forever/images/product/315e07375f481e900ace3c889f1712ec.256p.jpg,DDR4-3200,DDR4,4 x 32GB,128GB,10 ns,16,£12.788,Black,5
Silicon Power XPOWER Turbine 32 GB,,https://cdna.pcpartpicker.com/static/forever/images/product/bd1c95d7f8eab185747c3248c520d608.256p.jpg,DDR4-3200,DDR4,2 x 16GB,32GB,10 ns,16,,Blue,0
Timetec PREMIUM 32 GB,165.42,,DDR4-2133,DDR4,2 x 16GB,32GB,14.065 ns,15,£5.169,Black,0
Patriot Viper Venom 64 GB,819.59,https://cdna.pcpartpicker.com/static/forever/images/product/f872f449bc8dd16bdc142f80e9df1d88.256p.jpg,DDR5-6400,DDR5,2 x 32GB,64GB,10 ns,32,£12.806,Black / White,5
Silicon Power XPOWER Cyclone RGB 32 GB,,https://cdna.pcpartpicker.com/static/forever/images/product/8614f08229d3996dee637c13c7e26f91.256p.jpg,DDR5-6000,DDR5,2 x 16GB,32GB,12 ns,36,,White,0
Patriot Viper Steel 32 GB,229.99,https://cdna.pcpartpicker.com/static/forever/images/product/38b25be6c47d7dcb7bc402ff41e1b37a.256p.jpg,DDR4-3600,DDR4,2 x 16GB,32GB,10 ns,18,£7.187,Silver / Black,3.5
Netac Shadow II 32 GB,,https://cdna.pcpartpicker.com/static/forever/images/product/bab9326ec0a1749a679c730135f36bb1.256p.jpg,DDR4-3200,DDR4,2 x 16GB,32GB,10 ns,16,,Black,5
Corsair Vengeance RGB Pro SL 16 GB,154.47,https://cdna.pcpartpicker.com/static/forever/images/product/73834bdaec7fa1b9bd7f96d2266dee4c.256p.jpg,DDR4-3200,DDR4,2 x 8GB,16GB,10 ns,16,£9.654,Black,4.5
Crucial CT4K32G4LFQ4213 128 GB,,,DDR4-2133,DDR4,4 x 32GB,128GB,14.065 ns,15,,Black / Green,0
TEAMGROUP T-Force Vulcanα 32 GB,379.99,https://cdna.pcpartpicker.com/static/forever/images/product/b8af5ffb1195ccee47bcc27375c4016f.256p.jpg,DDR5-6000,DDR5,2 x 16GB,32GB,12.667 ns,38,£11.875,Black / Silver,0
Kingston FURY Beast RGB 128 GB,1736.42,https://cdna.pcpartpicker.com/static/forever/images/product/2700676db20720e67df7738bcddcbf14.256p.jpg,DDR5-5200,DDR5,4 x 32GB,128GB,15.385 ns,40,£13.566,Black,5
ADATA XPG Lancer Blade 8 GB,99.95,https://cdna.pcpartpicker.com/static/forever/images/product/73fe9b93a203b9f3b1d7f997244b9297.256p.jpg,DDR5-5600,DDR5,1 x 8GB,8GB,16.429 ns,46,£12.494,Black,0
TEAMGROUP T-Create Expert 64 GB,559.4,https://cdna.pcpartpicker.com/static/forever/images/product/fdcf230af73480217e7244780e72c6e1.256p.jpg,DDR4-3200,DDR4,2 x 32GB,64GB,10 ns,16,£8.741,Gray,5
Patriot Viper Steel 8 GB,68.99,https://cdna.pcpartpicker.com/static/forever/images/product/f02f872bfbeae09eefa0a32c38abd360.256p.jpg,DDR4-3200,DDR4,1 x 8GB,8GB,10 ns,16,£8.624,Silver / Black,4.5
G.Skill Flare X5 192 GB,3334.58,https://cdna.pcpartpicker.com/static/forever/images/product/a5d69e581bfde52d5b129a717dea21b6.256p.jpg,DDR5-6000,DDR5,4 x 48GB,192GB,9.333 ns,28,£17.368,Black,0
SK Hynix HMA81GU6MFR8N-UH 8 GB,,,DDR4-2400,DDR4,1 x 8GB,8GB,14.167 ns,17,,Green / Black,3.5
G.Skill Trident Z5 Neo RGB 256 GB,6384.1,,DDR5-6000,DDR5,4 x 64GB,256GB,12 ns,36,£24.938,Black,0
Klevv BOLT X 16 GB,,https://cdna.pcpartpicker.com/static/forever/images/product/c242f1fa9979a24196b8bd732b1bb443.256p.jpg,DDR4-3600,DDR4,2 x 8GB,16GB,10 ns,18,,Black,5
Crucial CT2K32G48C40U5 64 GB,,https://cdna.pcpartpicker.com/static/forever/images/product/0df2f19a10b07336570a21e44a6f52f2.256p.jpg,DDR5-4800,DDR5,2 x 32GB,64GB,16.667 ns,40,,Black,5
Crucial CT64G56C46U5 64 GB,,https://cdna.pcpartpicker.com/static/forever/images/product/1f239736ebe1a780f5a440c64ceb540b.256p.jpg,DDR5-5600,DDR5,1 x 64GB,64GB,16.429 ns,46,,Black,0
Samsung M386A4G40DM0-CPB 32 GB,,https://cdna.pcpartpicker.com/static/forever/images/product/7340a584b9875535260f3a7e483d5ac4.256p.jpg,DDR4-2133,DDR4,1 x 32GB,32GB,14.065 ns,15,,Black / Green,0
Corsair Vengeance RGB RS 32 GB,308.99,https://cdna.pcpartpicker.com/static/forever/images/product/b6d111351e56f32cd776e4cf8ce17e39.256p.jpg,DDR4-3200,DDR4,2 x 16GB,32GB,10 ns,16,£9.656,Black / Gray,4.5
G.Skill Ripjaws 4 8 GB,,https://cdna.pcpartpicker.com/static/forever/images/product/e77e7b5b308cc0a97c126306d436d08e.256p.jpg,DDR4-2400,DDR4,1 x 8GB,8GB,12.5 ns,15,,Black,0
Crucial Pro 96 GB,949,https://cdna.pcpartpicker.com/static/forever/images/product/14c96d09ebd58a3287587ce2d73692dc.256p.jpg,DDR5-5600,DDR5,2 x 48GB,96GB,16.429 ns,46,£9.885,Black,0
Crucial CT2K16G48C40U5 32 GB,450.36,https://cdna.pcpartpicker.com/static/forever/images/product/da4cecff7e3ebe77a577561a19a2d1c7.256p.jpg,DDR5-4800,DDR5,2 x 16GB,32GB,16.667 ns,40,£14.074,Black,3
Kingston ValueRAM 4 GB,36.99,https://cdna.pcpartpicker.com/static/forever/images/product/0b55d305b251ab6c70bb68b2bb8ba692.256p.jpg,DDR4-3200,DDR4,1 x 4GB,4GB,13.75 ns,22,£9.248,Green,0
Lexar Ares RGB 32 GB,419.99,,DDR5-6400,DDR5,2 x 16GB,32GB,10 ns,32,£13.125,Black / Silver,4.5
OLOy MD4U083016BBSA 8 GB,52.81,https://cdna.pcpartpicker.com/static/forever/images/product/4f8071035f8a6a249b0d422f08426ec0.256p.jpg,DDR4-3000,DDR4,1 x 8GB,8GB,10.667 ns,16,£6.601,Black / Red,0
G.Skill Trident Z Neo 16 GB,160.23,https://cdna.pcpartpicker.com/static/forever/images/product/d62078e82b57dca6362b1485f39e1064.256p.jpg,DDR4-3600,DDR4,2 x 8GB,16GB,8.889 ns,16,£10.014,Black / Silver,4.5
Patriot Viper Elite II 16 GB,153.49,https://cdna.pcpartpicker.com/static/forever/images/product/2d2e900270a7ee108195438e806927eb.256p.jpg,DDR4-4000,DDR4,2 x 8GB,16GB,10 ns,20,£9.593,Red / Black,5
Klevv CRAS V RGB 64 GB,,https://cdna.pcpartpicker.com/static/forever/images/product/dbae3f388d603781a10b5e4c7ff017b5.256p.jpg,DDR5-6000,DDR5,2 x 32GB,64GB,10 ns,30,,Black,5
Silicon Power XPOWER Pulse Gaming 32 GB,318.97,https://cdna.pcpartpicker.com/static/forever/images/product/25413f2eb85446fc1fd15e9ec6720ea4.256p.jpg,DDR5-6000,DDR5,2 x 16GB,32GB,12 ns,36,£9.968,Black,0
Crucial Ballistix MAX 16 GB,,https://cdna.pcpartpicker.com/static/forever/images/product/78426bb44506f17137884725fca91f70.256p.jpg,DDR4-4000,DDR4,2 x 8GB,16GB,9 ns,18,,Black,5
Crucial CT16G4DFD8266 16 GB,114.57,https://cdna.pcpartpicker.com/static/forever/images/product/c82a6e2a4badf164eb735d3dacc469f4.256p.jpg,DDR4-2666,DDR4,1 x 16GB,16GB,14.254 ns,19,£7.161,Green / Black,4
PNY XLR8 Gaming RGB 32 GB,535.54,https://cdna.pcpartpicker.com/static/forever/images/product/b751bf6e39d337844fd363b895f21be8.256p.jpg,DDR5-6400,DDR5,2 x 16GB,32GB,11.25 ns,36,£16.736,Black,0
ADATA XPG Lancer Blade RGB 16 GB,309.24,https://cdna.pcpartpicker.com/static/forever/images/product/747eb7ce812c16fc86e237f7d46e1938.256p.jpg,DDR5-6000,DDR5,1 x 16GB,16GB,10 ns,30,£19.328,Black,0
OLOy MD4U083216BJDA 16 GB,,https://cdna.pcpartpicker.com/static/forever/images/product/ae076b653790230e95e014df9aadbdff.256p.jpg,DDR4-3200,DDR4,2 x 8GB,16GB,10 ns,16,,Black,5
Crucial CT2K4G4DFS8213 8 GB,,https://cdna.pcpartpicker.com/static/forever/images/product/e31c07055b35a6ee78b033026b5b6823.256p.jpg,DDR4-2133,DDR4,2 x 4GB,8GB,14.065 ns,15,,Black / Green,4.5
Crucial CT32G48C40U5 32 GB,369.99,https://cdna.pcpartpicker.com/static/forever/images/product/c34bf04fd3d7d24636774b31fa151e34.256p.jpg,DDR5-4800,DDR5,1 x 32GB,32GB,16.667 ns,40,£11.562,Black,3
TEAMGROUP Elite 32 GB,299.19,https://cdna.pcpartpicker.com/static/forever/images/product/9163c3fe22a733ec7fd492911c252989.256p.jpg,DDR4-2666,DDR4,2 x 16GB,32GB,14.254 ns,19,£9.350,Black,0
Corsair Dominator Platinum RGB 64 GB,725.47,https://cdna.pcpartpicker.com/static/forever/images/product/4c201639021aacf174e4a7cae917dab8.256p.jpg,DDR5-5200,DDR5,2 x 32GB,64GB,15.385 ns,40,£11.335,Black,4.5
Corsair Dominator Titanium 96 GB,,https://cdna.pcpartpicker.com/static/forever/images/product/08e684648a3a5521ca8495c9485fce38.256p.jpg,DDR5-6400,DDR5,2 x 48GB,96GB,10 ns,32,,White,0
Crucial CT16G4DFRA32A 16 GB,129.99,https://cdna.pcpartpicker.com/static/forever/images/product/a375bc3b1e4a88c4a69fce0f0308ba9c.256p.jpg,DDR4-3200,DDR4,1 x 16GB,16GB,13.75 ns,22,£8.124,Green,3
G.Skill Trident Z Royal 32 GB,304.11,https://cdna.pcpartpicker.com/static/forever/images/product/5f0811018cd80527d23610ce976a39ce.256p.jpg,DDR4-3200,DDR4,2 x 16GB,32GB,10 ns,16,£9.503,Silver,4.5
Corsair Vengeance LPX 256 GB,,https://cdna.pcpartpicker.com/static/forever/images/product/8ccbf3dbd4944b9686c9b459c21a5052.256p.jpg,DDR4-3600,DDR4,8 x 32GB,256GB,10 ns,18,,Black / Yellow,0
Silicon Power Value Gaming 64 GB,,https://cdna.pcpartpicker.com/static/forever/images/product/387b7e1e656a72c2316baad882ab47e1.256p.jpg,DDR5-6000,DDR5,2 x 32GB,64GB,12.667 ns,38,,Black,0
Acer Predator Pallas II 32 GB,,https://cdna.pcpartpicker.com/static/forever/images/product/2e3f55a41197656d88968e8e6f3979a8.256p.jpg,DDR5-6000,DDR5,2 x 16GB,32GB,10 ns,30,,Black,0
V-Color TRA564G56D436O 512 GB,,https://cdna.pcpartpicker.com/static/forever/images/product/1767f4eb30c89cd7076ead322e689ef4.256p.jpg,DDR5-5600,DDR5,8 x 64GB,512GB,12.857 ns,36,,Black,0
Crucial CT2K16G56C46U5 32 GB,432.36,https://cdna.pcpartpicker.com/static/forever/images/product/4a72adc7687eede0680fe569297c1ca5.256p.jpg,DDR5-5600,DDR5,2 x 16GB,32GB,16.429 ns,46,£13.511,Black,5
ADATA XPG GAMMIX D10 16 GB,,https://cdna.pcpartpicker.com/static/forever/images/product/13d7d8c2a09bc0bba734692a8ca6463f.256p.jpg,DDR4-3000,DDR4,2 x 8GB,16GB,10.667 ns,16,,Black / White,4.5
Kingston FURY 16 GB,,https://cdna.pcpartpicker.com/static/forever/images/product/2e119f2bf941f81a4287fdac476f19bb.256p.jpg,DDR5-5600,DDR5,1 x 16GB,16GB,14.286 ns,40,,White,0
PNY MN16GK2D43200-TB 16 GB,93.83,https://cdna.pcpartpicker.com/static/forever/images/product/837771a7a3da613d1df74880798ac439.256p.jpg,DDR4-3200,DDR4,2 x 8GB,16GB,13.75 ns,22,£5.864,Black,0
Kingston FURY 64 GB,910.99,https://cdna.pcpartpicker.com/static/forever/images/product/2ed5b9381e57e440ea8756d8f185827e.256p.jpg,DDR5-6000,DDR5,2 x 32GB,64GB,12 ns,36,£14.234,White,0
Mushkin Essentials 4 GB,96,,DDR4-2133,DDR4,1 x 4GB,4GB,14.065 ns,15,£24.000,Black / Green,0
Crucial CT4G4DFS824A 4 GB,,https://cdna.pcpartpicker.com/static/forever/images/product/1c1a330e97f77a0ca8c6209adc7804cd.256p.jpg,DDR4-2400,DDR4,1 x 4GB,4GB,14.167 ns,17,,Black / Green,5
Patriot Viper Elite 5 64 GB,1422.54,,DDR5-6400,DDR5,2 x 32GB,64GB,10 ns,32,£22.227,White,0
Crucial CT8G4DFRA266 8 GB,70.56,https://cdna.pcpartpicker.com/static/forever/images/product/a1c6e2401cb22c68fc70cfec2762d539.256p.jpg,DDR4-2666,DDR4,1 x 8GB,8GB,14.254 ns,19,£8.820,Green,0
Patriot Viper Steel 64 GB,449.99,https://cdna.pcpartpicker.com/static/forever/images/product/005d4fb952902ddbff2321bb2b48c252.256p.jpg,DDR4-3600,DDR4,2 x 32GB,64GB,10 ns,18,£7.031,Silver / Black,5
ADATA XPG SPECTRIX D50 16 GB,,https://cdna.pcpartpicker.com/static/forever/images/product/cf2342d4b65626a38d05349ec71c82df.256p.jpg,DDR4-3200,DDR4,2 x 8GB,16GB,10 ns,16,,White,5
SK Hynix HMAA2GU6CJR8N-XN 16 GB,,,DDR4-3200,DDR4,1 x 16GB,16GB,13.75 ns,22,,Green,0
Corsair SHUGO SAKURA NOA 32 GB,590.99,https://cdna.pcpartpicker.com/static/forever/images/product/5a507c82e8c8e618458132d7a644f53b.256p.jpg,DDR5-6000,DDR5,2 x 16GB,32GB,9.333 ns,28,£18.468,Black / White,0
TEAMGROUP T-Create Expert 16 GB,141.94,https://cdna.pcpartpicker.com/static/forever/images/product/ab82ba7617245224a22e77deb7a1639a.256p.jpg,DDR4-3200,DDR4,2 x 8GB,16GB,10 ns,16,£8.871,Gray,5
Silicon Power SP016GBSVU480F02 16 GB,355.92,https://cdna.pcpartpicker.com/static/forever/images/product/4681f4d035a4598819cbf15ecaad62ed.256p.jpg,DDR5-4800,DDR5,1 x 16GB,16GB,16.667 ns,40,£22.245,,0
Silicon Power SP016GBLFU266B22 16 GB,95.97,https://cdna.pcpartpicker.com/static/forever/images/product/06d8e634fbc62e99a9233029cd92ace5.256p.jpg,DDR4-2666,DDR4,2 x 8GB,16GB,14.254 ns,19,£5.998,,0
TEAMGROUP Elite 8 GB,64.44,https://cdna.pcpartpicker.com/static/forever/images/product/f56697c900675d7ba6435a64705f5104.256p.jpg,DDR4-3200,DDR4,1 x 8GB,8GB,13.75 ns,22,£8.055,Black,0
Crucial CT2K16G56C46S5 32 GB,284,https://cdna.pcpartpicker.com/static/forever/images/product/6e6667bb20a2dbda26b2ab8b54d952d3.256p.jpg,DDR5-5600,DDR5,2 x 16GB,32GB,16.429 ns,46,£8.875,Black,0
Patriot Venom 64 GB,799.99,,DDR5-6000,DDR5,2 x 32GB,64GB,10 ns,30,£12.500,Black,5
Crucial Ballistix 32 GB,359.76,https://cdna.pcpartpicker.com/static/forever/images/product/cc5fd9e250d96e8e1230c8e061c60af4.256p.jpg,DDR4-3600,DDR4,2 x 16GB,32GB,8.889 ns,16,£11.242,Black,5
Patriot Viper Elite 5 Ultra RGB 32 GB,471.66,https://cdna.pcpartpicker.com/static/forever/images/product/544b9408cd2ed3cd5de1023a628862ce.256p.jpg,DDR5-6000,DDR5,2 x 16GB,32GB,9.333 ns,28,£14.739,Black,0
Crucial Pro 48 GB,424.99,https://cdna.pcpartpicker.com/static/forever/images/product/c9b0e9a3ff8204f623c3afc276155976.256p.jpg,DDR5-6000,DDR5,2 x 24GB,48GB,16 ns,48,£8.854,Black,3
PNY XLR8 Gaming EPIC-X RGB 32 GB,216.3,https://cdna.pcpartpicker.com/static/forever/images/product/0ed8fa4e4185c0805af11654b603c6b2.256p.jpg,DDR4-3200,DDR4,2 x 16GB,32GB,10 ns,16,£6.759,Black,5
Kingston FURY Renegade 16 GB,,https://cdna.pcpartpicker.com/static/forever/images/product/0e42703e8d017a50222a261bbda64d4a.256p.jpg,DDR4-5333,DDR4,2 x 8GB,16GB,7.5 ns,20,,Black,0
Crucial CT8G4DFRA32A 8 GB,78,https://cdna.pcpartpicker.com/static/forever/images/product/aa71e57e82ee77bb854f18fbc21ea6d0.256p.jpg,DDR4-3200,DDR4,1 x 8GB,8GB,13.75 ns,22,£9.750,Green,4
Crucial CT2K32G4DFD8266 64 GB,,https://cdna.pcpartpicker.com/static/forever/images/product/6a235d1f10b48232b0c12251e28a2dc6.256p.jpg,DDR4-2666,DDR4,2 x 32GB,64GB,14.254 ns,19,,Green,0
GeIL Dragon RAM 16 GB,,,DDR4-3200,DDR4,2 x 8GB,16GB,9.375 ns,15,,White / Gold,5
TEAMGROUP Xtreem ARGB 48 GB,659.99,https://cdna.pcpartpicker.com/static/forever/images/product/45ce6f5e11a2b6f2a417f9800b2b55da.256p.jpg,DDR5-8000,DDR5,2 x 24GB,48GB,9.5 ns,38,£13.750,Black,5
ADATA AD5U480016G-DT 32 GB,,https://cdna.pcpartpicker.com/static/forever/images/product/001878e9acc6e80150b88e4f1d10c674.256p.jpg,DDR5-4800,DDR5,2 x 16GB,32GB,16.667 ns,40,,Black,5
Samsung Green 8 GB,,https://cdna.pcpartpicker.com/static/forever/images/product/f89c209d8d03bcb36ea731c81c0d83d7.256p.jpg,DDR4-2133,DDR4,1 x 8GB,8GB,14.065 ns,15,,Green / Black,0
Patriot Viper Xtreme 5 32 GB,629.99,https://cdna.pcpartpicker.com/static/forever/images/product/06fef49ccc46b4eb72f2c9fb1f6d50d7.256p.jpg,DDR5-8200,DDR5,2 x 16GB,32GB,9.268 ns,38,£19.687,Black,5
Patriot Viper Elite 5 RGB 64 GB,,https://cdna.pcpartpicker.com/static/forever/images/product/07d3b527c981286e7f0f3df9a7f4b8cc.256p.jpg,DDR5-6200,DDR5,2 x 32GB,64GB,13.548 ns,42,,White,0
Corsair Vengeance RGB RS 16 GB,172.99,https://cdna.pcpartpicker.com/static/forever/images/product/b6d111351e56f32cd776e4cf8ce17e39.256p.jpg,DDR4-3200,DDR4,2 x 8GB,16GB,10 ns,16,£10.812,Black / Gray,4.5
Acer Predator Vesta II RGB 32 GB,359.54,,DDR5-6000,DDR5,2 x 16GB,32GB,12 ns,36,£11.236,Silver,0
Kingston FURY Renegade 32 GB,448.94,https://cdna.pcpartpicker.com/static/forever/images/product/c0c275463261956ce864a9d7ff1415bc.256p.jpg,DDR5-6400,DDR5,2 x 16GB,32GB,10 ns,32,£14.029,Silver / Black,5
Kingston KCP426NS8/8 8 GB,163.4,https://cdna.pcpartpicker.com/static/forever/images/product/09fe6395c95097722a468e89af442aba.256p.jpg,DDR4-2666,DDR4,1 x 8GB,8GB,14.254 ns,19,£20.425,Green / Black,0
Kingston Kingston Fury Red 16GB (2x8GB) DDR4 PC4-21300C16 2666MHz Dual Channel Kit (HX426C16FR2K2/16) 16 GB,,,DDR4-2666,DDR4,2 x 8GB,16GB,12.003 ns,16,,Red,4.5
Corsair SHUGO ONYX BLADE 32 GB,590.99,https://cdna.pcpartpicker.com/static/forever/images/product/fc4955ba24366af8365eb8ac57a43530.256p.jpg,DDR5-6000,DDR5,2 x 16GB,32GB,9.333 ns,28,£18.468,White / Black,0
Lexar Ares RGB 2nd Gen 32 GB,536.85,,DDR5-6000,DDR5,2 x 16GB,32GB,9.333 ns,28,£16.777,Black,4.5
Crucial CT2K32G4DFD832A 64 GB,618.57,https://cdna.pcpartpicker.com/static/forever/images/product/79e3acae3566bc81e6ebd11a9835e95c.256p.jpg,DDR4-3200,DDR4,2 x 32GB,64GB,13.75 ns,22,£9.665,Green / Black,5
Silicon Power SP032GBSVU560F22 32 GB,,https://cdna.pcpartpicker.com/static/forever/images/product/ef428acd3d626c3e4330f4fd13f8f4d2.256p.jpg,DDR5-5600,DDR5,2 x 16GB,32GB,16.429 ns,46,,Black,0
Silicon Power SP008GBLFU240B02 8 GB,48.97,https://cdna.pcpartpicker.com/static/forever/images/product/03e1e4bfea3237e3ac40baf5faf59e8c.256p.jpg,DDR4-2400,DDR4,1 x 8GB,8GB,14.167 ns,17,£6.121,,0
Corsair Vengeance RGB Pro 8 GB,87.99,https://cdna.pcpartpicker.com/static/forever/images/product/9355a8c02dcf3dbd1d6a70e33ca81d82.256p.jpg,DDR4-3200,DDR4,1 x 8GB,8GB,10 ns,16,£10.999,Black,0
TEAMGROUP T-Force Vulcan Z 8 GB,114.5,https://cdna.pcpartpicker.com/static/forever/images/product/2c6fbe996ce4d5def8b218224d8e3337.256p.jpg,DDR4-3600,DDR4,1 x 8GB,8GB,10 ns,18,£14.312,Gray,0
KingBank SharpBlade 32 GB,,,DDR5-6000,DDR5,2 x 16GB,32GB,12 ns,36,,Black,5
G.Skill Aegis 5 32 GB,447.45,https://cdna.pcpartpicker.com/static/forever/images/product/f33102dcb4d1861f27ab7582df77ee9e.256p.jpg,DDR5-6000,DDR5,1 x 32GB,32GB,12 ns,36,£13.983,Black / Red,0
G.Skill Trident Z5 Neo RGB 48 GB,699,https://cdna.pcpartpicker.com/static/forever/images/product/8f9fe76c192a14c8ed132692682128b5.256p.jpg,DDR5-8000,DDR5,2 x 24GB,48GB,10 ns,40,£14.562,Black,0
PNY XLR8 Gaming Low Profile 32 GB,202.97,https://cdna.pcpartpicker.com/static/forever/images/product/14d57418d5fe0eb16e45515b2fea4183.256p.jpg,DDR4-3200,DDR4,2 x 16GB,32GB,10 ns,16,£6.343,Black / Red,0
G.Skill Trident Z5 Royal Neo 32 GB,1108.79,https://cdna.pcpartpicker.com/static/forever/images/product/4819bcc4745b1f932a24cabde860a2e6.256p.jpg,DDR5-6000,DDR5,2 x 16GB,32GB,8.667 ns,26,£34.650,Silver,0
Kingston ValueRAM 8 GB,70.85,https://cdna.pcpartpicker.com/static/forever/images/product/c58439df47a52aa213bb8ae295ce399f.256p.jpg,DDR4-2666,DDR4,1 x 8GB,8GB,14.254 ns,19,£8.856,Green / Black,5
ADATA XPG Z1 16 GB,,https://cdna.pcpartpicker.com/static/forever/images/product/dda0529c37803fb718accf3fdb382744.256p.jpg,DDR4-2400,DDR4,2 x 8GB,16GB,13.333 ns,16,,Red / Black,4.5
Silicon Power SP032GBLVU480F22 32 GB,339.99,,DDR5-4800,DDR5,2 x 16GB,32GB,16.667 ns,40,£10.625,,0
Crucial CT2K8G4DFRA32A 16 GB,174.5,https://cdna.pcpartpicker.com/static/forever/images/product/06c2821b511af7881d5766ee7c640e5f.256p.jpg,DDR4-3200,DDR4,2 x 8GB,16GB,13.75 ns,22,£10.906,Green,5
Silicon Power SP032GBLFU320X02 32 GB,197.97,https://cdna.pcpartpicker.com/static/forever/images/product/3477aabee0dd2c84aeccad0497c24f87.256p.jpg,DDR4-3200,DDR4,1 x 32GB,32GB,13.75 ns,22,£6.187,,0
G.Skill Trident Z5 Royal 64 GB,1999.99,https://cdna.pcpartpicker.com/static/forever/images/product/2e8053403b5f82737dabe64d9e3a64a8.256p.jpg,DDR5-6400,DDR5,2 x 32GB,64GB,10 ns,32,£31.250,Silver,4.5
TEAMGROUP TPRD416G3200HC2201 16 GB,,,DDR4-3200,DDR4,1 x 16GB,16GB,13.75 ns,22,,Red / Black,0
Crucial CT2K8G4DFD824A 16 GB,,https://cdna.pcpartpicker.com/static/forever/images/product/a9143f50d3ab75abb484c34a03944391.256p.jpg,DDR4-2400,DDR4,2 x 8GB,16GB,14.167 ns,17,,Green,3.5
Biwin Black Opal DW100 RGB 32 GB,389.99,,DDR5-6000,DDR5,2 x 16GB,32GB,10 ns,30,£12.187,Black,4.5
Crucial CT32G56C46U5 32 GB,378.9,https://cdna.pcpartpicker.com/static/forever/images/product/4dd4838a52e81eaa083a4603f673499a.256p.jpg,DDR5-5600,DDR5,1 x 32GB,32GB,16.429 ns,46,£11.841,Black,0
G.Skill Aegis 5 16 GB,473.99,https://cdna.pcpartpicker.com/static/forever/images/product/f33102dcb4d1861f27ab7582df77ee9e.256p.jpg,DDR5-5600,DDR5,1 x 16GB,16GB,12.857 ns,36,£29.624,Black / Red,0
Silicon Power SP032GBLVU560F02 32 GB,,https://cdna.pcpartpicker.com/static/forever/images/product/00152c2bacf7038a71b3074a7207c327.256p.jpg,DDR5-5600,DDR5,1 x 32GB,32GB,16.429 ns,46,,Black,0
Kingston KVR21R15D4K4/64 64 GB,780.11,https://cdna.pcpartpicker.com/static/forever/images/product/fac0715f6ed3f6a48dc1137d8b9c6605.256p.jpg,DDR4-2133,DDR4,4 x 16GB,64GB,14.065 ns,15,£12.189,Black / Green,0
Crucial CT2K64G56C46S5 128 GB,1999,https://cdna.pcpartpicker.com/static/forever/images/product/0dd8e893a356cf0c27b5dede56e899a4.256p.jpg,DDR5-5600,DDR5,2 x 64GB,128GB,16.429 ns,46,£15.617,Black,5
G.Skill Ripjaws M5 RGB 32 GB,514.67,https://cdna.pcpartpicker.com/static/forever/images/product/2c135b0e099933dfd5d3f1754b701b88.256p.jpg,DDR5-6000,DDR5,2 x 16GB,32GB,12 ns,36,£16.083,White,0
Kingston FURY Renegade 48 GB,,https://cdna.pcpartpicker.com/static/forever/images/product/e21de3baba1e5761fea2aedce91e2268.256p.jpg,DDR5-6400,DDR5,1 x 48GB,48GB,10 ns,32,,Silver / Black,0
Kingston KTH-PL421/16G 16 GB,112.49,https://cdna.pcpartpicker.com/static/forever/images/product/a1c27238a23e5ee920d9575cc9756a4b.256p.jpg,DDR4-2133,DDR4,1 x 16GB,16GB,14.065 ns,15,£7.031,Green,0
TEAMGROUP T-Create Classic 32 GB,415.55,https://cdna.pcpartpicker.com/static/forever/images/product/b3d17b2350df02bb788ba0190c89f135.256p.jpg,DDR5-6000,DDR5,2 x 16GB,32GB,16 ns,48,£12.986,Black,4.5
Crucial Ballistix 8 GB,79,,DDR4-3200,DDR4,1 x 8GB,8GB,10 ns,16,£9.875,Black,0
Lexar THOR 32 GB,,https://cdna.pcpartpicker.com/static/forever/images/product/6097ec08ab412d91c9dc8529283dbb7c.256p.jpg,DDR4-3600,DDR4,2 x 16GB,32GB,10 ns,18,,White,5
G.Skill Trident Z Neo 128 GB,3690.99,https://cdna.pcpartpicker.com/static/forever/images/product/9b3bd59f758c038ca11c2e53a6742c76.256p.jpg,DDR4-3600,DDR4,4 x 32GB,128GB,10 ns,18,£28.836,Silver / Black,0
G.Skill Trident Z5 CK 48 GB,1090.44,https://cdna.pcpartpicker.com/static/forever/images/product/5a1d6961a7a24cec083d6646aefeea55.256p.jpg,DDR5-8200,DDR5,2 x 24GB,48GB,9.756 ns,40,£22.718,Black,5
ADATA XPG GAMMIX D30 16 GB,,https://cdna.pcpartpicker.com/static/forever/images/product/83ca9a1f578b82760f25889fae9dba1f.256p.jpg,DDR4-3200,DDR4,2 x 8GB,16GB,10 ns,16,,Silver / Black,4.5
Netac Shadow II 16 GB,,https://cdna.pcpartpicker.com/static/forever/images/product/bab9326ec0a1749a679c730135f36bb1.256p.jpg,DDR4-3600,DDR4,2 x 8GB,16GB,10 ns,18,,Black,0
Crucial Ballistix Sport LT 16 GB,,https://cdna.pcpartpicker.com/static/forever/images/product/8ca8bf9040a74f567b633b5b538d641c.256p.jpg,DDR4-3200,DDR4,2 x 8GB,16GB,10 ns,16,,Silver / Black,4.5
ADATA XPG SPECTRIX D60G 16 GB,,https://cdna.pcpartpicker.com/static/forever/images/product/a881e3433b353661a219670b7aa8fc1d.256p.jpg,DDR4-3200,DDR4,2 x 8GB,16GB,10 ns,16,,,4.5
Corsair Dominator Titanium RGB 96 GB,,https://cdna.pcpartpicker.com/static/forever/images/product/10c582ed536d6c9003d52dfe90c1e093.256p.jpg,DDR5-6000,DDR5,2 x 48GB,96GB,10 ns,30,,Black,5
SK Hynix HMA451U6AFR8N-TF 4 GB,59.53,,DDR4-2133,DDR4,1 x 4GB,4GB,14.065 ns,15,£14.883,,4.5
Kingston Fury Renegade RGB 96 GB,1545.59,https://cdna.pcpartpicker.com/static/forever/images/product/d743b8e92fe3ed561e13f52d6dbcfd60.256p.jpg,DDR5-6000,DDR5,2 x 48GB,96GB,10.667 ns,32,£16.100,Silver / Black,0
G.Skill F4-3200C16Q-64GTZKW 64 GB,1490.25,,DDR4-3200,DDR4,4 x 16GB,64GB,10 ns,16,£23.285,Black / White,0
Silicon Power SP016GBSVU560F02 16 GB,,https://cdna.pcpartpicker.com/static/forever/images/product/436bf8f576c783d1e5325ef20ad11bcb.256p.jpg,DDR5-5600,DDR5,1 x 16GB,16GB,16.429 ns,46,,Black,0
Crucial CT2K16G48C40S5 32 GB,365.35,https://cdna.pcpartpicker.com/static/forever/images/product/37e6eb23a557060f0bb4a6f6693e4bb2.256p.jpg,DDR5-4800,DDR5,2 x 16GB,32GB,16.667 ns,40,£11.417,Black,0
Acer Predator Pallas II 64 GB,,,DDR5-6000,DDR5,2 x 32GB,64GB,10 ns,30,,Black,0
Kingston FURY Renegade 96 GB,,https://cdna.pcpartpicker.com/static/forever/images/product/3dd2d8b461927db8cd361dded90ad380.256p.jpg,DDR5-6400,DDR5,2 x 48GB,96GB,10 ns,32,,Silver / Black,0
Kingston HyperX Fury RGB 16 GB,,https://cdna.pcpartpicker.com/static/forever/images/product/686cd5fcd34d5cdd9ca71aa75a3a2466.256p.jpg,DDR4-3200,DDR4,2 x 8GB,16GB,10 ns,16,,Black,4
Crucial CT16G56C46S5 16 GB,198.92,https://cdna.pcpartpicker.com/static/forever/images/product/bf52463478e6699bc3c9f8732fc67bed.256p.jpg,DDR5-5600,DDR5,1 x 16GB,16GB,16.429 ns,46,£12.432,Black,0
Klevv FIT V 16 GB,185.99,https://cdna.pcpartpicker.com/static/forever/images/product/4dd45991d89da69c62dc911d9680e4d5.256p.jpg,DDR5-5600,DDR5,1 x 16GB,16GB,10.714 ns,30,£11.624,Black,0
Patriot Viper Elite 5 Ultra 96 GB,,https://cdna.pcpartpicker.com/static/forever/images/product/dc187e7ecc67803909a4cc3ad50ee8f1.256p.jpg,DDR5-6000,DDR5,2 x 48GB,96GB,9.333 ns,28,,Black,0
TEAMGROUP Elite Plus 16 GB,277.67,https://cdna.pcpartpicker.com/static/forever/images/product/1975ee39a910007e91e5c0eea8c49897.256p.jpg,DDR5-4800,DDR5,2 x 8GB,16GB,16.667 ns,40,£17.354,Black,4.5
Crucial MTA18ASF4G72AZ-3G2B1 32 GB,,https://cdna.pcpartpicker.com/static/forever/images/product/de3c2c90a77dd86d0e11899f355bfbcd.256p.jpg,DDR4-3200,DDR4,1 x 32GB,32GB,13.75 ns,22,,Green,0
TEAMGROUP T-Create Classic 16 GB,137.86,https://cdna.pcpartpicker.com/static/forever/images/product/c55feafbcea07e706822193c6d344a84.256p.jpg,DDR4-3200,DDR4,2 x 8GB,16GB,13.75 ns,22,£8.616,Silver,4
KingBank SharpBlade RGB 32 GB,,,DDR5-6400,DDR5,2 x 16GB,32GB,10 ns,32,,White,5
Klevv BOLT X 32 GB,301.08,https://cdna.pcpartpicker.com/static/forever/images/product/c242f1fa9979a24196b8bd732b1bb443.256p.jpg,DDR4-3600,DDR4,2 x 16GB,32GB,10 ns,18,£9.409,Black,4
Kingston ValueRAM 16 GB,222.2,https://cdna.pcpartpicker.com/static/forever/images/product/92dd1d46c9f0114b709923d5583ddae1.256p.jpg,DDR5-5600,DDR5,1 x 16GB,16GB,16.429 ns,46,£13.887,Green,0
Kingston FURY Renegade Pro 256 GB,,https://cdna.pcpartpicker.com/static/forever/images/product/ccacc141f4d0dd2f7d4b2fadc2073337.256p.jpg,DDR5-6000,DDR5,8 x 32GB,256GB,10.667 ns,32,,Black,0
Patriot Signature Premium 16 GB,,https://cdna.pcpartpicker.com/static/forever/images/product/bbf6ed75c2628af4eb9eda9a43343b36.256p.jpg,DDR4-2666,DDR4,2 x 8GB,16GB,14.254 ns,19,,Black,4
Silicon Power SP016GBLVU560F02 16 GB,,https://cdna.pcpartpicker.com/static/forever/images/product/326bbb28746c36257ff3e78ba6e39034.256p.jpg,DDR5-5600,DDR5,1 x 16GB,16GB,16.429 ns,46,,Black,0
ADATA XPG GAMMIX D20 16 GB,,,DDR4-3200,DDR4,2 x 8GB,16GB,10 ns,16,,Black / Silver,5
Patriot Viper Steel RGB 64 GB,,https://cdna.pcpartpicker.com/static/forever/images/product/59d55c485410a5abc865aae2d9af8b34.256p.jpg,DDR4-3600,DDR4,2 x 32GB,64GB,11.111 ns,20,,Black,0
Silicon Power SP032GBSVU480F02 32 GB,,https://cdna.pcpartpicker.com/static/forever/images/product/9ef4b56bd19a0381d771a96d3202d6b9.256p.jpg,DDR5-4800,DDR5,1 x 32GB,32GB,16.667 ns,40,,,0
Crucial CT4G4DFS8266 4 GB,30,https://cdna.pcpartpicker.com/static/forever/images/product/554ccd4d0bdf82252ee2f7fe6325b621.256p.jpg,DDR4-2666,DDR4,1 x 4GB,4GB,14.254 ns,19,£7.500,Green / Black,0
Kingston Fury Renegade RGB 64 GB,899.99,https://cdna.pcpartpicker.com/static/forever/images/product/02d00f64cffdeb29a9674be6209c7165.256p.jpg,DDR5-6400,DDR5,2 x 32GB,64GB,10 ns,32,£14.062,Silver / White,0
OLOy MD4U1636181CHKDA 32 GB,,https://cdna.pcpartpicker.com/static/forever/images/product/ae076b653790230e95e014df9aadbdff.256p.jpg,DDR4-3600,DDR4,2 x 16GB,32GB,10 ns,18,,Black,4.5
TEAMGROUP Xtreem 32 GB,469.99,https://cdna.pcpartpicker.com/static/forever/images/product/f852da65d8a0a4b09fbbb6d5bf49e71b.256p.jpg,DDR5-8000,DDR5,2 x 16GB,32GB,9.5 ns,38,£14.687,Black,0
Gigabyte AORUS RGB 32 GB,,https://cdna.pcpartpicker.com/static/forever/images/product/e28fcdee79fc1b4371e8efd319a2af27.256p.jpg,DDR5-6000,DDR5,2 x 16GB,32GB,13.333 ns,40,,Black,0
Kingston Fury Renegade RGB 32 GB,499.99,https://cdna.pcpartpicker.com/static/forever/images/product/949f79685c55aa6bd301df601a696ba6.256p.jpg,DDR5-6400,DDR5,2 x 16GB,32GB,10 ns,32,£15.625,Silver / Black,5
Kingston Server Premier 32 GB,884.39,https://cdna.pcpartpicker.com/static/forever/images/product/060e159c8516e27d4101d2093a1ebb08.256p.jpg,DDR5-5600,DDR5,1 x 32GB,32GB,16.429 ns,46,£27.637,Green / Black,0
Crucial CT2K32G48C40S5 64 GB,616.04,https://cdna.pcpartpicker.com/static/forever/images/product/37e6eb23a557060f0bb4a6f6693e4bb2.256p.jpg,DDR5-4800,DDR5,2 x 32GB,64GB,16.667 ns,40,£9.626,Black,0
G.Skill Flare X 16 GB,137.32,https://cdna.pcpartpicker.com/static/forever/images/product/7ce80ece7d6d14e6113e569324cc87fa.256p.jpg,DDR4-3200,DDR4,2 x 8GB,16GB,10 ns,16,£8.582,Black,4.5
ADATA XPG SPECTRIX D50 32 GB,,https://cdna.pcpartpicker.com/static/forever/images/product/2d9452e00eb1de3992c4e965eb803cdf.256p.jpg,DDR4-3600,DDR4,2 x 16GB,32GB,10 ns,18,,Black,5
ADATA XPG Lancer Blade RGB 64 GB,749.99,https://cdna.pcpartpicker.com/static/forever/images/product/20deb16c6b5d8d08eefe233a6bcf2d64.256p.jpg,DDR5-6000,DDR5,2 x 32GB,64GB,10 ns,30,£11.719,Black,0
G.Skill Trident Z RGB 8 GB,,https://cdna.pcpartpicker.com/static/forever/images/product/0a79c3051885386230fdf03f02ba8255.256p.jpg,DDR4-3000,DDR4,1 x 8GB,8GB,10.667 ns,16,,,0
Corsair Vengeance RGB Pro 128 GB,,https://cdna.pcpartpicker.com/static/forever/images/product/c78f0bc33f5db43049d1c12e93b34f7e.256p.jpg,DDR4-3200,DDR4,4 x 32GB,128GB,10 ns,16,,Black,4.5
Silicon Power XPOWER Cyclone RGB 48 GB,,https://cdna.pcpartpicker.com/static/forever/images/product/ad433f6eac954f70722fe20c1ff15e7b.256p.jpg,DDR5-8000,DDR5,2 x 24GB,48GB,10 ns,40,,White,0
Patriot Viper Elite 5 Ultra 32 GB,419.99,https://cdna.pcpartpicker.com/static/forever/images/product/415c490141a02b9846f35d83498d350e.256p.jpg,DDR5-6000,DDR5,2 x 16GB,32GB,9.333 ns,28,£13.125,Black,4
G.Skill Ripjaws M5 Neo RGB 64 GB,2099.99,https://cdna.pcpartpicker.com/static/forever/images/product/ff6cb58f131ad35fa820b04adb69ab39.256p.jpg,DDR5-6000,DDR5,2 x 32GB,64GB,9.333 ns,28,£32.812,White,0
G.Skill Trident Z Royal 16 GB,288.77,https://cdna.pcpartpicker.com/static/forever/images/product/aa5a38b71ff4f99012194b9d69bc4ea8.256p.jpg,DDR4-4000,DDR4,2 x 8GB,16GB,7.5 ns,15,£18.048,Silver,0
Mushkin Redline 64 GB,1638,,DDR5-4800,DDR5,2 x 32GB,64GB,16.667 ns,40,£25.594,Black,0
Crucial CT2K8G4DFS8213 16 GB,150.61,,DDR4-2133,DDR4,2 x 8GB,16GB,14.065 ns,15,£9.413,Black / Green,4.5
PNY Anarchy 4 GB,,,DDR4-2133,DDR4,1 x 4GB,4GB,14.065 ns,15,,Black / Red,0
ADATA AD4U266638G19-S 8 GB,,https://cdna.pcpartpicker.com/static/forever/images/product/d0284aebe543b46679e30aadd523b1c6.256p.jpg,DDR4-2666,DDR4,1 x 8GB,8GB,14.254 ns,19,,Green / Black,4
G.Skill Ripjaws S5 96 GB,1867.96,https://cdna.pcpartpicker.com/static/forever/images/product/2b5c4e0ed1205ff642c540eff74a942a.256p.jpg,DDR5-6400,DDR5,2 x 48GB,96GB,10 ns,32,£19.458,Black,5
OLOy MD4U162619BBSA 16 GB,,https://cdna.pcpartpicker.com/static/forever/images/product/ad4366a1cb4040fa81472a385354023b.256p.jpg,DDR4-2666,DDR4,1 x 16GB,16GB,14.254 ns,19,,Red / Black,0
Patriot Viper Elite II 32 GB,622.94,https://cdna.pcpartpicker.com/static/forever/images/product/0b87c1095fc9ee08a52a881bce7fd515.256p.jpg,DDR4-3600,DDR4,1 x 32GB,32GB,11.111 ns,20,£19.467,Red / Black,0
TEAMGROUP T-Force Delta RGB Eco 32 GB,485.87,https://cdna.pcpartpicker.com/static/forever/images/product/1a2600375121bd98fb0a9a29385fa910.256p.jpg,DDR5-6400,DDR5,2 x 16GB,32GB,10 ns,32,£15.183,Silver,0
Crucial Ballistix Sport LT 8 GB,,https://cdna.pcpartpicker.com/static/forever/images/product/b17ee04be814d898a03abdc8e74b711c.256p.jpg,DDR4-2400,DDR4,2 x 4GB,8GB,13.333 ns,16,,Gray,5
Corsair Vengeance 48 GB,684.99,https://cdna.pcpartpicker.com/static/forever/images/product/fe414d3559a9bbb2e092ba5374f6e1ed.256p.jpg,DDR5-6400,DDR5,2 x 24GB,48GB,11.25 ns,36,£14.271,Black / Gray,0
Corsair Vengeance RGB RT 32 GB,325.6,https://cdna.pcpartpicker.com/static/forever/images/product/d533fcdf27cb51bbb1962f120b719707.256p.jpg,DDR4-3200,DDR4,2 x 16GB,32GB,10 ns,16,£10.175,Black,0
ADATA XPG SPECTRIX D41 16 GB,,https://cdna.pcpartpicker.com/static/forever/images/product/3e352551cc2ed297d8878800b5b06986.256p.jpg,DDR4-3200,DDR4,2 x 8GB,16GB,10 ns,16,,Red,5
Patriot Viper Elite 5 RGB 48 GB,647.01,,DDR5-6000,DDR5,2 x 24GB,48GB,10 ns,30,£13.479,White,0
G.Skill TridentZ RGB 32 GB,,https://cdna.pcpartpicker.com/static/forever/images/product/5812a6931bd64a50e8ce99d25f946968.256p.jpg,DDR4-4000,DDR4,2 x 16GB,32GB,8 ns,16,,Black,0
Crucial CT32G4DFD832A 32 GB,209.99,https://cdna.pcpartpicker.com/static/forever/images/product/e3d06c0a58196093db4ace41aca7f887.256p.jpg,DDR4-3200,DDR4,1 x 32GB,32GB,13.75 ns,22,£6.562,Green / Black,0
TEAMGROUP T-Force Delta RGB 96 GB,1386.8,https://cdna.pcpartpicker.com/static/forever/images/product/d2e3f9b94f541ad51a19011026245df2.256p.jpg,DDR5-6800,DDR5,2 x 48GB,96GB,10.588 ns,36,£14.446,Black,0
TEAMGROUP T-Force Vulcan Z 64 GB,799.99,https://cdna.pcpartpicker.com/static/forever/images/product/01da19f16d5e4c5808f64fb9049afb68.256p.jpg,DDR4-3200,DDR4,2 x 32GB,64GB,10 ns,16,£12.500,Gray,4.5
Timetec PINNACLE Konduit 8 GB,,https://cdna.pcpartpicker.com/static/forever/images/product/c8d206b14db8d2f4d1c2b058ed38f696.256p.jpg,DDR4-3200,DDR4,1 x 8GB,8GB,10 ns,16,,White,0
Corsair CMH32GX5M2F6000Z36 32 GB,513.7,https://cdna.pcpartpicker.com/static/forever/images/product/c8c9c508e370e4026fd2a13c7c6a54ea.256p.jpg,DDR5-5600,DDR5,2 x 16GB,32GB,12.857 ns,36,£16.053,Black,0
Patriot Viper 4 8 GB,,https://cdna.pcpartpicker.com/static/forever/images/product/acf00130b189e90272a9ad74f0ba955c.256p.jpg,DDR4-2800,DDR4,2 x 4GB,8GB,11.429 ns,16,,Black / Red,5
PNY XLR8 Gaming MAKO 16 GB,,https://cdna.pcpartpicker.com/static/forever/images/product/92695b74117c59039f07e64b09f3978e.256p.jpg,DDR5-6000,DDR5,1 x 16GB,16GB,12 ns,36,,Black / Silver,0
Silicon Power SU016GBLFU266BD2J5 16 GB,,https://cdna.pcpartpicker.com/static/forever/images/product/4606e03430c4784a2d345a2a133c5efd.256p.jpg,DDR4-2666,DDR4,2 x 8GB,16GB,14.254 ns,19,,Gray,0
ADATA XPG SPECTRIX D35G RGB 8 GB,59.95,,DDR4-3200,DDR4,1 x 8GB,8GB,10 ns,16,£7.494,Black,0
Patriot Viper 4 16 GB,194.28,,DDR4-2666,DDR4,4 x 4GB,16GB,11.253 ns,15,£12.143,Black / Red,0
G.Skill F5-6000J3636F32GX2-FX5 64 GB,948.1,https://cdna.pcpartpicker.com/static/forever/images/product/17a35d829fa9c810eb6e0bf49ef0cb54.256p.jpg,DDR5-6000,DDR5,2 x 32GB,64GB,12 ns,36,£14.814,Black,0
Patriot Viper Elite 5 Ultra 48 GB,,https://cdna.pcpartpicker.com/static/forever/images/product/b2e6920b39c7f37437bad1181180ca0e.256p.jpg,DDR5-6000,DDR5,2 x 24GB,48GB,9.333 ns,28,,Black,0
Corsair CMV8GX4M1A2133C15 8 GB,71.97,https://cdna.pcpartpicker.com/static/forever/images/product/5d0e7dd0d9c208ef610f644fd7d8f5da.med.256p.jpg,DDR4-2133,DDR4,1 x 8GB,8GB,14.065 ns,15,£8.996,Black,4.5
Thermaltake TOUGHRAM XG RGB D5 32 GB,858.3,,DDR5-6000,DDR5,2 x 16GB,32GB,12 ns,36,£26.822,White / Silver,0
Patriot Viper 4 32 GB,,https://cdna.pcpartpicker.com/static/forever/images/product/45abf5c03949db8003e9f697ac9fdf40.256p.jpg,DDR4-3200,DDR4,2 x 16GB,32GB,10 ns,16,,Red / Black,5
Kingston Server Premier 8 GB,472.3,,DDR4-3200,DDR4,1 x 8GB,8GB,13.75 ns,22,£59.038,,0
GOODRAM IRDM 64 GB,,https://cdna.pcpartpicker.com/static/forever/images/product/7f820409638a1b59d7000ae99ee746af.256p.jpg,DDR5-6000,DDR5,2 x 32GB,64GB,10 ns,30,,Black,0
Corsair CORSAIR Vengeance LPX 16GB (2 x 8GB) 288-Pin DDR4 SDRAM DDR4 3000 (PC4 24000) Desktop Memory Model CMK16GX4M2C3000C16W 16 GB,,https://cdna.pcpartpicker.com/static/forever/images/product/e4bd808b09151a16fbdec0dbf447373a.256p.jpg,DDR4-3000,DDR4,2 x 8GB,16GB,10.667 ns,16,,White / Black,4.5
Kingston Fury Renegade RGB 16 GB,256.97,https://cdna.pcpartpicker.com/static/forever/images/product/506bccde6382e2e814496ac931324a05.256p.jpg,DDR5-6400,DDR5,1 x 16GB,16GB,10 ns,32,£16.061,Silver / Black,5
G.Skill Ripjaws M5 RGB 48 GB,639.59,https://cdna.pcpartpicker.com/static/forever/images/product/c73c076662fbd10fb95a7397b7778c1b.256p.jpg,DDR5-5200,DDR5,2 x 24GB,48GB,15.385 ns,40,£13.325,Black,0
Crucial CT8G48C40U5 8 GB,161.51,https://cdna.pcpartpicker.com/static/forever/images/product/aae9b49cc423c0b0bf7053e10832a964.256p.jpg,DDR5-4800,DDR5,1 x 8GB,8GB,16.667 ns,40,£20.189,Black,0
Crucial CT2K8G48C40U5 16 GB,305.35,https://cdna.pcpartpicker.com/static/forever/images/product/da4cecff7e3ebe77a577561a19a2d1c7.256p.jpg,DDR5-4800,DDR5,2 x 8GB,16GB,16.667 ns,40,£19.084,Black,4
G.Skill TridentZ RGB 64 GB,,https://cdna.pcpartpicker.com/static/forever/images/product/2637920ac8df794b51ce1e43673ad055.256p.jpg,DDR4-4600,DDR4,2 x 32GB,64GB,8.696 ns,20,,Black,0
Silicon Power SP032GBLFU266B22 32 GB,,https://cdna.pcpartpicker.com/static/forever/images/product/599c8ba25ef6bfce0417da92b0624d3d.256p.jpg,DDR4-2666,DDR4,2 x 16GB,32GB,14.254 ns,19,,,0
ADATA XPG GAMMIX D10 8 GB,,https://cdna.pcpartpicker.com/static/forever/images/product/17191a38ea6e30d8a133c6d53b2539ce.256p.jpg,DDR4-2666,DDR4,1 x 8GB,8GB,12.003 ns,16,,Red / White,0
Silicon Power SP032GBSVU480F22 32 GB,249,https://cdna.pcpartpicker.com/static/forever/images/product/f6b3f38e1049d6ebc021b4b8460ffcda.256p.jpg,DDR5-4800,DDR5,2 x 16GB,32GB,16.667 ns,40,£7.781,Black,0
PNY MN32GK2D43200-TB 32 GB,184.81,https://cdna.pcpartpicker.com/static/forever/images/product/69d3a9cb4746bb6a7a13789fbc3ba63d.256p.jpg,DDR4-3200,DDR4,2 x 16GB,32GB,13.75 ns,22,£5.775,Black,0
OLOy WarHawk RGB 16 GB,108.84,https://cdna.pcpartpicker.com/static/forever/images/product/889d433d8ec3acc085293019d5e23971.256p.jpg,DDR4-3000,DDR4,2 x 8GB,16GB,10.667 ns,16,£6.803,Red / White,0
G.Skill Trident Z5 64 GB,969.16,https://cdna.pcpartpicker.com/static/forever/images/product/49a63258a951b69681c19882cd051718.256p.jpg,DDR5-6000,DDR5,2 x 32GB,64GB,10 ns,30,£15.143,Black,0
G.Skill Trident Z5 32 GB,1333.1,https://cdna.pcpartpicker.com/static/forever/images/product/fd10c0150e06784b0d44880e66003b89.256p.jpg,DDR5-7600,DDR5,2 x 16GB,32GB,9.474 ns,36,£41.659,Black,0
Timetec 75TT24NU2R8-8G 16 GB,169.99,,DDR4-2400,DDR4,1 x 16GB,16GB,14.167 ns,17,£10.624,Black,0
Silicon Power SP032GBLVU480F02 32 GB,,https://cdna.pcpartpicker.com/static/forever/images/product/a581f42811fee617c0547a2f68aefb46.256p.jpg,DDR5-4800,DDR5,1 x 32GB,32GB,16.667 ns,40,,,0
Crucial CT2K64G56C46U5 128 GB,1299,https://cdna.pcpartpicker.com/static/forever/images/product/d471a497f5e52e4bcfd57bc7b8c9622d.256p.jpg,DDR5-5600,DDR5,2 x 64GB,128GB,16.429 ns,46,£10.148,Black,0
Corsair Vengeance LPX 128 GB,,https://cdna.pcpartpicker.com/static/forever/images/product/f247984cf9438219f39c4ca90345f9ff.256p.jpg,DDR4-3200,DDR4,4 x 32GB,128GB,10 ns,16,,Black / Yellow,4.5
Crucial CT2K32G56C46S5 64 GB,659.99,https://cdna.pcpartpicker.com/static/forever/images/product/8ec13159a46145901a6231af6c9f32e7.256p.jpg,DDR5-5600,DDR5,2 x 32GB,64GB,16.429 ns,46,£10.312,Black,0
Crucial CT2K16G4DFRA32A 32 GB,292.94,https://cdna.pcpartpicker.com/static/forever/images/product/e43ab44e23024b9af453503ae360f780.256p.jpg,DDR4-3200,DDR4,2 x 16GB,32GB,13.75 ns,22,£9.154,Green / Black,5
Acer Predator Hermes RGB 64 GB,,https://cdna.pcpartpicker.com/static/forever/images/product/fce73c9bd706de740f9a7a5472897349.256p.jpg,DDR5-6400,DDR5,2 x 32GB,64GB,10 ns,32,,Black,0
Silicon Power SP008GBLFU266B02 8 GB,49.97,,DDR4-2666,DDR4,1 x 8GB,8GB,14.254 ns,19,£6.246,,0
GOODRAM IRDM PRO 16 GB,136,https://cdna.pcpartpicker.com/static/forever/images/product/ae4b84decc1cd5eeb463fb675addaddd.256p.jpg,DDR4-3600,DDR4,1 x 16GB,16GB,10 ns,18,£8.500,Black,0
Crucial CT16G4WFD8213 16 GB,179.89,https://cdna.pcpartpicker.com/static/forever/images/product/19e3da31167361656b62a12dde65b2e1.256p.jpg,DDR4-2133,DDR4,1 x 16GB,16GB,14.065 ns,15,£11.243,Green,5
TEAMGROUP T-Force Delta RGB 48 GB,688.03,https://cdna.pcpartpicker.com/static/forever/images/product/d2e3f9b94f541ad51a19011026245df2.256p.jpg,DDR5-6400,DDR5,2 x 24GB,48GB,10 ns,32,£14.334,Black,0
Kingston HyperX Predator 16 GB,,https://cdna.pcpartpicker.com/static/forever/images/product/7c437b2875285fc39c79ce8f6b631359.256p.jpg,DDR4-3200,DDR4,2 x 8GB,16GB,10 ns,16,,Black / Silver,4.5
TEAMGROUP T-Force Vulcan TUF Gaming Alliance 16 GB,,https://cdna.pcpartpicker.com/static/forever/images/product/b880042150d9c941a0528e7c244af4e6.256p.jpg,DDR4-3200,DDR4,2 x 8GB,16GB,10 ns,16,,Gold / Black,4.5
ADATA XPG Lancer Blade RGB 48 GB,,https://cdna.pcpartpicker.com/static/forever/images/product/76f0325f23e8757c29c27490a31c007e.256p.jpg,DDR5-6400,DDR5,2 x 24GB,48GB,10 ns,32,,Black,0
TEAMGROUP Xtreem 48 GB,624.99,https://cdna.pcpartpicker.com/static/forever/images/product/2ebf1ce77d04423b0a99f8d400a6933a.256p.jpg,DDR5-7600,DDR5,2 x 24GB,48GB,9.474 ns,36,£13.021,Black,0
Patriot Viper Elite II 64 GB,399.99,https://cdna.pcpartpicker.com/static/forever/images/product/2d2e900270a7ee108195438e806927eb.256p.jpg,DDR4-3600,DDR4,2 x 32GB,64GB,11.111 ns,20,£6.250,Red / Black,4
Silicon Power SP008GBLFU266X02 8 GB,73.43,,DDR4-2666,DDR4,1 x 8GB,8GB,14.254 ns,19,£9.179,,0
G.Skill F4-3200C16Q2-128GTZ 128 GB,719.44,https://cdna.pcpartpicker.com/static/forever/images/product/da61b287041e717846d759164872670f.256p.jpg,DDR4-3200,DDR4,8 x 16GB,128GB,10 ns,16,£5.621,Gray / Red,0
G.Skill Trident Z5 Royal 48 GB,1119.75,https://cdna.pcpartpicker.com/static/forever/images/product/2e8053403b5f82737dabe64d9e3a64a8.256p.jpg,DDR5-8400,DDR5,2 x 24GB,48GB,9.524 ns,40,£23.328,Silver,0
Crucial CT8G4DFS8266 8 GB,,https://cdna.pcpartpicker.com/static/forever/images/product/a6e59e45a1d663e7daa43f2eb72c9b2b.256p.jpg,DDR4-2666,DDR4,1 x 8GB,8GB,14.254 ns,19,,Green / Black,4
G.Skill Trident Z Royal 64 GB,791.28,https://cdna.pcpartpicker.com/static/forever/images/product/2cddd0da9c973606284bb5b6cf73a06a.256p.jpg,DDR4-3200,DDR4,4 x 16GB,64GB,10 ns,16,£12.364,Silver,5
Apacer Panther RGB 32 GB,,,DDR5-6000,DDR5,2 x 16GB,32GB,13.333 ns,40,,Silver / Black,0
Klevv CRAS X RGB 16 GB,,https://cdna.pcpartpicker.com/static/forever/images/product/8364cbb62bdd4db03b5ca7514f8307b4.256p.jpg,DDR4-3600,DDR4,2 x 8GB,16GB,10 ns,18,,Black,5
ADATA XPG SPECTRIX D50 8 GB,,https://cdna.pcpartpicker.com/static/forever/images/product/682ac98a1ecc6739b4392e842936b80d.256p.jpg,DDR4-3200,DDR4,1 x 8GB,8GB,10 ns,16,,Black,0
GOODRAM IRDM RGB 32 GB,,,DDR5-6000,DDR5,2 x 16GB,32GB,10 ns,30,,Black,0
G.Skill Trident Z5 Royal 96 GB,,https://cdna.pcpartpicker.com/static/forever/images/product/2e8053403b5f82737dabe64d9e3a64a8.256p.jpg,DDR5-6400,DDR5,2 x 48GB,96GB,10 ns,32,,Silver,5
G.Skill Aegis 4 GB,55.78,https://cdna.pcpartpicker.com/static/forever/images/product/7c4262b74cc6ced48f6a09cdccd95ed3.256p.jpg,DDR4-2400,DDR4,1 x 4GB,4GB,12.5 ns,15,£13.945,Black / Red,0
G.Skill Trident Z 16 GB,1123.19,https://cdna.pcpartpicker.com/static/forever/images/product/c034962668150633df9396a255e08c25.256p.jpg,DDR4-4400,DDR4,2 x 8GB,16GB,8.636 ns,19,£70.199,Black,0
Patriot Signature Line 4 GB,80.75,https://cdna.pcpartpicker.com/static/forever/images/product/fa80d569f04548854f56839f849f78b7.256p.jpg,DDR4-2400,DDR4,1 x 4GB,4GB,13.333 ns,16,£20.188,Black / Green,0
Gigabyte AORUS 32 GB,,https://cdna.pcpartpicker.com/static/forever/images/product/ba8dd5e17566e4b1c7b61ba149a33fc4.256p.jpg,DDR5-5200,DDR5,2 x 16GB,32GB,15.385 ns,40,,Black,5
Corsair Dominator Platinum RGB 16 GB,966.77,https://cdna.pcpartpicker.com/static/forever/images/product/50fa410eb5e67e85bf6a879394e485b0.256p.jpg,DDR4-3600,DDR4,2 x 8GB,16GB,8.889 ns,16,£60.423,Black,4
G.Skill Trident Z RGB 96 GB,1421.65,https://cdna.pcpartpicker.com/static/forever/images/product/7b32cc48e06b1303b16b1552828785ed.256p.jpg,DDR5-6400,DDR5,2 x 48GB,96GB,10 ns,32,£14.809,Black,0
Crucial Ballistix Sport 32 GB,,https://cdna.pcpartpicker.com/static/forever/images/product/1f2b818f8981654db8ff0dcbaf51da53.256p.jpg,DDR4-2400,DDR4,4 x 8GB,32GB,13.333 ns,16,,Gray / Silver,4
Crucial CT2K16G4RFD4213 32 GB,,https://cdna.pcpartpicker.com/static/forever/images/product/6f51bdcbc9050a88096e566f1d8b7916.256p.jpg,DDR4-2133,DDR4,2 x 16GB,32GB,14.065 ns,15,,Green,5
Corsair Vengeance RGB Pro 256 GB,,https://cdna.pcpartpicker.com/static/forever/images/product/658a467201ec882c525a9919cf22d52e.256p.jpg,DDR4-3200,DDR4,8 x 32GB,256GB,10 ns,16,,Black,0
Silicon Power SP032GBSFU320X22 32 GB,,,DDR4-3200,DDR4,2 x 16GB,32GB,13.75 ns,22,,,0
Mushkin Redline 32 GB,,https://cdna.pcpartpicker.com/static/forever/images/product/ffbdcc1bbfb9d2400599a5bc4ea174bd.256p.jpg,DDR4-3600,DDR4,2 x 16GB,32GB,8.889 ns,16,,Black,0
Corsair Dominator Titanium 48 GB,,https://cdna.pcpartpicker.com/static/forever/images/product/3e24cab069e13130686d99aa7be37842.256p.jpg,DDR5-7200,DDR5,2 x 24GB,48GB,10 ns,36,,White,5
Crucial CT2K4G4DFS824A 8 GB,,https://cdna.pcpartpicker.com/static/forever/images/product/b91e35427d48d5e8791e1252283e04e7.256p.jpg,DDR4-2400,DDR4,2 x 4GB,8GB,14.167 ns,17,,Green,4
OLOy Blade RGB 16 GB,,https://cdna.pcpartpicker.com/static/forever/images/product/3a4d59af0d9346fb0817aa88de6a4236.256p.jpg,DDR5-5600,DDR5,2 x 8GB,16GB,14.286 ns,40,,Black,0
TEAMGROUP T-Force Vulcan 128 GB,,,DDR5-6400,DDR5,2 x 64GB,128GB,10.625 ns,34,,Black,0
ADATA XPG GAMMIX D10 32 GB,,https://cdna.pcpartpicker.com/static/forever/images/product/4548c227c100677b5470561217e94d94.256p.jpg,DDR4-3200,DDR4,2 x 16GB,32GB,10 ns,16,,Black / Silver,5
Klevv Urbane V RGB 32 GB,399.95,https://cdna.pcpartpicker.com/static/forever/images/product/1f43772d5425e69392ef102c10a11d47.256p.jpg,DDR5-6000,DDR5,2 x 16GB,32GB,10 ns,30,£12.498,White,0
Gigabyte AORUS RGB 16 GB,,https://cdna.pcpartpicker.com/static/forever/images/product/98fee767bebdcad8aed6a73f4ef3c06f.256p.jpg,DDR4-3600,DDR4,2 x 8GB,16GB,10 ns,18,,Black,4
Lexar Ares RGB 16 GB,155.99,,DDR4-3866,DDR4,2 x 8GB,16GB,9.312 ns,18,£9.749,White,0
GOODRAM IRDM PRO 32 GB,,https://cdna.pcpartpicker.com/static/forever/images/product/378a4440a02d03a3d4f19723bfb95b81.256p.jpg,DDR4-3600,DDR4,2 x 16GB,32GB,10 ns,18,,Black,0
Apacer AU 8 GB,67,https://cdna.pcpartpicker.com/static/forever/images/product/78b5baaa8717c6b22cfdc91d9d739884.256p.jpg,DDR4-3200,DDR4,1 x 8GB,8GB,13.75 ns,22,£8.375,Black,0
Neo Forza FAYE 16 GB,,https://cdna.pcpartpicker.com/static/forever/images/product/133db6700c438961af81d8b0e1ffd3b0.256p.jpg,DDR4-3000,DDR4,2 x 8GB,16GB,10 ns,15,,Silver / Black,0
Samsung M393A4K40BB1-CRC 32 GB,,https://cdna.pcpartpicker.com/static/forever/images/product/db3d836a5ca51be4ea90d793d989a18c.256p.jpg,DDR4-2400,DDR4,1 x 32GB,32GB,14.167 ns,17,,Green,0
Crucial CT16G52C42U5 16 GB,,https://cdna.pcpartpicker.com/static/forever/images/product/6037d10d8211a3c3953ac727d34c82aa.256p.jpg,DDR5-5200,DDR5,1 x 16GB,16GB,16.154 ns,42,,Black,0
Kingston Fury Renegade RGB 24 GB,399.99,https://cdna.pcpartpicker.com/static/forever/images/product/dbe2233c8a983ab254120cd111a6c6a1.256p.jpg,DDR5-7200,DDR5,1 x 24GB,24GB,10.556 ns,38,£16.666,Silver / Black,0
Crucial CT2K32G4LFQ4213 64 GB,,,DDR4-2133,DDR4,2 x 32GB,64GB,14.065 ns,15,,Black / Green,0
Thermaltake TOUGHRAM Z-ONE RGB 16 GB,1344.96,https://cdna.pcpartpicker.com/static/forever/images/product/06f0a76d97ea0f38997811a240535b39.256p.jpg,DDR4-3600,DDR4,2 x 8GB,16GB,10 ns,18,£84.060,Black,0
Timetec PINNACLE Konduit RGB 32 GB,,https://cdna.pcpartpicker.com/static/forever/images/product/66135bafa0f93b9e58ce68ed41c27cc9.256p.jpg,DDR4-3200,DDR4,2 x 16GB,32GB,10 ns,16,,White,0
PNY XLR8 Gaming MAKO 32 GB,488.47,https://cdna.pcpartpicker.com/static/forever/images/product/b24af46346614c4b9007565420322161.256p.jpg,DDR5-6000,DDR5,2 x 16GB,32GB,13.333 ns,40,£15.265,Black,0
Apacer Panther-Golden 8 GB,,https://cdna.pcpartpicker.com/static/forever/images/product/b399cb024b882b7efde9204872727090.256p.jpg,DDR4-2666,DDR4,1 x 8GB,8GB,12.003 ns,16,,Black / Gold,5
Patriot Venom RGB 64 GB,829.99,,DDR5-6000,DDR5,2 x 32GB,64GB,10 ns,30,£12.969,Black,5
ADATA Premier 8 GB,,https://cdna.pcpartpicker.com/static/forever/images/product/bbb6e3d9787cc6bd8ff1c5df6efbab1e.256p.jpg,DDR4-2400,DDR4,1 x 8GB,8GB,14.167 ns,17,,Green,3
TEAMGROUP T-Create Classic 64 GB,796.6,https://cdna.pcpartpicker.com/static/forever/images/product/b3d17b2350df02bb788ba0190c89f135.256p.jpg,DDR5-5600,DDR5,2 x 32GB,64GB,16.429 ns,46,£12.447,Black,0
G.Skill Trident Z5 Royal Neo 96 GB,1772.49,https://cdna.pcpartpicker.com/static/forever/images/product/08fdda27e2b8456ead2f9294cfbaa604.256p.jpg,DDR5-6000,DDR5,2 x 48GB,96GB,10 ns,30,£18.463,Silver,0
Patriot Viper Steel RGB 16 GB,,https://cdna.pcpartpicker.com/static/forever/images/product/3ebd2eefb7102b1828c3fc1600acaef8.256p.jpg,DDR4-3200,DDR4,2 x 8GB,16GB,11.25 ns,18,,Black,4
Corsair Dominator Platinum 16 GB,846.95,https://cdna.pcpartpicker.com/static/forever/images/product/972581fc59bb2644a4c06c77d12d128b.256p.jpg,DDR4-3333,DDR4,2 x 8GB,16GB,9.601 ns,16,£52.934,Silver / Black,0
Crucial CT4K16G4DFD8266 64 GB,,https://cdna.pcpartpicker.com/static/forever/images/product/62fa9cde664b42fd944e9cab97fad6ea.256p.jpg,DDR4-2666,DDR4,4 x 16GB,64GB,14.254 ns,19,,Green,0
Corsair CORSAIR Vengeance LED 16GB (2 x 8GB) 288-Pin DDR4 SDRAM DDR4 3000 (PC4 24000) Desktop Memory Model CMU16GX4M2C3000C16R 16 GB,,,DDR4-3000,DDR4,2 x 8GB,16GB,10.667 ns,16,,Black,4
GeIL ORION V RGB 32 GB,,https://cdna.pcpartpicker.com/static/forever/images/product/cb0e42bd7dfee6c4f9f86875a5b5ce4e.256p.jpg,DDR5-6000,DDR5,2 x 16GB,32GB,12.667 ns,38,,Black,4
Kingston FURY Impact 16 GB,270,https://cdna.pcpartpicker.com/static/forever/images/product/214f811c47f5c4287ddbd7c412a290e8.256p.jpg,DDR5-6400,DDR5,1 x 16GB,16GB,11.875 ns,38,£16.875,Black,0
Biwin Black Opal DW100 RGB 64 GB,,,DDR5-6000,DDR5,2 x 32GB,64GB,10 ns,30,,Black,0
Corsair Vengeance RGB RS 64 GB,,https://cdna.pcpartpicker.com/static/forever/images/product/2e543e0538f5bfd404a9e57f483fe60f.256p.jpg,DDR4-3200,DDR4,2 x 32GB,64GB,10 ns,16,,Black / Gray,5
TEAMGROUP T-Force Delta RGB 2 GB,,,DDR5-5600,DDR5,1 x 2GB,2GB,12.857 ns,36,,Black,0
Micron MTA18ADF2G72AZ-3G2E1 16 GB,,,DDR4-3200,DDR4,1 x 16GB,16GB,13.75 ns,22,,Black / Green,0
Acer Predator Hermes RGB 48 GB,,,DDR5-6000,DDR5,2 x 24GB,48GB,9.333 ns,28,,,0
V-Color TRA564G60D434Q 256 GB,,https://cdna.pcpartpicker.com/static/forever/images/product/4d189897643fec806fa0ebb64027298a.256p.jpg,DDR5-6000,DDR5,4 x 64GB,256GB,11.333 ns,34,,White,0
Patriot Viper 4 Blackout 16 GB,227.48,https://cdna.pcpartpicker.com/static/forever/images/product/384cec4cdc966d397eef228c3ae18825.256p.jpg,DDR4-3600,DDR4,2 x 8GB,16GB,10 ns,18,£14.217,Black,0
Patriot Viper Xtreme 5 48 GB,,https://cdna.pcpartpicker.com/static/forever/images/product/06fef49ccc46b4eb72f2c9fb1f6d50d7.256p.jpg,DDR5-8200,DDR5,2 x 24GB,48GB,9.268 ns,38,,Black,0
Kingston ValueRAM 32 GB,219,https://cdna.pcpartpicker.com/static/forever/images/product/d54161ca713c1b65bb5033158bc849d8.256p.jpg,DDR4-3200,DDR4,1 x 32GB,32GB,13.75 ns,22,£6.844,,4
Patriot Viper Elite II 4 GB,,https://cdna.pcpartpicker.com/static/forever/images/product/4b1355e9e710ceeae79cc8e42dcaa17b.256p.jpg,DDR4-2666,DDR4,1 x 4GB,4GB,12.003 ns,16,,Red / Black,5
ADATA XPG LANCER RGB ROG CERTIFIED 32 GB,,,DDR5-6600,DDR5,2 x 16GB,32GB,9.697 ns,32,,Black,0
OLOy MD4U082616BJDA 16 GB,,https://cdna.pcpartpicker.com/static/forever/images/product/ae076b653790230e95e014df9aadbdff.256p.jpg,DDR4-2666,DDR4,2 x 8GB,16GB,12.003 ns,16,,Black,4
Kingston Fury Renegade RGB 48 GB,,https://cdna.pcpartpicker.com/static/forever/images/product/d743b8e92fe3ed561e13f52d6dbcfd60.256p.jpg,DDR5-6400,DDR5,2 x 24GB,48GB,10 ns,32,,Silver / Black,0
Silicon Power XPOWER Turbine 8 GB,,https://cdna.pcpartpicker.com/static/forever/images/product/f2020f0ad57099925013fce70d25a781.256p.jpg,DDR4-3000,DDR4,1 x 8GB,8GB,10.667 ns,16,,Blue / Black,0
GeIL Dragon RAM 32 GB,,,DDR4-3000,DDR4,2 x 16GB,32GB,10 ns,15,,White / Gold,0
TEAMGROUP T-Force Vulcan 64 GB,,https://cdna.pcpartpicker.com/static/forever/images/product/71eccae973087bde1c431adebbb600dd.256p.jpg,DDR5-6000,DDR5,2 x 32GB,64GB,12.667 ns,38,,Black,0
Corsair ValueSelect 8 GB,93.99,https://cdna.pcpartpicker.com/static/forever/images/product/113c4e199932392c423d0381c73fa8dc.256p.jpg,DDR4-2666,DDR4,1 x 8GB,8GB,13.503 ns,18,£11.749,Black / Yellow,4.5
Thermaltake TOUGHRAM RGB 16 GB,1006.23,https://cdna.pcpartpicker.com/static/forever/images/product/06c910e051e2374f96e4cca3f968e3f2.256p.jpg,DDR4-3200,DDR4,2 x 8GB,16GB,10 ns,16,£62.889,Black / Silver,3.5
Kingston KTH-PL426/16G 16 GB,82.21,https://cdna.pcpartpicker.com/static/forever/images/product/815edb77bd605546d5b8fc10e94b11f8.256p.jpg,DDR4-2666,DDR4,1 x 16GB,16GB,14.254 ns,19,£5.138,Green / Black,0
Silicon Power XPOWER Turbine RGB 32 GB,,https://cdna.pcpartpicker.com/static/forever/images/product/4006eff86a0df7cca9e6ee1018321621.256p.jpg,DDR4-3200,DDR4,2 x 16GB,32GB,10 ns,16,,Silver / Black,4.5
Corsair Vengeance RGB RS 8 GB,86.99,https://cdna.pcpartpicker.com/static/forever/images/product/6d1372c3a2603273614686d1a1730723.256p.jpg,DDR4-3200,DDR4,1 x 8GB,8GB,10 ns,16,£10.874,Black / Gray,0
Silicon Power SP032GBSVU560F02 32 GB,,https://cdna.pcpartpicker.com/static/forever/images/product/465684e5ebfbff8a5eae9f5e3211988e.256p.jpg,DDR5-5600,DDR5,1 x 32GB,32GB,16.429 ns,46,,Black,0
TEAMGROUP T-Force Xtreem ARGB 16 GB,168.99,https://cdna.pcpartpicker.com/static/forever/images/product/b33db74fb62ccc44e197db34293a9ea3.256p.jpg,DDR4-3600,DDR4,2 x 8GB,16GB,10 ns,18,£10.562,White,4.5
G.Skill Ripjaws M5 RGB 96 GB,1330.67,https://cdna.pcpartpicker.com/static/forever/images/product/6bd803e7ebf46780aca0f582c68c6aa0.256p.jpg,DDR5-5600,DDR5,2 x 48GB,96GB,14.286 ns,40,£13.861,White,0
Silicon Power SP008GBSFU320B02 8 GB,55.97,https://cdna.pcpartpicker.com/static/forever/images/product/40dc496df5734e2cfc37fcad85095d4f.256p.jpg,DDR4-3200,DDR4,1 x 8GB,8GB,13.75 ns,22,£6.996,,0
Crucial CT16G48C40S5 16 GB,179.31,https://cdna.pcpartpicker.com/static/forever/images/product/fb534d88ec2eeb760b900021c438fb2f.256p.jpg,DDR5-4800,DDR5,1 x 16GB,16GB,16.667 ns,40,£11.207,Black,0
Silicon Power SP032GBLVU560F22 32 GB,,https://cdna.pcpartpicker.com/static/forever/images/product/b6621898b3787c13606abb0faa696333.256p.jpg,DDR5-5600,DDR5,2 x 16GB,32GB,16.429 ns,46,,Black,0
V-Color Prism Pro 32 GB,,https://cdna.pcpartpicker.com/static/forever/images/product/4bf12ed97c0ba1640616ae06d98bd771.256p.jpg,DDR4-3600,DDR4,2 x 16GB,32GB,10 ns,18,,Black,0
Crucial CT32G56C46S5 32 GB,333.9,https://cdna.pcpartpicker.com/static/forever/images/product/bf52463478e6699bc3c9f8732fc67bed.256p.jpg,DDR5-5600,DDR5,1 x 32GB,32GB,16.429 ns,46,£10.434,Black,0
Silicon Power SP008GBSVU480G02 8 GB,,https://cdna.pcpartpicker.com/static/forever/images/product/6218b9174c17118e5ab0f911c4e508d6.256p.jpg,DDR5-4800,DDR5,1 x 8GB,8GB,16.667 ns,40,,,0
G.Skill Trident Z 32 GB,599.99,https://cdna.pcpartpicker.com/static/forever/images/product/57eaa1138609c7ec369278252fb3cc7c.256p.jpg,DDR5-6400,DDR5,2 x 16GB,32GB,10 ns,32,£18.750,White / Black,0
GeIL EVO POTENZA 16 GB,,https://cdna.pcpartpicker.com/static/forever/images/product/f39e48588669555b492ca701cfd6ad23.256p.jpg,DDR4-3200,DDR4,2 x 8GB,16GB,10 ns,16,,Black,4
Corsair Vengeance RGB RT 256 GB,,,DDR4-3600,DDR4,8 x 32GB,256GB,10 ns,18,,Black,0
Patriot Viper Venom RGB 64 GB,719.99,https://cdna.pcpartpicker.com/static/forever/images/product/211668a9b8e653d97771d2d76a232d3d.256p.jpg,DDR5-5600,DDR5,2 x 32GB,64GB,14.286 ns,40,£11.250,Black / White,0
Crucial Classic 64 GB,,https://cdna.pcpartpicker.com/static/forever/images/product/da4cecff7e3ebe77a577561a19a2d1c7.256p.jpg,DDR5-5600,DDR5,2 x 32GB,64GB,16.429 ns,46,,Black,0
Timetec 75TT21NU 8 GB,100.88,,DDR4-2133,DDR4,2 x 4GB,8GB,14.065 ns,15,£12.610,Black,0
G.Skill Trident Z5 Neo 48 GB,845.43,https://cdna.pcpartpicker.com/static/forever/images/product/5dbabda496e67a4e953587a75703e50d.256p.jpg,DDR5-8000,DDR5,2 x 24GB,48GB,10 ns,40,£17.613,Black,5
Klevv BOLT X 8 GB,,https://cdna.pcpartpicker.com/static/forever/images/product/c5ba5580e005297e1b99b38fda92fcd0.256p.jpg,DDR4-3600,DDR4,1 x 8GB,8GB,10 ns,18,,Black,0
Patriot Viper Steel RGB 32 GB,,https://cdna.pcpartpicker.com/static/forever/images/product/59d55c485410a5abc865aae2d9af8b34.256p.jpg,DDR4-3600,DDR4,2 x 16GB,32GB,11.111 ns,20,,Black,0
OLOy OWL RGB 16 GB,,https://cdna.pcpartpicker.com/static/forever/images/product/0bad1f93672d65f9d3e8267306ef4d49.256p.jpg,DDR4-3200,DDR4,2 x 8GB,16GB,10 ns,16,,White,0
PNY XLR8 Gaming 32 GB,425.56,https://cdna.pcpartpicker.com/static/forever/images/product/f6fea6464195fc74a8f49a1c9a696a67.256p.jpg,DDR5-6000,DDR5,2 x 16GB,32GB,12 ns,36,£13.299,Black / Red,5
Crucial CT2K16G4DFD8213 32 GB,364.31,,DDR4-2133,DDR4,2 x 16GB,32GB,14.065 ns,15,£11.385,Black / Green,4
G.Skill Ripjaws M5 RGB 64 GB,2390.24,https://cdna.pcpartpicker.com/static/forever/images/product/168e78aa7a722816f7d4a46a1d9efa14.256p.jpg,DDR5-6400,DDR5,2 x 32GB,64GB,10 ns,32,£37.347,Black,0
EVGA SuperSC 16 GB,,https://cdna.pcpartpicker.com/static/forever/images/product/0aed12048c625bb65705e43f4a7fbc36.256p.jpg,DDR4-2400,DDR4,2 x 8GB,16GB,12.5 ns,15,,Black,5
ADATA XPG SPECTRIX D41 8 GB,,https://cdna.pcpartpicker.com/static/forever/images/product/1380f5245a12e60fa3c0a3d6ec02f3ef.256p.jpg,DDR4-3000,DDR4,1 x 8GB,8GB,10.667 ns,16,,Black / White,0
Kingston HyperX Fury RGB 32 GB,,https://cdna.pcpartpicker.com/static/forever/images/product/686cd5fcd34d5cdd9ca71aa75a3a2466.256p.jpg,DDR4-3200,DDR4,2 x 16GB,32GB,10 ns,16,,Black,4.5
Kingston FURY Renegade 64 GB,899.99,https://cdna.pcpartpicker.com/static/forever/images/product/7724a2d362fe16f04c891381107483e7.256p.jpg,DDR5-6400,DDR5,2 x 32GB,64GB,10 ns,32,£14.062,Silver / Black,0
Crucial CT2K16G4SFRA32A 32 GB,234.28,https://cdna.pcpartpicker.com/static/forever/images/product/e9243d2a2a935f33d03d658db2599b29.256p.jpg,DDR4-3200,DDR4,2 x 16GB,32GB,13.75 ns,22,£7.321,Green,5
Crucial CT8G4DFS832A 8 GB,,https://cdna.pcpartpicker.com/static/forever/images/product/975ee86287ec4a9c0c49f7f0bea84379.256p.jpg,DDR4-3200,DDR4,1 x 8GB,8GB,13.75 ns,22,,Green / Black,5
TEAMGROUP T-Force Delta TUF Gaming Alliance 16 GB,,https://cdna.pcpartpicker.com/static/forever/images/product/121dbe3beb2723504e38c9c02c4dad25.256p.jpg,DDR4-3200,DDR4,2 x 8GB,16GB,10 ns,16,,Black / Gold,4.5
G.Skill Trident Z RGB 128 GB,,https://cdna.pcpartpicker.com/static/forever/images/product/ee2f17c440aba9ff83d0daa259958e25.256p.jpg,DDR4-4000,DDR4,4 x 32GB,128GB,9 ns,18,,Black,5
Mushkin Redline 16 GB,,https://cdna.pcpartpicker.com/static/forever/images/product/ffbdcc1bbfb9d2400599a5bc4ea174bd.256p.jpg,DDR4-3600,DDR4,2 x 8GB,16GB,7.778 ns,14,,Black,0
Crucial CT2K48G56C46S5 96 GB,1157.23,https://cdna.pcpartpicker.com/static/forever/images/product/8ec13159a46145901a6231af6c9f32e7.256p.jpg,DDR5-5600,DDR5,2 x 48GB,96GB,16.429 ns,46,£12.054,Black,0
Crucial CT32G48C40S5 32 GB,349.88,https://cdna.pcpartpicker.com/static/forever/images/product/bf52463478e6699bc3c9f8732fc67bed.256p.jpg,DDR5-4800,DDR5,1 x 32GB,32GB,16.667 ns,40,£10.934,Black,0
PNY MN64GK2D43200-TB 64 GB,391.29,https://cdna.pcpartpicker.com/static/forever/images/product/854ed59335d6947ab2864b62cd4f7763.256p.jpg,DDR4-3200,DDR4,2 x 32GB,64GB,13.75 ns,22,£6.114,Black,0
Crucial CT64G56C46S5 64 GB,,https://cdna.pcpartpicker.com/static/forever/images/product/9f427a57bd61c86ca1a11768dfaab401.256p.jpg,DDR5-5600,DDR5,1 x 64GB,64GB,16.429 ns,46,,Black,0
G.Skill Aegis 5 64 GB,1138.83,,DDR5-6000,DDR5,2 x 32GB,64GB,12 ns,36,£17.794,Black / Red,0
Crucial CT8G4DFS8213 8 GB,98.35,,DDR4-2133,DDR4,1 x 8GB,8GB,14.065 ns,15,£12.294,Black / Green,4.5
Crucial Ballistix MAX RGB 16 GB,298.05,https://cdna.pcpartpicker.com/static/forever/images/product/9001867af5d85b7466e263639c6dd69a.256p.jpg,DDR4-4000,DDR4,2 x 8GB,16GB,9 ns,18,£18.628,Black,5
Apacer AU 16 GB,,https://cdna.pcpartpicker.com/static/forever/images/product/45f03df675719a095aac8f248d99d2c7.256p.jpg,DDR4-3200,DDR4,1 x 16GB,16GB,13.75 ns,22,,Black,0
Thermaltake TOUGHRAM XG RGB 16 GB,,https://cdna.pcpartpicker.com/static/forever/images/product/611392df7f631ecb09c59638f2aaae06.256p.jpg,DDR4-4600,DDR4,2 x 8GB,16GB,8.261 ns,19,,Black / Silver,0
TEAMGROUP T-Force Vulcan 8 GB,,https://cdna.pcpartpicker.com/static/forever/images/product/f908ccb52ded3b5490bc63e65cd53f37.256p.jpg,DDR5-5200,DDR5,1 x 8GB,8GB,15.385 ns,40,,Black,0
Corsair Vengeance RGB Pro SL 64 GB,598.99,https://cdna.pcpartpicker.com/static/forever/images/product/fdc5f5f6ec392e8f99ab0af8cecc8b65.256p.jpg,DDR4-3200,DDR4,4 x 16GB,64GB,10 ns,16,£9.359,Black,0
Timetec PINNACLE Konduit RGB 16 GB,,https://cdna.pcpartpicker.com/static/forever/images/product/5a0a23f848c150604f7b73cadab06d5e.256p.jpg,DDR4-3200,DDR4,1 x 16GB,16GB,10 ns,16,,White,0
V-Color TRA532G72D834O 256 GB,,https://cdna.pcpartpicker.com/static/forever/images/product/c43bb71864af2c9a94a21e27696a54c3.256p.jpg,DDR5-7200,DDR5,8 x 32GB,256GB,9.444 ns,34,,Black,0
G.Skill TridentZ RGB 16 GB,,https://cdna.pcpartpicker.com/static/forever/images/product/06d3a37182379958da29f83e82b8244e.256p.jpg,DDR4-4000,DDR4,2 x 8GB,16GB,8.5 ns,17,,Black,0
Patriot Viper 4 Blackout 32 GB,334.02,https://cdna.pcpartpicker.com/static/forever/images/product/0d9c2d4c7781e30d2f3598df9b594c15.256p.jpg,DDR4-3200,DDR4,2 x 16GB,32GB,10 ns,16,£10.438,Black,0
Kingston FURY Renegade Pro 128 GB,,https://cdna.pcpartpicker.com/static/forever/images/product/f19a579fbd8cc28059c848b09b771962.256p.jpg,DDR5-6000,DDR5,4 x 32GB,128GB,10.667 ns,32,,Black,0
Samsung M393A2G40DB0-CPB 16 GB,,https://cdna.pcpartpicker.com/static/forever/images/product/4e9628e2fa61a365488d9505bb9b0742.256p.jpg,DDR4-2133,DDR4,1 x 16GB,16GB,14.065 ns,15,,Black / Green,5
TEAMGROUP T-Force Dark Za 32 GB,,https://cdna.pcpartpicker.com/static/forever/images/product/130610fae2d17d8fba6193d3fdb704c0.256p.jpg,DDR4-3600,DDR4,2 x 16GB,32GB,10 ns,18,,Black / Silver,4.5
Silicon Power SP016GBSFU320B22 16 GB,,https://cdna.pcpartpicker.com/static/forever/images/product/bb7ccc44ed92a1f158a6cc46d9c20a60.256p.jpg,DDR4-3200,DDR4,2 x 8GB,16GB,13.75 ns,22,,,0
PNY MN16GSD43200-TB 16 GB,92.89,,DDR4-3200,DDR4,1 x 16GB,16GB,13.75 ns,22,£5.806,Black,0
Kingston KCP424SD8/16 16 GB,133.08,https://cdna.pcpartpicker.com/static/forever/images/product/b20c7897e158dd9ab77d46fd054b990b.256p.jpg,DDR4-2400,DDR4,1 x 16GB,16GB,14.167 ns,17,£8.318,Green / Black,0
Silicon Power XPOWER Pulse Gaming 16 GB,194.97,https://cdna.pcpartpicker.com/static/forever/images/product/bd1658ebe985ca950f518760d26d9dd0.256p.jpg,DDR5-6000,DDR5,1 x 16GB,16GB,12 ns,36,£12.186,Black,0
Corsair ValueSelect 16 GB,172.99,https://cdna.pcpartpicker.com/static/forever/images/product/9bf14230b7636eae3971ef4ce2160125.256p.jpg,DDR4-2133,DDR4,1 x 16GB,16GB,14.065 ns,15,£10.812,Black,0
TEAMGROUP T-Force Dark Za 16 GB,,https://cdna.pcpartpicker.com/static/forever/images/product/85cea43cca0974cb365560b8f8b963d3.256p.jpg,DDR4-3600,DDR4,2 x 8GB,16GB,10 ns,18,,Black / Silver,5
G.Skill Trident Z5 Royal Neo RGB 48 GB,1683.99,https://cdna.pcpartpicker.com/static/forever/images/product/9b972559a2b3c9973c3511bfe54f28e1.256p.jpg,DDR5-8000,DDR5,2 x 24GB,48GB,10 ns,40,£35.083,Silver,5
Patriot Viper Elite 5 Ultra RGB 64 GB,,https://cdna.pcpartpicker.com/static/forever/images/product/544b9408cd2ed3cd5de1023a628862ce.256p.jpg,DDR5-6000,DDR5,2 x 32GB,64GB,9.333 ns,28,,Black,5
Corsair CORSAIR Vengeance LPX 64GB (4 x 16GB) 288-Pin DDR4 SDRAM DDR4 3200 (PC4 25600) Desktop Memory Model CMK64GX4M4D3200C16 64 GB,,,DDR4-3200,DDR4,4 x 16GB,64GB,10 ns,16,,Black / Yellow,0
Neo Forza FAYE 32 GB,,https://cdna.pcpartpicker.com/static/forever/images/product/eee335a35cab33128349d31da953f16e.256p.jpg,DDR4-4600,DDR4,2 x 16GB,32GB,8.261 ns,19,,Black / Silver,0
TEAMGROUP Elite 64 GB,583.91,https://cdna.pcpartpicker.com/static/forever/images/product/196236d5d42ff063b9d2d21e0d73ffda.256p.jpg,DDR4-3200,DDR4,2 x 32GB,64GB,13.75 ns,22,£9.124,Black,0
Crucial CT4K8G4DFS8266 32 GB,330.9,,DDR4-2666,DDR4,4 x 8GB,32GB,14.254 ns,19,£10.341,Green,0
Crucial Ballistix 64 GB,,https://cdna.pcpartpicker.com/static/forever/images/product/b2e2a0c811990b6a09a3f25a7acac075.256p.jpg,DDR4-3600,DDR4,2 x 32GB,64GB,8.889 ns,16,,Black,5
Neo Forza Trinity 32 GB,,https://cdna.pcpartpicker.com/static/forever/images/product/5f126f2083ab1c66c2212d3527b10e36.256p.jpg,DDR5-6400,DDR5,2 x 16GB,32GB,12.5 ns,40,,Black,5
Lexar THOR 8 GB,,https://cdna.pcpartpicker.com/static/forever/images/product/24f21fb6bce2c9756a3431bb2871cdd5.256p.jpg,DDR4-3200,DDR4,1 x 8GB,8GB,10 ns,16,,Black,0
G.Skill Value 4 GB,106.99,https://cdna.pcpartpicker.com/static/forever/images/product/11c8756fadf6f0baf7ae49f8351bdfdd.256p.jpg,DDR4-2400,DDR4,1 x 4GB,4GB,14.167 ns,17,£26.747,Black,0
V-Color TRA532G72D834Q 128 GB,,https://cdna.pcpartpicker.com/static/forever/images/product/41ba0cc487c71a638390b60ca033de54.256p.jpg,DDR5-7200,DDR5,4 x 32GB,128GB,9.444 ns,34,,White,0
TEAMGROUP Xtreem ARGB 32 GB,582.12,https://cdna.pcpartpicker.com/static/forever/images/product/45ce6f5e11a2b6f2a417f9800b2b55da.256p.jpg,DDR5-8000,DDR5,2 x 16GB,32GB,9.5 ns,38,£18.191,Black,0
Crucial CT16G4DFD832A 16 GB,,https://cdna.pcpartpicker.com/static/forever/images/product/af731c03b328ecb97a7a2b1ce6b7d493.256p.jpg,DDR4-3200,DDR4,1 x 16GB,16GB,13.75 ns,22,,Green / Black,0
Silicon Power SP004GBLFU240N02 4 GB,44.18,https://cdna.pcpartpicker.com/static/forever/images/product/6e412021aa12e67dcaf6dea757df576b.256p.jpg,DDR4-2400,DDR4,1 x 4GB,4GB,14.167 ns,17,£11.045,,0
ADATA XPG Z1 8 GB,78.21,,DDR4-2800,DDR4,2 x 4GB,8GB,12.143 ns,17,£9.776,Red / Black,5
Crucial CT2K16G4DFRA266 32 GB,235.8,,DDR4-2666,DDR4,2 x 16GB,32GB,14.254 ns,19,£7.369,Green,0
OLOy ND4U1632161DJ0DA 32 GB,,https://cdna.pcpartpicker.com/static/forever/images/product/ae076b653790230e95e014df9aadbdff.256p.jpg,DDR4-3200,DDR4,2 x 16GB,32GB,10 ns,16,,Black,4.5
G.Skill F4-3200C16Q2-128GTZKY 128 GB,,https://cdna.pcpartpicker.com/static/forever/images/product/8c7ce1bfc59cfa1a15317084fcd4856b.256p.jpg,DDR4-3200,DDR4,8 x 16GB,128GB,10 ns,16,,Black / Yellow,0
G.Skill Ripjaws 16 GB,107.21,https://cdna.pcpartpicker.com/static/forever/images/product/56c7961a8061d53e1b4f8271fe1f7c9f.256p.jpg,DDR4-3200,DDR4,2 x 8GB,16GB,13.75 ns,22,£6.701,Black / Blue,0
PNY XLR8 Gaming 64 GB,,,DDR5-6000,DDR5,2 x 32GB,64GB,10 ns,30,,Black,0
GeIL Orion AMD Edition 16 GB,,https://cdna.pcpartpicker.com/static/forever/images/product/3bfff7c7287a47e5639909eacf168aeb.256p.jpg,DDR4-3200,DDR4,2 x 8GB,16GB,10 ns,16,,Gray,0
Kingston Fury Beast RGB Special Edition 32 GB,,https://cdna.pcpartpicker.com/static/forever/images/product/25aec09774cf3030d1edc27e00b0a59e.256p.jpg,DDR4-3200,DDR4,2 x 16GB,32GB,10 ns,16,,White,5
Kingston FURY Impact 8 GB,139.63,https://cdna.pcpartpicker.com/static/forever/images/product/19105ddd4ceeba03d567f2bcdceeca3d.256p.jpg,DDR5-4800,DDR5,1 x 8GB,8GB,15.833 ns,38,£17.454,Black,0
Silicon Power SP032GBSFU266B22 32 GB,163.97,https://cdna.pcpartpicker.com/static/forever/images/product/b9752ce7ad965358dc4be11fefea6ae9.256p.jpg,DDR4-2666,DDR4,2 x 16GB,32GB,14.254 ns,19,£5.124,,0
PNY XLR8 Gaming EPIC-X RGB 8 GB,,https://cdna.pcpartpicker.com/static/forever/images/product/6d18867b7ec65f7f5d7629cd3014e6dd.256p.jpg,DDR4-3200,DDR4,1 x 8GB,8GB,10 ns,16,,Black,5
HP V6 16 GB,,,DDR4-3200,DDR4,2 x 8GB,16GB,10 ns,16,,Black,0
Patriot Viper Elite 5 RGB 16 GB,,https://cdna.pcpartpicker.com/static/forever/images/product/07e852f84747fa0157ba04f506cb22a7.256p.jpg,DDR5-6000,DDR5,1 x 16GB,16GB,14 ns,42,,White,0
ADATA XPG LANCER NEON RGB 32 GB,523,https://cdna.pcpartpicker.com/static/forever/images/product/af7ecc7192633d6147121a36ccbf16d3.256p.jpg,DDR5-8000,DDR5,2 x 16GB,32GB,9.5 ns,38,£16.344,Black,0
OLOy WarHawk RGB 32 GB,,https://cdna.pcpartpicker.com/static/forever/images/product/c26bad66c88897804b86cc140a482124.256p.jpg,DDR4-3000,DDR4,2 x 16GB,32GB,10.667 ns,16,,Black / White,0
GeIL ORION V RGB AMD 32 GB,,https://cdna.pcpartpicker.com/static/forever/images/product/9986569889ba3ea05de5184776a24036.256p.jpg,DDR5-5600,DDR5,2 x 16GB,32GB,13.571 ns,38,,Black,0
V-Color TRA516G72S834O 128 GB,,https://cdna.pcpartpicker.com/static/forever/images/product/32d0d906f4dec9d43a3ef9379b9c1953.256p.jpg,DDR5-7200,DDR5,8 x 16GB,128GB,9.444 ns,34,,Black,0
TEAMGROUP T-Force Xtreem 32 GB,,https://cdna.pcpartpicker.com/static/forever/images/product/a49c1a92829c1e05278ceb7841266ae4.256p.jpg,DDR5-7200,DDR5,2 x 16GB,32GB,9.444 ns,34,,Pink,0
Klevv BOLT V 64 GB,,,DDR5-6000,DDR5,2 x 32GB,64GB,10 ns,30,,Black,0
GeIL EVO POTENZA 8 GB,,https://cdna.pcpartpicker.com/static/forever/images/product/6798bd142f411771d26ea421acc799e5.256p.jpg,DDR4-2400,DDR4,1 x 8GB,8GB,13.333 ns,16,,Red / Black,0
Crucial Ballistix RGB 16 GB,,https://cdna.pcpartpicker.com/static/forever/images/product/7698f2d9a01576c4fadc9e76feae642c.256p.jpg,DDR4-3600,DDR4,2 x 8GB,16GB,8.889 ns,16,,White,4.5
G.Skill Ripjaws V 256 GB,,https://cdna.pcpartpicker.com/static/forever/images/product/ac4624fe31e1b060cc8811e502ff6531.256p.jpg,DDR4-3200,DDR4,8 x 32GB,256GB,8.75 ns,14,,Black,0
ADATA XPG LANCER RGB ROG CERTIFIED 48 GB,,,DDR5-7200,DDR5,2 x 24GB,48GB,9.444 ns,34,,Black,0
G.Skill Flare X5 48 GB,1618.99,https://cdna.pcpartpicker.com/static/forever/images/product/e3a75204d16cd097b81925e74484c386.256p.jpg,DDR5-6000,DDR5,2 x 24GB,48GB,10 ns,30,£33.729,Black,0
Patriot Viper Elite 5 RGB TUF GAMING ALLIANCE 32 GB,,https://cdna.pcpartpicker.com/static/forever/images/product/6aa797ac9717e364f27da921a5dfa5f9.256p.jpg,DDR5-6000,DDR5,2 x 16GB,32GB,12 ns,36,,White,4
OLOy Blade RGB 32 GB,,https://cdna.pcpartpicker.com/static/forever/images/product/3a4d59af0d9346fb0817aa88de6a4236.256p.jpg,DDR5-6000,DDR5,2 x 16GB,32GB,10.667 ns,32,,Black,0
ADATA XPG LANCER 16 GB,,https://cdna.pcpartpicker.com/static/forever/images/product/4f9a86cd4a96068aa4077dfab294ced1.256p.jpg,DDR5-5200,DDR5,2 x 8GB,16GB,14.615 ns,38,,Black,3.5
Klevv CRAS V RGB 48 GB,,,DDR5-6000,DDR5,2 x 24GB,48GB,10 ns,30,,Black,5
Crucial CT8G56C46S5 8 GB,154.94,https://cdna.pcpartpicker.com/static/forever/images/product/26aa4e4ff6d6a5348bf63855d87b5853.256p.jpg,DDR5-5600,DDR5,1 x 8GB,8GB,16.429 ns,46,£19.367,Black,0
G.Skill Ripjaws 32 GB,560.49,https://cdna.pcpartpicker.com/static/forever/images/product/59c686ebd8e0cc86449d875e9fe426fa.256p.jpg,DDR5-4800,DDR5,2 x 16GB,32GB,14.167 ns,34,£17.515,Black / Silver,0
Kingston FURY Renegade Pro 16 GB,,https://cdna.pcpartpicker.com/static/forever/images/product/48913052d06e02146b9fb68acbf80eeb.256p.jpg,DDR5-6400,DDR5,1 x 16GB,16GB,10 ns,32,,Black,0
Crucial CT16G4DFRA266 16 GB,,https://cdna.pcpartpicker.com/static/forever/images/product/49829eca2649a448f468082ca4eb18a1.256p.jpg,DDR4-2666,DDR4,1 x 16GB,16GB,14.254 ns,19,,Green,0
ADATA XPG Lancer Blade 64 GB,,https://cdna.pcpartpicker.com/static/forever/images/product/287c8aaee067186567f877379abebde8.256p.jpg,DDR5-5600,DDR5,2 x 32GB,64GB,16.429 ns,46,,Black,0
Crucial CT16G4DFD8213 16 GB,,https://cdna.pcpartpicker.com/static/forever/images/product/d7aa708026aea0bdeef0be4c6e324cb3.256p.jpg,DDR4-2133,DDR4,1 x 16GB,16GB,14.065 ns,15,,Green,0
Crucial CT2K8G4DFS824A 16 GB,152.28,https://cdna.pcpartpicker.com/static/forever/images/product/eef8e9ad95d5a192b8ec4d50cf400993.256p.jpg,DDR4-2400,DDR4,2 x 8GB,16GB,14.167 ns,17,£9.518,Green / Black,2.5
Klevv CRAS X RGB 32 GB,,https://cdna.pcpartpicker.com/static/forever/images/product/7ac92ce2b8597a6fe242088724d83ea0.256p.jpg,DDR4-3200,DDR4,2 x 16GB,32GB,10 ns,16,,Black,0
OLOy Blade 16 GB,,https://cdna.pcpartpicker.com/static/forever/images/product/cc734bccab7a7cab508e4a3f96f969fb.256p.jpg,DDR5-4800,DDR5,2 x 8GB,16GB,16.667 ns,40,,Black / Silver,0
OLOy B-21 Raider 16 GB,,,DDR4-3200,DDR4,2 x 8GB,16GB,10 ns,16,,Gold / Black,0
Crucial CT2K16G4SFD8266 32 GB,,https://cdna.pcpartpicker.com/static/forever/images/product/9ea47ff48ad6e7c71b1eff0f44e915a6.256p.jpg,DDR4-2666,DDR4,2 x 16GB,32GB,14.254 ns,19,,Green / Black,0
Corsair ValueSelect 32 GB,,https://cdna.pcpartpicker.com/static/forever/images/product/507c16ac670922da6f6655d1e4802c24.256p.jpg,DDR4-2133,DDR4,2 x 16GB,32GB,14.065 ns,15,,Black,0
Kingston KCP424NS6/4 4 GB,,https://cdna.pcpartpicker.com/static/forever/images/product/2a935766fe67bfc0087fc4e292344f5f.256p.jpg,DDR4-2400,DDR4,1 x 4GB,4GB,14.167 ns,17,,Green / Black,0
ADATA XPG LANCER RGB 64 GB,,https://cdna.pcpartpicker.com/static/forever/images/product/0d123ba7213053b39d927df82feaf8dd.256p.jpg,DDR5-6000,DDR5,2 x 32GB,64GB,10 ns,30,,White,5
G.Skill Ripjaws 4 128 GB,,https://cdna.pcpartpicker.com/static/forever/images/product/ea29ce0eba7164f897c7239640b9a920.256p.jpg,DDR4-2400,DDR4,8 x 16GB,128GB,11.667 ns,14,,Black,5
TEAMGROUP Vulcan 16 GB,,https://cdna.pcpartpicker.com/static/forever/images/product/f2da2b3cd490a78e0d3c72634fcd66ca.256p.jpg,DDR4-2400,DDR4,2 x 8GB,16GB,11.667 ns,14,,Black / Gray,4.5
Kingston HyperX Predator RGB 16 GB,,https://cdna.pcpartpicker.com/static/forever/images/product/b26c165930a7879feb86d6d877c554dd.256p.jpg,DDR4-3200,DDR4,2 x 8GB,16GB,10 ns,16,,Black / Silver,4.5
TEAMGROUP T-Force Delta RGB 8 GB,,https://cdna.pcpartpicker.com/static/forever/images/product/8d133aee6dd9a2cbc6bff58b1a6e5343.256p.jpg,DDR4-3200,DDR4,1 x 8GB,8GB,10 ns,16,,Black,0
ADATA XPG GAMMIX D20 8 GB,,,DDR4-3200,DDR4,1 x 8GB,8GB,10 ns,16,,Black / Silver,0
Biwin Black Opal DW100 RGB 48 GB,,,DDR5-6400,DDR5,2 x 24GB,48GB,10 ns,32,,Black,0
G.Skill Trident Z5 Royal Neo 48 GB,,https://cdna.pcpartpicker.com/static/forever/images/product/1c979d9ebf6c765601f46f9d5776019f.256p.jpg,DDR5-6000,DDR5,2 x 24GB,48GB,8.667 ns,26,,Silver,5
Crucial CT24G56C46S5 24 GB,259.99,https://cdna.pcpartpicker.com/static/forever/images/product/bf52463478e6699bc3c9f8732fc67bed.256p.jpg,DDR5-5600,DDR5,1 x 24GB,24GB,16.429 ns,46,£10.833,Black,0
Corsair Vengeance RGB RT 16 GB,163.99,https://cdna.pcpartpicker.com/static/forever/images/product/6aa92f357b65377f198ce65e4cf900f6.256p.jpg,DDR4-3200,DDR4,2 x 8GB,16GB,10 ns,16,£10.249,Black,0
G.Skill NT 4 GB,124.99,,DDR4-2133,DDR4,1 x 4GB,4GB,14.065 ns,15,£31.247,Black,5
ADATA XPG SPECTRIX D60G 32 GB,,,DDR4-3200,DDR4,2 x 16GB,32GB,10 ns,16,,Silver / Black,4
TEAMGROUP Team T-Force Night Hawk RGB 16GB (2 x 8GB) 288-Pin DDR4 SDRAM DDR4 3600 (PC4 28800) Desktop Memory Model TF1D416G3600HC18JDC01 16 GB,,https://cdna.pcpartpicker.com/static/forever/images/product/5e3069d55acca20a4888a13f804fcd9e.256p.jpg,DDR4-3600,DDR4,2 x 8GB,16GB,10 ns,18,,Black,4.5
Acer Predator Vesta II RGB 64 GB,906.99,https://cdna.pcpartpicker.com/static/forever/images/product/85bbbb1766c20f6d66946832ba142a4a.256p.jpg,DDR5-6000,DDR5,2 x 32GB,64GB,10 ns,30,£14.172,Black,0
TEAMGROUP T-Force DELTAα RGB 32 GB,465.3,https://cdna.pcpartpicker.com/static/forever/images/product/cec1676e9b866a906e28a3faa396cc49.256p.jpg,DDR5-5600,DDR5,2 x 16GB,32GB,14.286 ns,40,£14.541,White,0
Crucial CT4K8G4DFS8213 32 GB,,https://cdna.pcpartpicker.com/static/forever/images/product/e083dd7eda7b28fb80af5caf51f30354.256p.jpg,DDR4-2133,DDR4,4 x 8GB,32GB,14.065 ns,15,,Black / Green,5
Kingston D2G72M151 16 GB,917.58,,DDR4-2133,DDR4,1 x 16GB,16GB,14.065 ns,15,£57.349,Black / Green,0
Kingston HyperX Predator 8 GB,,https://cdna.pcpartpicker.com/static/forever/images/product/f25ee4f0e1776a3d15c2286d35feeb8c.256p.jpg,DDR4-2666,DDR4,1 x 8GB,8GB,9.752 ns,13,,Black,0
ADATA XPG GAMMIX D20 32 GB,,,DDR4-3200,DDR4,2 x 16GB,32GB,10 ns,16,,Black / Silver,5
Crucial Pro Overclocking 24 GB,,,DDR5-6000,DDR5,1 x 24GB,24GB,12 ns,36,,Black,0
G.Skill Ripjaws S5 48 GB,1618.99,https://cdna.pcpartpicker.com/static/forever/images/product/b7e5d2e830b2ba008d82c68a10200a17.256p.jpg,DDR5-6000,DDR5,2 x 24GB,48GB,10 ns,30,£33.729,Black,5
Crucial CT4G4DFS8213 4 GB,,https://cdna.pcpartpicker.com/static/forever/images/product/5ecfc2ce1b2ade534f76b12ee3714316.256p.jpg,DDR4-2133,DDR4,1 x 4GB,4GB,14.065 ns,15,,Black / Green,4
Corsair Vengeance LED 16 GB,865.84,,DDR4-2400,DDR4,2 x 8GB,16GB,13.333 ns,16,£54.115,Black / White,4.5
G.Skill Aegis 64 GB,739.99,https://cdna.pcpartpicker.com/static/forever/images/product/d6f268ad9028e14a9b4cb10dd224923c.256p.jpg,DDR4-3200,DDR4,4 x 16GB,64GB,10 ns,16,£11.562,Red / Black,0
Crucial CT4K4G4DFS8213 16 GB,,https://cdna.pcpartpicker.com/static/forever/images/product/8133d4cb016e81e161e259b3f723037b.256p.jpg,DDR4-2133,DDR4,4 x 4GB,16GB,14.065 ns,15,,Black / Green,5
Crucial Ballistix Sport LT 32 GB,,https://cdna.pcpartpicker.com/static/forever/images/product/de8447dc5c984e3c26fd317e5e5efd3a.256p.jpg,DDR4-3200,DDR4,2 x 16GB,32GB,10 ns,16,,Silver / Black,4.5
Crucial CT64G4LFQ424A 64 GB,699,,DDR4-2400,DDR4,1 x 64GB,64GB,14.167 ns,17,£10.922,Black / Green,0
Kingston Server Premier 16 GB,241.33,,DDR4-2666,DDR4,1 x 16GB,16GB,14.254 ns,19,£15.083,,0
Biwin Black Opal HX100 32 GB,,,DDR5-6000,DDR5,2 x 16GB,32GB,10 ns,30,,Black,0
Crucial CT2K16G4DFD832A 32 GB,,https://cdna.pcpartpicker.com/static/forever/images/product/822d8fb60b12bde3aa41b7f90f5597c1.256p.jpg,DDR4-3200,DDR4,2 x 16GB,32GB,13.75 ns,22,,Green / Black,0
Crucial CT2K8G4DFS8266 16 GB,,https://cdna.pcpartpicker.com/static/forever/images/product/4fc4c236f3c9393c969103bf7be40deb.256p.jpg,DDR4-2666,DDR4,2 x 8GB,16GB,14.254 ns,19,,Green,4
ADATA XPG Lancer Blade RGB 8 GB,,https://cdna.pcpartpicker.com/static/forever/images/product/c9bf9843bfbe2e4f8c94d368f6727ad9.256p.jpg,DDR5-5600,DDR5,1 x 8GB,8GB,16.429 ns,46,,White,0
Crucial CT2K24G56C46S5 48 GB,568.87,https://cdna.pcpartpicker.com/static/forever/images/product/0d74e6b06b7717cde5f3eadd08a67dff.256p.jpg,DDR5-5600,DDR5,2 x 24GB,48GB,16.429 ns,46,£11.851,Black,0
Patriot Viper Elite 5 Ultra RGB 96 GB,,https://cdna.pcpartpicker.com/static/forever/images/product/544b9408cd2ed3cd5de1023a628862ce.256p.jpg,DDR5-6400,DDR5,2 x 48GB,96GB,10 ns,32,,Black,0
Silicon Power XPOWER Zenith Gaming 16 GB,151.99,https://cdna.pcpartpicker.com/static/forever/images/product/3e88221de3bde4fddb319fa39878cff7.256p.jpg,DDR4-3200,DDR4,2 x 8GB,16GB,10 ns,16,£9.499,Black / Silver,3.5
Patriot Viper 4 Blackout 64 GB,570.34,,DDR4-3600,DDR4,2 x 32GB,64GB,10 ns,18,£8.912,Black,4.5
Patriot Viper Elite 5 RGB 96 GB,,https://cdna.pcpartpicker.com/static/forever/images/product/e55e3b0ac1e6fdf1d9b0f1f4a7b2bd92.256p.jpg,DDR5-6000,DDR5,2 x 48GB,96GB,14 ns,42,,White,0
Crucial Ballistix Elite 32 GB,,https://cdna.pcpartpicker.com/static/forever/images/product/ac94e9425b0dc46381e34456350c2c01.256p.jpg,DDR4-3600,DDR4,4 x 8GB,32GB,8.889 ns,16,,Black,3.5
TEAMGROUP T-Force Xtreem ARGB 32 GB,,https://cdna.pcpartpicker.com/static/forever/images/product/e7e5bfd5a94513a55151d1454e97bc55.256p.jpg,DDR4-3600,DDR4,2 x 16GB,32GB,7.778 ns,14,,White,0
Apacer ZADAK Twist 16 GB,,,DDR4-3000,DDR4,2 x 8GB,16GB,10.667 ns,16,,Black / Silver,3
GeIL Orion RGB AMD Edition 16 GB,,https://cdna.pcpartpicker.com/static/forever/images/product/889a3bf0e44f7669e7491cd488a2946e.256p.jpg,DDR4-3600,DDR4,2 x 8GB,16GB,10 ns,18,,Gray,0
Klevv Urbane V RGB 48 GB,,https://cdna.pcpartpicker.com/static/forever/images/product/1f43772d5425e69392ef102c10a11d47.256p.jpg,DDR5-6000,DDR5,2 x 24GB,48GB,10 ns,30,,White,0
Kingston KCP421NS8/8 8 GB,108.05,,DDR4-2133,DDR4,1 x 8GB,8GB,14.065 ns,15,£13.506,Black / Green,5
Samsung M393A2G40EB1-CRC 16 GB,,,DDR4-2400,DDR4,1 x 16GB,16GB,14.167 ns,17,,Black / Green,0
G.Skill Value 16 GB,156.11,https://cdna.pcpartpicker.com/static/forever/images/product/c4f98ddfa31ed2bfe727382c26ec358c.256p.jpg,DDR4-2666,DDR4,2 x 8GB,16GB,14.254 ns,19,£9.757,Black,5
Gigabyte GP-GR26C16S8K2HU416 16 GB,,https://cdna.pcpartpicker.com/static/forever/images/product/0c9c8d669fa4e4b1dcc0fc47a32821f9.256p.jpg,DDR4-2666,DDR4,2 x 8GB,16GB,12.003 ns,16,,Black / White,0
Crucial CT2K16G52C42U5 32 GB,,https://cdna.pcpartpicker.com/static/forever/images/product/4a72adc7687eede0680fe569297c1ca5.256p.jpg,DDR5-5200,DDR5,2 x 16GB,32GB,16.154 ns,42,,Black,0
G.Skill Ripjaws 4 16 GB,,https://cdna.pcpartpicker.com/static/forever/images/product/040486497900cc3bde6845a717c0fbe5.256p.jpg,DDR4-2133,DDR4,2 x 8GB,16GB,14.065 ns,15,,Red,4.5
Netac Shadow II 8 GB,,,DDR4-3200,DDR4,1 x 8GB,8GB,10 ns,16,,Black,0
G.Skill Ripjaws 64 GB,835.19,https://cdna.pcpartpicker.com/static/forever/images/product/5aadbbb9eba7d5e83667564317e5ac61.256p.jpg,DDR5-4800,DDR5,2 x 32GB,64GB,16.667 ns,40,£13.050,Black,0
Patriot Viper Elite II 8 GB,167.75,https://cdna.pcpartpicker.com/static/forever/images/product/0b87c1095fc9ee08a52a881bce7fd515.256p.jpg,DDR4-3600,DDR4,1 x 8GB,8GB,11.111 ns,20,£20.969,Red / Black,0
Samsung M393A1G43DB0-CPB0 8 GB,,,DDR4-2133,DDR4,1 x 8GB,8GB,14.065 ns,15,,Black / Green,0
Crucial CT2K8G56C46S5 16 GB,,https://cdna.pcpartpicker.com/static/forever/images/product/f818f3a7577f0480287c27dbb69acfed.256p.jpg,DDR5-5600,DDR5,2 x 8GB,16GB,16.429 ns,46,,Black,0
G.Skill Value 8 GB,71.86,https://cdna.pcpartpicker.com/static/forever/images/product/8bd6ca4575dd0b40523a31db363d3259.256p.jpg,DDR4-2666,DDR4,1 x 8GB,8GB,14.254 ns,19,£8.982,Black,0
Corsair Dominator Platinum 32 GB,,https://cdna.pcpartpicker.com/static/forever/images/product/3b23f6c1c980b7c634acb2ac5015475c.256p.jpg,DDR4-3000,DDR4,2 x 16GB,32GB,10 ns,15,,Black / Silver,4.5
OLOy MD4U0836180BHKDA 16 GB,,https://cdna.pcpartpicker.com/static/forever/images/product/ae076b653790230e95e014df9aadbdff.256p.jpg,DDR4-3600,DDR4,2 x 8GB,16GB,10 ns,18,,Black,4.5
Lexar Hades RGB 16 GB,,https://cdna.pcpartpicker.com/static/forever/images/product/bae8d3a558c592b5e33f927aa4df97cc.256p.jpg,DDR4-3200,DDR4,2 x 8GB,16GB,11.25 ns,18,,Black,0
HP V2 8 GB,,,DDR4-3000,DDR4,1 x 8GB,8GB,10.667 ns,16,,Black,0
GeIL ORION V AMD 32 GB,,https://cdna.pcpartpicker.com/static/forever/images/product/437b9b50320dd4e3665a5f9c48c14e55.256p.jpg,DDR5-6000,DDR5,2 x 16GB,32GB,10 ns,30,,Black,0
Patriot Viper Venom 48 GB,,https://cdna.pcpartpicker.com/static/forever/images/product/63e8015a266c03a5cc21ddf88d14f9bf.256p.jpg,DDR5-6000,DDR5,2 x 24GB,48GB,10 ns,30,,Black / White,0
Corsair Dominator Titanium RGB 48 GB,,https://cdna.pcpartpicker.com/static/forever/images/product/8da305eef78a280a001a3895bb92250f.256p.jpg,DDR5-6400,DDR5,2 x 24GB,48GB,11.25 ns,36,,Black,0
Kingston FURY Renegade Pro 32 GB,1169.99,https://cdna.pcpartpicker.com/static/forever/images/product/2afe7a78fdbf348b5d7f6ad19beeb1c3.256p.jpg,DDR5-5600,DDR5,1 x 32GB,32GB,12.857 ns,36,£36.562,Black,0
G.Skill Trident Z5 48 GB,1279.6,https://cdna.pcpartpicker.com/static/forever/images/product/a41626f503e2635f8459b69b2da632af.256p.jpg,DDR5-8400,DDR5,2 x 24GB,48GB,9.524 ns,40,£26.658,Black,0
Patriot Viper Xtreme 5 RGB 48 GB,,https://cdna.pcpartpicker.com/static/forever/images/product/6c29d14525fab1e245ce98a28aa01109.256p.jpg,DDR5-8000,DDR5,2 x 24GB,48GB,9.5 ns,38,,Black,0
Patriot Viper Elite 32 GB,,https://cdna.pcpartpicker.com/static/forever/images/product/f1d91b98c8570d2fadf88416bf4d3083.256p.jpg,DDR4-2666,DDR4,2 x 16GB,32GB,12.003 ns,16,,Silver / Black,4.5
Lexar Ares OC 32 GB,,,DDR5-5200,DDR5,2 x 16GB,32GB,14.615 ns,38,,Black,0
GeIL Dragon RAM 8 GB,,https://cdna.pcpartpicker.com/static/forever/images/product/bb1b36060c782781f9fbf2e88bc65d11.256p.jpg,DDR4-4000,DDR4,2 x 4GB,8GB,9.5 ns,19,,White / Gold,0
Gloway LYSB01EHFW722-ELECTRNCS 8 GB,,,DDR4-2400,DDR4,1 x 8GB,8GB,13.333 ns,16,,Black / White,4.5
Acer Predator Hermes RGB 32 GB,,https://cdna.pcpartpicker.com/static/forever/images/product/c8442dba16c40ff62c5b2cc32aae31f0.256p.jpg,DDR5-6800,DDR5,2 x 16GB,32GB,9.412 ns,32,,White,0
Samsung M471A1K43BB1-CRC 8 GB,,,DDR4-2400,DDR4,1 x 8GB,8GB,14.167 ns,17,,Green,0
Patriot Signature Premium 8 GB,285.12,https://cdna.pcpartpicker.com/static/forever/images/product/ac4561a2d41601004a852798526bb606.256p.jpg,DDR4-2400,DDR4,2 x 4GB,8GB,14.167 ns,17,£35.640,Black,4.5
Kingston FURY Beast 4 GB,,https://cdna.pcpartpicker.com/static/forever/images/product/cbff70f75b5d67c6c28fce5086628059.256p.jpg,DDR4-3200,DDR4,1 x 4GB,4GB,10 ns,16,,Black,0
Crucial CT8G4RFS4213 8 GB,198.86,https://cdna.pcpartpicker.com/static/forever/images/product/9d43be724b6824780bd471089e5d0d19.256p.jpg,DDR4-2133,DDR4,1 x 8GB,8GB,14.065 ns,15,£24.858,Black / Green,0
G.Skill Flare X 32 GB,386,https://cdna.pcpartpicker.com/static/forever/images/product/69ce8b3f0bc80257d64783b143912e4e.256p.jpg,DDR4-3200,DDR4,4 x 8GB,32GB,10 ns,16,£12.062,Black,0
Apacer Panther Silver 16 GB,,https://cdna.pcpartpicker.com/static/forever/images/product/ef5b766f7413ca3e187128ae376fcf65.256p.jpg,DDR4-2400,DDR4,2 x 8GB,16GB,13.333 ns,16,,Black / Silver,0
ADATA AD4U2400W4G17-S 4 GB,,,DDR4-2400,DDR4,1 x 4GB,4GB,14.167 ns,17,,Green / Black,0
GeIL SUPER LUCE RGB SYNC 16 GB,,https://cdna.pcpartpicker.com/static/forever/images/product/b02c63c4e41a010f7f8c8ecbde0bec24.256p.jpg,DDR4-3200,DDR4,2 x 8GB,16GB,10 ns,16,,Black,4.5
TEAMGROUP T-Force Vulcan TUF Gaming Alliance 32 GB,,https://cdna.pcpartpicker.com/static/forever/images/product/ecab01337668494e25ef71710006a492.256p.jpg,DDR4-3600,DDR4,2 x 16GB,32GB,10.556 ns,19,,Black / Gold,5
Kingston HyperX Fury 64 GB,,https://cdna.pcpartpicker.com/static/forever/images/product/39c13e76e32947f7cae1b3e61af36df6.256p.jpg,DDR4-3600,DDR4,2 x 32GB,64GB,10 ns,18,,Black / Silver,5
ADATA XPG GAMMIX D45 16 GB,,https://cdna.pcpartpicker.com/static/forever/images/product/58f02a71c0aa3c68cae04957b9774b04.256p.jpg,DDR4-3200,DDR4,2 x 8GB,16GB,10 ns,16,,Black,5
GeIL Polaris RGB 32 GB,,https://cdna.pcpartpicker.com/static/forever/images/product/b846672b1da29d4f707d21dbd0080f85.256p.jpg,DDR5-6000,DDR5,2 x 16GB,32GB,12.667 ns,38,,Black,0
ADATA XPG SPECTRIX D35G RGB 64 GB,499.46,https://cdna.pcpartpicker.com/static/forever/images/product/a9d02cfcd406dde2eaf9985255f5732c.256p.jpg,DDR4-3200,DDR4,2 x 32GB,64GB,10 ns,16,£7.804,Black,0
Crucial Ballistix Sport LT 4 GB,,https://cdna.pcpartpicker.com/static/forever/images/product/9a1a16cf3b51901129ce8045f98dfbc2.256p.jpg,DDR4-2400,DDR4,1 x 4GB,4GB,13.333 ns,16,,Red,4
Kingston KTL-TS421/16G 16 GB,,https://cdna.pcpartpicker.com/static/forever/images/product/b26d35701fa92b4330a8551d1481b360.256p.jpg,DDR4-2133,DDR4,1 x 16GB,16GB,14.065 ns,15,,Green,0
Samsung M393A4K40CB2-CTD 32 GB,,https://cdna.pcpartpicker.com/static/forever/images/product/f8fd6aee5674e4df5a229111d5da2ab0.256p.jpg,DDR4-2666,DDR4,1 x 32GB,32GB,14.254 ns,19,,Green / Black,5
ADATA XPG GAMMIX D10 64 GB,,,DDR4-3000,DDR4,4 x 16GB,64GB,10.667 ns,16,,Red / White,0
Kingston HyperX Fury RGB 8 GB,,https://cdna.pcpartpicker.com/static/forever/images/product/f8bc6957771de1b41633da7a7eace5f7.256p.jpg,DDR4-3200,DDR4,1 x 8GB,8GB,10 ns,16,,Black,4
G.Skill Trident Z Royal Elite 16 GB,,https://cdna.pcpartpicker.com/static/forever/images/product/4ba8064ef8f2eb07464d4c5a7362a113.256p.jpg,DDR4-5333,DDR4,2 x 8GB,16GB,8.251 ns,22,,Gold,0
TEAMGROUP T-Force Delta TUF Gaming Alliance RGB 32 GB,,https://cdna.pcpartpicker.com/static/forever/images/product/5b045906f183e964bb7eea6ed5995507.256p.jpg,DDR4-3200,DDR4,2 x 16GB,32GB,10 ns,16,,Black / Gold,5
Crucial CT16G52C42S5 16 GB,,https://cdna.pcpartpicker.com/static/forever/images/product/bf52463478e6699bc3c9f8732fc67bed.256p.jpg,DDR5-5200,DDR5,1 x 16GB,16GB,16.154 ns,42,,Black,0
Crucial CT8G48C40S5 8 GB,170.28,https://cdna.pcpartpicker.com/static/forever/images/product/da1b7bb1e73ce173d8efb4227adb4898.256p.jpg,DDR5-4800,DDR5,1 x 8GB,8GB,16.667 ns,40,£21.285,Black,0
Samsung M393A4K40CB1-CRC 32 GB,276.7,https://cdna.pcpartpicker.com/static/forever/images/product/5c0dcb167824a82dc97e1e318b57d64d.256p.jpg,DDR4-2400,DDR4,1 x 32GB,32GB,14.167 ns,17,£8.647,Green / Black,0
Crucial CT16G4SFD824A 16 GB,110,https://cdna.pcpartpicker.com/static/forever/images/product/f0817833e61dbdb46446149f2c102d62.256p.jpg,DDR4-2400,DDR4,1 x 16GB,16GB,14.167 ns,17,£6.875,Black / Green,0
Crucial CT16G4RFS4293 16 GB,,https://cdna.pcpartpicker.com/static/forever/images/product/e39e153783b1cab35004afb8c3786dcf.256p.jpg,DDR4-2933,DDR4,1 x 16GB,16GB,14.32 ns,21,,Green / Black,0
OLOy MD4U082619BBDA 16 GB,,https://cdna.pcpartpicker.com/static/forever/images/product/ac235a9418532e7325087f8f3652446a.256p.jpg,DDR4-2666,DDR4,2 x 8GB,16GB,14.254 ns,19,,Black / Red,5
HP V10 RGB 32 GB,,,DDR4-3200,DDR4,2 x 16GB,32GB,8.75 ns,14,,Silver / Black,0
PNY XLR8 8 GB,,,DDR4-3600,DDR4,1 x 8GB,8GB,10 ns,18,,Black,0
Apacer Panther 32 GB,,,DDR5-6000,DDR5,2 x 16GB,32GB,13.333 ns,40,,Silver / Black,0
TEAMGROUP T-Force Vulcanα 16 GB,,,DDR5-5200,DDR5,2 x 8GB,16GB,15.385 ns,40,,Black,0
Crucial CT2K8G48C40S5 16 GB,299.01,https://cdna.pcpartpicker.com/static/forever/images/product/c517fc06ab5b23c973429236e1965ed0.256p.jpg,DDR5-4800,DDR5,2 x 8GB,16GB,16.667 ns,40,£18.688,Black,0
Crucial CT32G4RFD424A 32 GB,423.82,,DDR4-2400,DDR4,1 x 32GB,32GB,14.167 ns,17,£13.244,,0
Silicon Power SP004GBLFU213N02 4 GB,,,DDR4-2133,DDR4,1 x 4GB,4GB,14.065 ns,15,,,0
Crucial CT2K8G4DFD8213 16 GB,,https://cdna.pcpartpicker.com/static/forever/images/product/e31c07055b35a6ee78b033026b5b6823.256p.jpg,DDR4-2133,DDR4,2 x 8GB,16GB,14.065 ns,15,,Black / Green,4.5
Corsair Vengeance LPX 4 GB,,https://cdna.pcpartpicker.com/static/forever/images/product/6dfae63c89e50ebad8eea3d8292bc197.256p.jpg,DDR4-2400,DDR4,1 x 4GB,4GB,12.5 ns,15,,Black / Yellow,5
Crucial CT4K16G4WFD8266 64 GB,,,DDR4-2666,DDR4,4 x 16GB,64GB,14.254 ns,19,,Green,0
GeIL EVO X II AMD 16 GB,,https://cdna.pcpartpicker.com/static/forever/images/product/08c61ee0b6b7e8b58c94fa9d082f0e58.256p.jpg,DDR4-3200,DDR4,2 x 8GB,16GB,10 ns,16,,Black,4.5
ADATA XPG SPECTRIX D41 32 GB,,https://cdna.pcpartpicker.com/static/forever/images/product/249c1cf310f88d75e3555e201cdefdec.256p.jpg,DDR4-3200,DDR4,2 x 16GB,32GB,10 ns,16,,Gray,0
Crucial Ballistix RGB 32 GB,,https://cdna.pcpartpicker.com/static/forever/images/product/7698f2d9a01576c4fadc9e76feae642c.256p.jpg,DDR4-3600,DDR4,2 x 16GB,32GB,8.889 ns,16,,White,4.5
GeIL GeIL EVO POTENZA AMD 32GB (2 x 16GB) 288-Pin DDR4 SDRAM DDR4 3200 (PC4 25600) Desktop Memory Model GAPB432GB3200C16ADC 32 GB,,,DDR4-3200,DDR4,2 x 16GB,32GB,10 ns,16,,Black,0
ADATA XPG LANCER 32 GB,,https://cdna.pcpartpicker.com/static/forever/images/product/4ddfdc225f34c5624b4eb80fe7039d3a.256p.jpg,DDR5-5200,DDR5,2 x 16GB,32GB,14.615 ns,38,,Black,0
VisionTek OCPC PISTA RGB 32 GB,,https://cdna.pcpartpicker.com/static/forever/images/product/d93c6f03c410697bcc3febd7b797b274.256p.jpg,DDR5-5200,DDR5,2 x 16GB,32GB,13.846 ns,36,,Gray,0
GOODRAM IRDM PRO 8 GB,,https://cdna.pcpartpicker.com/static/forever/images/product/7e38886167322c800dcd6c36c1b8a06e.256p.jpg,DDR4-3600,DDR4,1 x 8GB,8GB,10 ns,18,,White / Red,0
KingBank SharpBlade RGB 64 GB,,,DDR5-6400,DDR5,2 x 32GB,64GB,10 ns,32,,White,0
Crucial CT2K16G64C52CU5 32 GB,,https://cdna.pcpartpicker.com/static/forever/images/product/e7509a0297bfd988352c2c9e9241e179.256p.jpg,DDR5-6400,DDR5,2 x 16GB,32GB,16.25 ns,52,,Black,0
Crucial CT4G4RFS8266 4 GB,,https://cdna.pcpartpicker.com/static/forever/images/product/b1a50de95fd8542e49e5f950340e3584.256p.jpg,DDR4-2666,DDR4,1 x 4GB,4GB,14.254 ns,19,,Green / Black,0
Crucial CT48G56C46S5 48 GB,599.99,https://cdna.pcpartpicker.com/static/forever/images/product/0ddab8ba3ef515edf5f6512c29e187fa.256p.jpg,DDR5-5600,DDR5,1 x 48GB,48GB,16.429 ns,46,£12.500,Black,0
Kingston FURY Renegade 24 GB,,https://cdna.pcpartpicker.com/static/forever/images/product/56587596a0ab484912bfa7ad91235d0c.256p.jpg,DDR5-7200,DDR5,1 x 24GB,24GB,10.556 ns,38,,Silver / Black,0
TEAMGROUP T-Create Master 64 GB,1831.67,https://cdna.pcpartpicker.com/static/forever/images/product/5fbf1774c7ec6e3f44d5be9aa45efbf9.256p.jpg,DDR5-6000,DDR5,4 x 16GB,64GB,10.667 ns,32,£28.620,Black,0
Crucial CT2K32G4SFD8266 64 GB,,https://cdna.pcpartpicker.com/static/forever/images/product/3dd7a85273daa89d3696ffb97fbe43ea.256p.jpg,DDR4-2666,DDR4,2 x 32GB,64GB,14.254 ns,19,,Green / Black,0
Crucial CT16G4WFD8266 16 GB,,https://cdna.pcpartpicker.com/static/forever/images/product/e53164bcf1ca0bf5a4e9d30dbe9b329f.256p.jpg,DDR4-2666,DDR4,1 x 16GB,16GB,14.254 ns,19,,Green,0
V-Color TD48G26S819-VC 8 GB,,https://cdna.pcpartpicker.com/static/forever/images/product/2362ad9a893dc26c903ff24b53d1b7ac.256p.jpg,DDR4-2666,DDR4,1 x 8GB,8GB,14.254 ns,19,,Black,5
Gigabyte DESIGNARE 64 GB,,https://cdna.pcpartpicker.com/static/forever/images/product/a5d1ce1acd9b3a75c2522bb637a0457a.256p.jpg,DDR4-3200,DDR4,2 x 32GB,64GB,10 ns,16,,White / Black,5
TEAMGROUP T-Force Zeus 16 GB,,https://cdna.pcpartpicker.com/static/forever/images/product/7ceea80306d058fc467c0175d4d869e6.256p.jpg,DDR4-3200,DDR4,2 x 8GB,16GB,12.5 ns,20,,Red,4.5
G.Skill Trident Z Royal Elite 32 GB,,https://cdna.pcpartpicker.com/static/forever/images/product/fc68ea242d4c2ff9c579fa266583febb.256p.jpg,DDR4-4800,DDR4,2 x 16GB,32GB,8.333 ns,20,,Silver,0
G.Skill Sniper X 16 GB,,https://cdna.pcpartpicker.com/static/forever/images/product/f512116b4bcc992d284b9cf61745932b.256p.jpg,DDR4-2400,DDR4,2 x 8GB,16GB,14.167 ns,17,,Black / Camo,5
Timetec 75TT36NU2R8-16GK2 32 GB,,,DDR4-3600,DDR4,2 x 16GB,32GB,10 ns,18,,Blue,0
Kingston HyperX Predator 32 GB,379.99,https://cdna.pcpartpicker.com/static/forever/images/product/444406f6e8d8df97bc65d959fd0f7a42.256p.jpg,DDR4-3600,DDR4,2 x 16GB,32GB,9.444 ns,17,£11.875,Black / Silver,4
Mushkin Enhanced Redline Stiletto 32 GB,,https://cdna.pcpartpicker.com/static/forever/images/product/59f8da408249540a279f4ee8554a5f48.256p.jpg,DDR4-3600,DDR4,2 x 16GB,32GB,8.889 ns,16,,Black,4.5
V-Color TE532G60D830SKK 64 GB,,https://cdna.pcpartpicker.com/static/forever/images/product/82da46af7f64ecfc3ab2dd7230b60122.256p.jpg,DDR5-6000,DDR5,2 x 32GB,64GB,10 ns,30,,White,0
Crucial CT2K16G52C42S5 32 GB,,https://cdna.pcpartpicker.com/static/forever/images/product/0d74e6b06b7717cde5f3eadd08a67dff.256p.jpg,DDR5-5200,DDR5,2 x 16GB,32GB,16.154 ns,42,,Black,0
Crucial CT2K8G4SFS8266 16 GB,134,,DDR4-2666,DDR4,2 x 8GB,16GB,14.254 ns,19,£8.375,Green / Black,5
Crucial CT32G4DFD8266 32 GB,,https://cdna.pcpartpicker.com/static/forever/images/product/79e3acae3566bc81e6ebd11a9835e95c.256p.jpg,DDR4-2666,DDR4,1 x 32GB,32GB,14.254 ns,19,,Green / Black,0
Silicon Power SP064GBLVU560F22 64 GB,,https://cdna.pcpartpicker.com/static/forever/images/product/50846d13475f41999e11ab74dc1c0014.256p.jpg,DDR5-5600,DDR5,2 x 32GB,64GB,16.429 ns,46,,Black,0
Samsung M391A2K43BB1-CRC 16 GB,,https://cdna.pcpartpicker.com/static/forever/images/product/8d4d50732ad61c5d20391a93369a0e81.256p.jpg,DDR4-2400,DDR4,1 x 16GB,16GB,14.167 ns,17,,Green,0
GeIL EVO SPEAR 16 GB,,https://cdna.pcpartpicker.com/static/forever/images/product/cb8f0a6e4b730458be06794668bdfa5a.256p.jpg,DDR4-3000,DDR4,2 x 8GB,16GB,10.667 ns,16,,Black / Orange,5
Patriot Viper Elite 8 GB,,https://cdna.pcpartpicker.com/static/forever/images/product/859485e41ebc22f8965ba8a55537f069.256p.jpg,DDR4-2666,DDR4,2 x 4GB,8GB,12.003 ns,16,,Silver,4.5
Patriot Viper Elite 16 GB,,https://cdna.pcpartpicker.com/static/forever/images/product/b551e85f0a43a6b8a01234342ff6a464.256p.jpg,DDR4-2666,DDR4,2 x 8GB,16GB,12.003 ns,16,,Silver / Black,4
OLOy MD4U323216DJDA 64 GB,,https://cdna.pcpartpicker.com/static/forever/images/product/ae076b653790230e95e014df9aadbdff.256p.jpg,DDR4-3200,DDR4,2 x 32GB,64GB,10 ns,16,,Black,5
GeIL GeIL EVO POTENZA AMD 16GB (2 x 8GB) 288-Pin DDR4 SDRAM DDR4 3000 (PC4 24000) Desktop Memory Model GAPR416GB3000C16ADC 16 GB,,https://cdna.pcpartpicker.com/static/forever/images/product/5b13cbee7bc8b31163b524ee9a79b17f.256p.jpg,DDR4-3000,DDR4,2 x 8GB,16GB,10.667 ns,16,,Red / Black,5
G.Skill Trident Z Royal 128 GB,,https://cdna.pcpartpicker.com/static/forever/images/product/3f022d1fab33c9449528fcde94d7df8e.256p.jpg,DDR4-4000,DDR4,4 x 32GB,128GB,9 ns,18,,Silver,5
Acer Predator Apollo RGB 16 GB,,https://cdna.pcpartpicker.com/static/forever/images/product/bfa0435201fabf9bcb34184fc01eb866.256p.jpg,DDR4-3600,DDR4,2 x 8GB,16GB,8.889 ns,16,,Silver / Black,0
TEAMGROUP T-Force Xtreem 16 GB,,https://cdna.pcpartpicker.com/static/forever/images/product/69494f7dd82267ee6f402e610878f845.256p.jpg,DDR4-4133,DDR4,2 x 8GB,16GB,8.71 ns,18,,Black / White,4.5
G.Skill Trident Z RGB 256 GB,,https://cdna.pcpartpicker.com/static/forever/images/product/2bd51ac22f62f50071472086b46ea6f6.256p.jpg,DDR4-3600,DDR4,8 x 32GB,256GB,8.889 ns,16,,,0
Silicon Power SP008GBLFU213B02 8 GB,59.95,https://cdna.pcpartpicker.com/static/forever/images/product/155125f0c1306875bddb1209a622aa79.256p.jpg,DDR4-2133,DDR4,1 x 8GB,8GB,14.065 ns,15,£7.494,,0
TEAMGROUP T-Create Master 128 GB,,https://cdna.pcpartpicker.com/static/forever/images/product/e95991d632042d5a92709aea0f44f1ea.256p.jpg,DDR5-6400,DDR5,8 x 16GB,128GB,10 ns,32,,Black,0
Acer Predator Hera RGB 32 GB,,,DDR5-6800,DDR5,2 x 16GB,32GB,9.412 ns,32,,Black,0
Silicon Power SP064GBSVU560F22 64 GB,,https://cdna.pcpartpicker.com/static/forever/images/product/ef428acd3d626c3e4330f4fd13f8f4d2.256p.jpg,DDR5-5600,DDR5,2 x 32GB,64GB,16.429 ns,46,,Black,4
Kingston KCP421NS8/4 4 GB,79.12,,DDR4-2133,DDR4,1 x 4GB,4GB,14.065 ns,15,£19.780,Black / Green,5
G.Skill Sniper X 32 GB,303,https://cdna.pcpartpicker.com/static/forever/images/product/996b5c93305cde96fe67f1336aa4ef9d.256p.jpg,DDR4-3200,DDR4,2 x 16GB,32GB,10 ns,16,£9.469,Black / Camo,5
Silicon Power XPOWER Storm RGB 16 GB,,https://cdna.pcpartpicker.com/static/forever/images/product/5cbfb4dddb98ccc45b28d730d9e1cebf.256p.jpg,DDR5-6000,DDR5,1 x 16GB,16GB,12 ns,36,,Black,0
Kingston KVR21R15S4K4/32 32 GB,368.38,,DDR4-2133,DDR4,4 x 8GB,32GB,14.065 ns,15,£11.512,Black / Green,0
Crucial CT4K16G4RFD4213 64 GB,,https://cdna.pcpartpicker.com/static/forever/images/product/adca815e23bcfe8bd4ba0a369308a634.256p.jpg,DDR4-2133,DDR4,4 x 16GB,64GB,14.065 ns,15,,,0
PNY Anarchy 16 GB,,,DDR4-2400,DDR4,2 x 8GB,16GB,12.5 ns,15,,Black / Blue,4.5
Kingston KSM24RS8/8MEI 8 GB,100.04,https://cdna.pcpartpicker.com/static/forever/images/product/b5537d6d2876531265a93127616780ac.256p.jpg,DDR4-2400,DDR4,1 x 8GB,8GB,14.167 ns,17,£12.505,Green / Black,0
Crucial CT32G4RFD4293 32 GB,,https://cdna.pcpartpicker.com/static/forever/images/product/0c199fc5d9b13714d6efb55025a66c4a.256p.jpg,DDR4-2933,DDR4,1 x 32GB,32GB,14.32 ns,21,,Green / Black,0
ADATA XPG GAMMIX D30 32 GB,,https://cdna.pcpartpicker.com/static/forever/images/product/27f992423993c0125509a98c582debd0.256p.jpg,DDR4-3000,DDR4,2 x 16GB,32GB,10.667 ns,16,,Silver / Black,0
Samsung SAMSUNG 64GB 288-Pin DDR4 SDRAM ECC DDR4 2933 (PC4 23400) LR DIMM Model M386A8K40CM2-CVF 64 GB,469.99,https://cdna.pcpartpicker.com/static/forever/images/product/5ca1d48c7fa5a353d093eba6506fb986.256p.jpg,DDR4-2933,DDR4,1 x 64GB,64GB,14.32 ns,21,£7.344,Green / Black,0
Lexar Hades OC 16 GB,,,DDR4-3200,DDR4,1 x 16GB,16GB,11.25 ns,18,,Gray / Black,0
V-Color Manta XPrism RGB 64 GB,,,DDR5-6000,DDR5,2 x 32GB,64GB,11.333 ns,34,,Silver,0
Corsair Dominator Titanium First Edition 64 GB,,https://cdna.pcpartpicker.com/static/forever/images/product/3bd86356a8e23b6badf4e2feb416a843.256p.jpg,DDR5-6600,DDR5,2 x 32GB,64GB,9.697 ns,32,,White,5
Mushkin Enhanced Essentials 16 GB,,,DDR4-3200,DDR4,2 x 8GB,16GB,13.75 ns,22,,Black,0
Patriot Viper Elite 5 Ultra 64 GB,,https://cdna.pcpartpicker.com/static/forever/images/product/62b88bcde9d579819b245d62918524a7.256p.jpg,DDR5-6400,DDR5,2 x 32GB,64GB,10 ns,32,,Black,0
Kingston KVR21R15D4/16 16 GB,123.25,https://cdna.pcpartpicker.com/static/forever/images/product/fac0715f6ed3f6a48dc1137d8b9c6605.256p.jpg,DDR4-2133,DDR4,1 x 16GB,16GB,14.065 ns,15,£7.703,Black / Green,5
Corsair Vengeance Performance 32 GB,276.8,https://cdna.pcpartpicker.com/static/forever/images/product/9fa964cd0e4bf5afb8c7389b32bdb0a7.256p.jpg,DDR4-2666,DDR4,2 x 16GB,32GB,13.503 ns,18,£8.650,Black / Yellow,0
Patriot Viper Elite 5 Ultra RGB 48 GB,,https://cdna.pcpartpicker.com/static/forever/images/product/544b9408cd2ed3cd5de1023a628862ce.256p.jpg,DDR5-6000,DDR5,2 x 24GB,48GB,9.333 ns,28,,Black,0
Silicon Power SP016GBLFU266X22 16 GB,,,DDR4-2666,DDR4,2 x 8GB,16GB,14.254 ns,19,,,0
Crucial CT2K8G4DFS832A 16 GB,,,DDR4-3200,DDR4,2 x 8GB,16GB,13.75 ns,22,,Green / Black,5
Silicon Power SP008GBLFU240X02 8 GB,88.12,https://cdna.pcpartpicker.com/static/forever/images/product/979bc04bdab8879173b2ac03f2a74e85.256p.jpg,DDR4-2400,DDR4,1 x 8GB,8GB,14.167 ns,17,£11.015,,0
Thermaltake TOUGHRAM 16 GB,1165.54,https://cdna.pcpartpicker.com/static/forever/images/product/e3ebac695f3505b637fae2e1cf455526.256p.jpg,DDR4-4000,DDR4,2 x 8GB,16GB,9.5 ns,19,£72.846,Black / Silver,0
TEAMGROUP Elite Plus 8 GB,,https://cdna.pcpartpicker.com/static/forever/images/product/b483332f38c5a5b338332d1b62bb59d4.256p.jpg,DDR4-2400,DDR4,1 x 8GB,8GB,13.333 ns,16,,Black / Gold,5
Corsair CMV4GX4M1A2133C15 4 GB,,https://cdna.pcpartpicker.com/static/forever/images/product/24640a1d90bf0a7d35d18332a3aa21ff.256p.jpg,DDR4-2133,DDR4,1 x 4GB,4GB,14.065 ns,15,,Black,4
Acer UD100 8 GB,,https://cdna.pcpartpicker.com/static/forever/images/product/e447dc073527255bf8beb17633919127.256p.jpg,DDR4-2666,DDR4,1 x 8GB,8GB,14.254 ns,19,,Black,0
Mushkin Enhanced Redline Stiletto 64 GB,,https://cdna.pcpartpicker.com/static/forever/images/product/59f8da408249540a279f4ee8554a5f48.256p.jpg,DDR4-3200,DDR4,2 x 32GB,64GB,8.75 ns,14,,Black,0
Klevv CRAS XR5 RGB 32 GB,,,DDR5-6200,DDR5,2 x 16GB,32GB,10.323 ns,32,,White / Black,5
Kingston FURY Renegade Pro 64 GB,,https://cdna.pcpartpicker.com/static/forever/images/product/f19a579fbd8cc28059c848b09b771962.256p.jpg,DDR5-6400,DDR5,4 x 16GB,64GB,10 ns,32,,Black,0
PNY XLR8 Gaming MAKO EPIC-X RGB 32 GB,559.11,https://cdna.pcpartpicker.com/static/forever/images/product/a775f82d06d10e51c7225d800f1d9cc8.256p.jpg,DDR5-6000,DDR5,2 x 16GB,32GB,13.333 ns,40,£17.472,Black,4
G.Skill Ripjaws M5 Neo RGB 96 GB,,https://cdna.pcpartpicker.com/static/forever/images/product/be5d8e0a47861cf896776006483ab4c1.256p.jpg,DDR5-6000,DDR5,2 x 48GB,96GB,10 ns,30,,White,0
Samsung M393A1G40DB0-CPB 8 GB,,,DDR4-2133,DDR4,1 x 8GB,8GB,14.065 ns,15,,Black / Green,0
G.Skill NT 8 GB,486.39,https://cdna.pcpartpicker.com/static/forever/images/product/7fdc4acea2399b731ff370f8526ed187.256p.jpg,DDR4-2400,DDR4,1 x 8GB,8GB,12.5 ns,15,£60.799,Black,4.5
Crucial CT2K32G52C42U5 64 GB,,https://cdna.pcpartpicker.com/static/forever/images/product/99db9f41181bde47ef1807984f13883c.256p.jpg,DDR5-5200,DDR5,2 x 32GB,64GB,16.154 ns,42,,Black,0
V-Color TRA532G64D832O 256 GB,,https://cdna.pcpartpicker.com/static/forever/images/product/8c6c158c50f960e11b23d3570ff5e88f.256p.jpg,DDR5-6400,DDR5,8 x 32GB,256GB,10 ns,32,,Black,0
Kingston HyperX Savage 8 GB,,https://cdna.pcpartpicker.com/static/forever/images/product/fdda73e23f6c244895f84cf3ca4b8372.256p.jpg,DDR4-2800,DDR4,1 x 8GB,8GB,10 ns,14,,Black / White,0
Corsair Dominator Platinum 64 GB,,https://cdna.pcpartpicker.com/static/forever/images/product/a18df498ce92e05fcaec732ed3960cde.256p.jpg,DDR4-3200,DDR4,4 x 16GB,64GB,10 ns,16,,Black / Silver,5
G.Skill FORTIS 64 GB,1439.12,,DDR4-2400,DDR4,4 x 16GB,64GB,12.5 ns,15,£22.486,Black / Red,0
Klevv BOLT 8 GB,,,DDR4-3000,DDR4,1 x 8GB,8GB,10 ns,15,,Black / Gold,0
Kingston HyperX Predator RGB 32 GB,,https://cdna.pcpartpicker.com/static/forever/images/product/8de32f50ab68e4fbf884b36642bf60f1.256p.jpg,DDR4-3000,DDR4,2 x 16GB,32GB,10 ns,15,,Black,0
Crucial CT2K4G4DFS632A 8 GB,,,DDR4-3200,DDR4,2 x 4GB,8GB,13.75 ns,22,,Green / Black,0
Kingston KSM26ED8/16ME 16 GB,,https://cdna.pcpartpicker.com/static/forever/images/product/e274490f1e14ef6f74c1c65281ee0609.256p.jpg,DDR4-2666,DDR4,1 x 16GB,16GB,14.254 ns,19,,Green,5
TEAMGROUP Team T-FORCE VULCAN Z 32GB 288-Pin DDR4 SDRAM DDR4 3000 (PC4 24000) Desktop Memory Model TLZRD432G3000HC16C01 32 GB,,https://cdna.pcpartpicker.com/static/forever/images/product/e3488d1b7a025327c3252101cc31cb6a.256p.jpg,DDR4-3000,DDR4,1 x 32GB,32GB,10.667 ns,16,,Red,0
Antec Katana RGB 16 GB,,https://cdna.pcpartpicker.com/static/forever/images/product/e22c4906f20b3c4123ddaaf9cfa3e251.256p.jpg,DDR4-3600,DDR4,2 x 8GB,16GB,10 ns,18,,Black,4
Neo Forza MARS 16 GB,,https://cdna.pcpartpicker.com/static/forever/images/product/4f9a4217798b5b776e3623fa08e7d790.256p.jpg,DDR4-3200,DDR4,2 x 8GB,16GB,10 ns,16,,Gray / Black,0
Neo Forza FAYE 8 GB,,https://cdna.pcpartpicker.com/static/forever/images/product/9f2a175fff05cc4c0a0668800075473e.256p.jpg,DDR4-3200,DDR4,1 x 8GB,8GB,10 ns,16,,Silver / Black,0
Klevv BOLT XR 16 GB,,https://cdna.pcpartpicker.com/static/forever/images/product/b10b6740520a0b691cabc72ceff75eda.256p.jpg,DDR4-3600,DDR4,2 x 8GB,16GB,10 ns,18,,Gold,0
Corsair Dominator Platinum RGB 128 GB,,https://cdna.pcpartpicker.com/static/forever/images/product/e2298fa5997ad4589a93788539b6366a.256p.jpg,DDR4-3200,DDR4,4 x 32GB,128GB,10 ns,16,,Black,0
ADATA XPG GAMMIX D45 8 GB,,https://cdna.pcpartpicker.com/static/forever/images/product/b60f63245135d0ab3f7b525458fa7e17.256p.jpg,DDR4-3200,DDR4,1 x 8GB,8GB,10 ns,16,,Black,4
Thermaltake TOUGHRAM XG RGB 64 GB,,,DDR4-3600,DDR4,2 x 32GB,64GB,10 ns,18,,White / Silver,0
Crucial CT32G52C42U5 32 GB,,https://cdna.pcpartpicker.com/static/forever/images/product/4dd4838a52e81eaa083a4603f673499a.256p.jpg,DDR5-5200,DDR5,1 x 32GB,32GB,16.154 ns,42,,Black,0
Crucial Ballistix MAX RGB 32 GB,,,DDR4-4400,DDR4,2 x 16GB,32GB,8.636 ns,19,,Black,0
Mushkin Redline ST 64 GB,,https://cdna.pcpartpicker.com/static/forever/images/product/fb649a7689224b933bda487efdc42afa.256p.jpg,DDR5-6400,DDR5,2 x 32GB,64GB,9.375 ns,30,,Black,0
Kingston FURY Impact 64 GB,919.98,https://cdna.pcpartpicker.com/static/forever/images/product/ed356c337ab4a9ac48a75cd180f3233e.256p.jpg,DDR5-5600,DDR5,2 x 32GB,64GB,14.286 ns,40,£14.375,Black,0
Silicon Power SP016GBSVU520F02 16 GB,,https://cdna.pcpartpicker.com/static/forever/images/product/3405bd7ebad1205261ec65aa24fefad4.256p.jpg,DDR5-5200,DDR5,1 x 16GB,16GB,16.154 ns,42,,Black,0
Lexar LD4AS008G-B3200GSST 8 GB,,https://cdna.pcpartpicker.com/static/forever/images/product/bb68460efdb3cefbac514c89fda2bfdf.256p.jpg,DDR4-3200,DDR4,1 x 8GB,8GB,13.75 ns,22,,Black,0
Crucial CT32G4RFD4213 32 GB,,,DDR4-2133,DDR4,1 x 32GB,32GB,14.065 ns,15,,Green / Black,0
Silicon Power SP032GBLFU266X22 32 GB,,https://cdna.pcpartpicker.com/static/forever/images/product/e1dd1d0ddc8f5b47a87bebbfcab7d20b.256p.jpg,DDR4-2666,DDR4,2 x 16GB,32GB,14.254 ns,19,,,0
Mushkin Silverline 4 GB,114,,DDR4-2133,DDR4,1 x 4GB,4GB,14.065 ns,15,£28.500,Silver,0
Kingston KSM26RD8/16HAI 16 GB,,,DDR4-2666,DDR4,2 x 8GB,16GB,14.254 ns,19,,Green / Black,0
Silicon Power XPOWER Gaming 32 GB,,https://cdna.pcpartpicker.com/static/forever/images/product/e65cfb479fbaa0676fddbcb203608d89.256p.jpg,DDR4-3200,DDR4,2 x 16GB,32GB,10 ns,16,,Gray,0
Crucial CT4K16G4DFD8213 64 GB,,https://cdna.pcpartpicker.com/static/forever/images/product/77c042c6df4191fd0a02ceb44eb6a6f7.256p.jpg,DDR4-2133,DDR4,4 x 16GB,64GB,14.065 ns,15,,Black / Green,0
Patriot Viper 4 Blackout 8 GB,174.65,,DDR4-3200,DDR4,2 x 4GB,8GB,11.875 ns,19,£21.831,Black,5
Thermaltake H-ONE 16 GB,555.03,https://cdna.pcpartpicker.com/static/forever/images/product/7f71e0bb499e00a144598886d74d0d23.256p.jpg,DDR4-3200,DDR4,2 x 8GB,16GB,10 ns,16,£34.689,Black / Silver,5
Kingston Predator 32 GB,,,DDR4-3000,DDR4,2 x 16GB,32GB,10 ns,15,,Black,5
TEAMGROUP Dark Pro 16 GB,,https://cdna.pcpartpicker.com/static/forever/images/product/b3d8f9b18fb65e4bd8d60dbe97786b08.256p.jpg,DDR4-3200,DDR4,2 x 8GB,16GB,8.75 ns,14,,Black,5
G.Skill TridentZ RGB 128 GB,,https://cdna.pcpartpicker.com/static/forever/images/product/58094b78d0fd3465fbcb3882fe21d642.256p.jpg,DDR4-3600,DDR4,8 x 16GB,128GB,7.778 ns,14,,Black,0
GeIL Pristine 16 GB,,https://cdna.pcpartpicker.com/static/forever/images/product/6d31586cc2f1864f783726492bdc7bfa.256p.jpg,DDR4-2400,DDR4,1 x 16GB,16GB,13.333 ns,16,,Black,0
Samsung M393A8G40MB2-CVF 64 GB,,https://cdna.pcpartpicker.com/static/forever/images/product/d14719f5be2c69dc8f600f655535b99d.256p.jpg,DDR4-2933,DDR4,1 x 64GB,64GB,14.32 ns,21,,Green / Black,0
Kingston HyperX Fury 128 GB,,https://cdna.pcpartpicker.com/static/forever/images/product/a090468c73a06d37a35ca9e744090751.256p.jpg,DDR4-3600,DDR4,4 x 32GB,128GB,10 ns,18,,Black,0
Crucial CT16G4RFD8266-2G6E1 16 GB,,https://cdna.pcpartpicker.com/static/forever/images/product/139cd7e4add589c33a88cb98feaf36b2.256p.jpg,DDR4-2666,DDR4,1 x 16GB,16GB,14.254 ns,19,,Green / Black,0
TEAMGROUP T-Force Dark Pro 8Pack Ripped Edition 16 GB,,https://cdna.pcpartpicker.com/static/forever/images/product/65cce5191b686b173f484f7a33153d24.256p.jpg,DDR4-3600,DDR4,2 x 8GB,16GB,7.778 ns,14,,Black / Silver,0
Kingston HyperX Fury RGB 64 GB,,https://cdna.pcpartpicker.com/static/forever/images/product/fe9d67f96675c923ac6730a1d5e0aa9d.256p.jpg,DDR4-3200,DDR4,2 x 32GB,64GB,10 ns,16,,Black,0
G.Skill Trident Z Neo (For AMD Ryzen) 32 GB,,,DDR4-2666,DDR4,2 x 16GB,32GB,13.503 ns,18,,Black / White,0
G.Skill TridentZ RGB 256 GB,,,DDR4-3200,DDR4,8 x 32GB,256GB,8.75 ns,14,,Black,0
V-Color Prism Pro 16 GB,,https://cdna.pcpartpicker.com/static/forever/images/product/31e1f2e233b76af0bbc5cd319ab9979e.256p.jpg,DDR4-3600,DDR4,2 x 8GB,16GB,10 ns,18,,Black,0
V-Color SKYWALKER PLUS 32 GB,,https://cdna.pcpartpicker.com/static/forever/images/product/da486d8fba0b9e8f157229a666f3a6cb.256p.jpg,DDR4-3200,DDR4,2 x 16GB,32GB,10 ns,16,,Silver / Black,0
ADATA XPG GAMMIX D45 32 GB,,https://cdna.pcpartpicker.com/static/forever/images/product/58f02a71c0aa3c68cae04957b9774b04.256p.jpg,DDR4-3200,DDR4,2 x 16GB,32GB,10 ns,16,,Black,0
Mushkin Redline Lumina 16 GB,,https://cdna.pcpartpicker.com/static/forever/images/product/b51a21bc01027032ccebed1ae37b9c6d.256p.jpg,DDR4-3600,DDR4,2 x 8GB,16GB,10 ns,18,,Black,2
Kingston ValueRAM 64 GB,,https://cdna.pcpartpicker.com/static/forever/images/product/c7c05085dd45e1a8b01c9175ed0ad4c4.256p.jpg,DDR5-5600,DDR5,2 x 32GB,64GB,16.429 ns,46,,Green / Black,0
G.Skill Zeta R5 Neo 192 GB,,https://cdna.pcpartpicker.com/static/forever/images/product/7d7a197766e27b5e7f34745bd0d206ad.256p.jpg,DDR5-6400,DDR5,4 x 48GB,192GB,10 ns,32,,Black,0
Corsair CMT32GX5M2X7800C36 32 GB,,https://cdna.pcpartpicker.com/static/forever/images/product/ab31a5d18cf7a7ac637a3fc3289d5137.256p.jpg,DDR5-7800,DDR5,2 x 16GB,32GB,9.231 ns,36,,Black,0
Klevv Urbane V RGB 64 GB,,,DDR5-6400,DDR5,2 x 32GB,64GB,9.375 ns,30,,White,0
Patriot Viper Xtreme 5 RGB 32 GB,1107.91,https://cdna.pcpartpicker.com/static/forever/images/product/45c3ebcaf2c5da19932722c7953fdb8d.256p.jpg,DDR5-8000,DDR5,2 x 16GB,32GB,9.5 ns,38,£34.622,Black,0
TEAMGROUP Night Hawk RGB 16 GB,,https://cdna.pcpartpicker.com/static/forever/images/product/5081876bd5a7b4cb146ef23620b9a289.256p.jpg,DDR4-3200,DDR4,2 x 8GB,16GB,10 ns,16,,White,4.5
Crucial CT4K16G4DFD824A 64 GB,,https://cdna.pcpartpicker.com/static/forever/images/product/dd68aaf7deb2342133a00ece0335a0e2.256p.jpg,DDR4-2400,DDR4,4 x 16GB,64GB,14.167 ns,17,,Green / Black,0
Lexar Ares RGB 2nd Gen 48 GB,,,DDR5-8000,DDR5,2 x 24GB,48GB,10 ns,40,,Black,0
ADATA XPG Z1 32 GB,,,DDR4-2400,DDR4,4 x 8GB,32GB,13.333 ns,16,,Red / Black,5
Kingston KTM-SX421LQ/32G 32 GB,,https://cdna.pcpartpicker.com/static/forever/images/product/9c48d254ba3604856f8e79110676267a.256p.jpg,DDR4-2133,DDR4,1 x 32GB,32GB,14.065 ns,15,,Black / Green,0
Crucial CT4K16G4VFS4266 64 GB,,,DDR4-2666,DDR4,4 x 16GB,64GB,14.254 ns,19,,Green / Black,0
Crucial CT4K8G4DFD824A 32 GB,,https://cdna.pcpartpicker.com/static/forever/images/product/53806a3bc115050f42897c4157870a47.256p.jpg,DDR4-2400,DDR4,4 x 8GB,32GB,14.167 ns,17,,Green / Black,0
OLOy MD4U163016CGDA 32 GB,,https://cdna.pcpartpicker.com/static/forever/images/product/ad3f405fb742be32d7e1b894497ac961.256p.jpg,DDR4-3000,DDR4,2 x 16GB,32GB,10.667 ns,16,,Black,5
TEAMGROUP T-Force Zeus 32 GB,226.33,,DDR4-3200,DDR4,1 x 32GB,32GB,13.75 ns,22,£7.073,Red / Black,0
HP V10 RGB 16 GB,,,DDR4-3600,DDR4,2 x 8GB,16GB,7.778 ns,14,,Silver / Black,0
GeIL Orion RGB AMD Edition 32 GB,,https://cdna.pcpartpicker.com/static/forever/images/product/58f4c4f77bfca5090a8d588940ef2149.256p.jpg,DDR4-3200,DDR4,2 x 16GB,32GB,10 ns,16,,Red,0
ADATA XPG GAMMIX D45 64 GB,,https://cdna.pcpartpicker.com/static/forever/images/product/58f02a71c0aa3c68cae04957b9774b04.256p.jpg,DDR4-3200,DDR4,2 x 32GB,64GB,10 ns,16,,Black,5
Kingston KSM48E40BD8KM-32HM 32 GB,,https://cdna.pcpartpicker.com/static/forever/images/product/0f56004972011d651b80ce3d22a00671.256p.jpg,DDR5-4800,DDR5,1 x 32GB,32GB,16.667 ns,40,,Green,0
Mushkin Enhanced Essentials 64 GB,,,DDR4-2933,DDR4,2 x 32GB,64GB,14.32 ns,21,,Black,0
V-Color TRA548G64D832O 384 GB,,https://cdna.pcpartpicker.com/static/forever/images/product/3084988de379eff3b0dabf4c6d6b3c7b.256p.jpg,DDR5-6400,DDR5,8 x 48GB,384GB,10 ns,32,,Black,0
Klevv CRAS V RGB ROG CERTIFIED 48 GB,,,DDR5-7200,DDR5,2 x 24GB,48GB,9.444 ns,34,,White / Black,0
Crucial CT8G4SFS8266 8 GB,64.84,https://cdna.pcpartpicker.com/static/forever/images/product/069f51209cf9f3650d20ed2bd04ff15b.256p.jpg,DDR4-2666,DDR4,1 x 8GB,8GB,14.254 ns,19,£8.105,Green / Black,0
G.Skill Ripjaws 128 GB,3228.17,https://cdna.pcpartpicker.com/static/forever/images/product/5aadbbb9eba7d5e83667564317e5ac61.256p.jpg,DDR5-5600,DDR5,2 x 64GB,128GB,16.429 ns,46,£25.220,Black,0
Mushkin Proline 8 GB,133,https://cdna.pcpartpicker.com/static/forever/images/product/dc35d54262504291e0bc0c2682d85c07.256p.jpg,DDR4-2133,DDR4,1 x 8GB,8GB,14.065 ns,15,£16.625,,0
Patriot PSD416G2133K 16 GB,,,DDR4-2133,DDR4,2 x 8GB,16GB,14.065 ns,15,,Green,5
G.Skill F4-3600C17D-32GTZSW 32 GB,,https://cdna.pcpartpicker.com/static/forever/images/product/f62a7aebad7cd96774d98a28473b2e79.256p.jpg,DDR4-3600,DDR4,2 x 16GB,32GB,9.444 ns,17,,Gray / White,0
Silicon Power SP016GBLFU266B02 16 GB,611.99,,DDR4-2666,DDR4,1 x 16GB,16GB,14.254 ns,19,£38.249,,0
Lexar LD4AS016G-B3200GSST 16 GB,140.18,https://cdna.pcpartpicker.com/static/forever/images/product/16ad9dc2c0d00b5a938ab5a3f0b9b377.256p.jpg,DDR4-3200,DDR4,1 x 16GB,16GB,13.75 ns,22,£8.761,Black,0
Kingston KTD-PE421/16G 16 GB,207.19,https://cdna.pcpartpicker.com/static/forever/images/product/b26d35701fa92b4330a8551d1481b360.256p.jpg,DDR4-2133,DDR4,1 x 16GB,16GB,14.065 ns,15,£12.949,Green,0
G.Skill NT 16 GB,,https://cdna.pcpartpicker.com/static/forever/images/product/93d77cddc2ffaf0c37ccb0cb4074477d.256p.jpg,DDR4-2133,DDR4,2 x 8GB,16GB,14.065 ns,15,,Black,5
Crucial CT9029050 32 GB,,,DDR4-2400,DDR4,2 x 16GB,32GB,14.167 ns,17,,Green,0
Apacer Commando 16 GB,,,DDR4-2666,DDR4,2 x 8GB,16GB,12.003 ns,16,,Black / Red,0
ADATA XPG SPECTRIX D80 16 GB,,https://cdna.pcpartpicker.com/static/forever/images/product/649176092e4b40e6bd97ae6db7252284.256p.jpg,DDR4-3000,DDR4,2 x 8GB,16GB,10.667 ns,16,,Red,4
TEAMGROUP T-Force Dark 16 GB,,https://cdna.pcpartpicker.com/static/forever/images/product/8a78b27b8f16741873c151b944834bc1.256p.jpg,DDR4-2400,DDR4,2 x 8GB,16GB,11.667 ns,14,,Red / Black,0
V-Color SKYWALKER PRISM RGB 16 GB,,https://cdna.pcpartpicker.com/static/forever/images/product/0e7a1008d80c2a3b6c3e5d7d2f0bc235.256p.jpg,DDR4-3200,DDR4,2 x 8GB,16GB,10 ns,16,,Silver,4.5
V-Color Prism Plus RGB 16 GB,,https://cdna.pcpartpicker.com/static/forever/images/product/3bdd0b9b9c5778fb7fbc5e844aab7151.256p.jpg,DDR4-3200,DDR4,2 x 8GB,16GB,10 ns,16,,Black,0
Neo Forza NMUD480E82-3200DB21 16 GB,,,DDR4-3200,DDR4,2 x 8GB,16GB,10 ns,16,,Black,0
ADATA XPG GAMMIX D20 64 GB,,,DDR4-3200,DDR4,2 x 32GB,64GB,10 ns,16,,Black,5
Kingston KSM26ED8/32ME 32 GB,,https://cdna.pcpartpicker.com/static/forever/images/product/7e5ffef5db56f121850c528e708463ec.256p.jpg,DDR4-2666,DDR4,1 x 32GB,32GB,14.254 ns,19,,Green,0
Acer Predator Apollo RGB 32 GB,,,DDR4-3200,DDR4,2 x 16GB,32GB,10 ns,16,,Silver / Black,0
Kingston Fury Beast RGB Special Edition 16 GB,,https://cdna.pcpartpicker.com/static/forever/images/product/25aec09774cf3030d1edc27e00b0a59e.256p.jpg,DDR4-3600,DDR4,2 x 8GB,16GB,9.444 ns,17,,White,3.5
Mushkin Redline ST 16 GB,,,DDR5-5600,DDR5,1 x 16GB,16GB,10 ns,28,,Black,0
V-Color TRA548G72D834Q 192 GB,,,DDR5-7200,DDR5,4 x 48GB,192GB,9.444 ns,34,,White,0
G.Skill Zeta R5 Neo 128 GB,,https://cdna.pcpartpicker.com/static/forever/images/product/22f4ac0cb0831ab102dfd844b69905c5.256p.jpg,DDR5-6000,DDR5,4 x 32GB,128GB,10 ns,30,,Black,0
V-Color TRA524G72S836O 192 GB,,https://cdna.pcpartpicker.com/static/forever/images/product/95b54c7ac344c7d27990459981f11f46.256p.jpg,DDR5-7200,DDR5,8 x 24GB,192GB,10 ns,36,,Black,0
Thermaltake TOUGHRAM RGB D5 32 GB,,,DDR5-6400,DDR5,2 x 16GB,32GB,10 ns,32,,White / Silver,0
V-Color TE516G60S828SKK 32 GB,,https://cdna.pcpartpicker.com/static/forever/images/product/82da46af7f64ecfc3ab2dd7230b60122.256p.jpg,DDR5-6000,DDR5,2 x 16GB,32GB,9.333 ns,28,,White,0
Silicon Power SP024GBSVU560P02 24 GB,,https://cdna.pcpartpicker.com/static/forever/images/product/0fe88942484e73c383fc5132ab34f640.256p.jpg,DDR5-5600,DDR5,1 x 24GB,24GB,16.429 ns,46,,Black,0
Corsair Vengeance Performance 16 GB,154.99,https://cdna.pcpartpicker.com/static/forever/images/product/a640bfdfe54f8cdeec7ef1719e9ea344.256p.jpg,DDR4-2666,DDR4,2 x 8GB,16GB,13.503 ns,18,£9.687,Black / Yellow,0
Kingston KSM48R40BD4TMM-64HMR 64 GB,,https://cdna.pcpartpicker.com/static/forever/images/product/2f97988db3a46477d69f1a5b159d110f.256p.jpg,DDR5-4800,DDR5,1 x 64GB,64GB,16.667 ns,40,,Green,0
Patriot Viper LED 16 GB,,https://cdna.pcpartpicker.com/static/forever/images/product/9b833ddb1af4c7c9ee5458671ee72e14.256p.jpg,DDR4-2400,DDR4,2 x 8GB,16GB,11.667 ns,14,,Black / Red,0
TEAMGROUP Night Hawk RGB Gen 2 32 GB,,https://cdna.pcpartpicker.com/static/forever/images/product/360e6d3feacb86af1c8aa748fd17fc3f.256p.jpg,DDR4-3600,DDR4,2 x 16GB,32GB,10 ns,18,,Black,0
Mushkin Enhanced Essentials 32 GB,,,DDR4-3200,DDR4,2 x 16GB,32GB,13.75 ns,22,,Black,0
G.Skill Ripjaws 4 32 GB,,https://cdna.pcpartpicker.com/static/forever/images/product/b3d81527f859d658bd26dcf6fe1d19b2.256p.jpg,DDR4-3000,DDR4,4 x 8GB,32GB,10 ns,15,,Black,4
Klevv CRAS 32 GB,,,DDR4-2666,DDR4,4 x 8GB,32GB,11.253 ns,15,,Black / Silver,0
Kingston KVR21N15D8/8 8 GB,,,DDR4-2133,DDR4,1 x 8GB,8GB,14.065 ns,15,,Black / Green,3
AMD R7 Performance 8 GB,,,DDR4-2400,DDR4,1 x 8GB,8GB,12.5 ns,15,,Black / Red,5
Avexir Core 16 GB,,https://cdna.pcpartpicker.com/static/forever/images/product/81b5b7c230f2d26969ac3b250d12639c.256p.jpg,DDR4-2400,DDR4,2 x 8GB,16GB,13.333 ns,16,,Black / Red,4.5
Corsair Vengeance LED 32 GB,,https://cdna.pcpartpicker.com/static/forever/images/product/21b8a769203edf9a2f4450ae275aba98.256p.jpg,DDR4-3000,DDR4,4 x 8GB,32GB,10 ns,15,,Black / White,4.5
Kingston KCP421ND8/16 16 GB,208.86,https://cdna.pcpartpicker.com/static/forever/images/product/38a4f4d9506605e6183b2056d2bd3cd6.256p.jpg,DDR4-2133,DDR4,1 x 16GB,16GB,14.065 ns,15,£13.054,Green / Black,0
GeIL SUPER LUCE RGB SYNC 32 GB,,https://cdna.pcpartpicker.com/static/forever/images/product/139b0c2f8d47dd4353fa04a8bddf5b7b.256p.jpg,DDR4-3000,DDR4,2 x 16GB,32GB,10.667 ns,16,,Black,0
Crucial Ballistix Elite 8 GB,,https://cdna.pcpartpicker.com/static/forever/images/product/df2ad142022ee76a2911e4b6ca75c8e2.256p.jpg,DDR4-3600,DDR4,1 x 8GB,8GB,8.889 ns,16,,Black,5
GeIL EVO POTENZA 32 GB,,https://cdna.pcpartpicker.com/static/forever/images/product/339ee00350ffee7b86815acd3a94f4ab.256p.jpg,DDR4-3200,DDR4,2 x 16GB,32GB,10 ns,16,,Black,4
Crucial Ballistix MAX 32 GB,,https://cdna.pcpartpicker.com/static/forever/images/product/78426bb44506f17137884725fca91f70.256p.jpg,DDR4-4400,DDR4,2 x 16GB,32GB,8.636 ns,19,,Black,0
Thermaltake H-ONE 8 GB,,https://cdna.pcpartpicker.com/static/forever/images/product/72a677c0b1904236446d7f2fadc7fe64.256p.jpg,DDR4-2666,DDR4,1 x 8GB,8GB,14.254 ns,19,,Black / Silver,0
OLOy OWL 16 GB,,https://cdna.pcpartpicker.com/static/forever/images/product/69790ebe47c0084e419e706132f5b4e5.256p.jpg,DDR4-3000,DDR4,2 x 8GB,16GB,10.667 ns,16,,Orange,0
Thermaltake TOUGHRAM RGB 32 GB,259.99,https://cdna.pcpartpicker.com/static/forever/images/product/feeb56ceec3f730f207dad8e71aec04e.256p.jpg,DDR4-3600,DDR4,2 x 16GB,32GB,10 ns,18,£8.125,Black / Silver,3
Silicon Power SP016GXLZU320BDAAD 16 GB,,https://cdna.pcpartpicker.com/static/forever/images/product/61e2ce2e2c002df6dbb5b5a89f8b7266.256p.jpg,DDR4-3200,DDR4,2 x 8GB,16GB,10 ns,16,,Black / Silver,4
Silicon Power SP004GBLFU266X02 4 GB,43.12,,DDR4-2666,DDR4,1 x 4GB,4GB,14.254 ns,19,£10.780,,0
Timetec PINNACLE Konduit 64 GB,,https://cdna.pcpartpicker.com/static/forever/images/product/4286b9627862684b4b2d30d8c2b2b8dc.256p.jpg,DDR4-3600,DDR4,2 x 32GB,64GB,10 ns,18,,White,0
Crucial CT16G48C40D8U5 16 GB,,,DDR5-4800,DDR5,1 x 16GB,16GB,16.667 ns,40,,Black,0
Crucial CT2K4G4DFS6266 8 GB,,,DDR4-2666,DDR4,2 x 4GB,8GB,14.254 ns,19,,Green,0
GeIL ORION V RGB 16 GB,,,DDR5-5200,DDR5,1 x 16GB,16GB,13.077 ns,34,,Black,0
OLOy Blade 32 GB,,https://cdna.pcpartpicker.com/static/forever/images/product/5f8e0161bf46df08cb369476cf618937.256p.jpg,DDR5-6000,DDR5,2 x 16GB,32GB,10.667 ns,32,,Black,0
Mushkin Redline ST 32 GB,,https://cdna.pcpartpicker.com/static/forever/images/product/fb649a7689224b933bda487efdc42afa.256p.jpg,DDR5-6400,DDR5,2 x 16GB,32GB,9.375 ns,30,,Black,0
Patriot Viper Elite 5 RGB TUF GAMING ALLIANCE 48 GB,,https://cdna.pcpartpicker.com/static/forever/images/product/7b8c4af9efaefd074267f472fa62611d.256p.jpg,DDR5-6600,DDR5,2 x 24GB,48GB,10.303 ns,34,,White,0
V-Color TE548G60D830SKK 96 GB,,https://cdna.pcpartpicker.com/static/forever/images/product/33b8280a31dafa9875de694f4db37adc.256p.jpg,DDR5-6000,DDR5,2 x 48GB,96GB,10 ns,30,,White,0
PNY MN32GSD43200-TB 32 GB,205.95,https://cdna.pcpartpicker.com/static/forever/images/product/ee36b7a1e365e432d911e19fef23e254.256p.jpg,DDR4-3200,DDR4,1 x 32GB,32GB,13.75 ns,22,£6.436,Black,0
Silicon Power SP032GBSFU320F02 32 GB,,,DDR4-3200,DDR4,1 x 32GB,32GB,13.75 ns,22,,,0
Crucial CT2K16G4SFD8213 32 GB,,,DDR4-2133,DDR4,2 x 16GB,32GB,14.065 ns,15,,Black / Green,0
Samsung M471A4G43MB1 32 GB,,https://cdna.pcpartpicker.com/static/forever/images/product/7556cbf3085ad67cff2f58d95b7cfc7c.256p.jpg,DDR4-2666,DDR4,1 x 32GB,32GB,14.254 ns,19,,Green / Black,0
Kingston Impact 16 GB,,https://cdna.pcpartpicker.com/static/forever/images/product/00243f53152ec749fad69e668719f010.256p.jpg,DDR4-2133,DDR4,2 x 8GB,16GB,12.189 ns,13,,Black / Silver,0
Silicon Power SP064GBSFU320X22 64 GB,,https://cdna.pcpartpicker.com/static/forever/images/product/05f149174be59eb74ecd2172236d5166.256p.jpg,DDR4-3200,DDR4,1 x 64GB,64GB,13.75 ns,22,,,0
Lenovo Total Micro 16 GB,205.04,https://cdna.pcpartpicker.com/static/forever/images/product/4cc6413b1b8eb580714efecd027e8b7a.256p.jpg,DDR4-2666,DDR4,1 x 16GB,16GB,14.254 ns,19,£12.815,Black,0
Crucial CT16G4XFD8266 16 GB,,https://cdna.pcpartpicker.com/static/forever/images/product/1904dbfe284035dc98c51703f412e9ca.256p.jpg,DDR4-2666,DDR4,1 x 16GB,16GB,14.254 ns,19,,Green / Black,0
TEAMGROUP T-Force Night Hawk Legend RGB 32 GB,,https://cdna.pcpartpicker.com/static/forever/images/product/5e83a446ee8d7d002266d6437f7c4dc5.256p.jpg,DDR4-3200,DDR4,2 x 16GB,32GB,10 ns,16,,Black,5
Corsair Vengeance Performance 8 GB,73.96,https://cdna.pcpartpicker.com/static/forever/images/product/0869e4ea6f6228fc5b2a7c47bec5836a.256p.jpg,DDR4-2400,DDR4,1 x 8GB,8GB,13.333 ns,16,£9.245,Black / Yellow,0
Crucial CT4K8G4DFD8213 32 GB,,https://cdna.pcpartpicker.com/static/forever/images/product/8133d4cb016e81e161e259b3f723037b.256p.jpg,DDR4-2133,DDR4,4 x 8GB,32GB,14.065 ns,15,,Black / Green,4.5
Klevv CRAS 16 GB,,,DDR4-3000,DDR4,4 x 4GB,16GB,10.667 ns,16,,Black / Silver,0
Crucial Ballistix Sport LT 64 GB,,https://cdna.pcpartpicker.com/static/forever/images/product/33ba3e76622283128d2c0db273dfbfa4.256p.jpg,DDR4-2400,DDR4,4 x 16GB,64GB,13.333 ns,16,,White,0
TEAMGROUP TED48G2400C1601 8 GB,,https://cdna.pcpartpicker.com/static/forever/images/product/951c37599a96fae80a735310f0bd1954.256p.jpg,DDR4-2400,DDR4,1 x 8GB,8GB,13.333 ns,16,,,0
Crucial CT8G4WFD8266 8 GB,,https://cdna.pcpartpicker.com/static/forever/images/product/804bf100ac277c57f479a6eec9c25c5c.256p.jpg,DDR4-2666,DDR4,1 x 8GB,8GB,14.254 ns,19,,Green,0
Klevv BOLT 16 GB,,,DDR4-3000,DDR4,1 x 16GB,16GB,10 ns,15,,Black / Gold,0
Crucial Ballistix Sport AT 16 GB,,https://cdna.pcpartpicker.com/static/forever/images/product/36645b9fb5981f23585a322604f428d9.256p.jpg,DDR4-3200,DDR4,2 x 8GB,16GB,10 ns,16,,Silver / Black,5
V-Color SKYWALKER 16 GB,,https://cdna.pcpartpicker.com/static/forever/images/product/e3523011310dcad77dd5afe0fdab000b.256p.jpg,DDR4-3000,DDR4,2 x 8GB,16GB,10 ns,15,,Black / Silver,5
OLOy MD4U083016BGDA 16 GB,,https://cdna.pcpartpicker.com/static/forever/images/product/ae076b653790230e95e014df9aadbdff.256p.jpg,DDR4-3000,DDR4,2 x 8GB,16GB,10.667 ns,16,,Black,4.5
GeIL EVO SPEAR 32 GB,,https://cdna.pcpartpicker.com/static/forever/images/product/cb8f0a6e4b730458be06794668bdfa5a.256p.jpg,DDR4-3200,DDR4,2 x 16GB,32GB,10 ns,16,,Black / Orange,0
OLOy WarHawk RGB 64 GB,,https://cdna.pcpartpicker.com/static/forever/images/product/d4424a4e0d5561f1c7ba4e9e0c70af12.256p.jpg,DDR4-3000,DDR4,2 x 32GB,64GB,10.667 ns,16,,Black / Silver,0
G.Skill Trident Z Neo 256 GB,,https://cdna.pcpartpicker.com/static/forever/images/product/1370f670e619950a35c6f024b55cd2c9.256p.jpg,DDR4-3600,DDR4,8 x 32GB,256GB,10 ns,18,,Silver / Black,0
OLOy OWL 32 GB,,https://cdna.pcpartpicker.com/static/forever/images/product/69790ebe47c0084e419e706132f5b4e5.256p.jpg,DDR4-3200,DDR4,2 x 16GB,32GB,10 ns,16,,Orange,0
Timetec 75TT32NU2R8-16GK2 32 GB,,,DDR4-3200,DDR4,2 x 16GB,32GB,10 ns,16,,Black,0
Corsair Vengeance RGB RT 64 GB,536.75,https://cdna.pcpartpicker.com/static/forever/images/product/d533fcdf27cb51bbb1962f120b719707.256p.jpg,DDR4-3600,DDR4,2 x 32GB,64GB,10 ns,18,£8.387,Black,0
G.Skill Trident Z Royal Elite 64 GB,,https://cdna.pcpartpicker.com/static/forever/images/product/08245ec3281d7002203b62ae3e64398f.256p.jpg,DDR4-4266,DDR4,4 x 16GB,64GB,8.908 ns,19,,Silver,0
Kingston FURY Renegade 8 GB,,https://cdna.pcpartpicker.com/static/forever/images/product/c183272c8def7d4358587b43888ebfce.256p.jpg,DDR4-3600,DDR4,1 x 8GB,8GB,8.889 ns,16,,Black,0
Lexar Hades RGB 8 GB,,,DDR4-3200,DDR4,1 x 8GB,8GB,11.25 ns,18,,Black,0
VisionTek OCPC PISTA RGB 16 GB,,https://cdna.pcpartpicker.com/static/forever/images/product/dac1d97a562ef9a6c8b2fc91b1b4843c.256p.jpg,DDR5-5600,DDR5,2 x 8GB,16GB,12.857 ns,36,,Gray,0
TEAMGROUP T-Force Dark Z 16 GB,,https://cdna.pcpartpicker.com/static/forever/images/product/539dec2f280d95b717c10a42518d577a.256p.jpg,DDR4-3200,DDR4,2 x 8GB,16GB,10 ns,16,,Gray,4
TEAMGROUP T-Force Delta TUF Gaming Alliance RGB 16 GB,,https://cdna.pcpartpicker.com/static/forever/images/product/5b045906f183e964bb7eea6ed5995507.256p.jpg,DDR4-3200,DDR4,2 x 8GB,16GB,10 ns,16,,Black / Gold,4.5
Mushkin Redline Lumina 32 GB,,https://cdna.pcpartpicker.com/static/forever/images/product/b51a21bc01027032ccebed1ae37b9c6d.256p.jpg,DDR4-3600,DDR4,2 x 16GB,32GB,8.889 ns,16,,Black,0
Mushkin Silverline 8 GB,129,https://cdna.pcpartpicker.com/static/forever/images/product/2cd3531f0c5c0b2b2c778636be56fd23.256p.jpg,DDR4-2400,DDR4,1 x 8GB,8GB,14.167 ns,17,£16.125,Silver,0
G.Skill Sniper X 8 GB,,https://cdna.pcpartpicker.com/static/forever/images/product/813be1babb8518549be3663e522f7274.256p.jpg,DDR4-3600,DDR4,1 x 8GB,8GB,10.556 ns,19,,Black / White,0
Patriot Viper Steel RGB 8 GB,,,DDR4-3600,DDR4,1 x 8GB,8GB,11.111 ns,20,,Black,0
Silicon Power XPOWER Zenith RGB Gaming 8 GB,,,DDR4-3200,DDR4,1 x 8GB,8GB,10 ns,16,,Black,0
Neo Forza MARS 32 GB,,https://cdna.pcpartpicker.com/static/forever/images/product/4f9a4217798b5b776e3623fa08e7d790.256p.jpg,DDR4-3200,DDR4,2 x 16GB,32GB,10 ns,16,,Gray / Black,5
OLOy Blade RGB 64 GB,,https://cdna.pcpartpicker.com/static/forever/images/product/3a4d59af0d9346fb0817aa88de6a4236.256p.jpg,DDR5-6000,DDR5,2 x 32GB,64GB,10.667 ns,32,,Black,0
Thermaltake TOUGHRAM Z-ONE RGB 32 GB,,,DDR5-4800,DDR5,2 x 16GB,32GB,16.667 ns,40,,Black,0
Crucial Pro Overclocking 48 GB,,,DDR5-6000,DDR5,2 x 24GB,48GB,12 ns,36,,Black,0
V-Color TRA524G80S840R3Q 96 GB,,https://cdna.pcpartpicker.com/static/forever/images/product/5dde3da3e6b12256b662629f43be6b8a.256p.jpg,DDR5-8000,DDR5,4 x 24GB,96GB,10 ns,40,,White,0
V-Color TRA532G60S432Q 128 GB,,https://cdna.pcpartpicker.com/static/forever/images/product/fdefa3c224f47c11fd632d4926ea19db.256p.jpg,DDR5-6000,DDR5,4 x 32GB,128GB,10.667 ns,32,,White,0
TEAMGROUP T-Force Xtreem 48 GB,,https://cdna.pcpartpicker.com/static/forever/images/product/620652470f967c9a9b41431849f06f28.256p.jpg,DDR5-7200,DDR5,2 x 24GB,48GB,9.444 ns,34,,Pink,0
Klevv CRAS V RGB ROG CERTIFIED 32 GB,,,DDR5-7200,DDR5,2 x 16GB,32GB,9.444 ns,34,,White / Black,0
Silicon Power SP016GBSFU320B02 16 GB,,https://cdna.pcpartpicker.com/static/forever/images/product/40dc496df5734e2cfc37fcad85095d4f.256p.jpg,DDR4-3200,DDR4,1 x 16GB,16GB,13.75 ns,22,,,0
Supermicro MEM-DR432L-HL01-ER26 32 GB,,https://cdna.pcpartpicker.com/static/forever/images/product/69fbbbb901b13eb7f44003a579fc45ef.256p.jpg,DDR4-2666,DDR4,1 x 32GB,32GB,14.254 ns,19,,Green / Black,0
Crucial CT16G4SFD8266 16 GB,111.68,https://cdna.pcpartpicker.com/static/forever/images/product/069f51209cf9f3650d20ed2bd04ff15b.256p.jpg,DDR4-2666,DDR4,1 x 16GB,16GB,14.254 ns,19,£6.980,Green / Black,0
G.Skill F4-3200C16D-32GTZ 32 GB,251.8,https://cdna.pcpartpicker.com/static/forever/images/product/46f3b26cfeb0d49c96ae2c5cc6564711.256p.jpg,DDR4-3200,DDR4,2 x 16GB,32GB,10 ns,16,£7.869,Gray / Red,0
Silicon Power SP016GBSFU266B22 16 GB,95.97,https://cdna.pcpartpicker.com/static/forever/images/product/0f24ed9d3fb3afbb3136b1b1b764a0f7.256p.jpg,DDR4-2666,DDR4,2 x 8GB,16GB,14.254 ns,19,£5.998,Black,0
Crucial CT2K2G4SFS624A 4 GB,,https://cdna.pcpartpicker.com/static/forever/images/product/dc61113e2dc522f00cb1b8dede101dfc.256p.jpg,DDR4-2400,DDR4,2 x 2GB,4GB,14.167 ns,17,,Green / Black,0
Kingston HX432S20IB/16 16 GB,97.89,https://cdna.pcpartpicker.com/static/forever/images/product/48908aa201ebaeea71ae287f64c30081.256p.jpg,DDR4-3200,DDR4,1 x 16GB,16GB,12.5 ns,20,£6.118,Black,0
G.Skill Ripjaws 48 GB,,https://cdna.pcpartpicker.com/static/forever/images/product/7d3dd950232ed373f6fe0b3eaf0decb8.256p.jpg,DDR5-5600,DDR5,1 x 48GB,48GB,16.429 ns,46,,Black,0
Crucial CT4K8G4RFS4213 32 GB,,https://cdna.pcpartpicker.com/static/forever/images/product/2085b73ae42d0278bec6cc902ba9ccbb.256p.jpg,DDR4-2133,DDR4,4 x 8GB,32GB,14.065 ns,15,,Green,0
Mushkin Essentials 8 GB,,https://cdna.pcpartpicker.com/static/forever/images/product/2b64213fcc4a098adb49ef861dcb51a7.256p.jpg,DDR4-2133,DDR4,1 x 8GB,8GB,14.065 ns,15,,Black / Green,0
Kingston Savage 16 GB,,https://cdna.pcpartpicker.com/static/forever/images/product/51190ce5be0b5b8ed21d07cf8c10fe24.256p.jpg,DDR4-2400,DDR4,2 x 8GB,16GB,10 ns,12,,Black,5
Corsair Dominator Platinum ROG 16 GB,,https://cdna.pcpartpicker.com/static/forever/images/product/6026d8285e41f56e9c8e797286810d04.256p.jpg,DDR4-3200,DDR4,4 x 4GB,16GB,10 ns,16,,Black / Red,5
TEAMGROUP Vulcan 8 GB,,https://cdna.pcpartpicker.com/static/forever/images/product/5d963dc7941b2f1ab0a14b9a900de4c8.256p.jpg,DDR4-2400,DDR4,2 x 4GB,8GB,11.667 ns,14,,Black / Gray,4
Patriot PSD48G2400K 8 GB,,https://cdna.pcpartpicker.com/static/forever/images/product/bb075ef8eca6c5a3828c77ca0b6f44cd.256p.jpg,DDR4-2400,DDR4,2 x 4GB,8GB,13.333 ns,16,,,4.5
Corsair ValueSelect 4 GB,,https://cdna.pcpartpicker.com/static/forever/images/product/4caf92543b64a4c5b5e931d1fb39ebdf.256p.jpg,DDR4-2400,DDR4,1 x 4GB,4GB,13.333 ns,16,,Black,0
Samsung M393A1G40EB1-CRC 8 GB,,https://cdna.pcpartpicker.com/static/forever/images/product/5c018592fed182e54c143a43e778fa3f.256p.jpg,DDR4-2400,DDR4,1 x 8GB,8GB,14.167 ns,17,,Green / Black,0
Crucial CT16G4RFD8266 16 GB,,https://cdna.pcpartpicker.com/static/forever/images/product/f7792a63d0a02d75a8bbd04c36a60526.256p.jpg,DDR4-2666,DDR4,1 x 16GB,16GB,14.254 ns,19,,Green / Black,0
Crucial CT2K16G4RFS4266 32 GB,,https://cdna.pcpartpicker.com/static/forever/images/product/7c5e1c795d6f5bae0aeae7dd83dbcc23.256p.jpg,DDR4-2666,DDR4,2 x 16GB,32GB,14.254 ns,19,,Green / Black,0
TEAMGROUP T-Force XCalibur RGB 16 GB,,https://cdna.pcpartpicker.com/static/forever/images/product/1418a2ce1c860ae056fe29f8e59bc658.256p.jpg,DDR4-4000,DDR4,2 x 8GB,16GB,9 ns,18,,Black,0
G.Skill Ripjaws V 4 GB,,https://cdna.pcpartpicker.com/static/forever/images/product/6ba5246559f2e82e4b3fae1fcf2b1b13.256p.jpg,DDR4-2400,DDR4,1 x 4GB,4GB,14.167 ns,17,,Red / Black,0
Corsair Dominator Platinum RGB 128GB (8 x 16GB) 288-Pin DDR4 SDRAM DDR4 3800 (PC4 30400) Desktop Memory Model CMT128GX4M8X3800C19 128 GB,,https://cdna.pcpartpicker.com/static/forever/images/product/2bf9c19005b3014bc81be0ca4a35323e.256p.jpg,DDR4-3800,DDR4,8 x 16GB,128GB,10 ns,19,,Black,0
TEAMGROUP T-Force Vulcan Z 4 GB,,https://cdna.pcpartpicker.com/static/forever/images/product/54b2bfc8b2fcb90cb4690d0567788504.256p.jpg,DDR4-2666,DDR4,1 x 4GB,4GB,13.503 ns,18,,Black,0
OLOy MD4U163216CGDA 32 GB,,https://cdna.pcpartpicker.com/static/forever/images/product/ad3f405fb742be32d7e1b894497ac961.256p.jpg,DDR4-3200,DDR4,2 x 16GB,32GB,10 ns,16,,Black,5
Kingston KTH-PL426/32G 32 GB,509.12,https://cdna.pcpartpicker.com/static/forever/images/product/426d6d2e41623f65bf6d0fa35a36b8ae.256p.jpg,DDR4-2666,DDR4,1 x 32GB,32GB,14.254 ns,19,£15.910,Green / Black,0
Kingston HyperX Predator RGB 8 GB,,https://cdna.pcpartpicker.com/static/forever/images/product/e4e7e1f156ff875466d3ea79e82a5552.256p.jpg,DDR4-3200,DDR4,1 x 8GB,8GB,10 ns,16,,Black,0
Kingston HyperX Predator RGB 256 GB,,https://cdna.pcpartpicker.com/static/forever/images/product/b5a654f9341d4948015c7c7e95462a37.256p.jpg,DDR4-3200,DDR4,8 x 32GB,256GB,10 ns,16,,Black,0
G.Skill Trident Z Royal Elite 128 GB,,https://cdna.pcpartpicker.com/static/forever/images/product/8b146c6804de6f72b9100af6c7b55cd6.256p.jpg,DDR4-3600,DDR4,8 x 16GB,128GB,7.778 ns,14,,Gold,0
Addlink Spider X4 16 GB,,,DDR4-3200,DDR4,1 x 16GB,16GB,10 ns,16,,Black,0
Addlink Spider X4 32 GB,,,DDR4-3200,DDR4,2 x 16GB,32GB,10 ns,16,,Black,0
Kingston FURY Renegade 128 GB,,https://cdna.pcpartpicker.com/static/forever/images/product/21e8212c672077fa3dda3e01ab620a15.256p.jpg,DDR4-3600,DDR4,4 x 32GB,128GB,10 ns,18,,Black,5
Lexar Hades RGB 32 GB,,https://cdna.pcpartpicker.com/static/forever/images/product/98b90f33d8e88eba99a841a2c40cc881.256p.jpg,DDR4-3200,DDR4,2 x 16GB,32GB,11.25 ns,18,,Black,0
VisionTek 901512 16 GB,,https://cdna.pcpartpicker.com/static/forever/images/product/3e468813999f28981493c58b16588347.256p.jpg,DDR5-4800,DDR5,1 x 16GB,16GB,16.667 ns,40,,,0
TEAMGROUP T-Force Delta TUF Gaming Alliance RGB 8 GB,,,DDR4-3200,DDR4,1 x 8GB,8GB,10 ns,16,,Black / Gold,0
Mushkin Silverline 64 GB,,https://cdna.pcpartpicker.com/static/forever/images/product/dbda37cfeae8c0aeadfd7a04e6751620.256p.jpg,DDR4-3200,DDR4,2 x 32GB,64GB,13.75 ns,22,,Silver,0
Corsair Vengeance RGB Pro SL 128 GB,,https://cdna.pcpartpicker.com/static/forever/images/product/fdc5f5f6ec392e8f99ab0af8cecc8b65.256p.jpg,DDR4-3200,DDR4,4 x 32GB,128GB,10 ns,16,,Black,0
Silicon Power XPOWER Zenith Gaming 8 GB,79.25,,DDR4-3200,DDR4,1 x 8GB,8GB,10 ns,16,£9.906,Black,0
Mushkin Enhanced Redline Stiletto 16 GB,,https://cdna.pcpartpicker.com/static/forever/images/product/59f8da408249540a279f4ee8554a5f48.256p.jpg,DDR4-3600,DDR4,2 x 8GB,16GB,7.778 ns,14,,Black,0
Mushkin Essentials 64 GB,,https://cdna.pcpartpicker.com/static/forever/images/product/14581481e9b0da9e8fe80f6e3889ed2b.256p.jpg,DDR4-3200,DDR4,2 x 32GB,64GB,13.75 ns,22,,Green / Black,5
OLOy OWL RGB 64 GB,,https://cdna.pcpartpicker.com/static/forever/images/product/76d95bb141cb4293266fa528811371c9.256p.jpg,DDR4-3200,DDR4,2 x 32GB,64GB,10 ns,16,,White,0
OLOy MD4U1640180BJ0DA 32 GB,,,DDR4-4000,DDR4,2 x 16GB,32GB,9 ns,18,,Black,0
Silicon Power SP048GBLVU560P02 48 GB,,,DDR5-5600,DDR5,1 x 48GB,48GB,16.429 ns,46,,Black,0
G.Skill Ripjaws M5 Neo RGB 48 GB,,https://cdna.pcpartpicker.com/static/forever/images/product/a452472b22bd4cea8cd6ba4e633f0bd7.256p.jpg,DDR5-6000,DDR5,2 x 24GB,48GB,10 ns,30,,Black,0
Biwin Black Opal HX100 48 GB,,,DDR5-6400,DDR5,2 x 24GB,48GB,10 ns,32,,Black,0
V-Color TE524G60S828SKK 48 GB,,https://cdna.pcpartpicker.com/static/forever/images/product/4c64f84ccd3721fa898431034afb098a.256p.jpg,DDR5-6000,DDR5,2 x 24GB,48GB,9.333 ns,28,,White,0
Thermalright KSM56E46BD8KM-48HM 48 GB,,,DDR5-5600,DDR5,1 x 48GB,48GB,16.429 ns,46,,Green,0
Kingston KTD-PE426/32G 32 GB,,https://cdna.pcpartpicker.com/static/forever/images/product/161ef4ec960d916a5ef845e0c2c99d90.256p.jpg,DDR4-2666,DDR4,1 x 32GB,32GB,14.254 ns,19,,Green / Black,0
Silicon Power SP008GBSFU240B02 8 GB,48.97,,DDR4-2400,DDR4,1 x 8GB,8GB,14.167 ns,17,£6.121,,0
Crucial CT8G52C42S5 8 GB,,https://cdna.pcpartpicker.com/static/forever/images/product/98474cc0983c2069fb594d62b9daf07e.256p.jpg,DDR5-5200,DDR5,1 x 8GB,8GB,16.154 ns,42,,Black,0
ADATA XPG CASTER RGB 16 GB,,,DDR5-6400,DDR5,1 x 16GB,16GB,12.5 ns,40,,Black / Silver,0
V-Color TRA532G64D832Q 128 GB,,https://cdna.pcpartpicker.com/static/forever/images/product/9ace72c2fb783dd65e1983c71296e69d.256p.jpg,DDR5-6400,DDR5,4 x 32GB,128GB,10 ns,32,,White,0
Kingston KVR24S17S6/4 4 GB,40.99,https://cdna.pcpartpicker.com/static/forever/images/product/fb5a85407351e5d981bbccf3d9aabb74.256p.jpg,DDR4-2400,DDR4,1 x 4GB,4GB,14.167 ns,17,£10.248,Green / Black,0
V-Color TRA516G60S832Q 64 GB,,https://cdna.pcpartpicker.com/static/forever/images/product/4b9f95b2595a950e2b75b7a7bb5357a4.256p.jpg,DDR5-6000,DDR5,4 x 16GB,64GB,10.667 ns,32,,White,0
Crucial Ballistix Tactical 4 GB,,,DDR4-2666,DDR4,1 x 4GB,4GB,12.003 ns,16,,Silver,5
G.Skill Trident Z 8 GB,,,DDR4-3200,DDR4,2 x 4GB,8GB,10 ns,16,,Red / Silver,4
G.Skill Trident Z 128 GB,,https://cdna.pcpartpicker.com/static/forever/images/product/5d5d3a69eebab1262637a5b86407fcdd.256p.jpg,DDR4-3200,DDR4,8 x 16GB,128GB,8.75 ns,14,,Silver / White,5
TEAMGROUP Dark 16 GB,,https://cdna.pcpartpicker.com/static/forever/images/product/62426fcc31ced75a05518afdadc03000.256p.jpg,DDR4-3000,DDR4,2 x 8GB,16GB,10.667 ns,16,,Black / Silver,4.5
G.Skill FORTIS 16 GB,,https://cdna.pcpartpicker.com/static/forever/images/product/70dc5f31e38d6050539c1d8b434d5454.256p.jpg,DDR4-2400,DDR4,2 x 8GB,16GB,12.5 ns,15,,Black / Red,4
Apacer Commando 32 GB,,,DDR4-2400,DDR4,2 x 16GB,32GB,13.333 ns,16,,Black / Red,0
GeIL SUPER LUCE RGB 16 GB,,https://cdna.pcpartpicker.com/static/forever/images/product/46ee8b4bef941ee8a8070b21038d8a81.256p.jpg,DDR4-2133,DDR4,2 x 8GB,16GB,14.065 ns,15,,White,0
ADATA Flame 4 GB,,,DDR4-2400,DDR4,1 x 4GB,4GB,13.333 ns,16,,Black / Orange,0
Crucial Ballistix Tactical 64 GB,,https://cdna.pcpartpicker.com/static/forever/images/product/514602f1f9e89073830594d0730d5503.256p.jpg,DDR4-3000,DDR4,4 x 16GB,64GB,10 ns,15,,Black,0
ADATA AD4S240038G17-2 16 GB,,https://cdna.pcpartpicker.com/static/forever/images/product/bf518aef5e965f10bf0feabfe3f4a235.256p.jpg,DDR4-2400,DDR4,2 x 8GB,16GB,14.167 ns,17,,Green,0
GeIL EVO FORZA 32 GB,,,DDR4-2400,DDR4,2 x 16GB,32GB,13.333 ns,16,,Red / Black,0
Samsung Samsung DDR4 2133MHz CL15 16GB RegECC 2Rx4 M393A2G40EB1-CPB 1.2V single pack 16 GB,,https://cdna.pcpartpicker.com/static/forever/images/product/893505ff002f01de78f4ac717fd0752b.256p.jpg,DDR4-2133,DDR4,1 x 16GB,16GB,14.065 ns,15,,Green / Blue,0
OLOy MD4U083216BASA 8 GB,,,DDR4-3200,DDR4,1 x 8GB,8GB,10 ns,16,,White / Gray,0
TEAMGROUP T-Force Dark 8 GB,,https://cdna.pcpartpicker.com/static/forever/images/product/75d034ce6e5080b6ea6e010eac0f5b14.256p.jpg,DDR4-3000,DDR4,2 x 4GB,8GB,10.667 ns,16,,Silver / Black,0
Crucial Ballistix Tactical Tracer RGB 32 GB,,,DDR4-3200,DDR4,4 x 8GB,32GB,10 ns,16,,Silver,4
Samsung M393A2K40CB2-CVF 16 GB,,https://cdna.pcpartpicker.com/static/forever/images/product/81a701dfbebcc9a2ff1e123570b50105.256p.jpg,DDR4-2933,DDR4,1 x 16GB,16GB,14.32 ns,21,,Green / Black,0
OLOy MD4U323016DJDA 64 GB,,https://cdna.pcpartpicker.com/static/forever/images/product/ae076b653790230e95e014df9aadbdff.256p.jpg,DDR4-3000,DDR4,2 x 32GB,64GB,10.667 ns,16,,Black,0
OLOy MD4U163016CJSA 16 GB,,https://cdna.pcpartpicker.com/static/forever/images/product/e38aa8af1345de4df85c7637e8b2e2ee.256p.jpg,DDR4-3000,DDR4,1 x 16GB,16GB,10.667 ns,16,,Black,5
TEAMGROUP Team T-FORCE VULCAN Z 64GB (2 x 32GB) 288-Pin DDR4 SDRAM DDR4 3000 (PC4 24000) Desktop Memory Model TLZRD464G3000HC16CDC01 64 GB,,https://cdna.pcpartpicker.com/static/forever/images/product/ea84cc2cd75b7db39d870c75de1032e3.256p.jpg,DDR4-3000,DDR4,2 x 32GB,64GB,10.667 ns,16,,Red,0
OLOy WarHawk RGB 128 GB,,https://cdna.pcpartpicker.com/static/forever/images/product/d212ce6ac256f2e683893837c7aecff9.256p.jpg,DDR4-3200,DDR4,4 x 32GB,128GB,10 ns,16,,White,5
Patriot Signature Line 64 GB,1082.07,https://cdna.pcpartpicker.com/static/forever/images/product/9e487e29e0a4dec35e5669a706482445.256p.jpg,DDR4-3200,DDR4,2 x 32GB,64GB,13.75 ns,22,£16.907,Black,0
TEAMGROUP Dark Pro 8PACK Edition 32 GB,,https://cdna.pcpartpicker.com/static/forever/images/product/11855b88e371bf8f6ce2960c45764c35.256p.jpg,DDR4-3600,DDR4,2 x 16GB,32GB,8.889 ns,16,,Black,0
Corsair Vengeance RGB RS 128 GB,,https://cdna.pcpartpicker.com/static/forever/images/product/a358fa7986d0b2e671c4a02ea0b17add.256p.jpg,DDR4-3200,DDR4,4 x 32GB,128GB,10 ns,16,,Black / Gray,4
Corsair Dominator Platinum RGB First Edition 32 GB,,https://cdna.pcpartpicker.com/static/forever/images/product/88fbaf46c067846331739d35efead838.256p.jpg,DDR5-5200,DDR5,2 x 16GB,32GB,13.846 ns,36,,Black,0
HP V8 RGB 16 GB,,,DDR4-3200,DDR4,2 x 8GB,16GB,10 ns,16,,Black / Silver,0
G.Skill F5-5600J2834F32GX2-TZ5RK 64 GB,,https://cdna.pcpartpicker.com/static/forever/images/product/17a1d429c294351b08e6ed4552db1f15.256p.jpg,DDR5-5600,DDR5,2 x 32GB,64GB,10 ns,28,,Black,0
Kingston FURY Renegade 256 GB,,https://cdna.pcpartpicker.com/static/forever/images/product/63f99198e160d3337b7f1d1de7117b05.256p.jpg,DDR4-3200,DDR4,8 x 32GB,256GB,10 ns,16,,Black,0
V-Color XSky RGB 32 GB,,https://cdna.pcpartpicker.com/static/forever/images/product/ebb03e4e90e47f98f4835bb334f0b023.256p.jpg,DDR5-6000,DDR5,2 x 16GB,32GB,12 ns,36,,Black,0
Mushkin Silverline 32 GB,,https://cdna.pcpartpicker.com/static/forever/images/product/dbda37cfeae8c0aeadfd7a04e6751620.256p.jpg,DDR4-3200,DDR4,2 x 16GB,32GB,13.75 ns,22,,Silver,0
Silicon Power XPOWER AirCool 8 GB,,https://cdna.pcpartpicker.com/static/forever/images/product/34355e3662c46bb9d85e1c93abdaf799.256p.jpg,DDR4-3200,DDR4,1 x 8GB,8GB,10 ns,16,,,0
G.Skill Trident Z5 RGB Splave Edition 32 GB,,https://cdna.pcpartpicker.com/static/forever/images/product/ff58b343dc3d7de149950adb14426031.256p.jpg,DDR5-6400,DDR5,2 x 16GB,32GB,10 ns,32,,Black,0
Thermaltake TOUGHRAM XG RGB 32 GB,,,DDR4-3600,DDR4,2 x 16GB,32GB,10 ns,18,,White / Silver,0
Kingston Fury Beast RGB Special Edition 8 GB,,https://cdna.pcpartpicker.com/static/forever/images/product/f5614426dfa71615418439928b081aee.256p.jpg,DDR4-3200,DDR4,1 x 8GB,8GB,10 ns,16,,White,0
V-Color Manta XPrism RGB 32 GB,,https://cdna.pcpartpicker.com/static/forever/images/product/88afef0b5875cb4958fdb8a0837cb983.256p.jpg,DDR5-7200,DDR5,2 x 16GB,32GB,9.444 ns,34,,White,0
Kingston KSM48R40BS4TMM-32HMR 32 GB,,https://cdna.pcpartpicker.com/static/forever/images/product/f2793b9dcf30e21a058757b9d61d8ca9.256p.jpg,DDR5-4800,DDR5,1 x 32GB,32GB,16.667 ns,40,,Green,0
TEAMGROUP TPD48G3200HC2201 8 GB,,,DDR4-3200,DDR4,1 x 8GB,8GB,13.75 ns,22,,Black / Gold,0
TEAMGROUP Elite Plus 32 GB,,https://cdna.pcpartpicker.com/static/forever/images/product/da830b91529fa76a417dc5a5515fac45.256p.jpg,DDR5-5200,DDR5,2 x 16GB,32GB,16.154 ns,42,,Silver,0
GeIL EVO V RGB 48 GB,,,DDR5-6400,DDR5,1 x 48GB,48GB,11.875 ns,38,,Black,0
VisionTek 901349 8 GB,,https://cdna.pcpartpicker.com/static/forever/images/product/89d68e0a872d4d0a33d8ed04afc42226.256p.jpg,DDR4-3200,DDR4,1 x 8GB,8GB,13.75 ns,22,,Black,0
V-Color TRA516G72S834Q 64 GB,,https://cdna.pcpartpicker.com/static/forever/images/product/7445f6f01733ce7c9c265e02b4477fd1.256p.jpg,DDR5-7200,DDR5,4 x 16GB,64GB,9.444 ns,34,,White,0
Mushkin Essentials 16 GB,,https://cdna.pcpartpicker.com/static/forever/images/product/841a3a39b55648224c6cc2988b2195a0.256p.jpg,DDR4-2666,DDR4,1 x 16GB,16GB,14.254 ns,19,,Green / Black,0
TEAMGROUP T-Force Vulcanα 8 GB,,,DDR5-6000,DDR5,1 x 8GB,8GB,12.667 ns,38,,Black,0
TEAMGROUP Elite Plus 64 GB,,,DDR5-6400,DDR5,2 x 32GB,64GB,16.25 ns,52,,Black,0
Klevv BOLT V 48 GB,,,DDR5-6000,DDR5,2 x 24GB,48GB,10 ns,30,,White,0
V-Color TE548G64D832SKK 96 GB,,https://cdna.pcpartpicker.com/static/forever/images/product/fe71cc049205255473c5c2bafefa5b1e.256p.jpg,DDR5-6400,DDR5,2 x 48GB,96GB,10 ns,32,,White,0
Acer Predator Pallas II 48 GB,,,DDR5-6000,DDR5,2 x 24GB,48GB,9.333 ns,28,,Black,0
Acer Predator Pallas II 96 GB,,,DDR5-6000,DDR5,2 x 48GB,96GB,9.333 ns,28,,Black,0
Acer Predator Hermes RGB 96 GB,,,DDR5-6000,DDR5,2 x 48GB,96GB,9.333 ns,28,,,0
Silicon Power SP016GBSFU320F02 16 GB,99.97,https://cdna.pcpartpicker.com/static/forever/images/product/8231fb687da4874167c631c988d3367e.256p.jpg,DDR4-3200,DDR4,1 x 16GB,16GB,13.75 ns,22,£6.248,,0
Silicon Power SP016GBSFU240B22 16 GB,93.97,,DDR4-2400,DDR4,2 x 8GB,16GB,14.167 ns,17,£5.873,,0
G.Skill Trident Z 64 GB,,https://cdna.pcpartpicker.com/static/forever/images/product/2c554159740e1bea752fa58407b2bd68.256p.jpg,DDR4-3466,DDR4,8 x 8GB,64GB,9.233 ns,16,,Silver / White,0
Corsair Vengeance RGB RT 128 GB,,https://cdna.pcpartpicker.com/static/forever/images/product/7f07a0acce71088bfcb29ef037dd7a58.256p.jpg,DDR4-3600,DDR4,4 x 32GB,128GB,10 ns,18,,Black,0
Crucial CT2K8G4SFS832A 16 GB,,https://cdna.pcpartpicker.com/static/forever/images/product/488c96fdecf3f7b88c12a101e3857a6e.256p.jpg,DDR4-3200,DDR4,2 x 8GB,16GB,13.75 ns,22,,Green / Black,0
G.Skill Zeta R5 128 GB,,https://cdna.pcpartpicker.com/static/forever/images/product/10975464bd8860e1def0ecd832a2aeb2.256p.jpg,DDR5-6000,DDR5,8 x 16GB,128GB,10 ns,30,,Black / White,0
Crucial CT32G52C42S5 32 GB,,https://cdna.pcpartpicker.com/static/forever/images/product/bf52463478e6699bc3c9f8732fc67bed.256p.jpg,DDR5-5200,DDR5,1 x 32GB,32GB,16.154 ns,42,,Black,5
V-Color TRA532G68D834Q 128 GB,,https://cdna.pcpartpicker.com/static/forever/images/product/ebdbca4ed4dcc957c6ba85c0341de3c5.256p.jpg,DDR5-6800,DDR5,4 x 32GB,128GB,10 ns,34,,White,0
Corsair WS 256 GB,,https://cdna.pcpartpicker.com/static/forever/images/product/cf42ad9f7ac5f90959b4e500b04baa91.256p.jpg,DDR5-5600,DDR5,8 x 32GB,256GB,14.286 ns,40,,Black / Green,0
Patriot Extreme Performance 16 GB,,,DDR4-2400,DDR4,2 x 8GB,16GB,12.5 ns,15,,Black / Gold,0
Crucial CT4K4G4RFS8213 16 GB,,https://cdna.pcpartpicker.com/static/forever/images/product/64f3c2d03b42c8ca1eeda970fbf487d4.256p.jpg,DDR4-2133,DDR4,4 x 4GB,16GB,14.065 ns,15,,Green,5
Samsung M393A4K40BB0-CPB0 32 GB,,,DDR4-2133,DDR4,1 x 32GB,32GB,14.065 ns,15,,Black / Green,0
Wintec 3RSA213315R5H-64GQ 64 GB,,https://cdna.pcpartpicker.com/static/forever/images/product/25db95024bf07beeeb862f30857dcf74.256p.jpg,DDR4-2133,DDR4,4 x 16GB,64GB,14.065 ns,15,,Silver,0
Kingston Savage 32 GB,,,DDR4-2400,DDR4,2 x 16GB,32GB,11.667 ns,14,,Black / Silver,0
Kingston FURY 8 GB,,,DDR4-2133,DDR4,1 x 8GB,8GB,13.127 ns,14,,Black / Silver,5
Corsair Vengeance LED 64 GB,,https://cdna.pcpartpicker.com/static/forever/images/product/23a8c76b6af96e085b809d7ee4844491.256p.jpg,DDR4-3000,DDR4,4 x 16GB,64GB,10 ns,15,,Black / White,4.5
GeIL EVO X 16 GB,,https://cdna.pcpartpicker.com/static/forever/images/product/db551d4ce400302584e50742682021f1.256p.jpg,DDR4-3000,DDR4,2 x 8GB,16GB,10 ns,15,,Black / Blue,4
G.Skill FORTIS 32 GB,,https://cdna.pcpartpicker.com/static/forever/images/product/205cb8f4b5324d08695a82651dd8d8aa.256p.jpg,DDR4-2400,DDR4,4 x 8GB,32GB,13.333 ns,16,,Black / Red,0
Kingston Predator 64 GB,,https://cdna.pcpartpicker.com/static/forever/images/product/7b0de0922f3aed760d1980355f882ccc.256p.jpg,DDR4-2400,DDR4,4 x 16GB,64GB,10 ns,12,,Black,0
Crucial Ballistix Tactical 8 GB,,,DDR4-3000,DDR4,2 x 4GB,8GB,10 ns,15,,Black,4.5
Avexir Blitz 16 GB,,https://cdna.pcpartpicker.com/static/forever/images/product/3d6894200f4196a224ec11c20ab8e22b.256p.jpg,DDR4-3200,DDR4,2 x 8GB,16GB,10 ns,16,,Black / Silver,0
ADATA XPG GAMMIX D10 4 GB,,https://cdna.pcpartpicker.com/static/forever/images/product/c986105714c365271152f5797889de36.256p.jpg,DDR4-2400,DDR4,1 x 4GB,4GB,13.333 ns,16,,Black / White,0
Crucial CT2K4G4SFS624A 8 GB,,https://cdna.pcpartpicker.com/static/forever/images/product/2201007468ea1a040d9cb87d2e810319.256p.jpg,DDR4-2400,DDR4,2 x 4GB,8GB,14.167 ns,17,,Green / Black,0
Samsung M393A2K40CB2-CTD 16 GB,158.75,https://cdna.pcpartpicker.com/static/forever/images/product/4c61e2eb2d68402c4e97e85e9ddb0126.256p.jpg,DDR4-2666,DDR4,1 x 16GB,16GB,14.254 ns,19,£9.922,Green / Black,0
GeIL EVO FORZA 16 GB,,https://cdna.pcpartpicker.com/static/forever/images/product/8abe8766e3deb20a684483845e711ad7.256p.jpg,DDR4-2400,DDR4,2 x 8GB,16GB,13.333 ns,16,,Red / Black,0
OLOy MD4U082616BGDA 16 GB,,https://cdna.pcpartpicker.com/static/forever/images/product/54a27d6d7d506e327c8261a0b0c3a3a0.256p.jpg,DDR4-2666,DDR4,2 x 8GB,16GB,12.003 ns,16,,Black,0
Kingston HyperX Predator RGB 64 GB,,https://cdna.pcpartpicker.com/static/forever/images/product/63f385cc4dfff2ab8d67f185580a7083.256p.jpg,DDR4-3200,DDR4,4 x 16GB,64GB,10 ns,16,,Black,0
GeIL EVO SPEAR Phantom Gaming 16 GB,,https://cdna.pcpartpicker.com/static/forever/images/product/e1ada83c8420ec3321c2b2eefe0fd127.256p.jpg,DDR4-3200,DDR4,2 x 8GB,16GB,10 ns,16,,Black,4.5
GeIL GeIL 16GB (2 x 8GB) 288-Pin DDR4 SDRAM DDR4 3600 (PC4 28800) Desktop Memory Model GALS416GB3600C18ADC 16 GB,,https://cdna.pcpartpicker.com/static/forever/images/product/9268a90b17874de36e20ca0e33af0463.256p.jpg,DDR4-3600,DDR4,2 x 8GB,16GB,10 ns,18,,Black,5
OLOy MD4U0836180BHRDA 16 GB,,https://cdna.pcpartpicker.com/static/forever/images/product/70ae08afb60ee51ae6fba5dd95ce23b4.256p.jpg,DDR4-3600,DDR4,2 x 8GB,16GB,10 ns,18,,Red,0
OLOy MD4U083216BHDA 16 GB,,https://cdna.pcpartpicker.com/static/forever/images/product/70ae08afb60ee51ae6fba5dd95ce23b4.256p.jpg,DDR4-3200,DDR4,2 x 8GB,16GB,10 ns,16,,Red,0
V-Color Prism RGB 16 GB,,,DDR4-3200,DDR4,2 x 8GB,16GB,10 ns,16,,Black / Silver,5
TEAMGROUP Team T-Force Night Hawk RGB 16GB (2 x 8GB) 288-Pin DDR4 SDRAM DDR4 3600 (PC4 28800) Desktop Memory Model TF2D416G3600HC18JDC01 16 GB,,https://cdna.pcpartpicker.com/static/forever/images/product/e13623d7c0ec72dc6e20c4bafc96179c.256p.jpg,DDR4-3600,DDR4,2 x 8GB,16GB,10 ns,18,,White,0
Kingston HyperX 128 GB,,https://cdna.pcpartpicker.com/static/forever/images/product/456aef6f168a901ad50a84e9ac4d8d1d.256p.jpg,DDR4-3000,DDR4,4 x 32GB,128GB,10.667 ns,16,,Black,0
TEAMGROUP T-Force Zeus 64 GB,,,DDR4-3200,DDR4,2 x 32GB,64GB,12.5 ns,20,,Red,0
Acer Predator Apollo RGB 64 GB,,,DDR4-3600,DDR4,2 x 32GB,64GB,10 ns,18,,Silver / Black,0
Acer Predator Talos 16 GB,,,DDR4-3200,DDR4,1 x 16GB,16GB,10 ns,16,,White / Black,0
HP V8 RGB 32 GB,,,DDR4-3600,DDR4,2 x 16GB,32GB,10 ns,18,,Black / Silver,0
GeIL Polaris RGB 16 GB,,,DDR5-4800,DDR5,2 x 8GB,16GB,16.667 ns,40,,White,0
Addlink Spider 4 32 GB,,,DDR4-3200,DDR4,2 x 16GB,32GB,10 ns,16,,Black,0
V-Color SKYWALKER PLUS 64 GB,,,DDR4-3600,DDR4,2 x 32GB,64GB,10 ns,18,,Silver,0
TEAMGROUP T-Force Delta TUF Gaming Alliance RGB 64 GB,,https://cdna.pcpartpicker.com/static/forever/images/product/5b045906f183e964bb7eea6ed5995507.256p.jpg,DDR4-3200,DDR4,2 x 32GB,64GB,10 ns,16,,Black / Gold,0
Mushkin Proline 32 GB,,https://cdna.pcpartpicker.com/static/forever/images/product/dc35d54262504291e0bc0c2682d85c07.256p.jpg,DDR4-3200,DDR4,1 x 32GB,32GB,13.75 ns,22,,,0
G.Skill F4-4133C19Q-32GTZKKF 32 GB,,https://cdna.pcpartpicker.com/static/forever/images/product/3c1c9a3d146e9eed3f808a00b4dffe3e.256p.jpg,DDR4-4133,DDR4,4 x 8GB,32GB,9.194 ns,19,,Black,0
Acer UD100 4 GB,,https://cdna.pcpartpicker.com/static/forever/images/product/e447dc073527255bf8beb17633919127.256p.jpg,DDR4-2666,DDR4,1 x 4GB,4GB,14.254 ns,19,,Black,0
Acer Predator Vesta RGB 16 GB,,https://cdna.pcpartpicker.com/static/forever/images/product/c39915002abd0e2996dd116c07099f8c.256p.jpg,DDR4-3600,DDR4,2 x 8GB,16GB,7.778 ns,14,,Silver,0
Silicon Power SP008GBLFU320B02 8 GB,,,DDR4-3200,DDR4,1 x 8GB,8GB,13.75 ns,22,,,0
Silicon Power SP032GBLFU320X22 32 GB,,,DDR4-3200,DDR4,2 x 16GB,32GB,13.75 ns,22,,,0
PROXMEM SPEAR 32 GB,,,DDR5-6800,DDR5,2 x 16GB,32GB,11.176 ns,38,,Black / Silver,0
Timetec PINNACLE Konduit RGB 8 GB,,https://cdna.pcpartpicker.com/static/forever/images/product/5a0a23f848c150604f7b73cadab06d5e.256p.jpg,DDR4-3200,DDR4,1 x 8GB,8GB,10 ns,16,,White,0
GeIL Polaris RGB SYNC 32 GB,,https://cdna.pcpartpicker.com/static/forever/images/product/e31678282e7fb681c625adb4035f4a5e.256p.jpg,DDR5-8000,DDR5,2 x 16GB,32GB,9.5 ns,38,,Red,0
Crucial CT2K4G4DFS8266 8 GB,101.85,https://cdna.pcpartpicker.com/static/forever/images/product/c89640bf5631c95da7cfcd1631ef6fe4.256p.jpg,DDR4-2666,DDR4,2 x 4GB,8GB,14.254 ns,19,£12.731,Green,0
OLOy WarHawk RGB 8 GB,,https://cdna.pcpartpicker.com/static/forever/images/product/424721ec091add06a0b24885b83598fa.256p.jpg,DDR4-3600,DDR4,1 x 8GB,8GB,10 ns,18,,Black / Silver,0
TEAMGROUP TPD416G3200HC2201 16 GB,,https://cdna.pcpartpicker.com/static/forever/images/product/96d1805f3414ba58ad2a8fdf1df6dc1f.256p.jpg,DDR4-3200,DDR4,1 x 16GB,16GB,13.75 ns,22,,Black / Gold,0
GeIL EVO V RGB 24 GB,,,DDR5-8400,DDR5,1 x 24GB,24GB,10 ns,42,,Black,0
Corsair Dominator Titanium First Edition 48 GB,,https://cdna.pcpartpicker.com/static/forever/images/product/3bd86356a8e23b6badf4e2feb416a843.256p.jpg,DDR5-7200,DDR5,2 x 24GB,48GB,10 ns,36,,White,0
Corsair Dominator Titanium First Edition 32 GB,,https://cdna.pcpartpicker.com/static/forever/images/product/8da305eef78a280a001a3895bb92250f.256p.jpg,DDR5-7200,DDR5,2 x 16GB,32GB,9.444 ns,34,,Black,0
GeIL EVO X II AMD 8 GB,,,DDR4-3200,DDR4,1 x 8GB,8GB,10 ns,16,,Black,0
Mushkin Redline Pro 32 GB,,,DDR5-5600,DDR5,2 x 16GB,32GB,16.429 ns,46,,Black,0
Mushkin Redline Lumina 64 GB,,https://cdna.pcpartpicker.com/static/forever/images/product/c0b3b59c137656c0a0d4ef398e959bdb.256p.jpg,DDR5-6400,DDR5,2 x 32GB,64GB,9.375 ns,30,,Black,0
Mushkin Redline 96 GB,,,DDR5-5200,DDR5,2 x 48GB,96GB,16.154 ns,42,,Black,0
V-Color TRA516G70S834O 128 GB,,https://cdna.pcpartpicker.com/static/forever/images/product/e0dd83446345df3b0d825c1873c4917e.256p.jpg,DDR5-7000,DDR5,8 x 16GB,128GB,9.714 ns,34,,Black,0
V-Color TRA532G68D834O 256 GB,,https://cdna.pcpartpicker.com/static/forever/images/product/e0a1e934679a6c719de1c7ce6056bf49.256p.jpg,DDR5-6800,DDR5,8 x 32GB,256GB,10 ns,34,,Black,0
V-Color TRA548G68D834O 384 GB,,https://cdna.pcpartpicker.com/static/forever/images/product/1be9a528161e71a2167ea2e64d2b06e4.256p.jpg,DDR5-6800,DDR5,8 x 48GB,384GB,10 ns,34,,Black,0
PNY XLR8 Gaming MAKO RGB 32 GB,,https://cdna.pcpartpicker.com/static/forever/images/product/a775f82d06d10e51c7225d800f1d9cc8.256p.jpg,DDR5-6400,DDR5,2 x 16GB,32GB,12.5 ns,40,,Black,5
Acer Predator Hera RGB 48 GB,,,DDR5-7200,DDR5,2 x 24GB,48GB,10 ns,36,,Silver,0
Acer Predator Hera RGB 64 GB,,,DDR5-6400,DDR5,2 x 32GB,64GB,10 ns,32,,Black,0
Thermaltake TOUGHRAM RGB D5 48 GB,,,DDR5-6400,DDR5,2 x 24GB,48GB,10 ns,32,,Black / Silver,0
ADATA XPG LANCER NEON RGB 16 GB,,,DDR5-6000,DDR5,1 x 16GB,16GB,10 ns,30,,Black,0
V-Color TE524G76S836SKK 48 GB,,https://cdna.pcpartpicker.com/static/forever/images/product/35cc1bc5fe97f10e36b82c5e87a9741a.256p.jpg,DDR5-7600,DDR5,2 x 24GB,48GB,9.474 ns,36,,White,0
Acer Predator Hera RGB 96 GB,,,DDR5-6000,DDR5,2 x 48GB,96GB,9.333 ns,28,,Silver,0
G.Skill Ripjaws 96 GB,,https://cdna.pcpartpicker.com/static/forever/images/product/7d675d982efbd65a95f44f87253f78b1.256p.jpg,DDR5-5600,DDR5,2 x 48GB,96GB,16.429 ns,46,,Black,0
Kingston KCP424SS8/8 8 GB,57.85,https://cdna.pcpartpicker.com/static/forever/images/product/738a43654aeca72d868965d305be17bf.256p.jpg,DDR4-2400,DDR4,1 x 8GB,8GB,14.167 ns,17,£7.890,Green / Black,0
Silicon Power SP008GBSFU266B02 8 GB,49.97,https://cdna.pcpartpicker.com/static/forever/images/product/5ce18bf3c1e9a7ba5f0dae8c9f80010b.256p.jpg,DDR4-2666,DDR4,1 x 8GB,8GB,14.254 ns,19,£6.246,Black,0
Silicon Power SP008GBSFU266X02 8 GB,73.15,https://cdna.pcpartpicker.com/static/forever/images/product/0d0b631c056aadd1fc040c0ac285cb7f.256p.jpg,DDR4-2666,DDR4,1 x 8GB,8GB,14.254 ns,19,£9.144,,0
Kingston Savage 128 GB,,,DDR4-2666,DDR4,8 x 16GB,128GB,11.253 ns,15,,Black / Silver,0
Crucial CT32G4SFD8266 32 GB,209.17,https://cdna.pcpartpicker.com/static/forever/images/product/b53bb10d42233c78c0101e09d74dbdd2.256p.jpg,DDR4-2666,DDR4,1 x 32GB,32GB,14.254 ns,19,£6.626,Green / Black,0
Crucial CT16G4RFD8293 16 GB,221.78,https://cdna.pcpartpicker.com/static/forever/images/product/b3ba02ce5ca315c98cdf9cd94690a14f.256p.jpg,DDR4-2933,DDR4,1 x 16GB,16GB,14.32 ns,21,,Green / Black,0
Kingston KSM26RS8/8MEI 8 GB,,https://cdna.pcpartpicker.com/static/forever/images/product/0dd3b257339a980fc01108f6254463f6.256p.jpg,DDR4-2666,DDR4,1 x 8GB,8GB,14.254 ns,19,,Green / Black,0
Silicon Power SP016GBLFU320X22 16 GB,,,DDR4-3200,DDR4,2 x 8GB,16GB,13.75 ns,22,,,0
ADATA XPG CASTER RGB 32 GB,,https://cdna.pcpartpicker.com/static/forever/images/product/367d14a35bafdeecac0a26878771cdf8.256p.jpg,DDR5-6000,DDR5,2 x 16GB,32GB,13.333 ns,40,,Black / Silver,0
Mushkin Blackline 32 GB,,,DDR4-2400,DDR4,4 x 8GB,32GB,12.5 ns,15,,Black / White,0
Patriot PX432G266C5QK 32 GB,,https://cdna.pcpartpicker.com/static/forever/images/product/6ab1eaa0511c839390d84011288a6a5d.256p.jpg,DDR4-2666,DDR4,4 x 8GB,32GB,11.253 ns,15,,Black / Silver,0
ADATA AX4U3000W8G16-QGZ 32 GB,,,DDR4-3000,DDR4,4 x 8GB,32GB,10.667 ns,16,,Gold,0
Crucial CT2K8G4RFS4213 16 GB,306.43,https://cdna.pcpartpicker.com/static/forever/images/product/22613a88f723b858dab3514d701415b0.256p.jpg,DDR4-2133,DDR4,2 x 8GB,16GB,14.065 ns,15,£19.152,Green,0
Kingston KVR21S15S8/4 4 GB,,,DDR4-2133,DDR4,1 x 4GB,4GB,14.065 ns,15,,Black / Silver,0
AMD R7 Performance 4 GB,,,DDR4-2133,DDR4,1 x 4GB,4GB,14.065 ns,15,,Black / Red,0
Mushkin Silverline 16 GB,,https://cdna.pcpartpicker.com/static/forever/images/product/6490e684add86e74858982306cd526e4.256p.jpg,DDR4-2133,DDR4,2 x 8GB,16GB,14.065 ns,15,,Silver,5
Crucial CT4K8G4WFS824A 32 GB,,,DDR4-2400,DDR4,4 x 8GB,32GB,14.167 ns,17,,Black / Green,0
Corsair Dominator Platinum Blackout 32 GB,,https://cdna.pcpartpicker.com/static/forever/images/product/31b4f53dd9812f2d60f25fdb4ce474e2.256p.jpg,DDR4-3200,DDR4,2 x 16GB,32GB,8.75 ns,14,,Black,0
G.Skill NS 16 GB,292.57,https://cdna.pcpartpicker.com/static/forever/images/product/9bff26fe7c647fe2807df0f533bfdb08.256p.jpg,DDR4-2400,DDR4,2 x 8GB,16GB,12.5 ns,15,£18.286,Black,0
TEAMGROUP T-Force / Night Hawk 16 GB,,https://cdna.pcpartpicker.com/static/forever/images/product/750d37502001cd5e54511c39639b49d1.256p.jpg,DDR4-3000,DDR4,2 x 8GB,16GB,10.667 ns,16,,Black / White,4
Kingston Impact 32 GB,,https://cdna.pcpartpicker.com/static/forever/images/product/73e709e6c2a8e3d85505298d4c06ac97.256p.jpg,DDR4-2400,DDR4,2 x 16GB,32GB,11.667 ns,14,,Black,0
Kingston Predator 16 GB,,https://cdna.pcpartpicker.com/static/forever/images/product/cac945fc767ed1750ddda9b212ecbdc9.256p.jpg,DDR4-3333,DDR4,2 x 8GB,16GB,9.601 ns,16,,Black / Silver,4.5
Corsair Dominator Platinum 128 GB,,https://cdna.pcpartpicker.com/static/forever/images/product/6c5f6ca4d00a7bd353ba6feee665f888.256p.jpg,DDR4-3200,DDR4,8 x 16GB,128GB,10 ns,16,,Black / Silver,0
GeIL EVO X AMD Edition 16 GB,,https://cdna.pcpartpicker.com/static/forever/images/product/e698454613e208b35aa37b7cd6984024.256p.jpg,DDR4-3200,DDR4,2 x 8GB,16GB,10 ns,16,,Black,4
Corsair Dominator Platinum Special Edition 32 GB,,https://cdna.pcpartpicker.com/static/forever/images/product/31b490b540e579887010f841eb1cb3a2.256p.jpg,DDR4-3200,DDR4,2 x 16GB,32GB,8.75 ns,14,,,5
Crucial Sport LT 8 GB,,,DDR4-2666,DDR4,1 x 8GB,8GB,12.003 ns,16,,White / Silver,5
TEAMGROUP T-Force Delta RGB 4 GB,,,DDR4-2400,DDR4,1 x 4GB,4GB,12.5 ns,15,,Black,0
ADATA ADATA 32GB (2 x 16GB) 288-Pin DDR4 SDRAM DDR4 3000 (PC4 24000) Desktop Memory Model AX4U3000316G16-DRG 32 GB,,,DDR4-3000,DDR4,2 x 16GB,32GB,10.667 ns,16,,Red / White,5
G.Skill Flare X 64 GB,,https://cdna.pcpartpicker.com/static/forever/images/product/7009af4477fd75fd41b755f6df1f86e4.256p.jpg,DDR4-2933,DDR4,4 x 16GB,64GB,10.91 ns,16,,Black,0
TEAMGROUP T-Force Dark Pro 8 GB,,https://cdna.pcpartpicker.com/static/forever/images/product/2f41ff9e9456ddb25a2db77663239ee5.256p.jpg,DDR4-3200,DDR4,2 x 4GB,8GB,10 ns,16,,Black / Silver,0
GeIL Super Luce 32 GB,,https://cdna.pcpartpicker.com/static/forever/images/product/3549bcaff369e99661e0a5dadc72967c.256p.jpg,DDR4-2133,DDR4,2 x 16GB,32GB,14.065 ns,15,,White,0
TEAMGROUP T-Force Dark 32 GB,,https://cdna.pcpartpicker.com/static/forever/images/product/b175d3ed65836617add10f3a8add05ab.256p.jpg,DDR4-3200,DDR4,4 x 8GB,32GB,10 ns,16,,Silver / Black,0
TEAMGROUP T-Force Dark 64 GB,,https://cdna.pcpartpicker.com/static/forever/images/product/b175d3ed65836617add10f3a8add05ab.256p.jpg,DDR4-2400,DDR4,4 x 16GB,64GB,11.667 ns,14,,Silver / Black,0
Kingston HyperX Impact 32 GB,,https://cdna.pcpartpicker.com/static/forever/images/product/b88b0e599273c1b330bcf7ad7f9b29fc.256p.jpg,DDR4-2666,DDR4,2 x 16GB,32GB,11.253 ns,15,,Black,0
Crucial CT8G4WFS824A 8 GB,,https://cdna.pcpartpicker.com/static/forever/images/product/fe1f04608ee23a3a1332417554828102.256p.jpg,DDR4-2400,DDR4,1 x 8GB,8GB,14.167 ns,17,,Green,0
KFA2 Hall Of Fame Extreme 16 GB,,,DDR4-4000,DDR4,2 x 8GB,16GB,9.5 ns,19,,White / Silver,0
Corsair Dominator Platinum ROG Edition 32 GB,,https://cdna.pcpartpicker.com/static/forever/images/product/e63824f1f57b12478d3ec0e0b4c65948.256p.jpg,DDR4-3200,DDR4,4 x 8GB,32GB,10 ns,16,,Black / Red,0
GeIL TUF SUPER LUCE 16 GB,,https://cdna.pcpartpicker.com/static/forever/images/product/d6039b0a1ddce04ab6072ae574b07dac.256p.jpg,DDR4-3000,DDR4,2 x 8GB,16GB,10.667 ns,16,,Black / Camo,5
Crucial CT4K8G4RFD8266 32 GB,,https://cdna.pcpartpicker.com/static/forever/images/product/0a489be5627ca07e125a61a91dc694bd.256p.jpg,DDR4-2666,DDR4,4 x 8GB,32GB,14.254 ns,19,,Green / Black,0
ADATA AD4S266638G19-R 8 GB,,,DDR4-2666,DDR4,1 x 8GB,8GB,14.254 ns,19,,Green,0
TEAMGROUP T-Force Night Hawk Legend RGB 16 GB,,https://cdna.pcpartpicker.com/static/forever/images/product/e140227ee68695aded7ba0aab463416d.256p.jpg,DDR4-3200,DDR4,2 x 8GB,16GB,8.75 ns,14,,Gold,4
Crucial CT16G4TFD8266 16 GB,,,DDR4-2666,DDR4,1 x 16GB,16GB,14.254 ns,19,,Green / Black,0
Crucial CT4G4SFS624A 4 GB,,https://cdna.pcpartpicker.com/static/forever/images/product/9bfd0b412906df2aa0670172aca9f581.256p.jpg,DDR4-2400,DDR4,1 x 4GB,4GB,14.167 ns,17,,Green / Black,0
Crucial Ballistix Sport AT 64 GB,,,DDR4-3200,DDR4,4 x 16GB,64GB,10 ns,16,,Silver / Black,4
Kingston HyperX Predator 64 GB,,https://cdna.pcpartpicker.com/static/forever/images/product/94a32d4e5688c7e95c8939a602ba1823.256p.jpg,DDR4-3333,DDR4,4 x 16GB,64GB,9.601 ns,16,,Black,0
Crucial CT16G4RFD832A 16 GB,,https://cdna.pcpartpicker.com/static/forever/images/product/039c28946431631d05e6264ef9e1b0fb.256p.jpg,DDR4-3200,DDR4,1 x 16GB,16GB,13.75 ns,22,,Green / Black,0
OLOy MD4U082417IFDA 16 GB,,https://cdna.pcpartpicker.com/static/forever/images/product/14175e6f0301afc5fc4492843ca2e987.256p.jpg,DDR4-2400,DDR4,2 x 8GB,16GB,14.167 ns,17,,Red,0
OLOy MD4U083618BFDA 16 GB,,https://cdna.pcpartpicker.com/static/forever/images/product/14175e6f0301afc5fc4492843ca2e987.256p.jpg,DDR4-3600,DDR4,2 x 8GB,16GB,10 ns,18,,Red,0
GeIL Evo X II RGB SYNC 16 GB,,https://cdna.pcpartpicker.com/static/forever/images/product/1e53aa0b6e820b66e0245ca6337e48cd.256p.jpg,DDR4-3000,DDR4,2 x 8GB,16GB,10.667 ns,16,,Black,5
Crucial Ballistix Tactical Tracer RGB 16 GB,,,DDR4-3000,DDR4,2 x 8GB,16GB,10 ns,15,,Silver,5
Crucial Ballistix Tactical Tracer RGB 8 GB,,,DDR4-3200,DDR4,1 x 8GB,8GB,10 ns,16,,Silver,0
TEAMGROUP T-Force Dark Pro 16 GB,,https://cdna.pcpartpicker.com/static/forever/images/product/b451e967c84935a92a44172db64bfd0c.256p.jpg,DDR4-3200,DDR4,2 x 8GB,16GB,8.75 ns,14,,Black,0
TEAMGROUP T-Force Dark Z 32 GB,,,DDR4-3200,DDR4,2 x 16GB,32GB,10 ns,16,,Silver,5
GeIL EVO X II AMD 32 GB,,https://cdna.pcpartpicker.com/static/forever/images/product/067aa36e0b10aa0cadc8d1ba1e292ca2.256p.jpg,DDR4-3000,DDR4,2 x 16GB,32GB,10.667 ns,16,,Black,0
OLOy MD4U163216CFDA 32 GB,,https://cdna.pcpartpicker.com/static/forever/images/product/70ae08afb60ee51ae6fba5dd95ce23b4.256p.jpg,DDR4-3200,DDR4,2 x 16GB,32GB,10 ns,16,,Red,0
OLOy MD4U322616DJDA 64 GB,,https://cdna.pcpartpicker.com/static/forever/images/product/ae076b653790230e95e014df9aadbdff.256p.jpg,DDR4-2666,DDR4,2 x 32GB,64GB,12.003 ns,16,,Black,0
Crucial Ballistix RGB 64 GB,,https://cdna.pcpartpicker.com/static/forever/images/product/35495bcf5680f8c80156a9c49803f85d.256p.jpg,DDR4-3200,DDR4,2 x 32GB,64GB,10 ns,16,,White,4.5
GeIL GeIL EVO X II 16GB (2 x 8GB) 288-Pin DDR4 SDRAM DDR4 3600 (PC4 28800) Desktop Memory Model GEXSB416GB3600C18ADC 16 GB,,https://cdna.pcpartpicker.com/static/forever/images/product/ce41108fe040cc9d70908f8c4fb8e02e.256p.jpg,DDR4-3600,DDR4,2 x 8GB,16GB,10 ns,18,,Black,0
GeIL GeIL EVO POTENZA 16GB (2 x 8GB) 288-Pin DDR4 SDRAM DDR4 3600 (PC4 28800) Desktop Memory Model GPR416GB3600C18ADC 16 GB,,https://cdna.pcpartpicker.com/static/forever/images/product/41918c1990500026dfffbafa9dbe4ba3.256p.jpg,DDR4-3600,DDR4,2 x 8GB,16GB,10 ns,18,,Red,0
OLOy MD4U083016BHDA 16 GB,,https://cdna.pcpartpicker.com/static/forever/images/product/70ae08afb60ee51ae6fba5dd95ce23b4.256p.jpg,DDR4-3000,DDR4,2 x 8GB,16GB,10.667 ns,16,,Red,0
OLOy MD4U082616BHDA 16 GB,,https://cdna.pcpartpicker.com/static/forever/images/product/70ae08afb60ee51ae6fba5dd95ce23b4.256p.jpg,DDR4-2666,DDR4,2 x 8GB,16GB,12.003 ns,16,,Red,0
OLOy MD4U162619BJDA 32 GB,,,DDR4-2666,DDR4,2 x 16GB,32GB,14.254 ns,19,,Black,0
Samsung Samsung DDR4-2933 32GB/2Gx4 ECC/REG CL21 Server Memory 32 GB,,https://cdna.pcpartpicker.com/static/forever/images/product/64609d35ad44c97c719bb9b527cd153b.256p.jpg,DDR4-2933,DDR4,1 x 32GB,32GB,14.32 ns,21,,Green / Black,0
Thermaltake TOUGHRAM RC 16 GB,,https://cdna.pcpartpicker.com/static/forever/images/product/3d254a2d311cebd9f9380e004b03fa31.256p.jpg,DDR4-4000,DDR4,2 x 8GB,16GB,9.5 ns,19,,Black,0
G.Skill Value 32 GB,304.21,https://cdna.pcpartpicker.com/static/forever/images/product/834cb25876aa332c7df6163ca83c0064.256p.jpg,DDR4-2666,DDR4,1 x 32GB,32GB,14.254 ns,19,£9.981,Black,0
Kingston HyperX 256 GB,,https://cdna.pcpartpicker.com/static/forever/images/product/4496535ec49d21bcb1179d8ecee01f49.256p.jpg,DDR4-3200,DDR4,8 x 32GB,256GB,10 ns,16,,Black,0
Apacer AU 4 GB,,,DDR4-2400,DDR4,1 x 4GB,4GB,14.167 ns,17,,Black,0
Neo Forza MARS 64 GB,,https://cdna.pcpartpicker.com/static/forever/images/product/4f9a4217798b5b776e3623fa08e7d790.256p.jpg,DDR4-3200,DDR4,2 x 32GB,64GB,10 ns,16,,Gray / Black,0
TEAMGROUP T-Force Xtreem ARGB 64 GB,,https://cdna.pcpartpicker.com/static/forever/images/product/e7e5bfd5a94513a55151d1454e97bc55.256p.jpg,DDR4-3600,DDR4,2 x 32GB,64GB,10 ns,18,,White,5
TEAMGROUP T-Force Dark Z 64 GB,,https://cdna.pcpartpicker.com/static/forever/images/product/539dec2f280d95b717c10a42518d577a.256p.jpg,DDR4-3200,DDR4,2 x 32GB,64GB,10 ns,16,,Gray,0
Acer Predator Talos 32 GB,,https://cdna.pcpartpicker.com/static/forever/images/product/56fa0364aa8227054bf3567b6bcf9fd8.256p.jpg,DDR4-3200,DDR4,2 x 16GB,32GB,10 ns,16,,White / Black,0
G.Skill Value 64 GB,602.14,https://cdna.pcpartpicker.com/static/forever/images/product/5efe5b1dd990449c4830c566593be373.256p.jpg,DDR4-2666,DDR4,2 x 32GB,64GB,14.254 ns,19,£9.642,Black,0
G.Skill Trident Z Neo (For AMD Ryzen) 16 GB,,https://cdna.pcpartpicker.com/static/forever/images/product/4583aabea61309b1015a681fa5dfef43.256p.jpg,DDR4-2666,DDR4,2 x 8GB,16GB,13.503 ns,18,,Black / White,0
Kingston Fury Renegade RGB 8 GB,,https://cdna.pcpartpicker.com/static/forever/images/product/f88738ee96a11ce946b9b6b0f544a824.256p.jpg,DDR4-3200,DDR4,1 x 8GB,8GB,10 ns,16,,Black,0
GeIL Orion RGB AMD Edition 8 GB,,,DDR4-3200,DDR4,1 x 8GB,8GB,10 ns,16,,Gray,0
GeIL EVO Potenza AMD Edition 16 GB,,,DDR4-2666,DDR4,2 x 8GB,16GB,12.003 ns,16,,Red,0
TEAMGROUP T-Force Xtreem ARGB 256 GB,,https://cdna.pcpartpicker.com/static/forever/images/product/082a109c06a0c3ffba876cbe12b4cd9b.256p.jpg,DDR4-3200,DDR4,8 x 32GB,256GB,10 ns,16,,Black,0
Lexar Hades OC 32 GB,,https://cdna.pcpartpicker.com/static/forever/images/product/6dd56d2d7ac67d9ef919f32943913cf4.256p.jpg,DDR4-3600,DDR4,2 x 16GB,32GB,10 ns,18,,Gray / Black,0
VisionTek 901513 32 GB,,https://cdna.pcpartpicker.com/static/forever/images/product/872135645821dcefbe03fdd2bd9c7222.256p.jpg,DDR5-4800,DDR5,1 x 32GB,32GB,16.667 ns,40,,,0
PNY XLR8 Gaming EPIC-X RGB 64 GB,,,DDR4-3200,DDR4,4 x 16GB,64GB,10 ns,16,,Black,0
G.Skill F4-3200C16Q-64GTZKO 64 GB,,https://cdna.pcpartpicker.com/static/forever/images/product/295fbc9421ff915b848231ef244be860.256p.jpg,DDR4-3200,DDR4,4 x 16GB,64GB,10 ns,16,,Black / Orange,0
G.Skill F4-4000C19D-32GTZSW 32 GB,,https://cdna.pcpartpicker.com/static/forever/images/product/dd0914cbfb5e6e8cf6ea93254d3149dd.256p.jpg,DDR4-4000,DDR4,2 x 16GB,32GB,9.5 ns,19,,Gray / White,0
Acer UD100 16 GB,,,DDR4-2666,DDR4,1 x 16GB,16GB,14.254 ns,19,,Black,0
Corsair Vengeance RGB Pro SL 256 GB,,https://cdna.pcpartpicker.com/static/forever/images/product/09f4446fdbe388797040c227fd2d7408.256p.jpg,DDR4-3200,DDR4,8 x 32GB,256GB,10 ns,16,,Black,0
Silicon Power SP008GBLFU240N21 8 GB,,,DDR4-2400,DDR4,2 x 4GB,8GB,14.167 ns,17,,,0
Silicon Power SP016GBLFU240B02 16 GB,,,DDR4-2400,DDR4,1 x 16GB,16GB,14.167 ns,17,,,0
Silicon Power SP016GBLFU240X02 16 GB,,https://cdna.pcpartpicker.com/static/forever/images/product/627d3f8979f185379cf057ab523c1e1d.256p.jpg,DDR4-2400,DDR4,1 x 16GB,16GB,14.167 ns,17,,,0
Silicon Power SP016GBLVU480G22 16 GB,,,DDR5-4800,DDR5,2 x 8GB,16GB,16.667 ns,40,,,0
TEAMGROUP Night Hawk RGB Gen 2 16 GB,,https://cdna.pcpartpicker.com/static/forever/images/product/95975abf8e69f0d7985ada45a246f30a.256p.jpg,DDR4-3200,DDR4,2 x 8GB,16GB,10 ns,16,,Black,0
PROXMEM KERBEROS 16 GB,,,DDR4-3200,DDR4,2 x 8GB,16GB,11.25 ns,18,,Black / Silver,0
PROXMEM KERBEROS 32 GB,,,DDR5-6400,DDR5,2 x 16GB,32GB,11.875 ns,38,,Black / Silver,0
Timetec PINNACLE Konduit RGB 64 GB,,https://cdna.pcpartpicker.com/static/forever/images/product/e34d04afe14ac450e6a7cbf41d1dd380.256p.jpg,DDR4-3600,DDR4,2 x 32GB,64GB,10 ns,18,,White,0
PROXMEM UNDERWORLD TUF 32 GB,,,DDR5-6000,DDR5,2 x 16GB,32GB,10 ns,30,,Black / Gray,0
Thermaltake TOUGHRAM RC 32 GB,,,DDR5-5600,DDR5,2 x 16GB,32GB,12.857 ns,36,,Black,0
GeIL EVO V RGB 32 GB,,https://cdna.pcpartpicker.com/static/forever/images/product/dc5b47217896f1aa0a74c86400ab5e26.256p.jpg,DDR5-8000,DDR5,2 x 16GB,32GB,9.5 ns,38,,Black,0
Kingston KSM48R40BD8KMM-32HMR 32 GB,177.55,https://cdna.pcpartpicker.com/static/forever/images/product/8ea35c12804c71d98fd2515438802a47.256p.jpg,DDR5-4800,DDR5,1 x 32GB,32GB,16.667 ns,40,,Green,0
Mushkin Enhanced Redline 64 GB,,https://cdna.pcpartpicker.com/static/forever/images/product/6a021374d5b7c4320bb77b2213bb20e9.256p.jpg,DDR5-5600,DDR5,2 x 32GB,64GB,10 ns,28,,Black,0
GeIL ORION V 16 GB,,,DDR5-5200,DDR5,1 x 16GB,16GB,16.154 ns,42,,Black,0
GeIL ORION V 32 GB,,,DDR5-7600,DDR5,2 x 16GB,32GB,9.474 ns,36,,Red,0
GeIL ORION V AMD 16 GB,,,DDR5-6000,DDR5,1 x 16GB,16GB,10.667 ns,32,,Black,0
TEAMGROUP Elite Plus 4 GB,,https://cdna.pcpartpicker.com/static/forever/images/product/e13519d91ea300eddf6fc424cbbe460b.256p.jpg,DDR4-2133,DDR4,1 x 4GB,4GB,14.065 ns,15,,Black / Gold,5
GeIL EVO V RGB 16 GB,,,DDR5-4800,DDR5,2 x 8GB,16GB,16.667 ns,40,,Black,0
GeIL EVO V RGB 96 GB,,,DDR5-6800,DDR5,2 x 48GB,96GB,10.588 ns,36,,Black,0
Mushkin Enhanced Redline 96 GB,,https://cdna.pcpartpicker.com/static/forever/images/product/799faf542d3d7f10f00142974cd12ae6.256p.jpg,DDR5-5600,DDR5,2 x 48GB,96GB,16.429 ns,46,,Black,0
Lexar LD4AS032G-B3200GSST 32 GB,239.73,https://cdna.pcpartpicker.com/static/forever/images/product/16ad9dc2c0d00b5a938ab5a3f0b9b377.256p.jpg,DDR4-3200,DDR4,1 x 32GB,32GB,13.75 ns,22,£7.505,Black,0
VisionTek 901344 16 GB,,https://cdna.pcpartpicker.com/static/forever/images/product/ad5a76ce55099241e0952a8457050cca.256p.jpg,DDR4-2933,DDR4,1 x 16GB,16GB,14.32 ns,21,,Black,0
VisionTek 901345 32 GB,,https://cdna.pcpartpicker.com/static/forever/images/product/c1276abef3c1a17b279b6e1bc1358066.256p.jpg,DDR4-2933,DDR4,1 x 32GB,32GB,14.32 ns,21,,Black,0
Mushkin Enhanced Redline 32 GB,,,DDR4-4000,DDR4,2 x 16GB,32GB,9 ns,18,,Black,0
Silicon Power SP024GBSVU520P02 24 GB,,,DDR5-5200,DDR5,1 x 24GB,24GB,16.154 ns,42,,Black,0
Silicon Power SP048GBSVU560P02 48 GB,,,DDR5-5600,DDR5,1 x 48GB,48GB,16.429 ns,46,,Black,0
Silicon Power SP024GBLVU520P02 24 GB,,,DDR5-5200,DDR5,1 x 24GB,24GB,16.154 ns,42,,Black,0
Mushkin Redline Lumina White 32 GB,,https://cdna.pcpartpicker.com/static/forever/images/product/e5816b97625101c03a967338f07a30c7.256p.jpg,DDR5-6000,DDR5,2 x 16GB,32GB,12 ns,36,,White,0
Mushkin MES4S266KF4GX2 8 GB,97,,DDR4-2666,DDR4,2 x 4GB,8GB,14.254 ns,19,£16.250,,0
YEYIAN Vetra 16 GB,,,DDR4-2666,DDR4,1 x 16GB,16GB,14.254 ns,19,,Black,0
TEAMGROUP T-Create Classic 8 GB,,,DDR5-5600,DDR5,1 x 8GB,8GB,16.429 ns,46,,Black,0
V-Color TRA548G64D832Q 192 GB,,https://cdna.pcpartpicker.com/static/forever/images/product/6a7ccf68f21ff9267608da7f480566e4.256p.jpg,DDR5-6400,DDR5,4 x 48GB,192GB,10 ns,32,,White,0
V-Color TRA548G70D834Q 192 GB,,https://cdna.pcpartpicker.com/static/forever/images/product/3eb49a06e235cac3210bfe14df702aea.256p.jpg,DDR5-7000,DDR5,4 x 48GB,192GB,9.714 ns,34,,White,0
Corsair WS 128 GB,,https://cdna.pcpartpicker.com/static/forever/images/product/e424a1aa7af69b5036264ec85fd68f26.256p.jpg,DDR5-5600,DDR5,4 x 32GB,128GB,14.286 ns,40,,Black / Green,0
G.Skill Zeta R5 Neo 64 GB,,https://cdna.pcpartpicker.com/static/forever/images/product/22f4ac0cb0831ab102dfd844b69905c5.256p.jpg,DDR5-6400,DDR5,4 x 16GB,64GB,10 ns,32,,Black,0
V-Color TRA524G70S834O 192 GB,,https://cdna.pcpartpicker.com/static/forever/images/product/fc4f7c8bb4d47a2fa18d5cc78aa1895b.256p.jpg,DDR5-7000,DDR5,8 x 24GB,192GB,9.714 ns,34,,Black,0
GOODRAM IRDM RGB 64 GB,,,DDR5-6000,DDR5,2 x 32GB,64GB,10 ns,30,,Black,0
V-Color TE524G64S832SKK 48 GB,,https://cdna.pcpartpicker.com/static/forever/images/product/d84dc13d3b49b630530537e86a3ce1e4.256p.jpg,DDR5-6400,DDR5,2 x 24GB,48GB,10 ns,32,,White,0
Crucial CT8G4SFS824A 8 GB,129.62,https://cdna.pcpartpicker.com/static/forever/images/product/c27b177bc44c6b7eaa455e3d85f8671c.256p.jpg,DDR4-2400,DDR4,1 x 8GB,8GB,14.167 ns,17,,Green / Black,0
Silicon Power SU064GBSVU480F22AB 64 GB,639.99,,DDR5-4800,DDR5,2 x 32GB,64GB,16.667 ns,40,£10.000,Black,4
Samsung M391A2K43BB1-CPB 16 GB,,https://cdna.pcpartpicker.com/static/forever/images/product/2cf17eb6f9c92e56677498a15bc3925f.256p.jpg,DDR4-2133,DDR4,1 x 16GB,16GB,14.065 ns,15,,Black / Green,0
Kingston KVR26S19S8/8 8 GB,32.79,https://cdna.pcpartpicker.com/static/forever/images/product/561a0d1e6e0298fa8eff2bf05cd17886.256p.jpg,DDR4-2666,DDR4,1 x 8GB,8GB,14.254 ns,19,,Green / Black,0
Crucial CT32G4RFD4266 32 GB,360,https://cdna.pcpartpicker.com/static/forever/images/product/cf2edb38078226702b9bd9de17a9ca52.256p.jpg,DDR4-2666,DDR4,1 x 32GB,32GB,14.254 ns,19,£11.250,Green / Black,0
Kingston KSM24ED8/16ME 16 GB,,https://cdna.pcpartpicker.com/static/forever/images/product/a0c6401a38291521dbd7a38709e57644.256p.jpg,DDR4-2400,DDR4,1 x 16GB,16GB,14.167 ns,17,,Green / Black,0
Apacer AS 8 GB,,,DDR4-3200,DDR4,1 x 8GB,8GB,13.75 ns,22,,Black,0
Kingston KTH-PL421/8G 8 GB,112,https://cdna.pcpartpicker.com/static/forever/images/product/b26d35701fa92b4330a8551d1481b360.256p.jpg,DDR4-2133,DDR4,1 x 8GB,8GB,14.065 ns,15,£14.000,Green,0
Crucial CT32G4LFD424A 32 GB,,https://cdna.pcpartpicker.com/static/forever/images/product/d7bebfdafa75f6c05d996c0ba2eae76f.256p.jpg,DDR4-2400,DDR4,1 x 32GB,32GB,14.167 ns,17,,Green / Black,0
Kingston KCP426SS8/8 8 GB,46.12,https://cdna.pcpartpicker.com/static/forever/images/product/eb2b98585dc3ad3886a7989df7e1c4c8.256p.jpg,DDR4-2666,DDR4,1 x 8GB,8GB,12.753 ns,17,£6.612,Green / Black,0
Samsung M393A1G40EB1-CPB 8 GB,,https://cdna.pcpartpicker.com/static/forever/images/product/56cae67eff37b32578b01be3bbd3496c.256p.jpg,DDR4-2133,DDR4,1 x 8GB,8GB,14.065 ns,15,,Green / Black,0
Silicon Power SP016GBSFU266X02 16 GB,202.47,,DDR4-2666,DDR4,1 x 16GB,16GB,14.254 ns,19,£12.769,,0
V-Color TRA516G64S832Q 64 GB,,https://cdna.pcpartpicker.com/static/forever/images/product/2383c437b10454d4896a7cca72ab432b.256p.jpg,DDR5-6400,DDR5,4 x 16GB,64GB,10 ns,32,,White,0
V-Color TRA532G56S436Q 128 GB,,https://cdna.pcpartpicker.com/static/forever/images/product/e57ed018cef17f4465d1adec5b67c23c.256p.jpg,DDR5-5600,DDR5,4 x 32GB,128GB,12.857 ns,36,,White,0
Kingston KVR21R15S4/8 8 GB,94.35,https://cdna.pcpartpicker.com/static/forever/images/product/fac0715f6ed3f6a48dc1137d8b9c6605.256p.jpg,DDR4-2133,DDR4,1 x 8GB,8GB,14.065 ns,15,£11.794,Black / Green,0
Crucial CT4K16G4VFD4213 64 GB,,,DDR4-2133,DDR4,4 x 16GB,64GB,14.065 ns,15,,Black / Green,0
Crucial CT4G4RFS8213 4 GB,,https://cdna.pcpartpicker.com/static/forever/images/product/e0865386029f37202e5a9b1eda82a31e.256p.jpg,DDR4-2133,DDR4,1 x 4GB,4GB,14.065 ns,15,,Black / Green,0
GeIL GPR416GB2133C15QC 16 GB,,,DDR4-2133,DDR4,4 x 4GB,16GB,14.065 ns,15,,Black / Red,0
Kingston HX426C13PB2K4/16 16 GB,,,DDR4-2666,DDR4,4 x 4GB,16GB,9.752 ns,13,,Black,5
Kingston HX430C15PB2K4/16 16 GB,,https://cdna.pcpartpicker.com/static/forever/images/product/fa7c21fff9034cc9e555bd404c0d3426.256p.jpg,DDR4-3000,DDR4,4 x 4GB,16GB,10 ns,15,,Black,5
GeIL GPR416GB2666C15QC 16 GB,,,DDR4-2666,DDR4,4 x 4GB,16GB,11.253 ns,15,,Black / Red,0
GeIL GPR432GB2400C15QC 32 GB,,https://cdna.pcpartpicker.com/static/forever/images/product/3be3fb1c4d89c6628e6145e057794664.256p.jpg,DDR4-2400,DDR4,4 x 8GB,32GB,12.5 ns,15,,Black / Red,4
G.Skill Ripjaws 4 64 GB,,https://cdna.pcpartpicker.com/static/forever/images/product/07cba078245190aee06663ddb567e9bb.256p.jpg,DDR4-2133,DDR4,8 x 8GB,64GB,14.065 ns,15,,Red,0
Patriot PX432G280C6QK 32 GB,,,DDR4-2800,DDR4,4 x 8GB,32GB,10.714 ns,15,,Black / Silver,0
Mushkin Redline 4 GB,,,DDR4-2800,DDR4,1 x 4GB,4GB,10.714 ns,15,,Red / White,0
Kingston KTD-PE421/8G 8 GB,,https://cdna.pcpartpicker.com/static/forever/images/product/b26d35701fa92b4330a8551d1481b360.256p.jpg,DDR4-2133,DDR4,1 x 8GB,8GB,14.065 ns,15,,Green,0
Kingston KVR21L15Q4/32 32 GB,,https://cdna.pcpartpicker.com/static/forever/images/product/6fbda09b30887daf2a1ff52048553e8c.256p.jpg,DDR4-2133,DDR4,1 x 32GB,32GB,14.065 ns,15,,Black / Green,0
Kingston D4G72M152Q 32 GB,,,DDR4-2133,DDR4,1 x 32GB,32GB,14.065 ns,15,,Black / Green,0
Kingston KCS-UC421LQ/32G 32 GB,291.16,,DDR4-2133,DDR4,1 x 32GB,32GB,14.065 ns,15,£9.099,Black / Green,0
Patriot PSD44G213381 4 GB,,https://cdna.pcpartpicker.com/static/forever/images/product/7dda59aecb128b6069617ebae4bdbf37.256p.jpg,DDR4-2133,DDR4,1 x 4GB,4GB,14.065 ns,15,,Black / Green,3
Kingston Impact 8 GB,,https://cdna.pcpartpicker.com/static/forever/images/product/f141f5f1f05901fc899cb44b1a902d37.256p.jpg,DDR4-2133,DDR4,2 x 4GB,8GB,12.189 ns,13,,Black / Silver,0
Panram Ninja-V 16 GB,,,DDR4-2400,DDR4,2 x 8GB,16GB,12.5 ns,15,,Black / Silver,0
Panram Ninja-V 8 GB,,,DDR4-2400,DDR4,1 x 8GB,8GB,12.5 ns,15,,Black / Silver,0
GeIL Dragon RAM Combo 16 GB,,,DDR4-3600,DDR4,4 x 4GB,16GB,9.444 ns,17,,White / Gold,0
GeIL Dragon RAM Combo 8 GB,,,DDR4-3866,DDR4,2 x 4GB,8GB,9.312 ns,18,,White / Gold,0
GeIL Super Luce 16 GB,,,DDR4-3000,DDR4,2 x 8GB,16GB,10 ns,15,,Black / Red,4.5