name,price,image,capacity,interface,type,form_factor,cache,price_gb,rating
Kingston NV3,128.94,https://cdna.pcpartpicker.com/static/forever/images/product/0a0b12a29d901a2fef4cd49748f3cc54.256p.jpg,1 TB,M.2 PCIe 4.0 X4,SSD,M.2-2280,M.2 PCIe 4.0 X4,£0.129,4.5
Samsung 990 Pro,326.99,https://cdna.pcpartpicker.com/static/forever/images/product/55fb148a837f9e33dfdb095188af8a74.256p.jpg,2 TB,M.2 PCIe 4.0 X4,SSD,M.2-2280,2048 MB,£0.163,4.5
Silicon Power UD90,122.97,https://cdna.pcpartpicker.com/static/forever/images/product/b897eb9b6b500cbebe80985cb7c8ba7e.256p.jpg,1 TB,M.2 PCIe 4.0 X4,SSD,M.2-2280,M.2 PCIe 4.0 X4,£0.123,4.5
Crucial P310,154.94,https://cdna.pcpartpicker.com/static/forever/images/product/df4e2992d37f23922fb5d8d9ce743981.256p.jpg,1 TB,M.2 PCIe 4.0 X4,SSD,M.2-2280,M.2 PCIe 4.0 X4,£0.155,4.5
Western Digital WD_Black SN850X,303,https://cdna.pcpartpicker.com/static/forever/images/product/8e6dbae8a0f3c6572216c8758ce5a0b5.256p.jpg,2 TB,M.2 PCIe 4.0 X4,SSD,M.2-2280,2048 MB,£0.151,4.5
Samsung 9100 PRO,1553.94,https://cdna.pcpartpicker.com/static/forever/images/product/fc8889b70fba1d57031e100cf6562622.256p.jpg,8 TB,M.2 PCIe 5.0 X4,SSD,M.2-2280,8192 MB,£0.194,5
Patriot P300,73.98,https://cdna.pcpartpicker.com/static/forever/images/product/bbe3d900dc2abf2a0828e4860619a58e.256p.jpg,512 GB,M.2 PCIe 3.0 X4,SSD,M.2-2280,M.2 PCIe 3.0 X4,£0.144,4.5
Silicon Power P34A60,304.32,https://cdna.pcpartpicker.com/static/forever/images/product/0502d0e9177bf57189386f69ba859b0e.256p.jpg,2 TB,M.2 PCIe 3.0 X4,SSD,M.2-2280,M.2 PCIe 3.0 X4,£0.152,5
Samsung 980,194.99,https://cdna.pcpartpicker.com/static/forever/images/product/ca0b46376f072d2483c385bad50c6310.256p.jpg,500 GB,M.2 PCIe 3.0 X4,SSD,M.2-2280,M.2 PCIe 3.0 X4,£0.390,4.5
Western Digital WD_BLACK SN7100,259.96,https://cdna.pcpartpicker.com/static/forever/images/product/6f0fd73f94e49659eace8db76370bc34.256p.jpg,2 TB,M.2 PCIe 4.0 X4,SSD,M.2-2280,M.2 PCIe 4.0 X4,£0.130,4.5
Samsung 970 Evo Plus,179.99,https://cdna.pcpartpicker.com/static/forever/images/product/326881d073c1b667bd348893696c690e.256p.jpg,1 TB,M.2 PCIe 3.0 X4,SSD,M.2-2280,1024 MB,£0.180,4.5
Samsung 990 EVO Plus,249.99,https://cdna.pcpartpicker.com/static/forever/images/product/e04f7c7b9bb44e66f4518b2d99d5798d.256p.jpg,2 TB,M.2 PCIe 5.0 X2,SSD,M.2-2280,M.2 PCIe 5.0 X2,£0.125,4.5
Crucial P510,157.94,https://cdna.pcpartpicker.com/static/forever/images/product/d54a12ece6338a1a71ecaa145f58f616.256p.jpg,1 TB,M.2 PCIe 5.0 X4,SSD,M.2-2280,M.2 PCIe 5.0 X4,£0.158,4.5
Patriot P400 Lite,259.3,https://cdna.pcpartpicker.com/static/forever/images/product/0aaf750acd7697a2e0fac812b6ba7770.256p.jpg,2 TB,M.2 PCIe 4.0 X4,SSD,M.2-2280,M.2 PCIe 4.0 X4,£0.130,5
Samsung 870 Evo,409.31,https://cdna.pcpartpicker.com/static/forever/images/product/2c576ecaedba7428ac231ac4f1e12a4d.256p.jpg,2 TB,SATA 6.0 Gb/s,SSD,"2.5""",2048 MB,£0.205,4.5
TEAMGROUP T-Force Vulcan Z,131.93,https://cdna.pcpartpicker.com/static/forever/images/product/cdef80d378b1ec2bf07dff0b42837897.256p.jpg,1 TB,SATA 6.0 Gb/s,SSD,2.5,SATA 6.0 Gb/s,£0.132,4.5
Lexar NM790,275.52,https://cdna.pcpartpicker.com/static/forever/images/product/496a72c7b0963d48aff4970b5407c89f.256p.jpg,2 TB,M.2 PCIe 4.0 X4,SSD,M.2-2280,M.2 PCIe 4.0 X4,£0.138,5
Samsung 980 Pro,324.99,https://cdna.pcpartpicker.com/static/forever/images/product/3b2a91588d1a28bfa1b0184fb7f1c0a1.256p.jpg,2 TB,M.2 PCIe 4.0 X4,SSD,M.2-2280,2048 MB,£0.162,4.5
ADATA Legend 710,119,https://cdna.pcpartpicker.com/static/forever/images/product/fcfc16d3df880de0f065760333e239cb.256p.jpg,1 TB,M.2 PCIe 3.0 X4,SSD,M.2-2280,M.2 PCIe 3.0 X4,£0.119,0
Kingston FURY Renegade G5,1599.99,https://cdna.pcpartpicker.com/static/forever/images/product/c8443eac545855ab2ef3b11814140054.256p.jpg,8 TB,M.2 PCIe 5.0 X4,SSD,M.2-2280,M.2 PCIe 5.0 X4,£0.200,0
Mushkin Source HC,17479.72,16000,16 TB,SATA 6.0 Gb/s,SSD,2.5,SATA 6.0 Gb/s,£1.092,0
Lenovo S4520,2434.74,480,480 GB,SATA 6.0 Gb/s,SSD,3.5,SATA 6.0 Gb/s,£5.072,0
Western Digital WD_BLACK SN8100,805.99,https://cdna.pcpartpicker.com/static/forever/images/product/1a712c4fc7eec20d6af59f2992e40962.256p.jpg,4 TB,M.2 PCIe 5.0 X4,SSD,M.2-2280,4096 MB,£0.201,5
Crucial P3 Plus,259.82,https://cdna.pcpartpicker.com/static/forever/images/product/2830bf3ba317c794ccde742efe4304be.256p.jpg,1 TB,M.2 PCIe 4.0 X4,SSD,M.2-2280,M.2 PCIe 4.0 X4,£0.260,4.5
Samsung 9100 PRO w/Heatsink,1649.99,https://cdna.pcpartpicker.com/static/forever/images/product/7d2bcbd37be362c0cc30ab8f8cffe824.256p.jpg,8 TB,M.2 PCIe 5.0 X4,SSD,M.2-2280,8192 MB,£0.206,0
Sabrent Rocket 4 Plus,1058.89,https://cdna.pcpartpicker.com/static/forever/images/product/a1f3e983bdceebc282929dee27df1db3.256p.jpg,8 TB,M.2 PCIe 4.0 X4,SSD,M.2-2280,M.2 PCIe 4.0 X4,,4
Kingston NV2,Out of stock£95.59Add,https://cdna.pcpartpicker.com/static/forever/images/product/7aa3028d0fc04e0ee3323f474bd349bd.256p.jpg,1 TB,M.2 PCIe 4.0 X4,SSD,M.2-2280,M.2 PCIe 4.0 X4,,4.5
Western Digital Black SN770,388.82,https://cdna.pcpartpicker.com/static/forever/images/product/5ab53f4ea70381a66686c52d0b6e05a6.256p.jpg,2 TB,M.2 PCIe 4.0 X4,SSD,M.2-2280,M.2 PCIe 4.0 X4,£0.194,4.5
OWC Mercury Enterprise Pro 6G,Add,https://cdna.pcpartpicker.com/static/forever/images/product/78e0b4ee0ab65ea56f17972283df0c0f.256p.jpg,16 TB,SATA 6.0 Gb/s,SSD,2.5,,,0
TEAMGROUP T-FORCE G50,92.69,https://cdna.pcpartpicker.com/static/forever/images/product/9ec0dd43fbfd154476d61fd6c555a02e.256p.jpg,512 GB,M.2 PCIe 4.0 X4,SSD,M.2-2280,M.2 PCIe 4.0 X4,£0.181,0
Western Digital Blue SN580,261.01,https://cdna.pcpartpicker.com/static/forever/images/product/f3d3390c0b08de6bbdfecbac012c639b.256p.jpg,1 TB,M.2 PCIe 4.0 X4,SSD,M.2-2280,M.2 PCIe 4.0 X4,£0.261,4.5
Silicon Power A55,94.97,https://cdna.pcpartpicker.com/static/forever/images/product/e4bdef695eda38603bff1a903c8bcaf4.256p.jpg,1 TB,SATA 6.0 Gb/s,SSD,2.5,SATA 6.0 Gb/s,£0.095,4.5
Crucial T500,269.99,https://cdna.pcpartpicker.com/static/forever/images/product/3fd5aee2fd8854d15ef3c81dcd9599f5.256p.jpg,2 TB,M.2 PCIe 4.0 X4,SSD,M.2-2280,M.2 PCIe 4.0 X4,£0.135,4.5
Kingston KC3000,182.93,https://cdna.pcpartpicker.com/static/forever/images/product/e66fc9e6326af9ce97e3bd50268f61a2.256p.jpg,1.024 TB,M.2 PCIe 4.0 X4,SSD,M.2-2280,M.2 PCIe 4.0 X4,£0.179,4.5
TEAMGROUP MP44L,165.53,https://cdna.pcpartpicker.com/static/forever/images/product/b7e87809a48525a1340938718110fecc.256p.jpg,1 TB,M.2 PCIe 4.0 X4,SSD,M.2-2280,M.2 PCIe 4.0 X4,£0.166,4.5
Intel D3-S4520,2152.84,https://cdna.pcpartpicker.com/static/forever/images/product/f048f162c116c66e36ddefd9792cc6df.256p.jpg,7.68 TB,SATA 6.0 Gb/s,SSD,2.5,SATA 6.0 Gb/s,£0.280,0
Crucial BX500,177.35,https://cdna.pcpartpicker.com/static/forever/images/product/fff84afccbfab3054a5a88963c4bb271.256p.jpg,1 TB,SATA 6.0 Gb/s,SSD,2.5,SATA 6.0 Gb/s,£0.177,4.5
Crucial E100,129,https://cdna.pcpartpicker.com/static/forever/images/product/72bbad5e69fa95e74103a3613c6dc1e9.256p.jpg,1 TB,M.2 PCIe 4.0 X4,SSD,M.2-2280,,£0.129,2.5
Crucial T710,449,https://cdna.pcpartpicker.com/static/forever/images/product/abd724ed757ac7efff283d51c2b66cde.256p.jpg,4 TB,M.2 PCIe 5.0 X4,SSD,M.2-2280,M.2 PCIe 5.0 X4,£0.112,4.5
Samsung 980 Pro w/Heatsink,Out of stock£149.93Add,https://cdna.pcpartpicker.com/static/forever/images/product/117a93ff22c8f38b2bfb8ff00b0b4d78.256p.jpg,1 TB,M.2 PCIe 4.0 X4,SSD,M.2-2280,1024 MB,,4.5
Lexar NM760,,1000,1 TB,M.2 PCIe 4.0 X4,SSD,M.2-2280,M.2 PCIe 4.0 X4,,0
Patriot Burst Elite,23.49,https://cdna.pcpartpicker.com/static/forever/images/product/a54889ce4a2388399cf0cf168f61efaf.256p.jpg,120 GB,SATA 6.0 Gb/s,SSD,2.5,SATA 6.0 Gb/s,£0.196,3
Western Digital WD Green SN3000,139.99,https://cdna.pcpartpicker.com/static/forever/images/product/f7ef0967f1ceb8bb467e4a8b1344a401.256p.jpg,1 TB,M.2 PCIe 4.0 X4,SSD,M.2-2280,M.2 PCIe 4.0 X4,£0.140,5
KIOXIA EXCERIA PLUS G4,229.99,https://cdna.pcpartpicker.com/static/forever/images/product/9ab94b2c3ffb08f6c7db460684b15332.256p.jpg,2 TB,M.2 PCIe 5.0 X4,SSD,M.2-2280,M.2 PCIe 5.0 X4,£0.115,5
Patriot P320,76.98,https://cdna.pcpartpicker.com/static/forever/images/product/728bb9e7acc313cc8ba4348f85c20314.256p.jpg,512 GB,M.2 PCIe 3.0 X4,SSD,M.2-2280,M.2 PCIe 3.0 X4,£0.150,0
MSI SPATIUM M482,Add,https://cdna.pcpartpicker.com/static/forever/images/product/a1e6e587283595392f120360f3d870d1.256p.jpg,2 TB,M.2 PCIe 4.0 X4,SSD,M.2-2280,M.2 PCIe 4.0 X4,,5
Acer Predator GM7000,Add,https://cdna.pcpartpicker.com/static/forever/images/product/12f86981f480322cc08d5561239cba2d.256p.jpg,2 TB,M.2 PCIe 4.0 X4,SSD,M.2-2280,2048 MB,,4.5
Kingston A400,68.94,https://cdna.pcpartpicker.com/static/forever/images/product/97e2bd828644767c8a80b71f8cb14743.256p.jpg,240 GB,SATA 6.0 Gb/s,SSD,2.5,SATA 6.0 Gb/s,£0.287,4.5
Klevv CRAS C910,165.48,1000,1 TB,M.2 PCIe 4.0 X4,SSD,M.2-2280,M.2 PCIe 4.0 X4,£0.165,4.5
Biwin Black Opal NV7400,135.99,1000,1 TB,M.2 PCIe 4.0 X4,SSD,M.2-2280,M.2 PCIe 4.0 X4,£0.136,0
ADATA LEGEND 860,245.95,https://cdna.pcpartpicker.com/static/forever/images/product/caa0126e94269529feefd20dacb980b9.256p.jpg,2 TB,M.2 PCIe 4.0 X4,SSD,M.2-2280,M.2 PCIe 4.0 X4,£0.123,5
Western Digital WD Blue SN5000,369.99,https://cdna.pcpartpicker.com/static/forever/images/product/936d2253ae2c922ad5ce39f27ab4f0a7.256p.jpg,4 TB,M.2 PCIe 4.0 X4,SSD,M.2-2280,M.2 PCIe 4.0 X4,£0.092,0
TEAMGROUP MP33,251.65,https://cdna.pcpartpicker.com/static/forever/images/product/b76335209ac689ef3ed00fdde8358acb.256p.jpg,2 TB,M.2 PCIe 3.0 X4,SSD,M.2-2280,M.2 PCIe 3.0 X4,£0.126,4.5
Intel D3-S4510,Add,7680,7.68 TB,SATA 6.0 Gb/s,SSD,2.5,SATA 6.0 Gb/s,,0
Silicon Power P34A6X,108.97,https://cdna.pcpartpicker.com/static/forever/images/product/315d9aac73067daa82063c2d34b356fa.256p.jpg,1 TB,M.2 PCIe 3.0 X4,SSD,M.2-2280,,£0.109,0
Intel DC P3608,5705.09,4000,4 TB,PCIe x8,SSD,PCIe,PCIe x8,£1.426,0
Gigabyte AORUS Gen4 7300,356.63,https://cdna.pcpartpicker.com/static/forever/images/product/e32295dc41b57635cb76db07234a1288.256p.jpg,2 TB,M.2 PCIe 4.0 X4,SSD,M.2-2280,2048 MB,£0.178,5
Samsung 970 Evo,Add,https://cdna.pcpartpicker.com/static/forever/images/product/09a31f32abb3daaf5ed9b849bd60e675.256p.jpg,1 TB,M.2 PCIe 3.0 X4,SSD,M.2-2280,1024 MB,,4.5
Samsung 860 Evo,142.13,https://cdna.pcpartpicker.com/static/forever/images/product/50adb27c43f4a13c15135378f031d5c0.256p.jpg,1 TB,SATA 6.0 Gb/s,SSD,2.5,1024 MB,,4.5
Patriot P210,61.99,https://cdna.pcpartpicker.com/static/forever/images/product/0b4fa928bb9fe00b99169ee9b616d059.256p.jpg,512 GB,SATA 6.0 Gb/s,SSD,2.5,SATA 6.0 Gb/s,£0.121,4
Patriot P310,92.21,https://cdna.pcpartpicker.com/static/forever/images/product/7fa472338dbb333d6922ff1894043235.256p.jpg,480 GB,M.2 PCIe 3.0 X4,SSD,M.2-2280,M.2 PCIe 3.0 X4,£0.192,4
Samsung 990 Pro w/Heatsink,653.39,https://cdna.pcpartpicker.com/static/forever/images/product/1f3a70baa047ae18e1af31b89a344d2b.256p.jpg,4 TB,M.2 PCIe 4.0 X4,SSD,M.2-2280,4096 MB,£0.163,4.5
Intel 660p,143.62,https://cdna.pcpartpicker.com/static/forever/images/product/72ac6b04347d22c2592029d4a49bc5ed.256p.jpg,1.02 TB,M.2 PCIe 3.0 X4,SSD,M.2-2280,M.2 PCIe 3.0 X4,£0.141,4.5
Samsung 990 EVO,209.99,https://cdna.pcpartpicker.com/static/forever/images/product/a00cf1a6938d19a3965c362d1c715c56.256p.jpg,1 TB,M.2 PCIe 5.0 X2,SSD,M.2-2280,M.2 PCIe 5.0 X2,£0.210,5
Lexar NQ790,259.99,2000,2 TB,M.2 PCIe 4.0 X4,SSD,M.2-2280,M.2 PCIe 4.0 X4,£0.130,4.5
TEAMGROUP NV5000,144.88,https://cdna.pcpartpicker.com/static/forever/images/product/00338c7f8687fba8e5d6f8407b442e1e.256p.jpg,1 TB,M.2 PCIe 4.0 X4,SSD,M.2-2280,,£0.145,4
PNY CS900,109.98,https://cdna.pcpartpicker.com/static/forever/images/product/1a0e1f64fd9de50cc37c9373d7bb48d6.256p.jpg,1 TB,SATA 6.0 Gb/s,SSD,2.5,SATA 6.0 Gb/s,£0.110,4.5
SanDisk WD Blue SN5100,224.99,https://cdna.pcpartpicker.com/static/forever/images/product/11194096b68fcfb177e25cc7d2c1e882.256p.jpg,2 TB,M.2 PCIe 4.0 X4,SSD,M.2-2280,,£0.112,5
Western Digital WD_Black SN850X w/Heatsink,1042,https://cdna.pcpartpicker.com/static/forever/images/product/22a8e9bbc0f792f83fc2c9f8d155de54.256p.jpg,8 TB,M.2 PCIe 4.0 X4,SSD,M.2-2280,2048 MB,£0.130,0
Acer Predator GM7,215.99,https://cdna.pcpartpicker.com/static/forever/images/product/632489037ca2526dc4f9d84f00c99423.256p.jpg,2 TB,M.2 PCIe 4.0 X4,SSD,M.2-2280,M.2 PCIe 4.0 X4,£0.108,5
Samsung 850 Evo,195.99,https://cdna.pcpartpicker.com/static/forever/images/product/930e4d402f4ccd5f168e702e4b73b762.256p.jpg,250 GB,SATA 6.0 Gb/s,SSD,2.5,SATA 6.0 Gb/s,,4.5
Patriot P410,175.07,https://cdna.pcpartpicker.com/static/forever/images/product/d17b7bda5821d0f34be4235f17fa568c.256p.jpg,1 TB,M.2 PCIe 4.0 X4,SSD,M.2-2280,,£0.175,5
KingSpec XG7000,188.59,https://cdna.pcpartpicker.com/static/forever/images/product/bef5810e238402865881b06506a584db.256p.jpg,1 TB,M.2 PCIe 4.0 X4,SSD,M.2-2280,M.2 PCIe 4.0 X4,£0.189,5
PNY CS1030,123.19,https://cdna.pcpartpicker.com/static/forever/images/product/4dc9f5fe909a995df743f3eee4584542.256p.jpg,1 TB,M.2 PCIe 3.0 X4,SSD,M.2-2280,M.2 PCIe 3.0 X4,£0.123,5
Crucial T705,206.99,https://cdna.pcpartpicker.com/static/forever/images/product/26411ed56b8f23776f841818083ed115.256p.jpg,2 TB,M.2 PCIe 5.0 X4,SSD,M.2-2280,M.2 PCIe 5.0 X4,£0.103,4.5
MSI SPATIUM M480 PRO,669.18,https://cdna.pcpartpicker.com/static/forever/images/product/07a3c2ab9c4d6fc23c1694c68f445cb4.256p.jpg,4 TB,M.2 PCIe 4.0 X4,SSD,M.2-2280,2048 MB,£0.167,5
Lexar NM620,139.99,https://cdna.pcpartpicker.com/static/forever/images/product/8618752d44f122e9b16d057538903ec4.256p.jpg,1 TB,M.2 PCIe 3.0 X4,SSD,M.2-2280,M.2 PCIe 3.0 X4,£0.140,4
MSI SPATIUM M450,49.95,https://cdna.pcpartpicker.com/static/forever/images/product/af0a9572eb427edd65bef904f37dd1b5.256p.jpg,1 TB,M.2 PCIe 4.0 X4,SSD,M.2-2280,M.2 PCIe 4.0 X4,,4
SK Hynix Platinum P41,114.99,2000,2 TB,M.2 PCIe 4.0 X4,SSD,M.2-2280,M.2 PCIe 4.0 X4,,4.5
KingSpec NX-2280,Add,https://cdna.pcpartpicker.com/static/forever/images/product/b25fc667fa4db232a93524ded15fa484.256p.jpg,1 TB,M.2 PCIe 3.0 X4,SSD,M.2-2280,M.2 PCIe 3.0 X4,,4.5
KIOXIA EXCERIA,129.95,https://cdna.pcpartpicker.com/static/forever/images/product/3884da54cd24f146ee48d25a95ed5517.256p.jpg,960 GB,SATA 6.0 Gb/s,SSD,2.5,SATA 6.0 Gb/s,£0.135,0
Western Digital Blue SN550,104.85,https://cdna.pcpartpicker.com/static/forever/images/product/73be90b182cdb68fe899775fb8fa56ed.256p.jpg,1 TB,M.2 PCIe 3.0 X4,SSD,M.2-2280,M.2 PCIe 3.0 X4,,4.5
KingSpec P3,45.99,1000,1 TB,SATA 6.0 Gb/s,SSD,2.5,SATA 6.0 Gb/s,,3.5
Crucial P510 W/Heatsink,157.99,https://cdna.pcpartpicker.com/static/forever/images/product/c3a53ff66566c769f05252c0508c1663.256p.jpg,1 TB,M.2 PCIe 5.0 X4,SSD,M.2-2280,M.2 PCIe 5.0 X4,£0.158,0
MSI SPATIUM M461,211.92,https://cdna.pcpartpicker.com/static/forever/images/product/ea4bedfb41d590aa801cbbcd535ab039.256p.jpg,2 TB,M.2 PCIe 4.0 X4,SSD,M.2-2280,M.2 PCIe 4.0 X4,£0.106,5
Samsung 870 QVO,1435.58,https://cdna.pcpartpicker.com/static/forever/images/product/29b838814626cac9b060a2d2c0a293cd.256p.jpg,8 TB,SATA 6.0 Gb/s,SSD,2.5,SATA 6.0 Gb/s,£0.179,4
FanXiang S500 Pro,69.98,512,512 GB,M.2 PCIe 3.0 X4,SSD,M.2-2280,M.2 PCIe 3.0 X4,£0.137,0
Netac NV3000,,https://cdna.pcpartpicker.com/static/forever/images/product/7e2035d375c63ee926fecb362a7ef5ce.256p.jpg,1 TB,M.2 PCIe 3.0 X4,SSD,M.2-2280,M.2 PCIe 3.0 X4,,3.5
SanDisk Optimus GX PRO 8100 (w/Heatsink),1969.99,,8 TB,M.2 PCIe 5.0 X4,SSD,M.2-2280,,£0.246,0
Crucial P3,142.08,https://cdna.pcpartpicker.com/static/forever/images/product/5b0cd518feacc76794f17f75745b2907.256p.jpg,500 GB,M.2 PCIe 3.0 X4,SSD,M.2-2280,M.2 PCIe 3.0 X4,£0.284,4.5
Corsair MP600 PRO XT,193.62,https://cdna.pcpartpicker.com/static/forever/images/product/30feb0d406c2b123141dfd76bd25992e.256p.jpg,1 TB,M.2 PCIe 4.0 X4,SSD,M.2-2280,M.2 PCIe 4.0 X4,£0.194,5
Lexar EQ790,139.99,1000,1 TB,M.2 PCIe 4.0 X4,SSD,M.2-2280,M.2 PCIe 4.0 X4,£0.140,5
Intel 670p,230,https://cdna.pcpartpicker.com/static/forever/images/product/dcf368b5092373d4759de1ee874b9e79.256p.jpg,1 TB,M.2 PCIe 3.0 X4,SSD,M.2-2280,M.2 PCIe 3.0 X4,£0.230,4.5
Inland TN320,35.99,512,1 TB,M.2 PCIe 3.0 X4,SSD,M.2-2280,M.2 PCIe 3.0 X4,,0
Crucial P310 w/ Acronis Data Recovery,209,,2 TB,M.2 PCIe 4.0 X4,SSD,M.2-2280,,£0.104,0
Crucial MX500,324.95,https://cdna.pcpartpicker.com/static/forever/images/product/24739d2c05e810fd8c8d6883e6ed10fe.256p.jpg,2 TB,SATA 6.0 Gb/s,SSD,"2.5""",2048 MB,£0.162,4.5
Inland QN450,64.98,1000,1 TB,M.2 PCIe 4.0 X4,SSD,M.2-2280,M.2 PCIe 4.0 X4,,0
Intel D3-S4620,679,https://cdna.pcpartpicker.com/static/forever/images/product/b8ba4f921271c635b5881d7dda337021.256p.jpg,3.84 TB,SATA 6.0 Gb/s,SSD,2.5,SATA 6.0 Gb/s,,0
Western Digital Green SN350,214.16,https://cdna.pcpartpicker.com/static/forever/images/product/8958ec7c7803a678c5f2870d7b0245c5.256p.jpg,2 TB,M.2 PCIe 3.0 X4,SSD,M.2-2280,M.2 PCIe 3.0 X4,£0.107,3
XPG SX6000 Lite,Add,https://cdna.pcpartpicker.com/static/forever/images/product/5d7ac5150a3baa861fd8961b71c54c8b.256p.jpg,256 GB,M.2 PCIe 3.0 X4,SSD,M.2-2280,M.2 PCIe 3.0 X4,,3
Gigabyte AORUS Gen4,Add,https://cdna.pcpartpicker.com/static/forever/images/product/d59265eb1c1a742d7b7510e8259924db.256p.jpg,1 TB,M.2 PCIe 4.0 X4,SSD,M.2-2280,2048 MB,,4.5
Timetec 35TTFP6PCIE,81.36,1000,512 GB,M.2 PCIe 3.0 X4,SSD,M.2-2280,M.2 PCIe 3.0 X4,£0.159,3.5
FanXiang S880,219.7,1000,2 TB,M.2 PCIe 4.0 X4,SSD,M.2-2280,M.2 PCIe 4.0 X4,£0.110,5
Samsung PM893,3329.77,https://cdna.pcpartpicker.com/static/forever/images/product/921c4e493c902e4086752efe2a88ce0b.256p.jpg,7.68 TB,SATA 6.0 Gb/s,SSD,2.5,SATA 6.0 Gb/s,£0.434,0
Sabrent Rocket 5,325.63,https://cdna.pcpartpicker.com/static/forever/images/product/a221560d44f38ca9cf29eb842a2f5f19.256p.jpg,2 TB,M.2 PCIe 5.0 X4,SSD,M.2-2280,M.2 PCIe 5.0 X4,£0.163,0
Western Digital Blue,381.34,https://cdna.pcpartpicker.com/static/forever/images/product/a3b09866e3716566572bf9a13792cc85.256p.jpg,1 TB,SATA 6.0 Gb/s,SSD,"2.5""",,£0.381,4.5
Crucial T700 W/Heatsink,621.79,https://cdna.pcpartpicker.com/static/forever/images/product/aeb312f0e26355b4840393bd66b512cb.256p.jpg,4 TB,M.2 PCIe 5.0 X4,SSD,M.2-2280,M.2 PCIe 5.0 X4,£0.155,4
KIOXIA EXCERIA PLUS G3,160.99,https://cdna.pcpartpicker.com/static/forever/images/product/10ba06eb52379d5e7dbfa7ab326acc74.256p.jpg,1 TB,M.2 PCIe 4.0 X4,SSD,M.2-2280,M.2 PCIe 4.0 X4,£0.161,5
Western Digital Blue SN570,122.79,https://cdna.pcpartpicker.com/static/forever/images/product/da6c2cb6e4d17032dbb3da790499b57f.256p.jpg,1 TB,M.2 PCIe 3.0 X4,SSD,M.2-2280,M.2 PCIe 3.0 X4,,4.5
Verbatim Vi3000,154.95,https://cdna.pcpartpicker.com/static/forever/images/product/7577918a4354b4d63661af4607fe1aea.256p.jpg,1 TB,M.2 PCIe 3.0 X4,SSD,M.2-2280,M.2 PCIe 3.0 X4,£0.155,0
Gigabyte AORUS Gen4 7000E,179.99,https://cdna.pcpartpicker.com/static/forever/images/product/0e4da98cb163fb6b955a9a89dc847fd7.256p.jpg,1 TB,M.2 PCIe 4.0 X4,SSD,M.2-2280,,£0.180,5
ADATA XPG GAMMIX S70 Blade,177.94,https://cdna.pcpartpicker.com/static/forever/images/product/5a1578f5dbff7c6c5b2a6a29663d3293.256p.jpg,1 TB,M.2 PCIe 4.0 X4,SSD,M.2-2280,M.2 PCIe 4.0 X4,£0.178,4.5
Crucial P310 w/Heatsink,173.23,https://cdna.pcpartpicker.com/static/forever/images/product/f262730ba9facc0575af3658f509cdda.256p.jpg,1 TB,M.2 PCIe 4.0 X4,SSD,M.2-2280,M.2 PCIe 4.0 X4,£0.173,4
Kingston Fury Renegade,395.46,https://cdna.pcpartpicker.com/static/forever/images/product/f53b8d7adbe5755ba2e272aa945f3517.256p.jpg,2 TB,M.2 PCIe 4.0 X4,SSD,M.2-2280,M.2 PCIe 4.0 X4,£0.198,4.5
Biwin NV7200,,1000,2 TB,M.2 PCIe 4.0 X4,SSD,M.2-2280,M.2 PCIe 4.0 X4,,0
SanDisk Optimus GX PRO 8100,1924.99,,8 TB,M.2 PCIe 5.0 X4,SSD,M.2-2280,,£0.241,0
FanXiang S660,125.5,2000,1 TB,M.2 PCIe 4.0 X4,SSD,M.2-2280,M.2 PCIe 4.0 X4,£0.126,5
Gigabyte 4000E,,https://cdna.pcpartpicker.com/static/forever/images/product/b0cb726d3c39735794a7ad4b3b6b0d5e.256p.jpg,1 TB,M.2 PCIe 4.0 X4,SSD,M.2-2280,M.2 PCIe 4.0 X4,,0
Western Digital Black SN750,383.95,https://cdna.pcpartpicker.com/static/forever/images/product/0e711f3edb98f9680cc528271201d8d2.256p.jpg,1 TB,M.2 PCIe 3.0 X4,SSD,M.2-2280,M.2 PCIe 3.0 X4,£0.384,4.5
PNY CS2230,54.99,https://cdna.pcpartpicker.com/static/forever/images/product/b5cc5d898bdc8cffe2bbfbe5652417ee.256p.jpg,1 TB,M.2 PCIe 3.0 X4,SSD,M.2-2280,M.2 PCIe 3.0 X4,,0
Patriot Viper VP4300 Lite,268.22,https://cdna.pcpartpicker.com/static/forever/images/product/69067116a0293379d79c860bd2c77651.256p.jpg,2 TB,M.2 PCIe 4.0 X4,SSD,M.2-2280,M.2 PCIe 4.0 X4,£0.134,4.5
Lexar Professional NM1090 PRO,279.99,1000,2 TB,M.2 PCIe 5.0 X4,SSD,M.2-2280,M.2 PCIe 5.0 X4,£0.140,5
Crucial T700,550.99,https://cdna.pcpartpicker.com/static/forever/images/product/708ad07de98d1fb30d2435a7ef47b3ab.256p.jpg,4 TB,M.2 PCIe 5.0 X4,SSD,M.2-2280,M.2 PCIe 5.0 X4,£0.138,4.5
Lexar NQ700,,2000,2 TB,M.2 PCIe 4.0 X4,SSD,M.2-2280,M.2 PCIe 4.0 X4,,5
KIOXIA EXCERIA G3,145.99,https://cdna.pcpartpicker.com/static/forever/images/product/b83d499b71bcd8f167b2bbe05c3aa084.256p.jpg,1 TB,M.2 PCIe 5.0 X4,SSD,M.2-2280,,£0.146,0
PNY CS2150,179.19,2000,1 TB,M.2 PCIe 5.0 X4,SSD,M.2-2280,M.2 PCIe 5.0 X4,£0.179,5
Corsair MP700 Elite,424.57,https://cdna.pcpartpicker.com/static/forever/images/product/779f6f904f4fdc9029ed43fb37f144e2.256p.jpg,2 TB,M.2 PCIe 5.0 X4,SSD,M.2-2280,M.2 PCIe 5.0 X4,£0.212,5
Crucial P5 Plus,159.99,https://cdna.pcpartpicker.com/static/forever/images/product/43c2b68eaed9cd66fa6d7d71ee8e2756.256p.jpg,2 TB,M.2 PCIe 4.0 X4,SSD,M.2-2280,2048 MB,,4.5
TEAMGROUP T-Force Cardea A440 Pro,,https://cdna.pcpartpicker.com/static/forever/images/product/4ccb73baed8f94574445976fdb82509d.256p.jpg,2 TB,M.2 PCIe 4.0 X4,SSD,M.2-2280,M.2 PCIe 4.0 X4,,4.5
Samsung 970 Pro,239.99,https://cdna.pcpartpicker.com/static/forever/images/product/f5fbcbb3afcdfe42608154abf2f9de71.256p.jpg,512 GB,M.2 PCIe 3.0 X4,SSD,M.2-2280,512 MB,,4.5
Lexar NQ780,217.63,1000,1 TB,M.2 PCIe 4.0 X4,SSD,M.2-2280,M.2 PCIe 4.0 X4,£0.218,5
Western Digital WD_BLACK SN8100 w/Heatsink,1763.99,https://cdna.pcpartpicker.com/static/forever/images/product/5a9ebbe0c04a953c5c5fac1e9f2987fe.256p.jpg,8 TB,M.2 PCIe 5.0 X4,SSD,M.2-2280,M.2 PCIe 5.0 X4,£0.220,0
TEAMGROUP QX,199.99,https://cdna.pcpartpicker.com/static/forever/images/product/6b09323ae812fa126c4d87c6899be7ed.256p.jpg,2 TB,SATA 6.0 Gb/s,SSD,2.5,SATA 6.0 Gb/s,£0.100,3
Corsair MP700 PRO SE,641.85,https://cdna.pcpartpicker.com/static/forever/images/product/07bb3490105ed54cd3caa3223a30ea49.256p.jpg,4 TB,M.2 PCIe 5.0 X4,SSD,M.2-2280,M.2 PCIe 5.0 X4,£0.160,5
TEAMGROUP T-FORCE G70 PRO Graphene,259.99,https://cdna.pcpartpicker.com/static/forever/images/product/57df6073a8835a489e71d3fb0fe32a68.256p.jpg,2 TB,M.2 PCIe 4.0 X4,SSD,M.2-2280,M.2 PCIe 4.0 X4,£0.130,5
Klevv CRAS C925G,262.99,,2 TB,M.2 PCIe 4.0 X4,SSD,M.2-2280,,£0.131,0
Patriot P400 V4,174.9,https://cdna.pcpartpicker.com/static/forever/images/product/85f9170d40e3d7fe6359a551e77a420f.256p.jpg,1 TB,M.2 PCIe 4.0 X4,SSD,M.2-2280,,£0.175,0
SanDisk Optimus 5100,89.99,https://cdna.pcpartpicker.com/static/forever/images/product/663df24205489a717d9186dab8f7f2a5.256p.jpg,500 GB,M.2 PCIe 4.0 X4,SSD,M.2-2280,,£0.180,0
KingSpec XF,92.99,https://cdna.pcpartpicker.com/static/forever/images/product/66c0e319cdbbff51c63291fcc9fe93da.256p.jpg,2 TB,M.2 PCIe 4.0 X4,SSD,M.2-2280,M.2 PCIe 4.0 X4,,0
Silicon Power Ace A5X,53.97,https://cdna.pcpartpicker.com/static/forever/images/product/dc9841073fde927495d1974b3545173c.256p.jpg,512 GB,SATA 6.0 Gb/s,SSD,"2.5""",,£0.105,0
Western Digital Blue SA510,241.99,https://cdna.pcpartpicker.com/static/forever/images/product/c76996330f03b488800d57bbd617f637.256p.jpg,2 TB,SATA 6.0 Gb/s,SSD,2.5,SATA 6.0 Gb/s,£0.121,4
FanXiang S101,23.79,128,128 GB,SATA 6.0 Gb/s,SSD,2.5,SATA 6.0 Gb/s,£0.186,0
Corsair MP700 PRO,317.99,https://cdna.pcpartpicker.com/static/forever/images/product/fabeab48cca83136b20ca493cea3fd4a.256p.jpg,2 TB,M.2 PCIe 5.0 X4,SSD,M.2-2280,M.2 PCIe 5.0 X4,£0.159,5
Addlink S70,32.88,512,1 TB,M.2 PCIe 3.0 X4,SSD,M.2-2280,M.2 PCIe 3.0 X4,,5
ADATA MARS 980 BLADE,176.94,https://cdna.pcpartpicker.com/static/forever/images/product/b8e40128a4580b1643bf1226bdcc4498.256p.jpg,1 TB,M.2 PCIe 5.0 X4,SSD,M.2-2280,M.2 PCIe 5.0 X4,£0.177,0
Netac NV7000-t,162.99,2000,1 TB,M.2 PCIe 4.0 X4,SSD,M.2-2280,M.2 PCIe 4.0 X4,,0
Crucial P2,39.99,https://cdna.pcpartpicker.com/static/forever/images/product/1533ee97447785234f3c72a4ef452986.256p.jpg,1 TB,M.2 PCIe 3.0 X4,SSD,M.2-2280,M.2 PCIe 3.0 X4,,4.5
TEAMGROUP T-Force Cardea Z540,139.99,1000,4 TB,M.2 PCIe 5.0 X4,SSD,M.2-2280,M.2 PCIe 5.0 X4,,0
Crucial T705 W/Heatsink,511.49,https://cdna.pcpartpicker.com/static/forever/images/product/fd667dea54784b7840a47ef082c915dd.256p.jpg,4 TB,M.2 PCIe 5.0 X4,SSD,M.2-2280,M.2 PCIe 5.0 X4,£0.128,5
Corsair MP600 CORE XT R2,347.41,https://cdna.pcpartpicker.com/static/forever/images/product/0d1e4988888cbccacb7e7d99d2a08740.256p.jpg,2 TB,M.2 PCIe 4.0 X4,SSD,M.2-2280,M.2 PCIe 4.0 X4,£0.174,5
SanDisk SSD PLUS,124.99,https://cdna.pcpartpicker.com/static/forever/images/product/feeb23680e9f196d78740e81442b5cb4.256p.jpg,1 TB,M.2 PCIe 3.0 X4,SSD,M.2-2280,SATA 6.0 Gb/s,£0.125,0
AGI AI298,109.95,https://cdna.pcpartpicker.com/static/forever/images/product/9a9613f06806ceab959e6a72bab6e5c2.256p.jpg,1 TB,M.2 PCIe 3.0 X4,SSD,M.2-2280,M.2 PCIe 3.0 X4,£0.110,0
Crucial P1,135,https://cdna.pcpartpicker.com/static/forever/images/product/c375bc816cb1189605ece2421baadb94.256p.jpg,1 TB,M.2 PCIe 3.0 X4,SSD,M.2-2280,M.2 PCIe 3.0 X4,,4.5
Biwin Black Opal X570 Pro,,https://cdna.pcpartpicker.com/static/forever/images/product/0f8b535350f78b2976116e02ecb4201b.256p.jpg,1 TB,M.2 PCIe 5.0 X4,SSD,M.2-2280,1024 MB,,0
Corsair MP700 PRO XT,1414.99,,2 TB,M.2 PCIe 5.0 X4,SSD,M.2-2280,,£0.707,0
Silicon Power US75,129.99,2000,1 TB,M.2 PCIe 4.0 X4,SSD,M.2-2280,M.2 PCIe 4.0 X4,£0.130,5
Gigabyte AORUS Gen5 14000,229.99,https://cdna.pcpartpicker.com/static/forever/images/product/60acf357b2e2fc35d9568816ca9c72d7.256p.jpg,1 TB,M.2 PCIe 5.0 X4,SSD,M.2-2280,2048 MB,£0.230,0
Kingston Fury Renegade with Heat Sink,240.41,https://cdna.pcpartpicker.com/static/forever/images/product/fffe1ba051b880e726abe0550d5fe502.256p.jpg,2 TB,M.2 PCIe 4.0 X4,SSD,M.2-2280,M.2 PCIe 4.0 X4,£0.120,0
Sabrent Rocket 4,99.99,1000,2 TB,M.2 PCIe 4.0 X4,SSD,M.2-2280,M.2 PCIe 4.0 X4,,0
Patriot P220,25.99,https://cdna.pcpartpicker.com/static/forever/images/product/6ee0969eac126e58a3dc57a4a6a926a0.256p.jpg,128 GB,SATA 6.0 Gb/s,SSD,2.5,SATA 6.0 Gb/s,£0.203,0
Western Digital Green,49.69,https://cdna.pcpartpicker.com/static/forever/images/product/859404a3a795b374960d252a5883bc22.256p.jpg,240 GB,SATA 6.0 Gb/s,SSD,"2.5""",,£0.207,3.5
ADATA XPG SX8200 Pro,136.83,https://cdna.pcpartpicker.com/static/forever/images/product/b57859de3be232130e21cae9181f2138.256p.jpg,512 GB,M.2 PCIe 3.0 X4,SSD,M.2-2280,M.2 PCIe 3.0 X4,£0.267,4.5
SanDisk Optimus GX 7100,106.99,https://cdna.pcpartpicker.com/static/forever/images/product/c8d7b4d71c00f1e0c7d27e7d2d6b55ef.256p.jpg,500 GB,M.2 PCIe 4.0 X4,SSD,M.2-2280,,£0.214,0
Inland Professional,19.98,120,120 GB,SATA 6.0 Gb/s,SSD,2.5,SATA 6.0 Gb/s,,4.5
SanDisk Extreme,141.19,1000,1 TB,M.2 PCIe 4.0 X4,SSD,M.2-2280,M.2 PCIe 4.0 X4,£0.141,5
ADATA Ultimate SU650,85.24,https://cdna.pcpartpicker.com/static/forever/images/product/91498d84290724d3d4e364dba8b31d77.256p.jpg,512 GB,SATA 6.0 Gb/s,SSD,2.5,SATA 6.0 Gb/s,£0.166,0
Lexar NM710,193.88,https://cdna.pcpartpicker.com/static/forever/images/product/8c8fa679a8a4d517926eb7d1f7495982.256p.jpg,1 TB,M.2 PCIe 4.0 X4,SSD,M.2-2280,M.2 PCIe 4.0 X4,£0.194,4.5
Samsung 960 Evo,87.95,https://cdna.pcpartpicker.com/static/forever/images/product/05c84a7f2b020b4efe1b7b736b9eefd0.256p.jpg,250 GB,M.2 PCIe 3.0 X4,SSD,M.2-2280,512 MB,,4.5
TEAMGROUP MP44Q,167.5,https://cdna.pcpartpicker.com/static/forever/images/product/dacd35ede5635f3afe45a6014ceba789.256p.jpg,1 TB,M.2 PCIe 4.0 X4,SSD,M.2-2280,M.2 PCIe 4.0 X4,£0.168,5
Asus ROG Strix SQ7,,https://cdna.pcpartpicker.com/static/forever/images/product/5799413da768adb5d686323be059d43d.256p.jpg,1 TB,M.2 PCIe 4.0 X4,SSD,M.2-2280,1024 MB,,0
PNY CS2140,47.91,https://cdna.pcpartpicker.com/static/forever/images/product/d46e6931e1bc0a97166ac4efa9eb0f94.256p.jpg,1 TB,M.2 PCIe 4.0 X4,SSD,M.2-2280,M.2 PCIe 4.0 X4,,5
Lexar NM990,266.99,https://cdna.pcpartpicker.com/static/forever/images/product/a65abaf010cd19b6d45a9a5012e185ec.256p.jpg,2 TB,M.2 PCIe 5.0 X4,SSD,M.2-2280,M.2 PCIe 5.0 X4,£0.133,0
Kingston A2000,184.91,https://cdna.pcpartpicker.com/static/forever/images/product/04f2780924ad6adc22bc16609804195f.256p.jpg,1 TB,M.2 PCIe 3.0 X4,SSD,M.2-2280,M.2 PCIe 3.0 X4,£0.185,4.5
SK Hynix Gold P31,229.98,1000,1 TB,M.2 PCIe 3.0 X4,SSD,M.2-2280,M.2 PCIe 3.0 X4,,4.5
Centon MP Essential,199.33,https://cdna.pcpartpicker.com/static/forever/images/product/0ea30deb65dee4d38ba5282ef286130b.256p.jpg,960 GB,SATA 6.0 Gb/s,SSD,2.5,SATA 6.0 Gb/s,£0.208,0
ADATA SU630,37.93,https://cdna.pcpartpicker.com/static/forever/images/product/eb2766bf443b4123cb7cf75e65002a7b.256p.jpg,240 GB,SATA 6.0 Gb/s,SSD,2.5,SATA 6.0 Gb/s,£0.158,4
Western Digital Black SN850,199.99,https://cdna.pcpartpicker.com/static/forever/images/product/67ae19fe7847cb5bf67f4448e717e831.256p.jpg,1 TB,M.2 PCIe 4.0 X4,SSD,M.2-2280,M.2 PCIe 4.0 X4,£0.200,4.5
PNY CS2241,344.96,https://cdna.pcpartpicker.com/static/forever/images/product/3fc0cebea011952b5ccdfcf28c99b221.256p.jpg,2 TB,M.2 PCIe 4.0 X4,SSD,M.2-2280,M.2 PCIe 4.0 X4,£0.172,0
MSI SPATIUM M470 PRO,149.99,https://cdna.pcpartpicker.com/static/forever/images/product/73900c14eb1973ec24f0744d3d439253.256p.jpg,1 TB,M.2 PCIe 4.0 X4,SSD,M.2-2280,M.2 PCIe 4.0 X4,£0.150,4.5
Klevv CRAS C925,46.99,500,1 TB,M.2 PCIe 4.0 X4,SSD,M.2-2280,M.2 PCIe 4.0 X4,,0
SK Hynix Platinum P51,269.99,2000,2 TB,M.2 PCIe 5.0 X4,SSD,M.2-2280,M.2 PCIe 5.0 X4,,5
Corsair MP400,,https://cdna.pcpartpicker.com/static/forever/images/product/ff845613cc0803168356a8450932e542.256p.jpg,8 TB,M.2 PCIe 3.0 X4,SSD,M.2-2280,M.2 PCIe 3.0 X4,,5
Lexar NS100,170.25,https://cdna.pcpartpicker.com/static/forever/images/product/596c7bec5396b0c1a0ffb5c344d0797d.256p.jpg,1 TB,SATA 6.0 Gb/s,SSD,2.5,SATA 6.0 Gb/s,£0.170,0
Samsung 860 QVO,109.99,https://cdna.pcpartpicker.com/static/forever/images/product/7477813c6b50ff2093ca5677eac53a61.256p.jpg,1 TB,SATA 6.0 Gb/s,SSD,2.5,SATA 6.0 Gb/s,,4.5
PNY CS1031,92.42,256,500 GB,M.2 PCIe 3.0 X4,SSD,M.2-2280,M.2 PCIe 3.0 X4,£0.185,0
ADATA Legend 800,119.99,https://cdna.pcpartpicker.com/static/forever/images/product/ac08cb11cbb317cac3805442bffdd8d0.256p.jpg,2 TB,M.2 PCIe 4.0 X4,SSD,M.2-2280,M.2 PCIe 4.0 X4,,5
Orico Y-20,25.99,128,128 GB,SATA 6.0 Gb/s,SSD,2.5,SATA 6.0 Gb/s,£0.203,0
Kingston NV1,59.12,https://cdna.pcpartpicker.com/static/forever/images/product/4b38e34b765a81eddcd84d5450a7f353.256p.jpg,500 GB,M.2 PCIe 3.0 X4,SSD,M.2-2280,M.2 PCIe 3.0 X4,,4.5
Gigabyte GP-GSTFS31240GNTD,73.81,https://cdna.pcpartpicker.com/static/forever/images/product/857e48d946c6f3b3ede44ab153fa1079.256p.jpg,240 GB,SATA 6.0 Gb/s,SSD,2.5,SATA 6.0 Gb/s,£0.308,4.5
Corsair MP600 ELITE,369.59,https://cdna.pcpartpicker.com/static/forever/images/product/e7a504afe6b68b11181974ea50eedff7.256p.jpg,2 TB,M.2 PCIe 4.0 X4,SSD,M.2-2280,M.2 PCIe 4.0 X4,£0.185,5
TEAMGROUP MP44,470.87,https://cdna.pcpartpicker.com/static/forever/images/product/e6f690b84c15d5854933edd262dc77c0.256p.jpg,4 TB,M.2 PCIe 4.0 X4,SSD,M.2-2280,M.2 PCIe 4.0 X4,£0.118,5
MSI SPATIUM M560,368.28,1000,2 TB,M.2 PCIe 5.0 X4,SSD,M.2-2280,M.2 PCIe 5.0 X4,£0.184,0
MSI SPATIUM M571 DLP,339.99,,2 TB,M.2 PCIe 5.0 X4,SSD,M.2-2280,2048 MB,£0.170,0
Biwin M350,,1000,2 TB,M.2 PCIe 4.0 X4,SSD,M.2-2280,M.2 PCIe 4.0 X4,,5
Crucial T500 W/Heatsink,209.99,https://cdna.pcpartpicker.com/static/forever/images/product/d560931c58b12d087e0630e9283bfca0.256p.jpg,1 TB,M.2 PCIe 4.0 X4,SSD,M.2-2280,M.2 PCIe 4.0 X4,£0.210,5
TEAMGROUP AX2,128.19,1000,1 TB,SATA 6.0 Gb/s,SSD,2.5,SATA 6.0 Gb/s,£0.128,4.5
TEAMGROUP MS30,117.94,https://cdna.pcpartpicker.com/static/forever/images/product/6c56efb792800668ebdf88501040055a.256p.jpg,1 TB,M.2 SATA,SSD,M.2-2280,M.2 SATA,£0.118,4
Lexar NM610PRO,184.99,https://cdna.pcpartpicker.com/static/forever/images/product/4882d36c303799525f14bd2b62efc068.256p.jpg,1 TB,M.2 PCIe 3.0 X4,SSD,M.2-2280,M.2 PCIe 3.0 X4,£0.185,0
Samsung 850 Pro,169.99,https://cdna.pcpartpicker.com/static/forever/images/product/2275d7335b3784eed93977ab579b6e5d.256p.jpg,256 GB,SATA 6.0 Gb/s,SSD,2.5,SATA 6.0 Gb/s,,4.5
Kingston KC600,59.99,https://cdna.pcpartpicker.com/static/forever/images/product/2d941d002eeba10430595867b07350ad.256p.jpg,256 GB,SATA 6.0 Gb/s,SSD,2.5,SATA 6.0 Gb/s,£0.234,5
Intenso Top Performance,34,https://cdna.pcpartpicker.com/static/forever/images/product/7f9f64e90b66787f94e853573f355b1b.256p.jpg,128 GB,M.2 SATA,SSD,M.2-2280,M.2 SATA,£0.266,0
Solidigm P44 Pro,252,https://cdna.pcpartpicker.com/static/forever/images/product/79f41cae02110c429bd9bb514130d169.256p.jpg,2 TB,M.2 PCIe 4.0 X4,SSD,M.2-2280,M.2 PCIe 4.0 X4,,4.5
MSI SPATIUM M371,49.99,https://cdna.pcpartpicker.com/static/forever/images/product/d107382d93f8644cb089dc6bc87107e5.256p.jpg,1 TB,M.2 PCIe 3.0 X4,SSD,M.2-2280,M.2 PCIe 3.0 X4,,4.5
Corsair MP600 Force Series Gen4,,https://cdna.pcpartpicker.com/static/forever/images/product/f84a7ecafc7e7fb85c25a1c6414f5097.256p.jpg,1 TB,M.2 PCIe 3.0 X4,SSD,M.2-2280,M.2 PCIe 3.0 X4,,4.5
Western Digital SN530,49.95,512,512 GB,M.2 PCIe 3.0 X4,SSD,M.2-2280,M.2 PCIe 3.0 X4,,5
Patriot Burst,85.76,https://cdna.pcpartpicker.com/static/forever/images/product/b443d34c02302bac4302ca02c65bc699.256p.jpg,960 GB,SATA 6.0 Gb/s,SSD,2.5,SATA 6.0 Gb/s,£0.089,3
ADATA LEGEND 900,165.99,https://cdna.pcpartpicker.com/static/forever/images/product/a99873cdf1e29ce1e99baa03d9523ca0.256p.jpg,1 TB,M.2 PCIe 4.0 X4,SSD,M.2-2280,M.2 PCIe 4.0 X4,£0.166,5
MSI SPATIUM M480 PRO PLAY,234,2000,2 TB,M.2 PCIe 4.0 X4,SSD,M.2-2280,2048 MB,£0.117,0
Addlink A93 PS5,234.44,4000,1 TB,M.2 PCIe 4.0 X4,SSD,M.2-2280,M.2 PCIe 4.0 X4,,0
Acer FA100,89.99,https://cdna.pcpartpicker.com/static/forever/images/product/f5421fd9797f3f451727604bfc5b555c.256p.jpg,512 GB,M.2 PCIe 3.0 X4,SSD,M.2-2280,M.2 PCIe 3.0 X4,£0.176,0
TEAMGROUP NV10000,218.27,https://cdna.pcpartpicker.com/static/forever/images/product/a4b1ceb3efe6c5762c81d96c342f4444.256p.jpg,1 TB,M.2 PCIe 5.0 X4,SSD,M.2-2280,,£0.218,0
Solidigm P41 Plus,119.95,https://cdna.pcpartpicker.com/static/forever/images/product/aafcbf420443bb76cfe6a8c174f447db.256p.jpg,1 TB,M.2 PCIe 4.0 X4,SSD,M.2-2280,M.2 PCIe 4.0 X4,,4.5
KingSpec NXM,159.99,512,1 TB,M.2 PCIe 3.0 X4,SSD,M.2-2242,M.2 PCIe 3.0 X4,£0.160,4
Sabrent Rocket,69.98,https://cdna.pcpartpicker.com/static/forever/images/product/124ba240bbd11a5cdc73b266dc770d5f.256p.jpg,1 TB,M.2 PCIe 3.0 X4,SSD,M.2-2242,M.2 PCIe 3.0 X4,,5
Sabrent Rocket 4.0,99.99,1000,1 TB,M.2 PCIe 4.0 X4,SSD,M.2-2280,M.2 PCIe 4.0 X4,,4.5
Seagate BarraCuda Q5,69.98,https://cdna.pcpartpicker.com/static/forever/images/product/d902dfde825cee3cafb379e96397582a.256p.jpg,1 TB,M.2 PCIe 3.0 X4,SSD,M.2-2280,M.2 PCIe 3.0 X4,,5
Kingston SSDNow V300,76.61,https://cdna.pcpartpicker.com/static/forever/images/product/adc747a946f989edc13e0c8df1daedf6.256p.jpg,120 GB,SATA 6.0 Gb/s,SSD,2.5,SATA 6.0 Gb/s,£0.638,4.5
Intel D3-S4610,1485,7680,7.68 TB,SATA 6.0 Gb/s,SSD,2.5,SATA 6.0 Gb/s,,0
Corsair MP600 PRO LPX,234.13,https://cdna.pcpartpicker.com/static/forever/images/product/667a9649b7d52b5acdef269e5a6ebb91.256p.jpg,1 TB,M.2 PCIe 4.0 X4,SSD,M.2-2280,M.2 PCIe 4.0 X4,£0.234,4.5
Micron 3400,149.99,1000,1 TB,M.2 PCIe 4.0 X4,SSD,M.2-2280,M.2 PCIe 4.0 X4,,5
TEAMGROUP T-Force GE PRO AirFlow,399.99,https://cdna.pcpartpicker.com/static/forever/images/product/156e5cc8e2782bb1a8d8ff73c763d349.256p.jpg,4 TB,M.2 PCIe 5.0 X4,SSD,M.2-2280,M.2 PCIe 5.0 X4,,0
Samsung 950 PRO,,https://cdna.pcpartpicker.com/static/forever/images/product/55b753d2ca9be9204bcee17ef9879194.256p.jpg,256 GB,M.2 PCIe 3.0 X4,SSD,M.2-2280,512 MB,,4.5
AGI AI818,,1000,1 TB,M.2 PCIe 4.0 X4,SSD,M.2-2280,M.2 PCIe 4.0 X4,,0
Inland Performance Plus,76.98,1000,2 TB,M.2 PCIe 4.0 X4,SSD,M.2-2280,M.2 PCIe 4.0 X4,,5
Intel SSDPEDMD020T401,2363.96,https://cdna.pcpartpicker.com/static/forever/images/product/4ab3a8901725966b71c6806fc7f6a08b.256p.jpg,2 TB,PCIe x4,SSD,PCIe,PCIe x4,£1.182,0
Corsair MP600 CORE XT,557.6,https://cdna.pcpartpicker.com/static/forever/images/product/72ef56a7a1e4daa2e550a57f9abcc9f1.256p.jpg,4 TB,M.2 PCIe 4.0 X4,SSD,M.2-2280,M.2 PCIe 4.0 X4,£0.139,4.5
SanDisk Optimus GX PRO 850X,1790.99,https://cdna.pcpartpicker.com/static/forever/images/product/32d4823c8c77d81305dc55eb19180a8a.256p.jpg,8 TB,M.2 PCIe 4.0 X4,SSD,M.2-2280,,£0.224,0
Corsair MP600 PRO NH,459.99,8000,1 TB,M.2 PCIe 4.0 X4,SSD,M.2-2280,M.2 PCIe 4.0 X4,£0.460,0
Gigabyte Gen3 2500E,65.36,https://cdna.pcpartpicker.com/static/forever/images/product/149b1f5a97a72308596886f1c6e174b1.256p.jpg,500 GB,M.2 PCIe 3.0 X4,SSD,M.2-2280,M.2 PCIe 3.0 X4,,0
TEAMGROUP MP33 PRO,129.95,https://cdna.pcpartpicker.com/static/forever/images/product/6b1c4b8f45703c35569656622ff924ed.256p.jpg,1 TB,M.2 PCIe 3.0 X4,SSD,M.2-2280,M.2 PCIe 3.0 X4,£0.130,4.5
Silicon Power A58,92.99,2000,4 TB,SATA 6.0 Gb/s,SSD,2.5,SATA 6.0 Gb/s,,0
Samsung PM951,,512,512 GB,M.2 PCIe 3.0 X4,SSD,M.2-2280,M.2 PCIe 3.0 X4,,4.5
SanDisk Ultra 3D,113.15,https://cdna.pcpartpicker.com/static/forever/images/product/29dcf33e90688c4ccac590096b12cdf1.256p.jpg,500 GB,SATA 6.0 Gb/s,SSD,2.5,SATA 6.0 Gb/s,,4.5
Seagate FireCuda 530,314.37,https://cdna.pcpartpicker.com/static/forever/images/product/a82a914921d63165f8a7b096089ff91f.256p.jpg,2 TB,M.2 PCIe 4.0 X4,SSD,M.2-2280,M.2 PCIe 4.0 X4,£0.157,5
PNY CS3150 RGB,£211.07Add,https://cdna.pcpartpicker.com/static/forever/images/product/d79810724be9bca37576b0fe5c4da7bd.256p.jpg,1 TB,M.2 PCIe 5.0 X4,SSD,M.2-2280,M.2 PCIe 5.0 X4,,0
TEAMGROUP T-Force Z44A7Q,323,https://cdna.pcpartpicker.com/static/forever/images/product/b7ba590f090b57bd9658a5cf93c02190.256p.jpg,2 TB,M.2 PCIe 4.0 X4,SSD,M.2-2280,M.2 PCIe 4.0 X4,£0.161,5
Silicon Power A80,,https://cdna.pcpartpicker.com/static/forever/images/product/c7de1212bd34018b77cd9b402f4fd2e1.256p.jpg,2 TB,M.2 PCIe 3.0 X4,SSD,M.2-2280,M.2 PCIe 3.0 X4,,5
GOODRAM PX700,393.79,https://cdna.pcpartpicker.com/static/forever/images/product/93f246c04ec4e228a24141001c593298.256p.jpg,1.024 TB,M.2 PCIe 4.0 X4,SSD,M.2-2280,M.2 PCIe 4.0 X4,£0.385,0
Samsung 840 Evo,151.44,250,250 GB,SATA 6.0 Gb/s,SSD,2.5,SATA 6.0 Gb/s,,4.5
Western Digital WD_BLACK SN850P for PS5,321.53,https://cdna.pcpartpicker.com/static/forever/images/product/40b92d454cb0328b42a7033a771def65.256p.jpg,2 TB,M.2 PCIe 4.0 X4,SSD,M.2-2280,M.2 PCIe 4.0 X4,£0.161,5
Crucial T705 W/Heatsink Limited Edition,,https://cdna.pcpartpicker.com/static/forever/images/product/8215929150a483462d126de1dc690138.256p.jpg,2 TB,M.2 PCIe 5.0 X4,SSD,M.2-2280,M.2 PCIe 5.0 X4,,5
Sabrent Rocket Q,124.99,1000,1 TB,M.2 PCIe 3.0 X4,SSD,M.2-2280,M.2 PCIe 3.0 X4,,4.5
TEAMGROUP CX2,139.4,https://cdna.pcpartpicker.com/static/forever/images/product/fb8d005cb6acb1f906102c2083a2f1cc.256p.jpg,1 TB,SATA 6.0 Gb/s,SSD,2.5,SATA 6.0 Gb/s,£0.139,4.5
Addlink S91,144,2000,1 TB,M.2 PCIe 4.0 X4,SSD,M.2-2230,M.2 PCIe 4.0 X4,,0
Samsung MZVPV256HDGL-00000,,https://cdna.pcpartpicker.com/static/forever/images/product/7bad77200322df5d547058c9650491cd.256p.jpg,256 GB,M.2 PCIe 3.0 X4,SSD,M.2-2280,M.2 PCIe 3.0 X4,,3
Silicon Power XS70,218.28,https://cdna.pcpartpicker.com/static/forever/images/product/b5c093326e7f16f0d34445e39316f0ea.256p.jpg,2 TB,M.2 PCIe 4.0 X4,SSD,M.2-2280,M.2 PCIe 4.0 X4,,5
Western Digital PC SN730,47.5,https://cdna.pcpartpicker.com/static/forever/images/product/1824caea7b9aed1eb97c1f8dec46fc65.256p.jpg,256 GB,M.2 PCIe 3.0 X4,SSD,M.2-2280,M.2 PCIe 3.0 X4,,5
ADATA LEGEND 900 PRO,185.98,https://cdna.pcpartpicker.com/static/forever/images/product/3900bcfaa7fae774aed915fea5e19252.256p.jpg,1 TB,M.2 PCIe 4.0 X4,SSD,M.2-2280,M.2 PCIe 4.0 X4,£0.186,0
Gigabyte AORUS Gen4 7300 (w/Heatsink),292.99,https://cdna.pcpartpicker.com/static/forever/images/product/81bcf13c3f5982a962a522236572e6dc.256p.jpg,2 TB,M.2 PCIe 4.0 X4,SSD,M.2-2280,2048 MB,£0.146,5
Samsung MZVPV512HDGL-00000,69,https://cdna.pcpartpicker.com/static/forever/images/product/561b699ac489087ba0d6f94faa8a0377.256p.jpg,512 GB,M.2 PCIe 3.0 X4,SSD,M.2-2280,M.2 PCIe 3.0 X4,,4.5
Seagate Barracuda Compute,103.94,https://cdna.pcpartpicker.com/static/forever/images/product/c7b5b7dacbecdcdd0e073b761193eef6.256p.jpg,2 TB,SATA 6.0 Gb/s,7200 RPM,"3.5""",256 MB,£0.052,4.5
Seagate BarraCuda,163.94,https://cdna.pcpartpicker.com/static/forever/images/product/f2b81ef4f53b4566edfd5a5c7c60977d.256p.jpg,4 TB,SATA 6.0 Gb/s,5400 RPM,"3.5""",256 MB,£0.041,4.5
Seagate Exos M,1225.47,https://cdna.pcpartpicker.com/static/forever/images/product/440b6d462c8e9b8f8d3f2eba0892424a.256p.jpg,30 TB,SATA 6.0 Gb/s,7200 RPM,"3.5""",,£0.041,0
Western Digital Caviar Blue,83,https://cdna.pcpartpicker.com/static/forever/images/product/daf819b70eccf7fec275bd65e3fe2b6a.256p.jpg,1 TB,SATA 6.0 Gb/s,7200 RPM,"3.5""",64 MB,£0.083,4.5
Western Digital Blue,120.99,https://cdna.pcpartpicker.com/static/forever/images/product/0b9bfd76b0d511a6eff3730d12d5f95c.256p.jpg,2 TB,SATA 6.0 Gb/s,7200 RPM,"3.5""",256 MB,£0.060,4.5
Western Digital AV-GP,29.99,2000,500 GB,SATA 3.0 Gb/s,5400 RPM,3.5,32 MB,£0.060,4
Seagate IronWolf Pro,1077.68,https://cdna.pcpartpicker.com/static/forever/images/product/e229dfd55b9560dd810a8a830995c2b8.256p.jpg,30 TB,SATA 6.0 Gb/s,7200 RPM,"3.5""",512 MB,£0.036,5
Seagate SuperSpeed HDD,,https://cdna.pcpartpicker.com/static/forever/images/product/a0ef92b25c25a567557dbae1cb3ebed0.256p.jpg,1 TB,SATA 6.0 Gb/s,Hybrid,"2.5""",64 MB,,4.5
Seagate IronWolf NAS,290.92,https://cdna.pcpartpicker.com/static/forever/images/product/46ed2866892f9106dd92eb39059f970a.256p.jpg,8 TB,SATA 6.0 Gb/s,7200 RPM,"3.5""",256 MB,£0.036,5
Western Digital WD_BLACK,479.93,https://cdna.pcpartpicker.com/static/forever/images/product/8fb58c4077beaad4862ae568730a61b6.256p.jpg,10 TB,SATA 6.0 Gb/s,7200 RPM,"3.5""",512 MB,£0.048,5
Seagate Surveillance HDD,99,https://cdna.pcpartpicker.com/static/forever/images/product/34bc14397597ba5761022af2ee05cd12.256p.jpg,8 TB,SATA 6.0 Gb/s,7200 RPM,3.5,256 MB,,0
Western Digital Red Plus,404.76,https://cdna.pcpartpicker.com/static/forever/images/product/671f55c6444846cc12b2381747520883.256p.jpg,10 TB,SATA 6.0 Gb/s,7200 RPM,"3.5""",512 MB,£0.040,0
Seagate IronWolf Pro NAS,605.47,https://cdna.pcpartpicker.com/static/forever/images/product/e352117b6f8a568f0bed5452b16d922e.256p.jpg,16 TB,SATA 6.0 Gb/s,7200 RPM,"3.5""",256 MB,£0.038,5
Toshiba DT01ACA050,39.99,https://cdna.pcpartpicker.com/static/forever/images/product/9737d8cec44333aee732aeea7c7d79e7.256p.jpg,500 GB,SATA 6.0 Gb/s,7200 RPM,"3.5""",32 MB,£0.080,4.5
Western Digital VelociRaptor,100,1000,1 TB,SATA 6.0 Gb/s,10000 RPM,2.5,64 MB,£0.100,5
Western Digital Green,172,https://cdna.pcpartpicker.com/static/forever/images/product/1ccf660fad92f9a049980e2c14de0bf7.256p.jpg,4 TB,SATA 6.0 Gb/s,5900 RPM,"3.5""",64 MB,£0.043,4.5
Hitachi HDS723030ALA640,165.59,3000,3 TB,SATA 6.0 Gb/s,7200 RPM,3.5,64 MB,£0.055,4
Seagate ST500LM021,30.5,https://cdna.pcpartpicker.com/static/forever/images/product/923df78bd39bd4f885f4f98a36930223.256p.jpg,500 GB,SATA 6.0 Gb/s,7200 RPM,"2.5""",32 MB,£0.061,4.5
Seagate Desktop HDD,,https://cdna.pcpartpicker.com/static/forever/images/product/340060a87cb466dba877bfa1ff5c0444.256p.jpg,4 TB,SATA 6.0 Gb/s,5900 RPM,"3.5""",64 MB,,4.5
Toshiba MQ01ABD-V,33.86,1000,1 TB,SATA 6.0 Gb/s,5400 RPM,2.5,SATA 6.0 Gb/s,,0
Seagate Exos X22,1034.71,https://cdna.pcpartpicker.com/static/forever/images/product/0d3c56f6c2e600fffd0c17995ba85415.256p.jpg,22 TB,SATA 6.0 Gb/s,7200 RPM,3.5,512 MB,,0
Seagate Enterprise,373.16,https://cdna.pcpartpicker.com/static/forever/images/product/5db3db9cc821d47240d77bac43adefc3.256p.jpg,8 TB,SATA 6.0 Gb/s,7200 RPM,"3.5""",256 MB,£0.047,5
Toshiba DT01ACA100,,https://cdna.pcpartpicker.com/static/forever/images/product/b292420c25c9662b49beabcc4e2b5362.256p.jpg,1 TB,SATA 6.0 Gb/s,7200 RPM,"3.5""",32 MB,,4
Western Digital WD Red Pro,1087,https://cdna.pcpartpicker.com/static/forever/images/product/b9f9bf06b2480ddb94519ca8b44b2845.256p.jpg,26 TB,SATA 6.0 Gb/s,7200 RPM,"3.5""",512 MB,£0.042,0
Seagate Barracuda Green,90.67,2000,2 TB,SATA 6.0 Gb/s,5900 RPM,3.5,64 MB,,5
Seagate Constellation ES,149,1000,500 GB,SATA 3.0 Gb/s,7200 RPM,3.5,32 MB,£0.298,3
Western Digital WDBSLA0040HNC-NRSN,202.58,https://cdna.pcpartpicker.com/static/forever/images/product/225bba3ed9ff3b9ecc1f956e43ca3835.256p.jpg,4 TB,SATA 6.0 Gb/s,7200 RPM,"3.5""",64 MB,£0.051,4.5
Seagate FireCuda,200,2000,2 TB,SATA 6.0 Gb/s,Hybrid,2.5,SATA 6.0 Gb/s,£0.100,4
Western Digital AV-25,89.99,1000,1 TB,SATA 3.0 Gb/s,5400 RPM,2.5,16 MB,£0.090,0
Toshiba HDKBB96,45.49,https://cdna.pcpartpicker.com/static/forever/images/product/fb19ec155b9d619a4912c8265ab74c3c.256p.jpg,1 TB,SATA 6.0 Gb/s,5400 RPM,"2.5""",8 MB,£0.045,5
Seagate Exos X24,925.19,https://cdna.pcpartpicker.com/static/forever/images/product/af943247a7971f57f2630f3e7797c7df.256p.jpg,24 TB,SATA 6.0 Gb/s,7200 RPM,"3.5""",512 MB,£0.039,5
Seagate EXOS Enterprise,152,https://cdna.pcpartpicker.com/static/forever/images/product/46f426f602bdcb9e6a03ba9469ffb699.256p.jpg,4 TB,SATA 6.0 Gb/s,7200 RPM,"3.5""",128 MB,£0.038,0
Western Digital Gold,1106.45,https://cdna.pcpartpicker.com/static/forever/images/product/76e5b91927a12757f4357031fc093177.256p.jpg,26 TB,SATA 6.0 Gb/s,7200 RPM,"3.5""",512 MB,£0.043,0
Seagate Exos 7E8 512e,267.29,https://cdna.pcpartpicker.com/static/forever/images/product/ae54441dec9c942100012625e32e15d7.256p.jpg,8 TB,SATA 6.0 Gb/s,7200 RPM,3.5,256 MB,,0
Toshiba P300,120.3,1000,1 TB,SATA 6.0 Gb/s,7200 RPM,3.5,64 MB,,4.5
Western Digital RE,138.49,https://cdna.pcpartpicker.com/static/forever/images/product/4b14b77e276e5f16ff515d17bf01abe8.256p.jpg,2 TB,SATA 6.0 Gb/s,7200 RPM,"3.5""",128 MB,£0.069,0
Western Digital Black,245.9,4000,4 TB,SATA 6.0 Gb/s,7200 RPM,3.5,64 MB,£0.061,4.5
Western Digital Scorpio Blue,63.03,1000,250 GB,SATA 3.0 Gb/s,5400 RPM,2.5,8 MB,£0.252,5
Toshiba N300 Pro,952.98,https://cdna.pcpartpicker.com/static/forever/images/product/2ae03c42478cbc376f5bd5adebb88b8c.256p.jpg,24 TB,SATA 6.0 Gb/s,7200 RPM,"3.5""",1024 MB,£0.040,0
Seagate BarraCuda Pro Compute,75,https://cdna.pcpartpicker.com/static/forever/images/product/96f7f76c1bdf9af3d3532ca78278f4c5.256p.jpg,1 TB,SATA 6.0 Gb/s,7200 RPM,"2.5""",128 MB,£0.075,4.5
Toshiba DT01ACA200,168.9,https://cdna.pcpartpicker.com/static/forever/images/product/0e5b51f8c3260bb7e8841b5d1d0281f1.256p.jpg,2 TB,SATA 6.0 Gb/s,7200 RPM,"3.5""",64 MB,£0.084,4
Seagate ST1000LM035,56.99,https://cdna.pcpartpicker.com/static/forever/images/product/9887b63c7eb90d2342b18f5a4c8fe901.256p.jpg,1 TB,SATA 6.0 Gb/s,5400 RPM,"2.5""",128 MB,£0.057,4
Toshiba HDD2J92,,640,640 GB,SATA 3.0 Gb/s,5400 RPM,2.5,8 MB,,3
Western Digital WD Blue,297.14,https://cdna.pcpartpicker.com/static/forever/images/product/ec1492b97abdb396d8434a3b62f3c920.256p.jpg,8 TB,SATA 6.0 Gb/s,5640 RPM,"3.5""",256 MB,£0.037,4
Seagate BarraCuda Pro,395,10000,10 TB,SATA 6.0 Gb/s,7200 RPM,3.5,256 MB,£0.040,4.5
Toshiba MD07ACA,,12,12 GB,SATA 6.0 Gb/s,7200 RPM,3.5,256 MB,,0
Hitachi A7K1000-1000,60.75,1000,1 TB,SATA 3.0 Gb/s,7200 RPM,3.5,32 MB,,3.5
Seagate Exos X18,429.42,https://cdna.pcpartpicker.com/static/forever/images/product/3ca8bcb35a79fbca940bf03f9aafeb2d.256p.jpg,18 TB,SATA 6.0 Gb/s,7200 RPM,3.5,256 MB,,5
Toshiba MG08,485,https://cdna.pcpartpicker.com/static/forever/images/product/7c7b327cd91b60a21612af71e593f574.256p.jpg,16 TB,SATA 6.0 Gb/s,7200 RPM,"3.5""",512 MB,£0.030,0
Seagate Constellation ES.2,47,https://cdna.pcpartpicker.com/static/forever/images/product/0dcde8d2a28679a2446da67d3467919e.256p.jpg,3 TB,SAS 6.0 Gb/s,7200 RPM,3.5,64 MB,,4
Toshiba MG07ACA12TE,454,https://cdna.pcpartpicker.com/static/forever/images/product/be0de6cd54b50d3e122e07878d933ec1.256p.jpg,12 TB,SATA 6.0 Gb/s,7200 RPM,"3.5""",256 MB,£0.038,5
Western Digital Ultrastar DC HC560,817.58,https://cdna.pcpartpicker.com/static/forever/images/product/36db27ec1beb6d83a528ceebda88271a.256p.jpg,22 TB,SATA 6.0 Gb/s,7200 RPM,"3.5""",512 MB,£0.037,0
Seagate ST1000NX0373,54.64,https://cdna.pcpartpicker.com/static/forever/images/product/62b4f5d6c17a88e39f248d39ab550fe2.256p.jpg,1 TB,SAS 12.0 Gb/s,7200 RPM,"2.5""",128 MB,£0.055,0
Seagate Constellation ES.3,183.49,https://cdna.pcpartpicker.com/static/forever/images/product/b3ef8593e75f89037f0a38e415d8fcc0.256p.jpg,4 TB,SATA 6.0 Gb/s,7200 RPM,"3.5""",128 MB,£0.046,5
Hitachi Deskstar 7K2000,146.9,2000,2 TB,SATA 3.0 Gb/s,7200 RPM,3.5,32 MB,£0.073,4
Toshiba MQ04ABF100,63,https://cdna.pcpartpicker.com/static/forever/images/product/be1736b244483fbf74d2ddbfa72852c5.256p.jpg,1 TB,SATA 6.0 Gb/s,5400 RPM,"2.5""",128 MB,£0.063,0
Western Digital Caviar Green,104.95,1000,1 TB,SATA 3.0 Gb/s,5400 RPM,3.5,32 MB,£0.105,3.5
Seagate Constellation.2,63.45,https://cdna.pcpartpicker.com/static/forever/images/product/6bf68ff8bd51c260ce20265c4ba7c5a9.256p.jpg,1 TB,SATA 6.0 Gb/s,7200 RPM,"2.5""",64 MB,£0.063,4
Seagate ST1000LM014,51.99,1000,1 TB,SATA 6.0 Gb/s,Hybrid,2.5,64 MB,,4
ADATA XPG SX8100,Add,512,0.166,SSD,,M.2-2280,M.2 PCIe 3.0 X4,,
Silicon Power A60,54.97,1000,0.055,SSD,,M.2-2280,M.2 PCIe 3.0 X4,,
Seagate Exos X24 SED,571.59,24000,0.024,7200,512,3.5,SATA 6.0 Gb/s,,
Mushkin Gamma,1068.14,8000,0.134,SSD,,M.2-2280,M.2 PCIe 4.0 X4,,
Crucial CT1000E100SSD8,71.5,1000,0.072,SSD,,M.2-2280,M.2 PCIe 4.0 X4,,
TEAMGROUP T-Force Delta Max RGB Lite,58.99,1000,0.059,SSD,,2.5,SATA 6.0 Gb/s,,
PNY XLR8 CS3040,499.99,4000,0.125,SSD,,M.2-2280,M.2 PCIe 4.0 X4,,
MSI SPATIUM M460,,1000,,SSD,,M.2-2280,M.2 PCIe 4.0 X4,,
Toshiba MG04ACA600E,150,6000,0.025,7200,128,3.5,SATA 6.0 Gb/s,,
Seagate Exos X20,349.99,20000,0.017,7200,256,3.5,SATA 6.0 Gb/s,,
Silicon Power UD85,,1000,,SSD,,M.2-2280,M.2 PCIe 4.0 X4,,
Timetec 35TTQNM2SATA,48.99,1000,0.049,SSD,,M.2-2280,M.2 SATA,,
KIOXIA EXCERIA G2,143.05,1000,0.072,SSD,,M.2-2280,M.2 PCIe 3.0 X4,,
Leven JS600,25.99,512,0.051,SSD,,2.5,SATA 6.0 Gb/s,,
Sabrent Rocket 4 Plus G,,4000,,SSD,,M.2-2280,M.2 PCIe 4.0 X4,,
TEAMGROUP T-FORCE GA PRO,89.99,1000,0.09,SSD,,M.2-2280,M.2 PCIe 5.0 X4,,
Toshiba MG10 512e,349.99,20000,0.017,7200,512,3.5,SATA 6.0 Gb/s,,
Leven JPS600,91.99,2000,0.046,SSD,,M.2-2280,M.2 PCIe 3.0 X4,,
Seagate FireCuda 530R,169.99,2000,0.085,SSD,,M.2-2280,M.2 PCIe 4.0 X4,,
Toshiba MG09 512e,275,18000,0.015,7200,512,3.5,SATA 6.0 Gb/s,,
Orico O7000,103.94,2000,0.052,SSD,,M.2-2280,M.2 PCIe 4.0 X4,,
Western Digital Purple Pro,499.99,24000,0.021,7200,512,3.5,SATA 6.0 Gb/s,,
Western Digital Ultrastar DC HC520,195,12000,0.016,7200,,3.5,SATA 6.0 Gb/s,,
Corsair MP700 PRO SE with Air Cooler,559.99,4000,0.14,SSD,,M.2-2280,M.2 PCIe 5.0 X4,,
TEAMGROUP EX2,,16000,,SSD,,2.5,SATA 6.0 Gb/s,,
TEAMGROUP Cardea A440,128.99,2000,0.064,SSD,,M.2-2280,M.2 PCIe 4.0 X4,,
Orico D10,14.99,128,0.117,SSD,,M.2-2280,M.2 PCIe 3.0 X4,,
TEAMGROUP T-Force GC PRO,199.99,2000,0.1,SSD,,M.2-2280,M.2 PCIe 5.0 X4,,
Seagate Enterprise Capacity,134,8000,0.017,7200,256,3.5,SATA 6.0 Gb/s,,
Seagate Exos X14,250,12000,0.021,7200,256,3.5,SATA 6.0 Gb/s,,
Toshiba MQ01ABD050,18.19,500,0.036,5400,8,2.5,SATA 3.0 Gb/s,,
Seagate ST500LM000,39,500,0.078,,64,2.5,SATA 6.0 Gb/s,,
Western Digital DC HC530,219.99,14000,0.016,7200,512,3.5,SATA 6.0 Gb/s,,
Samsung Spinpoint M8,29.49,1000,0.029,5400,8,2.5,SATA 3.0 Gb/s,,
Samsung 860 Pro,924.99,4000,0.231,SSD,4096,2.5,SATA 6.0 Gb/s,,
Toshiba MQ01ABD032,13.99,320,0.044,5400,8,2.5,SATA 3.0 Gb/s,,
Verbatim Vi5000,127.59,2000,0.064,SSD,,M.2-2280,M.2 PCIe 4.0 X4,,
Patriot Viper VP4300,123.99,2000,0.062,SSD,,M.2-2280,M.2 PCIe 4.0 X4,,
Samsung 960 Pro,689.95,2000,0.345,SSD,2048,M.2-2280,M.2 PCIe 3.0 X4,,
Seagate SkyHawk AI,439.99,24000,0.018,7200,512,3.5,SATA 6.0 Gb/s,,
Patriot Viper PV553,109.99,2000,0.11,SSD,,M.2-2280,M.2 PCIe 5.0 X4,,
Klevv CRAS C930,121.99,2000,0.061,SSD,,M.2-2280,M.2 PCIe 4.0 X4,,
HP Y6P08AA,,2000,,SSD,,2.5,SATA 6.0 Gb/s,,
MSI SPATIUM M580 FROZR,549.99,4000,0.161,SSD,8192,M.2-2280,M.2 PCIe 5.0 X4,,
Intel Optane 905P,4500,1500,3,SSD,,2.5,U.2,,
KIOXIA EXCERIA PRO,103.69,1000,0.104,SSD,,M.2-2280,M.2 PCIe 4.0 X4,,
ADATA XPG GAMMIX S60 Blade,,1000,,SSD,,M.2-2280,M.2 PCIe 4.0 X4,,
Intel 750,2488.87,1200,2.074,SSD,,PCIe,PCIe x4,,
Seagate Exos X16,389,16000,0.024,7200,256,3.5,SATA 6.0 Gb/s,,
Verbatim Vi550,37.99,1000,0.074,SSD,,2.5,SATA 6.0 Gb/s,,
TEAMGROUP GX2,32.99,512,0.064,SSD,,2.5,SATA 6.0 Gb/s,,
TEAMGROUP T-FORCE Z44A7,,2000,,SSD,,M.2-2280,M.2 PCIe 4.0 X4,,
Inland TN450,62.99,1000,0.063,SSD,,M.2-2280,M.2 PCIe 4.0 X4,,
Seagate SkyHawk Surveillance,185.99,4000,0.093,7200,256,3.5,SATA 6.0 Gb/s,,
Toshiba S300,115.57,4000,0.029,5400,256,3.5,SATA 6.0 Gb/s,,
Western Digital Black SN750 SE,61.97,500,0.124,SSD,,M.2-2280,M.2 PCIe 4.0 X4,,
TEAMGROUP T-Force Delta Max White RGB Lite,58.99,1000,0.059,SSD,,2.5,SATA 6.0 Gb/s,,
Silicon Power SU128GBSS3A55S25AE,,128,,SSD,,2.5,SATA 6.0 Gb/s,,
ADATA SU800,57.87,512,0.113,SSD,,2.5,SATA 6.0 Gb/s,,
Western Digital Purple,86.99,4000,0.022,5400,256,3.5,SATA 6.0 Gb/s,,
Corsair MP700 Elite w/Heatsink,206.85,2000,0.103,SSD,,M.2-2280,M.2 PCIe 5.0 X4,,
TEAMGROUP Z440 Lite,61.99,1000,0.062,SSD,,M.2-2280,M.2 PCIe 4.0 X4,,
MSI SPATIUM M570 HS,405.25,2000,0.203,SSD,4096,M.2-2280,M.2 PCIe 5.0 X4,,
Enmotus FuzeDrive,,1550,,SSD,131072,M.2-2280,M.2 PCIe 3.0 X4,,
ADATA XPG SPECTRIX S40G RGB,49,512,0.096,SSD,,M.2-2280,M.2 PCIe 3.0 X4,,
TEAMGROUP T-Force Cardea Z44L,,1000,,SSD,,M.2-2280,M.2 PCIe 4.0 X4,,
TEAMGROUP T-FORCE G70 PRO Aluminum,124.99,2000,0.062,SSD,,M.2-2280,M.2 PCIe 4.0 X4,,
Inland TN470,69.98,1000,0.07,SSD,,M.2-2280,M.2 PCIe 4.0 X4,,
TEAMGROUP MP34,,1000,,SSD,,M.2-2280,M.2 PCIe 3.0 X4,,
Toshiba MK3276GSX,13.98,320,0.044,5400,8,2.5,SATA 3.0 Gb/s,,
ADATA XPG GAMMIX S11 Pro,198.9,1000,0.199,SSD,,M.2-2280,M.2 PCIe 3.0 X4,,
MSI SPATIUM M570 FROZR,239.99,2000,0.12,SSD,4096,M.2-2280,M.2 PCIe 5.0 X4,,
Crucial P5 Plus W/Heatsink,178.79,2000,0.089,SSD,,M.2-2280,M.2 PCIe 4.0 X4,,
Seagate FireCuda 540,378.09,2000,0.189,SSD,,M.2-2280,M.2 PCIe 5.0 X4,,
Western Digital SE,42.48,2000,0.021,7200,64,3.5,SATA 6.0 Gb/s,,
Integral M2,,1024,,SSD,,M.2-2280,M.2 PCIe 3.0 X4,,
ADATA LEGEND 960 MAX,89.99,1000,0.09,SSD,,M.2-2280,M.2 PCIe 4.0 X4,,
Corsair MP600 GS,69.98,500,0.14,SSD,,M.2-2280,M.2 PCIe 4.0 X4,,
Corsair MP700 PRO w/Heatsink,554.99,4000,0.139,SSD,,M.2-2280,M.2 PCIe 5.0 X4,,
Samsung 840 Pro,240.16,128,0.938,SSD,256,2.5,SATA 6.0 Gb/s,,
MSI SPATIUM M470,149.99,1000,0.15,SSD,,M.2-2280,M.2 PCIe 4.0 X4,,
Acer FA200,,1000,,SSD,,M.2-2280,M.2 PCIe 4.0 X4,,
Transcend 110S,20.99,128,0.164,SSD,,M.2-2280,M.2 PCIe 3.0 X4,,
MSI SPATIUM S270,39,240,0.163,SSD,,2.5,SATA 6.0 Gb/s,,
Western Digital Red,141.94,4000,0.035,5400,256,3.5,SATA 6.0 Gb/s,,
Western Digital Red SN700,100,1000,0.1,SSD,,M.2-2280,M.2 PCIe 3.0 X4,,
Western Digital Ultrastar DC HC550,310.49,16000,0.019,7200,512,3.5,SATA 6.0 Gb/s,,
Intel 665p,,1000,,SSD,,M.2-2280,M.2 PCIe 3.0 X4,,
Western Digital Black AN1500,887.71,2000,0.444,SSD,,PCIe,PCIe x8,,
Hitachi Ultrastar 7K6000,75.63,4000,0.019,7200,128,3.5,SATA 6.0 Gb/s,,
Intenso High Performance,20.95,120,0.175,SSD,,2.5,SATA 6.0 Gb/s,,
Hitachi 0F23663,1045,6000,0.174,7200,128,3.5,SATA 6.0 Gb/s,,
Lexar NM790 w/Heatsink,71.48,1000,0.071,SSD,,M.2-2280,M.2 PCIe 4.0 X4,,
PNY CS3140,74.99,1000,0.075,SSD,,M.2-2280,M.2 PCIe 4.0 X4,,
Seagate ST500VT000,,500,,5400,16,2.5,SATA 3.0 Gb/s,,
Mushkin Vortex Redline,92.99,1000,0.093,SSD,1024,M.2-2280,M.2 PCIe 4.0 X4,,
Orico J-10,99.99,1000,0.05,SSD,,M.2-2280,M.2 PCIe 3.0 X4,,
Gigabyte AORUS Gen4 5000E,,2000,,SSD,,M.2-2280,M.2 PCIe 4.0 X4,,
HP EX920,67.98,512,0.133,SSD,512,M.2-2280,M.2 PCIe 3.0 X4,,
Seagate FireCuda 520,99.9,1000,0.1,SSD,,M.2-2280,M.2 PCIe 4.0 X4,,
Intel DC P4511,159,1000,0.159,SSD,,M.2-22110,M.2 PCIe 3.0 X4,,
Crucial P5,433.03,1000,0.433,SSD,,M.2-2280,M.2 PCIe 3.0 X4,,
Seagate Archive HDD v2,139.63,5000,0.028,5900,128,3.5,SATA 6.0 Gb/s,,
Toshiba X300 Pro,358.99,18000,0.02,7200,512,3.5,SATA 6.0 Gb/s,,
Kingston SSDNow UV400,,240,,SSD,,2.5,SATA 6.0 Gb/s,,
Western Digital Caviar Black,151.46,1000,0.076,7200,64,3.5,SATA 6.0 Gb/s,,
Klevv CRAS C710,,1000,,SSD,,M.2-2280,M.2 PCIe 3.0 X4,,
Seagate Exos 7E10 512e/4Kn,218.41,8000,0.027,7200,256,3.5,SATA 6.0 Gb/s,,
Transcend TS32GSSD370S,33.97,32,1.062,SSD,,2.5,SATA 6.0 Gb/s,,
Lexar Professional NM800PRO w/Heatsink,82.99,1000,0.083,SSD,,M.2-2280,M.2 PCIe 4.0 X4,,
Seagate Momentus Thin,56.4,500,0.113,5400,16,2.5,SATA 3.0 Gb/s,,
Seagate Game Drive,1074.46,4000,0.269,SSD,,M.2-2280,M.2 PCIe 4.0 X4,,
Inland Platinum,109.99,2000,0.055,SSD,,2.5,SATA 6.0 Gb/s,,
MSI SPATIUM M390,79.95,500,0.08,SSD,,M.2-2280,M.2 PCIe 3.0 X4,,
Hitachi Ultrastar SN260,323,1600,0.202,SSD,,PCIe,PCIe x8,,
XOC Nitro,27.33,512,0.053,SSD,,2.5,SATA 6.0 Gb/s,,
Corsair MP510,95.1,480,0.198,SSD,,M.2-2280,M.2 PCIe 3.0 X4,,
Toshiba N300,142.71,4000,0.036,7200,256,3.5,SATA 6.0 Gb/s,,
Corsair MP600 ELITE w/Heatsink,94.99,1000,0.095,SSD,,M.2-2280,M.2 PCIe 4.0 X4,,
Apacer AS2280P4,52.9,512,0.103,SSD,,M.2-2280,M.2 PCIe 3.0 X4,,
Samsung Spinpoint F3,,500,,7200,16,3.5,SATA 3.0 Gb/s,,
Seagate NAS HDD,,1000,,5900,64,3.5,SATA 6.0 Gb/s,,
Lexar NM1090 w/ Heatsink,307.45,2000,0.154,SSD,,M.2-2280,M.2 PCIe 5.0 X4,,
Crucial MX300,139.99,525,0.509,SSD,,2.5,SATA 6.0 Gb/s,,
Klevv CRAS C715,,1000,,SSD,,M.2-2280,M.2 PCIe 4.0 X4,,
Western Digital Red SA500,314.99,4000,0.079,SSD,,2.5,SATA 6.0 Gb/s,,
Orico e7400,,1000,,SSD,,M.2-2280,M.2 PCIe 4.0 X4,,
ADATA XPG SX6000 Pro,54.99,512,0.107,SSD,,M.2-2280,M.2 PCIe 3.0 X4,,
Corsair MP600,324.99,1000,0.162,SSD,,M.2-2280,M.2 PCIe 4.0 X4,,
Western Digital Blue Mobile,71.23,2000,0.036,5400,128,2.5,SATA 6.0 Gb/s,,
Corsair MP700,289.99,1000,0.145,SSD,,M.2-2280,M.2 PCIe 5.0 X4,,
Seagate SkyHawk Surveillance +Rescue,121.2,4000,0.03,5400,256,3.5,SATA 6.0 Gb/s,,
Netac NV7000,132.04,2000,0.066,SSD,,M.2-2280,M.2 PCIe 4.0 X4,,
Seagate IronWolf,91.13,12000,0.091,7200,256,3.5,SATA 6.0 Gb/s,,
TEAMGROUP T-Create Classic C47,119.99,2000,0.06,SSD,,M.2-2280,M.2 PCIe 4.0 X4,,
ADATA LEGEND 700,79.98,1000,0.08,SSD,,M.2-2280,M.2 PCIe 3.0 X4,,
ADATA LEGEND 850 LITE,72.98,1000,0.073,SSD,,M.2-2280,M.2 PCIe 4.0 X4,,
Kingston SSDNow KC400,123.8,1000,0.484,SSD,,2.5,SATA 6.0 Gb/s,,
KingSpec NE-2280,,1000,,SSD,,M.2-2280,M.2 PCIe 3.0 X4,,
Nextorage NEM-PAB,124.99,2000,0.062,SSD,,M.2-2280,M.2 PCIe 4.0 X4,,
Samsung 750 EVO,,250,,SSD,512,2.5,SATA 6.0 Gb/s,,
Gigabyte GP-GSTFS31480GNTD,46.6,480,0.097,SSD,,2.5,SATA 6.0 Gb/s,,
Oyen Digital E18-8TBICS5,869,8000,0.109,SSD,,M.2-2280,M.2 PCIe 4.0 X4,,
SK Hynix Gold S31 1000,,1000,,SSD,,2.5,SATA 6.0 Gb/s,,
Seagate FireCuda 530R w/Heatsink,179.99,2000,0.09,SSD,,M.2-2280,M.2 PCIe 4.0 X4,,
Timetec 30TT253X2,27.99,512,0.055,SSD,,2.5,SATA 6.0 Gb/s,,
Gigabyte GP-GSM2NE3256GNTD,192.74,256,0.753,SSD,,M.2-2280,M.2 PCIe 3.0 X4,,
Kingston SSDNow V200,79.98,128,0.625,SSD,,2.5,SATA 6.0 Gb/s,,
Toshiba HDD2K12,,750,,5400,8,2.5,SATA 3.0 Gb/s,,
TEAMGROUP T-Force GE PRO Graphene,,8000,,SSD,,M.2-2280,M.2 PCIe 5.0 X4,,
Integral V Series 2,26.66,1000,0.111,SSD,,2.5,SATA 6.0 Gb/s,,
Patriot P400,64.98,1000,0.065,SSD,,M.2-2280,M.2 PCIe 4.0 X4,,
Micron 7400 PRO,749.99,3840,,SSD,,M.2-22110,M.2 PCIe 4.0 X4,,
Lexar NQ710,62.38,1000,0.125,SSD,,M.2-2280,M.2 PCIe 4.0 X4,,
Timetec PINNACLE SD1-INDEX,65.99,1000,0.066,SSD,,M.2-2280,M.2 PCIe 4.0 X4,,
Kingston Q500,67.43,960,0.07,SSD,,2.5,SATA 6.0 Gb/s,,
Toshiba X300,149,4000,0.037,7200,128,3.5,SATA 6.0 Gb/s,,
Western Digital WD_BLACK SN770M,169.99,2000,0.085,SSD,,M.2-2230,M.2 PCIe 4.0 X4,,
ADATA XPG GAMMIX S50 Core,,2000,,SSD,,M.2-2280,M.2 PCIe 4.0 X4,,
Corsair Force MP500,129.47,120,1.079,SSD,,M.2-2280,M.2 PCIe 3.0 X4,,
KIOXIA EXCERIA PLUS G2,,500,,SSD,,M.2-2280,M.2 PCIe 3.0 X4,,
Mushkin Helix-L,37.99,512,0.074,SSD,,M.2-2280,M.2 PCIe 4.0 X4,,
Western Digital SN520,,512,,SSD,,M.2-2280,M.2 PCIe 3.0 X2,,
Toshiba MG08ADA800E,248.66,8000,0.031,7200,256,3.5,SATA 6.0 Gb/s,,
Seagate BarraCuda 120,129.99,1000,0.26,SSD,,2.5,SATA 6.0 Gb/s,,
Seagate ST4000DX001,,4000,,,64,3.5,SATA 6.0 Gb/s,,
Toshiba MG03SCA,30,1000,0.03,7200,64,3.5,SAS 6.0 Gb/s,,
Seagate ST1000DX001,80,1000,0.08,,64,3.5,SATA 6.0 Gb/s,,
Hitachi Travelstar Z7K500,150,500,0.3,7200,32,2.5,SATA 6.0 Gb/s,,
OWC Aura Ultra IV,1149.99,8000,0.144,SSD,,M.2-2280,M.2 PCIe 4.0 X4,,
Oyen Digital Dash Pro w/Heat Sink,849,8000,0.106,SSD,,M.2-2280,M.2 PCIe 4.0 X4,,
ADATA Legend 960,108.82,1000,0.109,SSD,,M.2-2280,M.2 PCIe 4.0 X4,,
Western Digital Purple Surveillance,127.83,6000,0.021,5400,256,3.5,SATA 6.0 Gb/s,,
Gigabyte GP-GSTFS31100TNTD,82.82,1000,0.083,SSD,,2.5,SATA 6.0 Gb/s,,
TEAMGROUP A440 Lite,114.99,2000,0.057,SSD,,M.2-2280,M.2 PCIe 4.0 X4,,
PNY XLR8 CS3030,179.99,1000,0.18,SSD,,M.2-2280,M.2 PCIe 3.0 X4,,
HP FX700,,1000,,SSD,,M.2-2280,M.2 PCIe 4.0 X4,,
Inland Premium,,1000,,SSD,,M.2-2280,M.2 PCIe 3.0 X4,,
SK Hynix Gold S31 500,,500,,SSD,,2.5,SATA 6.0 Gb/s,,
GOODRAM CL100 gen.3,,480,,SSD,,2.5,SATA 6.0 Gb/s,,
ADATA XPG MARS 980 PRO,,2000,,SSD,,M.2-2280,M.2 PCIe 5.0 X4,,
Seagate Momentus 5400.6,28.69,500,0.057,5400,8,2.5,SATA 3.0 Gb/s,,
Western Digital Black PCIe,277.04,256,1.082,SSD,,M.2-2280,M.2 PCIe 3.0 X4,,
Samsung SM951,,128,,SSD,256,M.2-2280,M.2 PCIe 3.0 X4,,
Corsair MP600 MICRO,94.99,1000,0.095,SSD,,M.2-2242,M.2 PCIe 4.0 X4,,
Hitachi Deskstar 7K1000.D,,1000,,7200,32,3.5,SATA 6.0 Gb/s,,
Lexar NM610,36.99,1000,0.148,SSD,,M.2-2280,M.2 PCIe 3.0 X4,,
Intel 710,905.95,200,4.53,SSD,,2.5,SATA 3.0 Gb/s,,
Seagate ST6000NM0024,148,6000,0.025,7200,128,3.5,SATA 6.0 Gb/s,,
Hitachi Ultrastar,139.35,2000,0.07,7200,32,3.5,SATA 3.0 Gb/s,,
Apacer AS350 PANTHER,,1000,,SSD,,2.5,SATA 6.0 Gb/s,,
TEAMGROUP Cardea Zero Z440 Graphene,,1000,,SSD,,M.2-2280,M.2 PCIe 4.0 X4,,
Intenso 3812450,43.97,512,0.086,SSD,,2.5,SATA 6.0 Gb/s,,
Western Digital Ultrastar DC HC330,269.99,10000,0.027,7200,256,3.5,SATA 6.0 Gb/s,,
ADATA LEGEND 800 GOLD,,1000,,SSD,,M.2-2280,M.2 PCIe 4.0 X4,,
ADATA XPG SPECTRIX S20G,134.64,1000,0.135,SSD,,M.2-2280,M.2 PCIe 3.0 X4,,
FanXiang S770,289.99,1000,0.072,SSD,,M.2-2280,M.2 PCIe 4.0 X4,,
Apacer AS2280Q4U,,2000,,SSD,,M.2-2280,M.2 PCIe 4.0 X4,,
Gigabyte AORUS Gen4 7000s,,1000,,SSD,1024,M.2-2280,M.2 PCIe 4.0 X4,,
HP S700,69.98,500,0.14,SSD,,2.5,SATA 6.0 Gb/s,,
KingSpec XG7000 PRO,120.99,2000,0.06,SSD,,M.2-2280,M.2 PCIe 4.0 X4,,
Seagate ST3000VM002,,3000,,5900,64,3.5,SATA 6.0 Gb/s,,
Crucial BX100,76.11,250,0.304,SSD,,2.5,SATA 6.0 Gb/s,,
Lexar NQ100,18.48,240,0.077,SSD,,2.5,SATA 6.0 Gb/s,,
Toshiba DT01ACA300,,3000,,7200,64,3.5,SATA 6.0 Gb/s,,
Toshiba XG5,,256,,SSD,,M.2-2280,M.2 PCIe 3.0 X4,,
Integral M3 Series Plus,,1000,,SSD,,M.2-2280,M.2 PCIe 4.0 X4,,
ADATA Ultimate SU750,80,1000,0.08,SSD,,2.5,SATA 6.0 Gb/s,,
Toshiba MQ01ABD100,,1000,,5400,8,2.5,SATA 3.0 Gb/s,,
ADATA XPG SX6000,,256,,SSD,,M.2-2280,M.2 PCIe 3.0 X2,,
Western Digital Blue SN500,,500,,SSD,,M.2-2280,M.2 PCIe 3.0 X2,,
Gigabyte GP-GSM2NE3512GNTD,143,512,0.279,SSD,,M.2-2280,M.2 PCIe 3.0 X4,,
Corsair MP600 ELITE PS5,89.99,1000,0.09,SSD,,M.2-2280,M.2 PCIe 4.0 X4,,
Seagate ST2000DM002,,2000,,7200,64,3.5,SATA 6.0 Gb/s,,
HP EX900,,500,,SSD,,M.2-2280,M.2 PCIe 3.0 X4,,
Mushkin Tempest,111.65,1000,0.112,SSD,,M.2-2280,M.2 PCIe 3.0 X4,,
Hitachi Ultrastar He12,255,12000,0.021,7200,256,3.5,SATA 6.0 Gb/s,,
Western Digital Black SN850 w/Heatsink,233.99,2000,0.117,SSD,,M.2-2280,M.2 PCIe 4.0 X4,,
TEAMGROUP T-FORCE Z44A5,,1000,,SSD,,M.2-2280,M.2 PCIe 4.0 X4,,
Crucial MX100,,256,,SSD,,2.5,SATA 6.0 Gb/s,,
Kingston KC2500,,1000,,SSD,,M.2-2280,M.2 PCIe 3.0 X4,,
Seagate Pulsar.2,4777.83,800,,SSD,,2.5,SAS 6.0 Gb/s,,
Toshiba HDKCC00,25,500,0.05,7200,16,2.5,SATA 6.0 Gb/s,,
Intel 760p,79.98,256,0.312,SSD,,M.2-2280,M.2 PCIe 3.0 X4,,
ADATA Swordfish,,500,,SSD,,M.2-2280,M.2 PCIe 3.0 X4,,
PNY XLR8 CS3140 w/Heatsink,611.17,2000,0.306,SSD,,M.2-2280,M.2 PCIe 4.0 X4,,
Sabrent Rocket Q4,150.05,1000,0.15,SSD,,M.2-2280,M.2 PCIe 4.0 X4,,
Toshiba HDD3B04,,1000,,7200,64,3.5,SAS 6.0 Gb/s,,
Western Digital Ultrastar,239.99,8000,0.03,7200,,3.5,SATA 6.0 Gb/s,,
Toshiba MG04ACA400N,110,4000,0.028,7200,128,3.5,SATA 6.0 Gb/s,,
TEAMGROUP T-Create Classic DL,69.98,1000,0.07,SSD,,M.2-2280,M.2 PCIe 4.0 X4,,
Seagate ST2000NX0253,146.44,2000,0.073,7200,128,2.5,SATA 6.0 Gb/s,,
SanDisk Solid State Drive,,256,,SSD,,2.5,SATA 6.0 Gb/s,,
Kingston HyperX Fury,,240,,SSD,,2.5,SATA 6.0 Gb/s,,
Corsair Neutron NX500,,800,,SSD,,PCIe,PCIe x1,,
Lexar PLAY,756.65,8000,0.095,SSD,,M.2-2280,M.2 PCIe 4.0 X4,,
Transcend MTS800,50.67,32,1.583,SSD,,M.2-2280,M.2 SATA,,
Toshiba N300 NAS,124.99,4000,0.031,7200,512,3.5,SATA 6.0 Gb/s,,
Seagate EE25.2,22,40,0.55,5400,8,2.5,SATA 3.0 Gb/s,,
Seagate ST2000DX001,,2000,,,64,3.5,SATA 6.0 Gb/s,,
Kingston Predator,,480,,SSD,,PCIe,PCIe x4,,
Seagate FireCuda Compute,,2000,,,,2.5,SATA 6.0 Gb/s,,
ADATA LEGEND 970,205.34,1000,0.205,SSD,,M.2-2280,M.2 PCIe 5.0 X4,,
Intel Optane P1600X,,118,,SSD,,M.2-2280,M.2 PCIe 3.0 X4,,
KIOXIA EXCERIA w/Heatsink,249.99,4000,0.062,SSD,,M.2-2280,M.2 PCIe 4.0 X4,,
Intel 545s,165.32,256,0.646,SSD,,2.5,SATA 6.0 Gb/s,,
Intenso 3812430,20.96,128,0.164,SSD,,2.5,SATA 6.0 Gb/s,,
SK Hynix SL308,65,250,0.26,SSD,,2.5,SATA 6.0 Gb/s,,
TEAMGROUP T-Create Classic,,1000,,SSD,,M.2-2280,M.2 PCIe 3.0 X4,,
Verbatim Vi7000G,148.99,2000,0.074,SSD,,M.2-2280,M.2 PCIe 4.0 X4,,
HP 691862-B21,,100,,SSD,,2.5,SATA 6.0 Gb/s,,
Samsung MZ-75E4T0B,499.99,4000,0.125,SSD,4096,2.5,SATA 6.0 Gb/s,,
Seagate SkyHawk,75.98,2000,0.038,5900,64,3.5,SATA 6.0 Gb/s,,
ADATA XPG GAMMIX S50 Lite,205.18,1000,0.205,SSD,,M.2-2280,M.2 PCIe 4.0 X4,,
Seagate Pipeline HD,,500,,5900,8,3.5,SATA 3.0 Gb/s,,
Silicon Power P34A80,,1000,,SSD,,M.2-2280,M.2 PCIe 3.0 X4,,
OCZ Agility 3,149.99,60,2.5,SSD,,2.5,SATA 6.0 Gb/s,,
Gigabyte AI TOP 100E,,1000,,SSD,1024,M.2-2280,M.2 PCIe 4.0 X4,,
Gigabyte GP-GSTFS31256GTND,30.76,256,0.12,SSD,,2.5,SATA 6.0 Gb/s,,
ADATA SU635,,240,,SSD,,2.5,SATA 6.0 Gb/s,,
Micron 2300,,512,,SSD,,M.2-2280,M.2 PCIe 3.0 X4,,
MSI SPATIUM M482 Eco-Pack,,2000,,SSD,,M.2-2280,M.2 PCIe 4.0 X4,,
Toshiba OCZ TR200,25.99,240,0.108,SSD,,2.5,SATA 6.0 Gb/s,,
Micron 5200 Ion,1099,7680,0.143,SSD,,2.5,SATA 6.0 Gb/s,,
Inland QN322,59.99,1000,0.06,SSD,,M.2-2280,M.2 PCIe 3.0 X4,,
PNY CS2130,44.98,500,0.13,SSD,,M.2-2280,M.2 PCIe 3.0 X4,,
Apacer AS340 PANTHER,,240,,SSD,,2.5,SATA 6.0 Gb/s,,
MSI SPATIUM M480,,1000,,SSD,,M.2-2280,M.2 PCIe 4.0 X4,,
Micron 9300 Pro,959,7680,0.125,SSD,,2.5,U.2,,
Transcend 250S,187.92,2000,0.094,SSD,,M.2-2280,M.2 PCIe 4.0 X4,,
MyDigitalSSD Super Boot Drive,,8,,SSD,,M.2-2242,M.2 SATA,,
Maxtor 7Y250M0,,250,,7200,8,3.5,SATA 1.5 Gb/s,,
Samsung SM961,,1000,,SSD,,M.2-2280,M.2 PCIe 3.0 X4,,
Integral M,,1000,,SSD,,M.2-2280,M.2 PCIe 3.0 X4,,
HP FX900 Pro,203.94,1000,0.102,SSD,,M.2-2280,M.2 PCIe 4.0 X4,,
SanDisk Ultra II,199.99,240,0.417,SSD,,2.5,SATA 6.0 Gb/s,,
ADATA Premier SP550,,120,,SSD,,2.5,SATA 6.0 Gb/s,,
Intel 600p,104,512,0.203,SSD,,M.2-2280,M.2 PCIe 3.0 X4,,
Kingston A1000,124.87,240,1.041,SSD,,M.2-2280,M.2 PCIe 3.0 X4,,
Gigabyte GP-GSTFS31120GNTD,24.35,120,0.203,SSD,,2.5,SATA 6.0 Gb/s,,
ADATA XPG GAMMIX S5,,512,,SSD,,M.2-2280,M.2 PCIe 3.0 X4,,
Leven JPS800,,1000,,SSD,,M.2-2280,M.2 PCIe 4.0 X4,,
Nextorage NEM-PAC,234.99,4000,0.059,SSD,,M.2-2280,M.2 PCIe 4.0 X4,,
Gigabyte AORUS,,500,,SSD,512,M.2-2280,M.2 PCIe 4.0 X4,,
Seagate Nytro Enterprise,999.95,15360,0.521,SSD,,2.5,SAS 12.0 Gb/s,,
Hitachi Ultrastar He10,268.06,10000,0.027,7200,256,3.5,SATA 6.0 Gb/s,,
MSI SPATIUM M370,,1000,,SSD,,M.2-2280,M.2 PCIe 3.0 X4,,
Seagate FireCuda 530 w/Heatsink,179.99,2000,0.18,SSD,,M.2-2280,M.2 PCIe 4.0 X4,,
Crucial M500,104.99,240,0.437,SSD,,2.5,SATA 6.0 Gb/s,,
Silicon Power Silm S55,16.76,120,0.14,SSD,,2.5,SATA 6.0 Gb/s,,
HP EX950,114.58,1000,0.115,SSD,,M.2-2280,M.2 PCIe 3.0 X4,,
Seagate BarraCuda 510,139.99,1000,0.14,SSD,,M.2-2280,M.2 PCIe 3.0 X4,,
Samsung 830,118.48,256,,SSD,,2.5,SATA 6.0 Gb/s,,
Gigabyte GP-GSM2NE8256GNTD,,256,,SSD,,M.2-2280,M.2 PCIe 3.0 X2,,
GOODRAM IRDM PRO GEN 5,,1000,,SSD,,M.2-2280,M.2 PCIe 5.0 X4,,
Gigabyte AORUS Gen5 12000,,2000,,SSD,,M.2-2280,M.2 PCIe 5.0 X4,,
Hitachi Ultrastar 7K3000,151.44,2000,0.076,7200,64,3.5,SATA 6.0 Gb/s,,
Kingston SSDNow S100,,16,,SSD,,2.5,SATA 3.0 Gb/s,,
Micron 2200,,512,,SSD,,M.2-2280,M.2 PCIe 3.0 X4,,
Western Digital RE4,65,1000,0.065,7200,64,3.5,SATA 3.0 Gb/s,,
Corsair MP600 PRO,385.39,2000,0.096,SSD,,M.2-2280,M.2 PCIe 4.0 X4,,
Timetec 30TTQNS3SATA-1TB,47.99,1000,0.048,SSD,,2.5,SATA 6.0 Gb/s,,
Lexar Professional NM800PRO,67.98,512,0.133,SSD,,M.2-2280,M.2 PCIe 4.0 X4,,
Kingston HyperX 3K,199.99,120,1.667,SSD,,2.5,SATA 6.0 Gb/s,,
AMD RADEON-R7SSD-480G,,480,,SSD,,2.5,SATA 6.0 Gb/s,,
Micron 1100,299,256,0.149,SSD,,2.5,SATA 6.0 Gb/s,,
Gigabyte GP-GSM2NE3100TNTD,,1000,,SSD,,M.2-2280,M.2 PCIe 3.0 X4,,
KIOXIA BG4,24.95,256,0.097,SSD,,M.2-2230,M.2 PCIe 3.0 X4,,
Intenso 3812440,27.03,256,0.106,SSD,,2.5,SATA 6.0 Gb/s,,
Toshiba MQ01ABF050M,,500,,5400,8,2.5,SATA 6.0 Gb/s,,
Crucial M4,199.99,128,0.781,SSD,,2.5,SATA 6.0 Gb/s,,
Seagate Barracuda 7200.10,,160,,7200,8,3.5,SATA 3.0 Gb/s,,
Crucial MX200,297.49,250,0.595,SSD,,2.5,SATA 6.0 Gb/s,,
Intel P3700,1850,1600,1.156,SSD,,PCIe,PCIe x4,,
SanDisk Ultra,,1000,,SSD,,M.2-2280,M.2 PCIe 3.0 X4,,
Acer Predator GM3500,,1000,,SSD,1024,M.2-2280,M.2 PCIe 3.0 X4,,
Intel DC P3600,352,400,0.88,SSD,,PCIe,PCIe x4,,
Western Digital WDBSLA0010HNC-NRSN,39.99,1000,0.04,7200,,3.5,SATA 6.0 Gb/s,,
Intel Optane 900P,,480,,SSD,,PCIe,PCIe x4,,
Kingston SSDNow V100,,256,,SSD,,2.5,SATA 3.0 Gb/s,,
Hitachi Travelstar 7K1000,59.52,1000,0.06,7200,32,2.5,SATA 6.0 Gb/s,,
Gigabyte AORUS RGB,,512,,SSD,512,M.2-2280,M.2 PCIe 3.0 X4,,
Oyen Digital E18-8TBICS6,829,8000,0.104,SSD,,M.2-2280,M.2 PCIe 4.0 X4,,
Gigabyte GP-GSM2NE3128GNTD,,128,,SSD,,M.2-2280,M.2 PCIe 3.0 X4,,
XOC G300,37.79,512,0.074,SSD,,M.2-2280,M.2 PCIe 3.0 X4,,
Seagate Momentus,34.99,1000,0.07,5400,8,2.5,SATA 6.0 Gb/s,,
Silicon Power Slim S55,25.67,240,0.107,SSD,,2.5,SATA 6.0 Gb/s,,
Samsung PM871b,,256,,SSD,,2.5,SATA 6.0 Gb/s,,
Toshiba MQ01ABD050V,,500,,5400,,2.5,SATA 6.0 Gb/s,,
Western Digital PC SN740 Pyrite,,256,,SSD,,M.2-2280,M.2 PCIe 4.0 X4,,
Transcend TS64GSSD370S,49.99,64,0.781,SSD,,2.5,SATA 6.0 Gb/s,,
Hitachi 7K1000.C,87.76,500,0.088,7200,16,3.5,SATA 3.0 Gb/s,,
PNY CS1311,31.91,240,0.266,SSD,,2.5,SATA 6.0 Gb/s,,
Inland 2TB NVME PREMIUM,,2000,,SSD,,M.2-2280,M.2 PCIe 3.0 X4,,
TEAMGROUP T-Force Cardea Zero Z330,,1000,,SSD,,M.2-2280,M.2 PCIe 3.0 X4,,
Toshiba XG6,39.79,256,0.078,SSD,,M.2-2280,M.2 PCIe 3.0 X4,,
ADATA LEGEND 700 GOLD,129.99,1000,0.065,SSD,,M.2-2280,M.2 PCIe 3.0 X4,,
KIOXIA BG5,,512,,SSD,,M.2-2280,M.2 PCIe 4.0 X4,,
TEAMGROUP MP44S,69.99,1000,0.07,SSD,,M.2-2230,M.2 PCIe 4.0 X4,,
Western Digital WDS100T1XHE w/Heatsink,139.5,1000,0.139,SSD,,M.2-2280,M.2 PCIe 4.0 X4,,
Intel 320,70.97,40,1.774,SSD,,2.5,SATA 3.0 Gb/s,,
Apacer AS2280Q4,113.49,1000,0.113,SSD,,M.2-2280,M.2 PCIe 4.0 X4,,
Inland Gaming Performance Plus,139.99,2000,0.07,SSD,,M.2-2280,M.2 PCIe 4.0 X4,,
Hitachi Ultrastar 7K4000,,4000,,7200,64,3.5,SATA 6.0 Gb/s,,
Samsung Spinpoint F2 EG,,1000,,5400,32,3.5,SATA 3.0 Gb/s,,
Seagate ST3000DM002,,3000,,7200,64,3.5,SATA 6.0 Gb/s,,
ADATA Falcon,84.97,512,0.085,SSD,,M.2-2280,M.2 PCIe 3.0 X4,,
Netac NV5000,,500,,SSD,,M.2-2280,M.2 PCIe 4.0 X4,,
Lexar NM700,,1000,,SSD,,2.5,SATA 6.0 Gb/s,,
Hitachi Travelstar 5K1000,,1000,,5400,8,2.5,SATA 6.0 Gb/s,,
Inland Prime,,1000,,SSD,,M.2-2280,M.2 PCIe 3.0 X4,,
Seagate FireCuda 510,395.59,2000,0.198,SSD,,M.2-2280,M.2 PCIe 3.0 X4,,
Hitachi A7K2000,28.99,500,0.058,7200,32,3.5,SATA 3.0 Gb/s,,
Samsung PM883,96,480,0.2,SSD,,2.5,SATA 6.0 Gb/s,,
Hitachi Travelstar Z5K500,150,500,0.3,5400,8,2.5,SATA 3.0 Gb/s,,
Patriot VPN100,317.2,512,0.317,SSD,512,M.2-2280,M.2 PCIe 3.0 X4,,
Seagate FireCuda 120,,4000,,SSD,,2.5,SATA 6.0 Gb/s,,
Seagate ST4000NM0024,128.49,4000,0.032,7200,128,3.5,SATA 6.0 Gb/s,,
Toshiba MG04ACA200E,147.75,2000,0.074,7200,128,3.5,SATA 6.0 Gb/s,,
ADATA XPG MARS 980 STORM,,2000,,SSD,,M.2-2280,M.2 PCIe 5.0 X4,,
Supermicro HDD-T4000-ST4000NM00,,4000,,7200,128,3.5,SATA 6.0 Gb/s,,
Corsair Force LE,205.09,240,0.427,SSD,,2.5,SATA 6.0 Gb/s,,
Transcend SSD230S,29.99,128,0.234,SSD,,2.5,SATA 6.0 Gb/s,,
Transcend 220S,92.68,1000,0.093,SSD,,M.2-2280,M.2 PCIe 3.0 X4,,
Patriot VP4000 Mini,45.99,500,0.092,SSD,,M.2-2230,M.2 PCIe 4.0 X4,,
Toshiba MQ04ABD200,74.99,2000,0.037,5400,128,2.5,SATA 6.0 Gb/s,,
Intel DC P4510,231,2000,0.116,SSD,,2.5,U.2,,
ADATA LEGEND 840,,1000,,SSD,,M.2-2280,M.2 PCIe 4.0 X4,,
XOC SP900,71,1000,0.071,SSD,,M.2-2280,M.2 PCIe 4.0 X4,,
TEAMGROUP GX1,79.52,480,0.166,SSD,,2.5,SATA 6.0 Gb/s,,
Western Digital Black SN750 Rev2,115.7,500,0.231,SSD,,M.2-2280,M.2 PCIe 3.0 X4,,
Kingston SSDNow V+100,159.99,512,1.25,SSD,,2.5,SATA 3.0 Gb/s,,
Intel 520,270,120,2.25,SSD,,2.5,SATA 6.0 Gb/s,,
Asus ROG RAIDR,,240,,SSD,,PCIe,PCIe x4,,
Samsung PM863,,3840,,SSD,,2.5,SATA 6.0 Gb/s,,
Hitachi HDS723020BLA642,,2000,,7200,64,3.5,SATA 6.0 Gb/s,,
XPG GAMMIX S10,,1000,,SSD,,M.2-2280,M.2 PCIe 3.0 X4,,
Western Digital Black NVMe,,500,,SSD,,M.2-2280,M.2 PCIe 3.0 X4,,
Toshiba MG06ACA10TE,,10000,,7200,256,3.5,SATA 6.0 Gb/s,,
HP EX900 Plus,,1000,,SSD,,M.2-2280,M.2 PCIe 3.0 X4,,
Nextorage G-Series LE,139.99,2000,0.07,SSD,,M.2-2280,M.2 PCIe 4.0 X4,,
Transcend MTE245S,61.36,1000,0.061,SSD,,M.2-2280,M.2 PCIe 4.0 X4,,
Toshiba V300,,2000,,5700,64,3.5,SATA 6.0 Gb/s,,
Acer SA100,,240,,SSD,,2.5,SATA 6.0 Gb/s,,
Samsung Spinpoint F1 DT,72.75,320,0.114,7200,16,3.5,SATA 3.0 Gb/s,,
Samsung 840,,250,,SSD,,2.5,SATA 6.0 Gb/s,,
Western Digital Black2,249.99,1000,0.25,,,2.5,SATA 6.0 Gb/s,,
Seagate ST1000DM004,,1000,,7200,64,3.5,SATA 6.0 Gb/s,,
SanDisk X400,229.99,128,0.449,SSD,,M.2-2280,M.2 SATA,,
Plextor M8Pe,,256,,SSD,512,PCIe,PCIe x4,,
Netac NV2000,,1000,,SSD,,M.2-2280,M.2 PCIe 3.0 X4,,
Nextorage G-Series,799.99,4000,0.1,SSD,,M.2-2280,M.2 PCIe 4.0 X4,,
Western Digital WDBMMA0030HNC-NRSN,69.98,3000,0.023,5400,64,3.5,SATA 6.0 Gb/s,,
Integral MO-300,29.95,256,0.117,SSD,,mSATA,mSATA,,
Toshiba MG07ACA14TE,299,14000,0.021,7200,256,3.5,SATA 6.0 Gb/s,,
TEAMGROUP T-Force Vulcan,,500,,SSD,,2.5,SATA 6.0 Gb/s,,
ADATA Premium For PS5,139.99,2000,0.07,SSD,,M.2-2280,M.2 PCIe 4.0 X4,,
KingSpec VP101,,1000,,SSD,,M.2-2280,M.2 PCIe 5.0 X4,,
Kingston SSDNow E100,,200,,SSD,,2.5,SATA 6.0 Gb/s,,
AMD Radeon R3,,240,,SSD,,2.5,SATA 6.0 Gb/s,,
ADATA XPG SX8200 240,,240,,SSD,,M.2-2280,M.2 PCIe 3.0 X4,,
Seagate BarraCuda Q1,99.95,480,0.208,SSD,,2.5,SATA 6.0 Gb/s,,
Corsair MP600 CORE,,1000,,SSD,,M.2-2280,M.2 PCIe 4.0 X4,,
ADATA Legend 850,54.99,512,0.107,SSD,,M.2-2280,M.2 PCIe 4.0 X4,,
Gigabyte AORUS Gen5 10000,,2000,,SSD,4096,M.2-2280,M.2 PCIe 5.0 X4,,
Seagate Lightsaber Collection FireCuda,139.99,1000,,SSD,,M.2-2280,M.2 PCIe 4.0 X4,,
Toshiba L200,85.19,2000,0.043,5400,128,2.5,SATA 6.0 Gb/s,,
Hitachi S800 S846,,2000,,SSD,,2.5,SAS 6.0 Gb/s,,
Nextorage NN5PRO,399.99,2000,0.2,SSD,4096,M.2-2280,M.2 PCIe 4.0 X8,,
Gigabyte GP-GSM2NE8512GNTD,,512,,SSD,,M.2-2280,M.2 PCIe 3.0 X2,,
GameStop 23VG-GSPL-GameStop NVMe SSD-Heatsink-2TB,169.99,2000,0.085,SSD,,M.2-2280,M.2 PCIe 4.0 X4,,
Seagate Exos 7E8,169.64,4000,0.042,7200,256,3.5,SATA 6.0 Gb/s,,
Mushkin Vortex-LX,96.9,1000,0.097,SSD,,M.2-2280,M.2 PCIe 4.0 X4,,
SanDisk Ultra Plus,,128,,SSD,,2.5,SATA 6.0 Gb/s,,
Toshiba XG3,,512,,SSD,1024,M.2-2280,M.2 PCIe 3.0 X4,,
ADATA XPG SX8200 480,,480,,SSD,,M.2-2280,M.2 PCIe 3.0 X4,,
Kingston UV500B,62.49,240,0.26,SSD,,M.2-2280,M.2 SATA,,
Samsung MZ1LV960HCJH,,960,,SSD,,M.2-22110,M.2 PCIe 3.0 X4,,
SanDisk CloudSpeed Eco Gen. II,,1920,,SSD,,2.5,SATA 6.0 Gb/s,,
Silicon Power Ace A56,,512,,SSD,,2.5,SATA 6.0 Gb/s,,
Intel MEMPEK1J032GAXT,,32,,SSD,,M.2-2280,M.2 PCIe 3.0 X2,,
Lenovo 4XB0W79582,465,1000,0.465,SSD,,M.2-2280,M.2 PCIe 3.0 X4,,
TEAMGROUP T-Force Cardea Zero Z340,,1000,,SSD,,M.2-2280,M.2 PCIe 3.0 X4,,
Western Digital PC SN740 Opal,,512,,SSD,,M.2-2280,M.2 PCIe 4.0 X4,,
Hitachi Ultrastar DC HC530,,14000,,7200,256,3.5,SATA 6.0 Gb/s,,
Addlink S20,31.99,512,0.062,SSD,,2.5,SATA 6.0 Gb/s,,
Intel 730,546.99,480,1.14,SSD,,2.5,SATA 6.0 Gb/s,,
Hitachi Ultrastar He8,325,8000,0.041,7200,128,3.5,SATA 6.0 Gb/s,,
Kingston DC1000B,,240,,SSD,,M.2-2280,M.2 PCIe 3.0 X4,,
OCZ Colossus,,1000,,SSD,128,3.5,SATA 3.0 Gb/s,,
Seagate Momentus 7200.4,45,500,0.09,7200,16,2.5,SATA 3.0 Gb/s,,
ADATA Premier Pro SP900,299.95,256,1.172,SSD,,2.5,SATA 6.0 Gb/s,,
OCZ Vertex 3,,120,,SSD,,3.5,SATA 6.0 Gb/s,,
Hitachi Deskstar 7K3000,,3000,,7200,64,3.5,SATA 6.0 Gb/s,,
Toshiba Q,,512,,SSD,,2.5,SATA 6.0 Gb/s,,
OCZ RD400,,256,,SSD,,M.2-2280,M.2 PCIe 3.0 X4,,
Transcend TS120GSSD220S,23.99,120,0.2,SSD,,2.5,SATA 6.0 Gb/s,,
Hitachi HUA721010KLA330,,1000,,7200,32,3.5,SATA 6.0 Gb/s,,
Seagate Exos X10,1009,10000,0.101,7200,256,3.5,SAS 12.0 Gb/s,,
ADATA SU760,,512,,SSD,,2.5,SATA 6.0 Gb/s,,
Neo Forza NFS01,,240,,SSD,,2.5,SATA 6.0 Gb/s,,
TEAMGROUP T-Force Cardea Z44Q,,2000,,SSD,,M.2-2280,M.2 PCIe 4.0 X4,,
Gigabyte M30,,512,,SSD,,M.2-2280,M.2 PCIe 3.0 X4,,
Hitachi 0F27406,139,8000,0.017,7200,256,3.5,SAS 12.0 Gb/s,,
Micron 2400,59.12,512,0.115,SSD,,M.2-2230,M.2 PCIe 4.0 X4,,
Integral V Series Plus,35.83,512,0.07,SSD,,2.5,SATA 6.0 Gb/s,,
Addlink G55,211.99,2000,0.106,SSD,,M.2-2280,M.2 PCIe 5.0 X4,,
OWC Mercury Electra 6G,179.99,2000,0.09,SSD,,2.5,SATA 6.0 Gb/s,,
PNY CS2340,100.82,1000,0.101,SSD,,M.2-2280,M.2 PCIe 4.0 X4,,
Western Digital WD1001FALS,,500,,7200,32,3.5,SATA 3.0 Gb/s,,
Seagate Barracuda LP,108.98,2000,0.054,5900,32,3.5,SATA 3.0 Gb/s,,
Samsung Spinpoint F4,,2000,,5400,32,3.5,SATA 3.0 Gb/s,,
Toshiba MK1002TSKB,,1000,,7200,64,3.5,SATA 3.0 Gb/s,,
Toshiba HDKPC08,,3000,,7200,64,3.5,SATA 3.0 Gb/s,,
Samsung ST750LM022/HN-M750MBB,,750,,5400,8,2.5,SATA 3.0 Gb/s,,
Crucial M550,177.77,256,1.389,SSD,,2.5,SATA 6.0 Gb/s,,
Mushkin Reactor,,1000,,SSD,,2.5,SATA 6.0 Gb/s,,
Seagate ST1000NX0313,58.44,1000,0.058,7200,128,2.5,SATA 6.0 Gb/s,,
Transcend TS240GSSD220S,29.45,240,0.123,SSD,,2.5,SATA 6.0 Gb/s,,
Kingston HyperX FURY RGB,,240,,SSD,,2.5,SATA 6.0 Gb/s,,
Mushkin Pilot-E,,2000,,SSD,,M.2-2280,M.2 PCIe 3.0 X4,,
Kingston DC450R,,480,,SSD,,2.5,SATA 6.0 Gb/s,,
Kingston DC500R,,7680,,SSD,,2.5,SATA 6.0 Gb/s,,
KIOXIA EXCERIA PLUS,522.99,1000,0.261,SSD,,M.2-2280,M.2 PCIe 3.0 X4,,
Klevv CRAS C920,,1000,,SSD,,M.2-2280,M.2 PCIe 4.0 X4,,
Klevv CRAS C700 RGB,,960,,SSD,,M.2-2280,M.2 PCIe 3.0 X4,,
Klevv CRAS C910 Lite,,1000,,SSD,,M.2-2280,M.2 PCIe 4.0 X4,,
Hitachi Deskstar 7K1000.C,,1000,,7200,,3.5,SATA 6.0 Gb/s,,
‎FFF Smart Life Connected ‎G-Storategy NV470 w/Heatsink,,4000,,SSD,,M.2-2280,M.2 PCIe 4.0 X4,,
Western Digital SN720,,512,,SSD,,M.2-2280,M.2 PCIe 3.0 X4,,
Seagate ST4000LM016,155,4000,0.039,5400,128,2.5,SATA 6.0 Gb/s,,
Western Digital WD Green,42.98,480,0.09,SSD,,M.2-2280,M.2 SATA,,
Hitachi Travelstar,85,1000,0.085,7200,32,2.5,SATA 6.0 Gb/s,,
Addlink A95,146.44,2000,0.073,SSD,,M.2-2280,M.2 PCIe 4.0 X4,,
SanDisk EXTREME PRO,178.57,1000,0.179,SSD,,M.2-2280,M.2 PCIe 3.0 X4,,
Patriot Viper VPR400 RGB,,1000,,SSD,,M.2-2280,M.2 PCIe 4.0 X4,,
Angelbird Wings MX2,,2000,,SSD,,PCIe,PCIe x2,,
GameStop 23VG-GSPL-GameStop NVMe SSD-Heatsink-1TB,109.99,1000,0.11,SSD,,M.2-2280,M.2 PCIe 4.0 X4,,
Toshiba MK5061GSYN,58,500,0.116,7200,16,2.5,SATA 3.0 Gb/s,,
Kingston SSDNow 200,,30,,SSD,,2.5,SATA 6.0 Gb/s,,
Toshiba HDD3A01,,2000,,7200,16,3.5,SAS 6.0 Gb/s,,
Seagate STCL4000400 Retail Kit,,4000,,,64,3.5,SATA 6.0 Gb/s,,
ADATA Premier Pro SP600,,256,,SSD,,2.5,SATA 6.0 Gb/s,,
OCZ ARC 100,,240,,SSD,,2.5,SATA 6.0 Gb/s,,
AMD RADEON-R7SSD-120G,,120,,SSD,,2.5,SATA 6.0 Gb/s,,
Toshiba PH3500U-1I72,179,5000,0.036,7200,128,3.5,SATA 6.0 Gb/s,,
Seagate Archive,,8000,,5900,128,3.5,SATA 6.0 Gb/s,,
Kingston Savage,,240,,SSD,,2.5,SATA 6.0 Gb/s,,
SanDisk Z400s,,128,,SSD,,2.5,SATA 6.0 Gb/s,,
Intel DC P3500,427.5,2000,0.214,SSD,,PCIe,PCIe x4,,
TEAMGROUP L3 EVO,,240,,SSD,,2.5,SATA 6.0 Gb/s,,
ADATA XPG SX8200 960,,960,,SSD,,M.2-2280,M.2 PCIe 3.0 X4,,
TEAMGROUP T-Force Delta RGB,,250,,SSD,,2.5,SATA 6.0 Gb/s,,
Kingston KC2000,,1000,,SSD,,M.2-2280,M.2 PCIe 3.0 X4,,
Intel Intel DC S3510 SSDSC2BB240G6 2.5 240GB SATA III MLC Business Solid State Disk,,240,,SSD,,2.5,SATA 6.0 Gb/s,,
Seagate IronWolf 125,,4000,,SSD,,2.5,SATA 6.0 Gb/s,,
ADATA Legend 750,,1000,,SSD,,M.2-2280,M.2 PCIe 3.0 X4,,
HP S750,,512,,SSD,,2.5,SATA 6.0 Gb/s,,
Toshiba MG04ACA500E,,5000,,7200,128,3.5,SATA 6.0 Gb/s,,
Sabrent Rocket nano 2242,119.99,1000,0.12,SSD,,M.2-2242,M.2 PCIe 4.0 X4,,
Transcend 830S,323.9,4000,0.081,SSD,,M.2-2280,M.2 SATA,,
PNY CS2240,79.98,1000,0.08,SSD,,M.2-2280,M.2 PCIe 4.0 X4,,
Toshiba MD04ACA400,,4000,,7200,64,3.5,SATA 6.0 Gb/s,,
Intel DC S3610,394.8,1600,0.247,SSD,,2.5,SATA 6.0 Gb/s,,
Western Digital BLACK SN850 Call of Duty Edition,217,1000,0.217,SSD,,M.2-2280,M.2 PCIe 4.0 X4,,
Hitachi 7K2000,,2000,,7200,32,3.5,SATA 3.0 Gb/s,,
Hitachi E7K1000,70,1000,0.14,7200,32,3.5,SATA 3.0 Gb/s,,
Seagate Barracuda 7200.12,,500,,7200,16,3.5,SATA 3.0 Gb/s,,
Toshiba DT01ACA,,2000,,7200,64,3.5,SATA 6.0 Gb/s,,
Seagate ST5000DM000,,5000,,5900,128,3.5,SATA 6.0 Gb/s,,
Samsung XP941,,512,,SSD,512,M.2-2280,M.2 PCIe 2.0 X4,,
Hitachi Deskstar NAS,249.99,4000,0.031,7200,128,3.5,SATA 6.0 Gb/s,,
TEAMGROUP L5 LITE 3D,,240,,SSD,,2.5,SATA 6.0 Gb/s,,
Gigabyte UD PRO 512,,512,,SSD,512,2.5,SATA 6.0 Gb/s,,
Intel Pro 7600p,,512,,SSD,,M.2-2280,M.2 PCIe 3.0 X4,,
Seagate ST500VT001,,500,,5400,32,2.5,SATA 6.0 Gb/s,,
TEAMGROUP T-Force Vulcan G,,1000,,SSD,,2.5,SATA 6.0 Gb/s,,
TEAMGROUP T-Force Cardea II TUF Gaming Alliance,,1000,,SSD,,M.2-2280,M.2 PCIe 3.0 X4,,
Verbatim Vi560,62.96,1000,0.123,SSD,,M.2-2280,M.2 SATA,,
GOODRAM IRDM PRO SLIM,490.66,4000,0.123,SSD,,M.2-2280,M.2 PCIe 4.0 X4,,
Addlink S93,150.44,2000,0.075,SSD,,M.2-2280,M.2 PCIe 4.0 X4,,
Hitachi 0B36040,152.82,4000,0.038,7200,256,3.5,SATA 6.0 Gb/s,,
Hitachi 0F14683,135.69,4000,0.034,7200,64,3.5,SATA 6.0 Gb/s,,
Titanium Micro TH2000,35.99,512,0.07,SSD,,M.2-2280,M.2 PCIe 3.0 X4,,
Western Digital RE3,24.99,250,0.1,7200,16,3.5,SATA 3.0 Gb/s,,
Intel DC S3700,146.44,400,0.366,SSD,,2.5,SATA 6.0 Gb/s,,
Seagate Cheetah 15K.7,98.03,600,0.163,15000,16,3.5,SAS 6.0 Gb/s,,
Seagate ST4000NC001,126.91,4000,0.032,5900,64,3.5,SATA 6.0 Gb/s,,
Crucial BX200,111,240,0.463,SSD,,2.5,SATA 6.0 Gb/s,,
Gigabyte UD PRO 256,,256,,SSD,256,2.5,SATA 6.0 Gb/s,,
Seagate Barracuda ES.2,110.5,250,0.442,7200,32,3.5,SATA 3.0 Gb/s,,
TEAMGROUP T-Create Classic I45,,1000,,SSD,,M.2-2280,M.2 PCIe 4.0 X4,,
Seagate SV35.5,89.95,500,0.18,5900,16,3.5,SATA 3.0 Gb/s,,
Transcend Transcend SLC,,16,,SSD,,2.5,SATA 1.5 Gb/s,,
OCZ Vertex 4,,128,,SSD,,2.5,SATA 6.0 Gb/s,,
Intel 330,157.88,180,0.877,SSD,,2.5,SATA 6.0 Gb/s,,
Western Digital WDBSLA0020HNC-NRSN,65.83,2000,0.033,7200,64,3.5,SATA 6.0 Gb/s,,
Intel 530,94.99,180,0.528,SSD,,2.5,SATA 6.0 Gb/s,,
Toshiba MQ01ABF050H,,500,,,32,2.5,SATA 6.0 Gb/s,,
Seagate STCL2000400,,2000,,,64,3.5,SATA 6.0 Gb/s,,
SK Hynix SH910A,,128,,SSD,,2.5,SATA 6.0 Gb/s,,
Micron M600,,256,,SSD,,2.5,SATA 6.0 Gb/s,,
Samsung MZVPV128HDGM-00000,,128,,SSD,,M.2-2280,M.2 PCIe 3.0 X4,,
Toshiba HDWA120XZSTA,,2000,,5700,64,3.5,SATA 6.0 Gb/s,,
ADATA SP550,,960,,SSD,,2.5,SATA 6.0 Gb/s,,
TEAMGROUP L5 LITE,,120,,SSD,,2.5,SATA 6.0 Gb/s,,
Kingston KC1000,,480,,SSD,,M.2-2280,M.2 PCIe 3.0 X4,,
Corsair MP300,,120,,SSD,,M.2-2280,M.2 PCIe 3.0 X2,,
Synology SNV3000,,400,,SSD,,M.2-22110,M.2 PCIe 3.0 X4,,
Neo Forza eSports,,1000,,SSD,512,M.2-2280,M.2 PCIe 3.0 X4,,
TEAMGROUP T-Create Expert,,1000,,SSD,,2.5,SATA 6.0 Gb/s,,
Seagate Exos 7E10 512n,171.04,2000,0.086,7200,256,3.5,SATA 6.0 Gb/s,,
Patriot Viper VPN110,,512,,SSD,,M.2-2280,M.2 PCIe 3.0 X4,,
HP S650,,1920,,SSD,,2.5,SATA 6.0 Gb/s,,
Western Digital easystore,,240,,SSD,,2.5,SATA 6.0 Gb/s,,
Fastro MS150,,1000,,SSD,,M.2-2280,M.2 PCIe 3.0 X4,,
Seagate Beskar Ingot Drive Special Edition FireCuda,,1000,,SSD,,M.2-2280,M.2 PCIe 4.0 X4,,
Intel Optane DC P4801X,,100,,SSD,,M.2-22110,M.2 PCIe 3.0 X4,,
Micron 5300 PRO,,480,,SSD,,2.5,SATA 6.0 Gb/s,,
AGI AI198,,512,,SSD,,M.2-2280,M.2 PCIe 3.0 X4,,
Apacer AS2280P4U,,256,,SSD,,M.2-2280,M.2 PCIe 3.0 X4,,
Addlink G55H,165.99,2000,0.083,SSD,,M.2-2280,M.2 PCIe 5.0 X4,,
Corsair MP600 MINI,179.99,2000,0.09,SSD,,M.2-2230,M.2 PCIe 4.0 X4,,
Intel SSDSCKJW240H601,35.98,240,0.15,SSD,,M.2-2280,M.2 SATA,,
Timetec 30TTQNS3SATA-2TB,93.99,2000,0.047,SSD,,2.5,SATA 6.0 Gb/s,,
Toshiba MG04ACA100N,110.7,1000,0.111,7200,128,3.5,SATA 6.0 Gb/s,,
Seagate Savvio,,300,,10000,64,2.5,SATA 6.0 Gb/s,,
Kingston SSDNow KC300,66.15,240,0.276,SSD,,2.5,SATA 6.0 Gb/s,,
Transcend MTS400,49.38,32,1.543,SSD,,M.2-2242,M.2 SATA,,
ADATA SU655,,120,,SSD,,2.5,SATA 6.0 Gb/s,,
Sabrent Rocket 4.0 HTSK,,1000,,SSD,,M.2-2280,M.2 PCIe 4.0 X4,,
Toshiba MQ01ABD100M,,1000,,5400,8,2.5,SATA 6.0 Gb/s,,
Patriot Viper Gaming VP4100,,1000,,SSD,,M.2-2280,M.2 PCIe 4.0 X4,,
Kingston SSDNOW DC500R,998.97,3840,0.26,SSD,,2.5,SATA 6.0 Gb/s,,
Kingston DC500M,784.47,3840,0.204,SSD,,2.5,SATA 6.0 Gb/s,,
Apacer AS2280P4U Pro,,2000,,SSD,,M.2-2280,M.2 PCIe 3.0 X4,,
Hitachi 7K1000.B,,1000,,7200,16,3.5,SATA 3.0 Gb/s,,
Samsung 470,,256,,SSD,,2.5,SATA 3.0 Gb/s,,
Hitachi 5K3000,,2000,,5400,32,3.5,SATA 6.0 Gb/s,,
Western Digital Scorpio Black,40.75,750,0.127,7200,16,2.5,SATA 3.0 Gb/s,,
Hitachi Travelstar Z5K320,,320,,5400,8,2.5,SATA 3.0 Gb/s,,
OCZ Colossus 2,,460,,SSD,,3.5,SATA 3.0 Gb/s,,
OCZ RevoDrive,,230,,SSD,,PCIe,PCIe x4,,
Western Digital WDBMYH0010BNC-NRSN,49.49,1000,0.049,5400,8,2.5,SATA 3.0 Gb/s,,
OCZ Vertex 450,,512,,SSD,,2.5,SATA 6.0 Gb/s,,
Corsair Force LS,,120,,SSD,256,2.5,SATA 6.0 Gb/s,,
Toshiba MG03ACA400,,4000,,7200,64,3.5,SATA 6.0 Gb/s,,
HP 628065-B21,,3000,,7200,,3.5,SATA 6.0 Gb/s,,
Samsung PM843,,120,,SSD,,2.5,SATA 6.0 Gb/s,,
SanDisk X300S,,256,,SSD,,2.5,SATA 6.0 Gb/s,,
Samsung Data Center,,240,,SSD,,2.5,SATA 6.0 Gb/s,,
OCZ RD400A,,256,,SSD,,PCIe,PCIe x4,,
Crucial BX300,65.42,240,0.273,SSD,,2.5,SATA 6.0 Gb/s,,
TCSunBow X3,,240,,SSD,,2.5,SATA 6.0 Gb/s,,
HP S600,,120,,SSD,,2.5,SATA 6.0 Gb/s,,
Patriot Scorch,,512,,SSD,,M.2-2280,M.2 PCIe 3.0 X2,,
Lexar NM500,,256,,SSD,,M.2-2280,M.2 PCIe 3.0 X2,,
Hitachi HDN724040ALE640,,4000,,7200,,3.5,SATA 6.0 Gb/s,,
SanDisk X600,,128,,SSD,,M.2-2280,M.2 SATA,,
Asura Genesis Xtreme,,256,,SSD,,M.2-2280,M.2 PCIe 3.0 X4,,
Water Panther Arsenal,,14000,,7200,256,3.5,SATA 6.0 Gb/s,,
Patriot P200,,1000,,SSD,,2.5,SATA 6.0 Gb/s,,
TEAMGROUP MP34Q,,8000,,SSD,,M.2-2280,M.2 PCIe 3.0 X4,,
Klevv NEO N610,,1000,,SSD,,2.5,SATA 6.0 Gb/s,,
Fantom Drives VENOM8,,8000,,SSD,,M.2-2280,M.2 PCIe 4.0 X4,,
Lenovo OPAL2,,512,,SSD,,M.2-2280,M.2 PCIe 4.0 X4,,
Inland TD510,199.99,2000,0.1,SSD,,M.2-2280,M.2 PCIe 5.0 X4,,
Seagate Enterprise Performance,86.98,900,0.072,15000,256,2.5,SAS 12.0 Gb/s,,
Inland 1TB Performance,,1000,,SSD,,M.2-2280,M.2 PCIe 4.0 X4,,
ADATA XPG GAMMIX S70,,2000,,SSD,,M.2-2280,M.2 PCIe 4.0 X4,,
Seagate Barracuda PCIe,,500,,SSD,,M.2-2280,M.2 PCIe 4.0 X4,,
OCZ Colossus LT,,1000,,SSD,128,3.5,SATA 3.0 Gb/s,,
Corsair Force,,120,,SSD,,2.5,SATA 3.0 Gb/s,,
Hitachi 7K3000,,2000,,7200,64,3.5,SATA 6.0 Gb/s,,
Hitachi 0J11563,,750,,5400,8,2.5,SATA 3.0 Gb/s,,
Hitachi 0J11561,39.2,500,0.078,5400,8,2.5,SATA 3.0 Gb/s,,
Western Digital SiliconEdge Blue,,256,,SSD,,2.5,SATA 3.0 Gb/s,,
Toshiba MK5076GSX,,500,,5400,8,2.5,SATA 3.0 Gb/s,,
Western Digital Raptor,,150,,10000,16,3.5,SATA 3.0 Gb/s,,
Toshiba MQ01ABD075,,750,,5400,8,2.5,SATA 3.0 Gb/s,,
Transcend SSD370,,128,,SSD,,2.5,SATA 6.0 Gb/s,,
Samsung SM843TN,299.95,240,0.625,SSD,,2.5,SATA 6.0 Gb/s,,
Intel Pro 2500,,240,,SSD,,2.5,SATA 6.0 Gb/s,,
AMD RADEON-R7SSD-240G,,240,,SSD,,2.5,SATA 6.0 Gb/s,,
Hitachi Ultrastar A7K2000,,1000,,7200,32,3.5,SATA 3.0 Gb/s,,
Hitachi He6,,6000,,7200,64,3.5,SAS 6.0 Gb/s,,
Toshiba PH3400U-1I72,159,4000,0.04,7200,128,3.5,SATA 6.0 Gb/s,,
G.Skill Phoenix Blade,,960,,SSD,,PCIe,PCIe x8,,
Seagate ST980813AS,,80,,7200,8,2.5,SATA 3.0 Gb/s,,
Drevo Ares,,256,,SSD,,PCIe,PCIe x1,,
KingDian S280,,120,,SSD,,2.5,SATA 6.0 Gb/s,,
Gigabyte GP-GSM2NE8128GNTD,,128,,SSD,,M.2-2280,M.2 PCIe 3.0 X2,,
SK Hynix Gold S31 250,,250,,SSD,,2.5,SATA 6.0 Gb/s,,
Samsung SM863,,480,,SSD,,2.5,SATA 6.0 Gb/s,,
Kingston UV500,,1920,,SSD,,2.5,SATA 6.0 Gb/s,,
Pioneer APS-SE20G-1T,127.07,1000,0.127,SSD,,M.2-2280,M.2 PCIe 3.0 X4,,
ADATA XPG GAMMIX S50,,1000,,SSD,,M.2-2280,M.2 PCIe 4.0 X4,,
Lenovo 4XB0W79580,,256,,SSD,,M.2-2280,M.2 PCIe 3.0 X4,,
Toshiba Slim L200,,500,,5400,8,2.5,SATA 6.0 Gb/s,,
Silicon Power XD80,,1000,,SSD,,M.2-2280,M.2 PCIe 3.0 X4,,
Mushkin SOURCE 2,,1000,,SSD,,2.5,SATA 6.0 Gb/s,,
TEAMGROUP CX1,21.99,240,0.092,SSD,,2.5,SATA 6.0 Gb/s,,
HP FX900,,1000,,SSD,,M.2-2280,M.2 PCIe 4.0 X4,,
Toshiba MG08ADA400N,,4000,,7200,256,3.5,SATA 6.0 Gb/s,,
Nextorage NEM-PA,,4000,,SSD,,M.2-2280,M.2 PCIe 4.0 X4,,
Netac NV5000-t,,1000,,SSD,,M.2-2280,M.2 PCIe 4.0 X4,,
NEMIX RAM NEMESIS,318.99,4000,0.08,SSD,,M.2-2280,M.2 PCIe 4.0 X4,,
TEAMGROUP T-FORCE G70,,2000,,SSD,,M.2-2280,M.2 PCIe 4.0 X4,,
VisionTek QLC,,8000,,SSD,,M.2-2280,M.2 PCIe 3.0 X4,,
Seagate BarraCuda 530,,2048,,SSD,,M.2-2280,M.2 PCIe 4.0 X4,,
Seagate ST5000NM0024,,5000,,7200,128,3.5,SATA 6.0 Gb/s,,
Transcend 250H,199.99,2000,0.1,SSD,,M.2-2280,M.2 PCIe 4.0 X4,,
Intel X25-M,349.95,120,2.916,SSD,,2.5,SATA 3.0 Gb/s,,
Toshiba MK2576GSX,25.74,250,0.103,5400,8,2.5,SATA 3.0 Gb/s,,
Toshiba MK7559GSXP,62.5,750,0.083,5400,8,2.5,SATA 3.0 Gb/s,,
VisionTek Data Fusion 2-way,,240,,SSD,,PCIe,PCIe x2,,
Integral ADVANTAGE PRO-2,,2000,,SSD,,M.2-2280,M.2 PCIe 4.0 X4,,
Intel X25-V,59.99,40,1.5,SSD,,2.5,SATA 3.0 Gb/s,,
Seagate Barracuda ES,127.5,1000,0.128,7200,32,3.5,SATA 3.0 Gb/s,,
Hitachi Deskstar,,3000,,7200,64,3.5,SATA 6.0 Gb/s,,
ADATA S599,,128,,SSD,,2.5,SATA 3.0 Gb/s,,
ADATA XPG SX900,,256,,SSD,,2.5,SATA 6.0 Gb/s,,
Plextor M5S,,128,,SSD,256,2.5,SATA 6.0 Gb/s,,
SanDisk X110,,128,,SSD,,2.5,SATA 6.0 Gb/s,,
Intel DC S3500,185,480,0.385,SSD,,2.5,SATA 6.0 Gb/s,,
Seagate ST2000VN000,,2000,,5900,64,3.5,SATA 6.0 Gb/s,,
Seagate 600 Pro,199,100,0.829,SSD,,2.5,SATA 6.0 Gb/s,,
Corsair Force LX,,512,,SSD,,2.5,SATA 6.0 Gb/s,,
Samsung 845DC EVO,,960,,SSD,,2.5,SATA 6.0 Gb/s,,
Samsung Spinpoint M9T,,2000,,5400,32,2.5,SATA 6.0 Gb/s,,
Dell 342-3520,175,1000,0.175,7200,,2.5,SAS 3.0 Gb/s,,
Patriot Blaze,,480,,SSD,32,2.5,SATA 6.0 Gb/s,,
PNY CS1111,149,120,0.621,SSD,,2.5,SATA 6.0 Gb/s,,
Toshiba HDWA110XZSTA,,1000,,5700,64,3.5,SATA 6.0 Gb/s,,
OCZ TRION 150,,480,,SSD,,2.5,SATA 6.0 Gb/s,,
Zotac T500,,240,,SSD,256,2.5,SATA 6.0 Gb/s,,
Toshiba VX500,128.03,1000,,SSD,,2.5,SATA 6.0 Gb/s,,
SanDisk Z410,78.14,240,0.356,SSD,,2.5,SATA 6.0 Gb/s,,
Hitachi HGST Ultrastar C10K1800,,1200,,10500,128,3.5,SAS 12.0 Gb/s,,
Lexar NM600,130.79,480,0.272,SSD,,M.2-2280,M.2 PCIe 3.0 X4,,
Silicon Power S55,,120,,SSD,,2.5,SATA 6.0 Gb/s,,
Intel DC S4500,375,960,0.391,SSD,,2.5,SATA 6.0 Gb/s,,
ADATA XPG SX950U,,480,,SSD,,2.5,SATA 6.0 Gb/s,,
Silicon Power US70,,1000,,SSD,,M.2-2280,M.2 PCIe 4.0 X4,,
Neo Forza NFS10,,480,,SSD,,2.5,SATA 6.0 Gb/s,,
ADATA XPG GAMMIX S41,,512,,SSD,,M.2-2280,M.2 PCIe 3.0 X4,,
YMTC ZHITAI,,512,,SSD,,M.2-2280,M.2 PCIe 3.0 X4,,
Addlink S95,,2000,,SSD,,M.2-2280,M.2 PCIe 4.0 X4,,
Klevv CRAS C720,,2000,,SSD,,M.2-2280,M.2 PCIe 3.0 X4,,
Klevv NEO N400,,240,,SSD,,2.5,SATA 6.0 Gb/s,,
Silicon Power UD80,,250,,SSD,,M.2-2280,M.2 PCIe 3.0 X4,,
Timetec 35TTTNGE4NVME-512G,,512,,SSD,,M.2-2280,M.2 PCIe 4.0 X4,,
Timetec 35TTTNGE4NVME-1TBH,,1000,,SSD,,M.2-2280,M.2 PCIe 4.0 X4,,
Timetec 35TTTDGE4NVME-2TBH,,2000,,SSD,,M.2-2280,M.2 PCIe 4.0 X4,,
AITC Kingsman KE680,,2000,,SSD,,M.2-2280,M.2 PCIe 4.0 X4,,
G.Skill Ripjaws S3,,240,,SSD,,M.2-2280,M.2 SATA,,
Seagate FireCuda 540 w/Heatsink,,1000,,SSD,,M.2-2280,M.2 PCIe 5.0 X4,,
Micron 5400 Pro,,960,,SSD,,2.5,SATA 6.0 Gb/s,,
Micron 5400 Pro eSSC,,7680,,SSD,,2.5,SATA 6.0 Gb/s,,
Inland TN325,84.99,1000,0.085,SSD,,M.2-2242,M.2 PCIe 3.0 X4,,
Seagate Constellation CS,145.68,3000,0.049,7200,64,3.5,SATA 6.0 Gb/s,,
MSI SPATIUM M480 HS,,2000,,SSD,2048,M.2-2280,M.2 PCIe 4.0 X4,,
Transcend MTE240S,103.23,1000,0.103,SSD,,M.2-2280,M.2 PCIe 4.0 X4,,
OWC Aura Pro IV,99.99,1000,0.1,SSD,,M.2-2242,M.2 PCIe 4.0 X4,,
Kingston E50 Enterprise,186.81,240,0.778,SSD,,2.5,SATA 6.0 Gb/s,,
Intel 540s,128.22,240,0.534,SSD,,2.5,SATA 6.0 Gb/s,,
Samsung Spinpoint F3 EG,,500,,5400,16,3.5,SATA 3.0 Gb/s,,
Samsung Spinpoint M7E,,500,,5400,8,2.5,SATA 3.0 Gb/s,,
OCZ Vertex 2,,240,,SSD,,2.5,SATA 3.0 Gb/s,,
Seagate Barracuda XT,118.23,2000,0.059,7200,64,3.5,SATA 6.0 Gb/s,,
Hitachi A7K1000,,500,,7200,32,3.5,SATA 3.0 Gb/s,,
Western Digital Caviar SE16,,320,,7200,16,3.5,SATA 3.0 Gb/s,,
Intel 510,,250,,SSD,,2.5,SATA 6.0 Gb/s,,
Hitachi Travelstar Z7K320,56.1,250,0.224,7200,16,2.5,SATA 3.0 Gb/s,,
Corsair Force 3,,240,,SSD,,2.5,SATA 6.0 Gb/s,,
Toshiba MK3265GSX,,320,,5400,8,2.5,SATA 3.0 Gb/s,,
Toshiba MK6465GSX,,640,,5400,8,2.5,SATA 3.0 Gb/s,,
Kingston HyperX,199.99,120,1.667,SSD,,2.5,SATA 6.0 Gb/s,,
Hitachi Travelstar 7K750,,750,,7200,16,2.5,SATA 3.0 Gb/s,,
Intel 313,,24,,SSD,,2.5,SATA 3.0 Gb/s,,
SanDisk ReadyCache,,32,,SSD,,2.5,SATA 6.0 Gb/s,,
Samsung ST250DM001/HD253GJ,,250,,7200,16,3.5,SATA 3.0 Gb/s,,
Seagate 600,110.58,240,,SSD,,2.5,SATA 6.0 Gb/s,,
Seagate ST4000VN000,,4000,,5900,64,3.5,SATA 6.0 Gb/s,,
Western Digital WDBMMA0010HNC-NRSN,49,1000,0.049,5400,64,3.5,SATA 6.0 Gb/s,,
Toshiba MG03ACA,,3000,,7200,64,3.5,SATA 6.0 Gb/s,,
Corsair Force Series LS,,60,,SSD,,2.5,SATA 6.0 Gb/s,,
Plextor M6e,,256,,SSD,,PCIe,PCIe x4,,
Kingston SSDNow M.2,,120,,SSD,256,M.2-2280,M.2 SATA,,
Transcend MTS600,,256,,SSD,,M.2-2260,M.2 SATA,,
ADATA SP900 M.2,,256,,SSD,,M.2-2280,M.2 SATA,,
Seagate SV35,111.01,1000,,5400,64,3.5,SATA 6.0 Gb/s,,
Kingston SHSS3B7A/480G Bundle,,480,,SSD,,2.5,SATA 6.0 Gb/s,,
Samsung MMDOE56G5MXP-0VB,,256,,SSD,,2.5,SATA 3.0 Gb/s,,
Patriot Blast,,120,,SSD,256,2.5,SATA 6.0 Gb/s,,
Hitachi HTS547550A9E384,,500,,5400,8,2.5,SATA 3.0 Gb/s,,
Toshiba Q300 Pro,,256,,SSD,,2.5,SATA 6.0 Gb/s,,
Mushkin ECO3,,240,,SSD,256,2.5,SATA 6.0 Gb/s,,
Biwin CSE25A00001-512,,512,,SSD,,2.5,SATA 6.0 Gb/s,,
Kingston SSDNow G2,,120,,SSD,,M.2-2280,M.2 SATA,,
Corsair Neutron XTi,,1920,,SSD,,2.5,SATA 6.0 Gb/s,,
Kingston SSDNow UV300,,120,,SSD,,2.5,SATA 6.0 Gb/s,,
Patriot Hellfire,,240,,SSD,256,M.2-2280,M.2 PCIe 3.0 X4,,
Intel Pro 6000p,106.6,512,0.208,SSD,,M.2-2280,M.2 PCIe 3.0 X4,,
Seagate ST3808110AS,,80,,7200,,3.5,SATA 3.0 Gb/s,,
Drevo X1,,240,,SSD,,2.5,SATA 6.0 Gb/s,,
Seagate Enterprise NAS,248.59,8000,0.063,7200,256,3.5,SATA 6.0 Gb/s,,
Seagate Barracuda 7200.9,70,160,0.438,7200,8,3.5,SATA 6.0 Gb/s,,
Intel 540 Series,,120,,SSD,,2.5,SATA 6.0 Gb/s,,
Mushkin Source,299.39,500,0.15,SSD,2048,2.5,SATA 6.0 Gb/s,,
ADATA XPG GAMMIX S11,,240,,SSD,,M.2-2280,M.2 PCIe 3.0 X4,,
Mushkin PILOT,,250,,SSD,,M.2-2280,M.2 PCIe 3.0 X4,,
Lexar NM210,,128,,SSD,,M.2-2280,M.2 SATA,,
Corsair MP500,,960,,SSD,,M.2-2280,M.2 PCIe 3.0 X4,,
Seagate ST500VM000,36.4,500,0.073,5900,64,3.5,SATA 6.0 Gb/s,,
TEAMGROUP T-Force Delta Max RGB,,1000,,SSD,,2.5,SATA 6.0 Gb/s,,
Hitachi 0TS1351,,1920,,SSD,,PCIe,PCIe x8,,
Intel DC S3520,270.39,150,0.563,SSD,,M.2-2280,M.2 SATA,,
Inland Performance,244.55,500,0.122,SSD,,M.2-2280,M.2 PCIe 4.0 X4,,
Biostar M700,,256,,SSD,,M.2-2280,M.2 PCIe 3.0 X4,,
Toshiba MG06ACA800E,279.99,8000,0.035,7200,256,3.5,SATA 6.0 Gb/s,,
VisionTek PRO HXS,79.98,512,0.156,SSD,,2.5,SATA 6.0 Gb/s,,
Seagate IronWolf 510,,1920,,SSD,,M.2-2280,M.2 PCIe 3.0 X4,,
ADATA XPG GAMMIX S7,,1000,,SSD,,M.2-2280,M.2 PCIe 3.0 X4,,
Seagate IronWolf 525,,1000,,SSD,,M.2-2280,M.2 PCIe 4.0 X4,,
ADATA Legend 740,,250,,SSD,,M.2-2280,M.2 PCIe 3.0 X4,,
ADATA ISSS333-001TP,,1000,,SSD,,2.5,SATA 6.0 Gb/s,,
Gigabyte AORUS Gen4 7000s Premium,,2000,,SSD,1024,M.2-2280,M.2 PCIe 4.0 X4,,
Mushkin Enhanced ECO,,2000,,SSD,,2.5,SATA 6.0 Gb/s,,
Timetec 35TTTNGE4NVME-1TB,,1000,,SSD,,M.2-2280,M.2 PCIe 4.0 X4,,
Mushkin ELEMENT,186.78,1000,0.187,SSD,,2.5,SATA 6.0 Gb/s,,
VisionTek DLX3,61.99,512,0.121,SSD,,M.2-2280,M.2 PCIe 3.0 X4,,
KIOXIA BG5 SED,44.99,256,0.176,SSD,,M.2-2280,M.2 PCIe 4.0 X4,,
Leven JPS850,,2000,,SSD,,M.2-2280,M.2 PCIe 4.0 X4,,
Inland Enterprise,,3840,,SSD,,2.5,SATA 6.0 Gb/s,,
Seagate BarraCuda 520,,512,,SSD,,M.2-2280,M.2 PCIe 4.0 X4,,
Western Digital Ultrastar DC HC530,,14000,,7200,512,3.5,SAS 12.0 Gb/s,,
KingSpec NX-2230,39.99,512,0.078,SSD,,M.2-2230,M.2 PCIe 3.0 X4,,
Corsair MP600 CORE MINI,99,1000,0.099,SSD,,M.2-2230,M.2 PCIe 4.0 X4,,
Seagate ST6000NM0014,135,6000,0.022,7200,128,3.5,SAS 12.0 Gb/s,,
Transcend TS32GMSA370,,32,,SSD,,mSATA,mSATA,,
Transcend TS128GSSD370S,33.95,128,0.265,SSD,,2.5,SATA 6.0 Gb/s,,
Integral ADVANTAGE PRO-1 w/ Heatsink,,1000,,SSD,,M.2-2280,M.2 PCIe 4.0 X4,,
Transcend TS480GSSD220S,46.06,480,0.096,SSD,,2.5,SATA 6.0 Gb/s,,
Kingston DC1500M,,7680,,SSD,,2.5,U.2,,
Seagate ST4000VX000,157.99,4000,0.039,5900,64,3.5,SATA 6.0 Gb/s,,
OCZ RevoDrive 350,,480,,SSD,,PCIe,PCIe x8,,
Intel DC P3700,996.99,800,1.246,SSD,,PCIe,PCIe x4,,
Plextor M6e Black Edition,,512,,SSD,256,PCIe,PCIe x2,,
Plextor M8VC,100.99,128,0.789,SSD,256,2.5,SATA 6.0 Gb/s,,
VisionTek DLX4 Pro,223.04,2000,0.112,SSD,,M.2-2280,M.2 PCIe 4.0 X4,,
Integral INSSD1TM242,,1024,,SSD,,M.2-2242,M.2 SATA,,
Integral INSSD512GM2242G3,,512,,SSD,,M.2-2242,M.2 PCIe 3.0 X4,,
Hitachi 7K1000,,1000,,7200,32,3.5,SATA 3.0 Gb/s,,
Samsung Spinpoint F1 RAID,,1000,,7200,32,3.5,SATA 3.0 Gb/s,,
Samsung Spinpoint M7,,500,,5400,8,2.5,SATA 3.0 Gb/s,,
OCZ Vertex Limited,,200,,SSD,,2.5,SATA 3.0 Gb/s,,
OCZ Agility,,250,,SSD,,2.5,SATA 3.0 Gb/s,,
Kingston SSDNow V+,,128,,SSD,,2.5,SATA 3.0 Gb/s,,
Corsair Performance Pro,,128,,SSD,256,2.5,SATA 6.0 Gb/s,,
Kingston SSDNow S50,,16,,SSD,,2.5,SATA 3.0 Gb/s,,
OCZ Agility 4,,512,,SSD,,2.5,SATA 6.0 Gb/s,,
Corsair Force GS,,240,,SSD,,2.5,SATA 6.0 Gb/s,,
Hitachi Travelstar 5K500.B,62.7,500,,5400,8,2.5,SATA 3.0 Gb/s,,
Crucial V4,,128,,SSD,,2.5,SATA 3.0 Gb/s,,
OCZ Z-Drive R2 P84,,256,,SSD,,PCIe,PCIe x8,,
Intel 910,,400,,SSD,,PCIe,PCIe x8,,
Seagate Momentus XT,187.5,500,0.375,7200,32,2.5,SATA 3.0 Gb/s,,
Toshiba Solid State Drive,,240,,SSD,,2.5,SATA 6.0 Gb/s,,
Mushkin Chronos,,240,,SSD,,2.5,SATA 6.0 Gb/s,,
Intel 335,189,180,0.787,SSD,,2.5,SATA 6.0 Gb/s,,
Toshiba PH2050U-1I54,,500,,5400,8,2.5,SATA 6.0 Gb/s,,
Lenovo 0A65633,,1000,,5400,8,2.5,SATA 3.0 Gb/s,,
Seagate ST4000VM000,,4000,,5900,64,3.5,SATA 6.0 Gb/s,,
Kingston SSDNow V+200,159.99,120,1.333,SSD,,2.5,SATA 6.0 Gb/s,,
OCZ Vector 150,380,120,1.583,SSD,,2.5,SATA 6.0 Gb/s,,
PNY Optima,,240,,SSD,,2.5,SATA 6.0 Gb/s,,
Seagate Momentus SpinPoint,,2000,,5400,32,2.5,SATA 6.0 Gb/s,,
Seagate STBD2000102,,2000,,5400,32,2.5,SATA 6.0 Gb/s,,
VisionTek Go Drive,99.99,1000,0.1,SSD,,2.5,SATA 6.0 Gb/s,,
Dell F617N,,300,,15000,16,3.5,SAS 6.0 Gb/s,,
Transcend TS256GMSA370,,256,,SSD,,mSATA,mSATA,,
Intel DC S3710,647,1200,0.539,SSD,,2.5,SATA 6.0 Gb/s,,
Seagate ST3160023AS,,160,,7200,8,3.5,SATA 1.5 Gb/s,,
Intel 535,133.68,180,0.743,SSD,,2.5,SATA 6.0 Gb/s,,
Western Digital Ae,,6000,,5760,64,3.5,SATA 6.0 Gb/s,,
PNY CS1211,,240,,SSD,,2.5,SATA 6.0 Gb/s,,
Intel Pro 5400s,612.1,1000,0.612,SSD,,2.5,SATA 6.0 Gb/s,,
ADATA XPG SX8000,,256,,SSD,,M.2-2280,M.2 PCIe 3.0 X4,,
PNY CS2030,,240,,SSD,,M.2-2280,M.2 PCIe 3.0 X4,,
Toshiba MQ02ABD100H,,1000,,,64,2.5,SATA 6.0 Gb/s,,
ADATA XPG SX7000,,128,,SSD,,M.2-2280,M.2 PCIe 3.0 X4,,
HP 2DP97AA#ABC,,120,,SSD,,2.5,SATA 6.0 Gb/s,,
Plextor M9Pe,448.91,512,0.877,SSD,,M.2-2280,M.2 PCIe 3.0 X4,,
Toshiba RC100,,240,,SSD,,M.2-2242,M.2 PCIe 3.0 X2,,
Drevo X1 Pro,,512,,SSD,,2.5,SATA 6.0 Gb/s,,
ADATA XPG SX850,,128,,SSD,,2.5,SATA 6.0 Gb/s,,
Lexar NS200,59.99,240,0.25,SSD,,2.5,SATA 6.0 Gb/s,,
Pioneer APS-SE20G,,2000,,SSD,,M.2-2280,M.2 PCIe 3.0 X4,,
HP Z Turbo Drive PCIe,,512,,SSD,,M.2-2280,M.2 PCIe 3.0 X4,,
Kingston SSDNOW DC500M,229,960,0.239,SSD,,2.5,SATA 6.0 Gb/s,,
ADATA XPG SX8800 Pro,,1000,,SSD,,M.2-2280,M.2 PCIe 3.0 X4,,
Pioneer APS-SE20G-256,49.24,256,0.192,SSD,,M.2-2280,M.2 PCIe 3.0 X4,,
Kingston KC600B,124.87,256,0.244,SSD,,2.5,SATA 6.0 Gb/s,,
Transcend TS8GPSD520,,8,,SSD,,2.5,PATA 44-Pin 100,,
Addlink X70,,2000,,SSD,,M.2-2280,M.2 PCIe 3.0 X4,,
Biostar M500,,128,,SSD,,M.2-2280,M.2 PCIe 3.0 X2,,
Apacer AST280,,480,,SSD,,M.2-2280,M.2 SATA,,
Corsair CSSD-F4000GBMP600PHX,379.99,4000,0.095,SSD,,M.2-2280,M.2 PCIe 4.0 X4,,
Seagate IronWolf Pro 125,,3840,,SSD,,2.5,SATA 6.0 Gb/s,,
TEAMGROUP T-Force Delta TUF Gaming Alliance RGB,,1000,,SSD,,2.5,SATA 6.0 Gb/s,,
HP S700 Pro,121.53,512,0.237,SSD,,2.5,SATA 6.0 Gb/s,,
Timetec 35TTM8SSATA,,256,,SSD,,M.2-2280,M.2 SATA,,
MSI SPATIUM M480 PLAY,,2000,,SSD,2048,M.2-2280,M.2 PCIe 4.0 X4,,
Fastro MS200,,2000,,SSD,,M.2-2280,M.2 PCIe 3.0 X4,,
Leven JP600,,2000,,SSD,,M.2-2280,M.2 PCIe 3.0 X4,,
Oyen Digital E13S-2242-2048PH,189,2000,0.094,SSD,,M.2-2242,M.2 PCIe 3.0 X4,,
Seagate FireCuda 520 Rev 2.0,,500,,SSD,,M.2-2280,M.2 PCIe 4.0 X4,,
Addlink S90 Lite,,4000,,SSD,,M.2-2280,M.2 PCIe 4.0 X4,,
PNY CS3150,169.99,2000,0.17,SSD,,M.2-2280,M.2 PCIe 5.0 X4,,
VisionTek 901414,,8000,,SSD,,2.5,SATA 6.0 Gb/s,,
Integral INSSD256GM2242G3,,256,,SSD,,M.2-2242,M.2 PCIe 3.0 X4,,
Titanium Micro PD560,34.99,500,0.07,SSD,,2.5,SATA 6.0 Gb/s,,
VisionTek DLX4,189.98,2000,0.095,SSD,,M.2-2242,M.2 PCIe 4.0 X4,,
Transcend MTE255S,77.9,1000,0.078,SSD,,M.2-2280,M.2 PCIe 4.0 X4,,
Hitachi HUC101212CSS600,59,1200,0.049,10000,64,2.5,SAS 6.0 Gb/s,,
Lenovo ThinkPad OPAL,171,512,0.334,SSD,,M.2-2242,M.2 PCIe 4.0 X4,,
Intel X25-E,,64,,SSD,,2.5,SATA 3.0 Gb/s,,
Seagate Momentus LP,49.98,1000,0.05,5400,8,2.5,SATA 3.0 Gb/s,,
Hitachi Ultrastar C10K900,55,600,0.061,10000,64,2.5,SATA 6.0 Gb/s,,
Seagate 1200.2,,3200,,SSD,,2.5,SAS 12.0 Gb/s,,
Intel DC P4500,,2000,,SSD,,2.5,SATA 6.0 Gb/s,,
Toshiba S300 Pro,279.75,8000,0.035,7200,256,3.5,SATA 6.0 Gb/s,,
Titanium Micro TH7175,93.99,1000,0.094,SSD,,M.2-2280,M.2 PCIe 4.0 X4,,
Seagate FireCuda 520N,107.76,1000,0.108,SSD,,M.2-2230,M.2 PCIe 4.0 X4,,
ADATA XPG GAMMIX S55,,512,,SSD,,M.2-2230,M.2 PCIe 4.0 X4,,
Integral 2020,,128,,SSD,,M.2-2280,M.2 SATA,,
Integral INSSD1TM2230G3,,1000,,SSD,,M.2-2230,M.2 PCIe 3.0 X4,,
Western Digital RE4-GP,,2000,,5900,64,3.5,SATA 3.0 Gb/s,,
Western Digital RE2,97.95,500,0.131,7200,16,3.5,SATA 3.0 Gb/s,,
Western Digital RE2-GP,55.37,500,0.055,7200,16,3.5,SATA 3.0 Gb/s,,
Hitachi A7K1000-500,,500,,7200,32,3.5,SATA 3.0 Gb/s,,
Hitachi A7K1000-750,,750,,7200,32,3.5,SATA 3.0 Gb/s,,
Samsung Spinpoint F1 EG,,1000,,5400,32,3.5,SATA 3.0 Gb/s,,
Samsung Spinpoint MP4,31.49,250,0.126,7200,16,2.5,SATA 3.0 Gb/s,,
OCZ Vertex 2 Pro,,400,,SSD,,2.5,SATA 3.0 Gb/s,,
Seagate Momentu,41.99,500,0.084,7200,16,2.5,SATA 3.0 Gb/s,,
Crucial RealSSD C300,,128,,SSD,,2.5,SATA 6.0 Gb/s,,
Corsair Nova,,32,,SSD,,2.5,SATA 3.0 Gb/s,,
Hitachi Deskstar 5K1000,,500,,5400,8,3.5,SATA 3.0 Gb/s,,
Mushkin Callisto DX2,,115,,SSD,,2.5,SATA 3.0 Gb/s,,
Patriot Torqx 2,,256,,SSD,,2.5,SATA 3.0 Gb/s,,
Hitachi Travelstar 7K500,81.03,320,0.253,7200,16,2.5,SATA 3.0 Gb/s,,
Toshiba MK5056GSY,,500,,7200,16,2.5,SATA 3.0 Gb/s,,
Corsair Force GT,,240,,SSD,,2.5,SATA 6.0 Gb/s,,
Hitachi 0J11562,,640,,5400,8,2.5,SATA 3.0 Gb/s,,
Seagate Barracuda 7200.11,,320,,7200,16,3.5,SATA 3.0 Gb/s,,
Toshiba MK2565GSX,,250,,5400,8,2.5,SATA 3.0 Gb/s,,
Transcend Transcend MLC,,128,,SSD,,2.5,SATA 1.5 Gb/s,,
OCZ R4,,1200,,SSD,,PCIe,PCIe x8,,
OCZ Z-Drive R2 P88,,1000,,SSD,512,PCIe,PCIe x8,,
OCZ RevoDrive X2,,220,,SSD,,PCIe,PCIe x4,,
Transcend SSD320,,256,,SSD,,2.5,SATA 6.0 Gb/s,,
Kingston SSDNow KC100,272.72,120,1.136,SSD,,2.5,SATA 6.0 Gb/s,,
Plextor M5P,,512,,SSD,768,2.5,SATA 6.0 Gb/s,,
OCZ Vector,,256,,SSD,,2.5,SATA 6.0 Gb/s,,
Corsair Neutron GTX,,240,,SSD,,2.5,SATA 6.0 Gb/s,,
Plextor M5M,,256,,SSD,512,mSATA,mSATA,,
Western Digital WD3001FAEX,,3000,,7200,64,3.5,SATA 6.0 Gb/s,,
IBM 43X0839,,73.4,,15000,16,2.5,SAS 6.0 Gb/s,,
Toshiba HDKBB097,,750,,5400,8,2.5,SATA 6.0 Gb/s,,
Seagate ST3000VN000,,3000,,7200,64,3.5,SATA 6.0 Gb/s,,
Hitachi Deskstar 7K4000,,4000,,7200,64,3.5,SATA 6.0 Gb/s,,
Lenovo 0A89478,142.6,3000,0.048,7200,32,3.5,SATA 6.0 Gb/s,,
Seagate ST3500320NS-IM,,500,,7200,32,3.5,SATA 6.0 Gb/s,,
Seagate ST500LT032,55.77,500,0.112,5400,16,2.5,SATA 6.0 Gb/s,,
SanDisk SD6SB2M-128G-1022I,,128,,SSD,,2.5,SATA 6.0 Gb/s,,
SanDisk X210,,250,,SSD,,2.5,SATA 6.0 Gb/s,,
IBM 43X0805,,300,,15000,16,3.5,SAS 3.0 Gb/s,,
Toshiba Q Series Pro,293.66,512,1.147,SSD,,2.5,SATA 6.0 Gb/s,,
Transcend SSD340,,128,,SSD,,2.5,SATA 6.0 Gb/s,,
OCZ Z-Drive R4 CM84,,300,,SSD,,PCIe,PCIe x8,,
OCZ Z-Drive R4 CM88,,1600,,SSD,,PCIe,PCIe x8,,
Wintec Industrial Grade I-Temp,,16,,SSD,,2.5,SATA 3.0 Gb/s,,
OCZ Vertex 460,200,480,1.667,SSD,,2.5,SATA 6.0 Gb/s,,
VisionTek GoDrive,48.73,480,0.102,SSD,,2.5,SATA 6.0 Gb/s,,
ADATA Premier Pro SP920,,256,,SSD,,2.5,SATA 6.0 Gb/s,,
SanDisk Extreme II,,120,,SSD,,2.5,SATA 6.0 Gb/s,,
Seagate ST320LM010,78.98,320,0.247,7200,32,2.5,SATA 6.0 Gb/s,,
Seagate ST500LT033,,500,,5400,16,2.5,SATA 6.0 Gb/s,,
Plextor M6 PRO,,256,,SSD,,2.5,SATA 6.0 Gb/s,,
Apotop MASS3C128GBR,,128,,SSD,,2.5,SATA 6.0 Gb/s,,
Apotop MASS3C256GBR,,256,,SSD,,2.5,SATA 6.0 Gb/s,,
Silicon Power S60 3K P/E,79.98,240,0.333,SSD,,2.5,SATA 6.0 Gb/s,,
Western Digital WDBH2D5000ENC-NRSN,35,500,0.07,7200,32,3.5,SATA 3.0 Gb/s,,
Seagate ST6000NM0104,185,6000,0.031,7200,128,3.5,SATA 6.0 Gb/s,,
Toshiba MD03ACA-V,,4000,,7200,64,3.5,SATA 6.0 Gb/s,,
Mushkin ECO2,,120,,SSD,,2.5,SATA 6.0 Gb/s,,
OCZ Vector 180,,240,,SSD,,2.5,SATA 6.0 Gb/s,,
Kingston SHSS3B7A/120G Bundle,,120,,SSD,,2.5,SATA 6.0 Gb/s,,
Intel SSDSC2BB800G601,349.19,800,0.436,SSD,,2.5,SATA 6.0 Gb/s,,
Intel SSDSCKJW180H601,,180,,SSD,,M.2-2280,M.2 SATA,,
Patriot Ignite,,240,,SSD,256,2.5,SATA 6.0 Gb/s,,
Patriot Ignite M2,,240,,SSD,256,M.2-2280,M.2 SATA,,
ADATA XPG SX930,253.41,120,2.112,SSD,,2.5,SATA 6.0 Gb/s,,
Transcend TS256GSSD370S,110.66,256,0.432,SSD,,2.5,SATA 6.0 Gb/s,,
Transcend TS512GSSD370S,213.11,512,0.416,SSD,,2.5,SATA 6.0 Gb/s,,
OCZ Trion 100,,240,,SSD,,2.5,SATA 6.0 Gb/s,,
Silicon Power S60,,60,,SSD,,2.5,SATA 6.0 Gb/s,,
Kingston FURY,,480,,SSD,,2.5,SATA 6.0 Gb/s,,
Mushkin TRIACTOR,,250,,SSD,,2.5,SATA 6.0 Gb/s,,
MyDigitalSSD BPX,,256,,SSD,,M.2-2280,M.2 PCIe 3.0 X4,,
ADATA SU900,,1000,,SSD,,2.5,SATA 6.0 Gb/s,,
Hyundai Technology Sapphire,,960,,SSD,,2.5,SATA 6.0 Gb/s,,
Silicon Power SU256GBSS3A55S25AE,,256,,SSD,,2.5,SATA 6.0 Gb/s,,
Addlink ad512GBS10S3,,512,,SSD,,2.5,SATA 6.0 Gb/s,,
KFA2 GAMER L,,240,,SSD,,2.5,SATA 6.0 Gb/s,,
Intel Optane 905,,480,,SSD,,2.5,U.2,,
Seagate ST3250412CS,,250,,5900,16,3.5,SATA 3.0 Gb/s,,
Toshiba MG07ACA14TA,,14000,,7200,256,3.5,SATA 6.0 Gb/s,,
Toshiba MG04ACA400E,,4000,,7200,128,3.5,SATA 6.0 Gb/s,,
Toshiba MD04ACA600,453.27,6000,0.076,7200,128,3.5,SATA 6.0 Gb/s,,
Sony Optiarc,55.99,480,0.117,SSD,,2.5,SATA 6.0 Gb/s,,
Intel DC S3110,67.16,128,,SSD,,2.5,SATA 6.0 Gb/s,,
HP Z Turbo Drive G2,,256,,SSD,,PCIe,PCIe x4,,
Mushkin RAW,79.98,500,0.16,SSD,,2.5,SATA 6.0 Gb/s,,
Hitachi 0TS1303,,3200,,SSD,,PCIe,PCIe x8,,
HP 1FU88AA#ABA,,512,,SSD,,M.2-2280,M.2 PCIe 3.0 X4,,
LaCie ST1000LM038,,1000,,5400,128,2.5,SATA 6.0 Gb/s,,
PNY XLR8 CS2311,,1000,,SSD,,2.5,SATA 6.0 Gb/s,,
Seagate ST1000LM050,,1000,,7200,,2.5,SATA 6.0 Gb/s,,
Patriot VPR100 RGB,,1000,,SSD,,M.2-2280,M.2 PCIe 3.0 X4,,
Synology SAT5200,,3840,,SSD,,2.5,SATA 6.0 Gb/s,,
TEAMGROUP Cardea II,,512,,SSD,,M.2-2280,M.2 PCIe 3.0 X4,,
Timetec 35LSNVME-960GB,,960,,SSD,,M.2-22110,M.2 PCIe 4.0 X4,,
Silicon Power UD70,,2000,,SSD,,M.2-2280,M.2 PCIe 3.0 X4,,
Apacer PP3480,,1000,,SSD,,M.2-2280,M.2 PCIe 3.0 X4,,
Addlink S68,,1000,,SSD,,M.2-2280,M.2 PCIe 3.0 X4,,
ADATA ATOM 30,,1000,,SSD,,M.2-2280,M.2 PCIe 3.0 X4,,
Seagate Exos 7E8 512n,,1000,,7200,256,3.5,SATA 6.0 Gb/s,,
TEAMGROUP Cardea Z440 TUF Gaming Alliance,,1000,,SSD,,M.2-2280,M.2 PCIe 4.0 X4,,
Toshiba MG06ACA600A,,6000,,7200,256,3.5,SATA 6.0 Gb/s,,
Mushkin Delta,,1000,,SSD,,M.2-2280,M.2 PCIe 4.0 X4,,
Fantom Drives VENOM8 PS5,199.95,1000,0.2,SSD,,M.2-2280,M.2 PCIe 4.0 X4,,
Netac NV5000-N,,500,,SSD,,M.2-2280,M.2 PCIe 4.0 X4,,
Netac NV3000 RGB,,2000,,SSD,,M.2-2280,M.2 PCIe 3.0 X4,,
AITC Kingsman KP800,,4000,,SSD,,M.2-2280,M.2 PCIe 4.0 X4,,
Micron 5200 MAX,,480,,SSD,,2.5,SATA 6.0 Gb/s,,
Micron 5200 ECO,,960,,SSD,,2.5,SATA 6.0 Gb/s,,
GeIL Zenith P4L,,1000,,SSD,,M.2-2280,M.2 PCIe 4.0 X4,,
Toshiba MG09 4Kn SIE,,16000,,7200,512,3.5,SATA 6.0 Gb/s,,
Toshiba MD04-V,,4000,,5400,128,3.5,SATA 6.0 Gb/s,,
Toshiba DT02-V,,2000,,5400,128,3.5,SATA 6.0 Gb/s,,
Toshiba DT01-V,,2000,,5940,64,3.5,SATA 6.0 Gb/s,,
Toshiba DT02,,4000,,5400,128,3.5,SATA 6.0 Gb/s,,
Titanium Micro TH3500,,2000,,SSD,,M.2-2280,M.2 PCIe 3.0 X4,,
TEAMGROUP T-FORCE G50 PRO,,1000,,SSD,,M.2-2280,M.2 PCIe 4.0 X4,,
FanXiang S900,179.99,1000,0.18,SSD,,M.2-2280,M.2 PCIe 5.0 X4,,
Micron 5400 Boot,,240,,SSD,,M.2-2280,M.2 SATA,,
Micron 5400 Max,,960,,SSD,,2.5,SATA 6.0 Gb/s,,
Fantom Drives VENOM7,,1000,,SSD,,M.2-2280,M.2 PCIe 4.0 X4,,
MSI SPATIUM M480 PRO HS,,1000,,SSD,1024,M.2-2280,M.2 PCIe 4.0 X4,,
Mushkin MKNSSDED1TB-D8,,1000,,SSD,,M.2-2280,M.2 PCIe 4.0 X4,,
Integral INSSD128GM242,,128,,SSD,,M.2-2242,M.2 SATA,,
Integral Edge Gen5 w/ Heatsink,,2000,,SSD,,M.2-2280,M.2 PCIe 5.0 X4,,
PNY CS2342,169.99,2000,0.085,SSD,,M.2-2230,M.2 PCIe 4.0 X4,,
Inland TN446,82.99,512,0.083,SSD,,M.2-2230,M.2 PCIe 4.0 X4,,
Mushkin MKNSSDED4TB-D8,,4000,,SSD,,M.2-2280,M.2 PCIe 4.0 X4,,
Seagate ST4000NM0034,114,4000,0.029,7200,128,3.5,SAS 12.0 Gb/s,,
Seagate Momentus 5400.3,59,80,0.738,5400,8,2.5,PATA 44-Pin 100,,
Inland 1TB TD510 NVME,139.99,1000,0.14,SSD,,M.2-2280,M.2 PCIe 5.0 X4,,
Addlink D60,139.44,960,0.145,SSD,,M.2-2280,M.2 PCIe 4.0 X4,,
Integral INSSD256GM242,,256,,SSD,,M.2-2242,M.2 SATA,,
Integral INSSD256GM2230G3,,256,,SSD,,M.2-2230,M.2 PCIe 3.0 X4,,
Hitachi Deskstar 5K3000,123.99,3000,0.041,5400,32,3.5,SATA 6.0 Gb/s,,
Toshiba AL13SE,,900,,10500,64,2.5,SAS 6.0 Gb/s,,
Seagate Constellation Product Series:ES.3,198,4000,0.05,7200,128,3.5,SAS 6.0 Gb/s,,
Seagate 1200 SSD,225,200,1.125,SSD,,2.5,SAS 12.0 Gb/s,,
Intel SSDMCEAW120A401,60,120,0.5,SSD,,mSATA,mSATA,,
Seagate ST6000NM0044,,6000,,7200,128,3.5,SATA 6.0 Gb/s,,
Lenovo 5300,801,960,1.669,SSD,,2.5,SATA 6.0 Gb/s,,
Micron 5210 ION,355,1920,0.185,SSD,,2.5,SATA 6.0 Gb/s,,
Transcend MTE410S,71.28,512,0.139,SSD,,M.2-2242,M.2 PCIe 4.0 X4,,
Samsung Spinpoint F1 CE,,1000,,7200,32,3.5,SATA 3.0 Gb/s,,
OCZ Vertex 2 EX,,50,,SSD,,2.5,SATA 3.0 Gb/s,,
OCZ Agility 2,149.94,200,2.499,SSD,,2.5,SATA 3.0 Gb/s,,
Western Digital Caviar SE,,320,,7200,8,3.5,PATA 100,,
Samsung Spinpoint F3R,,1000,,7200,32,3.5,SATA 3.0 Gb/s,,
Kingston SSDNow V,,30,,SSD,,2.5,SATA 3.0 Gb/s,,
G.Skill Sniper Gaming,,120,,SSD,,2.5,SATA 3.0 Gb/s,,
G.Skill Phoenix Pro,,240,,SSD,,2.5,SATA 3.0 Gb/s,,
Hitachi 0F10381,,500,,7200,16,3.5,SATA 3.0 Gb/s,,
OCZ Vertex,,30,,SSD,,2.5,SATA 3.0 Gb/s,,
OCZ Vertex 3 Series – MAX IOPS Edition,,120,,SSD,,2.5,SATA 6.0 Gb/s,,
Samsung Spinpoint F4EG,,1500,,5400,32,3.5,SATA 3.0 Gb/s,,
Hitachi 0Y30055,70.09,500,0.14,5400,8,2.5,SATA 3.0 Gb/s,,
Seagate ST90250N1A1AS-RK,,250,,5400,8,2.5,SATA 3.0 Gb/s,,
Samsung Spinpoint M,,160,,5400,8,2.5,SATA 1.5 Gb/s,,
Corsair Nova Series 2,,60,,SSD,,2.5,SATA 3.0 Gb/s,,
Toshiba MK1059GSM,,1000,,5400,8,2.5,SATA 3.0 Gb/s,,
ADATA S510,,120,,SSD,,2.5,SATA 6.0 Gb/s,,
Mushkin Chronos Deluxe,,60,,SSD,,2.5,SATA 6.0 Gb/s,,
OCZ Synapse Cache,,64,,SSD,,2.5,SATA 6.0 Gb/s,,
OCZ Octane,,256,,SSD,,2.5,SATA 6.0 Gb/s,,
Hitachi H3IK40003254SW,,4000,,5400,32,3.5,SATA 6.0 Gb/s,,
Verbatim Verbatim SATA II,93.15,128,,SSD,,2.5,SATA 3.0 Gb/s,,
Toshiba MK2002TSKB,,2000,,7200,64,3.5,SATA 3.0 Gb/s,,
Seagate Spinpoint F3,,500,,7200,16,3.5,SATA 3.0 Gb/s,,
Corsair Accelerator,,45,,SSD,,2.5,SATA 3.0 Gb/s,,
OCZ Vertex 3 Low Profile 7mm,,120,,SSD,,2.5,SATA 6.0 Gb/s,,
Western Digital AV,71.63,250,0.553,7200,16,3.5,SATA 6.0 Gb/s,,
OCZ RevoDrive 3 X2,,960,,SSD,,PCIe,PCIe x4,,
OCZ RevoDrive 3,,480,,SSD,,PCIe,PCIe x4,,
G.Skill Phoenix III,,120,,SSD,,2.5,SATA 6.0 Gb/s,,
Corsair Neutron,,240,,SSD,,2.5,SATA 6.0 Gb/s,,
OCZ Deneva 2 C,,120,,SSD,,2.5,SATA 6.0 Gb/s,,
PNY XLR8,,240,,SSD,,2.5,SATA 6.0 Gb/s,,
Toshiba MK2561GSYN,,250,,7200,16,2.5,SATA 3.0 Gb/s,,
Toshiba MK6476GSX,,640,,5400,8,2.5,SATA 3.0 Gb/s,,
Toshiba PH3300U-1I72,159,3000,0.053,7200,64,3.5,SATA 6.0 Gb/s,,
ADATA XPG SX910,642.64,512,1.255,SSD,,2.5,SATA 6.0 Gb/s,,
Plextor M5P Xtreme,,256,,SSD,512,2.5,SATA 6.0 Gb/s,,
Toshiba MK2576GSX dup,,250,,5400,8,2.5,SATA 3.0 Gb/s,,
Western Digital Xe,,900,,10000,32,3.5,SAS 6.0 Gb/s,,
Hitachi 0F14690,,2000,,7200,64,3.5,SATA 6.0 Gb/s,,
Seagate ST9640423AS,,640,,5400,16,2.5,SATA 6.0 Gb/s,,
Hitachi 0F19847,,4000,,5700,64,3.5,SATA 6.0 Gb/s,,
OCZ Vertex 450 Series 256,,256,,SSD,,2.5,SATA 6.0 Gb/s,,
Edge Tech Boost Pro Slim,,240,,SSD,,2.5,SATA 6.0 Gb/s,,
Lenovo ThinkPad,99,500,0.198,7200,32,2.5,SATA 3.0 Gb/s,,
Toshiba HDD3A02,,1000,,7200,16,3.5,SAS 6.0 Gb/s,,
Toshiba HDD3B03,,2000,,7200,64,3.5,SAS 6.0 Gb/s,,
OCZ Deneva 2,,180,,SSD,,2.5,SATA 6.0 Gb/s,,
Kingston KC300,199.99,240,0.833,SSD,,2.5,SATA 6.0 Gb/s,,
Seagate ST320LT030,,320,,5400,16,2.5,SATA 6.0 Gb/s,,
Western Digital WDBMYH5000ANC-NRSN,,500,,5400,8,2.5,SATA 3.0 Gb/s,,
Mushkin Scorpion PCIe,,240,,SSD,,PCIe,PCIe x2,,
Toshiba MQ01ABD100H,,1000,,,32,2.5,SATA 6.0 Gb/s,,
IBM 90Y8572,405.18,2000,0.203,7200,,3.5,SAS 6.0 Gb/s,,
Mushkin ProSpec,,480,,SSD,,2.5,SATA 6.0 Gb/s,,
V7 Elite,,128,,SSD,,2.5,SATA 6.0 Gb/s,,
Plextor M6S,,512,,SSD,,2.5,SATA 6.0 Gb/s,,
Samsung SM843T Data Center,,120,,SSD,,2.5,SATA 6.0 Gb/s,,
HP Value Endurance SFF,218.99,240,,SSD,,2.5,SATA 6.0 Gb/s,,
ADATA Premier SP610,,128,,SSD,,2.5,SATA 6.0 Gb/s,,
ADATA Premier Pro SP310,,128,,SSD,,mSATA,mSATA,,
Kingston SSDNow V310,300,960,0.312,SSD,,2.5,SATA 6.0 Gb/s,,
Axiom Mac Signature III,,240,,SSD,,2.5,SATA 6.0 Gb/s,,
Seagate Savvio 15K.3,151.44,300,0.505,15000,64,2.5,SAS 6.0 Gb/s,,
Toshiba MBF245LRC,,450,,10000,16,2.5,SATA 6.0 Gb/s,,
Toshiba MK1661GSYN,,160,,7200,16,2.5,SATA 3.0 Gb/s,,
Toshiba MQ01ABF032H,,320,,,32,2.5,SATA 6.0 Gb/s,,
Toshiba PH2100U-1SHD,,1000,,,32,2.5,SATA 6.0 Gb/s,,
Axiom Signature III,,240,,SSD,,2.5,SATA 6.0 Gb/s,,
Intel X25-M Mainstream,,80,,SSD,,2.5,SATA 3.0 Gb/s,,
PNY Prevail,615.09,240,,SSD,,2.5,SATA 6.0 Gb/s,,
Transcend TS1TSSD370,,1000,,SSD,,2.5,SATA 6.0 Gb/s,,
Silicon Power S70,,240,,SSD,,2.5,SATA 6.0 Gb/s,,
Seagate ST1000LM028,,1000,,,,2.5,SATA 6.0 Gb/s,,
Samsung 845DC PRO,,800,,SSD,512,2.5,SATA 6.0 Gb/s,,
MyDigitalSSD Super Cache 2,,32,,SSD,,mSATA,mSATA,,
MyDigitalSSD PATA MAX,,32,,SSD,,2.5,PATA 44-Pin 133,,
Corsair Neutron XT,,240,,SSD,,2.5,SATA 6.0 Gb/s,,
Kingston SSDNow,,120,,SSD,,M.2-2280,M.2 SATA,,
Samsung PM853T Data Center,,480,,SSD,,2.5,SATA 6.0 Gb/s,,
Seagate ST373454LC-RF,,73.4,,15000,8,3.5,SAS 3.0 Gb/s,,
Mushkin Striker,,240,,SSD,,2.5,SATA 6.0 Gb/s,,
PNY CS2111,,240,,SSD,,2.5,SATA 6.0 Gb/s,,
Seagate ST1000LM015,,1000,,,,2.5,SATA 6.0 Gb/s,,
Seagate ST6000DX000,,6000,,7200,128,3.5,SATA 6.0 Gb/s,,
Edge Tech PE233846,,480,,SSD,,2.5,SATA 6.0 Gb/s,,
PNY CL4111,,240,,SSD,,2.5,SATA 6.0 Gb/s,,
Dell K054N,86.11,600,0.144,10000,16,3.5,SAS 6.0 Gb/s,,
Kingston SHSS3B7A/240G Bundle,,240,,SSD,,2.5,SATA 6.0 Gb/s,,
OCZ Radeon R7,,120,,SSD,,2.5,SATA 6.0 Gb/s,,
Toshiba MK1661GSYB,,160,,7200,16,3.5,SATA 3.0 Gb/s,,
Mushkin Atlas Vital,107.37,250,0.429,SSD,,M.2-2280,M.2 SATA,,
Transcend TS16GSSD500,,16,,SSD,,2.5,SATA 3.0 Gb/s,,
Zotac ZTSSD-A4P-120G,,120,,SSD,32,2.5,SATA 6.0 Gb/s,,
Hitachi MegaScale DC 4000.B,,4000,,5400,64,3.5,SATA 6.0 Gb/s,,
Toshiba Q300,,240,,SSD,,2.5,SATA 6.0 Gb/s,,
Zotac Premium Edition,,240,,SSD,,2.5,SATA 6.0 Gb/s,,
Seagate ST2000NX0303,,2000,,7200,128,2.5,SATA 6.0 Gb/s,,
Toshiba HDWA130XZSTA,,3000,,5700,64,3.5,SATA 6.0 Gb/s,,
Hitachi HDS723020ALA640,,2000,,7200,64,3.5,SATA 6.0 Gb/s,,
PNY CS2211,,240,,SSD,,2.5,SATA 6.0 Gb/s,,
Zotac SONIX,,480,,SSD,512,PCIe,PCIe x4,,
Seagate ST1000LX001,,1000,,,,2.5,SATA 6.0 Gb/s,,
Avexir E100,,480,,SSD,,2.5,SATA 6.0 Gb/s,,
Plextor M7V,,256,,SSD,512,M.2-2280,M.2 SATA,,
TEAMGROUP T-Force Cardea,,480,,SSD,,M.2-2280,M.2 PCIe 3.0 X4,,
Mushkin Triactor 3D,,1000,,SSD,512,2.5,SATA 6.0 Gb/s,,
Patriot Spark,,512,,SSD,,2.5,SATA 6.0 Gb/s,,
ADATA XPG SX950,,240,,SSD,,2.5,SATA 6.0 Gb/s,,
ADATA SX7000,,256,,SSD,,M.2-2280,M.2 PCIe 3.0 X4,,
MyDigitalSSD SBX,,1000,,SSD,,M.2-2280,M.2 PCIe 3.0 X4,,
Avexir S100,,480,,SSD,,2.5,SATA 6.0 Gb/s,,
TEAMGROUP P30,,480,,SSD,,M.2-2280,M.2 PCIe 3.0 X4,,
Samsung PM1633a,,15360,,SSD,,2.5,SAS 12.0 Gb/s,,
Hitachi 0F10942,,2000,,7200,32,3.5,SATA 6.0 Gb/s,,
VisionTek PRO,101.08,1000,0.202,SSD,,M.2-2280,M.2 SATA,,
Eluktronics TRO-500GB-PRO-X,,500,,SSD,,M.2-2280,M.2 PCIe 3.0 X4,,
Eluktronics TRO-1TB-PRO-X,,1000,,SSD,,M.2-2280,M.2 PCIe 3.0 X4,,
Kingston HyperX FURY RGB BUNDLE,,240,,SSD,,2.5,SATA 6.0 Gb/s,,
MyDigitalSSD BPX Pro,,960,,SSD,,M.2-2280,M.2 PCIe 3.0 X4,,
TEAMGROUP T-Force Delta Phantom Gaming RGB,,1000,,SSD,,2.5,SATA 6.0 Gb/s,,
Seagate Desktop,,8000,,5400,,3.5,SATA 6.0 Gb/s,,
Plextor M8VG,,128,,SSD,256,M.2-2280,M.2 SATA,,
Toshiba MG05ACA800E,519.92,8000,0.065,7200,128,3.5,SATA 6.0 Gb/s,,
Toshiba MC04ACA400E,,2000,,7200,128,3.5,SATA 6.0 Gb/s,,
Seagate Nytro XM1440,,800,,SSD,,M.2-2280,M.2 PCIe 3.0 X4,,
Intel DC P4101,,256,,SSD,,M.2-2280,M.2 PCIe 3.0 X4,,
V7 S6000,,1000,,SSD,,2.5,SATA 6.0 Gb/s,,
Intel PRO 5450S,,512,,SSD,,2.5,SATA 6.0 Gb/s,,
Pioneer APS-SE20G-512,86.83,512,0.17,SSD,,M.2-2280,M.2 PCIe 3.0 X4,,
Integral UltimaPro X2,,240,,SSD,,M.2-2280,M.2 PCIe 3.0 X4,,
Super Talent FE8256MD2D,,256,,SSD,,2.5,PATA 44-Pin 133,,
VisionTek PRO ECS,347.95,500,0.174,SSD,,2.5,SATA 6.0 Gb/s,,
Western Digital Ultrastar DC,,960,,SSD,,2.5,SATA 6.0 Gb/s,,
Angelbird WRK XT,,8000,,SSD,,2.5,SATA 6.0 Gb/s,,
Angelbird AV PRO MK3,399.99,500,0.4,SSD,,2.5,SATA 6.0 Gb/s,,
Angelbird AV PRO XT,429.99,4000,0.86,SSD,,2.5,SATA 6.0 Gb/s,,
Apacer PPSS25,,2000,,SSD,,2.5,SATA 6.0 Gb/s,,
Mushkin ALPHA,,8000,,SSD,,M.2-2280,M.2 PCIe 3.0 X4,,
Mushkin SOURCE 2 LT,,256,,SSD,,2.5,SATA 6.0 Gb/s,,
Mushkin SOURCE 2 DELUXE,,2000,,SSD,,2.5,SATA 6.0 Gb/s,,
HP EX900 Pro,,256,,SSD,,M.2-2280,M.2 PCIe 3.0 X4,,
Addlink A92,,4000,,SSD,,M.2-2280,M.2 PCIe 4.0 X4,,
Addlink S92,,2000,,SSD,,M.2-2280,M.2 PCIe 4.0 X4,,
Addlink S72,,1000,,SSD,,M.2-2280,M.2 PCIe 3.0 X4,,
Seagate Exos 7E10 4Kn,,2000,,7200,256,3.5,SATA 6.0 Gb/s,,
ADATA ATOM 40,,2000,,SSD,,M.2-2280,M.2 PCIe 3.0 X4,,
ADATA ATOM 50,,1000,,SSD,,M.2-2280,M.2 PCIe 4.0 X4,,
Kingston DC1000M,,7680,,SSD,,2.5,U.2,,
TEAMGROUP T-Force Delta R RGB,,1000,,SSD,,2.5,SATA 6.0 Gb/s,,
TEAMGROUP T-Force Delta RGB Lite,,1000,,SSD,,2.5,SATA 6.0 Gb/s,,
TEAMGROUP T-Force Cardea A440 Pro Special Series,,1000,,SSD,,M.2-2280,M.2 PCIe 4.0 X4,,
TEAMGROUP T-Force Cardea IOPS,,1000,,SSD,,M.2-2280,M.2 PCIe 3.0 X4,,
TEAMGROUP T-Force Cardea Ceramic C440,,1000,,SSD,,M.2-2280,M.2 PCIe 4.0 X4,,
Klevv NEO N500,,120,,SSD,,M.2-2280,M.2 SATA,,
Toshiba MQ01ABD025V,,250,,5400,,2.5,SATA 6.0 Gb/s,,
ADATA ISSS333-128GD,,128,,SSD,,2.5,SATA 6.0 Gb/s,,
ADATA ISSS333-256GP,,256,,SSD,,2.5,SATA 6.0 Gb/s,,
ADATA ISSS333-512GP,,512,,SSD,,2.5,SATA 6.0 Gb/s,,
ADATA ISSS333-002TP,,2000,,SSD,,2.5,SATA 6.0 Gb/s,,
Toshiba MG04ACA600A,,6000,,7200,128,3.5,SATA 6.0 Gb/s,,
Toshiba MG06ACA600E,270.47,6000,0.045,7200,256,3.5,SATA 6.0 Gb/s,,
Toshiba MG08ADA600E,200,6000,0.033,7200,256,3.5,SATA 6.0 Gb/s,,
V7 V7SSD240GBS25U,,240,,SSD,,2.5,SATA 6.0 Gb/s,,
V7 V7SSD240GBM2SU,,240,,SSD,,M.2-2280,M.2 SATA,,
Leven JM600,,512,,SSD,,M.2-2280,M.2 SATA,,
Western Digital SN530 SED,,256,,SSD,,M.2-2280,M.2 PCIe 3.0 X4,,
MSI SPATIUM M460 HS,,250,,SSD,,M.2-2280,M.2 PCIe 4.0 X4,,
Leven JPX600 PRO,,2000,,SSD,,M.2-2280,M.2 PCIe 4.0 X4,,
ADATA XPG ASX8600 Pro,,2000,,SSD,,M.2-2280,M.2 PCIe 3.0 X4,,
TEAMGROUP MP34S,,512,,SSD,,M.2-2242,M.2 PCIe 3.0 X4,,
Nextorage NE5N,,1000,,SSD,,M.2-2280,M.2 PCIe 5.0 X4,,
Oyen Digital E12S-8000N28A,,8000,,SSD,,M.2-2280,M.2 PCIe 3.0 X4,,
Toshiba MG09 4Kn,399,20000,0.022,7200,512,3.5,SATA 6.0 Gb/s,,
Toshiba MG09 512e SED,,18000,,7200,512,3.5,SATA 6.0 Gb/s,,
Toshiba MN,,18000,,7200,512,3.5,SATA 6.0 Gb/s,,
Toshiba MD06-V,,6000,,7200,256,3.5,SATA 6.0 Gb/s,,
Titanium Micro TH4985,,1000,,SSD,,M.2-2280,M.2 PCIe 4.0 X4,,
YEYIAN Valk,,512,,SSD,,2.5,SATA 6.0 Gb/s,,
TEAMGROUP T-FORCE Z44A3,,1000,,SSD,,M.2-2280,M.2 PCIe 4.0 X4,,
AGI AI838,,1000,,SSD,,M.2-2280,M.2 PCIe 4.0 X4,,
AGI AI218,,256,,SSD,,M.2-2280,M.2 PCIe 3.0 X4,,
Fantom Drives VENOM7 PS5,,2000,,SSD,,M.2-2280,M.2 PCIe 4.0 X4,,
Seagate Exos X24 SED-FIPS,,24000,,7200,512,3.5,SAS 12.0 Gb/s,,
Mushkin MKNSSDED500GB-D8,,500,,SSD,,M.2-2280,M.2 PCIe 4.0 X4,,
Integral Industrial,,128,,SSD,,2.5,SATA 6.0 Gb/s,,
Integral INSSD1TM2242G3,,1000,,SSD,,M.2-2242,M.2 PCIe 3.0 X4,,
AGI AI828,87.99,1000,0.088,SSD,,M.2-2280,M.2 PCIe 4.0 X4,,
Seagate ST2000NX0273,135.13,2000,0.068,7200,128,2.5,SAS 12.0 Gb/s,,
Inland TN436,76.98,1000,0.077,SSD,,M.2-2230,M.2 PCIe 4.0 X4,,
Samsung Spinpoint M5,29,160,0.181,5400,8,2.5,PATA 44-Pin 100,,
Intel DC S4600,290.77,1900,0.153,SSD,,2.5,SATA 6.0 Gb/s,,
Integral INSSD1TM2230G4,,1000,,SSD,,M.2-2230,M.2 PCIe 4.0 X4,,
Integral INSSD2TM2230G4,,2000,,SSD,,M.2-2230,M.2 PCIe 4.0 X4,,
Intel 525,,30,,SSD,,mSATA,mSATA,,
OCZ Nocti,,30,,SSD,,mSATA,mSATA,,
Seagate ST3146356SS-IM,68,146,0.466,15000,16,3.5,SAS 3.0 Gb/s,,
V7 V7SSD120GBM2SU,,120,,SSD,,M.2-2280,M.2 SATA,,
Fantom Drives VenomX,,2000,,SSD,,M.2-2230,M.2 PCIe 4.0 X4,,
Mushkin MKNSSDED2TB-D8,,2000,,SSD,,M.2-2280,M.2 PCIe 4.0 X4,,
Integral INSSD512GM242,,512,,SSD,,M.2-2242,M.2 SATA,,
Samsung Spinpoint F3 RE,,640,,7200,16,3.5,SATA 3.0 Gb/s,,
OCZ Vertex EX,,60,,SSD,,2.5,SATA 3.0 Gb/s,,
OCZ Vertex Turbo,,30,,SSD,,2.5,SATA 3.0 Gb/s,,
OCZ Solid 2,,30,,SSD,,2.5,SATA 3.0 Gb/s,,
OCZ Onyx,,32,,SSD,,2.5,SATA 3.0 Gb/s,,
Corsair Performance,,256,,SSD,,2.5,SATA 3.0 Gb/s,,
Kingston SSDNow E,,64,,SSD,,2.5,SATA 3.0 Gb/s,,
Kingston SSDNow V+ 100E,,128,,SSD,,2.5,SATA 3.0 Gb/s,,
G.Skill Phoenix,,60,,SSD,,2.5,SATA 3.0 Gb/s,,
OCZ Onyx 2,,240,,SSD,,2.5,SATA 3.0 Gb/s,,
Mushkin Callisto Deluxe,,240,,SSD,,2.5,SATA 3.0 Gb/s,,
Patriot Inferno,,60,,SSD,,2.5,SATA 3.0 Gb/s,,
Hitachi 7K500,,160,,7200,16,2.5,SATA 3.0 Gb/s,,
Hitachi E5K500.B,,160,,5400,8,2.5,SATA 3.0 Gb/s,,
Zalman N,,128,,SSD,,2.5,SATA 3.0 Gb/s,,
Patriot Torqx TRB,,32,,SSD,,2.5,SATA 3.0 Gb/s,,
Corsair Performance 3,,64,,SSD,,2.5,SATA 6.0 Gb/s,,
Western Digital Caviar GP,,320,,5400,16,3.5,SATA 3.0 Gb/s,,
Hitachi H3IK30003254SW,,3000,,5400,32,3.5,SATA 6.0 Gb/s,,
G.Skill Phoenix Evo,,115,,SSD,,2.5,SATA 3.0 Gb/s,,
Wintec FileMate,,32,,SSD,,2.5,SATA 3.0 Gb/s,,
Seagate Momentus 7200 FDE.2,,500,,7200,16,2.5,SATA 3.0 Gb/s,,
Seagate Constellation,151.44,160,0.947,7200,32,2.5,SATA 3.0 Gb/s,,
Hitachi 0Y30051,,160,,5400,8,2.5,SATA 3.0 Gb/s,,
Wintec N1,,128,,SSD,,2.5,SATA 3.0 Gb/s,,
OCZ Solid 3,,120,,SSD,,2.5,SATA 6.0 Gb/s,,
OCZ V3LT-25SAT3-240G,,240,,SSD,,2.5,SATA 6.0 Gb/s,,
ADATA S592,,64,,SSD,,2.5,SATA 3.0 Gb/s,,
Patriot Wildfire,,240,,SSD,,2.5,SATA 6.0 Gb/s,,
Plextor PX-M2,,64,,SSD,,2.5,SATA 6.0 Gb/s,,
Toshiba MK1656GSY,,160,,7200,16,2.5,SATA 3.0 Gb/s,,
Toshiba MK3261GSYN,,320,,7200,16,2.5,SATA 3.0 Gb/s,,
OCZ Vertex 3 – MAX IOPS Edition,,240,,SSD,,2.5,SATA 6.0 Gb/s,,
ADATA S511,304.7,240,1.27,SSD,,2.5,SATA 6.0 Gb/s,,
OCZ Vertex Plus,,120,,SSD,64,2.5,SATA 3.0 Gb/s,,
Patriot Pyro,,120,,SSD,,2.5,SATA 6.0 Gb/s,,
ADATA S501 V2,,256,,SSD,,2.5,SATA 6.0 Gb/s,,
OCZ Colossus Plus,,120,,SSD,128,3.5,SATA 3.0 Gb/s,,
Toshiba MK6461GSYN,,640,,7200,16,2.5,SATA 3.0 Gb/s,,
Patriot Pyro SE,,120,,SSD,,2.5,SATA 6.0 Gb/s,,
Plextor PX-M2P,,256,,SSD,512,2.5,SATA 6.0 Gb/s,,
Plextor PX-M3S,,128,,SSD,256,2.5,SATA 6.0 Gb/s,,
OCZ Petrol,,128,,SSD,,2.5,SATA 6.0 Gb/s,,
Plextor M3,,512,,SSD,512,2.5,SATA 6.0 Gb/s,,
Patriot Mac Series XT,,240,,SSD,,2.5,SATA 6.0 Gb/s,,
Plextor M3 Pro,,256,,SSD,512,2.5,SATA 6.0 Gb/s,,
Verbatim Verbatim SATA III,,120,,SSD,,2.5,SATA 6.0 Gb/s,,
Hitachi H3IK40003272SP,,4000,,7200,64,3.5,SATA 6.0 Gb/s,,
Hitachi H3IK40003254SP,,4000,,5400,32,3.5,SATA 6.0 Gb/s,,
Mushkin Chronos Deluxe MX,,120,,SSD,,2.5,SATA 6.0 Gb/s,,
Toshiba MK5059GSXP,,500,,5400,8,2.5,SATA 3.0 Gb/s,,
OCZ Vertex Plus R2,,60,,SSD,,2.5,SATA 3.0 Gb/s,,
Transcend SSD720,,64,,SSD,,2.5,SATA 6.0 Gb/s,,
Mushkin Catalyst,,100,,SSD,,2.5,SATA 6.0 Gb/s,,
Toshiba MK3259GSXP,,320,,5400,8,2.5,SATA 3.0 Gb/s,,
Hitachi 0A78743,,320,,7200,16,2.5,SATA 3.0 Gb/s,,
PNY Prevail Elite,,120,,SSD,,2.5,SATA 6.0 Gb/s,,
OCZ RM88,,1600,,SSD,,PCIe,PCIe x8,,
OCZ Z-Drive R2 M84,,512,,SSD,256,PCIe,PCIe x8,,
OCZ RevoDrive 3 Max IOPS,,240,,SSD,,PCIe,PCIe x4,,
OCZ RevoDrive 3 X2 Max IOPS,,480,,SSD,,PCIe,PCIe x4,,
Hitachi H3IK40003272SW,,4000,,7200,64,3.5,SATA 6.0 Gb/s,,
PNY XLR8 PRO,112.59,480,,SSD,,2.5,SATA 6.0 Gb/s,,
Toshiba HDKBB97,,750,,5400,8,2.5,SATA 3.0 Gb/s,,
Toshiba PH3200U-1I72,,2000,,7200,64,3.5,SATA 6.0 Gb/s,,
PNY Performance,106.61,60,,SSD,,2.5,SATA 3.0 Gb/s,,
ADATA XPG SX300,,128,,SSD,,mSATA,mSATA,,
Intel 310,,80,,SSD,,mSATA,mSATA,,
ADATA XM13,,30,,SSD,,mSATA,mSATA,,
Mushkin Atlas,,30,,SSD,,mSATA,mSATA,,
OCZ Strata,,30,,SSD,,mSATA,mSATA,,
Toshiba PH2100U-1I54,,1000,,5400,8,2.5,SATA 6.0 Gb/s,,
Samsung ST750LM002/HN-M750MBB,,750,,5400,8,2.5,SATA 3.0 Gb/s,,
OCZ Vertex 3.20,,120,,SSD,,2.5,SATA 6.0 Gb/s,,
Seagate STBD4000400,,4000,,5900,64,3.5,SATA 6.0 Gb/s,,
Seagate Constellation CS ISE,,2000,,7200,64,3.5,SATA 6.0 Gb/s,,
Axiom HD250SATA7-AX,,250,,7200,16,2.5,SATA 3.0 Gb/s,,
Hitachi 0F14689,,3000,,7200,64,3.5,SATA 6.0 Gb/s,,
Seagate ST640LM000,,640,,5400,8,2.5,SATA 3.0 Gb/s,,
Kingston SMS200,,60,,SSD,,mSATA,mSATA,,
Hitachi 5K100,,640,,5400,8,2.5,SATA 6.0 Gb/s,,
Hitachi HITACHI-0F12460,,3000,,5400,32,3.5,SATA 6.0 Gb/s,,
Seagate Savvio 10K.5,420.15,600,,10000,64,2.5,SAS 6.0 Gb/s,,
Western Digital WDBMMA0020HNC-NRSN,,2000,,5400,64,3.5,SATA 6.0 Gb/s,,
Western Digital WDBMYH3200ANC-NRSN,,320,,5400,8,2.5,SATA 3.0 Gb/s,,
OCZ Vertex 450 Series 128,249.95,128,1.953,SSD,,2.5,SATA 6.0 Gb/s,,
Edge Tech Pro,,480,,SSD,,2.5,SATA 6.0 Gb/s,,
Hitachi 0G02001,,3000,,7200,32,3.5,SATA 6.0 Gb/s,,
Lenovo 0C19494,,300,,15000,32,2.5,SAS 6.0 Gb/s,,
Lenovo 0C19495,,500,,7200,32,2.5,SATA 6.0 Gb/s,,
Toshiba MQ01ABC150,,1500,,5400,8,2.5,SAS 3.0 Gb/s,,
Toshiba P000539200,,640,,5400,16,2.5,SATA 3.0 Gb/s,,
Toshiba WD6400BPVT,,640,,5400,16,2.5,SATA 3.0 Gb/s,,
Toshiba MBF230LRC,,300,,10000,16,3.5,SAS 6.0 Gb/s,,
Western Digital WD7500BFCX,,750,,5400,16,2.5,SATA 6.0 Gb/s,,
Transcend 720 mSATA,173.46,128,1.355,SSD,,mSATA,mSATA,,
Toshiba MKx001GRZB,385,100,3.85,SSD,,2.5,SAS 6.0 Gb/s,,
Western Digital WD3200BPVT/BVVT/BEVT,,320,,5400,8,2.5,SATA 3.0 Gb/s,,
OCZ Talos 2,,960,,SSD,,2.5,SAS 6.0 Gb/s,,
PLDS M5M,,128,,SSD,,mSATA,mSATA,,
Mushkin Atlas Deluxe,,480,,SSD,,mSATA,mSATA,,
Seagate Enterprise Performance 10K.7,,1200,,10000,64,2.5,SAS 6.0 Gb/s,,
Toshiba MG03SCA400,,4000,,7200,64,3.5,SAS 6.0 Gb/s,,
VisionTek mSATA,,120,,SSD,,mSATA,mSATA,,
OCZ Talos 2 C,,480,,SSD,,2.5,SAS 6.0 Gb/s,,
OCZ Talos 2 R,,400,,SSD,,2.5,SAS 6.0 Gb/s,,
Hitachi 0F18335,246.95,6000,0.041,7200,64,3.5,SATA 6.0 Gb/s,,
Hitachi 0S03355,,4000,,7200,64,3.5,SATA 6.0 Gb/s,,
Toshiba AL13SEB600,40.71,600,0.068,10500,64,2.5,SAS 6.0 Gb/s,,
HP HP mSATA,,256,,SSD,,mSATA,mSATA,,
Axiom HD32072S-AX,,320,,7200,,3.5,SATA 3.0 Gb/s,,
Axiom 0A89470-AX,,500,,7200,64,3.5,SATA 6.0 Gb/s,,
Axiom 0A89478-AX,,3000,,7200,64,3.5,SATA 6.0 Gb/s,,
Hitachi 0J23353,,320,,5400,8,2.5,SATA 3.0 Gb/s,,
Kingston SSDNow E5,,480,,SSD,,2.5,SATA 6.0 Gb/s,,
Plextor M6M PX-128M6M,,128,,SSD,,mSATA,mSATA,,
Plextor M6M PX-256M6M,,256,,SSD,,mSATA,mSATA,,
Plextor M6M PX-64M6M,,64,,SSD,,mSATA,mSATA,,
SanDisk X110 SD6SF1M-256G-1022I,,256,,SSD,,mSATA,mSATA,,
Kingston SSDNow mS200,,240,,SSD,,mSATA,mSATA,,
Seagate ST3000VX002,,3000,,5900,64,3.5,SATA 6.0 Gb/s,,
Seagate STBD6000100,,6000,,5900,128,3.5,SATA 6.0 Gb/s,,
Micron Enterprise,,100,,SSD,,2.5,SATA 6.0 Gb/s,,
SanDisk U110,,64,,SSD,,2.5,SATA 6.0 Gb/s,,
Plextor M6M,527.77,512,1.031,SSD,,mSATA,mSATA,,
Lenovo 4N40A33711,,3000,,7200,64,3.5,SATA 6.0 Gb/s,,
Seagate ST380215AS-IM,,80,,7200,2,3.5,SAS 3.0 Gb/s,,
Toshiba MQ01ABD075 dup,,750,,5400,8,2.5,SATA 3.0 Gb/s,,
Toshiba PH2050U-1SHD,,500,,,32,2.5,SATA 6.0 Gb/s,,
Seagate ST2000NM0054,125,2000,0.062,7200,128,3.5,SAS 12.0 Gb/s,,
Hitachi 0S03364,,4000,,5400,32,3.5,SATA 6.0 Gb/s,,
Axiom AXI-SSD25M3400B,,400,,SSD,,2.5,SATA 6.0 Gb/s,,
Mushkin MKNSSDCL960GB-DX,,960,,SSD,,2.5,SATA 3.0 Gb/s,,
Apotop MASS3C512GBR,,512,,SSD,,2.5,SATA 6.0 Gb/s,,
Patriot PP240Patriot Pyro M3GSM3SSDR,,240,,SSD,,mSATA,mSATA,,
TEAMGROUP Dark L3,,120,,SSD,,2.5,SATA 6.0 Gb/s,,
VisionTek 900610,,60,,SSD,,mSATA,mSATA,,
Transcend TS32GSSD370,,32,,SSD,,2.5,SATA 6.0 Gb/s,,
Seagate ST2000NM0024,237,2000,0.118,7200,128,3.5,SATA 6.0 Gb/s,,
Seagate ST4000NM0044,,4000,,7200,128,3.5,SATA 6.0 Gb/s,,
Hitachi Ultrastar C10K1200,83.99,1200,0.07,10000,64,2.5,SAS 6.0 Gb/s,,
HP 653950-001,,146,,15000,,2.5,SAS 6.0 Gb/s,,
IBM 90Y8890,,600,,10000,,2.5,SAS 6.0 Gb/s,,
Seagate ST2000NM0044,,2000,,7200,128,3.5,SATA 6.0 Gb/s,,
Seagate ST500LM020,99,500,0.198,,,2.5,SATA 6.0 Gb/s,,
Toshiba MQ02ABF100,,1000,,5400,16,2.5,SATA 6.0 Gb/s,,
Axiom SSD25A37240-AX,,240,,SSD,,2.5,SATA 6.0 Gb/s,,
Kingston SSD Now mS200,,30,,SSD,,mSATA,mSATA,,
OCZ VeloDrive,,300,,SSD,,PCIe,PCIe x8,,
OCZ VTX460A-25SAT3-120G,,120,,SSD,,2.5,SATA 6.0 Gb/s,,
Patriot Pyro M3,,120,,SSD,,mSATA,mSATA,,
Silicon Power Slim S80,,240,,SSD,,2.5,SATA 6.0 Gb/s,,
Transcend TS128GMSA370,,128,,SSD,,mSATA,mSATA,,
VisionTek DLX,,60,,SSD,,mSATA,mSATA,,
MyDigitalSSD Super Boot Eco,,64,,SSD,,M.2-2242,M.2 SATA,,
MyDigitalSSD Bullet Proof 4,,30,,SSD,,mSATA,mSATA,,
MyDigitalSSD Bullet Proof 4 Eco,,128,,SSD,,mSATA,mSATA,,
Seagate ST2000NM0034,,2000,,7200,128,3.5,SATA 6.0 Gb/s,,
Seagate ST6000NM0084,,6000,,7200,128,3.5,SATA 6.0 Gb/s,,
Seagate ST600MM0158,88.99,600,0.148,10000,128,2.5,SAS 12.0 Gb/s,,
Seagate ST900MM0128,129,900,0.143,10000,128,2.5,SAS 12.0 Gb/s,,
HP 718171-B21,,120,,SSD,,3.5,SATA 6.0 Gb/s,,
Intel SSDMCEAC060B3,,60,,SSD,,mSATA,mSATA,,
Mushkin MKNP44SC480GB-DX,,480,,SSD,,PCIe,PCIe x8,,
Mushkin MKNP44SC960GB-DX,,960,,SSD,,PCIe,PCIe x8,,
OCZ D2CSTK251M3T-0480,,480,,SSD,,2.5,SATA 6.0 Gb/s,,
OCZ Vertex 460A,,240,,SSD,,2.5,SATA 6.0 Gb/s,,
SanDisk SDSA6GM-128G-1122,,128,,SSD,,2.5,SATA 6.0 Gb/s,,
Transcend TS512GMSA370,324.85,512,0.634,SSD,,mSATA,mSATA,,
Transcend TS64GMSA370,154,64,2.406,SSD,,mSATA,mSATA,,
Kingston SMS200S3/120G,,120,,SSD,,mSATA,mSATA,,
Hitachi Ultrastar C7K1000,,1000,,7200,64,2.5,SAS 6.0 Gb/s,,
Seagate ST1800MM0128,,1800,,10000,128,2.5,SAS 12.0 Gb/s,,
Seagate ST1000NX0333,75,1000,0.075,7200,128,2.5,SAS 12.0 Gb/s,,
OWC Mercury Electra,,120,,SSD,,2.5,SATA 6.0 Gb/s,,
Hitachi Ultrastar C15K600,,600,,15000,128,2.5,SAS 12.0 Gb/s,,
Hitachi Ultrastar SSD1600MM,,200,,SSD,,2.5,SAS 12.0 Gb/s,,
Hitachi s842,298.81,800,0.374,SSD,,2.5,SAS 6.0 Gb/s,,
Hitachi Ultrastar He6,,6000,,7200,128,3.5,SAS 6.0 Gb/s,,
Seagate ST4000NM0054,,4000,,7200,128,3.5,SAS 12.0 Gb/s,,
Seagate ST500LM001,,500,,,,2.5,SATA 6.0 Gb/s,,
Kingston SSDNow KC310,,960,,SSD,,2.5,SATA 6.0 Gb/s,,
OCZ D2CSTK251M3T-0120,,128,,SSD,,2.5,SATA 6.0 Gb/s,,
Seagate ST2000NX0343,195,2000,0.098,7200,128,2.5,SAS 12.0 Gb/s,,
Dell 341-9520,,450,,15000,16,3.5,SAS 3.0 Gb/s,,
Seagate ST1000NX0353,,1000,,7200,128,2.5,SATA 6.0 Gb/s,,
Seagate ST2000NM0014,,2000,,7200,128,3.5,SAS 12.0 Gb/s,,
Kingston SHSS3B7A/960G Bundle,,960,,SSD,,2.5,SATA 6.0 Gb/s,,
Seagate ST1000NX0363,,1000,,7200,128,2.5,SAS 12.0 Gb/s,,
Seagate ST2000NX0323,,2000,,7200,128,2.5,SAS 12.0 Gb/s,,
Transcend TS1TSSD370S,402.37,1000,0.402,SSD,,2.5,SATA 6.0 Gb/s,,
Western Digital Purple NV,155,4000,0.026,5400,64,3.5,SATA 6.0 Gb/s,,
Toshiba PH3600U-1I72,,6000,,7200,128,3.5,SATA 6.0 Gb/s,,
Hitachi Ultrastar SSD800MM,,400,,SSD,,2.5,SAS 12.0 Gb/s,,
HP E2P03AA,,900,,10000,16,3.5,SAS 6.0 Gb/s,,
Intel SSDPEDMX400G401,,400,,SSD,,PCIe,PCIe x4,,
Intel SSDSC2BB080G601,,80,,SSD,,2.5,SATA 6.0 Gb/s,,
Intel SSDSC2BB120G601,,120,,SSD,,2.5,SATA 6.0 Gb/s,,
Intel SSDSC2BB240G601,315,240,1.312,SSD,,2.5,SATA 6.0 Gb/s,,
Intel SSDSC2BB480G601,287.97,480,0.6,SSD,,2.5,SATA 6.0 Gb/s,,
Intel SSDSC2BW480H6R5,,480,,SSD,,2.5,SATA 6.0 Gb/s,,
PNY SSD7CS2111-960-RB,,960,,SSD,,2.5,SATA 6.0 Gb/s,,
Silicon Power SSD Slim S60 Upgrade Kit,,120,,SSD,,2.5,SATA 6.0 Gb/s,,
VisionTek 900623-BUNDLE,,120,,SSD,,2.5,SATA 6.0 Gb/s,,
Seagate ST2000NX0353,,2000,,7200,128,2.5,SAS 12.0 Gb/s,,
ADATA Premier SP600NS34,,128,,SSD,,M.2-2242,M.2 SATA,,
G.Skill Phoenix FTL,,240,,SSD,,2.5,SATA 6.0 Gb/s,,
TEAMGROUP Ultra L5,,120,,SSD,,2.5,SATA 6.0 Gb/s,,
Seagate ST1200MM0158,,1200,,10000,128,2.5,SAS 12.0 Gb/s,,
Hitachi Ultrastar C10K1800,,600,,10500,128,2.5,SAS 12.0 Gb/s,,
Eluktro Pro-X Performance,,128,,SSD,,M.2-2280,M.2 PCIe 3.0 X4,,
Eluktro Pro Performance,,1000,,SSD,,2.5,SATA 6.0 Gb/s,,
Hitachi Ultrastar Archive Ha10,,10000,,7200,256,3.5,SAS 6.0 Gb/s,,
Seagate ST6000VN0021,,6000,,7200,128,3.5,SATA 6.0 Gb/s,,
Avexir V1,,128,,SSD,,2.5,SATA 6.0 Gb/s,,
Patriot PBT120GS25SSDR,,120,,SSD,,2.5,SATA 6.0 Gb/s,,
Mushkin Reactor TC,,2000,,SSD,,2.5,SATA 6.0 Gb/s,,
MyDigitalSSD BP5e Slim 7,,128,,SSD,,2.5,SATA 6.0 Gb/s,,
Patriot Torch LE,,960,,SSD,,2.5,SATA 6.0 Gb/s,,
Plextor M6V,,512,,SSD,512,2.5,SATA 6.0 Gb/s,,
MyDigitalSSD 80mm BP5e,,120,,SSD,,M.2-2280,M.2 SATA,,
Hitachi LYSB00TQ7YJ4G-ELECTRNCS,,2000,,7200,64,3.5,SATA 6.0 Gb/s,,
Transcend TS960GSSD220S,103.11,960,0.107,SSD,,2.5,SATA 6.0 Gb/s,,
Patriot TORCH,,60,,SSD,,2.5,SATA 6.0 Gb/s,,
Addlink S10,,120,,SSD,,2.5,SATA 6.0 Gb/s,,
TEAMGROUP L7 EVO,,120,,SSD,,2.5,SATA 6.0 Gb/s,,
Hyundai Technology Cobalt,,120,,SSD,,2.5,SATA 6.0 Gb/s,,
Drevo ES,,128,,SSD,,2.5,SATA 6.0 Gb/s,,
Hitachi P7K500,,500,,7200,8,3.5,SATA 3.0 Gb/s,,
Hitachi HGST Ultrastar C10K1800 HUC101830CSS200 (0B28810) 300GB 10520 RPM,,300,,10500,128,2.5,SAS 12.0 Gb/s,,
Hitachi 0F22941,175,4000,0.044,7200,128,3.5,SAS 12.0 Gb/s,,
Hitachi 0F23006,,4000,,7200,128,3.5,SAS 12.0 Gb/s,,
Hitachi 0F23090,,4000,,7200,128,3.5,SAS 12.0 Gb/s,,
Hitachi Ultra,,8000,,7200,128,3.5,SATA 6.0 Gb/s,,
Hitachi 0F27402,,10000,,7200,256,3.5,SAS 12.0 Gb/s,,
Hitachi 0F29530,,12000,,7200,256,3.5,SAS 12.0 Gb/s,,
Hitachi 0F30144,,12000,,7200,256,3.5,SAS 12.0 Gb/s,,
Toshiba MD04ACA500,,5000,,7200,128,3.5,SATA 6.0 Gb/s,,
Western Digital Blue UltraSlim,,500,,5400,16,2.5,SATA 6.0 Gb/s,,
Plextor S2G,,512,,SSD,,M.2-2280,M.2 SATA,,
TEAMGROUP MP32,,512,,SSD,,M.2-2280,M.2 PCIe 3.0 X2,,
TEAMGROUP T-Force Cardea Liquid,,512,,SSD,,M.2-2280,M.2 PCIe 3.0 X4,,
Toshiba HDEPR11GEA51,,4000,,7200,128,3.5,SATA 6.0 Gb/s,,
Toshiba HDEPR13GEA51,,2000,,7200,64,3.5,SATA 6.0 Gb/s,,
Micron 5200 Pro,,1920,,SSD,,2.5,SATA 6.0 Gb/s,,
Toshiba MG04ACA200N,,2000,,7200,128,3.5,SATA 6.0 Gb/s,,
VisionTek PRO2,,1000,,SSD,,M.2-2280,M.2 PCIe 3.0 X4,,
Seagate Nytro 5000,,400,,SSD,,M.2-22110,M.2 PCIe 3.0 X4,,
Toshiba HDETR11,,4000,,7200,128,3.5,SATA 6.0 Gb/s,,
Toshiba HDETS10,,6000,,7200,,3.5,SATA 6.0 Gb/s,,
SanDisk CloudSpeed Ultra Gen. II,,800,,SSD,,2.5,SATA 6.0 Gb/s,,
VisionTek 900802,,256,,SSD,,2.5,SATA 6.0 Gb/s,,
VisionTek 900831,,500,,SSD,,M.2-2280,M.2 SATA,,
VisionTek 900990,,120,,SSD,,2.5,SATA 6.0 Gb/s,,
VisionTek 900912,,512,,SSD,,M.2-2280,M.2 SATA,,
QNAP M2080,128.05,64,,SSD,,M.2-2280,M.2 SATA,,
Intel DC P3100,,256,,SSD,,M.2-2280,M.2 PCIe 3.0 X4,,
Intel 5450s,,256,,SSD,,2.5,SATA 6.0 Gb/s,,
Seagate ST500LM033,,500,,5400,,2.5,SATA 6.0 Gb/s,,
Intel SSDSC2BA400G4P,,400,,SSD,,2.5,SATA 6.0 Gb/s,,
Timetec MTFDDAV480MBF,,480,,SSD,,M.2-2280,M.2 SATA,,
Toshiba HDEPS10GEA51F,,6000,,7200,128,3.5,SATA 6.0 Gb/s,,
Hitachi Ultrastar DC SA620,,1600,,SSD,,2.5,SATA 6.0 Gb/s,,
VisionTek PRO XMN,159.13,256,0.622,SSD,,M.2-2280,M.2 PCIe 3.0 X4,,
VisionTek PRO XPN,,2000,,SSD,,M.2-2280,M.2 PCIe 3.0 X4,,
Zotac 10 Year Anniversary SONIX,,480,,SSD,512,PCIe,PCIe x4,,
Intel DC P4801X,,100,,SSD,,2.5,U.2,,
Angelbird ED381,,480,,SSD,,2.5,SATA 6.0 Gb/s,,
Apacer AST220,,120,,SSD,,mSATA,mSATA,,
Apacer AS510S ProII,,64,,SSD,,2.5,SATA 6.0 Gb/s,,
Apacer PPSS80,,128,,SSD,,M.2-2280,M.2 SATA,,
Mushkin Helix-LT,,500,,SSD,,M.2-2280,M.2 PCIe 3.0 X4,,
Addlink A90,,2000,,SSD,,M.2-2280,M.2 PCIe 4.0 X4,,
Addlink S90,,2000,,SSD,,M.2-2280,M.2 PCIe 4.0 X4,,
Seagate Exos 7E8 4Kn,,2000,,7200,256,3.5,SATA 6.0 Gb/s,,
PNY XLR8 CS3040 w/Heatsink,465.16,500,0.233,SSD,,M.2-2280,M.2 PCIe 4.0 X4,,
TEAMGROUP T-Force Delta Max White RGB,,1000,,SSD,,2.5,SATA 6.0 Gb/s,,
TEAMGROUP T-Force Delta S RGB,,500,,SSD,,2.5,SATA 6.0 Gb/s,,
TEAMGROUP T-Force Cardea Zero,,240,,SSD,,M.2-2280,M.2 PCIe 3.0 X4,,
TEAMGROUP T-Force Delta S TUF Gaming RGB,,500,,SSD,,2.5,SATA 6.0 Gb/s,,
Klevv NEO N510+,,120,,SSD,,2.5,SATA 6.0 Gb/s,,
Klevv CRAS C700,,240,,SSD,,M.2-2280,M.2 PCIe 3.0 X4,,
Klevv NEO N600,,120,,SSD,,M.2-2280,M.2 SATA,,
Klevv URBANE,,240,,SSD,,2.5,SATA 6.0 Gb/s,,
Klevv URBANE U610,,480,,SSD,,2.5,SATA 6.0 Gb/s,,
Toshiba MQ01ABD032V,,320,,5400,,2.5,SATA 6.0 Gb/s,,
ADATA ISSS333-064GD,,64,,SSD,,2.5,SATA 6.0 Gb/s,,
ADATA ISSS333-256GD,,256,,SSD,,2.5,SATA 6.0 Gb/s,,
ADATA ISSS333-512GD,,512,,SSD,,2.5,SATA 6.0 Gb/s,,
ADATA ISSS333-001TD,,1000,,SSD,,2.5,SATA 6.0 Gb/s,,
ADATA ISSS333-002TD,,2000,,SSD,,2.5,SATA 6.0 Gb/s,,
ADATA ISSS333-064GP,,64,,SSD,,2.5,SATA 6.0 Gb/s,,
ADATA ISSS333-128GP,,128,,SSD,,2.5,SATA 6.0 Gb/s,,
Toshiba MG07ACA12TA,,12000,,7200,256,3.5,SATA 6.0 Gb/s,,
Toshiba MG06ACA10TA,,10000,,7200,256,3.5,SATA 6.0 Gb/s,,
Toshiba MG06ACA800A,,8000,,7200,256,3.5,SATA 6.0 Gb/s,,
Toshiba MG05ACA800A,,8000,,7200,128,3.5,SATA 6.0 Gb/s,,
Toshiba MG04ACA500A,,5000,,7200,128,3.5,SATA 6.0 Gb/s,,
Toshiba MG04ACA400A,,4000,,7200,128,3.5,SATA 6.0 Gb/s,,
Toshiba MG04ACA300A,,3000,,7200,128,3.5,SATA 6.0 Gb/s,,
Toshiba MG04ACA200A,,2000,,7200,128,3.5,SATA 6.0 Gb/s,,
Toshiba MG04ACA300E,,3000,,7200,128,3.5,SATA 6.0 Gb/s,,
Toshiba MG08ADA400E,,4000,,7200,256,3.5,SATA 6.0 Gb/s,,
Toshiba MG08ADA400A,,4000,,7200,256,3.5,SATA 6.0 Gb/s,,
Toshiba MG08ADA600A,,6000,,7200,256,3.5,SATA 6.0 Gb/s,,
Toshiba MG08ADA800A,,8000,,7200,256,3.5,SATA 6.0 Gb/s,,
Leven JS300,,120,,SSD,,2.5,SATA 6.0 Gb/s,,
V7 V7SSD120GBS25U,,120,,SSD,,2.5,SATA 6.0 Gb/s,,
V7 V7SSD480GBS25U,35.33,480,0.074,SSD,,2.5,SATA 6.0 Gb/s,,
V7 V7SSD256GBS25U,,256,,SSD,,2.5,SATA 6.0 Gb/s,,
V7 V7SSD512GBS25U,,512,,SSD,,2.5,SATA 6.0 Gb/s,,
V7 V7SSD1TBS25U,,1000,,SSD,,2.5,SATA 6.0 Gb/s,,
V7 V7SSD2TBS25U,,2000,,SSD,,2.5,SATA 6.0 Gb/s,,
V7 V7SSD480GBM2SU,,480,,SSD,,M.2-2280,M.2 SATA,,
V7 V7SSD1TBM2SU,,1000,,SSD,,M.2-2280,M.2 SATA,,
V7 V7SSD128GBNV3U,,128,,SSD,,M.2-2280,M.2 PCIe 3.0 X4,,
V7 V7SSD256GBNV3U,,256,,SSD,,M.2-2280,M.2 PCIe 3.0 X4,,
V7 V7SSD512GBNV3U,,512,,SSD,,M.2-2280,M.2 PCIe 3.0 X4,,
V7 V7SSD1TBNV3U,,1000,,SSD,,M.2-2280,M.2 PCIe 3.0 X4,,
V7 V7SSD2TBNV3U,,2000,,SSD,,M.2-2280,M.2 PCIe 3.0 X4,,
V7 V7SSD1TBNV4U,,1000,,SSD,,M.2-2280,M.2 PCIe 4.0 X4,,
V7 V7SSD2TBNV4U,,2000,,SSD,,M.2-2280,M.2 PCIe 4.0 X4,,
V7 V7SSD512GBNV4U,,512,,SSD,,M.2-2280,M.2 PCIe 4.0 X4,,
Fastro MS250,,512,,SSD,,M.2-2280,M.2 PCIe 3.0 X4,,
Fastro MS300,,512,,SSD,,M.2-2280,M.2 PCIe 4.0 X4,,
Leven JPR700,,256,,SSD,,M.2-2280,M.2 PCIe 3.0 X4,,
Timetec 35TTTNGE4NVME-512GH,,512,,SSD,,M.2-2280,M.2 PCIe 4.0 X4,,
Addlink N50,,256,,SSD,,M.2-2280,M.2 PCIe 3.0 X4,,
Leven JPN600,,1000,,SSD,,M.2-2280,M.2 PCIe 3.0 X4,,
Micron 7300 MAX,,400,,SSD,,M.2-2280,M.2 PCIe 3.0 X4,,
Micron 7300 PRO,,480,,SSD,,M.2-2280,M.2 PCIe 3.0 X4,,
Micron 5200,,960,,SSD,,2.5,SATA 6.0 Gb/s,,
Oyen Digital E13S-2242-1024PH,89,1000,0.089,SSD,,M.2-2242,M.2 PCIe 3.0 X4,,
Plextor S3G,,128,,SSD,256,M.2-2280,M.2 SATA,,
Toshiba MG09 512e SIE,,18000,,7200,512,3.5,SATA 6.0 Gb/s,,
Toshiba MG09 4Kn SED,,18000,,7200,512,3.5,SATA 6.0 Gb/s,,
Toshiba DT02-VH,,4000,,5400,256,3.5,SATA 6.0 Gb/s,,
Inland QN446,,2000,,SSD,,M.2-2230,M.2 PCIe 4.0 X4,,
ADATA LEGEND 820,,2000,,SSD,,M.2-2230,M.2 PCIe 4.0 X4,,
VisionTek 900979,,240,,SSD,,2.5,SATA 6.0 Gb/s,,
VisionTek 900980,,480,,SSD,,2.5,SATA 6.0 Gb/s,,
VisionTek 900981,,1000,,SSD,,2.5,SATA 6.0 Gb/s,,
VisionTek 900982,,2000,,SSD,,2.5,SATA 6.0 Gb/s,,
VisionTek 901412,,1000,,SSD,,M.2-2280,M.2 PCIe 4.0 X4,,
VisionTek 901409,,8000,,SSD,,2.5,SATA 6.0 Gb/s,,
VisionTek 901413,,2000,,SSD,,M.2-2280,M.2 PCIe 4.0 X4,,
Micron 5400 Boot OPAL,,240,,SSD,,M.2-2280,M.2 SATA,,
Micron 5400 Boot eSSC,,240,,SSD,,M.2-2280,M.2 SATA,,
Micron 5400 Pro OPAL,,240,,SSD,,2.5,SATA 6.0 Gb/s,,
Micron 5400 Max OPAL,,480,,SSD,,2.5,SATA 6.0 Gb/s,,
Micron 5400 Max eSSC,,480,,SSD,,2.5,SATA 6.0 Gb/s,,
Lenovo ThinkStation,316.68,6000,0.053,7200,,3.5,SATA 6.0 Gb/s,,
Orico Troodon V500,,128,,SSD,,M.2-2280,M.2 PCIe 3.0 X4,,
PNY CS2142,,1000,,SSD,,M.2-2230,M.2 PCIe 4.0 X4,,
TEAMGROUP T-Create Classic C43,,512,,SSD,,M.2-2280,M.2 PCIe 4.0 X4,,
TEAMGROUP T-Create Classic C45,,2000,,SSD,,M.2-2280,M.2 PCIe 4.0 X4,,
Silicon Power XD85,,500,,SSD,,M.2-2280,M.2 PCIe 4.0 X4,,
‎FFF Smart Life Connected ‎G-Storategy NV470,,2000,,SSD,,M.2-2280,M.2 PCIe 4.0 X4,,
Gigabyte AI TOP UD,,1000,,SSD,,M.2-2280,M.2 PCIe 4.0 X4,,
Integral Industrial MO-300,,32,,SSD,,mSATA,mSATA,,
Integral ADVANTAGE PRO-1,,4000,,SSD,,M.2-2280,M.2 PCIe 4.0 X4,,
Integral INSSD512GM2230G3,,512,,SSD,,M.2-2230,M.2 PCIe 3.0 X4,,
Integral INSSD2TM2242G3,,2000,,SSD,,M.2-2242,M.2 PCIe 3.0 X4,,
Acer MA200,,512,,SSD,,M.2-2230,M.2 PCIe 4.0 X4,,